{"type":"FeatureCollection","features":[{"type":"Feature","properties":{"_gpxType":"trk","name":"Sunday Night Track","time":"2026-08-16T10:04:11Z","coordinateProperties":{"times":["2026-08-16T10:04:11Z","2026-08-16T10:04:11Z","2026-08-16T10:04:12Z","2026-08-16T10:04:12Z","2026-08-16T10:05:03Z","2026-08-16T10:05:03Z","2026-08-16T10:05:07Z","2026-08-16T10:05:07Z","2026-08-16T10:05:10Z","2026-08-16T10:05:10Z","2026-08-16T10:05:13Z","2026-08-16T10:05:13Z","2026-08-16T10:05:16Z","2026-08-16T10:05:16Z","2026-08-16T10:05:21Z","2026-08-16T10:05:21Z","2026-08-16T10:05:26Z","2026-08-16T10:05:26Z","2026-08-16T10:05:30Z","2026-08-16T10:05:30Z","2026-08-16T10:05:34Z","2026-08-16T10:05:34Z","2026-08-16T10:05:38Z","2026-08-16T10:05:38Z","2026-08-16T10:05:42Z","2026-08-16T10:05:42Z","2026-08-16T10:05:45Z","2026-08-16T10:05:45Z","2026-08-16T10:05:48Z","2026-08-16T10:05:48Z","2026-08-16T10:05:51Z","2026-08-16T10:05:51Z","2026-08-16T10:05:55Z","2026-08-16T10:05:55Z","2026-08-16T10:05:58Z","2026-08-16T10:05:58Z","2026-08-16T10:06:01Z","2026-08-16T10:06:01Z","2026-08-16T10:06:04Z","2026-08-16T10:06:04Z","2026-08-16T10:06:08Z","2026-08-16T10:06:08Z","2026-08-16T10:06:12Z","2026-08-16T10:06:12Z","2026-08-16T10:06:14Z","2026-08-16T10:06:14Z","2026-08-16T10:06:16Z","2026-08-16T10:06:16Z","2026-08-16T10:06:17Z","2026-08-16T10:06:17Z","2026-08-16T10:06:18Z","2026-08-16T10:06:18Z","2026-08-16T10:06:19Z","2026-08-16T10:06:19Z","2026-08-16T10:06:20Z","2026-08-16T10:06:20Z","2026-08-16T10:06:21Z","2026-08-16T10:06:21Z","2026-08-16T10:06:22Z","2026-08-16T10:06:22Z","2026-08-16T10:06:23Z","2026-08-16T10:06:23Z","2026-08-16T10:06:24Z","2026-08-16T10:06:24Z","2026-08-16T10:06:25Z","2026-08-16T10:06:25Z","2026-08-16T10:06:26Z","2026-08-16T10:06:26Z","2026-08-16T10:06:27Z","2026-08-16T10:06:27Z","2026-08-16T10:06:28Z","2026-08-16T10:06:28Z","2026-08-16T10:06:29Z","2026-08-16T10:06:29Z","2026-08-16T10:06:30Z","2026-08-16T10:06:30Z","2026-08-16T10:06:30Z","2026-08-16T10:06:30Z","2026-08-16T10:06:31Z","2026-08-16T10:06:31Z","2026-08-16T10:06:32Z","2026-08-16T10:06:32Z","2026-08-16T10:06:33Z","2026-08-16T10:06:33Z","2026-08-16T10:06:34Z","2026-08-16T10:06:34Z","2026-08-16T10:06:35Z","2026-08-16T10:06:35Z","2026-08-16T10:06:36Z","2026-08-16T10:06:36Z","2026-08-16T10:06:37Z","2026-08-16T10:06:37Z","2026-08-16T10:06:38Z","2026-08-16T10:06:38Z","2026-08-16T10:06:39Z","2026-08-16T10:06:39Z","2026-08-16T10:06:40Z","2026-08-16T10:06:40Z","2026-08-16T10:06:41Z","2026-08-16T10:06:41Z","2026-08-16T10:06:42Z","2026-08-16T10:06:42Z","2026-08-16T10:06:43Z","2026-08-16T10:06:43Z","2026-08-16T10:06:44Z","2026-08-16T10:06:44Z","2026-08-16T10:06:45Z","2026-08-16T10:06:45Z","2026-08-16T10:06:46Z","2026-08-16T10:06:46Z","2026-08-16T10:06:47Z","2026-08-16T10:06:47Z","2026-08-16T10:06:48Z","2026-08-16T10:06:48Z","2026-08-16T10:06:49Z","2026-08-16T10:06:49Z","2026-08-16T10:06:50Z","2026-08-16T10:06:50Z","2026-08-16T10:06:51Z","2026-08-16T10:06:51Z","2026-08-16T10:06:52Z","2026-08-16T10:06:52Z","2026-08-16T10:06:53Z","2026-08-16T10:06:53Z","2026-08-16T10:06:54Z","2026-08-16T10:06:54Z","2026-08-16T10:06:55Z","2026-08-16T10:06:55Z","2026-08-16T10:06:57Z","2026-08-16T10:06:57Z","2026-08-16T10:06:59Z","2026-08-16T10:06:59Z","2026-08-16T10:07:01Z","2026-08-16T10:07:01Z","2026-08-16T10:07:03Z","2026-08-16T10:07:03Z","2026-08-16T10:07:07Z","2026-08-16T10:07:07Z","2026-08-16T10:07:10Z","2026-08-16T10:07:10Z","2026-08-16T10:07:12Z","2026-08-16T10:07:12Z","2026-08-16T10:07:14Z","2026-08-16T10:07:14Z","2026-08-16T10:07:15Z","2026-08-16T10:07:15Z","2026-08-16T10:07:16Z","2026-08-16T10:07:16Z","2026-08-16T10:07:17Z","2026-08-16T10:07:17Z","2026-08-16T10:07:18Z","2026-08-16T10:07:18Z","2026-08-16T10:07:19Z","2026-08-16T10:07:19Z","2026-08-16T10:07:20Z","2026-08-16T10:07:20Z","2026-08-16T10:07:21Z","2026-08-16T10:07:21Z","2026-08-16T10:07:22Z","2026-08-16T10:07:22Z","2026-08-16T10:07:23Z","2026-08-16T10:07:23Z","2026-08-16T10:07:24Z","2026-08-16T10:07:24Z","2026-08-16T10:07:25Z","2026-08-16T10:07:25Z","2026-08-16T10:07:26Z","2026-08-16T10:07:26Z","2026-08-16T10:07:27Z","2026-08-16T10:07:27Z","2026-08-16T10:07:28Z","2026-08-16T10:07:28Z","2026-08-16T10:07:29Z","2026-08-16T10:07:29Z","2026-08-16T10:07:30Z","2026-08-16T10:07:30Z","2026-08-16T10:07:31Z","2026-08-16T10:07:31Z","2026-08-16T10:07:32Z","2026-08-16T10:07:32Z","2026-08-16T10:07:33Z","2026-08-16T10:07:33Z","2026-08-16T10:07:34Z","2026-08-16T10:07:34Z","2026-08-16T10:07:35Z","2026-08-16T10:07:35Z","2026-08-16T10:07:36Z","2026-08-16T10:07:36Z","2026-08-16T10:07:37Z","2026-08-16T10:07:37Z","2026-08-16T10:07:38Z","2026-08-16T10:07:38Z","2026-08-16T10:07:39Z","2026-08-16T10:07:39Z","2026-08-16T10:07:40Z","2026-08-16T10:07:40Z","2026-08-16T10:07:41Z","2026-08-16T10:07:41Z","2026-08-16T10:07:42Z","2026-08-16T10:07:42Z","2026-08-16T10:07:43Z","2026-08-16T10:07:43Z","2026-08-16T10:07:44Z","2026-08-16T10:07:44Z","2026-08-16T10:07:45Z","2026-08-16T10:07:45Z","2026-08-16T10:07:47Z","2026-08-16T10:07:47Z","2026-08-16T10:07:48Z","2026-08-16T10:07:48Z","2026-08-16T10:07:49Z","2026-08-16T10:07:49Z","2026-08-16T10:07:50Z","2026-08-16T10:07:50Z","2026-08-16T10:07:51Z","2026-08-16T10:07:51Z","2026-08-16T10:07:52Z","2026-08-16T10:07:52Z","2026-08-16T10:07:53Z","2026-08-16T10:07:53Z","2026-08-16T10:07:54Z","2026-08-16T10:07:54Z","2026-08-16T10:07:55Z","2026-08-16T10:07:55Z","2026-08-16T10:07:56Z","2026-08-16T10:07:56Z","2026-08-16T10:07:57Z","2026-08-16T10:07:57Z","2026-08-16T10:07:58Z","2026-08-16T10:07:58Z","2026-08-16T10:07:59Z","2026-08-16T10:07:59Z","2026-08-16T10:08:00Z","2026-08-16T10:08:00Z","2026-08-16T10:08:01Z","2026-08-16T10:08:01Z","2026-08-16T10:08:02Z","2026-08-16T10:08:02Z","2026-08-16T10:08:03Z","2026-08-16T10:08:03Z","2026-08-16T10:08:05Z","2026-08-16T10:08:05Z","2026-08-16T10:08:06Z","2026-08-16T10:08:06Z","2026-08-16T10:08:07Z","2026-08-16T10:08:07Z","2026-08-16T10:08:08Z","2026-08-16T10:08:08Z","2026-08-16T10:08:09Z","2026-08-16T10:08:09Z","2026-08-16T10:08:10Z","2026-08-16T10:08:10Z","2026-08-16T10:08:11Z","2026-08-16T10:08:11Z","2026-08-16T10:08:12Z","2026-08-16T10:08:12Z","2026-08-16T10:08:13Z","2026-08-16T10:08:13Z","2026-08-16T10:08:14Z","2026-08-16T10:08:14Z","2026-08-16T10:08:15Z","2026-08-16T10:08:15Z","2026-08-16T10:08:16Z","2026-08-16T10:08:16Z","2026-08-16T10:08:17Z","2026-08-16T10:08:17Z","2026-08-16T10:08:18Z","2026-08-16T10:08:18Z","2026-08-16T10:08:19Z","2026-08-16T10:08:19Z","2026-08-16T10:08:20Z","2026-08-16T10:08:20Z","2026-08-16T10:08:21Z","2026-08-16T10:08:21Z","2026-08-16T10:08:22Z","2026-08-16T10:08:22Z","2026-08-16T10:08:23Z","2026-08-16T10:08:23Z","2026-08-16T10:08:24Z","2026-08-16T10:08:24Z","2026-08-16T10:08:25Z","2026-08-16T10:08:25Z","2026-08-16T10:08:26Z","2026-08-16T10:08:26Z","2026-08-16T10:08:27Z","2026-08-16T10:08:27Z","2026-08-16T10:08:28Z","2026-08-16T10:08:28Z","2026-08-16T10:08:29Z","2026-08-16T10:08:29Z","2026-08-16T10:08:30Z","2026-08-16T10:08:30Z","2026-08-16T10:08:31Z","2026-08-16T10:08:31Z","2026-08-16T10:08:32Z","2026-08-16T10:08:32Z","2026-08-16T10:08:33Z","2026-08-16T10:08:33Z","2026-08-16T10:08:34Z","2026-08-16T10:08:34Z","2026-08-16T10:08:35Z","2026-08-16T10:08:35Z","2026-08-16T10:08:36Z","2026-08-16T10:08:36Z","2026-08-16T10:08:37Z","2026-08-16T10:08:37Z","2026-08-16T10:08:38Z","2026-08-16T10:08:38Z","2026-08-16T10:08:39Z","2026-08-16T10:08:39Z","2026-08-16T10:08:40Z","2026-08-16T10:08:40Z","2026-08-16T10:08:41Z","2026-08-16T10:08:41Z","2026-08-16T10:08:42Z","2026-08-16T10:08:42Z","2026-08-16T10:08:43Z","2026-08-16T10:08:43Z","2026-08-16T10:08:44Z","2026-08-16T10:08:44Z","2026-08-16T10:08:45Z","2026-08-16T10:08:45Z","2026-08-16T10:08:46Z","2026-08-16T10:08:46Z","2026-08-16T10:08:47Z","2026-08-16T10:08:47Z","2026-08-16T10:08:48Z","2026-08-16T10:08:48Z","2026-08-16T10:08:49Z","2026-08-16T10:08:49Z","2026-08-16T10:08:50Z","2026-08-16T10:08:50Z","2026-08-16T10:08:51Z","2026-08-16T10:08:51Z","2026-08-16T10:08:52Z","2026-08-16T10:08:52Z","2026-08-16T10:08:53Z","2026-08-16T10:08:53Z","2026-08-16T10:08:54Z","2026-08-16T10:08:54Z","2026-08-16T10:08:55Z","2026-08-16T10:08:55Z","2026-08-16T10:08:56Z","2026-08-16T10:08:56Z","2026-08-16T10:08:57Z","2026-08-16T10:08:57Z","2026-08-16T10:08:58Z","2026-08-16T10:08:58Z","2026-08-16T10:08:59Z","2026-08-16T10:08:59Z","2026-08-16T10:09:00Z","2026-08-16T10:09:00Z","2026-08-16T10:09:01Z","2026-08-16T10:09:01Z","2026-08-16T10:09:02Z","2026-08-16T10:09:02Z","2026-08-16T10:09:03Z","2026-08-16T10:09:03Z","2026-08-16T10:09:04Z","2026-08-16T10:09:04Z","2026-08-16T10:09:05Z","2026-08-16T10:09:05Z","2026-08-16T10:09:06Z","2026-08-16T10:09:06Z","2026-08-16T10:09:07Z","2026-08-16T10:09:07Z","2026-08-16T10:09:08Z","2026-08-16T10:09:08Z","2026-08-16T10:09:09Z","2026-08-16T10:09:09Z","2026-08-16T10:09:10Z","2026-08-16T10:09:10Z","2026-08-16T10:09:11Z","2026-08-16T10:09:11Z","2026-08-16T10:09:12Z","2026-08-16T10:09:12Z","2026-08-16T10:09:13Z","2026-08-16T10:09:13Z","2026-08-16T10:09:14Z","2026-08-16T10:09:14Z","2026-08-16T10:09:15Z","2026-08-16T10:09:15Z","2026-08-16T10:09:16Z","2026-08-16T10:09:16Z","2026-08-16T10:09:17Z","2026-08-16T10:09:17Z","2026-08-16T10:09:17Z","2026-08-16T10:09:17Z","2026-08-16T10:09:18Z","2026-08-16T10:09:18Z","2026-08-16T10:09:19Z","2026-08-16T10:09:19Z","2026-08-16T10:09:20Z","2026-08-16T10:09:20Z","2026-08-16T10:09:21Z","2026-08-16T10:09:21Z","2026-08-16T10:09:22Z","2026-08-16T10:09:22Z","2026-08-16T10:09:23Z","2026-08-16T10:09:23Z","2026-08-16T10:09:24Z","2026-08-16T10:09:24Z","2026-08-16T10:09:25Z","2026-08-16T10:09:25Z","2026-08-16T10:09:26Z","2026-08-16T10:09:26Z","2026-08-16T10:09:27Z","2026-08-16T10:09:27Z","2026-08-16T10:09:28Z","2026-08-16T10:09:28Z","2026-08-16T10:09:29Z","2026-08-16T10:09:29Z","2026-08-16T10:09:30Z","2026-08-16T10:09:30Z","2026-08-16T10:09:31Z","2026-08-16T10:09:31Z","2026-08-16T10:09:32Z","2026-08-16T10:09:32Z","2026-08-16T10:09:33Z","2026-08-16T10:09:33Z","2026-08-16T10:09:34Z","2026-08-16T10:09:34Z","2026-08-16T10:09:35Z","2026-08-16T10:09:35Z","2026-08-16T10:09:36Z","2026-08-16T10:09:36Z","2026-08-16T10:09:37Z","2026-08-16T10:09:37Z","2026-08-16T10:09:38Z","2026-08-16T10:09:38Z","2026-08-16T10:09:39Z","2026-08-16T10:09:39Z","2026-08-16T10:09:40Z","2026-08-16T10:09:40Z","2026-08-16T10:09:41Z","2026-08-16T10:09:41Z","2026-08-16T10:09:42Z","2026-08-16T10:09:42Z","2026-08-16T10:09:43Z","2026-08-16T10:09:43Z","2026-08-16T10:09:44Z","2026-08-16T10:09:44Z","2026-08-16T10:09:45Z","2026-08-16T10:09:45Z","2026-08-16T10:09:46Z","2026-08-16T10:09:46Z","2026-08-16T10:09:47Z","2026-08-16T10:09:47Z","2026-08-16T10:09:48Z","2026-08-16T10:09:48Z","2026-08-16T10:09:49Z","2026-08-16T10:09:49Z","2026-08-16T10:09:50Z","2026-08-16T10:09:50Z","2026-08-16T10:09:51Z","2026-08-16T10:09:51Z","2026-08-16T10:09:53Z","2026-08-16T10:09:53Z","2026-08-16T10:09:54Z","2026-08-16T10:09:54Z","2026-08-16T10:09:55Z","2026-08-16T10:09:55Z","2026-08-16T10:09:56Z","2026-08-16T10:09:56Z","2026-08-16T10:09:57Z","2026-08-16T10:09:57Z","2026-08-16T10:09:58Z","2026-08-16T10:09:58Z","2026-08-16T10:09:59Z","2026-08-16T10:09:59Z","2026-08-16T10:10:00Z","2026-08-16T10:10:00Z","2026-08-16T10:10:01Z","2026-08-16T10:10:01Z","2026-08-16T10:10:02Z","2026-08-16T10:10:02Z","2026-08-16T10:10:03Z","2026-08-16T10:10:03Z","2026-08-16T10:10:04Z","2026-08-16T10:10:04Z","2026-08-16T10:10:05Z","2026-08-16T10:10:05Z","2026-08-16T10:10:06Z","2026-08-16T10:10:06Z","2026-08-16T10:10:07Z","2026-08-16T10:10:07Z","2026-08-16T10:10:08Z","2026-08-16T10:10:08Z","2026-08-16T10:10:09Z","2026-08-16T10:10:09Z","2026-08-16T10:10:10Z","2026-08-16T10:10:10Z","2026-08-16T10:10:11Z","2026-08-16T10:10:11Z","2026-08-16T10:10:12Z","2026-08-16T10:10:12Z","2026-08-16T10:10:13Z","2026-08-16T10:10:13Z","2026-08-16T10:10:14Z","2026-08-16T10:10:14Z","2026-08-16T10:10:15Z","2026-08-16T10:10:15Z","2026-08-16T10:10:16Z","2026-08-16T10:10:16Z","2026-08-16T10:10:17Z","2026-08-16T10:10:17Z","2026-08-16T10:10:18Z","2026-08-16T10:10:18Z","2026-08-16T10:10:19Z","2026-08-16T10:10:19Z","2026-08-16T10:10:20Z","2026-08-16T10:10:20Z","2026-08-16T10:10:21Z","2026-08-16T10:10:21Z","2026-08-16T10:10:22Z","2026-08-16T10:10:22Z","2026-08-16T10:10:23Z","2026-08-16T10:10:23Z","2026-08-16T10:10:24Z","2026-08-16T10:10:24Z","2026-08-16T10:10:25Z","2026-08-16T10:10:25Z","2026-08-16T10:10:26Z","2026-08-16T10:10:26Z","2026-08-16T10:10:27Z","2026-08-16T10:10:27Z","2026-08-16T10:10:28Z","2026-08-16T10:10:28Z","2026-08-16T10:10:29Z","2026-08-16T10:10:29Z","2026-08-16T10:10:30Z","2026-08-16T10:10:30Z","2026-08-16T10:10:31Z","2026-08-16T10:10:31Z","2026-08-16T10:10:32Z","2026-08-16T10:10:32Z","2026-08-16T10:10:33Z","2026-08-16T10:10:33Z","2026-08-16T10:10:34Z","2026-08-16T10:10:34Z","2026-08-16T10:10:35Z","2026-08-16T10:10:35Z","2026-08-16T10:10:36Z","2026-08-16T10:10:36Z","2026-08-16T10:10:37Z","2026-08-16T10:10:37Z","2026-08-16T10:10:38Z","2026-08-16T10:10:38Z","2026-08-16T10:10:39Z","2026-08-16T10:10:39Z","2026-08-16T10:10:40Z","2026-08-16T10:10:40Z","2026-08-16T10:10:41Z","2026-08-16T10:10:41Z","2026-08-16T10:10:42Z","2026-08-16T10:10:42Z","2026-08-16T10:10:43Z","2026-08-16T10:10:43Z","2026-08-16T10:10:44Z","2026-08-16T10:10:44Z","2026-08-16T10:10:45Z","2026-08-16T10:10:45Z","2026-08-16T10:10:46Z","2026-08-16T10:10:46Z","2026-08-16T10:10:47Z","2026-08-16T10:10:47Z","2026-08-16T10:10:48Z","2026-08-16T10:10:48Z","2026-08-16T10:10:49Z","2026-08-16T10:10:49Z","2026-08-16T10:10:50Z","2026-08-16T10:10:50Z","2026-08-16T10:10:51Z","2026-08-16T10:10:51Z","2026-08-16T10:10:52Z","2026-08-16T10:10:52Z","2026-08-16T10:10:53Z","2026-08-16T10:10:53Z","2026-08-16T10:10:54Z","2026-08-16T10:10:54Z","2026-08-16T10:10:55Z","2026-08-16T10:10:55Z","2026-08-16T10:10:56Z","2026-08-16T10:10:56Z","2026-08-16T10:10:57Z","2026-08-16T10:10:57Z","2026-08-16T10:10:58Z","2026-08-16T10:10:58Z","2026-08-16T10:10:59Z","2026-08-16T10:10:59Z","2026-08-16T10:11:00Z","2026-08-16T10:11:00Z","2026-08-16T10:11:01Z","2026-08-16T10:11:01Z","2026-08-16T10:11:02Z","2026-08-16T10:11:02Z","2026-08-16T10:11:03Z","2026-08-16T10:11:03Z","2026-08-16T10:11:04Z","2026-08-16T10:11:04Z","2026-08-16T10:11:05Z","2026-08-16T10:11:05Z","2026-08-16T10:11:06Z","2026-08-16T10:11:06Z","2026-08-16T10:11:07Z","2026-08-16T10:11:07Z","2026-08-16T10:11:08Z","2026-08-16T10:11:08Z","2026-08-16T10:11:09Z","2026-08-16T10:11:09Z","2026-08-16T10:11:10Z","2026-08-16T10:11:10Z","2026-08-16T10:11:11Z","2026-08-16T10:11:11Z","2026-08-16T10:11:12Z","2026-08-16T10:11:12Z","2026-08-16T10:11:12Z","2026-08-16T10:11:12Z","2026-08-16T10:11:13Z","2026-08-16T10:11:13Z","2026-08-16T10:11:14Z","2026-08-16T10:11:14Z","2026-08-16T10:11:15Z","2026-08-16T10:11:15Z","2026-08-16T10:11:16Z","2026-08-16T10:11:16Z","2026-08-16T10:11:17Z","2026-08-16T10:11:17Z","2026-08-16T10:11:18Z","2026-08-16T10:11:18Z","2026-08-16T10:11:19Z","2026-08-16T10:11:19Z","2026-08-16T10:11:20Z","2026-08-16T10:11:20Z","2026-08-16T10:11:21Z","2026-08-16T10:11:21Z","2026-08-16T10:11:22Z","2026-08-16T10:11:22Z","2026-08-16T10:11:23Z","2026-08-16T10:11:23Z","2026-08-16T10:11:24Z","2026-08-16T10:11:24Z","2026-08-16T10:11:25Z","2026-08-16T10:11:25Z","2026-08-16T10:11:26Z","2026-08-16T10:11:26Z","2026-08-16T10:11:27Z","2026-08-16T10:11:27Z","2026-08-16T10:11:28Z","2026-08-16T10:11:28Z","2026-08-16T10:11:29Z","2026-08-16T10:11:29Z","2026-08-16T10:11:30Z","2026-08-16T10:11:30Z","2026-08-16T10:11:31Z","2026-08-16T10:11:31Z","2026-08-16T10:11:32Z","2026-08-16T10:11:32Z","2026-08-16T10:11:33Z","2026-08-16T10:11:33Z","2026-08-16T10:11:34Z","2026-08-16T10:11:34Z","2026-08-16T10:11:35Z","2026-08-16T10:11:35Z","2026-08-16T10:11:36Z","2026-08-16T10:11:36Z","2026-08-16T10:11:37Z","2026-08-16T10:11:37Z","2026-08-16T10:11:38Z","2026-08-16T10:11:38Z","2026-08-16T10:11:39Z","2026-08-16T10:11:39Z","2026-08-16T10:11:40Z","2026-08-16T10:11:40Z","2026-08-16T10:11:41Z","2026-08-16T10:11:41Z","2026-08-16T10:11:42Z","2026-08-16T10:11:42Z","2026-08-16T10:11:43Z","2026-08-16T10:11:43Z","2026-08-16T10:11:44Z","2026-08-16T10:11:44Z","2026-08-16T10:11:45Z","2026-08-16T10:11:45Z","2026-08-16T10:11:46Z","2026-08-16T10:11:46Z","2026-08-16T10:11:47Z","2026-08-16T10:11:47Z","2026-08-16T10:11:48Z","2026-08-16T10:11:48Z","2026-08-16T10:11:49Z","2026-08-16T10:11:49Z","2026-08-16T10:11:50Z","2026-08-16T10:11:50Z","2026-08-16T10:11:51Z","2026-08-16T10:11:51Z","2026-08-16T10:11:52Z","2026-08-16T10:11:52Z","2026-08-16T10:11:53Z","2026-08-16T10:11:53Z","2026-08-16T10:11:54Z","2026-08-16T10:11:54Z","2026-08-16T10:11:55Z","2026-08-16T10:11:55Z","2026-08-16T10:11:56Z","2026-08-16T10:11:56Z","2026-08-16T10:11:57Z","2026-08-16T10:11:57Z","2026-08-16T10:11:59Z","2026-08-16T10:11:59Z","2026-08-16T10:12:00Z","2026-08-16T10:12:00Z","2026-08-16T10:12:01Z","2026-08-16T10:12:01Z","2026-08-16T10:12:02Z","2026-08-16T10:12:02Z","2026-08-16T10:12:03Z","2026-08-16T10:12:03Z","2026-08-16T10:12:04Z","2026-08-16T10:12:04Z","2026-08-16T10:12:05Z","2026-08-16T10:12:05Z","2026-08-16T10:12:06Z","2026-08-16T10:12:06Z","2026-08-16T10:12:07Z","2026-08-16T10:12:07Z","2026-08-16T10:12:08Z","2026-08-16T10:12:08Z","2026-08-16T10:12:09Z","2026-08-16T10:12:09Z","2026-08-16T10:12:10Z","2026-08-16T10:12:10Z","2026-08-16T10:12:11Z","2026-08-16T10:12:11Z","2026-08-16T10:12:12Z","2026-08-16T10:12:12Z","2026-08-16T10:12:13Z","2026-08-16T10:12:13Z","2026-08-16T10:12:14Z","2026-08-16T10:12:14Z","2026-08-16T10:12:15Z","2026-08-16T10:12:15Z","2026-08-16T10:12:16Z","2026-08-16T10:12:16Z","2026-08-16T10:12:17Z","2026-08-16T10:12:17Z","2026-08-16T10:12:18Z","2026-08-16T10:12:18Z","2026-08-16T10:12:19Z","2026-08-16T10:12:19Z","2026-08-16T10:12:20Z","2026-08-16T10:12:20Z","2026-08-16T10:12:21Z","2026-08-16T10:12:21Z","2026-08-16T10:12:22Z","2026-08-16T10:12:22Z","2026-08-16T10:12:23Z","2026-08-16T10:12:23Z","2026-08-16T10:12:24Z","2026-08-16T10:12:24Z","2026-08-16T10:12:25Z","2026-08-16T10:12:25Z","2026-08-16T10:12:26Z","2026-08-16T10:12:26Z","2026-08-16T10:12:27Z","2026-08-16T10:12:27Z","2026-08-16T10:12:28Z","2026-08-16T10:12:28Z","2026-08-16T10:12:29Z","2026-08-16T10:12:29Z","2026-08-16T10:12:30Z","2026-08-16T10:12:30Z","2026-08-16T10:12:31Z","2026-08-16T10:12:31Z","2026-08-16T10:12:32Z","2026-08-16T10:12:32Z","2026-08-16T10:12:33Z","2026-08-16T10:12:33Z","2026-08-16T10:12:34Z","2026-08-16T10:12:34Z","2026-08-16T10:12:35Z","2026-08-16T10:12:35Z","2026-08-16T10:12:36Z","2026-08-16T10:12:36Z","2026-08-16T10:12:37Z","2026-08-16T10:12:37Z","2026-08-16T10:12:38Z","2026-08-16T10:12:38Z","2026-08-16T10:12:39Z","2026-08-16T10:12:39Z","2026-08-16T10:12:40Z","2026-08-16T10:12:40Z","2026-08-16T10:12:41Z","2026-08-16T10:12:41Z","2026-08-16T10:12:42Z","2026-08-16T10:12:42Z","2026-08-16T10:12:43Z","2026-08-16T10:12:43Z","2026-08-16T10:12:44Z","2026-08-16T10:12:44Z","2026-08-16T10:12:45Z","2026-08-16T10:12:45Z","2026-08-16T10:12:46Z","2026-08-16T10:12:46Z","2026-08-16T10:12:47Z","2026-08-16T10:12:47Z","2026-08-16T10:12:48Z","2026-08-16T10:12:48Z","2026-08-16T10:12:49Z","2026-08-16T10:12:49Z","2026-08-16T10:12:50Z","2026-08-16T10:12:50Z","2026-08-16T10:12:51Z","2026-08-16T10:12:51Z","2026-08-16T10:12:52Z","2026-08-16T10:12:52Z","2026-08-16T10:12:53Z","2026-08-16T10:12:53Z","2026-08-16T10:12:54Z","2026-08-16T10:12:54Z","2026-08-16T10:12:55Z","2026-08-16T10:12:55Z","2026-08-16T10:12:56Z","2026-08-16T10:12:56Z","2026-08-16T10:12:57Z","2026-08-16T10:12:57Z","2026-08-16T10:12:58Z","2026-08-16T10:12:58Z","2026-08-16T10:12:59Z","2026-08-16T10:12:59Z","2026-08-16T10:13:00Z","2026-08-16T10:13:00Z","2026-08-16T10:13:01Z","2026-08-16T10:13:01Z","2026-08-16T10:13:02Z","2026-08-16T10:13:02Z","2026-08-16T10:13:03Z","2026-08-16T10:13:03Z","2026-08-16T10:13:04Z","2026-08-16T10:13:04Z","2026-08-16T10:13:05Z","2026-08-16T10:13:05Z","2026-08-16T10:13:06Z","2026-08-16T10:13:06Z","2026-08-16T10:13:07Z","2026-08-16T10:13:07Z","2026-08-16T10:13:08Z","2026-08-16T10:13:08Z","2026-08-16T10:13:09Z","2026-08-16T10:13:09Z","2026-08-16T10:13:10Z","2026-08-16T10:13:10Z","2026-08-16T10:13:11Z","2026-08-16T10:13:11Z","2026-08-16T10:13:12Z","2026-08-16T10:13:12Z","2026-08-16T10:13:13Z","2026-08-16T10:13:13Z","2026-08-16T10:13:14Z","2026-08-16T10:13:14Z","2026-08-16T10:13:15Z","2026-08-16T10:13:15Z","2026-08-16T10:13:16Z","2026-08-16T10:13:16Z","2026-08-16T10:13:17Z","2026-08-16T10:13:17Z","2026-08-16T10:13:18Z","2026-08-16T10:13:18Z","2026-08-16T10:13:19Z","2026-08-16T10:13:19Z","2026-08-16T10:13:20Z","2026-08-16T10:13:20Z","2026-08-16T10:13:21Z","2026-08-16T10:13:21Z","2026-08-16T10:13:22Z","2026-08-16T10:13:22Z","2026-08-16T10:13:23Z","2026-08-16T10:13:23Z","2026-08-16T10:13:24Z","2026-08-16T10:13:24Z","2026-08-16T10:13:25Z","2026-08-16T10:13:25Z","2026-08-16T10:13:26Z","2026-08-16T10:13:26Z","2026-08-16T10:13:27Z","2026-08-16T10:13:27Z","2026-08-16T10:13:28Z","2026-08-16T10:13:28Z","2026-08-16T10:13:29Z","2026-08-16T10:13:29Z","2026-08-16T10:13:30Z","2026-08-16T10:13:30Z","2026-08-16T10:13:31Z","2026-08-16T10:13:31Z","2026-08-16T10:13:32Z","2026-08-16T10:13:32Z","2026-08-16T10:13:33Z","2026-08-16T10:13:33Z","2026-08-16T10:13:34Z","2026-08-16T10:13:34Z","2026-08-16T10:13:35Z","2026-08-16T10:13:35Z","2026-08-16T10:13:36Z","2026-08-16T10:13:36Z","2026-08-16T10:13:37Z","2026-08-16T10:13:37Z","2026-08-16T10:13:38Z","2026-08-16T10:13:38Z","2026-08-16T10:13:39Z","2026-08-16T10:13:39Z","2026-08-16T10:13:40Z","2026-08-16T10:13:40Z","2026-08-16T10:13:41Z","2026-08-16T10:13:41Z","2026-08-16T10:13:42Z","2026-08-16T10:13:42Z","2026-08-16T10:13:43Z","2026-08-16T10:13:43Z","2026-08-16T10:13:44Z","2026-08-16T10:13:44Z","2026-08-16T10:13:45Z","2026-08-16T10:13:45Z","2026-08-16T10:13:46Z","2026-08-16T10:13:46Z","2026-08-16T10:13:47Z","2026-08-16T10:13:47Z","2026-08-16T10:13:48Z","2026-08-16T10:13:48Z","2026-08-16T10:13:49Z","2026-08-16T10:13:49Z","2026-08-16T10:13:50Z","2026-08-16T10:13:50Z","2026-08-16T10:13:51Z","2026-08-16T10:13:51Z","2026-08-16T10:13:52Z","2026-08-16T10:13:52Z","2026-08-16T10:13:53Z","2026-08-16T10:13:53Z","2026-08-16T10:13:54Z","2026-08-16T10:13:54Z","2026-08-16T10:13:55Z","2026-08-16T10:13:55Z","2026-08-16T10:13:56Z","2026-08-16T10:13:56Z","2026-08-16T10:13:57Z","2026-08-16T10:13:57Z","2026-08-16T10:13:58Z","2026-08-16T10:13:58Z","2026-08-16T10:13:59Z","2026-08-16T10:13:59Z","2026-08-16T10:14:00Z","2026-08-16T10:14:00Z","2026-08-16T10:14:01Z","2026-08-16T10:14:01Z","2026-08-16T10:14:02Z","2026-08-16T10:14:02Z","2026-08-16T10:14:02Z","2026-08-16T10:14:02Z","2026-08-16T10:14:03Z","2026-08-16T10:14:03Z","2026-08-16T10:14:05Z","2026-08-16T10:14:05Z","2026-08-16T10:14:06Z","2026-08-16T10:14:06Z","2026-08-16T10:14:07Z","2026-08-16T10:14:07Z","2026-08-16T10:14:08Z","2026-08-16T10:14:08Z","2026-08-16T10:14:09Z","2026-08-16T10:14:09Z","2026-08-16T10:14:10Z","2026-08-16T10:14:10Z","2026-08-16T10:14:11Z","2026-08-16T10:14:11Z","2026-08-16T10:14:12Z","2026-08-16T10:14:12Z","2026-08-16T10:14:13Z","2026-08-16T10:14:13Z","2026-08-16T10:14:14Z","2026-08-16T10:14:14Z","2026-08-16T10:14:15Z","2026-08-16T10:14:15Z","2026-08-16T10:14:16Z","2026-08-16T10:14:16Z","2026-08-16T10:14:17Z","2026-08-16T10:14:17Z","2026-08-16T10:14:18Z","2026-08-16T10:14:18Z","2026-08-16T10:14:19Z","2026-08-16T10:14:19Z","2026-08-16T10:14:20Z","2026-08-16T10:14:20Z","2026-08-16T10:14:21Z","2026-08-16T10:14:21Z","2026-08-16T10:14:22Z","2026-08-16T10:14:22Z","2026-08-16T10:14:23Z","2026-08-16T10:14:23Z","2026-08-16T10:14:24Z","2026-08-16T10:14:24Z","2026-08-16T10:14:25Z","2026-08-16T10:14:25Z","2026-08-16T10:14:26Z","2026-08-16T10:14:26Z","2026-08-16T10:14:27Z","2026-08-16T10:14:27Z","2026-08-16T10:14:28Z","2026-08-16T10:14:28Z","2026-08-16T10:14:29Z","2026-08-16T10:14:29Z","2026-08-16T10:14:30Z","2026-08-16T10:14:30Z","2026-08-16T10:14:31Z","2026-08-16T10:14:31Z","2026-08-16T10:14:32Z","2026-08-16T10:14:32Z","2026-08-16T10:14:33Z","2026-08-16T10:14:33Z","2026-08-16T10:14:34Z","2026-08-16T10:14:34Z","2026-08-16T10:14:35Z","2026-08-16T10:14:35Z","2026-08-16T10:14:36Z","2026-08-16T10:14:36Z","2026-08-16T10:14:37Z","2026-08-16T10:14:37Z","2026-08-16T10:14:38Z","2026-08-16T10:14:38Z","2026-08-16T10:14:39Z","2026-08-16T10:14:39Z","2026-08-16T10:14:40Z","2026-08-16T10:14:40Z","2026-08-16T10:14:41Z","2026-08-16T10:14:41Z","2026-08-16T10:14:42Z","2026-08-16T10:14:42Z","2026-08-16T10:14:43Z","2026-08-16T10:14:43Z","2026-08-16T10:14:44Z","2026-08-16T10:14:44Z","2026-08-16T10:14:45Z","2026-08-16T10:14:45Z","2026-08-16T10:14:46Z","2026-08-16T10:14:46Z","2026-08-16T10:14:47Z","2026-08-16T10:14:47Z","2026-08-16T10:14:48Z","2026-08-16T10:14:48Z","2026-08-16T10:14:49Z","2026-08-16T10:14:49Z","2026-08-16T10:14:50Z","2026-08-16T10:14:50Z","2026-08-16T10:14:51Z","2026-08-16T10:14:51Z","2026-08-16T10:14:52Z","2026-08-16T10:14:52Z","2026-08-16T10:14:53Z","2026-08-16T10:14:53Z","2026-08-16T10:14:54Z","2026-08-16T10:14:54Z","2026-08-16T10:14:55Z","2026-08-16T10:14:55Z","2026-08-16T10:14:56Z","2026-08-16T10:14:56Z","2026-08-16T10:14:57Z","2026-08-16T10:14:57Z","2026-08-16T10:14:58Z","2026-08-16T10:14:58Z","2026-08-16T10:14:59Z","2026-08-16T10:14:59Z","2026-08-16T10:15:00Z","2026-08-16T10:15:00Z","2026-08-16T10:15:01Z","2026-08-16T10:15:01Z","2026-08-16T10:15:02Z","2026-08-16T10:15:02Z","2026-08-16T10:15:03Z","2026-08-16T10:15:03Z","2026-08-16T10:15:04Z","2026-08-16T10:15:04Z","2026-08-16T10:15:05Z","2026-08-16T10:15:05Z","2026-08-16T10:15:06Z","2026-08-16T10:15:06Z","2026-08-16T10:15:07Z","2026-08-16T10:15:07Z","2026-08-16T10:15:08Z","2026-08-16T10:15:08Z","2026-08-16T10:15:09Z","2026-08-16T10:15:09Z","2026-08-16T10:15:10Z","2026-08-16T10:15:10Z","2026-08-16T10:15:11Z","2026-08-16T10:15:11Z","2026-08-16T10:15:12Z","2026-08-16T10:15:12Z","2026-08-16T10:15:13Z","2026-08-16T10:15:13Z","2026-08-16T10:15:14Z","2026-08-16T10:15:14Z","2026-08-16T10:15:15Z","2026-08-16T10:15:15Z","2026-08-16T10:15:16Z","2026-08-16T10:15:16Z","2026-08-16T10:15:17Z","2026-08-16T10:15:17Z","2026-08-16T10:15:18Z","2026-08-16T10:15:18Z","2026-08-16T10:15:19Z","2026-08-16T10:15:19Z","2026-08-16T10:15:20Z","2026-08-16T10:15:20Z","2026-08-16T10:15:21Z","2026-08-16T10:15:21Z","2026-08-16T10:15:22Z","2026-08-16T10:15:22Z","2026-08-16T10:15:23Z","2026-08-16T10:15:23Z","2026-08-16T10:15:24Z","2026-08-16T10:15:24Z","2026-08-16T10:15:25Z","2026-08-16T10:15:25Z","2026-08-16T10:15:26Z","2026-08-16T10:15:26Z","2026-08-16T10:15:27Z","2026-08-16T10:15:27Z","2026-08-16T10:15:28Z","2026-08-16T10:15:28Z","2026-08-16T10:15:29Z","2026-08-16T10:15:29Z","2026-08-16T10:15:30Z","2026-08-16T10:15:30Z","2026-08-16T10:15:31Z","2026-08-16T10:15:31Z","2026-08-16T10:15:32Z","2026-08-16T10:15:32Z","2026-08-16T10:15:33Z","2026-08-16T10:15:33Z","2026-08-16T10:15:34Z","2026-08-16T10:15:34Z","2026-08-16T10:15:35Z","2026-08-16T10:15:35Z","2026-08-16T10:15:36Z","2026-08-16T10:15:36Z","2026-08-16T10:15:37Z","2026-08-16T10:15:37Z","2026-08-16T10:15:38Z","2026-08-16T10:15:38Z","2026-08-16T10:15:39Z","2026-08-16T10:15:39Z","2026-08-16T10:15:40Z","2026-08-16T10:15:40Z","2026-08-16T10:15:41Z","2026-08-16T10:15:41Z","2026-08-16T10:15:42Z","2026-08-16T10:15:42Z","2026-08-16T10:15:43Z","2026-08-16T10:15:43Z","2026-08-16T10:15:44Z","2026-08-16T10:15:44Z","2026-08-16T10:15:45Z","2026-08-16T10:15:45Z","2026-08-16T10:15:46Z","2026-08-16T10:15:46Z","2026-08-16T10:15:47Z","2026-08-16T10:15:47Z","2026-08-16T10:15:48Z","2026-08-16T10:15:48Z","2026-08-16T10:15:49Z","2026-08-16T10:15:49Z","2026-08-16T10:15:50Z","2026-08-16T10:15:50Z","2026-08-16T10:15:51Z","2026-08-16T10:15:51Z","2026-08-16T10:15:52Z","2026-08-16T10:15:52Z","2026-08-16T10:15:53Z","2026-08-16T10:15:53Z","2026-08-16T10:15:54Z","2026-08-16T10:15:54Z","2026-08-16T10:15:55Z","2026-08-16T10:15:55Z","2026-08-16T10:15:56Z","2026-08-16T10:15:56Z","2026-08-16T10:15:57Z","2026-08-16T10:15:57Z","2026-08-16T10:15:58Z","2026-08-16T10:15:58Z","2026-08-16T10:15:59Z","2026-08-16T10:15:59Z","2026-08-16T10:16:00Z","2026-08-16T10:16:00Z","2026-08-16T10:16:01Z","2026-08-16T10:16:01Z","2026-08-16T10:16:02Z","2026-08-16T10:16:02Z","2026-08-16T10:16:03Z","2026-08-16T10:16:03Z","2026-08-16T10:16:04Z","2026-08-16T10:16:04Z","2026-08-16T10:16:05Z","2026-08-16T10:16:05Z","2026-08-16T10:16:06Z","2026-08-16T10:16:06Z","2026-08-16T10:16:06Z","2026-08-16T10:16:06Z","2026-08-16T10:16:07Z","2026-08-16T10:16:07Z","2026-08-16T10:16:08Z","2026-08-16T10:16:08Z","2026-08-16T10:16:09Z","2026-08-16T10:16:09Z","2026-08-16T10:16:11Z","2026-08-16T10:16:11Z","2026-08-16T10:16:12Z","2026-08-16T10:16:12Z","2026-08-16T10:16:13Z","2026-08-16T10:16:13Z","2026-08-16T10:16:14Z","2026-08-16T10:16:14Z","2026-08-16T10:16:15Z","2026-08-16T10:16:15Z","2026-08-16T10:16:16Z","2026-08-16T10:16:16Z","2026-08-16T10:16:17Z","2026-08-16T10:16:17Z","2026-08-16T10:16:18Z","2026-08-16T10:16:18Z","2026-08-16T10:16:19Z","2026-08-16T10:16:19Z","2026-08-16T10:16:20Z","2026-08-16T10:16:20Z","2026-08-16T10:16:21Z","2026-08-16T10:16:21Z","2026-08-16T10:16:22Z","2026-08-16T10:16:22Z","2026-08-16T10:16:23Z","2026-08-16T10:16:23Z","2026-08-16T10:16:24Z","2026-08-16T10:16:24Z","2026-08-16T10:16:25Z","2026-08-16T10:16:25Z","2026-08-16T10:16:26Z","2026-08-16T10:16:26Z","2026-08-16T10:16:27Z","2026-08-16T10:16:27Z","2026-08-16T10:16:28Z","2026-08-16T10:16:28Z","2026-08-16T10:16:29Z","2026-08-16T10:16:29Z","2026-08-16T10:16:30Z","2026-08-16T10:16:30Z","2026-08-16T10:16:31Z","2026-08-16T10:16:31Z","2026-08-16T10:16:32Z","2026-08-16T10:16:32Z","2026-08-16T10:16:33Z","2026-08-16T10:16:33Z","2026-08-16T10:16:34Z","2026-08-16T10:16:34Z","2026-08-16T10:16:35Z","2026-08-16T10:16:35Z","2026-08-16T10:16:36Z","2026-08-16T10:16:36Z","2026-08-16T10:16:37Z","2026-08-16T10:16:37Z","2026-08-16T10:16:38Z","2026-08-16T10:16:38Z","2026-08-16T10:16:39Z","2026-08-16T10:16:39Z","2026-08-16T10:16:40Z","2026-08-16T10:16:40Z","2026-08-16T10:16:41Z","2026-08-16T10:16:41Z","2026-08-16T10:16:42Z","2026-08-16T10:16:42Z","2026-08-16T10:16:43Z","2026-08-16T10:16:43Z","2026-08-16T10:16:44Z","2026-08-16T10:16:44Z","2026-08-16T10:16:45Z","2026-08-16T10:16:45Z","2026-08-16T10:16:46Z","2026-08-16T10:16:46Z","2026-08-16T10:16:47Z","2026-08-16T10:16:47Z","2026-08-16T10:16:48Z","2026-08-16T10:16:48Z","2026-08-16T10:16:49Z","2026-08-16T10:16:49Z","2026-08-16T10:16:50Z","2026-08-16T10:16:50Z","2026-08-16T10:16:51Z","2026-08-16T10:16:51Z","2026-08-16T10:16:52Z","2026-08-16T10:16:52Z","2026-08-16T10:16:53Z","2026-08-16T10:16:53Z","2026-08-16T10:16:54Z","2026-08-16T10:16:54Z","2026-08-16T10:16:55Z","2026-08-16T10:16:55Z","2026-08-16T10:16:56Z","2026-08-16T10:16:56Z","2026-08-16T10:16:57Z","2026-08-16T10:16:57Z","2026-08-16T10:16:58Z","2026-08-16T10:16:58Z","2026-08-16T10:16:59Z","2026-08-16T10:16:59Z","2026-08-16T10:17:00Z","2026-08-16T10:17:00Z","2026-08-16T10:17:01Z","2026-08-16T10:17:01Z","2026-08-16T10:17:02Z","2026-08-16T10:17:02Z","2026-08-16T10:17:03Z","2026-08-16T10:17:03Z","2026-08-16T10:17:04Z","2026-08-16T10:17:04Z","2026-08-16T10:17:05Z","2026-08-16T10:17:05Z","2026-08-16T10:17:06Z","2026-08-16T10:17:06Z","2026-08-16T10:17:07Z","2026-08-16T10:17:07Z","2026-08-16T10:17:08Z","2026-08-16T10:17:08Z","2026-08-16T10:17:09Z","2026-08-16T10:17:09Z","2026-08-16T10:17:10Z","2026-08-16T10:17:10Z","2026-08-16T10:17:11Z","2026-08-16T10:17:11Z","2026-08-16T10:17:12Z","2026-08-16T10:17:12Z","2026-08-16T10:17:13Z","2026-08-16T10:17:13Z","2026-08-16T10:17:14Z","2026-08-16T10:17:14Z","2026-08-16T10:17:15Z","2026-08-16T10:17:15Z","2026-08-16T10:17:16Z","2026-08-16T10:17:16Z","2026-08-16T10:17:17Z","2026-08-16T10:17:17Z","2026-08-16T10:17:18Z","2026-08-16T10:17:18Z","2026-08-16T10:17:19Z","2026-08-16T10:17:19Z","2026-08-16T10:17:20Z","2026-08-16T10:17:20Z","2026-08-16T10:17:21Z","2026-08-16T10:17:21Z","2026-08-16T10:17:22Z","2026-08-16T10:17:22Z","2026-08-16T10:17:23Z","2026-08-16T10:17:23Z","2026-08-16T10:17:24Z","2026-08-16T10:17:24Z","2026-08-16T10:17:25Z","2026-08-16T10:17:25Z","2026-08-16T10:17:26Z","2026-08-16T10:17:26Z","2026-08-16T10:17:27Z","2026-08-16T10:17:27Z","2026-08-16T10:17:28Z","2026-08-16T10:17:28Z","2026-08-16T10:17:29Z","2026-08-16T10:17:29Z","2026-08-16T10:17:30Z","2026-08-16T10:17:30Z","2026-08-16T10:17:31Z","2026-08-16T10:17:31Z","2026-08-16T10:17:32Z","2026-08-16T10:17:32Z","2026-08-16T10:17:33Z","2026-08-16T10:17:33Z","2026-08-16T10:17:34Z","2026-08-16T10:17:34Z","2026-08-16T10:17:35Z","2026-08-16T10:17:35Z","2026-08-16T10:17:36Z","2026-08-16T10:17:36Z","2026-08-16T10:17:37Z","2026-08-16T10:17:37Z","2026-08-16T10:17:38Z","2026-08-16T10:17:38Z","2026-08-16T10:17:39Z","2026-08-16T10:17:39Z","2026-08-16T10:17:40Z","2026-08-16T10:17:40Z","2026-08-16T10:17:41Z","2026-08-16T10:17:41Z","2026-08-16T10:17:42Z","2026-08-16T10:17:42Z","2026-08-16T10:17:43Z","2026-08-16T10:17:43Z","2026-08-16T10:17:44Z","2026-08-16T10:17:44Z","2026-08-16T10:17:45Z","2026-08-16T10:17:45Z","2026-08-16T10:17:46Z","2026-08-16T10:17:46Z","2026-08-16T10:17:47Z","2026-08-16T10:17:47Z","2026-08-16T10:17:48Z","2026-08-16T10:17:48Z","2026-08-16T10:17:49Z","2026-08-16T10:17:49Z","2026-08-16T10:17:50Z","2026-08-16T10:17:50Z","2026-08-16T10:17:51Z","2026-08-16T10:17:51Z","2026-08-16T10:17:52Z","2026-08-16T10:17:52Z","2026-08-16T10:17:53Z","2026-08-16T10:17:53Z","2026-08-16T10:17:54Z","2026-08-16T10:17:54Z","2026-08-16T10:17:55Z","2026-08-16T10:17:55Z","2026-08-16T10:17:56Z","2026-08-16T10:17:56Z","2026-08-16T10:17:57Z","2026-08-16T10:17:57Z","2026-08-16T10:17:58Z","2026-08-16T10:17:58Z","2026-08-16T10:17:59Z","2026-08-16T10:17:59Z","2026-08-16T10:18:00Z","2026-08-16T10:18:00Z","2026-08-16T10:18:01Z","2026-08-16T10:18:01Z","2026-08-16T10:18:02Z","2026-08-16T10:18:02Z","2026-08-16T10:18:03Z","2026-08-16T10:18:03Z","2026-08-16T10:18:04Z","2026-08-16T10:18:04Z","2026-08-16T10:18:05Z","2026-08-16T10:18:05Z","2026-08-16T10:18:06Z","2026-08-16T10:18:06Z","2026-08-16T10:18:07Z","2026-08-16T10:18:07Z","2026-08-16T10:18:08Z","2026-08-16T10:18:08Z","2026-08-16T10:18:09Z","2026-08-16T10:18:09Z","2026-08-16T10:18:10Z","2026-08-16T10:18:10Z","2026-08-16T10:18:11Z","2026-08-16T10:18:11Z","2026-08-16T10:18:12Z","2026-08-16T10:18:12Z","2026-08-16T10:18:14Z","2026-08-16T10:18:14Z","2026-08-16T10:18:16Z","2026-08-16T10:18:16Z","2026-08-16T10:18:18Z","2026-08-16T10:18:18Z","2026-08-16T10:18:19Z","2026-08-16T10:18:19Z","2026-08-16T10:18:20Z","2026-08-16T10:18:20Z","2026-08-16T10:18:21Z","2026-08-16T10:18:21Z","2026-08-16T10:18:23Z","2026-08-16T10:18:23Z","2026-08-16T10:18:24Z","2026-08-16T10:18:24Z","2026-08-16T10:18:25Z","2026-08-16T10:18:25Z","2026-08-16T10:18:26Z","2026-08-16T10:18:26Z","2026-08-16T10:18:27Z","2026-08-16T10:18:27Z","2026-08-16T10:18:28Z","2026-08-16T10:18:28Z","2026-08-16T10:18:29Z","2026-08-16T10:18:29Z","2026-08-16T10:18:30Z","2026-08-16T10:18:30Z","2026-08-16T10:18:32Z","2026-08-16T10:18:32Z","2026-08-16T10:18:34Z","2026-08-16T10:18:34Z","2026-08-16T10:18:36Z","2026-08-16T10:18:36Z","2026-08-16T10:18:38Z","2026-08-16T10:18:38Z","2026-08-16T10:18:39Z","2026-08-16T10:18:39Z","2026-08-16T10:18:40Z","2026-08-16T10:18:40Z","2026-08-16T10:18:41Z","2026-08-16T10:18:41Z","2026-08-16T10:18:42Z","2026-08-16T10:18:42Z","2026-08-16T10:18:43Z","2026-08-16T10:18:43Z","2026-08-16T10:18:44Z","2026-08-16T10:18:44Z","2026-08-16T10:18:45Z","2026-08-16T10:18:45Z","2026-08-16T10:18:46Z","2026-08-16T10:18:46Z","2026-08-16T10:18:47Z","2026-08-16T10:18:47Z","2026-08-16T10:18:48Z","2026-08-16T10:18:48Z","2026-08-16T10:18:49Z","2026-08-16T10:18:49Z","2026-08-16T10:18:50Z","2026-08-16T10:18:50Z","2026-08-16T10:18:51Z","2026-08-16T10:18:51Z","2026-08-16T10:18:52Z","2026-08-16T10:18:52Z","2026-08-16T10:18:53Z","2026-08-16T10:18:53Z","2026-08-16T10:18:54Z","2026-08-16T10:18:54Z","2026-08-16T10:18:55Z","2026-08-16T10:18:55Z","2026-08-16T10:18:56Z","2026-08-16T10:18:56Z","2026-08-16T10:18:57Z","2026-08-16T10:18:57Z","2026-08-16T10:18:58Z","2026-08-16T10:18:58Z","2026-08-16T10:18:59Z","2026-08-16T10:18:59Z","2026-08-16T10:19:00Z","2026-08-16T10:19:00Z","2026-08-16T10:19:01Z","2026-08-16T10:19:01Z","2026-08-16T10:19:02Z","2026-08-16T10:19:02Z","2026-08-16T10:19:03Z","2026-08-16T10:19:03Z","2026-08-16T10:19:04Z","2026-08-16T10:19:04Z","2026-08-16T10:19:05Z","2026-08-16T10:19:05Z","2026-08-16T10:19:06Z","2026-08-16T10:19:06Z","2026-08-16T10:19:07Z","2026-08-16T10:19:07Z","2026-08-16T10:19:08Z","2026-08-16T10:19:08Z","2026-08-16T10:19:09Z","2026-08-16T10:19:09Z","2026-08-16T10:19:10Z","2026-08-16T10:19:10Z","2026-08-16T10:19:11Z","2026-08-16T10:19:11Z","2026-08-16T10:19:12Z","2026-08-16T10:19:12Z","2026-08-16T10:19:13Z","2026-08-16T10:19:13Z","2026-08-16T10:19:14Z","2026-08-16T10:19:14Z","2026-08-16T10:19:15Z","2026-08-16T10:19:15Z","2026-08-16T10:19:16Z","2026-08-16T10:19:16Z","2026-08-16T10:19:17Z","2026-08-16T10:19:17Z","2026-08-16T10:19:18Z","2026-08-16T10:19:18Z","2026-08-16T10:19:19Z","2026-08-16T10:19:19Z","2026-08-16T10:19:20Z","2026-08-16T10:19:20Z","2026-08-16T10:19:21Z","2026-08-16T10:19:21Z","2026-08-16T10:19:22Z","2026-08-16T10:19:22Z","2026-08-16T10:19:23Z","2026-08-16T10:19:23Z","2026-08-16T10:19:24Z","2026-08-16T10:19:24Z","2026-08-16T10:19:25Z","2026-08-16T10:19:25Z","2026-08-16T10:19:26Z","2026-08-16T10:19:26Z","2026-08-16T10:19:27Z","2026-08-16T10:19:27Z","2026-08-16T10:19:28Z","2026-08-16T10:19:28Z","2026-08-16T10:19:29Z","2026-08-16T10:19:29Z","2026-08-16T10:19:30Z","2026-08-16T10:19:30Z","2026-08-16T10:19:31Z","2026-08-16T10:19:31Z","2026-08-16T10:19:32Z","2026-08-16T10:19:32Z","2026-08-16T10:19:33Z","2026-08-16T10:19:33Z","2026-08-16T10:19:34Z","2026-08-16T10:19:34Z","2026-08-16T10:19:35Z","2026-08-16T10:19:35Z","2026-08-16T10:19:36Z","2026-08-16T10:19:36Z","2026-08-16T10:19:37Z","2026-08-16T10:19:37Z","2026-08-16T10:19:38Z","2026-08-16T10:19:38Z","2026-08-16T10:19:39Z","2026-08-16T10:19:39Z","2026-08-16T10:19:40Z","2026-08-16T10:19:40Z","2026-08-16T10:19:41Z","2026-08-16T10:19:41Z","2026-08-16T10:19:42Z","2026-08-16T10:19:42Z","2026-08-16T10:19:43Z","2026-08-16T10:19:43Z","2026-08-16T10:19:44Z","2026-08-16T10:19:44Z","2026-08-16T10:19:45Z","2026-08-16T10:19:45Z","2026-08-16T10:19:46Z","2026-08-16T10:19:46Z","2026-08-16T10:19:47Z","2026-08-16T10:19:47Z","2026-08-16T10:19:48Z","2026-08-16T10:19:48Z","2026-08-16T10:19:49Z","2026-08-16T10:19:49Z","2026-08-16T10:19:50Z","2026-08-16T10:19:50Z","2026-08-16T10:19:51Z","2026-08-16T10:19:51Z","2026-08-16T10:19:52Z","2026-08-16T10:19:52Z","2026-08-16T10:19:53Z","2026-08-16T10:19:53Z","2026-08-16T10:19:54Z","2026-08-16T10:19:54Z","2026-08-16T10:19:55Z","2026-08-16T10:19:55Z","2026-08-16T10:19:56Z","2026-08-16T10:19:56Z","2026-08-16T10:19:57Z","2026-08-16T10:19:57Z","2026-08-16T10:19:58Z","2026-08-16T10:19:58Z","2026-08-16T10:19:59Z","2026-08-16T10:19:59Z","2026-08-16T10:20:00Z","2026-08-16T10:20:00Z","2026-08-16T10:20:01Z","2026-08-16T10:20:01Z","2026-08-16T10:20:02Z","2026-08-16T10:20:02Z","2026-08-16T10:20:03Z","2026-08-16T10:20:03Z","2026-08-16T10:20:04Z","2026-08-16T10:20:04Z","2026-08-16T10:20:05Z","2026-08-16T10:20:05Z","2026-08-16T10:20:06Z","2026-08-16T10:20:06Z","2026-08-16T10:20:07Z","2026-08-16T10:20:07Z","2026-08-16T10:20:08Z","2026-08-16T10:20:08Z","2026-08-16T10:20:09Z","2026-08-16T10:20:09Z","2026-08-16T10:20:10Z","2026-08-16T10:20:10Z","2026-08-16T10:20:11Z","2026-08-16T10:20:11Z","2026-08-16T10:20:12Z","2026-08-16T10:20:12Z","2026-08-16T10:20:13Z","2026-08-16T10:20:13Z","2026-08-16T10:20:14Z","2026-08-16T10:20:14Z","2026-08-16T10:20:15Z","2026-08-16T10:20:15Z","2026-08-16T10:20:16Z","2026-08-16T10:20:16Z","2026-08-16T10:20:17Z","2026-08-16T10:20:17Z","2026-08-16T10:20:18Z","2026-08-16T10:20:18Z","2026-08-16T10:20:18Z","2026-08-16T10:20:18Z","2026-08-16T10:20:19Z","2026-08-16T10:20:19Z","2026-08-16T10:20:20Z","2026-08-16T10:20:20Z","2026-08-16T10:20:21Z","2026-08-16T10:20:21Z","2026-08-16T10:20:23Z","2026-08-16T10:20:23Z","2026-08-16T10:20:24Z","2026-08-16T10:20:24Z","2026-08-16T10:20:25Z","2026-08-16T10:20:25Z","2026-08-16T10:20:26Z","2026-08-16T10:20:26Z","2026-08-16T10:20:27Z","2026-08-16T10:20:27Z","2026-08-16T10:20:28Z","2026-08-16T10:20:28Z","2026-08-16T10:20:29Z","2026-08-16T10:20:29Z","2026-08-16T10:20:30Z","2026-08-16T10:20:30Z","2026-08-16T10:20:31Z","2026-08-16T10:20:31Z","2026-08-16T10:20:32Z","2026-08-16T10:20:32Z","2026-08-16T10:20:33Z","2026-08-16T10:20:33Z","2026-08-16T10:20:34Z","2026-08-16T10:20:34Z","2026-08-16T10:20:35Z","2026-08-16T10:20:35Z","2026-08-16T10:20:36Z","2026-08-16T10:20:36Z","2026-08-16T10:20:37Z","2026-08-16T10:20:37Z","2026-08-16T10:20:38Z","2026-08-16T10:20:38Z","2026-08-16T10:20:39Z","2026-08-16T10:20:39Z","2026-08-16T10:20:40Z","2026-08-16T10:20:40Z","2026-08-16T10:20:41Z","2026-08-16T10:20:41Z","2026-08-16T10:20:42Z","2026-08-16T10:20:42Z","2026-08-16T10:20:43Z","2026-08-16T10:20:43Z","2026-08-16T10:20:44Z","2026-08-16T10:20:44Z","2026-08-16T10:20:45Z","2026-08-16T10:20:45Z","2026-08-16T10:20:46Z","2026-08-16T10:20:46Z","2026-08-16T10:20:47Z","2026-08-16T10:20:47Z","2026-08-16T10:20:48Z","2026-08-16T10:20:48Z","2026-08-16T10:20:49Z","2026-08-16T10:20:49Z","2026-08-16T10:20:50Z","2026-08-16T10:20:50Z","2026-08-16T10:20:51Z","2026-08-16T10:20:51Z","2026-08-16T10:20:52Z","2026-08-16T10:20:52Z","2026-08-16T10:20:53Z","2026-08-16T10:20:53Z","2026-08-16T10:20:54Z","2026-08-16T10:20:54Z","2026-08-16T10:20:55Z","2026-08-16T10:20:55Z","2026-08-16T10:20:56Z","2026-08-16T10:20:56Z","2026-08-16T10:20:57Z","2026-08-16T10:20:57Z","2026-08-16T10:20:58Z","2026-08-16T10:20:58Z","2026-08-16T10:20:59Z","2026-08-16T10:20:59Z","2026-08-16T10:21:00Z","2026-08-16T10:21:00Z","2026-08-16T10:21:01Z","2026-08-16T10:21:01Z","2026-08-16T10:21:02Z","2026-08-16T10:21:02Z","2026-08-16T10:21:03Z","2026-08-16T10:21:03Z","2026-08-16T10:21:04Z","2026-08-16T10:21:04Z","2026-08-16T10:21:05Z","2026-08-16T10:21:05Z","2026-08-16T10:21:06Z","2026-08-16T10:21:06Z","2026-08-16T10:21:07Z","2026-08-16T10:21:07Z","2026-08-16T10:21:08Z","2026-08-16T10:21:08Z","2026-08-16T10:21:09Z","2026-08-16T10:21:09Z","2026-08-16T10:21:10Z","2026-08-16T10:21:10Z","2026-08-16T10:21:11Z","2026-08-16T10:21:11Z","2026-08-16T10:21:12Z","2026-08-16T10:21:12Z","2026-08-16T10:21:13Z","2026-08-16T10:21:13Z","2026-08-16T10:21:14Z","2026-08-16T10:21:14Z","2026-08-16T10:21:15Z","2026-08-16T10:21:15Z","2026-08-16T10:21:16Z","2026-08-16T10:21:16Z","2026-08-16T10:21:17Z","2026-08-16T10:21:17Z","2026-08-16T10:21:18Z","2026-08-16T10:21:18Z","2026-08-16T10:21:19Z","2026-08-16T10:21:19Z","2026-08-16T10:21:20Z","2026-08-16T10:21:20Z","2026-08-16T10:21:21Z","2026-08-16T10:21:21Z","2026-08-16T10:21:22Z","2026-08-16T10:21:22Z","2026-08-16T10:21:23Z","2026-08-16T10:21:23Z","2026-08-16T10:21:24Z","2026-08-16T10:21:24Z","2026-08-16T10:21:25Z","2026-08-16T10:21:25Z","2026-08-16T10:21:26Z","2026-08-16T10:21:26Z","2026-08-16T10:21:27Z","2026-08-16T10:21:27Z","2026-08-16T10:21:28Z","2026-08-16T10:21:28Z","2026-08-16T10:21:29Z","2026-08-16T10:21:29Z","2026-08-16T10:21:30Z","2026-08-16T10:21:30Z","2026-08-16T10:21:31Z","2026-08-16T10:21:31Z","2026-08-16T10:21:32Z","2026-08-16T10:21:32Z","2026-08-16T10:21:33Z","2026-08-16T10:21:33Z","2026-08-16T10:21:34Z","2026-08-16T10:21:34Z","2026-08-16T10:21:35Z","2026-08-16T10:21:35Z","2026-08-16T10:21:36Z","2026-08-16T10:21:36Z","2026-08-16T10:21:37Z","2026-08-16T10:21:37Z","2026-08-16T10:21:38Z","2026-08-16T10:21:38Z","2026-08-16T10:21:39Z","2026-08-16T10:21:39Z","2026-08-16T10:21:40Z","2026-08-16T10:21:40Z","2026-08-16T10:21:41Z","2026-08-16T10:21:41Z","2026-08-16T10:21:42Z","2026-08-16T10:21:42Z","2026-08-16T10:21:43Z","2026-08-16T10:21:43Z","2026-08-16T10:21:44Z","2026-08-16T10:21:44Z","2026-08-16T10:21:45Z","2026-08-16T10:21:45Z","2026-08-16T10:21:46Z","2026-08-16T10:21:46Z","2026-08-16T10:21:47Z","2026-08-16T10:21:47Z","2026-08-16T10:21:48Z","2026-08-16T10:21:48Z","2026-08-16T10:21:49Z","2026-08-16T10:21:49Z","2026-08-16T10:21:50Z","2026-08-16T10:21:50Z","2026-08-16T10:21:51Z","2026-08-16T10:21:51Z","2026-08-16T10:21:52Z","2026-08-16T10:21:52Z","2026-08-16T10:21:53Z","2026-08-16T10:21:53Z","2026-08-16T10:21:54Z","2026-08-16T10:21:54Z","2026-08-16T10:21:55Z","2026-08-16T10:21:55Z","2026-08-16T10:21:56Z","2026-08-16T10:21:56Z","2026-08-16T10:21:57Z","2026-08-16T10:21:57Z","2026-08-16T10:21:58Z","2026-08-16T10:21:58Z","2026-08-16T10:21:59Z","2026-08-16T10:21:59Z","2026-08-16T10:22:00Z","2026-08-16T10:22:00Z","2026-08-16T10:22:01Z","2026-08-16T10:22:01Z","2026-08-16T10:22:03Z","2026-08-16T10:22:03Z","2026-08-16T10:22:05Z","2026-08-16T10:22:05Z","2026-08-16T10:22:07Z","2026-08-16T10:22:07Z","2026-08-16T10:22:09Z","2026-08-16T10:22:09Z","2026-08-16T10:22:10Z","2026-08-16T10:22:10Z","2026-08-16T10:22:12Z","2026-08-16T10:22:12Z","2026-08-16T10:22:14Z","2026-08-16T10:22:14Z","2026-08-16T10:22:16Z","2026-08-16T10:22:16Z","2026-08-16T10:22:17Z","2026-08-16T10:22:17Z","2026-08-16T10:22:18Z","2026-08-16T10:22:18Z","2026-08-16T10:22:18Z","2026-08-16T10:22:18Z","2026-08-16T10:22:19Z","2026-08-16T10:22:19Z","2026-08-16T10:22:20Z","2026-08-16T10:22:20Z","2026-08-16T10:22:21Z","2026-08-16T10:22:21Z","2026-08-16T10:22:22Z","2026-08-16T10:22:22Z","2026-08-16T10:22:24Z","2026-08-16T10:22:24Z","2026-08-16T10:22:26Z","2026-08-16T10:22:26Z","2026-08-16T10:22:28Z","2026-08-16T10:22:28Z","2026-08-16T10:22:30Z","2026-08-16T10:22:30Z","2026-08-16T10:22:32Z","2026-08-16T10:22:32Z","2026-08-16T10:22:34Z","2026-08-16T10:22:34Z","2026-08-16T10:22:38Z","2026-08-16T10:22:38Z","2026-08-16T10:22:54Z","2026-08-16T10:22:54Z"]}},"geometry":{"type":"LineString","coordinates":[[14.351882,52.921911,27.931693],[14.351882,52.921911,27.931693],[14.35188,52.921913,27.957579],[14.35188,52.921913,27.957579],[14.352046,52.921917,29.0393],[14.352046,52.921917,29.0393],[14.352203,52.921922,28.067135],[14.352203,52.921922,28.067135],[14.352373,52.921924,27.049242],[14.352373,52.921924,27.049242],[14.352531,52.921927,25.699437],[14.352531,52.921927,25.699437],[14.352698,52.921926,24.097679],[14.352698,52.921926,24.097679],[14.352856,52.921905,22.693602],[14.352856,52.921905,22.693602],[14.352857,52.921804,21.304805],[14.352857,52.921804,21.304805],[14.352844,52.921688,20.452874],[14.352844,52.921688,20.452874],[14.352808,52.921568,19.816586],[14.352808,52.921568,19.816586],[14.352787,52.921455,19.847265],[14.352787,52.921455,19.847265],[14.352758,52.921338,19.277602],[14.352758,52.921338,19.277602],[14.352734,52.921244,18.802536],[14.352734,52.921244,18.802536],[14.35271,52.921151,18.59768],[14.35271,52.921151,18.59768],[14.352693,52.921048,18.185064],[14.352693,52.921048,18.185064],[14.352681,52.92094,17.816384],[14.352681,52.92094,17.816384],[14.352669,52.920829,17.189231],[14.352669,52.920829,17.189231],[14.352655,52.92071,16.46916],[14.352655,52.92071,16.46916],[14.352635,52.920586,16.887643],[14.352635,52.920586,16.887643],[14.352538,52.920511,17.279962],[14.352538,52.920511,17.279962],[14.35257,52.92038,17.123982],[14.35257,52.92038,17.123982],[14.352663,52.920268,16.719852],[14.352663,52.920268,16.719852],[14.352731,52.920098,16.598431],[14.352731,52.920098,16.598431],[14.352793,52.920013,17.263606],[14.352793,52.920013,17.263606],[14.352884,52.919929,16.961283],[14.352884,52.919929,16.961283],[14.35295,52.919836,16.897172],[14.35295,52.919836,16.897172],[14.353022,52.919738,16.709595],[14.353022,52.919738,16.709595],[14.353093,52.919639,16.463824],[14.353093,52.919639,16.463824],[14.353165,52.919542,15.927826],[14.353165,52.919542,15.927826],[14.353239,52.919438,15.776934],[14.353239,52.919438,15.776934],[14.353317,52.919335,15.569187],[14.353317,52.919335,15.569187],[14.353386,52.919233,15.348799],[14.353386,52.919233,15.348799],[14.353463,52.919129,15.261467],[14.353463,52.919129,15.261467],[14.35354,52.919027,15.178707],[14.35354,52.919027,15.178707],[14.353618,52.918925,14.992301],[14.353618,52.918925,14.992301],[14.353694,52.918825,14.979224],[14.353694,52.918825,14.979224],[14.353768,52.918727,14.910735],[14.353768,52.918727,14.910735],[14.353843,52.91863,14.930973],[14.353843,52.91863,14.930973],[14.353922,52.918535,15.165235],[14.353922,52.918535,15.165235],[14.353969,52.918433,15.262633],[14.353969,52.918433,15.262633],[14.354042,52.918335,15.145477],[14.354042,52.918335,15.145477],[14.354134,52.918246,14.674078],[14.354134,52.918246,14.674078],[14.354209,52.918151,15.015862],[14.354209,52.918151,15.015862],[14.354258,52.918046,15.227897],[14.354258,52.918046,15.227897],[14.35436,52.917951,15.391245],[14.35436,52.917951,15.391245],[14.354437,52.917852,15.1967],[14.354437,52.917852,15.1967],[14.354518,52.917757,15.4883],[14.354518,52.917757,15.4883],[14.354598,52.917669,15.328894],[14.354598,52.917669,15.328894],[14.354672,52.917584,15.224545],[14.354672,52.917584,15.224545],[14.354751,52.917503,15.260295],[14.354751,52.917503,15.260295],[14.354815,52.917414,15.675174],[14.354815,52.917414,15.675174],[14.354878,52.917326,15.679142],[14.354878,52.917326,15.679142],[14.354927,52.917233,15.644129],[14.354927,52.917233,15.644129],[14.354986,52.917136,15.838368],[14.354986,52.917136,15.838368],[14.355036,52.917035,15.903904],[14.355036,52.917035,15.903904],[14.355052,52.916925,15.73853],[14.355052,52.916925,15.73853],[14.355112,52.91682,15.968654],[14.355112,52.91682,15.968654],[14.355153,52.91671,16.156757],[14.355153,52.91671,16.156757],[14.355188,52.916597,16.096248],[14.355188,52.916597,16.096248],[14.355197,52.916488,16.304772],[14.355197,52.916488,16.304772],[14.355253,52.9164,15.912812],[14.355253,52.9164,15.912812],[14.355274,52.916309,16.009073],[14.355274,52.916309,16.009073],[14.355304,52.91622,17.878206],[14.355304,52.91622,17.878206],[14.355341,52.916068,16.884712],[14.355341,52.916068,16.884712],[14.355386,52.915912,17.492852],[14.355386,52.915912,17.492852],[14.355423,52.915764,17.82923],[14.355423,52.915764,17.82923],[14.355476,52.915655,18.012387],[14.355476,52.915655,18.012387],[14.355516,52.915566,19.086291],[14.355516,52.915566,19.086291],[14.355536,52.915427,19.621673],[14.355536,52.915427,19.621673],[14.355549,52.915289,19.911958],[14.355549,52.915289,19.911958],[14.355566,52.915138,20.472469],[14.355566,52.915138,20.472469],[14.355574,52.915048,21.026467],[14.355574,52.915048,21.026467],[14.355573,52.914953,21.2559],[14.355573,52.914953,21.2559],[14.355561,52.91485,21.502404],[14.355561,52.91485,21.502404],[14.355544,52.914739,21.803756],[14.355544,52.914739,21.803756],[14.35551,52.914625,21.917411],[14.35551,52.914625,21.917411],[14.355467,52.914505,22.033641],[14.355467,52.914505,22.033641],[14.355403,52.914396,22.063715],[14.355403,52.914396,22.063715],[14.35532,52.914282,22.77623],[14.35532,52.914282,22.77623],[14.355253,52.914174,22.936681],[14.355253,52.914174,22.936681],[14.355191,52.914064,23.214022],[14.355191,52.914064,23.214022],[14.355134,52.913957,23.470184],[14.355134,52.913957,23.470184],[14.355096,52.913855,23.5631],[14.355096,52.913855,23.5631],[14.355085,52.913758,24.232906],[14.355085,52.913758,24.232906],[14.3551,52.913662,24.351315],[14.3551,52.913662,24.351315],[14.355068,52.913564,24.502025],[14.355068,52.913564,24.502025],[14.355084,52.913458,24.773109],[14.355084,52.913458,24.773109],[14.355073,52.91335,24.756881],[14.355073,52.91335,24.756881],[14.355064,52.913234,25.035936],[14.355064,52.913234,25.035936],[14.355057,52.913112,25.727837],[14.355057,52.913112,25.727837],[14.355052,52.912991,26.0388],[14.355052,52.912991,26.0388],[14.355032,52.912868,26.279641],[14.355032,52.912868,26.279641],[14.354988,52.912746,26.499865],[14.354988,52.912746,26.499865],[14.354925,52.912631,26.736399],[14.354925,52.912631,26.736399],[14.354828,52.912524,27.516812],[14.354828,52.912524,27.516812],[14.354711,52.912433,27.706413],[14.354711,52.912433,27.706413],[14.354566,52.912356,28.170643],[14.354566,52.912356,28.170643],[14.354397,52.912292,29.02515],[14.354397,52.912292,29.02515],[14.354215,52.912237,29.747817],[14.354215,52.912237,29.747817],[14.354023,52.912188,30.286412],[14.354023,52.912188,30.286412],[14.353829,52.912138,30.93871],[14.353829,52.912138,30.93871],[14.353622,52.912087,32.129489],[14.353622,52.912087,32.129489],[14.353418,52.912037,32.907772],[14.353418,52.912037,32.907772],[14.353216,52.911986,33.516158],[14.353216,52.911986,33.516158],[14.353017,52.911934,34.340886],[14.353017,52.911934,34.340886],[14.352828,52.911885,34.883421],[14.352828,52.911885,34.883421],[14.352655,52.911839,35.283099],[14.352655,52.911839,35.283099],[14.352495,52.911795,35.648465],[14.352495,52.911795,35.648465],[14.352332,52.911758,36.181307],[14.352332,52.911758,36.181307],[14.352163,52.911714,36.783592],[14.352163,52.911714,36.783592],[14.351996,52.91167,37.434847],[14.351996,52.91167,37.434847],[14.351823,52.911625,38.066781],[14.351823,52.911625,38.066781],[14.351646,52.911579,38.75951],[14.351646,52.911579,38.75951],[14.351468,52.911534,39.326999],[14.351468,52.911534,39.326999],[14.351289,52.911486,39.920398],[14.351289,52.911486,39.920398],[14.351116,52.911441,40.581328],[14.351116,52.911441,40.581328],[14.350954,52.911399,41.096792],[14.350954,52.911399,41.096792],[14.3508,52.911363,41.54424],[14.3508,52.911363,41.54424],[14.350658,52.911333,41.907255],[14.350658,52.911333,41.907255],[14.350369,52.911305,43.157481],[14.350369,52.911305,43.157481],[14.350212,52.911318,43.498207],[14.350212,52.911318,43.498207],[14.350059,52.911354,44.300681],[14.350059,52.911354,44.300681],[14.349913,52.91141,44.666154],[14.349913,52.91141,44.666154],[14.349777,52.911482,45.364063],[14.349777,52.911482,45.364063],[14.349649,52.911568,45.750161],[14.349649,52.911568,45.750161],[14.349514,52.91166,46.455008],[14.349514,52.91166,46.455008],[14.349378,52.911758,46.831488],[14.349378,52.911758,46.831488],[14.349242,52.911849,47.316065],[14.349242,52.911849,47.316065],[14.3491,52.911936,47.7284],[14.3491,52.911936,47.7284],[14.348936,52.912019,48.299511],[14.348936,52.912019,48.299511],[14.348756,52.912095,48.972277],[14.348756,52.912095,48.972277],[14.34855,52.912158,49.765464],[14.34855,52.912158,49.765464],[14.348327,52.912212,50.555532],[14.348327,52.912212,50.555532],[14.34811,52.912247,51.229748],[14.34811,52.912247,51.229748],[14.347897,52.912256,51.715789],[14.347897,52.912256,51.715789],[14.347687,52.912246,52.604022],[14.347687,52.912246,52.604022],[14.347479,52.912213,53.646571],[14.347479,52.912213,53.646571],[14.347282,52.912158,54.375117],[14.347282,52.912158,54.375117],[14.347099,52.912083,55.241155],[14.347099,52.912083,55.241155],[14.346924,52.911999,55.91202],[14.346924,52.911999,55.91202],[14.346748,52.911914,57.103001],[14.346748,52.911914,57.103001],[14.34657,52.911824,57.759878],[14.34657,52.911824,57.759878],[14.346391,52.911734,58.581426],[14.346391,52.911734,58.581426],[14.346209,52.911642,59.48025],[14.346209,52.911642,59.48025],[14.346025,52.911546,60.252373],[14.346025,52.911546,60.252373],[14.34584,52.911451,61.147238],[14.34584,52.911451,61.147238],[14.345651,52.911355,62.070241],[14.345651,52.911355,62.070241],[14.345462,52.911257,62.816059],[14.345462,52.911257,62.816059],[14.34528,52.911163,63.672652],[14.34528,52.911163,63.672652],[14.345105,52.911072,64.475003],[14.345105,52.911072,64.475003],[14.344944,52.910983,65.331143],[14.344944,52.910983,65.331143],[14.344789,52.910886,65.911685],[14.344789,52.910886,65.911685],[14.344635,52.910785,66.674204],[14.344635,52.910785,66.674204],[14.344484,52.910677,67.259377],[14.344484,52.910677,67.259377],[14.344336,52.910561,67.712409],[14.344336,52.910561,67.712409],[14.344189,52.910441,68.230212],[14.344189,52.910441,68.230212],[14.344038,52.910319,68.673468],[14.344038,52.910319,68.673468],[14.343894,52.9102,69.249871],[14.343894,52.9102,69.249871],[14.343758,52.910085,69.886784],[14.343758,52.910085,69.886784],[14.343635,52.909969,70.461436],[14.343635,52.909969,70.461436],[14.343519,52.909848,71.329565],[14.343519,52.909848,71.329565],[14.343417,52.909719,71.843828],[14.343417,52.909719,71.843828],[14.343326,52.909584,72.639547],[14.343326,52.909584,72.639547],[14.343257,52.90944,73.304573],[14.343257,52.90944,73.304573],[14.343195,52.909293,73.866694],[14.343195,52.909293,73.866694],[14.343136,52.909141,74.404057],[14.343136,52.909141,74.404057],[14.343076,52.908985,75.292099],[14.343076,52.908985,75.292099],[14.343023,52.908835,75.927784],[14.343023,52.908835,75.927784],[14.342966,52.908686,76.692637],[14.342966,52.908686,76.692637],[14.342911,52.908537,77.464044],[14.342911,52.908537,77.464044],[14.342849,52.908389,77.938443],[14.342849,52.908389,77.938443],[14.342776,52.908243,78.315818],[14.342776,52.908243,78.315818],[14.342688,52.908096,78.589945],[14.342688,52.908096,78.589945],[14.342583,52.907945,78.631685],[14.342583,52.907945,78.631685],[14.342461,52.907795,78.940538],[14.342461,52.907795,78.940538],[14.34233,52.907639,79.298667],[14.34233,52.907639,79.298667],[14.342198,52.907484,79.480969],[14.342198,52.907484,79.480969],[14.34207,52.907333,79.584365],[14.34207,52.907333,79.584365],[14.341937,52.907189,79.879555],[14.341937,52.907189,79.879555],[14.341795,52.907055,80.118802],[14.341795,52.907055,80.118802],[14.341648,52.906927,80.176202],[14.341648,52.906927,80.176202],[14.341481,52.906807,80.269717],[14.341481,52.906807,80.269717],[14.341289,52.906695,80.538895],[14.341289,52.906695,80.538895],[14.341072,52.906591,80.910225],[14.341072,52.906591,80.910225],[14.340844,52.906489,81.148986],[14.340844,52.906489,81.148986],[14.340606,52.906385,81.428827],[14.340606,52.906385,81.428827],[14.340364,52.906274,81.631742],[14.340364,52.906274,81.631742],[14.340126,52.906167,81.800512],[14.340126,52.906167,81.800512],[14.339898,52.906063,81.96923],[14.339898,52.906063,81.96923],[14.339669,52.90596,82.215571],[14.339669,52.90596,82.215571],[14.339441,52.905857,82.20585],[14.339441,52.905857,82.20585],[14.339215,52.905756,82.096048],[14.339215,52.905756,82.096048],[14.338993,52.905657,81.853403],[14.338993,52.905657,81.853403],[14.338765,52.905554,81.448273],[14.338765,52.905554,81.448273],[14.338529,52.90545,81.014886],[14.338529,52.90545,81.014886],[14.33828,52.905342,80.377973],[14.33828,52.905342,80.377973],[14.338023,52.905234,79.623102],[14.338023,52.905234,79.623102],[14.337758,52.905127,78.784905],[14.337758,52.905127,78.784905],[14.337489,52.905022,78.12569],[14.337489,52.905022,78.12569],[14.337221,52.904919,77.518823],[14.337221,52.904919,77.518823],[14.336958,52.90482,76.839474],[14.336958,52.90482,76.839474],[14.3367,52.904721,76.156047],[14.3367,52.904721,76.156047],[14.336445,52.904624,75.482812],[14.336445,52.904624,75.482812],[14.336194,52.904528,74.969293],[14.336194,52.904528,74.969293],[14.335943,52.904433,74.329338],[14.335943,52.904433,74.329338],[14.335694,52.904338,73.800911],[14.335694,52.904338,73.800911],[14.335448,52.904246,73.257168],[14.335448,52.904246,73.257168],[14.335205,52.904153,72.628703],[14.335205,52.904153,72.628703],[14.334967,52.904063,72.164512],[14.334967,52.904063,72.164512],[14.334732,52.903975,71.668685],[14.334732,52.903975,71.668685],[14.334503,52.903887,71.189541],[14.334503,52.903887,71.189541],[14.334271,52.903799,70.694281],[14.334271,52.903799,70.694281],[14.334043,52.90371,70.24561],[14.334043,52.90371,70.24561],[14.333818,52.903624,69.838103],[14.333818,52.903624,69.838103],[14.333596,52.903538,69.395065],[14.333596,52.903538,69.395065],[14.333377,52.903455,68.991252],[14.333377,52.903455,68.991252],[14.333159,52.903376,68.665205],[14.333159,52.903376,68.665205],[14.332938,52.903302,68.13649],[14.332938,52.903302,68.13649],[14.332714,52.903232,67.550596],[14.332714,52.903232,67.550596],[14.332492,52.903167,67.234642],[14.332492,52.903167,67.234642],[14.332261,52.90311,66.950304],[14.332261,52.90311,66.950304],[14.332017,52.903065,66.850874],[14.332017,52.903065,66.850874],[14.331768,52.903029,66.788297],[14.331768,52.903029,66.788297],[14.331516,52.902999,66.681809],[14.331516,52.902999,66.681809],[14.33126,52.902973,66.639099],[14.33126,52.902973,66.639099],[14.330998,52.902952,66.552595],[14.330998,52.902952,66.552595],[14.330736,52.902934,66.199176],[14.330736,52.902934,66.199176],[14.330487,52.902915,66.237867],[14.330487,52.902915,66.237867],[14.330258,52.902898,66.204929],[14.330258,52.902898,66.204929],[14.330035,52.902881,66.300142],[14.330035,52.902881,66.300142],[14.329818,52.902864,66.263788],[14.329818,52.902864,66.263788],[14.329601,52.902848,66.194062],[14.329601,52.902848,66.194062],[14.329378,52.902831,66.162635],[14.329378,52.902831,66.162635],[14.329149,52.902814,66.310468],[14.329149,52.902814,66.310468],[14.328913,52.902799,66.332112],[14.328913,52.902799,66.332112],[14.328674,52.902785,66.293719],[14.328674,52.902785,66.293719],[14.328432,52.902767,66.179136],[14.328432,52.902767,66.179136],[14.328186,52.902751,66.115856],[14.328186,52.902751,66.115856],[14.327932,52.902734,66.004741],[14.327932,52.902734,66.004741],[14.32767,52.902715,65.962337],[14.32767,52.902715,65.962337],[14.327408,52.902695,65.871775],[14.327408,52.902695,65.871775],[14.32715,52.902673,65.824761],[14.32715,52.902673,65.824761],[14.326888,52.902648,65.760882],[14.326888,52.902648,65.760882],[14.326617,52.90262,66.5831],[14.326617,52.90262,66.5831],[14.326344,52.902591,66.593262],[14.326344,52.902591,66.593262],[14.326064,52.902558,66.51052],[14.326064,52.902558,66.51052],[14.325783,52.902524,66.350308],[14.325783,52.902524,66.350308],[14.325501,52.902489,66.130302],[14.325501,52.902489,66.130302],[14.325211,52.902454,65.79575],[14.325211,52.902454,65.79575],[14.324912,52.902417,65.655624],[14.324912,52.902417,65.655624],[14.324607,52.90238,65.475395],[14.324607,52.90238,65.475395],[14.324297,52.902342,65.341491],[14.324297,52.902342,65.341491],[14.323985,52.902302,65.152537],[14.323985,52.902302,65.152537],[14.323675,52.902265,65.123069],[14.323675,52.902265,65.123069],[14.323358,52.902226,65.252334],[14.323358,52.902226,65.252334],[14.323039,52.902184,65.338767],[14.323039,52.902184,65.338767],[14.322718,52.902143,65.21361],[14.322718,52.902143,65.21361],[14.322401,52.902101,65.359703],[14.322401,52.902101,65.359703],[14.32209,52.902061,65.637963],[14.32209,52.902061,65.637963],[14.321782,52.90202,65.912478],[14.321782,52.90202,65.912478],[14.321486,52.901985,66.328859],[14.321486,52.901985,66.328859],[14.321197,52.901948,66.649399],[14.321197,52.901948,66.649399],[14.320908,52.901908,67.112931],[14.320908,52.901908,67.112931],[14.320619,52.901864,67.438907],[14.320619,52.901864,67.438907],[14.320328,52.901811,67.698039],[14.320328,52.901811,67.698039],[14.320033,52.90175,67.776038],[14.320033,52.90175,67.776038],[14.319737,52.901682,67.952631],[14.319737,52.901682,67.952631],[14.319437,52.90161,68.270757],[14.319437,52.90161,68.270757],[14.319131,52.901538,68.250761],[14.319131,52.901538,68.250761],[14.318828,52.901467,68.675194],[14.318828,52.901467,68.675194],[14.318524,52.901393,68.872829],[14.318524,52.901393,68.872829],[14.31822,52.90132,69.016202],[14.31822,52.90132,69.016202],[14.317921,52.901248,69.231525],[14.317921,52.901248,69.231525],[14.317625,52.90118,69.305931],[14.317625,52.90118,69.305931],[14.317329,52.901111,69.659178],[14.317329,52.901111,69.659178],[14.317033,52.901034,69.808023],[14.317033,52.901034,69.808023],[14.316741,52.900944,70.010523],[14.316741,52.900944,70.010523],[14.31645,52.900847,70.198338],[14.31645,52.900847,70.198338],[14.31616,52.90074,70.425582],[14.31616,52.90074,70.425582],[14.315868,52.900629,70.51699],[14.315868,52.900629,70.51699],[14.315582,52.900518,70.542473],[14.315582,52.900518,70.542473],[14.315306,52.90041,70.870978],[14.315306,52.90041,70.870978],[14.315035,52.900305,71.037251],[14.315035,52.900305,71.037251],[14.314773,52.900204,71.281553],[14.314773,52.900204,71.281553],[14.314517,52.900104,71.423406],[14.314517,52.900104,71.423406],[14.314269,52.900008,71.625278],[14.314269,52.900008,71.625278],[14.31403,52.899915,71.793539],[14.31403,52.899915,71.793539],[14.313791,52.899823,71.836307],[14.313791,52.899823,71.836307],[14.313551,52.89973,72.241703],[14.313551,52.89973,72.241703],[14.313313,52.899635,72.550858],[14.313313,52.899635,72.550858],[14.313074,52.899535,72.686216],[14.313074,52.899535,72.686216],[14.312837,52.899428,73.095461],[14.312837,52.899428,73.095461],[14.312604,52.899312,73.50556],[14.312604,52.899312,73.50556],[14.312371,52.899191,73.700889],[14.312371,52.899191,73.700889],[14.312139,52.899066,73.881253],[14.312139,52.899066,73.881253],[14.311903,52.898938,74.031309],[14.311903,52.898938,74.031309],[14.31166,52.89881,74.312071],[14.31166,52.89881,74.312071],[14.311412,52.898681,74.249746],[14.311412,52.898681,74.249746],[14.311159,52.89855,74.3385],[14.311159,52.89855,74.3385],[14.310915,52.898419,74.297307],[14.310915,52.898419,74.297307],[14.310668,52.898288,73.971016],[14.310668,52.898288,73.971016],[14.310417,52.898157,74.208372],[14.310417,52.898157,74.208372],[14.310169,52.898027,74.417382],[14.310169,52.898027,74.417382],[14.309925,52.897896,73.973948],[14.309925,52.897896,73.973948],[14.30967,52.897763,73.874747],[14.30967,52.897763,73.874747],[14.309415,52.89763,73.702271],[14.309415,52.89763,73.702271],[14.309164,52.897497,73.449954],[14.309164,52.897497,73.449954],[14.308917,52.897368,73.170497],[14.308917,52.897368,73.170497],[14.30868,52.897238,72.779496],[14.30868,52.897238,72.779496],[14.308438,52.89711,72.677741],[14.308438,52.89711,72.677741],[14.308194,52.896982,72.332786],[14.308194,52.896982,72.332786],[14.30795,52.896852,72.055499],[14.30795,52.896852,72.055499],[14.307702,52.896722,71.795053],[14.307702,52.896722,71.795053],[14.307457,52.896593,71.503319],[14.307457,52.896593,71.503319],[14.307213,52.896464,71.407032],[14.307213,52.896464,71.407032],[14.306969,52.896338,71.237238],[14.306969,52.896338,71.237238],[14.306729,52.896212,71.201195],[14.306729,52.896212,71.201195],[14.306494,52.896088,71.295724],[14.306494,52.896088,71.295724],[14.306265,52.895965,71.206827],[14.306265,52.895965,71.206827],[14.306042,52.895847,71.319893],[14.306042,52.895847,71.319893],[14.305819,52.895731,71.459659],[14.305819,52.895731,71.459659],[14.305593,52.895614,71.627118],[14.305593,52.895614,71.627118],[14.305367,52.895494,71.910691],[14.305367,52.895494,71.910691],[14.305138,52.895374,71.945933],[14.305138,52.895374,71.945933],[14.304913,52.895259,72.278678],[14.304913,52.895259,72.278678],[14.304696,52.895142,72.475075],[14.304696,52.895142,72.475075],[14.304481,52.895022,72.650302],[14.304481,52.895022,72.650302],[14.30427,52.894896,73.051761],[14.30427,52.894896,73.051761],[14.304066,52.894762,73.247977],[14.304066,52.894762,73.247977],[14.303867,52.894623,73.33073],[14.303867,52.894623,73.33073],[14.303667,52.894486,73.693815],[14.303667,52.894486,73.693815],[14.303463,52.894341,74.053591],[14.303463,52.894341,74.053591],[14.303247,52.894202,74.567681],[14.303247,52.894202,74.567681],[14.303033,52.894068,74.28263],[14.303033,52.894068,74.28263],[14.302826,52.893918,73.826126],[14.302826,52.893918,73.826126],[14.302642,52.893783,73.644397],[14.302642,52.893783,73.644397],[14.302409,52.893641,73.354206],[14.302409,52.893641,73.354206],[14.302196,52.893489,73.37035],[14.302196,52.893489,73.37035],[14.301975,52.893347,73.214378],[14.301975,52.893347,73.214378],[14.301796,52.893188,73.371008],[14.301796,52.893188,73.371008],[14.301586,52.893032,73.272519],[14.301586,52.893032,73.272519],[14.301371,52.892881,73.366647],[14.301371,52.892881,73.366647],[14.301173,52.892725,72.965185],[14.301173,52.892725,72.965185],[14.300967,52.892576,73.456961],[14.300967,52.892576,73.456961],[14.300771,52.892418,73.001254],[14.300771,52.892418,73.001254],[14.300581,52.892296,73.847652],[14.300581,52.892296,73.847652],[14.300365,52.892184,73.409447],[14.300365,52.892184,73.409447],[14.30012,52.89207,73.97744],[14.30012,52.89207,73.97744],[14.299884,52.891956,73.688115],[14.299884,52.891956,73.688115],[14.299615,52.891819,73.288753],[14.299615,52.891819,73.288753],[14.299362,52.891691,73.238177],[14.299362,52.891691,73.238177],[14.299115,52.891566,73.100828],[14.299115,52.891566,73.100828],[14.298864,52.891444,73.105303],[14.298864,52.891444,73.105303],[14.298625,52.891327,72.72176],[14.298625,52.891327,72.72176],[14.298387,52.89122,72.645376],[14.298387,52.89122,72.645376],[14.298143,52.891131,72.612597],[14.298143,52.891131,72.612597],[14.297881,52.891057,72.624412],[14.297881,52.891057,72.624412],[14.297603,52.890994,72.601874],[14.297603,52.890994,72.601874],[14.297319,52.890937,72.809979],[14.297319,52.890937,72.809979],[14.297033,52.890877,72.733431],[14.297033,52.890877,72.733431],[14.296743,52.890818,72.765704],[14.296743,52.890818,72.765704],[14.29645,52.890757,73.052544],[14.29645,52.890757,73.052544],[14.296155,52.890694,73.471485],[14.296155,52.890694,73.471485],[14.29586,52.890632,73.8272],[14.29586,52.890632,73.8272],[14.29556,52.890572,74.474846],[14.29556,52.890572,74.474846],[14.295265,52.890512,74.711163],[14.295265,52.890512,74.711163],[14.294969,52.890453,75.176862],[14.294969,52.890453,75.176862],[14.294676,52.890395,75.819893],[14.294676,52.890395,75.819893],[14.294381,52.890334,76.220795],[14.294381,52.890334,76.220795],[14.294088,52.890273,76.488711],[14.294088,52.890273,76.488711],[14.293792,52.890214,77.023086],[14.293792,52.890214,77.023086],[14.293495,52.890158,77.531054],[14.293495,52.890158,77.531054],[14.293191,52.890111,78.038025],[14.293191,52.890111,78.038025],[14.292883,52.890071,78.513309],[14.292883,52.890071,78.513309],[14.292571,52.890034,78.83139],[14.292571,52.890034,78.83139],[14.29226,52.89,79.273313],[14.29226,52.89,79.273313],[14.291962,52.889966,79.692974],[14.291962,52.889966,79.692974],[14.291667,52.889934,80.435816],[14.291667,52.889934,80.435816],[14.291373,52.889902,80.990052],[14.291373,52.889902,80.990052],[14.291081,52.88987,81.434988],[14.291081,52.88987,81.434988],[14.290796,52.889839,81.697511],[14.290796,52.889839,81.697511],[14.290523,52.889809,81.956016],[14.290523,52.889809,81.956016],[14.290269,52.889783,82.214621],[14.290269,52.889783,82.214621],[14.290048,52.889761,82.543534],[14.290048,52.889761,82.543534],[14.289843,52.889746,82.754528],[14.289843,52.889746,82.754528],[14.289648,52.88973,82.941518],[14.289648,52.88973,82.941518],[14.289458,52.889712,83.032846],[14.289458,52.889712,83.032846],[14.289289,52.889692,82.908581],[14.289289,52.889692,82.908581],[14.289114,52.889664,82.85898],[14.289114,52.889664,82.85898],[14.288951,52.889614,82.750693],[14.288951,52.889614,82.750693],[14.288816,52.889559,82.301474],[14.288816,52.889559,82.301474],[14.288689,52.889484,81.981817],[14.288689,52.889484,81.981817],[14.288589,52.889397,82.050587],[14.288589,52.889397,82.050587],[14.288495,52.889299,81.74545],[14.288495,52.889299,81.74545],[14.288414,52.889191,81.487584],[14.288414,52.889191,81.487584],[14.288325,52.889076,81.194904],[14.288325,52.889076,81.194904],[14.288243,52.888952,81.063998],[14.288243,52.888952,81.063998],[14.28816,52.888824,80.241571],[14.28816,52.888824,80.241571],[14.288071,52.888694,80.017787],[14.288071,52.888694,80.017787],[14.287975,52.888565,80.096431],[14.287975,52.888565,80.096431],[14.287877,52.888431,80.005294],[14.287877,52.888431,80.005294],[14.287774,52.888295,79.660003],[14.287774,52.888295,79.660003],[14.287681,52.888164,79.140567],[14.287681,52.888164,79.140567],[14.287586,52.888026,78.455114],[14.287586,52.888026,78.455114],[14.287478,52.887889,78.509572],[14.287478,52.887889,78.509572],[14.28737,52.887752,78.684677],[14.28737,52.887752,78.684677],[14.287258,52.887632,78.341052],[14.287258,52.887632,78.341052],[14.287123,52.887498,78.89062],[14.287123,52.887498,78.89062],[14.287014,52.88736,78.862728],[14.287014,52.88736,78.862728],[14.286901,52.887254,79.719998],[14.286901,52.887254,79.719998],[14.286807,52.887151,80.080756],[14.286807,52.887151,80.080756],[14.286691,52.88703,80.202582],[14.286691,52.88703,80.202582],[14.286609,52.886912,80.398122],[14.286609,52.886912,80.398122],[14.286548,52.886788,80.788754],[14.286548,52.886788,80.788754],[14.286498,52.886657,80.745355],[14.286498,52.886657,80.745355],[14.286448,52.886525,80.712157],[14.286448,52.886525,80.712157],[14.286398,52.88639,80.570452],[14.286398,52.88639,80.570452],[14.286341,52.886253,80.721544],[14.286341,52.886253,80.721544],[14.286281,52.886116,80.942594],[14.286281,52.886116,80.942594],[14.286222,52.885979,80.77242],[14.286222,52.885979,80.77242],[14.286158,52.885841,80.89613],[14.286158,52.885841,80.89613],[14.28609,52.885698,80.991865],[14.28609,52.885698,80.991865],[14.286021,52.885552,81.049541],[14.286021,52.885552,81.049541],[14.285941,52.885408,80.910845],[14.285941,52.885408,80.910845],[14.285858,52.885267,80.585621],[14.285858,52.885267,80.585621],[14.285764,52.885133,80.772931],[14.285764,52.885133,80.772931],[14.285669,52.885003,80.499853],[14.285669,52.885003,80.499853],[14.285569,52.884878,80.318308],[14.285569,52.884878,80.318308],[14.285472,52.884759,80.49579],[14.285472,52.884759,80.49579],[14.285369,52.88464,80.705335],[14.285369,52.88464,80.705335],[14.285267,52.884526,80.704254],[14.285267,52.884526,80.704254],[14.285181,52.884413,80.236678],[14.285181,52.884413,80.236678],[14.285084,52.884298,80.028695],[14.285084,52.884298,80.028695],[14.284982,52.884188,79.861928],[14.284982,52.884188,79.861928],[14.284849,52.884091,79.471691],[14.284849,52.884091,79.471691],[14.284713,52.884001,80.020549],[14.284713,52.884001,80.020549],[14.284534,52.883931,79.682921],[14.284534,52.883931,79.682921],[14.284384,52.883868,79.962539],[14.284384,52.883868,79.962539],[14.284204,52.883822,80.507029],[14.284204,52.883822,80.507029],[14.284002,52.883759,80.839507],[14.284002,52.883759,80.839507],[14.283812,52.883706,80.553926],[14.283812,52.883706,80.553926],[14.283603,52.883685,80.034331],[14.283603,52.883685,80.034331],[14.283406,52.883671,79.04173],[14.283406,52.883671,79.04173],[14.283229,52.883633,79.672548],[14.283229,52.883633,79.672548],[14.283023,52.883585,80.00217],[14.283023,52.883585,80.00217],[14.282835,52.883509,80.426666],[14.282835,52.883509,80.426666],[14.282645,52.883422,80.026699],[14.282645,52.883422,80.026699],[14.282473,52.88333,79.449156],[14.282473,52.88333,79.449156],[14.282214,52.883242,79.215302],[14.282214,52.883242,79.215302],[14.282026,52.883148,79.002863],[14.282026,52.883148,79.002863],[14.28178,52.883052,77.520043],[14.28178,52.883052,77.520043],[14.281538,52.882951,76.932768],[14.281538,52.882951,76.932768],[14.281302,52.882846,76.638485],[14.281302,52.882846,76.638485],[14.28107,52.882745,75.700847],[14.28107,52.882745,75.700847],[14.280842,52.882639,76.319518],[14.280842,52.882639,76.319518],[14.28061,52.88254,76.3979],[14.28061,52.88254,76.3979],[14.280356,52.882444,75.72373],[14.280356,52.882444,75.72373],[14.280128,52.882343,75.783297],[14.280128,52.882343,75.783297],[14.2799,52.882235,75.866919],[14.2799,52.882235,75.866919],[14.27964,52.882124,75.809614],[14.27964,52.882124,75.809614],[14.279377,52.882005,75.398811],[14.279377,52.882005,75.398811],[14.279127,52.881894,74.507141],[14.279127,52.881894,74.507141],[14.278897,52.881779,74.612626],[14.278897,52.881779,74.612626],[14.278659,52.881673,75.126819],[14.278659,52.881673,75.126819],[14.278436,52.881584,74.599417],[14.278436,52.881584,74.599417],[14.278183,52.881483,73.994855],[14.278183,52.881483,73.994855],[14.27789,52.881386,73.171337],[14.27789,52.881386,73.171337],[14.277609,52.881286,73.642132],[14.277609,52.881286,73.642132],[14.27731,52.881193,73.594284],[14.27731,52.881193,73.594284],[14.277032,52.881114,74.181422],[14.277032,52.881114,74.181422],[14.276727,52.881017,74.303931],[14.276727,52.881017,74.303931],[14.276433,52.880922,74.204797],[14.276433,52.880922,74.204797],[14.276113,52.880825,74.509661],[14.276113,52.880825,74.509661],[14.275813,52.880745,74.661836],[14.275813,52.880745,74.661836],[14.275521,52.880653,74.50708],[14.275521,52.880653,74.50708],[14.275237,52.880549,75.346791],[14.275237,52.880549,75.346791],[14.274942,52.880456,75.691606],[14.274942,52.880456,75.691606],[14.274646,52.880359,75.964087],[14.274646,52.880359,75.964087],[14.274349,52.880263,76.190572],[14.274349,52.880263,76.190572],[14.274052,52.88017,76.504732],[14.274052,52.88017,76.504732],[14.273756,52.880074,75.891787],[14.273756,52.880074,75.891787],[14.273452,52.879977,75.493348],[14.273452,52.879977,75.493348],[14.273145,52.879878,74.801841],[14.273145,52.879878,74.801841],[14.272835,52.879776,74.154362],[14.272835,52.879776,74.154362],[14.272528,52.879678,73.178696],[14.272528,52.879678,73.178696],[14.272224,52.879577,72.570185],[14.272224,52.879577,72.570185],[14.271924,52.879477,71.926756],[14.271924,52.879477,71.926756],[14.271625,52.879379,71.385489],[14.271625,52.879379,71.385489],[14.27133,52.879282,71.105729],[14.27133,52.879282,71.105729],[14.271041,52.879187,70.533666],[14.271041,52.879187,70.533666],[14.270756,52.879094,70.024718],[14.270756,52.879094,70.024718],[14.270473,52.879005,69.524235],[14.270473,52.879005,69.524235],[14.270194,52.878915,69.580467],[14.270194,52.878915,69.580467],[14.269918,52.878827,69.325009],[14.269918,52.878827,69.325009],[14.269642,52.878741,68.941749],[14.269642,52.878741,68.941749],[14.269366,52.878665,68.680102],[14.269366,52.878665,68.680102],[14.26908,52.878603,68.606626],[14.26908,52.878603,68.606626],[14.268786,52.878564,68.573345],[14.268786,52.878564,68.573345],[14.268485,52.878549,68.962624],[14.268485,52.878549,68.962624],[14.268184,52.878555,69.135206],[14.268184,52.878555,69.135206],[14.267876,52.878575,69.716746],[14.267876,52.878575,69.716746],[14.267561,52.8786,69.997837],[14.267561,52.8786,69.997837],[14.267244,52.878628,70.030274],[14.267244,52.878628,70.030274],[14.266923,52.878659,70.038458],[14.266923,52.878659,70.038458],[14.266592,52.878687,70.337338],[14.266592,52.878687,70.337338],[14.266267,52.878716,70.157849],[14.266267,52.878716,70.157849],[14.265951,52.878745,70.668731],[14.265951,52.878745,70.668731],[14.265649,52.878771,70.776634],[14.265649,52.878771,70.776634],[14.265362,52.878788,70.952395],[14.265362,52.878788,70.952395],[14.265068,52.878803,71.317051],[14.265068,52.878803,71.317051],[14.264773,52.878808,72.323314],[14.264773,52.878808,72.323314],[14.264474,52.878793,72.44374],[14.264474,52.878793,72.44374],[14.264178,52.878769,72.283984],[14.264178,52.878769,72.283984],[14.263884,52.878725,72.724693],[14.263884,52.878725,72.724693],[14.263596,52.878663,73.111274],[14.263596,52.878663,73.111274],[14.263335,52.878595,73.612968],[14.263335,52.878595,73.612968],[14.263052,52.878518,74.316623],[14.263052,52.878518,74.316623],[14.262797,52.878439,74.94284],[14.262797,52.878439,74.94284],[14.26255,52.878353,75.103598],[14.26255,52.878353,75.103598],[14.262287,52.878264,74.685412],[14.262287,52.878264,74.685412],[14.262026,52.878182,74.465435],[14.262026,52.878182,74.465435],[14.261818,52.878112,75.106438],[14.261818,52.878112,75.106438],[14.261564,52.878034,75.193725],[14.261564,52.878034,75.193725],[14.261294,52.877961,75.334676],[14.261294,52.877961,75.334676],[14.261045,52.877878,75.99382],[14.261045,52.877878,75.99382],[14.260766,52.877807,75.770583],[14.260766,52.877807,75.770583],[14.260463,52.877753,76.797113],[14.260463,52.877753,76.797113],[14.260187,52.877701,76.585178],[14.260187,52.877701,76.585178],[14.259891,52.877651,76.562995],[14.259891,52.877651,76.562995],[14.259589,52.877604,76.695717],[14.259589,52.877604,76.695717],[14.25928,52.877557,76.907902],[14.25928,52.877557,76.907902],[14.258966,52.877509,77.169924],[14.258966,52.877509,77.169924],[14.258644,52.877463,77.55663],[14.258644,52.877463,77.55663],[14.258323,52.877411,77.247047],[14.258323,52.877411,77.247047],[14.258001,52.877362,77.521953],[14.258001,52.877362,77.521953],[14.25767,52.877309,77.049051],[14.25767,52.877309,77.049051],[14.257338,52.877257,77.015436],[14.257338,52.877257,77.015436],[14.257007,52.877203,77.434434],[14.257007,52.877203,77.434434],[14.256658,52.877149,77.085492],[14.256658,52.877149,77.085492],[14.256324,52.877119,77.133572],[14.256324,52.877119,77.133572],[14.256007,52.877091,77.267016],[14.256007,52.877091,77.267016],[14.25569,52.877056,77.730002],[14.25569,52.877056,77.730002],[14.255344,52.877033,78.053417],[14.255344,52.877033,78.053417],[14.254987,52.877003,78.119707],[14.254987,52.877003,78.119707],[14.254617,52.876978,77.554712],[14.254617,52.876978,77.554712],[14.254264,52.876951,76.842915],[14.254264,52.876951,76.842915],[14.253914,52.876919,76.421821],[14.253914,52.876919,76.421821],[14.253586,52.87691,76.971813],[14.253586,52.87691,76.971813],[14.253272,52.876879,76.717469],[14.253272,52.876879,76.717469],[14.252954,52.876846,76.451445],[14.252954,52.876846,76.451445],[14.252628,52.876823,76.178863],[14.252628,52.876823,76.178863],[14.252325,52.876789,76.289775],[14.252325,52.876789,76.289775],[14.251959,52.87676,75.424294],[14.251959,52.87676,75.424294],[14.251624,52.876734,75.003481],[14.251624,52.876734,75.003481],[14.251278,52.876703,75.089303],[14.251278,52.876703,75.089303],[14.250932,52.876682,74.175273],[14.250932,52.876682,74.175273],[14.250576,52.876649,73.439188],[14.250576,52.876649,73.439188],[14.250215,52.87662,72.952221],[14.250215,52.87662,72.952221],[14.249841,52.876589,71.820179],[14.249841,52.876589,71.820179],[14.249476,52.876558,71.266383],[14.249476,52.876558,71.266383],[14.249106,52.876531,71.298748],[14.249106,52.876531,71.298748],[14.248725,52.876501,71.025603],[14.248725,52.876501,71.025603],[14.248362,52.876473,69.914538],[14.248362,52.876473,69.914538],[14.247982,52.876451,69.346154],[14.247982,52.876451,69.346154],[14.247619,52.876414,69.436968],[14.247619,52.876414,69.436968],[14.247253,52.876377,68.906005],[14.247253,52.876377,68.906005],[14.246905,52.876353,68.628794],[14.246905,52.876353,68.628794],[14.246564,52.876321,68.659828],[14.246564,52.876321,68.659828],[14.246211,52.876304,68.052771],[14.246211,52.876304,68.052771],[14.245864,52.876293,68.250266],[14.245864,52.876293,68.250266],[14.24552,52.876288,68.092274],[14.24552,52.876288,68.092274],[14.245192,52.876295,68.032702],[14.245192,52.876295,68.032702],[14.244865,52.876307,68.674869],[14.244865,52.876307,68.674869],[14.244542,52.876334,68.58569],[14.244542,52.876334,68.58569],[14.244223,52.87638,68.975932],[14.244223,52.87638,68.975932],[14.243904,52.876437,68.528534],[14.243904,52.876437,68.528534],[14.243591,52.876511,69.365261],[14.243591,52.876511,69.365261],[14.24328,52.876595,70.198496],[14.24328,52.876595,70.198496],[14.242972,52.876685,71.580686],[14.242972,52.876685,71.580686],[14.24267,52.876778,71.701717],[14.24267,52.876778,71.701717],[14.242366,52.87688,71.96668],[14.242366,52.87688,71.96668],[14.242068,52.876985,71.827458],[14.242068,52.876985,71.827458],[14.241761,52.877091,72.802886],[14.241761,52.877091,72.802886],[14.241446,52.8772,73.066947],[14.241446,52.8772,73.066947],[14.241137,52.877307,73.591857],[14.241137,52.877307,73.591857],[14.240825,52.877408,74.064582],[14.240825,52.877408,74.064582],[14.240523,52.877518,74.403511],[14.240523,52.877518,74.403511],[14.240224,52.877626,74.77083],[14.240224,52.877626,74.77083],[14.23993,52.877731,75.056509],[14.23993,52.877731,75.056509],[14.239647,52.877829,74.965352],[14.239647,52.877829,74.965352],[14.239365,52.877929,74.791579],[14.239365,52.877929,74.791579],[14.23908,52.878025,74.731569],[14.23908,52.878025,74.731569],[14.238793,52.878142,74.007244],[14.238793,52.878142,74.007244],[14.238495,52.878232,73.385781],[14.238495,52.878232,73.385781],[14.238202,52.878335,73.046061],[14.238202,52.878335,73.046061],[14.237917,52.878435,71.920808],[14.237917,52.878435,71.920808],[14.23764,52.878547,71.251188],[14.23764,52.878547,71.251188],[14.237347,52.878645,70.899514],[14.237347,52.878645,70.899514],[14.237072,52.878737,71.078397],[14.237072,52.878737,71.078397],[14.236799,52.878833,70.400007],[14.236799,52.878833,70.400007],[14.236522,52.878928,70.014539],[14.236522,52.878928,70.014539],[14.236244,52.879024,69.475795],[14.236244,52.879024,69.475795],[14.235967,52.879113,68.995889],[14.235967,52.879113,68.995889],[14.235684,52.879203,68.762186],[14.235684,52.879203,68.762186],[14.235393,52.879285,68.321651],[14.235393,52.879285,68.321651],[14.235095,52.879366,68.038223],[14.235095,52.879366,68.038223],[14.234788,52.879439,67.58454],[14.234788,52.879439,67.58454],[14.234468,52.879508,67.118711],[14.234468,52.879508,67.118711],[14.234137,52.879576,66.937718],[14.234137,52.879576,66.937718],[14.233795,52.879642,66.477067],[14.233795,52.879642,66.477067],[14.23344,52.879707,66.129916],[14.23344,52.879707,66.129916],[14.233077,52.879772,65.5177],[14.233077,52.879772,65.5177],[14.232702,52.879836,64.786343],[14.232702,52.879836,64.786343],[14.232319,52.879904,64.209311],[14.232319,52.879904,64.209311],[14.231938,52.879972,63.826912],[14.231938,52.879972,63.826912],[14.231559,52.880039,63.243114],[14.231559,52.880039,63.243114],[14.23118,52.880104,62.56912],[14.23118,52.880104,62.56912],[14.230798,52.88017,62.208133],[14.230798,52.88017,62.208133],[14.230418,52.880237,61.581953],[14.230418,52.880237,61.581953],[14.230041,52.880302,61.085654],[14.230041,52.880302,61.085654],[14.229664,52.880368,60.79688],[14.229664,52.880368,60.79688],[14.229287,52.880435,60.366245],[14.229287,52.880435,60.366245],[14.228906,52.880501,59.757554],[14.228906,52.880501,59.757554],[14.228525,52.880568,59.340029],[14.228525,52.880568,59.340029],[14.228145,52.880635,58.811253],[14.228145,52.880635,58.811253],[14.22777,52.880701,58.158208],[14.22777,52.880701,58.158208],[14.227399,52.880765,57.604185],[14.227399,52.880765,57.604185],[14.227033,52.880829,57.091327],[14.227033,52.880829,57.091327],[14.226675,52.88089,56.392603],[14.226675,52.88089,56.392603],[14.226327,52.880949,55.794548],[14.226327,52.880949,55.794548],[14.225986,52.88101,55.168805],[14.225986,52.88101,55.168805],[14.225648,52.881072,54.500145],[14.225648,52.881072,54.500145],[14.225311,52.881133,53.829922],[14.225311,52.881133,53.829922],[14.224977,52.881192,52.957507],[14.224977,52.881192,52.957507],[14.224642,52.88125,52.180788],[14.224642,52.88125,52.180788],[14.224311,52.881305,51.189209],[14.224311,52.881305,51.189209],[14.223985,52.881362,49.98243],[14.223985,52.881362,49.98243],[14.223664,52.881423,49.300407],[14.223664,52.881423,49.300407],[14.223341,52.881481,48.711338],[14.223341,52.881481,48.711338],[14.223016,52.88154,48.083734],[14.223016,52.88154,48.083734],[14.222712,52.881596,47.376648],[14.222712,52.881596,47.376648],[14.222404,52.881646,47.061491],[14.222404,52.881646,47.061491],[14.222053,52.881709,45.979566],[14.222053,52.881709,45.979566],[14.221729,52.881748,44.649374],[14.221729,52.881748,44.649374],[14.221409,52.881789,43.740023],[14.221409,52.881789,43.740023],[14.221082,52.881824,42.5626],[14.221082,52.881824,42.5626],[14.220761,52.881841,41.625004],[14.220761,52.881841,41.625004],[14.220447,52.881858,40.679424],[14.220447,52.881858,40.679424],[14.220139,52.881874,40.013218],[14.220139,52.881874,40.013218],[14.219846,52.88189,39.369285],[14.219846,52.88189,39.369285],[14.219572,52.881906,38.628308],[14.219572,52.881906,38.628308],[14.219306,52.881919,38.101596],[14.219306,52.881919,38.101596],[14.219062,52.881932,37.343733],[14.219062,52.881932,37.343733],[14.218832,52.881944,36.720028],[14.218832,52.881944,36.720028],[14.218619,52.881957,36.135933],[14.218619,52.881957,36.135933],[14.218422,52.881966,35.336779],[14.218422,52.881966,35.336779],[14.21823,52.881976,34.878006],[14.21823,52.881976,34.878006],[14.21804,52.881986,34.369273],[14.21804,52.881986,34.369273],[14.217855,52.881998,34.050466],[14.217855,52.881998,34.050466],[14.217673,52.882011,33.559035],[14.217673,52.882011,33.559035],[14.21749,52.882028,33.042848],[14.21749,52.882028,33.042848],[14.217304,52.882046,32.529838],[14.217304,52.882046,32.529838],[14.217112,52.882061,31.909472],[14.217112,52.882061,31.909472],[14.21691,52.882069,31.216189],[14.21691,52.882069,31.216189],[14.216703,52.882072,30.556044],[14.216703,52.882072,30.556044],[14.216491,52.882077,29.816773],[14.216491,52.882077,29.816773],[14.216279,52.882083,29.009427],[14.216279,52.882083,29.009427],[14.216067,52.882089,28.380244],[14.216067,52.882089,28.380244],[14.215862,52.882116,28.134978],[14.215862,52.882116,28.134978],[14.215655,52.882115,27.958484],[14.215655,52.882115,27.958484],[14.21545,52.882117,27.600437],[14.21545,52.882117,27.600437],[14.215244,52.88213,27.191663],[14.215244,52.88213,27.191663],[14.215029,52.882137,26.689373],[14.215029,52.882137,26.689373],[14.214811,52.882139,26.17891],[14.214811,52.882139,26.17891],[14.214593,52.882134,25.94578],[14.214593,52.882134,25.94578],[14.214369,52.882123,25.900085],[14.214369,52.882123,25.900085],[14.214147,52.88211,25.587467],[14.214147,52.88211,25.587467],[14.213919,52.882093,25.672255],[14.213919,52.882093,25.672255],[14.213693,52.882073,25.328284],[14.213693,52.882073,25.328284],[14.213466,52.882048,25.312128],[14.213466,52.882048,25.312128],[14.213245,52.882023,25.219438],[14.213245,52.882023,25.219438],[14.213029,52.881998,24.881763],[14.213029,52.881998,24.881763],[14.212816,52.881969,24.989535],[14.212816,52.881969,24.989535],[14.2126,52.88194,24.806599],[14.2126,52.88194,24.806599],[14.212377,52.881903,24.783644],[14.212377,52.881903,24.783644],[14.212158,52.88186,24.946113],[14.212158,52.88186,24.946113],[14.211943,52.881813,24.87957],[14.211943,52.881813,24.87957],[14.211731,52.881764,24.801224],[14.211731,52.881764,24.801224],[14.211526,52.88171,24.786838],[14.211526,52.88171,24.786838],[14.211328,52.881649,24.71244],[14.211328,52.881649,24.71244],[14.21113,52.881585,24.80769],[14.21113,52.881585,24.80769],[14.21093,52.881526,24.677198],[14.21093,52.881526,24.677198],[14.210733,52.881463,24.35067],[14.210733,52.881463,24.35067],[14.210534,52.881402,24.125986],[14.210534,52.881402,24.125986],[14.210341,52.881341,23.82886],[14.210341,52.881341,23.82886],[14.210147,52.881282,23.422355],[14.210147,52.881282,23.422355],[14.209957,52.881223,23.066026],[14.209957,52.881223,23.066026],[14.209765,52.881162,22.88532],[14.209765,52.881162,22.88532],[14.209572,52.881103,22.422284],[14.209572,52.881103,22.422284],[14.209376,52.881044,22.146653],[14.209376,52.881044,22.146653],[14.209191,52.880986,21.680043],[14.209191,52.880986,21.680043],[14.209011,52.88093,21.248377],[14.209011,52.88093,21.248377],[14.208836,52.880875,20.882162],[14.208836,52.880875,20.882162],[14.208668,52.880822,20.564281],[14.208668,52.880822,20.564281],[14.208504,52.880774,20.188198],[14.208504,52.880774,20.188198],[14.208332,52.880737,19.887088],[14.208332,52.880737,19.887088],[14.208145,52.880709,19.545376],[14.208145,52.880709,19.545376],[14.207954,52.880685,19.251937],[14.207954,52.880685,19.251937],[14.20776,52.88066,19.095596],[14.20776,52.88066,19.095596],[14.207565,52.880636,19.109882],[14.207565,52.880636,19.109882],[14.207372,52.880612,19.182772],[14.207372,52.880612,19.182772],[14.207185,52.880586,18.982722],[14.207185,52.880586,18.982722],[14.207001,52.880562,18.810523],[14.207001,52.880562,18.810523],[14.206822,52.880537,19.004526],[14.206822,52.880537,19.004526],[14.206648,52.880509,18.763459],[14.206648,52.880509,18.763459],[14.20648,52.880474,18.719739],[14.20648,52.880474,18.719739],[14.206322,52.880431,18.480391],[14.206322,52.880431,18.480391],[14.206165,52.880381,18.761954],[14.206165,52.880381,18.761954],[14.206014,52.880333,18.746919],[14.206014,52.880333,18.746919],[14.205865,52.880281,18.913428],[14.205865,52.880281,18.913428],[14.205725,52.880225,18.613442],[14.205725,52.880225,18.613442],[14.205583,52.880166,18.501367],[14.205583,52.880166,18.501367],[14.205456,52.880103,18.214861],[14.205456,52.880103,18.214861],[14.205338,52.880031,17.797546],[14.205338,52.880031,17.797546],[14.205232,52.879957,17.38443],[14.205232,52.879957,17.38443],[14.205126,52.879883,17.088372],[14.205126,52.879883,17.088372],[14.205026,52.879814,16.634942],[14.205026,52.879814,16.634942],[14.204839,52.879691,15.469786],[14.204839,52.879691,15.469786],[14.204633,52.879578,14.559005],[14.204633,52.879578,14.559005],[14.204395,52.879477,13.769353],[14.204395,52.879477,13.769353],[14.204262,52.879434,13.522381],[14.204262,52.879434,13.522381],[14.204124,52.879393,12.916811],[14.204124,52.879393,12.916811],[14.203981,52.87936,12.451025],[14.203981,52.87936,12.451025],[14.203684,52.879323,11.55279],[14.203684,52.879323,11.55279],[14.203529,52.879318,11.240577],[14.203529,52.879318,11.240577],[14.203367,52.879315,10.858373],[14.203367,52.879315,10.858373],[14.2032,52.879313,10.669881],[14.2032,52.879313,10.669881],[14.203029,52.879311,10.284664],[14.203029,52.879311,10.284664],[14.202857,52.879307,9.769538],[14.202857,52.879307,9.769538],[14.202685,52.879304,9.888711],[14.202685,52.879304,9.888711],[14.202533,52.879299,9.820468],[14.202533,52.879299,9.820468],[14.202256,52.879289,9.436328],[14.202256,52.879289,9.436328],[14.20198,52.879252,8.703225],[14.20198,52.879252,8.703225],[14.20171,52.879183,8.352134],[14.20171,52.879183,8.352134],[14.201457,52.879092,7.477968],[14.201457,52.879092,7.477968],[14.201337,52.879029,7.107453],[14.201337,52.879029,7.107453],[14.201223,52.878956,7.020079],[14.201223,52.878956,7.020079],[14.201123,52.878873,6.807089],[14.201123,52.878873,6.807089],[14.201037,52.878784,6.543716],[14.201037,52.878784,6.543716],[14.200963,52.878689,6.206063],[14.200963,52.878689,6.206063],[14.200898,52.878587,6.074039],[14.200898,52.878587,6.074039],[14.200844,52.87848,5.888286],[14.200844,52.87848,5.888286],[14.200794,52.87837,5.875801],[14.200794,52.87837,5.875801],[14.200743,52.878256,5.966705],[14.200743,52.878256,5.966705],[14.200699,52.878139,5.837186],[14.200699,52.878139,5.837186],[14.200652,52.878023,5.64662],[14.200652,52.878023,5.64662],[14.200604,52.877908,5.501685],[14.200604,52.877908,5.501685],[14.200557,52.877791,5.369392],[14.200557,52.877791,5.369392],[14.200507,52.877673,5.291722],[14.200507,52.877673,5.291722],[14.200457,52.877552,5.300474],[14.200457,52.877552,5.300474],[14.200401,52.877428,5.414247],[14.200401,52.877428,5.414247],[14.200348,52.8773,5.657889],[14.200348,52.8773,5.657889],[14.200295,52.877168,5.76527],[14.200295,52.877168,5.76527],[14.200242,52.877033,5.809134],[14.200242,52.877033,5.809134],[14.200185,52.876896,5.987967],[14.200185,52.876896,5.987967],[14.200129,52.876755,6.104838],[14.200129,52.876755,6.104838],[14.200069,52.876612,6.191459],[14.200069,52.876612,6.191459],[14.200009,52.876468,6.082093],[14.200009,52.876468,6.082093],[14.199948,52.876321,6.343931],[14.199948,52.876321,6.343931],[14.199889,52.876174,6.371265],[14.199889,52.876174,6.371265],[14.19983,52.876028,6.378903],[14.19983,52.876028,6.378903],[14.199772,52.875882,6.276765],[14.199772,52.875882,6.276765],[14.19971,52.875732,6.675673],[14.19971,52.875732,6.675673],[14.199645,52.87558,6.605361],[14.199645,52.87558,6.605361],[14.19958,52.875428,6.502692],[14.19958,52.875428,6.502692],[14.199515,52.875276,6.73971],[14.199515,52.875276,6.73971],[14.199453,52.87513,6.788949],[14.199453,52.87513,6.788949],[14.199393,52.874985,6.923887],[14.199393,52.874985,6.923887],[14.199334,52.874845,7.050682],[14.199334,52.874845,7.050682],[14.199272,52.87471,6.958966],[14.199272,52.87471,6.958966],[14.199202,52.874574,7.359019],[14.199202,52.874574,7.359019],[14.199129,52.874434,7.287207],[14.199129,52.874434,7.287207],[14.199044,52.874294,7.490422],[14.199044,52.874294,7.490422],[14.198954,52.874156,7.316058],[14.198954,52.874156,7.316058],[14.198851,52.874016,7.26778],[14.198851,52.874016,7.26778],[14.198733,52.873879,7.368335],[14.198733,52.873879,7.368335],[14.198604,52.873742,7.269085],[14.198604,52.873742,7.269085],[14.198476,52.873601,7.280628],[14.198476,52.873601,7.280628],[14.198343,52.873466,6.989804],[14.198343,52.873466,6.989804],[14.198207,52.873327,6.731348],[14.198207,52.873327,6.731348],[14.198067,52.873194,6.788123],[14.198067,52.873194,6.788123],[14.19792,52.873059,6.812708],[14.19792,52.873059,6.812708],[14.197768,52.872925,6.796134],[14.197768,52.872925,6.796134],[14.197604,52.872791,7.051454],[14.197604,52.872791,7.051454],[14.197444,52.872659,6.059055],[14.197444,52.872659,6.059055],[14.197266,52.872525,6.579522],[14.197266,52.872525,6.579522],[14.197081,52.872394,6.264839],[14.197081,52.872394,6.264839],[14.196889,52.872262,6.24898],[14.196889,52.872262,6.24898],[14.196684,52.872147,6.196815],[14.196684,52.872147,6.196815],[14.196478,52.872025,6.243255],[14.196478,52.872025,6.243255],[14.196265,52.871907,6.138575],[14.196265,52.871907,6.138575],[14.196046,52.871788,6.178499],[14.196046,52.871788,6.178499],[14.195824,52.871676,6.031886],[14.195824,52.871676,6.031886],[14.195595,52.871568,5.737333],[14.195595,52.871568,5.737333],[14.195364,52.871463,5.695172],[14.195364,52.871463,5.695172],[14.195126,52.871362,5.665483],[14.195126,52.871362,5.665483],[14.194888,52.87126,5.603117],[14.194888,52.87126,5.603117],[14.194649,52.871157,5.617671],[14.194649,52.871157,5.617671],[14.194405,52.871053,5.328921],[14.194405,52.871053,5.328921],[14.194158,52.87095,5.245106],[14.194158,52.87095,5.245106],[14.193909,52.870843,5.267224],[14.193909,52.870843,5.267224],[14.193658,52.870737,5.060533],[14.193658,52.870737,5.060533],[14.193406,52.870627,5.014917],[14.193406,52.870627,5.014917],[14.193162,52.870522,4.695788],[14.193162,52.870522,4.695788],[14.192908,52.870412,4.727936],[14.192908,52.870412,4.727936],[14.19266,52.870299,4.538495],[14.19266,52.870299,4.538495],[14.192393,52.870194,4.532452],[14.192393,52.870194,4.532452],[14.192123,52.870087,4.200367],[14.192123,52.870087,4.200367],[14.191861,52.869962,3.877071],[14.191861,52.869962,3.877071],[14.191596,52.869845,3.711351],[14.191596,52.869845,3.711351],[14.191336,52.869716,3.983497],[14.191336,52.869716,3.983497],[14.19105,52.869616,4.803418],[14.19105,52.869616,4.803418],[14.190793,52.869512,4.561113],[14.190793,52.869512,4.561113],[14.190541,52.869417,4.691361],[14.190541,52.869417,4.691361],[14.19028,52.869296,4.702643],[14.19028,52.869296,4.702643],[14.190033,52.869182,5.452732],[14.190033,52.869182,5.452732],[14.189761,52.869084,6.107573],[14.189761,52.869084,6.107573],[14.189518,52.868957,5.42227],[14.189518,52.868957,5.42227],[14.189247,52.868852,5.201553],[14.189247,52.868852,5.201553],[14.189002,52.86874,5.703989],[14.189002,52.86874,5.703989],[14.188741,52.868629,4.797959],[14.188741,52.868629,4.797959],[14.188495,52.868533,5.174977],[14.188495,52.868533,5.174977],[14.188213,52.868414,4.705964],[14.188213,52.868414,4.705964],[14.18795,52.868289,4.767963],[14.18795,52.868289,4.767963],[14.187688,52.868179,5.00813],[14.187688,52.868179,5.00813],[14.187428,52.868069,5.158415],[14.187428,52.868069,5.158415],[14.187176,52.867959,5.684489],[14.187176,52.867959,5.684489],[14.186923,52.867844,5.860107],[14.186923,52.867844,5.860107],[14.186675,52.867726,5.779616],[14.186675,52.867726,5.779616],[14.186441,52.867601,6.167348],[14.186441,52.867601,6.167348],[14.186197,52.867473,5.905787],[14.186197,52.867473,5.905787],[14.185946,52.867342,6.323744],[14.185946,52.867342,6.323744],[14.185702,52.867203,5.881572],[14.185702,52.867203,5.881572],[14.185452,52.867077,5.599983],[14.185452,52.867077,5.599983],[14.185175,52.866948,5.000577],[14.185175,52.866948,5.000577],[14.184941,52.866826,5.19934],[14.184941,52.866826,5.19934],[14.184687,52.866692,5.218521],[14.184687,52.866692,5.218521],[14.184438,52.86656,5.300423],[14.184438,52.86656,5.300423],[14.184195,52.866425,5.139778],[14.184195,52.866425,5.139778],[14.183952,52.86629,5.030182],[14.183952,52.86629,5.030182],[14.183706,52.866155,5.016318],[14.183706,52.866155,5.016318],[14.183459,52.866017,5.000715],[14.183459,52.866017,5.000715],[14.183222,52.865879,5.214991],[14.183222,52.865879,5.214991],[14.182994,52.865741,5.17754],[14.182994,52.865741,5.17754],[14.18277,52.865602,5.267917],[14.18277,52.865602,5.267917],[14.182548,52.865459,5.459351],[14.182548,52.865459,5.459351],[14.182328,52.865312,5.302903],[14.182328,52.865312,5.302903],[14.182114,52.865159,5.23574],[14.182114,52.865159,5.23574],[14.181903,52.865002,5.063367],[14.181903,52.865002,5.063367],[14.181695,52.864845,5.096693],[14.181695,52.864845,5.096693],[14.181495,52.864681,5.020122],[14.181495,52.864681,5.020122],[14.181303,52.864516,4.920434],[14.181303,52.864516,4.920434],[14.181113,52.864347,4.888399],[14.181113,52.864347,4.888399],[14.18093,52.864174,4.872333],[14.18093,52.864174,4.872333],[14.18075,52.863999,4.983965],[14.18075,52.863999,4.983965],[14.180574,52.863823,4.806708],[14.180574,52.863823,4.806708],[14.180409,52.863646,4.520343],[14.180409,52.863646,4.520343],[14.180239,52.863469,4.553912],[14.180239,52.863469,4.553912],[14.18007,52.863292,4.614359],[14.18007,52.863292,4.614359],[14.179902,52.863115,4.608568],[14.179902,52.863115,4.608568],[14.179738,52.862939,4.635111],[14.179738,52.862939,4.635111],[14.179578,52.862767,4.437484],[14.179578,52.862767,4.437484],[14.179418,52.8626,4.473395],[14.179418,52.8626,4.473395],[14.179257,52.862437,4.501613],[14.179257,52.862437,4.501613],[14.179084,52.862275,4.376391],[14.179084,52.862275,4.376391],[14.1789,52.862117,4.456317],[14.1789,52.862117,4.456317],[14.178709,52.861966,4.361501],[14.178709,52.861966,4.361501],[14.178502,52.86182,4.693514],[14.178502,52.86182,4.693514],[14.178288,52.86168,4.959835],[14.178288,52.86168,4.959835],[14.178064,52.861544,5.193772],[14.178064,52.861544,5.193772],[14.177829,52.861413,5.440306],[14.177829,52.861413,5.440306],[14.177589,52.861288,5.547347],[14.177589,52.861288,5.547347],[14.177347,52.861169,5.684512],[14.177347,52.861169,5.684512],[14.177102,52.861053,5.899146],[14.177102,52.861053,5.899146],[14.176851,52.86094,5.746743],[14.176851,52.86094,5.746743],[14.176605,52.860826,5.748589],[14.176605,52.860826,5.748589],[14.176363,52.860714,5.747485],[14.176363,52.860714,5.747485],[14.176124,52.860604,5.730394],[14.176124,52.860604,5.730394],[14.175893,52.860497,5.677929],[14.175893,52.860497,5.677929],[14.175663,52.860392,5.711562],[14.175663,52.860392,5.711562],[14.175436,52.860287,5.689758],[14.175436,52.860287,5.689758],[14.175207,52.86018,5.754087],[14.175207,52.86018,5.754087],[14.174975,52.860074,6.001606],[14.174975,52.860074,6.001606],[14.174743,52.859967,5.867767],[14.174743,52.859967,5.867767],[14.174512,52.859861,5.99239],[14.174512,52.859861,5.99239],[14.174287,52.859757,5.798856],[14.174287,52.859757,5.798856],[14.174055,52.859656,6.117272],[14.174055,52.859656,6.117272],[14.173824,52.859556,6.0873],[14.173824,52.859556,6.0873],[14.173589,52.859456,6.083205],[14.173589,52.859456,6.083205],[14.173349,52.859362,6.483829],[14.173349,52.859362,6.483829],[14.173121,52.859272,6.3812],[14.173121,52.859272,6.3812],[14.172893,52.859184,6.316265],[14.172893,52.859184,6.316265],[14.17267,52.859099,6.453279],[14.17267,52.859099,6.453279],[14.172438,52.859018,6.279099],[14.172438,52.859018,6.279099],[14.172196,52.858938,6.46482],[14.172196,52.858938,6.46482],[14.171947,52.858859,6.54512],[14.171947,52.858859,6.54512],[14.171697,52.858785,6.490595],[14.171697,52.858785,6.490595],[14.171453,52.858714,6.334071],[14.171453,52.858714,6.334071],[14.171203,52.858644,6.512125],[14.171203,52.858644,6.512125],[14.170952,52.858576,6.584843],[14.170952,52.858576,6.584843],[14.170702,52.858514,6.459534],[14.170702,52.858514,6.459534],[14.170456,52.858456,6.521434],[14.170456,52.858456,6.521434],[14.170212,52.858402,6.57047],[14.170212,52.858402,6.57047],[14.169963,52.85835,6.801391],[14.169963,52.85835,6.801391],[14.169714,52.858298,7.088184],[14.169714,52.858298,7.088184],[14.169461,52.858246,7.27986],[14.169461,52.858246,7.27986],[14.169202,52.858196,7.192571],[14.169202,52.858196,7.192571],[14.168938,52.858149,7.297334],[14.168938,52.858149,7.297334],[14.168664,52.8581,7.439426],[14.168664,52.8581,7.439426],[14.168393,52.858053,7.444691],[14.168393,52.858053,7.444691],[14.168116,52.858007,7.618084],[14.168116,52.858007,7.618084],[14.167838,52.857961,7.566497],[14.167838,52.857961,7.566497],[14.167563,52.857914,7.303707],[14.167563,52.857914,7.303707],[14.167292,52.85787,7.172682],[14.167292,52.85787,7.172682],[14.167019,52.857825,7.257991],[14.167019,52.857825,7.257991],[14.166752,52.857781,7.051124],[14.166752,52.857781,7.051124],[14.166482,52.857737,7.245933],[14.166482,52.857737,7.245933],[14.166209,52.857688,7.191266],[14.166209,52.857688,7.191266],[14.16594,52.85764,7.241806],[14.16594,52.85764,7.241806],[14.165666,52.857596,7.375139],[14.165666,52.857596,7.375139],[14.165385,52.85755,7.435244],[14.165385,52.85755,7.435244],[14.165102,52.857501,7.462164],[14.165102,52.857501,7.462164],[14.164818,52.857454,7.561772],[14.164818,52.857454,7.561772],[14.164536,52.857405,7.770071],[14.164536,52.857405,7.770071],[14.164254,52.857357,7.8282],[14.164254,52.857357,7.8282],[14.163977,52.857309,7.834517],[14.163977,52.857309,7.834517],[14.1637,52.857262,8.005192],[14.1637,52.857262,8.005192],[14.163434,52.857211,8.114684],[14.163434,52.857211,8.114684],[14.163181,52.857167,7.932145],[14.163181,52.857167,7.932145],[14.162942,52.857126,7.843494],[14.162942,52.857126,7.843494],[14.162715,52.857087,7.799953],[14.162715,52.857087,7.799953],[14.162494,52.85705,7.862184],[14.162494,52.85705,7.862184],[14.162277,52.857013,7.653701],[14.162277,52.857013,7.653701],[14.162069,52.856977,7.642952],[14.162069,52.856977,7.642952],[14.161871,52.856942,8.46568],[14.161871,52.856942,8.46568],[14.161691,52.85691,8.471661],[14.161691,52.85691,8.471661],[14.161525,52.856884,8.118843],[14.161525,52.856884,8.118843],[14.161376,52.856861,8.256724],[14.161376,52.856861,8.256724],[14.161122,52.856816,8.374127],[14.161122,52.856816,8.374127],[14.160874,52.856777,8.615558],[14.160874,52.856777,8.615558],[14.160636,52.85674,8.38328],[14.160636,52.85674,8.38328],[14.160371,52.856705,8.127737],[14.160371,52.856705,8.127737],[14.160229,52.856672,8.078951],[14.160229,52.856672,8.078951],[14.159968,52.856615,7.778026],[14.159968,52.856615,7.778026],[14.159731,52.856576,7.85541],[14.159731,52.856576,7.85541],[14.159463,52.856535,8.087009],[14.159463,52.856535,8.087009],[14.159313,52.856511,8.155035],[14.159313,52.856511,8.155035],[14.159152,52.856485,8.196481],[14.159152,52.856485,8.196481],[14.158983,52.856457,8.267907],[14.158983,52.856457,8.267907],[14.158804,52.856426,8.317349],[14.158804,52.856426,8.317349],[14.158632,52.856397,8.184058],[14.158632,52.856397,8.184058],[14.158465,52.856369,8.18404],[14.158465,52.856369,8.18404],[14.15832,52.856346,7.986916],[14.15832,52.856346,7.986916],[14.15808,52.85633,7.849025],[14.15808,52.85633,7.849025],[14.157848,52.856338,7.846778],[14.157848,52.856338,7.846778],[14.157641,52.856329,7.924599],[14.157641,52.856329,7.924599],[14.157459,52.8563,7.781343],[14.157459,52.8563,7.781343],[14.157297,52.856273,7.982594],[14.157297,52.856273,7.982594],[14.157151,52.85625,8.271484],[14.157151,52.85625,8.271484],[14.157068,52.856169,8.035153],[14.157068,52.856169,8.035153],[14.157089,52.856157,8.705088],[14.157089,52.856157,8.705088]]}},{"type":"Feature","properties":{"name":"Start","time":"2026-08-16T10:04:11Z"},"geometry":{"type":"Point","coordinates":[14.351882,52.921911,27.931693]}},{"type":"Feature","properties":{"name":"End","time":"2026-08-16T10:22:54Z"},"geometry":{"type":"Point","coordinates":[14.157089,52.856157,8.705088]}}]}