<?xml version="1.0"?>
<gpx
 version="1.1"
 creator="GPS Tracks - https://www.dmsoftwaresolutions.com"
 xmlns:xsi="http://www.w3.org/2001/XMLSchema-instance"
 xmlns="http://www.topografix.com/GPX/1/1"
 xsi:schemaLocation="http://www.topografix.com/GPX/1/1 http://www.topografix.com/GPX/1/1/gpx.xsd">
  <metadata>
    <name>Sunday Night Track</name>
    <link href="https://www.dmsoftwaresolutions.com">
      <text>GPS Tracks</text>
    </link>
    <time>2026-08-16T10:04:11Z</time>
  </metadata>
  <wpt lat="52.92191092574013" lon="14.351882179287832">
    <ele>27.931693037971854</ele>
    <time>2026-08-16T10:04:11Z</time>
    <name>Start</name>
    <cmt></cmt>
  </wpt>
  <wpt lat="52.856156824081026" lon="14.157089375763142">
    <ele>8.705088454298675</ele>
    <time>2026-08-16T10:22:54Z</time>
    <name>End</name>
    <cmt></cmt>
  </wpt>
  <trk>
    <name>Sunday Night Track</name>
    <trkseg>
      <trkpt lat="52.92191092574013" lon="14.351882179287832">
      <ele>27.931693037971854</ele>
      <time>2026-08-16T10:04:11Z</time>
      </trkpt>
      <trkpt lat="52.92191092574013" lon="14.351882179287832">
      <ele>27.931693037971854</ele>
      <time>2026-08-16T10:04:11Z</time>
      </trkpt>
      <trkpt lat="52.92191252792482" lon="14.351879849186114">
      <ele>27.957579146139324</ele>
      <time>2026-08-16T10:04:12Z</time>
      </trkpt>
      <trkpt lat="52.92191252792482" lon="14.351879849186114">
      <ele>27.957579146139324</ele>
      <time>2026-08-16T10:04:12Z</time>
      </trkpt>
      <trkpt lat="52.921917483179996" lon="14.352046371770053">
      <ele>29.03930031042546</ele>
      <time>2026-08-16T10:05:03Z</time>
      </trkpt>
      <trkpt lat="52.921917483179996" lon="14.352046371770053">
      <ele>29.03930031042546</ele>
      <time>2026-08-16T10:05:03Z</time>
      </trkpt>
      <trkpt lat="52.92192237640371" lon="14.352203130233734">
      <ele>28.067134898155928</ele>
      <time>2026-08-16T10:05:07Z</time>
      </trkpt>
      <trkpt lat="52.92192237640371" lon="14.352203130233734">
      <ele>28.067134898155928</ele>
      <time>2026-08-16T10:05:07Z</time>
      </trkpt>
      <trkpt lat="52.92192431678468" lon="14.352373134611701">
      <ele>27.0492420559749</ele>
      <time>2026-08-16T10:05:10Z</time>
      </trkpt>
      <trkpt lat="52.92192431678468" lon="14.352373134611701">
      <ele>27.0492420559749</ele>
      <time>2026-08-16T10:05:10Z</time>
      </trkpt>
      <trkpt lat="52.92192739433239" lon="14.352530652191275">
      <ele>25.699436682276428</ele>
      <time>2026-08-16T10:05:13Z</time>
      </trkpt>
      <trkpt lat="52.92192739433239" lon="14.352530652191275">
      <ele>25.699436682276428</ele>
      <time>2026-08-16T10:05:13Z</time>
      </trkpt>
      <trkpt lat="52.92192645522456" lon="14.352697969513084">
      <ele>24.097679192200303</ele>
      <time>2026-08-16T10:05:16Z</time>
      </trkpt>
      <trkpt lat="52.92192645522456" lon="14.352697969513084">
      <ele>24.097679192200303</ele>
      <time>2026-08-16T10:05:16Z</time>
      </trkpt>
      <trkpt lat="52.92190465318758" lon="14.352856274939061">
      <ele>22.69360186625272</ele>
      <time>2026-08-16T10:05:21Z</time>
      </trkpt>
      <trkpt lat="52.92190465318758" lon="14.352856274939061">
      <ele>22.69360186625272</ele>
      <time>2026-08-16T10:05:21Z</time>
      </trkpt>
      <trkpt lat="52.92180360664971" lon="14.352857484925591">
      <ele>21.304805005900562</ele>
      <time>2026-08-16T10:05:26Z</time>
      </trkpt>
      <trkpt lat="52.92180360664971" lon="14.352857484925591">
      <ele>21.304805005900562</ele>
      <time>2026-08-16T10:05:26Z</time>
      </trkpt>
      <trkpt lat="52.92168810783998" lon="14.352844320247213">
      <ele>20.45287442114204</ele>
      <time>2026-08-16T10:05:30Z</time>
      </trkpt>
      <trkpt lat="52.92168810783998" lon="14.352844320247213">
      <ele>20.45287442114204</ele>
      <time>2026-08-16T10:05:30Z</time>
      </trkpt>
      <trkpt lat="52.92156844819717" lon="14.352807641368306">
      <ele>19.8165864367038</ele>
      <time>2026-08-16T10:05:34Z</time>
      </trkpt>
      <trkpt lat="52.92156844819717" lon="14.352807641368306">
      <ele>19.8165864367038</ele>
      <time>2026-08-16T10:05:34Z</time>
      </trkpt>
      <trkpt lat="52.92145482737458" lon="14.352787170577272">
      <ele>19.847264509648085</ele>
      <time>2026-08-16T10:05:38Z</time>
      </trkpt>
      <trkpt lat="52.92145482737458" lon="14.352787170577272">
      <ele>19.847264509648085</ele>
      <time>2026-08-16T10:05:38Z</time>
      </trkpt>
      <trkpt lat="52.921338134734334" lon="14.352757819834538">
      <ele>19.27760169096291</ele>
      <time>2026-08-16T10:05:42Z</time>
      </trkpt>
      <trkpt lat="52.921338134734334" lon="14.352757819834538">
      <ele>19.27760169096291</ele>
      <time>2026-08-16T10:05:42Z</time>
      </trkpt>
      <trkpt lat="52.92124381531389" lon="14.352733648790139">
      <ele>18.802535755559802</ele>
      <time>2026-08-16T10:05:45Z</time>
      </trkpt>
      <trkpt lat="52.92124381531389" lon="14.352733648790139">
      <ele>18.802535755559802</ele>
      <time>2026-08-16T10:05:45Z</time>
      </trkpt>
      <trkpt lat="52.92115065335201" lon="14.352710479832366">
      <ele>18.597680284641683</ele>
      <time>2026-08-16T10:05:48Z</time>
      </trkpt>
      <trkpt lat="52.92115065335201" lon="14.352710479832366">
      <ele>18.597680284641683</ele>
      <time>2026-08-16T10:05:48Z</time>
      </trkpt>
      <trkpt lat="52.921047531622094" lon="14.352693333565046">
      <ele>18.185063707642257</ele>
      <time>2026-08-16T10:05:51Z</time>
      </trkpt>
      <trkpt lat="52.921047531622094" lon="14.352693333565046">
      <ele>18.185063707642257</ele>
      <time>2026-08-16T10:05:51Z</time>
      </trkpt>
      <trkpt lat="52.92094048452043" lon="14.352681201802739">
      <ele>17.81638372503221</ele>
      <time>2026-08-16T10:05:55Z</time>
      </trkpt>
      <trkpt lat="52.92094048452043" lon="14.352681201802739">
      <ele>17.81638372503221</ele>
      <time>2026-08-16T10:05:55Z</time>
      </trkpt>
      <trkpt lat="52.92082873613411" lon="14.352669497620646">
      <ele>17.189231156371534</ele>
      <time>2026-08-16T10:05:58Z</time>
      </trkpt>
      <trkpt lat="52.92082873613411" lon="14.352669497620646">
      <ele>17.189231156371534</ele>
      <time>2026-08-16T10:05:58Z</time>
      </trkpt>
      <trkpt lat="52.92071042877746" lon="14.352654774747577">
      <ele>16.46915966179222</ele>
      <time>2026-08-16T10:06:01Z</time>
      </trkpt>
      <trkpt lat="52.92071042877746" lon="14.352654774747577">
      <ele>16.46915966179222</ele>
      <time>2026-08-16T10:06:01Z</time>
      </trkpt>
      <trkpt lat="52.92058629222245" lon="14.352634909040113">
      <ele>16.887642880901694</ele>
      <time>2026-08-16T10:06:04Z</time>
      </trkpt>
      <trkpt lat="52.92058629222245" lon="14.352634909040113">
      <ele>16.887642880901694</ele>
      <time>2026-08-16T10:06:04Z</time>
      </trkpt>
      <trkpt lat="52.92051101797691" lon="14.352538161498797">
      <ele>17.27996210101992</ele>
      <time>2026-08-16T10:06:08Z</time>
      </trkpt>
      <trkpt lat="52.92051101797691" lon="14.352538161498797">
      <ele>17.27996210101992</ele>
      <time>2026-08-16T10:06:08Z</time>
      </trkpt>
      <trkpt lat="52.92038031815648" lon="14.352569684142608">
      <ele>17.12398211006075</ele>
      <time>2026-08-16T10:06:12Z</time>
      </trkpt>
      <trkpt lat="52.92038031815648" lon="14.352569684142608">
      <ele>17.12398211006075</ele>
      <time>2026-08-16T10:06:12Z</time>
      </trkpt>
      <trkpt lat="52.92026822283881" lon="14.352663177909399">
      <ele>16.71985209453851</ele>
      <time>2026-08-16T10:06:14Z</time>
      </trkpt>
      <trkpt lat="52.92026822283881" lon="14.352663177909399">
      <ele>16.71985209453851</ele>
      <time>2026-08-16T10:06:14Z</time>
      </trkpt>
      <trkpt lat="52.92009776278016" lon="14.352731119949603">
      <ele>16.598431079648435</ele>
      <time>2026-08-16T10:06:16Z</time>
      </trkpt>
      <trkpt lat="52.92009776278016" lon="14.352731119949603">
      <ele>16.598431079648435</ele>
      <time>2026-08-16T10:06:16Z</time>
      </trkpt>
      <trkpt lat="52.920012665482275" lon="14.352792995506297">
      <ele>17.263606200926006</ele>
      <time>2026-08-16T10:06:17Z</time>
      </trkpt>
      <trkpt lat="52.920012665482275" lon="14.352792995506297">
      <ele>17.263606200926006</ele>
      <time>2026-08-16T10:06:17Z</time>
      </trkpt>
      <trkpt lat="52.919928921321016" lon="14.352883913782145">
      <ele>16.961282941512764</ele>
      <time>2026-08-16T10:06:18Z</time>
      </trkpt>
      <trkpt lat="52.919928921321016" lon="14.352883913782145">
      <ele>16.961282941512764</ele>
      <time>2026-08-16T10:06:18Z</time>
      </trkpt>
      <trkpt lat="52.919835872855366" lon="14.352950209296933">
      <ele>16.897171567194164</ele>
      <time>2026-08-16T10:06:19Z</time>
      </trkpt>
      <trkpt lat="52.919835872855366" lon="14.352950209296933">
      <ele>16.897171567194164</ele>
      <time>2026-08-16T10:06:19Z</time>
      </trkpt>
      <trkpt lat="52.91973775139415" lon="14.353021569874679">
      <ele>16.70959451980889</ele>
      <time>2026-08-16T10:06:20Z</time>
      </trkpt>
      <trkpt lat="52.91973775139415" lon="14.353021569874679">
      <ele>16.70959451980889</ele>
      <time>2026-08-16T10:06:20Z</time>
      </trkpt>
      <trkpt lat="52.919639175768936" lon="14.353092592300154">
      <ele>16.463823643513024</ele>
      <time>2026-08-16T10:06:21Z</time>
      </trkpt>
      <trkpt lat="52.919639175768936" lon="14.353092592300154">
      <ele>16.463823643513024</ele>
      <time>2026-08-16T10:06:21Z</time>
      </trkpt>
      <trkpt lat="52.91954187996821" lon="14.353164832532489">
      <ele>15.927825557999313</ele>
      <time>2026-08-16T10:06:22Z</time>
      </trkpt>
      <trkpt lat="52.91954187996821" lon="14.353164832532489">
      <ele>15.927825557999313</ele>
      <time>2026-08-16T10:06:22Z</time>
      </trkpt>
      <trkpt lat="52.91943760484229" lon="14.353239168724478">
      <ele>15.776933641172945</ele>
      <time>2026-08-16T10:06:23Z</time>
      </trkpt>
      <trkpt lat="52.91943760484229" lon="14.353239168724478">
      <ele>15.776933641172945</ele>
      <time>2026-08-16T10:06:23Z</time>
      </trkpt>
      <trkpt lat="52.919335447490106" lon="14.353317000033552">
      <ele>15.569186902604997</ele>
      <time>2026-08-16T10:06:24Z</time>
      </trkpt>
      <trkpt lat="52.919335447490106" lon="14.353317000033552">
      <ele>15.569186902604997</ele>
      <time>2026-08-16T10:06:24Z</time>
      </trkpt>
      <trkpt lat="52.91923282312365" lon="14.353385876735278">
      <ele>15.348798954859376</ele>
      <time>2026-08-16T10:06:25Z</time>
      </trkpt>
      <trkpt lat="52.91923282312365" lon="14.353385876735278">
      <ele>15.348798954859376</ele>
      <time>2026-08-16T10:06:25Z</time>
      </trkpt>
      <trkpt lat="52.919129443889624" lon="14.35346288901863">
      <ele>15.261467361822724</ele>
      <time>2026-08-16T10:06:26Z</time>
      </trkpt>
      <trkpt lat="52.919129443889624" lon="14.35346288901863">
      <ele>15.261467361822724</ele>
      <time>2026-08-16T10:06:26Z</time>
      </trkpt>
      <trkpt lat="52.91902700336692" lon="14.353540018776112">
      <ele>15.178707496263087</ele>
      <time>2026-08-16T10:06:27Z</time>
      </trkpt>
      <trkpt lat="52.91902700336692" lon="14.353540018776112">
      <ele>15.178707496263087</ele>
      <time>2026-08-16T10:06:27Z</time>
      </trkpt>
      <trkpt lat="52.91892535178508" lon="14.353617785512364">
      <ele>14.992300812155008</ele>
      <time>2026-08-16T10:06:28Z</time>
      </trkpt>
      <trkpt lat="52.91892535178508" lon="14.353617785512364">
      <ele>14.992300812155008</ele>
      <time>2026-08-16T10:06:28Z</time>
      </trkpt>
      <trkpt lat="52.91882483593413" lon="14.353693636937862">
      <ele>14.97922362294048</ele>
      <time>2026-08-16T10:06:29Z</time>
      </trkpt>
      <trkpt lat="52.91882483593413" lon="14.353693636937862">
      <ele>14.97922362294048</ele>
      <time>2026-08-16T10:06:29Z</time>
      </trkpt>
      <trkpt lat="52.91872720020652" lon="14.353767945705933">
      <ele>14.910734660923481</ele>
      <time>2026-08-16T10:06:30Z</time>
      </trkpt>
      <trkpt lat="52.91872720020652" lon="14.353767945705933">
      <ele>14.910734660923481</ele>
      <time>2026-08-16T10:06:30Z</time>
      </trkpt>
      <trkpt lat="52.91862999958212" lon="14.353842637503043">
      <ele>14.930973069742322</ele>
      <time>2026-08-16T10:06:30Z</time>
      </trkpt>
      <trkpt lat="52.91862999958212" lon="14.353842637503043">
      <ele>14.930973069742322</ele>
      <time>2026-08-16T10:06:30Z</time>
      </trkpt>
      <trkpt lat="52.91853519719749" lon="14.353922170978032">
      <ele>15.165235462598503</ele>
      <time>2026-08-16T10:06:31Z</time>
      </trkpt>
      <trkpt lat="52.91853519719749" lon="14.353922170978032">
      <ele>15.165235462598503</ele>
      <time>2026-08-16T10:06:31Z</time>
      </trkpt>
      <trkpt lat="52.918432648881115" lon="14.35396942177357">
      <ele>15.262632778845727</ele>
      <time>2026-08-16T10:06:32Z</time>
      </trkpt>
      <trkpt lat="52.918432648881115" lon="14.35396942177357">
      <ele>15.262632778845727</ele>
      <time>2026-08-16T10:06:32Z</time>
      </trkpt>
      <trkpt lat="52.91833483667511" lon="14.354042119599962">
      <ele>15.145477156154811</ele>
      <time>2026-08-16T10:06:33Z</time>
      </trkpt>
      <trkpt lat="52.91833483667511" lon="14.354042119599962">
      <ele>15.145477156154811</ele>
      <time>2026-08-16T10:06:33Z</time>
      </trkpt>
      <trkpt lat="52.918245874319936" lon="14.354134258664741">
      <ele>14.674078241921961</ele>
      <time>2026-08-16T10:06:34Z</time>
      </trkpt>
      <trkpt lat="52.918245874319936" lon="14.354134258664741">
      <ele>14.674078241921961</ele>
      <time>2026-08-16T10:06:34Z</time>
      </trkpt>
      <trkpt lat="52.91815057527605" lon="14.354208722501387">
      <ele>15.015862475149333</ele>
      <time>2026-08-16T10:06:35Z</time>
      </trkpt>
      <trkpt lat="52.91815057527605" lon="14.354208722501387">
      <ele>15.015862475149333</ele>
      <time>2026-08-16T10:06:35Z</time>
      </trkpt>
      <trkpt lat="52.91804572217392" lon="14.35425770052929">
      <ele>15.227896868251264</ele>
      <time>2026-08-16T10:06:36Z</time>
      </trkpt>
      <trkpt lat="52.91804572217392" lon="14.35425770052929">
      <ele>15.227896868251264</ele>
      <time>2026-08-16T10:06:36Z</time>
      </trkpt>
      <trkpt lat="52.917950842528434" lon="14.354360073882226">
      <ele>15.39124537166208</ele>
      <time>2026-08-16T10:06:37Z</time>
      </trkpt>
      <trkpt lat="52.917950842528434" lon="14.354360073882226">
      <ele>15.39124537166208</ele>
      <time>2026-08-16T10:06:37Z</time>
      </trkpt>
      <trkpt lat="52.91785199138049" lon="14.354436531248245">
      <ele>15.196699817664921</ele>
      <time>2026-08-16T10:06:38Z</time>
      </trkpt>
      <trkpt lat="52.91785199138049" lon="14.354436531248245">
      <ele>15.196699817664921</ele>
      <time>2026-08-16T10:06:38Z</time>
      </trkpt>
      <trkpt lat="52.917757135586946" lon="14.354518456680294">
      <ele>15.488299774006009</ele>
      <time>2026-08-16T10:06:39Z</time>
      </trkpt>
      <trkpt lat="52.917757135586946" lon="14.354518456680294">
      <ele>15.488299774006009</ele>
      <time>2026-08-16T10:06:39Z</time>
      </trkpt>
      <trkpt lat="52.917668610211386" lon="14.354597550797068">
      <ele>15.328893632628024</ele>
      <time>2026-08-16T10:06:40Z</time>
      </trkpt>
      <trkpt lat="52.917668610211386" lon="14.354597550797068">
      <ele>15.328893632628024</ele>
      <time>2026-08-16T10:06:40Z</time>
      </trkpt>
      <trkpt lat="52.917583502637314" lon="14.354672300571998">
      <ele>15.224544660188258</ele>
      <time>2026-08-16T10:06:41Z</time>
      </trkpt>
      <trkpt lat="52.917583502637314" lon="14.354672300571998">
      <ele>15.224544660188258</ele>
      <time>2026-08-16T10:06:41Z</time>
      </trkpt>
      <trkpt lat="52.91750341994107" lon="14.354750523101762">
      <ele>15.260294588282704</ele>
      <time>2026-08-16T10:06:42Z</time>
      </trkpt>
      <trkpt lat="52.91750341994107" lon="14.354750523101762">
      <ele>15.260294588282704</ele>
      <time>2026-08-16T10:06:42Z</time>
      </trkpt>
      <trkpt lat="52.917414032578506" lon="14.35481526252738">
      <ele>15.675173742696643</ele>
      <time>2026-08-16T10:06:43Z</time>
      </trkpt>
      <trkpt lat="52.917414032578506" lon="14.35481526252738">
      <ele>15.675173742696643</ele>
      <time>2026-08-16T10:06:43Z</time>
      </trkpt>
      <trkpt lat="52.917325942369274" lon="14.354877849054537">
      <ele>15.67914164904505</ele>
      <time>2026-08-16T10:06:44Z</time>
      </trkpt>
      <trkpt lat="52.917325942369274" lon="14.354877849054537">
      <ele>15.67914164904505</ele>
      <time>2026-08-16T10:06:44Z</time>
      </trkpt>
      <trkpt lat="52.91723334116554" lon="14.354926603336324">
      <ele>15.64412921667099</ele>
      <time>2026-08-16T10:06:45Z</time>
      </trkpt>
      <trkpt lat="52.91723334116554" lon="14.354926603336324">
      <ele>15.64412921667099</ele>
      <time>2026-08-16T10:06:45Z</time>
      </trkpt>
      <trkpt lat="52.91713641772606" lon="14.354985540183737">
      <ele>15.838368367403746</ele>
      <time>2026-08-16T10:06:46Z</time>
      </trkpt>
      <trkpt lat="52.91713641772606" lon="14.354985540183737">
      <ele>15.838368367403746</ele>
      <time>2026-08-16T10:06:46Z</time>
      </trkpt>
      <trkpt lat="52.9170354887635" lon="14.355035531427523">
      <ele>15.903904422186315</ele>
      <time>2026-08-16T10:06:47Z</time>
      </trkpt>
      <trkpt lat="52.9170354887635" lon="14.355035531427523">
      <ele>15.903904422186315</ele>
      <time>2026-08-16T10:06:47Z</time>
      </trkpt>
      <trkpt lat="52.91692535283805" lon="14.355052392445554">
      <ele>15.738530367612839</ele>
      <time>2026-08-16T10:06:48Z</time>
      </trkpt>
      <trkpt lat="52.91692535283805" lon="14.355052392445554">
      <ele>15.738530367612839</ele>
      <time>2026-08-16T10:06:48Z</time>
      </trkpt>
      <trkpt lat="52.91682033041052" lon="14.355112154377052">
      <ele>15.968653682619333</ele>
      <time>2026-08-16T10:06:49Z</time>
      </trkpt>
      <trkpt lat="52.91682033041052" lon="14.355112154377052">
      <ele>15.968653682619333</ele>
      <time>2026-08-16T10:06:49Z</time>
      </trkpt>
      <trkpt lat="52.916710379501595" lon="14.355153038382182">
      <ele>16.156756699085236</ele>
      <time>2026-08-16T10:06:50Z</time>
      </trkpt>
      <trkpt lat="52.916710379501595" lon="14.355153038382182">
      <ele>16.156756699085236</ele>
      <time>2026-08-16T10:06:50Z</time>
      </trkpt>
      <trkpt lat="52.916597146321976" lon="14.355188366487832">
      <ele>16.096248059533536</ele>
      <time>2026-08-16T10:06:51Z</time>
      </trkpt>
      <trkpt lat="52.916597146321976" lon="14.355188366487832">
      <ele>16.096248059533536</ele>
      <time>2026-08-16T10:06:51Z</time>
      </trkpt>
      <trkpt lat="52.916488487205264" lon="14.355197372251578">
      <ele>16.304771922528744</ele>
      <time>2026-08-16T10:06:52Z</time>
      </trkpt>
      <trkpt lat="52.916488487205264" lon="14.355197372251578">
      <ele>16.304771922528744</ele>
      <time>2026-08-16T10:06:52Z</time>
      </trkpt>
      <trkpt lat="52.9163996574278" lon="14.35525267882262">
      <ele>15.912811727263033</ele>
      <time>2026-08-16T10:06:53Z</time>
      </trkpt>
      <trkpt lat="52.9163996574278" lon="14.35525267882262">
      <ele>15.912811727263033</ele>
      <time>2026-08-16T10:06:53Z</time>
      </trkpt>
      <trkpt lat="52.916309038241" lon="14.355273792596178">
      <ele>16.00907255988568</ele>
      <time>2026-08-16T10:06:54Z</time>
      </trkpt>
      <trkpt lat="52.916309038241" lon="14.355273792596178">
      <ele>16.00907255988568</ele>
      <time>2026-08-16T10:06:54Z</time>
      </trkpt>
      <trkpt lat="52.91621983077811" lon="14.355303540873319">
      <ele>17.878205711953342</ele>
      <time>2026-08-16T10:06:55Z</time>
      </trkpt>
      <trkpt lat="52.91621983077811" lon="14.355303540873319">
      <ele>17.878205711953342</ele>
      <time>2026-08-16T10:06:55Z</time>
      </trkpt>
      <trkpt lat="52.91606805781607" lon="14.355341119671955">
      <ele>16.8847119146958</ele>
      <time>2026-08-16T10:06:57Z</time>
      </trkpt>
      <trkpt lat="52.91606805781607" lon="14.355341119671955">
      <ele>16.8847119146958</ele>
      <time>2026-08-16T10:06:57Z</time>
      </trkpt>
      <trkpt lat="52.91591175241842" lon="14.355386188827035">
      <ele>17.492852188646793</ele>
      <time>2026-08-16T10:06:59Z</time>
      </trkpt>
      <trkpt lat="52.91591175241842" lon="14.355386188827035">
      <ele>17.492852188646793</ele>
      <time>2026-08-16T10:06:59Z</time>
      </trkpt>
      <trkpt lat="52.91576419314128" lon="14.35542335944036">
      <ele>17.829229687340558</ele>
      <time>2026-08-16T10:07:01Z</time>
      </trkpt>
      <trkpt lat="52.91576419314128" lon="14.35542335944036">
      <ele>17.829229687340558</ele>
      <time>2026-08-16T10:07:01Z</time>
      </trkpt>
      <trkpt lat="52.91565546671024" lon="14.355476305447425">
      <ele>18.012386908754706</ele>
      <time>2026-08-16T10:07:03Z</time>
      </trkpt>
      <trkpt lat="52.91565546671024" lon="14.355476305447425">
      <ele>18.012386908754706</ele>
      <time>2026-08-16T10:07:03Z</time>
      </trkpt>
      <trkpt lat="52.9155656717963" lon="14.355515568029304">
      <ele>19.08629088755697</ele>
      <time>2026-08-16T10:07:07Z</time>
      </trkpt>
      <trkpt lat="52.9155656717963" lon="14.355515568029304">
      <ele>19.08629088755697</ele>
      <time>2026-08-16T10:07:07Z</time>
      </trkpt>
      <trkpt lat="52.915427174426995" lon="14.355535785497285">
      <ele>19.621672925539315</ele>
      <time>2026-08-16T10:07:10Z</time>
      </trkpt>
      <trkpt lat="52.915427174426995" lon="14.355535785497285">
      <ele>19.621672925539315</ele>
      <time>2026-08-16T10:07:10Z</time>
      </trkpt>
      <trkpt lat="52.91528923220209" lon="14.355548957992763">
      <ele>19.911958361044526</ele>
      <time>2026-08-16T10:07:12Z</time>
      </trkpt>
      <trkpt lat="52.91528923220209" lon="14.355548957992763">
      <ele>19.911958361044526</ele>
      <time>2026-08-16T10:07:12Z</time>
      </trkpt>
      <trkpt lat="52.915138416237156" lon="14.355565527703067">
      <ele>20.472469269298017</ele>
      <time>2026-08-16T10:07:14Z</time>
      </trkpt>
      <trkpt lat="52.915138416237156" lon="14.355565527703067">
      <ele>20.472469269298017</ele>
      <time>2026-08-16T10:07:14Z</time>
      </trkpt>
      <trkpt lat="52.91504762995921" lon="14.35557433085164">
      <ele>21.026466925628483</ele>
      <time>2026-08-16T10:07:15Z</time>
      </trkpt>
      <trkpt lat="52.91504762995921" lon="14.35557433085164">
      <ele>21.026466925628483</ele>
      <time>2026-08-16T10:07:15Z</time>
      </trkpt>
      <trkpt lat="52.91495261510722" lon="14.355572998633633">
      <ele>21.255900400690734</ele>
      <time>2026-08-16T10:07:16Z</time>
      </trkpt>
      <trkpt lat="52.91495261510722" lon="14.355572998633633">
      <ele>21.255900400690734</ele>
      <time>2026-08-16T10:07:16Z</time>
      </trkpt>
      <trkpt lat="52.914849632066336" lon="14.355561130111939">
      <ele>21.5024043507874</ele>
      <time>2026-08-16T10:07:17Z</time>
      </trkpt>
      <trkpt lat="52.914849632066336" lon="14.355561130111939">
      <ele>21.5024043507874</ele>
      <time>2026-08-16T10:07:17Z</time>
      </trkpt>
      <trkpt lat="52.91473886237899" lon="14.355543809794865">
      <ele>21.80375621560961</ele>
      <time>2026-08-16T10:07:18Z</time>
      </trkpt>
      <trkpt lat="52.91473886237899" lon="14.355543809794865">
      <ele>21.80375621560961</ele>
      <time>2026-08-16T10:07:18Z</time>
      </trkpt>
      <trkpt lat="52.91462506947745" lon="14.355509668555547">
      <ele>21.917411198839545</ele>
      <time>2026-08-16T10:07:19Z</time>
      </trkpt>
      <trkpt lat="52.91462506947745" lon="14.355509668555547">
      <ele>21.917411198839545</ele>
      <time>2026-08-16T10:07:19Z</time>
      </trkpt>
      <trkpt lat="52.91450478956703" lon="14.355466870338631">
      <ele>22.033640672452748</ele>
      <time>2026-08-16T10:07:20Z</time>
      </trkpt>
      <trkpt lat="52.91450478956703" lon="14.355466870338631">
      <ele>22.033640672452748</ele>
      <time>2026-08-16T10:07:20Z</time>
      </trkpt>
      <trkpt lat="52.91439640419086" lon="14.355402663788139">
      <ele>22.063714559189975</ele>
      <time>2026-08-16T10:07:21Z</time>
      </trkpt>
      <trkpt lat="52.91439640419086" lon="14.355402663788139">
      <ele>22.063714559189975</ele>
      <time>2026-08-16T10:07:21Z</time>
      </trkpt>
      <trkpt lat="52.91428218625839" lon="14.355320175312944">
      <ele>22.776229553855956</ele>
      <time>2026-08-16T10:07:22Z</time>
      </trkpt>
      <trkpt lat="52.91428218625839" lon="14.355320175312944">
      <ele>22.776229553855956</ele>
      <time>2026-08-16T10:07:22Z</time>
      </trkpt>
      <trkpt lat="52.91417390567468" lon="14.355253049836753">
      <ele>22.9366807192564</ele>
      <time>2026-08-16T10:07:23Z</time>
      </trkpt>
      <trkpt lat="52.91417390567468" lon="14.355253049836753">
      <ele>22.9366807192564</ele>
      <time>2026-08-16T10:07:23Z</time>
      </trkpt>
      <trkpt lat="52.91406362531938" lon="14.35519057940221">
      <ele>23.214021758176386</ele>
      <time>2026-08-16T10:07:24Z</time>
      </trkpt>
      <trkpt lat="52.91406362531938" lon="14.35519057940221">
      <ele>23.214021758176386</ele>
      <time>2026-08-16T10:07:24Z</time>
      </trkpt>
      <trkpt lat="52.91395683953776" lon="14.355133704976913">
      <ele>23.470184200443327</ele>
      <time>2026-08-16T10:07:25Z</time>
      </trkpt>
      <trkpt lat="52.91395683953776" lon="14.355133704976913">
      <ele>23.470184200443327</ele>
      <time>2026-08-16T10:07:25Z</time>
      </trkpt>
      <trkpt lat="52.913854640838196" lon="14.355096107998703">
      <ele>23.563099830411375</ele>
      <time>2026-08-16T10:07:26Z</time>
      </trkpt>
      <trkpt lat="52.913854640838196" lon="14.355096107998703">
      <ele>23.563099830411375</ele>
      <time>2026-08-16T10:07:26Z</time>
      </trkpt>
      <trkpt lat="52.91375830605435" lon="14.355085470531408">
      <ele>24.232906386256218</ele>
      <time>2026-08-16T10:07:27Z</time>
      </trkpt>
      <trkpt lat="52.91375830605435" lon="14.355085470531408">
      <ele>24.232906386256218</ele>
      <time>2026-08-16T10:07:27Z</time>
      </trkpt>
      <trkpt lat="52.913662370959365" lon="14.35510043713681">
      <ele>24.351314946077764</ele>
      <time>2026-08-16T10:07:28Z</time>
      </trkpt>
      <trkpt lat="52.913662370959365" lon="14.35510043713681">
      <ele>24.351314946077764</ele>
      <time>2026-08-16T10:07:28Z</time>
      </trkpt>
      <trkpt lat="52.91356382033496" lon="14.355068150470517">
      <ele>24.5020251320675</ele>
      <time>2026-08-16T10:07:29Z</time>
      </trkpt>
      <trkpt lat="52.91356382033496" lon="14.355068150470517">
      <ele>24.5020251320675</ele>
      <time>2026-08-16T10:07:29Z</time>
      </trkpt>
      <trkpt lat="52.91345767220185" lon="14.355084216593317">
      <ele>24.773109205067158</ele>
      <time>2026-08-16T10:07:30Z</time>
      </trkpt>
      <trkpt lat="52.91345767220185" lon="14.355084216593317">
      <ele>24.773109205067158</ele>
      <time>2026-08-16T10:07:30Z</time>
      </trkpt>
      <trkpt lat="52.913349916973175" lon="14.355072925323427">
      <ele>24.756880572997034</ele>
      <time>2026-08-16T10:07:31Z</time>
      </trkpt>
      <trkpt lat="52.913349916973175" lon="14.355072925323427">
      <ele>24.756880572997034</ele>
      <time>2026-08-16T10:07:31Z</time>
      </trkpt>
      <trkpt lat="52.913233731076794" lon="14.355064018562304">
      <ele>25.03593553416431</ele>
      <time>2026-08-16T10:07:32Z</time>
      </trkpt>
      <trkpt lat="52.913233731076794" lon="14.355064018562304">
      <ele>25.03593553416431</ele>
      <time>2026-08-16T10:07:32Z</time>
      </trkpt>
      <trkpt lat="52.91311225196974" lon="14.355057251178934">
      <ele>25.727837067097425</ele>
      <time>2026-08-16T10:07:33Z</time>
      </trkpt>
      <trkpt lat="52.91311225196974" lon="14.355057251178934">
      <ele>25.727837067097425</ele>
      <time>2026-08-16T10:07:33Z</time>
      </trkpt>
      <trkpt lat="52.91299055803295" lon="14.355051933075755">
      <ele>26.03880033828318</ele>
      <time>2026-08-16T10:07:34Z</time>
      </trkpt>
      <trkpt lat="52.91299055803295" lon="14.355051933075755">
      <ele>26.03880033828318</ele>
      <time>2026-08-16T10:07:34Z</time>
      </trkpt>
      <trkpt lat="52.91286757326245" lon="14.355031721202103">
      <ele>26.27964133862406</ele>
      <time>2026-08-16T10:07:35Z</time>
      </trkpt>
      <trkpt lat="52.91286757326245" lon="14.355031721202103">
      <ele>26.27964133862406</ele>
      <time>2026-08-16T10:07:35Z</time>
      </trkpt>
      <trkpt lat="52.9127462143349" lon="14.354988476035178">
      <ele>26.499864577315748</ele>
      <time>2026-08-16T10:07:36Z</time>
      </trkpt>
      <trkpt lat="52.9127462143349" lon="14.354988476035178">
      <ele>26.499864577315748</ele>
      <time>2026-08-16T10:07:36Z</time>
      </trkpt>
      <trkpt lat="52.91263104607867" lon="14.354924832324222">
      <ele>26.736398563720286</ele>
      <time>2026-08-16T10:07:37Z</time>
      </trkpt>
      <trkpt lat="52.91263104607867" lon="14.354924832324222">
      <ele>26.736398563720286</ele>
      <time>2026-08-16T10:07:37Z</time>
      </trkpt>
      <trkpt lat="52.912524431677134" lon="14.354827992282129">
      <ele>27.516811843030155</ele>
      <time>2026-08-16T10:07:38Z</time>
      </trkpt>
      <trkpt lat="52.912524431677134" lon="14.354827992282129">
      <ele>27.516811843030155</ele>
      <time>2026-08-16T10:07:38Z</time>
      </trkpt>
      <trkpt lat="52.91243278314316" lon="14.354710700845496">
      <ele>27.706413003616035</ele>
      <time>2026-08-16T10:07:39Z</time>
      </trkpt>
      <trkpt lat="52.91243278314316" lon="14.354710700845496">
      <ele>27.706413003616035</ele>
      <time>2026-08-16T10:07:39Z</time>
      </trkpt>
      <trkpt lat="52.91235559847381" lon="14.35456643821082">
      <ele>28.17064348421991</ele>
      <time>2026-08-16T10:07:40Z</time>
      </trkpt>
      <trkpt lat="52.91235559847381" lon="14.35456643821082">
      <ele>28.17064348421991</ele>
      <time>2026-08-16T10:07:40Z</time>
      </trkpt>
      <trkpt lat="52.91229173123292" lon="14.354396532405177">
      <ele>29.025149608030915</ele>
      <time>2026-08-16T10:07:41Z</time>
      </trkpt>
      <trkpt lat="52.91229173123292" lon="14.354396532405177">
      <ele>29.025149608030915</ele>
      <time>2026-08-16T10:07:41Z</time>
      </trkpt>
      <trkpt lat="52.9122365692167" lon="14.35421504861193">
      <ele>29.747816717252135</ele>
      <time>2026-08-16T10:07:42Z</time>
      </trkpt>
      <trkpt lat="52.9122365692167" lon="14.35421504861193">
      <ele>29.747816717252135</ele>
      <time>2026-08-16T10:07:42Z</time>
      </trkpt>
      <trkpt lat="52.912188426486345" lon="14.354022999778644">
      <ele>30.28641186375171</ele>
      <time>2026-08-16T10:07:43Z</time>
      </trkpt>
      <trkpt lat="52.912188426486345" lon="14.354022999778644">
      <ele>30.28641186375171</ele>
      <time>2026-08-16T10:07:43Z</time>
      </trkpt>
      <trkpt lat="52.91213750761595" lon="14.353828842139235">
      <ele>30.938709660433233</ele>
      <time>2026-08-16T10:07:44Z</time>
      </trkpt>
      <trkpt lat="52.91213750761595" lon="14.353828842139235">
      <ele>30.938709660433233</ele>
      <time>2026-08-16T10:07:44Z</time>
      </trkpt>
      <trkpt lat="52.912086618582315" lon="14.353621791924837">
      <ele>32.12948939297348</ele>
      <time>2026-08-16T10:07:45Z</time>
      </trkpt>
      <trkpt lat="52.912086618582315" lon="14.353621791924837">
      <ele>32.12948939297348</ele>
      <time>2026-08-16T10:07:45Z</time>
      </trkpt>
      <trkpt lat="52.9120365804447" lon="14.353418022241437">
      <ele>32.90777155570686</ele>
      <time>2026-08-16T10:07:47Z</time>
      </trkpt>
      <trkpt lat="52.9120365804447" lon="14.353418022241437">
      <ele>32.90777155570686</ele>
      <time>2026-08-16T10:07:47Z</time>
      </trkpt>
      <trkpt lat="52.911986017867235" lon="14.35321605089164">
      <ele>33.516157541424036</ele>
      <time>2026-08-16T10:07:48Z</time>
      </trkpt>
      <trkpt lat="52.911986017867235" lon="14.35321605089164">
      <ele>33.516157541424036</ele>
      <time>2026-08-16T10:07:48Z</time>
      </trkpt>
      <trkpt lat="52.911933974189125" lon="14.353016750555861">
      <ele>34.3408855907619</ele>
      <time>2026-08-16T10:07:49Z</time>
      </trkpt>
      <trkpt lat="52.911933974189125" lon="14.353016750555861">
      <ele>34.3408855907619</ele>
      <time>2026-08-16T10:07:49Z</time>
      </trkpt>
      <trkpt lat="52.91188463317372" lon="14.352827809296448">
      <ele>34.88342127017677</ele>
      <time>2026-08-16T10:07:50Z</time>
      </trkpt>
      <trkpt lat="52.91188463317372" lon="14.352827809296448">
      <ele>34.88342127017677</ele>
      <time>2026-08-16T10:07:50Z</time>
      </trkpt>
      <trkpt lat="52.91183852311533" lon="14.35265498121363">
      <ele>35.28309927508235</ele>
      <time>2026-08-16T10:07:51Z</time>
      </trkpt>
      <trkpt lat="52.91183852311533" lon="14.35265498121363">
      <ele>35.28309927508235</ele>
      <time>2026-08-16T10:07:51Z</time>
      </trkpt>
      <trkpt lat="52.911794669703596" lon="14.352494839322954">
      <ele>35.64846549928188</ele>
      <time>2026-08-16T10:07:52Z</time>
      </trkpt>
      <trkpt lat="52.911794669703596" lon="14.352494839322954">
      <ele>35.64846549928188</ele>
      <time>2026-08-16T10:07:52Z</time>
      </trkpt>
      <trkpt lat="52.91175750005762" lon="14.352332123236623">
      <ele>36.18130736798048</ele>
      <time>2026-08-16T10:07:53Z</time>
      </trkpt>
      <trkpt lat="52.91175750005762" lon="14.352332123236623">
      <ele>36.18130736798048</ele>
      <time>2026-08-16T10:07:53Z</time>
      </trkpt>
      <trkpt lat="52.91171367146206" lon="14.35216254775628">
      <ele>36.7835923070088</ele>
      <time>2026-08-16T10:07:54Z</time>
      </trkpt>
      <trkpt lat="52.91171367146206" lon="14.35216254775628">
      <ele>36.7835923070088</ele>
      <time>2026-08-16T10:07:54Z</time>
      </trkpt>
      <trkpt lat="52.911669665049686" lon="14.35199595219553">
      <ele>37.43484665919095</ele>
      <time>2026-08-16T10:07:55Z</time>
      </trkpt>
      <trkpt lat="52.911669665049686" lon="14.35199595219553">
      <ele>37.43484665919095</ele>
      <time>2026-08-16T10:07:55Z</time>
      </trkpt>
      <trkpt lat="52.911624645436774" lon="14.351823205947065">
      <ele>38.06678126286715</ele>
      <time>2026-08-16T10:07:56Z</time>
      </trkpt>
      <trkpt lat="52.911624645436774" lon="14.351823205947065">
      <ele>38.06678126286715</ele>
      <time>2026-08-16T10:07:56Z</time>
      </trkpt>
      <trkpt lat="52.91157935124805" lon="14.351646121510429">
      <ele>38.75950977019966</ele>
      <time>2026-08-16T10:07:57Z</time>
      </trkpt>
      <trkpt lat="52.91157935124805" lon="14.351646121510429">
      <ele>38.75950977019966</ele>
      <time>2026-08-16T10:07:57Z</time>
      </trkpt>
      <trkpt lat="52.91153352052683" lon="14.351468127572605">
      <ele>39.32699872646481</ele>
      <time>2026-08-16T10:07:58Z</time>
      </trkpt>
      <trkpt lat="52.91153352052683" lon="14.351468127572605">
      <ele>39.32699872646481</ele>
      <time>2026-08-16T10:07:58Z</time>
      </trkpt>
      <trkpt lat="52.91148613271734" lon="14.351289158079247">
      <ele>39.92039839178324</ele>
      <time>2026-08-16T10:07:59Z</time>
      </trkpt>
      <trkpt lat="52.91148613271734" lon="14.351289158079247">
      <ele>39.92039839178324</ele>
      <time>2026-08-16T10:07:59Z</time>
      </trkpt>
      <trkpt lat="52.91144124428406" lon="14.351115716224916">
      <ele>40.58132829423994</ele>
      <time>2026-08-16T10:08:00Z</time>
      </trkpt>
      <trkpt lat="52.91144124428406" lon="14.351115716224916">
      <ele>40.58132829423994</ele>
      <time>2026-08-16T10:08:00Z</time>
      </trkpt>
      <trkpt lat="52.91139902409024" lon="14.350953917006807">
      <ele>41.09679170884192</ele>
      <time>2026-08-16T10:08:01Z</time>
      </trkpt>
      <trkpt lat="52.91139902409024" lon="14.350953917006807">
      <ele>41.09679170884192</ele>
      <time>2026-08-16T10:08:01Z</time>
      </trkpt>
      <trkpt lat="52.911362929311736" lon="14.350800076099102">
      <ele>41.54424012452364</ele>
      <time>2026-08-16T10:08:02Z</time>
      </trkpt>
      <trkpt lat="52.911362929311736" lon="14.350800076099102">
      <ele>41.54424012452364</ele>
      <time>2026-08-16T10:08:02Z</time>
      </trkpt>
      <trkpt lat="52.911332833823884" lon="14.350658033674417">
      <ele>41.90725546050817</ele>
      <time>2026-08-16T10:08:03Z</time>
      </trkpt>
      <trkpt lat="52.911332833823884" lon="14.350658033674417">
      <ele>41.90725546050817</ele>
      <time>2026-08-16T10:08:03Z</time>
      </trkpt>
      <trkpt lat="52.91130467766778" lon="14.350368816030874">
      <ele>43.157480656169355</ele>
      <time>2026-08-16T10:08:05Z</time>
      </trkpt>
      <trkpt lat="52.91130467766778" lon="14.350368816030874">
      <ele>43.157480656169355</ele>
      <time>2026-08-16T10:08:05Z</time>
      </trkpt>
      <trkpt lat="52.91131843497541" lon="14.350212287830342">
      <ele>43.498206921853125</ele>
      <time>2026-08-16T10:08:06Z</time>
      </trkpt>
      <trkpt lat="52.91131843497541" lon="14.350212287830342">
      <ele>43.498206921853125</ele>
      <time>2026-08-16T10:08:06Z</time>
      </trkpt>
      <trkpt lat="52.91135364690858" lon="14.350058720605334">
      <ele>44.3006809996441</ele>
      <time>2026-08-16T10:08:07Z</time>
      </trkpt>
      <trkpt lat="52.91135364690858" lon="14.350058720605334">
      <ele>44.3006809996441</ele>
      <time>2026-08-16T10:08:07Z</time>
      </trkpt>
      <trkpt lat="52.9114100172271" lon="14.349913319174293">
      <ele>44.666153945960104</ele>
      <time>2026-08-16T10:08:08Z</time>
      </trkpt>
      <trkpt lat="52.9114100172271" lon="14.349913319174293">
      <ele>44.666153945960104</ele>
      <time>2026-08-16T10:08:08Z</time>
      </trkpt>
      <trkpt lat="52.911482106739754" lon="14.349776903601297">
      <ele>45.36406275164336</ele>
      <time>2026-08-16T10:08:09Z</time>
      </trkpt>
      <trkpt lat="52.911482106739754" lon="14.349776903601297">
      <ele>45.36406275164336</ele>
      <time>2026-08-16T10:08:09Z</time>
      </trkpt>
      <trkpt lat="52.91156828564453" lon="14.349649382950615">
      <ele>45.75016114767641</ele>
      <time>2026-08-16T10:08:10Z</time>
      </trkpt>
      <trkpt lat="52.91156828564453" lon="14.349649382950615">
      <ele>45.75016114767641</ele>
      <time>2026-08-16T10:08:10Z</time>
      </trkpt>
      <trkpt lat="52.91165990504286" lon="14.349514410464392">
      <ele>46.45500773657113</ele>
      <time>2026-08-16T10:08:11Z</time>
      </trkpt>
      <trkpt lat="52.91165990504286" lon="14.349514410464392">
      <ele>46.45500773657113</ele>
      <time>2026-08-16T10:08:11Z</time>
      </trkpt>
      <trkpt lat="52.911757666496094" lon="14.349377760054436">
      <ele>46.83148776832968</ele>
      <time>2026-08-16T10:08:12Z</time>
      </trkpt>
      <trkpt lat="52.911757666496094" lon="14.349377760054436">
      <ele>46.83148776832968</ele>
      <time>2026-08-16T10:08:12Z</time>
      </trkpt>
      <trkpt lat="52.91184915230157" lon="14.349242186169265">
      <ele>47.31606508418918</ele>
      <time>2026-08-16T10:08:13Z</time>
      </trkpt>
      <trkpt lat="52.91184915230157" lon="14.349242186169265">
      <ele>47.31606508418918</ele>
      <time>2026-08-16T10:08:13Z</time>
      </trkpt>
      <trkpt lat="52.911935877192526" lon="14.34910000081914">
      <ele>47.72840012982488</ele>
      <time>2026-08-16T10:08:14Z</time>
      </trkpt>
      <trkpt lat="52.911935877192526" lon="14.34910000081914">
      <ele>47.72840012982488</ele>
      <time>2026-08-16T10:08:14Z</time>
      </trkpt>
      <trkpt lat="52.912018788347545" lon="14.348936399005517">
      <ele>48.299511208198965</ele>
      <time>2026-08-16T10:08:15Z</time>
      </trkpt>
      <trkpt lat="52.912018788347545" lon="14.348936399005517">
      <ele>48.299511208198965</ele>
      <time>2026-08-16T10:08:15Z</time>
      </trkpt>
      <trkpt lat="52.91209468200248" lon="14.348755782566432">
      <ele>48.97227731719613</ele>
      <time>2026-08-16T10:08:16Z</time>
      </trkpt>
      <trkpt lat="52.91209468200248" lon="14.348755782566432">
      <ele>48.97227731719613</ele>
      <time>2026-08-16T10:08:16Z</time>
      </trkpt>
      <trkpt lat="52.912158382315525" lon="14.348550145564541">
      <ele>49.765464240685105</ele>
      <time>2026-08-16T10:08:17Z</time>
      </trkpt>
      <trkpt lat="52.912158382315525" lon="14.348550145564541">
      <ele>49.765464240685105</ele>
      <time>2026-08-16T10:08:17Z</time>
      </trkpt>
      <trkpt lat="52.91221245347638" lon="14.34832739882944">
      <ele>50.555532350204885</ele>
      <time>2026-08-16T10:08:18Z</time>
      </trkpt>
      <trkpt lat="52.91221245347638" lon="14.34832739882944">
      <ele>50.555532350204885</ele>
      <time>2026-08-16T10:08:18Z</time>
      </trkpt>
      <trkpt lat="52.91224738227224" lon="14.348110483861046">
      <ele>51.22974757105112</ele>
      <time>2026-08-16T10:08:19Z</time>
      </trkpt>
      <trkpt lat="52.91224738227224" lon="14.348110483861046">
      <ele>51.22974757105112</ele>
      <time>2026-08-16T10:08:19Z</time>
      </trkpt>
      <trkpt lat="52.91225648032405" lon="14.347896888660834">
      <ele>51.715789121575654</ele>
      <time>2026-08-16T10:08:20Z</time>
      </trkpt>
      <trkpt lat="52.91225648032405" lon="14.347896888660834">
      <ele>51.715789121575654</ele>
      <time>2026-08-16T10:08:20Z</time>
      </trkpt>
      <trkpt lat="52.91224554857324" lon="14.347686719848255">
      <ele>52.60402216948569</ele>
      <time>2026-08-16T10:08:21Z</time>
      </trkpt>
      <trkpt lat="52.91224554857324" lon="14.347686719848255">
      <ele>52.60402216948569</ele>
      <time>2026-08-16T10:08:21Z</time>
      </trkpt>
      <trkpt lat="52.91221299156697" lon="14.347479030345825">
      <ele>53.64657094050199</ele>
      <time>2026-08-16T10:08:22Z</time>
      </trkpt>
      <trkpt lat="52.91221299156697" lon="14.347479030345825">
      <ele>53.64657094050199</ele>
      <time>2026-08-16T10:08:22Z</time>
      </trkpt>
      <trkpt lat="52.91215762753027" lon="14.347282092762773">
      <ele>54.37511741928756</ele>
      <time>2026-08-16T10:08:23Z</time>
      </trkpt>
      <trkpt lat="52.91215762753027" lon="14.347282092762773">
      <ele>54.37511741928756</ele>
      <time>2026-08-16T10:08:23Z</time>
      </trkpt>
      <trkpt lat="52.91208298617766" lon="14.347098933287286">
      <ele>55.24115492030978</ele>
      <time>2026-08-16T10:08:24Z</time>
      </trkpt>
      <trkpt lat="52.91208298617766" lon="14.347098933287286">
      <ele>55.24115492030978</ele>
      <time>2026-08-16T10:08:24Z</time>
      </trkpt>
      <trkpt lat="52.91199889207465" lon="14.346923660874706">
      <ele>55.912020242772996</ele>
      <time>2026-08-16T10:08:25Z</time>
      </trkpt>
      <trkpt lat="52.91199889207465" lon="14.346923660874706">
      <ele>55.912020242772996</ele>
      <time>2026-08-16T10:08:25Z</time>
      </trkpt>
      <trkpt lat="52.911913504402804" lon="14.346747700514822">
      <ele>57.10300103202462</ele>
      <time>2026-08-16T10:08:26Z</time>
      </trkpt>
      <trkpt lat="52.911913504402804" lon="14.346747700514822">
      <ele>57.10300103202462</ele>
      <time>2026-08-16T10:08:26Z</time>
      </trkpt>
      <trkpt lat="52.91182414503642" lon="14.346570160280173">
      <ele>57.75987752247602</ele>
      <time>2026-08-16T10:08:27Z</time>
      </trkpt>
      <trkpt lat="52.91182414503642" lon="14.346570160280173">
      <ele>57.75987752247602</ele>
      <time>2026-08-16T10:08:27Z</time>
      </trkpt>
      <trkpt lat="52.91173427898468" lon="14.346390643141456">
      <ele>58.58142550010234</ele>
      <time>2026-08-16T10:08:28Z</time>
      </trkpt>
      <trkpt lat="52.91173427898468" lon="14.346390643141456">
      <ele>58.58142550010234</ele>
      <time>2026-08-16T10:08:28Z</time>
      </trkpt>
      <trkpt lat="52.91164169078146" lon="14.346209199953066">
      <ele>59.48025003541261</ele>
      <time>2026-08-16T10:08:29Z</time>
      </trkpt>
      <trkpt lat="52.91164169078146" lon="14.346209199953066">
      <ele>59.48025003541261</ele>
      <time>2026-08-16T10:08:29Z</time>
      </trkpt>
      <trkpt lat="52.91154649902698" lon="14.346025113689162">
      <ele>60.25237270165235</ele>
      <time>2026-08-16T10:08:30Z</time>
      </trkpt>
      <trkpt lat="52.91154649902698" lon="14.346025113689162">
      <ele>60.25237270165235</ele>
      <time>2026-08-16T10:08:30Z</time>
      </trkpt>
      <trkpt lat="52.91145074042671" lon="14.34584001685902">
      <ele>61.14723784290254</ele>
      <time>2026-08-16T10:08:31Z</time>
      </trkpt>
      <trkpt lat="52.91145074042671" lon="14.34584001685902">
      <ele>61.14723784290254</ele>
      <time>2026-08-16T10:08:31Z</time>
      </trkpt>
      <trkpt lat="52.9113551675216" lon="14.345650883209377">
      <ele>62.070241139270365</ele>
      <time>2026-08-16T10:08:32Z</time>
      </trkpt>
      <trkpt lat="52.9113551675216" lon="14.345650883209377">
      <ele>62.070241139270365</ele>
      <time>2026-08-16T10:08:32Z</time>
      </trkpt>
      <trkpt lat="52.911257183808836" lon="14.345462128259365">
      <ele>62.81605875492096</ele>
      <time>2026-08-16T10:08:33Z</time>
      </trkpt>
      <trkpt lat="52.911257183808836" lon="14.345462128259365">
      <ele>62.81605875492096</ele>
      <time>2026-08-16T10:08:33Z</time>
      </trkpt>
      <trkpt lat="52.91116289804931" lon="14.345279626313433">
      <ele>63.67265245784074</ele>
      <time>2026-08-16T10:08:34Z</time>
      </trkpt>
      <trkpt lat="52.91116289804931" lon="14.345279626313433">
      <ele>63.67265245784074</ele>
      <time>2026-08-16T10:08:34Z</time>
      </trkpt>
      <trkpt lat="52.91107198102953" lon="14.345105074187169">
      <ele>64.47500274982303</ele>
      <time>2026-08-16T10:08:35Z</time>
      </trkpt>
      <trkpt lat="52.91107198102953" lon="14.345105074187169">
      <ele>64.47500274982303</ele>
      <time>2026-08-16T10:08:35Z</time>
      </trkpt>
      <trkpt lat="52.91098268644503" lon="14.344943889892567">
      <ele>65.33114280644804</ele>
      <time>2026-08-16T10:08:36Z</time>
      </trkpt>
      <trkpt lat="52.91098268644503" lon="14.344943889892567">
      <ele>65.33114280644804</ele>
      <time>2026-08-16T10:08:36Z</time>
      </trkpt>
      <trkpt lat="52.91088611923381" lon="14.344788822032775">
      <ele>65.91168507561088</ele>
      <time>2026-08-16T10:08:37Z</time>
      </trkpt>
      <trkpt lat="52.91088611923381" lon="14.344788822032775">
      <ele>65.91168507561088</ele>
      <time>2026-08-16T10:08:37Z</time>
      </trkpt>
      <trkpt lat="52.910784857554304" lon="14.34463524029454">
      <ele>66.67420387454331</ele>
      <time>2026-08-16T10:08:38Z</time>
      </trkpt>
      <trkpt lat="52.910784857554304" lon="14.34463524029454">
      <ele>66.67420387454331</ele>
      <time>2026-08-16T10:08:38Z</time>
      </trkpt>
      <trkpt lat="52.91067682751052" lon="14.344484488341967">
      <ele>67.2593774953857</ele>
      <time>2026-08-16T10:08:39Z</time>
      </trkpt>
      <trkpt lat="52.91067682751052" lon="14.344484488341967">
      <ele>67.2593774953857</ele>
      <time>2026-08-16T10:08:39Z</time>
      </trkpt>
      <trkpt lat="52.910561446571556" lon="14.344335980474456">
      <ele>67.7124088536948</ele>
      <time>2026-08-16T10:08:40Z</time>
      </trkpt>
      <trkpt lat="52.910561446571556" lon="14.344335980474456">
      <ele>67.7124088536948</ele>
      <time>2026-08-16T10:08:40Z</time>
      </trkpt>
      <trkpt lat="52.910440654714805" lon="14.34418935475255">
      <ele>68.23021165560931</ele>
      <time>2026-08-16T10:08:41Z</time>
      </trkpt>
      <trkpt lat="52.910440654714805" lon="14.34418935475255">
      <ele>68.23021165560931</ele>
      <time>2026-08-16T10:08:41Z</time>
      </trkpt>
      <trkpt lat="52.91031860346755" lon="14.344038356314579">
      <ele>68.67346776369959</ele>
      <time>2026-08-16T10:08:42Z</time>
      </trkpt>
      <trkpt lat="52.91031860346755" lon="14.344038356314579">
      <ele>68.67346776369959</ele>
      <time>2026-08-16T10:08:42Z</time>
      </trkpt>
      <trkpt lat="52.91019991459608" lon="14.343894028447465">
      <ele>69.24987146630883</ele>
      <time>2026-08-16T10:08:43Z</time>
      </trkpt>
      <trkpt lat="52.91019991459608" lon="14.343894028447465">
      <ele>69.24987146630883</ele>
      <time>2026-08-16T10:08:43Z</time>
      </trkpt>
      <trkpt lat="52.910084912436275" lon="14.343758123876146">
      <ele>69.88678395282477</ele>
      <time>2026-08-16T10:08:44Z</time>
      </trkpt>
      <trkpt lat="52.910084912436275" lon="14.343758123876146">
      <ele>69.88678395282477</ele>
      <time>2026-08-16T10:08:44Z</time>
      </trkpt>
      <trkpt lat="52.90996934511641" lon="14.343635259521795">
      <ele>70.46143611054868</ele>
      <time>2026-08-16T10:08:45Z</time>
      </trkpt>
      <trkpt lat="52.90996934511641" lon="14.343635259521795">
      <ele>70.46143611054868</ele>
      <time>2026-08-16T10:08:45Z</time>
      </trkpt>
      <trkpt lat="52.909847692160795" lon="14.343519050331455">
      <ele>71.32956526987255</ele>
      <time>2026-08-16T10:08:46Z</time>
      </trkpt>
      <trkpt lat="52.909847692160795" lon="14.343519050331455">
      <ele>71.32956526987255</ele>
      <time>2026-08-16T10:08:46Z</time>
      </trkpt>
      <trkpt lat="52.90971863403015" lon="14.343416877817614">
      <ele>71.8438280345872</ele>
      <time>2026-08-16T10:08:47Z</time>
      </trkpt>
      <trkpt lat="52.90971863403015" lon="14.343416877817614">
      <ele>71.8438280345872</ele>
      <time>2026-08-16T10:08:47Z</time>
      </trkpt>
      <trkpt lat="52.90958393402905" lon="14.343325684609495">
      <ele>72.63954664487392</ele>
      <time>2026-08-16T10:08:48Z</time>
      </trkpt>
      <trkpt lat="52.90958393402905" lon="14.343325684609495">
      <ele>72.63954664487392</ele>
      <time>2026-08-16T10:08:48Z</time>
      </trkpt>
      <trkpt lat="52.90944007778756" lon="14.343256673603943">
      <ele>73.30457282625139</ele>
      <time>2026-08-16T10:08:49Z</time>
      </trkpt>
      <trkpt lat="52.90944007778756" lon="14.343256673603943">
      <ele>73.30457282625139</ele>
      <time>2026-08-16T10:08:49Z</time>
      </trkpt>
      <trkpt lat="52.90929341716395" lon="14.34319548944144">
      <ele>73.8666943591088</ele>
      <time>2026-08-16T10:08:50Z</time>
      </trkpt>
      <trkpt lat="52.90929341716395" lon="14.34319548944144">
      <ele>73.8666943591088</ele>
      <time>2026-08-16T10:08:50Z</time>
      </trkpt>
      <trkpt lat="52.90914078228944" lon="14.343135779211012">
      <ele>74.40405679121614</ele>
      <time>2026-08-16T10:08:51Z</time>
      </trkpt>
      <trkpt lat="52.90914078228944" lon="14.343135779211012">
      <ele>74.40405679121614</ele>
      <time>2026-08-16T10:08:51Z</time>
      </trkpt>
      <trkpt lat="52.908985303729786" lon="14.343076477941349">
      <ele>75.29209933709353</ele>
      <time>2026-08-16T10:08:52Z</time>
      </trkpt>
      <trkpt lat="52.908985303729786" lon="14.343076477941349">
      <ele>75.29209933709353</ele>
      <time>2026-08-16T10:08:52Z</time>
      </trkpt>
      <trkpt lat="52.90883500795433" lon="14.343023144695415">
      <ele>75.92778402939439</ele>
      <time>2026-08-16T10:08:53Z</time>
      </trkpt>
      <trkpt lat="52.90883500795433" lon="14.343023144695415">
      <ele>75.92778402939439</ele>
      <time>2026-08-16T10:08:53Z</time>
      </trkpt>
      <trkpt lat="52.90868629470287" lon="14.342966351097385">
      <ele>76.69263728056103</ele>
      <time>2026-08-16T10:08:54Z</time>
      </trkpt>
      <trkpt lat="52.90868629470287" lon="14.342966351097385">
      <ele>76.69263728056103</ele>
      <time>2026-08-16T10:08:54Z</time>
      </trkpt>
      <trkpt lat="52.908537251735524" lon="14.342911374362492">
      <ele>77.4640440326184</ele>
      <time>2026-08-16T10:08:55Z</time>
      </trkpt>
      <trkpt lat="52.908537251735524" lon="14.342911374362492">
      <ele>77.4640440326184</ele>
      <time>2026-08-16T10:08:55Z</time>
      </trkpt>
      <trkpt lat="52.90838857264716" lon="14.342848790055196">
      <ele>77.93844347354025</ele>
      <time>2026-08-16T10:08:56Z</time>
      </trkpt>
      <trkpt lat="52.90838857264716" lon="14.342848790055196">
      <ele>77.93844347354025</ele>
      <time>2026-08-16T10:08:56Z</time>
      </trkpt>
      <trkpt lat="52.90824289106793" lon="14.342775909574057">
      <ele>78.31581828556955</ele>
      <time>2026-08-16T10:08:57Z</time>
      </trkpt>
      <trkpt lat="52.90824289106793" lon="14.342775909574057">
      <ele>78.31581828556955</ele>
      <time>2026-08-16T10:08:57Z</time>
      </trkpt>
      <trkpt lat="52.90809576571167" lon="14.342688468179164">
      <ele>78.58994544204324</ele>
      <time>2026-08-16T10:08:58Z</time>
      </trkpt>
      <trkpt lat="52.90809576571167" lon="14.342688468179164">
      <ele>78.58994544204324</ele>
      <time>2026-08-16T10:08:58Z</time>
      </trkpt>
      <trkpt lat="52.90794513717332" lon="14.342583358839796">
      <ele>78.63168470561504</ele>
      <time>2026-08-16T10:08:59Z</time>
      </trkpt>
      <trkpt lat="52.90794513717332" lon="14.342583358839796">
      <ele>78.63168470561504</ele>
      <time>2026-08-16T10:08:59Z</time>
      </trkpt>
      <trkpt lat="52.90779485449706" lon="14.342460837051384">
      <ele>78.94053776934743</ele>
      <time>2026-08-16T10:09:00Z</time>
      </trkpt>
      <trkpt lat="52.90779485449706" lon="14.342460837051384">
      <ele>78.94053776934743</ele>
      <time>2026-08-16T10:09:00Z</time>
      </trkpt>
      <trkpt lat="52.907639359623055" lon="14.342330055438662">
      <ele>79.29866692703217</ele>
      <time>2026-08-16T10:09:01Z</time>
      </trkpt>
      <trkpt lat="52.907639359623055" lon="14.342330055438662">
      <ele>79.29866692703217</ele>
      <time>2026-08-16T10:09:01Z</time>
      </trkpt>
      <trkpt lat="52.90748377144796" lon="14.342198171303592">
      <ele>79.48096873890609</ele>
      <time>2026-08-16T10:09:02Z</time>
      </trkpt>
      <trkpt lat="52.90748377144796" lon="14.342198171303592">
      <ele>79.48096873890609</ele>
      <time>2026-08-16T10:09:02Z</time>
      </trkpt>
      <trkpt lat="52.90733310703627" lon="14.342069856369486">
      <ele>79.58436489943415</ele>
      <time>2026-08-16T10:09:03Z</time>
      </trkpt>
      <trkpt lat="52.90733310703627" lon="14.342069856369486">
      <ele>79.58436489943415</ele>
      <time>2026-08-16T10:09:03Z</time>
      </trkpt>
      <trkpt lat="52.90718925425184" lon="14.341936913622085">
      <ele>79.87955476809293</ele>
      <time>2026-08-16T10:09:04Z</time>
      </trkpt>
      <trkpt lat="52.90718925425184" lon="14.341936913622085">
      <ele>79.87955476809293</ele>
      <time>2026-08-16T10:09:04Z</time>
      </trkpt>
      <trkpt lat="52.90705451323663" lon="14.341795007033193">
      <ele>80.11880154721439</ele>
      <time>2026-08-16T10:09:05Z</time>
      </trkpt>
      <trkpt lat="52.90705451323663" lon="14.341795007033193">
      <ele>80.11880154721439</ele>
      <time>2026-08-16T10:09:05Z</time>
      </trkpt>
      <trkpt lat="52.906927292586964" lon="14.341648131665366">
      <ele>80.17620222549886</ele>
      <time>2026-08-16T10:09:06Z</time>
      </trkpt>
      <trkpt lat="52.906927292586964" lon="14.341648131665366">
      <ele>80.17620222549886</ele>
      <time>2026-08-16T10:09:06Z</time>
      </trkpt>
      <trkpt lat="52.90680736300231" lon="14.34148069069334">
      <ele>80.26971748005599</ele>
      <time>2026-08-16T10:09:07Z</time>
      </trkpt>
      <trkpt lat="52.90680736300231" lon="14.34148069069334">
      <ele>80.26971748005599</ele>
      <time>2026-08-16T10:09:07Z</time>
      </trkpt>
      <trkpt lat="52.90669455506185" lon="14.341289083417912">
      <ele>80.53889511991292</ele>
      <time>2026-08-16T10:09:08Z</time>
      </trkpt>
      <trkpt lat="52.90669455506185" lon="14.341289083417912">
      <ele>80.53889511991292</ele>
      <time>2026-08-16T10:09:08Z</time>
      </trkpt>
      <trkpt lat="52.90659118947536" lon="14.341072493077744">
      <ele>80.91022493876517</ele>
      <time>2026-08-16T10:09:09Z</time>
      </trkpt>
      <trkpt lat="52.90659118947536" lon="14.341072493077744">
      <ele>80.91022493876517</ele>
      <time>2026-08-16T10:09:09Z</time>
      </trkpt>
      <trkpt lat="52.906488753661165" lon="14.340844060595966">
      <ele>81.14898602291942</ele>
      <time>2026-08-16T10:09:10Z</time>
      </trkpt>
      <trkpt lat="52.906488753661165" lon="14.340844060595966">
      <ele>81.14898602291942</ele>
      <time>2026-08-16T10:09:10Z</time>
      </trkpt>
      <trkpt lat="52.90638505638308" lon="14.340606460121887">
      <ele>81.42882690951228</ele>
      <time>2026-08-16T10:09:11Z</time>
      </trkpt>
      <trkpt lat="52.90638505638308" lon="14.340606460121887">
      <ele>81.42882690951228</ele>
      <time>2026-08-16T10:09:11Z</time>
      </trkpt>
      <trkpt lat="52.906274125248245" lon="14.340363797875684">
      <ele>81.63174205180258</ele>
      <time>2026-08-16T10:09:12Z</time>
      </trkpt>
      <trkpt lat="52.906274125248245" lon="14.340363797875684">
      <ele>81.63174205180258</ele>
      <time>2026-08-16T10:09:12Z</time>
      </trkpt>
      <trkpt lat="52.90616731701431" lon="14.340125947851488">
      <ele>81.80051213130355</ele>
      <time>2026-08-16T10:09:13Z</time>
      </trkpt>
      <trkpt lat="52.90616731701431" lon="14.340125947851488">
      <ele>81.80051213130355</ele>
      <time>2026-08-16T10:09:13Z</time>
      </trkpt>
      <trkpt lat="52.9060632382756" lon="14.33989810321868">
      <ele>81.96923002880067</ele>
      <time>2026-08-16T10:09:14Z</time>
      </trkpt>
      <trkpt lat="52.9060632382756" lon="14.33989810321868">
      <ele>81.96923002880067</ele>
      <time>2026-08-16T10:09:14Z</time>
      </trkpt>
      <trkpt lat="52.905960316474975" lon="14.339668985720754">
      <ele>82.21557145845145</ele>
      <time>2026-08-16T10:09:15Z</time>
      </trkpt>
      <trkpt lat="52.905960316474975" lon="14.339668985720754">
      <ele>82.21557145845145</ele>
      <time>2026-08-16T10:09:15Z</time>
      </trkpt>
      <trkpt lat="52.90585682966871" lon="14.339440522049177">
      <ele>82.20584980677813</ele>
      <time>2026-08-16T10:09:16Z</time>
      </trkpt>
      <trkpt lat="52.90585682966871" lon="14.339440522049177">
      <ele>82.20584980677813</ele>
      <time>2026-08-16T10:09:16Z</time>
      </trkpt>
      <trkpt lat="52.905756112696075" lon="14.339214811826288">
      <ele>82.09604776650667</ele>
      <time>2026-08-16T10:09:17Z</time>
      </trkpt>
      <trkpt lat="52.905756112696075" lon="14.339214811826288">
      <ele>82.09604776650667</ele>
      <time>2026-08-16T10:09:17Z</time>
      </trkpt>
      <trkpt lat="52.90565665094605" lon="14.338993228679193">
      <ele>81.85340331681073</ele>
      <time>2026-08-16T10:09:17Z</time>
      </trkpt>
      <trkpt lat="52.90565665094605" lon="14.338993228679193">
      <ele>81.85340331681073</ele>
      <time>2026-08-16T10:09:17Z</time>
      </trkpt>
      <trkpt lat="52.90555428570487" lon="14.33876548395447">
      <ele>81.44827257934958</ele>
      <time>2026-08-16T10:09:18Z</time>
      </trkpt>
      <trkpt lat="52.90555428570487" lon="14.33876548395447">
      <ele>81.44827257934958</ele>
      <time>2026-08-16T10:09:18Z</time>
      </trkpt>
      <trkpt lat="52.90544992314358" lon="14.338528545106646">
      <ele>81.01488613616675</ele>
      <time>2026-08-16T10:09:19Z</time>
      </trkpt>
      <trkpt lat="52.90544992314358" lon="14.338528545106646">
      <ele>81.01488613616675</ele>
      <time>2026-08-16T10:09:19Z</time>
      </trkpt>
      <trkpt lat="52.90534152198277" lon="14.33828007127184">
      <ele>80.37797340098768</ele>
      <time>2026-08-16T10:09:20Z</time>
      </trkpt>
      <trkpt lat="52.90534152198277" lon="14.33828007127184">
      <ele>80.37797340098768</ele>
      <time>2026-08-16T10:09:20Z</time>
      </trkpt>
      <trkpt lat="52.905233895146054" lon="14.338023126940053">
      <ele>79.62310154736042</ele>
      <time>2026-08-16T10:09:21Z</time>
      </trkpt>
      <trkpt lat="52.905233895146054" lon="14.338023126940053">
      <ele>79.62310154736042</ele>
      <time>2026-08-16T10:09:21Z</time>
      </trkpt>
      <trkpt lat="52.90512711914618" lon="14.33775816826651">
      <ele>78.78490487392992</ele>
      <time>2026-08-16T10:09:22Z</time>
      </trkpt>
      <trkpt lat="52.90512711914618" lon="14.33775816826651">
      <ele>78.78490487392992</ele>
      <time>2026-08-16T10:09:22Z</time>
      </trkpt>
      <trkpt lat="52.90502204001631" lon="14.337489191755063">
      <ele>78.12569038383663</ele>
      <time>2026-08-16T10:09:23Z</time>
      </trkpt>
      <trkpt lat="52.90502204001631" lon="14.337489191755063">
      <ele>78.12569038383663</ele>
      <time>2026-08-16T10:09:23Z</time>
      </trkpt>
      <trkpt lat="52.90491938817957" lon="14.337221406052326">
      <ele>77.51882274169475</ele>
      <time>2026-08-16T10:09:24Z</time>
      </trkpt>
      <trkpt lat="52.90491938817957" lon="14.337221406052326">
      <ele>77.51882274169475</ele>
      <time>2026-08-16T10:09:24Z</time>
      </trkpt>
      <trkpt lat="52.90481987630201" lon="14.336958368539982">
      <ele>76.83947372436523</ele>
      <time>2026-08-16T10:09:25Z</time>
      </trkpt>
      <trkpt lat="52.90481987630201" lon="14.336958368539982">
      <ele>76.83947372436523</ele>
      <time>2026-08-16T10:09:25Z</time>
      </trkpt>
      <trkpt lat="52.90472121873362" lon="14.336699862517792">
      <ele>76.15604722127318</ele>
      <time>2026-08-16T10:09:26Z</time>
      </trkpt>
      <trkpt lat="52.90472121873362" lon="14.336699862517792">
      <ele>76.15604722127318</ele>
      <time>2026-08-16T10:09:26Z</time>
      </trkpt>
      <trkpt lat="52.9046238387401" lon="14.336445275369412">
      <ele>75.48281177412719</ele>
      <time>2026-08-16T10:09:27Z</time>
      </trkpt>
      <trkpt lat="52.9046238387401" lon="14.336445275369412">
      <ele>75.48281177412719</ele>
      <time>2026-08-16T10:09:27Z</time>
      </trkpt>
      <trkpt lat="52.90452786068562" lon="14.336194195512173">
      <ele>74.96929316967726</ele>
      <time>2026-08-16T10:09:28Z</time>
      </trkpt>
      <trkpt lat="52.90452786068562" lon="14.336194195512173">
      <ele>74.96929316967726</ele>
      <time>2026-08-16T10:09:28Z</time>
      </trkpt>
      <trkpt lat="52.9044334333978" lon="14.335942893325532">
      <ele>74.32933768164366</ele>
      <time>2026-08-16T10:09:29Z</time>
      </trkpt>
      <trkpt lat="52.9044334333978" lon="14.335942893325532">
      <ele>74.32933768164366</ele>
      <time>2026-08-16T10:09:29Z</time>
      </trkpt>
      <trkpt lat="52.904338450290965" lon="14.335694046164502">
      <ele>73.80091118998826</ele>
      <time>2026-08-16T10:09:30Z</time>
      </trkpt>
      <trkpt lat="52.904338450290965" lon="14.335694046164502">
      <ele>73.80091118998826</ele>
      <time>2026-08-16T10:09:30Z</time>
      </trkpt>
      <trkpt lat="52.90424556475319" lon="14.335447776919109">
      <ele>73.25716808531433</ele>
      <time>2026-08-16T10:09:31Z</time>
      </trkpt>
      <trkpt lat="52.90424556475319" lon="14.335447776919109">
      <ele>73.25716808531433</ele>
      <time>2026-08-16T10:09:31Z</time>
      </trkpt>
      <trkpt lat="52.90415328421789" lon="14.335204594946717">
      <ele>72.62870336603373</ele>
      <time>2026-08-16T10:09:32Z</time>
      </trkpt>
      <trkpt lat="52.90415328421789" lon="14.335204594946717">
      <ele>72.62870336603373</ele>
      <time>2026-08-16T10:09:32Z</time>
      </trkpt>
      <trkpt lat="52.90406336677677" lon="14.3349674903037">
      <ele>72.16451249457896</ele>
      <time>2026-08-16T10:09:33Z</time>
      </trkpt>
      <trkpt lat="52.90406336677677" lon="14.3349674903037">
      <ele>72.16451249457896</ele>
      <time>2026-08-16T10:09:33Z</time>
      </trkpt>
      <trkpt lat="52.9039751769046" lon="14.334732402910983">
      <ele>71.66868505533785</ele>
      <time>2026-08-16T10:09:34Z</time>
      </trkpt>
      <trkpt lat="52.9039751769046" lon="14.334732402910983">
      <ele>71.66868505533785</ele>
      <time>2026-08-16T10:09:34Z</time>
      </trkpt>
      <trkpt lat="52.903886658083636" lon="14.33450264941102">
      <ele>71.18954057618976</ele>
      <time>2026-08-16T10:09:35Z</time>
      </trkpt>
      <trkpt lat="52.903886658083636" lon="14.33450264941102">
      <ele>71.18954057618976</ele>
      <time>2026-08-16T10:09:35Z</time>
      </trkpt>
      <trkpt lat="52.90379892956992" lon="14.334271339156853">
      <ele>70.69428096804768</ele>
      <time>2026-08-16T10:09:36Z</time>
      </trkpt>
      <trkpt lat="52.90379892956992" lon="14.334271339156853">
      <ele>70.69428096804768</ele>
      <time>2026-08-16T10:09:36Z</time>
      </trkpt>
      <trkpt lat="52.90371018997951" lon="14.334042820839008">
      <ele>70.24560976214707</ele>
      <time>2026-08-16T10:09:37Z</time>
      </trkpt>
      <trkpt lat="52.90371018997951" lon="14.334042820839008">
      <ele>70.24560976214707</ele>
      <time>2026-08-16T10:09:37Z</time>
      </trkpt>
      <trkpt lat="52.90362397138025" lon="14.333817909312419">
      <ele>69.83810279984027</ele>
      <time>2026-08-16T10:09:38Z</time>
      </trkpt>
      <trkpt lat="52.90362397138025" lon="14.333817909312419">
      <ele>69.83810279984027</ele>
      <time>2026-08-16T10:09:38Z</time>
      </trkpt>
      <trkpt lat="52.903537845217166" lon="14.333596418193311">
      <ele>69.39506489876658</ele>
      <time>2026-08-16T10:09:39Z</time>
      </trkpt>
      <trkpt lat="52.903537845217166" lon="14.333596418193311">
      <ele>69.39506489876658</ele>
      <time>2026-08-16T10:09:39Z</time>
      </trkpt>
      <trkpt lat="52.90345540737491" lon="14.333377116969361">
      <ele>68.99125168006867</ele>
      <time>2026-08-16T10:09:40Z</time>
      </trkpt>
      <trkpt lat="52.90345540737491" lon="14.333377116969361">
      <ele>68.99125168006867</ele>
      <time>2026-08-16T10:09:40Z</time>
      </trkpt>
      <trkpt lat="52.90337610988936" lon="14.333158877037715">
      <ele>68.6652049003169</ele>
      <time>2026-08-16T10:09:41Z</time>
      </trkpt>
      <trkpt lat="52.90337610988936" lon="14.333158877037715">
      <ele>68.6652049003169</ele>
      <time>2026-08-16T10:09:41Z</time>
      </trkpt>
      <trkpt lat="52.90330172852988" lon="14.332937606908558">
      <ele>68.13648960459977</ele>
      <time>2026-08-16T10:09:42Z</time>
      </trkpt>
      <trkpt lat="52.90330172852988" lon="14.332937606908558">
      <ele>68.13648960459977</ele>
      <time>2026-08-16T10:09:42Z</time>
      </trkpt>
      <trkpt lat="52.90323234668166" lon="14.332714447395116">
      <ele>67.550596290268</ele>
      <time>2026-08-16T10:09:43Z</time>
      </trkpt>
      <trkpt lat="52.90323234668166" lon="14.332714447395116">
      <ele>67.550596290268</ele>
      <time>2026-08-16T10:09:43Z</time>
      </trkpt>
      <trkpt lat="52.903167302461675" lon="14.332491643911665">
      <ele>67.23464248608798</ele>
      <time>2026-08-16T10:09:44Z</time>
      </trkpt>
      <trkpt lat="52.903167302461675" lon="14.332491643911665">
      <ele>67.23464248608798</ele>
      <time>2026-08-16T10:09:44Z</time>
      </trkpt>
      <trkpt lat="52.90310965536205" lon="14.332260973533197">
      <ele>66.95030411705375</ele>
      <time>2026-08-16T10:09:45Z</time>
      </trkpt>
      <trkpt lat="52.90310965536205" lon="14.332260973533197">
      <ele>66.95030411705375</ele>
      <time>2026-08-16T10:09:45Z</time>
      </trkpt>
      <trkpt lat="52.9030648036542" lon="14.332016572073947">
      <ele>66.85087383911014</ele>
      <time>2026-08-16T10:09:46Z</time>
      </trkpt>
      <trkpt lat="52.9030648036542" lon="14.332016572073947">
      <ele>66.85087383911014</ele>
      <time>2026-08-16T10:09:46Z</time>
      </trkpt>
      <trkpt lat="52.9030293777995" lon="14.331767727202363">
      <ele>66.78829689137638</ele>
      <time>2026-08-16T10:09:47Z</time>
      </trkpt>
      <trkpt lat="52.9030293777995" lon="14.331767727202363">
      <ele>66.78829689137638</ele>
      <time>2026-08-16T10:09:47Z</time>
      </trkpt>
      <trkpt lat="52.90299852056169" lon="14.331516109009652">
      <ele>66.68180927634239</ele>
      <time>2026-08-16T10:09:48Z</time>
      </trkpt>
      <trkpt lat="52.90299852056169" lon="14.331516109009652">
      <ele>66.68180927634239</ele>
      <time>2026-08-16T10:09:48Z</time>
      </trkpt>
      <trkpt lat="52.902972939673" lon="14.331260077276175">
      <ele>66.63909919373691</ele>
      <time>2026-08-16T10:09:49Z</time>
      </trkpt>
      <trkpt lat="52.902972939673" lon="14.331260077276175">
      <ele>66.63909919373691</ele>
      <time>2026-08-16T10:09:49Z</time>
      </trkpt>
      <trkpt lat="52.90295210342804" lon="14.330997617540772">
      <ele>66.55259544029832</ele>
      <time>2026-08-16T10:09:50Z</time>
      </trkpt>
      <trkpt lat="52.90295210342804" lon="14.330997617540772">
      <ele>66.55259544029832</ele>
      <time>2026-08-16T10:09:50Z</time>
      </trkpt>
      <trkpt lat="52.90293385495488" lon="14.330735821097456">
      <ele>66.19917556270957</ele>
      <time>2026-08-16T10:09:51Z</time>
      </trkpt>
      <trkpt lat="52.90293385495488" lon="14.330735821097456">
      <ele>66.19917556270957</ele>
      <time>2026-08-16T10:09:51Z</time>
      </trkpt>
      <trkpt lat="52.902915469178986" lon="14.33048665877658">
      <ele>66.23786693066359</ele>
      <time>2026-08-16T10:09:53Z</time>
      </trkpt>
      <trkpt lat="52.902915469178986" lon="14.33048665877658">
      <ele>66.23786693066359</ele>
      <time>2026-08-16T10:09:53Z</time>
      </trkpt>
      <trkpt lat="52.90289835116358" lon="14.330257833292514">
      <ele>66.20492868870497</ele>
      <time>2026-08-16T10:09:54Z</time>
      </trkpt>
      <trkpt lat="52.90289835116358" lon="14.330257833292514">
      <ele>66.20492868870497</ele>
      <time>2026-08-16T10:09:54Z</time>
      </trkpt>
      <trkpt lat="52.9028811279929" lon="14.330034750249906">
      <ele>66.30014160182327</ele>
      <time>2026-08-16T10:09:55Z</time>
      </trkpt>
      <trkpt lat="52.9028811279929" lon="14.330034750249906">
      <ele>66.30014160182327</ele>
      <time>2026-08-16T10:09:55Z</time>
      </trkpt>
      <trkpt lat="52.9028644337489" lon="14.329818249408683">
      <ele>66.26378775760531</ele>
      <time>2026-08-16T10:09:56Z</time>
      </trkpt>
      <trkpt lat="52.9028644337489" lon="14.329818249408683">
      <ele>66.26378775760531</ele>
      <time>2026-08-16T10:09:56Z</time>
      </trkpt>
      <trkpt lat="52.902848146743054" lon="14.329600553118311">
      <ele>66.19406177010387</ele>
      <time>2026-08-16T10:09:57Z</time>
      </trkpt>
      <trkpt lat="52.902848146743054" lon="14.329600553118311">
      <ele>66.19406177010387</ele>
      <time>2026-08-16T10:09:57Z</time>
      </trkpt>
      <trkpt lat="52.90283081796093" lon="14.329377660587335">
      <ele>66.16263499576598</ele>
      <time>2026-08-16T10:09:58Z</time>
      </trkpt>
      <trkpt lat="52.90283081796093" lon="14.329377660587335">
      <ele>66.16263499576598</ele>
      <time>2026-08-16T10:09:58Z</time>
      </trkpt>
      <trkpt lat="52.90281437749314" lon="14.329148693743143">
      <ele>66.31046815402806</ele>
      <time>2026-08-16T10:09:59Z</time>
      </trkpt>
      <trkpt lat="52.90281437749314" lon="14.329148693743143">
      <ele>66.31046815402806</ele>
      <time>2026-08-16T10:09:59Z</time>
      </trkpt>
      <trkpt lat="52.90279924041082" lon="14.328913046681867">
      <ele>66.33211154211313</ele>
      <time>2026-08-16T10:10:00Z</time>
      </trkpt>
      <trkpt lat="52.90279924041082" lon="14.328913046681867">
      <ele>66.33211154211313</ele>
      <time>2026-08-16T10:10:00Z</time>
      </trkpt>
      <trkpt lat="52.90278498535955" lon="14.328674397390305">
      <ele>66.29371861368418</ele>
      <time>2026-08-16T10:10:01Z</time>
      </trkpt>
      <trkpt lat="52.90278498535955" lon="14.328674397390305">
      <ele>66.29371861368418</ele>
      <time>2026-08-16T10:10:01Z</time>
      </trkpt>
      <trkpt lat="52.90276725200647" lon="14.32843152792867">
      <ele>66.17913643550128</ele>
      <time>2026-08-16T10:10:02Z</time>
      </trkpt>
      <trkpt lat="52.90276725200647" lon="14.32843152792867">
      <ele>66.17913643550128</ele>
      <time>2026-08-16T10:10:02Z</time>
      </trkpt>
      <trkpt lat="52.90275114598874" lon="14.32818624840361">
      <ele>66.1158562283963</ele>
      <time>2026-08-16T10:10:03Z</time>
      </trkpt>
      <trkpt lat="52.90275114598874" lon="14.32818624840361">
      <ele>66.1158562283963</ele>
      <time>2026-08-16T10:10:03Z</time>
      </trkpt>
      <trkpt lat="52.90273416225084" lon="14.327932048783792">
      <ele>66.00474055297673</ele>
      <time>2026-08-16T10:10:04Z</time>
      </trkpt>
      <trkpt lat="52.90273416225084" lon="14.327932048783792">
      <ele>66.00474055297673</ele>
      <time>2026-08-16T10:10:04Z</time>
      </trkpt>
      <trkpt lat="52.90271487652461" lon="14.327670371392283">
      <ele>65.96233707293868</ele>
      <time>2026-08-16T10:10:05Z</time>
      </trkpt>
      <trkpt lat="52.90271487652461" lon="14.327670371392283">
      <ele>65.96233707293868</ele>
      <time>2026-08-16T10:10:05Z</time>
      </trkpt>
      <trkpt lat="52.902694597118774" lon="14.327407702017831">
      <ele>65.87177534773946</ele>
      <time>2026-08-16T10:10:06Z</time>
      </trkpt>
      <trkpt lat="52.902694597118774" lon="14.327407702017831">
      <ele>65.87177534773946</ele>
      <time>2026-08-16T10:10:06Z</time>
      </trkpt>
      <trkpt lat="52.90267267376816" lon="14.327149907198551">
      <ele>65.82476051431149</ele>
      <time>2026-08-16T10:10:07Z</time>
      </trkpt>
      <trkpt lat="52.90267267376816" lon="14.327149907198551">
      <ele>65.82476051431149</ele>
      <time>2026-08-16T10:10:07Z</time>
      </trkpt>
      <trkpt lat="52.90264806221148" lon="14.326887588089303">
      <ele>65.7608815766871</ele>
      <time>2026-08-16T10:10:08Z</time>
      </trkpt>
      <trkpt lat="52.90264806221148" lon="14.326887588089303">
      <ele>65.7608815766871</ele>
      <time>2026-08-16T10:10:08Z</time>
      </trkpt>
      <trkpt lat="52.90261963789166" lon="14.326616632119228">
      <ele>66.58310029283166</ele>
      <time>2026-08-16T10:10:09Z</time>
      </trkpt>
      <trkpt lat="52.90261963789166" lon="14.326616632119228">
      <ele>66.58310029283166</ele>
      <time>2026-08-16T10:10:09Z</time>
      </trkpt>
      <trkpt lat="52.90259110765742" lon="14.326344383958599">
      <ele>66.59326179046184</ele>
      <time>2026-08-16T10:10:10Z</time>
      </trkpt>
      <trkpt lat="52.90259110765742" lon="14.326344383958599">
      <ele>66.59326179046184</ele>
      <time>2026-08-16T10:10:10Z</time>
      </trkpt>
      <trkpt lat="52.90255807695001" lon="14.326064241603298">
      <ele>66.5105203948915</ele>
      <time>2026-08-16T10:10:11Z</time>
      </trkpt>
      <trkpt lat="52.90255807695001" lon="14.326064241603298">
      <ele>66.5105203948915</ele>
      <time>2026-08-16T10:10:11Z</time>
      </trkpt>
      <trkpt lat="52.902523843228735" lon="14.325782902492607">
      <ele>66.35030794795603</ele>
      <time>2026-08-16T10:10:12Z</time>
      </trkpt>
      <trkpt lat="52.902523843228735" lon="14.325782902492607">
      <ele>66.35030794795603</ele>
      <time>2026-08-16T10:10:12Z</time>
      </trkpt>
      <trkpt lat="52.90248949739272" lon="14.32550078345799">
      <ele>66.13030207436532</ele>
      <time>2026-08-16T10:10:13Z</time>
      </trkpt>
      <trkpt lat="52.90248949739272" lon="14.32550078345799">
      <ele>66.13030207436532</ele>
      <time>2026-08-16T10:10:13Z</time>
      </trkpt>
      <trkpt lat="52.90245362622611" lon="14.32521087183766">
      <ele>65.79575000982732</ele>
      <time>2026-08-16T10:10:14Z</time>
      </trkpt>
      <trkpt lat="52.90245362622611" lon="14.32521087183766">
      <ele>65.79575000982732</ele>
      <time>2026-08-16T10:10:14Z</time>
      </trkpt>
      <trkpt lat="52.90241687927641" lon="14.324912115352824">
      <ele>65.65562387276441</ele>
      <time>2026-08-16T10:10:15Z</time>
      </trkpt>
      <trkpt lat="52.90241687927641" lon="14.324912115352824">
      <ele>65.65562387276441</ele>
      <time>2026-08-16T10:10:15Z</time>
      </trkpt>
      <trkpt lat="52.90237959435897" lon="14.324607196273377">
      <ele>65.4753950657323</ele>
      <time>2026-08-16T10:10:16Z</time>
      </trkpt>
      <trkpt lat="52.90237959435897" lon="14.324607196273377">
      <ele>65.4753950657323</ele>
      <time>2026-08-16T10:10:16Z</time>
      </trkpt>
      <trkpt lat="52.902341927783496" lon="14.324296843527698">
      <ele>65.34149098210037</ele>
      <time>2026-08-16T10:10:17Z</time>
      </trkpt>
      <trkpt lat="52.902341927783496" lon="14.324296843527698">
      <ele>65.34149098210037</ele>
      <time>2026-08-16T10:10:17Z</time>
      </trkpt>
      <trkpt lat="52.902302387165506" lon="14.323984533949035">
      <ele>65.15253688953817</ele>
      <time>2026-08-16T10:10:18Z</time>
      </trkpt>
      <trkpt lat="52.902302387165506" lon="14.323984533949035">
      <ele>65.15253688953817</ele>
      <time>2026-08-16T10:10:18Z</time>
      </trkpt>
      <trkpt lat="52.902264556378995" lon="14.32367501875444">
      <ele>65.12306876294315</ele>
      <time>2026-08-16T10:10:19Z</time>
      </trkpt>
      <trkpt lat="52.902264556378995" lon="14.32367501875444">
      <ele>65.12306876294315</ele>
      <time>2026-08-16T10:10:19Z</time>
      </trkpt>
      <trkpt lat="52.90222560221639" lon="14.323357587633508">
      <ele>65.25233401078731</ele>
      <time>2026-08-16T10:10:20Z</time>
      </trkpt>
      <trkpt lat="52.90222560221639" lon="14.323357587633508">
      <ele>65.25233401078731</ele>
      <time>2026-08-16T10:10:20Z</time>
      </trkpt>
      <trkpt lat="52.90218402118943" lon="14.323039263336605">
      <ele>65.33876712154597</ele>
      <time>2026-08-16T10:10:21Z</time>
      </trkpt>
      <trkpt lat="52.90218402118943" lon="14.323039263336605">
      <ele>65.33876712154597</ele>
      <time>2026-08-16T10:10:21Z</time>
      </trkpt>
      <trkpt lat="52.90214296820634" lon="14.322718093586909">
      <ele>65.21361028496176</ele>
      <time>2026-08-16T10:10:22Z</time>
      </trkpt>
      <trkpt lat="52.90214296820634" lon="14.322718093586909">
      <ele>65.21361028496176</ele>
      <time>2026-08-16T10:10:22Z</time>
      </trkpt>
      <trkpt lat="52.90210139771663" lon="14.322401233149275">
      <ele>65.35970311239362</ele>
      <time>2026-08-16T10:10:23Z</time>
      </trkpt>
      <trkpt lat="52.90210139771663" lon="14.322401233149275">
      <ele>65.35970311239362</ele>
      <time>2026-08-16T10:10:23Z</time>
      </trkpt>
      <trkpt lat="52.90206088913088" lon="14.322090116995433">
      <ele>65.63796293921769</ele>
      <time>2026-08-16T10:10:24Z</time>
      </trkpt>
      <trkpt lat="52.90206088913088" lon="14.322090116995433">
      <ele>65.63796293921769</ele>
      <time>2026-08-16T10:10:24Z</time>
      </trkpt>
      <trkpt lat="52.90202025911975" lon="14.321782447330552">
      <ele>65.91247811354697</ele>
      <time>2026-08-16T10:10:25Z</time>
      </trkpt>
      <trkpt lat="52.90202025911975" lon="14.321782447330552">
      <ele>65.91247811354697</ele>
      <time>2026-08-16T10:10:25Z</time>
      </trkpt>
      <trkpt lat="52.901985079622506" lon="14.321486112716885">
      <ele>66.32885940093547</ele>
      <time>2026-08-16T10:10:26Z</time>
      </trkpt>
      <trkpt lat="52.901985079622506" lon="14.321486112716885">
      <ele>66.32885940093547</ele>
      <time>2026-08-16T10:10:26Z</time>
      </trkpt>
      <trkpt lat="52.901947757613534" lon="14.321196936743515">
      <ele>66.6493987487629</ele>
      <time>2026-08-16T10:10:27Z</time>
      </trkpt>
      <trkpt lat="52.901947757613534" lon="14.321196936743515">
      <ele>66.6493987487629</ele>
      <time>2026-08-16T10:10:27Z</time>
      </trkpt>
      <trkpt lat="52.90190770389294" lon="14.320908249097295">
      <ele>67.11293055769056</ele>
      <time>2026-08-16T10:10:28Z</time>
      </trkpt>
      <trkpt lat="52.90190770389294" lon="14.320908249097295">
      <ele>67.11293055769056</ele>
      <time>2026-08-16T10:10:28Z</time>
      </trkpt>
      <trkpt lat="52.90186436232523" lon="14.32061890455269">
      <ele>67.43890747986734</ele>
      <time>2026-08-16T10:10:29Z</time>
      </trkpt>
      <trkpt lat="52.90186436232523" lon="14.32061890455269">
      <ele>67.43890747986734</ele>
      <time>2026-08-16T10:10:29Z</time>
      </trkpt>
      <trkpt lat="52.90181074500922" lon="14.320327790731117">
      <ele>67.69803921412677</ele>
      <time>2026-08-16T10:10:30Z</time>
      </trkpt>
      <trkpt lat="52.90181074500922" lon="14.320327790731117">
      <ele>67.69803921412677</ele>
      <time>2026-08-16T10:10:30Z</time>
      </trkpt>
      <trkpt lat="52.901750047211586" lon="14.320033482134624">
      <ele>67.77603799290955</ele>
      <time>2026-08-16T10:10:31Z</time>
      </trkpt>
      <trkpt lat="52.901750047211586" lon="14.320033482134624">
      <ele>67.77603799290955</ele>
      <time>2026-08-16T10:10:31Z</time>
      </trkpt>
      <trkpt lat="52.90168223701992" lon="14.319736816760384">
      <ele>67.9526311242953</ele>
      <time>2026-08-16T10:10:32Z</time>
      </trkpt>
      <trkpt lat="52.90168223701992" lon="14.319736816760384">
      <ele>67.9526311242953</ele>
      <time>2026-08-16T10:10:32Z</time>
      </trkpt>
      <trkpt lat="52.90160991231622" lon="14.319436588085438">
      <ele>68.27075673174113</ele>
      <time>2026-08-16T10:10:33Z</time>
      </trkpt>
      <trkpt lat="52.90160991231622" lon="14.319436588085438">
      <ele>68.27075673174113</ele>
      <time>2026-08-16T10:10:33Z</time>
      </trkpt>
      <trkpt lat="52.90153839853026" lon="14.319130701628122">
      <ele>68.25076115969568</ele>
      <time>2026-08-16T10:10:34Z</time>
      </trkpt>
      <trkpt lat="52.90153839853026" lon="14.319130701628122">
      <ele>68.25076115969568</ele>
      <time>2026-08-16T10:10:34Z</time>
      </trkpt>
      <trkpt lat="52.90146678227126" lon="14.3188277483246">
      <ele>68.67519445903599</ele>
      <time>2026-08-16T10:10:35Z</time>
      </trkpt>
      <trkpt lat="52.90146678227126" lon="14.3188277483246">
      <ele>68.67519445903599</ele>
      <time>2026-08-16T10:10:35Z</time>
      </trkpt>
      <trkpt lat="52.90139333357049" lon="14.318524024586992">
      <ele>68.87282947637141</ele>
      <time>2026-08-16T10:10:36Z</time>
      </trkpt>
      <trkpt lat="52.90139333357049" lon="14.318524024586992">
      <ele>68.87282947637141</ele>
      <time>2026-08-16T10:10:36Z</time>
      </trkpt>
      <trkpt lat="52.90131989573225" lon="14.318219611192822">
      <ele>69.01620214059949</ele>
      <time>2026-08-16T10:10:37Z</time>
      </trkpt>
      <trkpt lat="52.90131989573225" lon="14.318219611192822">
      <ele>69.01620214059949</ele>
      <time>2026-08-16T10:10:37Z</time>
      </trkpt>
      <trkpt lat="52.90124847184331" lon="14.317921062434063">
      <ele>69.23152467608452</ele>
      <time>2026-08-16T10:10:38Z</time>
      </trkpt>
      <trkpt lat="52.90124847184331" lon="14.317921062434063">
      <ele>69.23152467608452</ele>
      <time>2026-08-16T10:10:38Z</time>
      </trkpt>
      <trkpt lat="52.90118019131719" lon="14.317625094652335">
      <ele>69.30593126174062</ele>
      <time>2026-08-16T10:10:39Z</time>
      </trkpt>
      <trkpt lat="52.90118019131719" lon="14.317625094652335">
      <ele>69.30593126174062</ele>
      <time>2026-08-16T10:10:39Z</time>
      </trkpt>
      <trkpt lat="52.9011105721407" lon="14.317329229652579">
      <ele>69.65917769446969</ele>
      <time>2026-08-16T10:10:40Z</time>
      </trkpt>
      <trkpt lat="52.9011105721407" lon="14.317329229652579">
      <ele>69.65917769446969</ele>
      <time>2026-08-16T10:10:40Z</time>
      </trkpt>
      <trkpt lat="52.901034270932996" lon="14.317033370286055">
      <ele>69.80802341364324</ele>
      <time>2026-08-16T10:10:41Z</time>
      </trkpt>
      <trkpt lat="52.901034270932996" lon="14.317033370286055">
      <ele>69.80802341364324</ele>
      <time>2026-08-16T10:10:41Z</time>
      </trkpt>
      <trkpt lat="52.90094432975963" lon="14.31674068118653">
      <ele>70.01052258629352</ele>
      <time>2026-08-16T10:10:42Z</time>
      </trkpt>
      <trkpt lat="52.90094432975963" lon="14.31674068118653">
      <ele>70.01052258629352</ele>
      <time>2026-08-16T10:10:42Z</time>
      </trkpt>
      <trkpt lat="52.90084656261221" lon="14.316449803423588">
      <ele>70.19833796098828</ele>
      <time>2026-08-16T10:10:43Z</time>
      </trkpt>
      <trkpt lat="52.90084656261221" lon="14.316449803423588">
      <ele>70.19833796098828</ele>
      <time>2026-08-16T10:10:43Z</time>
      </trkpt>
      <trkpt lat="52.900739883127905" lon="14.316159849719519">
      <ele>70.4255821602419</ele>
      <time>2026-08-16T10:10:44Z</time>
      </trkpt>
      <trkpt lat="52.900739883127905" lon="14.316159849719519">
      <ele>70.4255821602419</ele>
      <time>2026-08-16T10:10:44Z</time>
      </trkpt>
      <trkpt lat="52.90062858245066" lon="14.315867613935652">
      <ele>70.51699044927955</ele>
      <time>2026-08-16T10:10:45Z</time>
      </trkpt>
      <trkpt lat="52.90062858245066" lon="14.315867613935652">
      <ele>70.51699044927955</ele>
      <time>2026-08-16T10:10:45Z</time>
      </trkpt>
      <trkpt lat="52.900518286184756" lon="14.315582312072994">
      <ele>70.54247295390815</ele>
      <time>2026-08-16T10:10:46Z</time>
      </trkpt>
      <trkpt lat="52.900518286184756" lon="14.315582312072994">
      <ele>70.54247295390815</ele>
      <time>2026-08-16T10:10:46Z</time>
      </trkpt>
      <trkpt lat="52.90041048038604" lon="14.315306108233306">
      <ele>70.87097774725407</ele>
      <time>2026-08-16T10:10:47Z</time>
      </trkpt>
      <trkpt lat="52.90041048038604" lon="14.315306108233306">
      <ele>70.87097774725407</ele>
      <time>2026-08-16T10:10:47Z</time>
      </trkpt>
      <trkpt lat="52.90030525372797" lon="14.315035351995755">
      <ele>71.03725068643689</ele>
      <time>2026-08-16T10:10:48Z</time>
      </trkpt>
      <trkpt lat="52.90030525372797" lon="14.315035351995755">
      <ele>71.03725068643689</ele>
      <time>2026-08-16T10:10:48Z</time>
      </trkpt>
      <trkpt lat="52.90020363307786" lon="14.314772730913338">
      <ele>71.28155265934765</ele>
      <time>2026-08-16T10:10:49Z</time>
      </trkpt>
      <trkpt lat="52.90020363307786" lon="14.314772730913338">
      <ele>71.28155265934765</ele>
      <time>2026-08-16T10:10:49Z</time>
      </trkpt>
      <trkpt lat="52.9001043514744" lon="14.314517201053274">
      <ele>71.42340584937483</ele>
      <time>2026-08-16T10:10:50Z</time>
      </trkpt>
      <trkpt lat="52.9001043514744" lon="14.314517201053274">
      <ele>71.42340584937483</ele>
      <time>2026-08-16T10:10:50Z</time>
      </trkpt>
      <trkpt lat="52.9000084995231" lon="14.31426897831789">
      <ele>71.62527823448181</ele>
      <time>2026-08-16T10:10:51Z</time>
      </trkpt>
      <trkpt lat="52.9000084995231" lon="14.31426897831789">
      <ele>71.62527823448181</ele>
      <time>2026-08-16T10:10:51Z</time>
      </trkpt>
      <trkpt lat="52.899914629443856" lon="14.31403004632792">
      <ele>71.79353859089315</ele>
      <time>2026-08-16T10:10:52Z</time>
      </trkpt>
      <trkpt lat="52.899914629443856" lon="14.31403004632792">
      <ele>71.79353859089315</ele>
      <time>2026-08-16T10:10:52Z</time>
      </trkpt>
      <trkpt lat="52.89982268559789" lon="14.313791011456853">
      <ele>71.83630700502545</ele>
      <time>2026-08-16T10:10:53Z</time>
      </trkpt>
      <trkpt lat="52.89982268559789" lon="14.313791011456853">
      <ele>71.83630700502545</ele>
      <time>2026-08-16T10:10:53Z</time>
      </trkpt>
      <trkpt lat="52.899730068583544" lon="14.313551281989623">
      <ele>72.24170310329646</ele>
      <time>2026-08-16T10:10:54Z</time>
      </trkpt>
      <trkpt lat="52.899730068583544" lon="14.313551281989623">
      <ele>72.24170310329646</ele>
      <time>2026-08-16T10:10:54Z</time>
      </trkpt>
      <trkpt lat="52.89963485514981" lon="14.3133127289006">
      <ele>72.55085799004883</ele>
      <time>2026-08-16T10:10:55Z</time>
      </trkpt>
      <trkpt lat="52.89963485514981" lon="14.3133127289006">
      <ele>72.55085799004883</ele>
      <time>2026-08-16T10:10:55Z</time>
      </trkpt>
      <trkpt lat="52.89953512690935" lon="14.313073788487586">
      <ele>72.68621639627963</ele>
      <time>2026-08-16T10:10:56Z</time>
      </trkpt>
      <trkpt lat="52.89953512690935" lon="14.313073788487586">
      <ele>72.68621639627963</ele>
      <time>2026-08-16T10:10:56Z</time>
      </trkpt>
      <trkpt lat="52.89942800236437" lon="14.312836775189599">
      <ele>73.09546063002199</ele>
      <time>2026-08-16T10:10:57Z</time>
      </trkpt>
      <trkpt lat="52.89942800236437" lon="14.312836775189599">
      <ele>73.09546063002199</ele>
      <time>2026-08-16T10:10:57Z</time>
      </trkpt>
      <trkpt lat="52.8993120750948" lon="14.312603579117">
      <ele>73.50555984303355</ele>
      <time>2026-08-16T10:10:58Z</time>
      </trkpt>
      <trkpt lat="52.8993120750948" lon="14.312603579117">
      <ele>73.50555984303355</ele>
      <time>2026-08-16T10:10:58Z</time>
      </trkpt>
      <trkpt lat="52.899191144262524" lon="14.312371453746943">
      <ele>73.70088868867606</ele>
      <time>2026-08-16T10:10:59Z</time>
      </trkpt>
      <trkpt lat="52.899191144262524" lon="14.312371453746943">
      <ele>73.70088868867606</ele>
      <time>2026-08-16T10:10:59Z</time>
      </trkpt>
      <trkpt lat="52.89906566205834" lon="14.312139284107495">
      <ele>73.88125253748149</ele>
      <time>2026-08-16T10:11:00Z</time>
      </trkpt>
      <trkpt lat="52.89906566205834" lon="14.312139284107495">
      <ele>73.88125253748149</ele>
      <time>2026-08-16T10:11:00Z</time>
      </trkpt>
      <trkpt lat="52.89893839842814" lon="14.311902709185535">
      <ele>74.03130916226655</ele>
      <time>2026-08-16T10:11:01Z</time>
      </trkpt>
      <trkpt lat="52.89893839842814" lon="14.311902709185535">
      <ele>74.03130916226655</ele>
      <time>2026-08-16T10:11:01Z</time>
      </trkpt>
      <trkpt lat="52.89881035767762" lon="14.311659602692753">
      <ele>74.31207139603794</ele>
      <time>2026-08-16T10:11:02Z</time>
      </trkpt>
      <trkpt lat="52.89881035767762" lon="14.311659602692753">
      <ele>74.31207139603794</ele>
      <time>2026-08-16T10:11:02Z</time>
      </trkpt>
      <trkpt lat="52.898681435135565" lon="14.311412001992796">
      <ele>74.24974576476961</ele>
      <time>2026-08-16T10:11:03Z</time>
      </trkpt>
      <trkpt lat="52.898681435135565" lon="14.311412001992796">
      <ele>74.24974576476961</ele>
      <time>2026-08-16T10:11:03Z</time>
      </trkpt>
      <trkpt lat="52.898549683910616" lon="14.311158989666605">
      <ele>74.33850000239909</ele>
      <time>2026-08-16T10:11:04Z</time>
      </trkpt>
      <trkpt lat="52.898549683910616" lon="14.311158989666605">
      <ele>74.33850000239909</ele>
      <time>2026-08-16T10:11:04Z</time>
      </trkpt>
      <trkpt lat="52.89841881396636" lon="14.310914759412835">
      <ele>74.29730660188943</ele>
      <time>2026-08-16T10:11:05Z</time>
      </trkpt>
      <trkpt lat="52.89841881396636" lon="14.310914759412835">
      <ele>74.29730660188943</ele>
      <time>2026-08-16T10:11:05Z</time>
      </trkpt>
      <trkpt lat="52.89828818606872" lon="14.310667623248706">
      <ele>73.97101625613868</ele>
      <time>2026-08-16T10:11:06Z</time>
      </trkpt>
      <trkpt lat="52.89828818606872" lon="14.310667623248706">
      <ele>73.97101625613868</ele>
      <time>2026-08-16T10:11:06Z</time>
      </trkpt>
      <trkpt lat="52.89815734153882" lon="14.310417369262163">
      <ele>74.2083719400689</ele>
      <time>2026-08-16T10:11:07Z</time>
      </trkpt>
      <trkpt lat="52.89815734153882" lon="14.310417369262163">
      <ele>74.2083719400689</ele>
      <time>2026-08-16T10:11:07Z</time>
      </trkpt>
      <trkpt lat="52.898026615780964" lon="14.310168712424618">
      <ele>74.41738247778267</ele>
      <time>2026-08-16T10:11:08Z</time>
      </trkpt>
      <trkpt lat="52.898026615780964" lon="14.310168712424618">
      <ele>74.41738247778267</ele>
      <time>2026-08-16T10:11:08Z</time>
      </trkpt>
      <trkpt lat="52.897896243369814" lon="14.309925083961028">
      <ele>73.97394790593535</ele>
      <time>2026-08-16T10:11:09Z</time>
      </trkpt>
      <trkpt lat="52.897896243369814" lon="14.309925083961028">
      <ele>73.97394790593535</ele>
      <time>2026-08-16T10:11:09Z</time>
      </trkpt>
      <trkpt lat="52.8977632423385" lon="14.30966968274321">
      <ele>73.8747472120449</ele>
      <time>2026-08-16T10:11:10Z</time>
      </trkpt>
      <trkpt lat="52.8977632423385" lon="14.30966968274321">
      <ele>73.8747472120449</ele>
      <time>2026-08-16T10:11:10Z</time>
      </trkpt>
      <trkpt lat="52.89763001676579" lon="14.309415397111279">
      <ele>73.7022711141035</ele>
      <time>2026-08-16T10:11:11Z</time>
      </trkpt>
      <trkpt lat="52.89763001676579" lon="14.309415397111279">
      <ele>73.7022711141035</ele>
      <time>2026-08-16T10:11:11Z</time>
      </trkpt>
      <trkpt lat="52.89749731668561" lon="14.309163667589463">
      <ele>73.44995445664972</ele>
      <time>2026-08-16T10:11:12Z</time>
      </trkpt>
      <trkpt lat="52.89749731668561" lon="14.309163667589463">
      <ele>73.44995445664972</ele>
      <time>2026-08-16T10:11:12Z</time>
      </trkpt>
      <trkpt lat="52.89736781808033" lon="14.308916664484336">
      <ele>73.1704968251288</ele>
      <time>2026-08-16T10:11:12Z</time>
      </trkpt>
      <trkpt lat="52.89736781808033" lon="14.308916664484336">
      <ele>73.1704968251288</ele>
      <time>2026-08-16T10:11:12Z</time>
      </trkpt>
      <trkpt lat="52.897237568010986" lon="14.308679589731529">
      <ele>72.77949607744813</ele>
      <time>2026-08-16T10:11:13Z</time>
      </trkpt>
      <trkpt lat="52.897237568010986" lon="14.308679589731529">
      <ele>72.77949607744813</ele>
      <time>2026-08-16T10:11:13Z</time>
      </trkpt>
      <trkpt lat="52.89710981225723" lon="14.308437681534283">
      <ele>72.67774141766131</ele>
      <time>2026-08-16T10:11:14Z</time>
      </trkpt>
      <trkpt lat="52.89710981225723" lon="14.308437681534283">
      <ele>72.67774141766131</ele>
      <time>2026-08-16T10:11:14Z</time>
      </trkpt>
      <trkpt lat="52.89698165025288" lon="14.308193828365532">
      <ele>72.33278606180102</ele>
      <time>2026-08-16T10:11:15Z</time>
      </trkpt>
      <trkpt lat="52.89698165025288" lon="14.308193828365532">
      <ele>72.33278606180102</ele>
      <time>2026-08-16T10:11:15Z</time>
      </trkpt>
      <trkpt lat="52.896852075327885" lon="14.307949830993309">
      <ele>72.05549915321171</ele>
      <time>2026-08-16T10:11:16Z</time>
      </trkpt>
      <trkpt lat="52.896852075327885" lon="14.307949830993309">
      <ele>72.05549915321171</ele>
      <time>2026-08-16T10:11:16Z</time>
      </trkpt>
      <trkpt lat="52.89672220513817" lon="14.307701680379546">
      <ele>71.79505330417305</ele>
      <time>2026-08-16T10:11:17Z</time>
      </trkpt>
      <trkpt lat="52.89672220513817" lon="14.307701680379546">
      <ele>71.79505330417305</ele>
      <time>2026-08-16T10:11:17Z</time>
      </trkpt>
      <trkpt lat="52.89659345814586" lon="14.307456814267029">
      <ele>71.50331936962903</ele>
      <time>2026-08-16T10:11:18Z</time>
      </trkpt>
      <trkpt lat="52.89659345814586" lon="14.307456814267029">
      <ele>71.50331936962903</ele>
      <time>2026-08-16T10:11:18Z</time>
      </trkpt>
      <trkpt lat="52.89646418265765" lon="14.307212866104393">
      <ele>71.40703233331442</ele>
      <time>2026-08-16T10:11:19Z</time>
      </trkpt>
      <trkpt lat="52.89646418265765" lon="14.307212866104393">
      <ele>71.40703233331442</ele>
      <time>2026-08-16T10:11:19Z</time>
      </trkpt>
      <trkpt lat="52.89633803552983" lon="14.306969451322338">
      <ele>71.23723756242543</ele>
      <time>2026-08-16T10:11:20Z</time>
      </trkpt>
      <trkpt lat="52.89633803552983" lon="14.306969451322338">
      <ele>71.23723756242543</ele>
      <time>2026-08-16T10:11:20Z</time>
      </trkpt>
      <trkpt lat="52.89621159892875" lon="14.306729345581251">
      <ele>71.20119506306946</ele>
      <time>2026-08-16T10:11:21Z</time>
      </trkpt>
      <trkpt lat="52.89621159892875" lon="14.306729345581251">
      <ele>71.20119506306946</ele>
      <time>2026-08-16T10:11:21Z</time>
      </trkpt>
      <trkpt lat="52.896087613416015" lon="14.306493510659191">
      <ele>71.29572405293584</ele>
      <time>2026-08-16T10:11:22Z</time>
      </trkpt>
      <trkpt lat="52.896087613416015" lon="14.306493510659191">
      <ele>71.29572405293584</ele>
      <time>2026-08-16T10:11:22Z</time>
      </trkpt>
      <trkpt lat="52.89596530182998" lon="14.306265193245224">
      <ele>71.20682735834271</ele>
      <time>2026-08-16T10:11:23Z</time>
      </trkpt>
      <trkpt lat="52.89596530182998" lon="14.306265193245224">
      <ele>71.20682735834271</ele>
      <time>2026-08-16T10:11:23Z</time>
      </trkpt>
      <trkpt lat="52.895847426748226" lon="14.30604227987108">
      <ele>71.31989260297269</ele>
      <time>2026-08-16T10:11:24Z</time>
      </trkpt>
      <trkpt lat="52.895847426748226" lon="14.30604227987108">
      <ele>71.31989260297269</ele>
      <time>2026-08-16T10:11:24Z</time>
      </trkpt>
      <trkpt lat="52.89573121751831" lon="14.305819251762049">
      <ele>71.45965875033289</ele>
      <time>2026-08-16T10:11:25Z</time>
      </trkpt>
      <trkpt lat="52.89573121751831" lon="14.305819251762049">
      <ele>71.45965875033289</ele>
      <time>2026-08-16T10:11:25Z</time>
      </trkpt>
      <trkpt lat="52.89561379264627" lon="14.305593226155237">
      <ele>71.62711849808693</ele>
      <time>2026-08-16T10:11:26Z</time>
      </trkpt>
      <trkpt lat="52.89561379264627" lon="14.305593226155237">
      <ele>71.62711849808693</ele>
      <time>2026-08-16T10:11:26Z</time>
      </trkpt>
      <trkpt lat="52.89549370893511" lon="14.305366500874873">
      <ele>71.91069082077593</ele>
      <time>2026-08-16T10:11:27Z</time>
      </trkpt>
      <trkpt lat="52.89549370893511" lon="14.305366500874873">
      <ele>71.91069082077593</ele>
      <time>2026-08-16T10:11:27Z</time>
      </trkpt>
      <trkpt lat="52.8953737123152" lon="14.305137845902035">
      <ele>71.94593258854002</ele>
      <time>2026-08-16T10:11:28Z</time>
      </trkpt>
      <trkpt lat="52.8953737123152" lon="14.305137845902035">
      <ele>71.94593258854002</ele>
      <time>2026-08-16T10:11:28Z</time>
      </trkpt>
      <trkpt lat="52.89525924224119" lon="14.304913067155493">
      <ele>72.27867758274078</ele>
      <time>2026-08-16T10:11:29Z</time>
      </trkpt>
      <trkpt lat="52.89525924224119" lon="14.304913067155493">
      <ele>72.27867758274078</ele>
      <time>2026-08-16T10:11:29Z</time>
      </trkpt>
      <trkpt lat="52.89514240903664" lon="14.30469582058044">
      <ele>72.47507508192211</ele>
      <time>2026-08-16T10:11:30Z</time>
      </trkpt>
      <trkpt lat="52.89514240903664" lon="14.30469582058044">
      <ele>72.47507508192211</ele>
      <time>2026-08-16T10:11:30Z</time>
      </trkpt>
      <trkpt lat="52.89502192789142" lon="14.304480638425163">
      <ele>72.65030201058835</ele>
      <time>2026-08-16T10:11:31Z</time>
      </trkpt>
      <trkpt lat="52.89502192789142" lon="14.304480638425163">
      <ele>72.65030201058835</ele>
      <time>2026-08-16T10:11:31Z</time>
      </trkpt>
      <trkpt lat="52.89489591088232" lon="14.304270463556573">
      <ele>73.05176100693643</ele>
      <time>2026-08-16T10:11:32Z</time>
      </trkpt>
      <trkpt lat="52.89489591088232" lon="14.304270463556573">
      <ele>73.05176100693643</ele>
      <time>2026-08-16T10:11:32Z</time>
      </trkpt>
      <trkpt lat="52.894761579328886" lon="14.304065650068578">
      <ele>73.24797743093222</ele>
      <time>2026-08-16T10:11:33Z</time>
      </trkpt>
      <trkpt lat="52.894761579328886" lon="14.304065650068578">
      <ele>73.24797743093222</ele>
      <time>2026-08-16T10:11:33Z</time>
      </trkpt>
      <trkpt lat="52.894623404336535" lon="14.303866630349601">
      <ele>73.33072952087969</ele>
      <time>2026-08-16T10:11:34Z</time>
      </trkpt>
      <trkpt lat="52.894623404336535" lon="14.303866630349601">
      <ele>73.33072952087969</ele>
      <time>2026-08-16T10:11:34Z</time>
      </trkpt>
      <trkpt lat="52.89448554958029" lon="14.303667397181957">
      <ele>73.69381492491812</ele>
      <time>2026-08-16T10:11:35Z</time>
      </trkpt>
      <trkpt lat="52.89448554958029" lon="14.303667397181957">
      <ele>73.69381492491812</ele>
      <time>2026-08-16T10:11:35Z</time>
      </trkpt>
      <trkpt lat="52.89434089882155" lon="14.30346282481861">
      <ele>74.05359056033194</ele>
      <time>2026-08-16T10:11:36Z</time>
      </trkpt>
      <trkpt lat="52.89434089882155" lon="14.30346282481861">
      <ele>74.05359056033194</ele>
      <time>2026-08-16T10:11:36Z</time>
      </trkpt>
      <trkpt lat="52.89420224118407" lon="14.303247227598733">
      <ele>74.5676811253652</ele>
      <time>2026-08-16T10:11:37Z</time>
      </trkpt>
      <trkpt lat="52.89420224118407" lon="14.303247227598733">
      <ele>74.5676811253652</ele>
      <time>2026-08-16T10:11:37Z</time>
      </trkpt>
      <trkpt lat="52.8940682978674" lon="14.303033098401672">
      <ele>74.28262978699058</ele>
      <time>2026-08-16T10:11:38Z</time>
      </trkpt>
      <trkpt lat="52.8940682978674" lon="14.303033098401672">
      <ele>74.28262978699058</ele>
      <time>2026-08-16T10:11:38Z</time>
      </trkpt>
      <trkpt lat="52.89391784849093" lon="14.302826185605786">
      <ele>73.8261263454333</ele>
      <time>2026-08-16T10:11:39Z</time>
      </trkpt>
      <trkpt lat="52.89391784849093" lon="14.302826185605786">
      <ele>73.8261263454333</ele>
      <time>2026-08-16T10:11:39Z</time>
      </trkpt>
      <trkpt lat="52.893782540565795" lon="14.302642369274327">
      <ele>73.64439697004855</ele>
      <time>2026-08-16T10:11:40Z</time>
      </trkpt>
      <trkpt lat="52.893782540565795" lon="14.302642369274327">
      <ele>73.64439697004855</ele>
      <time>2026-08-16T10:11:40Z</time>
      </trkpt>
      <trkpt lat="52.89364137956698" lon="14.30240932355703">
      <ele>73.35420565120876</ele>
      <time>2026-08-16T10:11:41Z</time>
      </trkpt>
      <trkpt lat="52.89364137956698" lon="14.30240932355703">
      <ele>73.35420565120876</ele>
      <time>2026-08-16T10:11:41Z</time>
      </trkpt>
      <trkpt lat="52.893489077291946" lon="14.302195559253027">
      <ele>73.3703497229144</ele>
      <time>2026-08-16T10:11:42Z</time>
      </trkpt>
      <trkpt lat="52.893489077291946" lon="14.302195559253027">
      <ele>73.3703497229144</ele>
      <time>2026-08-16T10:11:42Z</time>
      </trkpt>
      <trkpt lat="52.89334697298261" lon="14.301974570120358">
      <ele>73.21437757648528</ele>
      <time>2026-08-16T10:11:43Z</time>
      </trkpt>
      <trkpt lat="52.89334697298261" lon="14.301974570120358">
      <ele>73.21437757648528</ele>
      <time>2026-08-16T10:11:43Z</time>
      </trkpt>
      <trkpt lat="52.89318766851954" lon="14.30179586455208">
      <ele>73.37100788578391</ele>
      <time>2026-08-16T10:11:44Z</time>
      </trkpt>
      <trkpt lat="52.89318766851954" lon="14.30179586455208">
      <ele>73.37100788578391</ele>
      <time>2026-08-16T10:11:44Z</time>
      </trkpt>
      <trkpt lat="52.89303153337309" lon="14.301585612925939">
      <ele>73.27251870557666</ele>
      <time>2026-08-16T10:11:45Z</time>
      </trkpt>
      <trkpt lat="52.89303153337309" lon="14.301585612925939">
      <ele>73.27251870557666</ele>
      <time>2026-08-16T10:11:45Z</time>
      </trkpt>
      <trkpt lat="52.89288149762477" lon="14.30137078274077">
      <ele>73.3666472248733</ele>
      <time>2026-08-16T10:11:46Z</time>
      </trkpt>
      <trkpt lat="52.89288149762477" lon="14.30137078274077">
      <ele>73.3666472248733</ele>
      <time>2026-08-16T10:11:46Z</time>
      </trkpt>
      <trkpt lat="52.892724854794544" lon="14.301172780995788">
      <ele>72.96518493723124</ele>
      <time>2026-08-16T10:11:47Z</time>
      </trkpt>
      <trkpt lat="52.892724854794544" lon="14.301172780995788">
      <ele>72.96518493723124</ele>
      <time>2026-08-16T10:11:47Z</time>
      </trkpt>
      <trkpt lat="52.89257643829601" lon="14.30096704541134">
      <ele>73.45696092303842</ele>
      <time>2026-08-16T10:11:48Z</time>
      </trkpt>
      <trkpt lat="52.89257643829601" lon="14.30096704541134">
      <ele>73.45696092303842</ele>
      <time>2026-08-16T10:11:48Z</time>
      </trkpt>
      <trkpt lat="52.89241760656562" lon="14.300770958223803">
      <ele>73.0012544374913</ele>
      <time>2026-08-16T10:11:49Z</time>
      </trkpt>
      <trkpt lat="52.89241760656562" lon="14.300770958223803">
      <ele>73.0012544374913</ele>
      <time>2026-08-16T10:11:49Z</time>
      </trkpt>
      <trkpt lat="52.89229584302156" lon="14.300581336345953">
      <ele>73.84765191189945</ele>
      <time>2026-08-16T10:11:50Z</time>
      </trkpt>
      <trkpt lat="52.89229584302156" lon="14.300581336345953">
      <ele>73.84765191189945</ele>
      <time>2026-08-16T10:11:50Z</time>
      </trkpt>
      <trkpt lat="52.89218437320114" lon="14.300364736611181">
      <ele>73.40944664925337</ele>
      <time>2026-08-16T10:11:51Z</time>
      </trkpt>
      <trkpt lat="52.89218437320114" lon="14.300364736611181">
      <ele>73.40944664925337</ele>
      <time>2026-08-16T10:11:51Z</time>
      </trkpt>
      <trkpt lat="52.89207012822568" lon="14.300119749573586">
      <ele>73.97743997629732</ele>
      <time>2026-08-16T10:11:52Z</time>
      </trkpt>
      <trkpt lat="52.89207012822568" lon="14.300119749573586">
      <ele>73.97743997629732</ele>
      <time>2026-08-16T10:11:52Z</time>
      </trkpt>
      <trkpt lat="52.89195588634554" lon="14.299883852798262">
      <ele>73.68811463098973</ele>
      <time>2026-08-16T10:11:53Z</time>
      </trkpt>
      <trkpt lat="52.89195588634554" lon="14.299883852798262">
      <ele>73.68811463098973</ele>
      <time>2026-08-16T10:11:53Z</time>
      </trkpt>
      <trkpt lat="52.89181907898462" lon="14.2996146607913">
      <ele>73.28875255677849</ele>
      <time>2026-08-16T10:11:54Z</time>
      </trkpt>
      <trkpt lat="52.89181907898462" lon="14.2996146607913">
      <ele>73.28875255677849</ele>
      <time>2026-08-16T10:11:54Z</time>
      </trkpt>
      <trkpt lat="52.89169134750627" lon="14.299362174827754">
      <ele>73.23817727714777</ele>
      <time>2026-08-16T10:11:55Z</time>
      </trkpt>
      <trkpt lat="52.89169134750627" lon="14.299362174827754">
      <ele>73.23817727714777</ele>
      <time>2026-08-16T10:11:55Z</time>
      </trkpt>
      <trkpt lat="52.8915656547323" lon="14.299115361934197">
      <ele>73.10082786995918</ele>
      <time>2026-08-16T10:11:56Z</time>
      </trkpt>
      <trkpt lat="52.8915656547323" lon="14.299115361934197">
      <ele>73.10082786995918</ele>
      <time>2026-08-16T10:11:56Z</time>
      </trkpt>
      <trkpt lat="52.89144418330357" lon="14.298864431042334">
      <ele>73.10530307423323</ele>
      <time>2026-08-16T10:11:57Z</time>
      </trkpt>
      <trkpt lat="52.89144418330357" lon="14.298864431042334">
      <ele>73.10530307423323</ele>
      <time>2026-08-16T10:11:57Z</time>
      </trkpt>
      <trkpt lat="52.89132681469408" lon="14.298624773331426">
      <ele>72.72176013421267</ele>
      <time>2026-08-16T10:11:59Z</time>
      </trkpt>
      <trkpt lat="52.89132681469408" lon="14.298624773331426">
      <ele>72.72176013421267</ele>
      <time>2026-08-16T10:11:59Z</time>
      </trkpt>
      <trkpt lat="52.89122003225962" lon="14.298387442795603">
      <ele>72.64537628740072</ele>
      <time>2026-08-16T10:12:00Z</time>
      </trkpt>
      <trkpt lat="52.89122003225962" lon="14.298387442795603">
      <ele>72.64537628740072</ele>
      <time>2026-08-16T10:12:00Z</time>
      </trkpt>
      <trkpt lat="52.89113105929258" lon="14.298142655868745">
      <ele>72.61259703710675</ele>
      <time>2026-08-16T10:12:01Z</time>
      </trkpt>
      <trkpt lat="52.89113105929258" lon="14.298142655868745">
      <ele>72.61259703710675</ele>
      <time>2026-08-16T10:12:01Z</time>
      </trkpt>
      <trkpt lat="52.89105662432956" lon="14.297881105420377">
      <ele>72.62441223207861</ele>
      <time>2026-08-16T10:12:02Z</time>
      </trkpt>
      <trkpt lat="52.89105662432956" lon="14.297881105420377">
      <ele>72.62441223207861</ele>
      <time>2026-08-16T10:12:02Z</time>
      </trkpt>
      <trkpt lat="52.890994430503746" lon="14.297603285178106">
      <ele>72.60187432263047</ele>
      <time>2026-08-16T10:12:03Z</time>
      </trkpt>
      <trkpt lat="52.890994430503746" lon="14.297603285178106">
      <ele>72.60187432263047</ele>
      <time>2026-08-16T10:12:03Z</time>
      </trkpt>
      <trkpt lat="52.890937194627945" lon="14.297319262514053">
      <ele>72.80997905321419</ele>
      <time>2026-08-16T10:12:04Z</time>
      </trkpt>
      <trkpt lat="52.890937194627945" lon="14.297319262514053">
      <ele>72.80997905321419</ele>
      <time>2026-08-16T10:12:04Z</time>
      </trkpt>
      <trkpt lat="52.89087736080615" lon="14.297032636140381">
      <ele>72.73343073762953</ele>
      <time>2026-08-16T10:12:05Z</time>
      </trkpt>
      <trkpt lat="52.89087736080615" lon="14.297032636140381">
      <ele>72.73343073762953</ele>
      <time>2026-08-16T10:12:05Z</time>
      </trkpt>
      <trkpt lat="52.890818145206595" lon="14.296743079094027">
      <ele>72.76570426207036</ele>
      <time>2026-08-16T10:12:06Z</time>
      </trkpt>
      <trkpt lat="52.890818145206595" lon="14.296743079094027">
      <ele>72.76570426207036</ele>
      <time>2026-08-16T10:12:06Z</time>
      </trkpt>
      <trkpt lat="52.89075678832984" lon="14.296449814761356">
      <ele>73.05254392325878</ele>
      <time>2026-08-16T10:12:07Z</time>
      </trkpt>
      <trkpt lat="52.89075678832984" lon="14.296449814761356">
      <ele>73.05254392325878</ele>
      <time>2026-08-16T10:12:07Z</time>
      </trkpt>
      <trkpt lat="52.890694209250974" lon="14.296155334874985">
      <ele>73.47148501779884</ele>
      <time>2026-08-16T10:12:08Z</time>
      </trkpt>
      <trkpt lat="52.890694209250974" lon="14.296155334874985">
      <ele>73.47148501779884</ele>
      <time>2026-08-16T10:12:08Z</time>
      </trkpt>
      <trkpt lat="52.89063179312045" lon="14.295859858194534">
      <ele>73.82719997595996</ele>
      <time>2026-08-16T10:12:09Z</time>
      </trkpt>
      <trkpt lat="52.89063179312045" lon="14.295859858194534">
      <ele>73.82719997595996</ele>
      <time>2026-08-16T10:12:09Z</time>
      </trkpt>
      <trkpt lat="52.89057177852513" lon="14.295560363295403">
      <ele>74.47484609670937</ele>
      <time>2026-08-16T10:12:10Z</time>
      </trkpt>
      <trkpt lat="52.89057177852513" lon="14.295560363295403">
      <ele>74.47484609670937</ele>
      <time>2026-08-16T10:12:10Z</time>
      </trkpt>
      <trkpt lat="52.890511999420916" lon="14.295264565829937">
      <ele>74.71116253081709</ele>
      <time>2026-08-16T10:12:11Z</time>
      </trkpt>
      <trkpt lat="52.890511999420916" lon="14.295264565829937">
      <ele>74.71116253081709</ele>
      <time>2026-08-16T10:12:11Z</time>
      </trkpt>
      <trkpt lat="52.89045265757807" lon="14.29496935093692">
      <ele>75.17686182260513</ele>
      <time>2026-08-16T10:12:12Z</time>
      </trkpt>
      <trkpt lat="52.89045265757807" lon="14.29496935093692">
      <ele>75.17686182260513</ele>
      <time>2026-08-16T10:12:12Z</time>
      </trkpt>
      <trkpt lat="52.890395393795245" lon="14.29467600839995">
      <ele>75.819893296808</ele>
      <time>2026-08-16T10:12:13Z</time>
      </trkpt>
      <trkpt lat="52.890395393795245" lon="14.29467600839995">
      <ele>75.819893296808</ele>
      <time>2026-08-16T10:12:13Z</time>
      </trkpt>
      <trkpt lat="52.89033444913088" lon="14.29438123716912">
      <ele>76.22079505957663</ele>
      <time>2026-08-16T10:12:14Z</time>
      </trkpt>
      <trkpt lat="52.89033444913088" lon="14.29438123716912">
      <ele>76.22079505957663</ele>
      <time>2026-08-16T10:12:14Z</time>
      </trkpt>
      <trkpt lat="52.89027333214736" lon="14.294087836743818">
      <ele>76.48871076572686</ele>
      <time>2026-08-16T10:12:15Z</time>
      </trkpt>
      <trkpt lat="52.89027333214736" lon="14.294087836743818">
      <ele>76.48871076572686</ele>
      <time>2026-08-16T10:12:15Z</time>
      </trkpt>
      <trkpt lat="52.89021352342568" lon="14.293792023815536">
      <ele>77.02308567613363</ele>
      <time>2026-08-16T10:12:16Z</time>
      </trkpt>
      <trkpt lat="52.89021352342568" lon="14.293792023815536">
      <ele>77.02308567613363</ele>
      <time>2026-08-16T10:12:16Z</time>
      </trkpt>
      <trkpt lat="52.89015801708809" lon="14.293494839875972">
      <ele>77.53105355519801</ele>
      <time>2026-08-16T10:12:17Z</time>
      </trkpt>
      <trkpt lat="52.89015801708809" lon="14.293494839875972">
      <ele>77.53105355519801</ele>
      <time>2026-08-16T10:12:17Z</time>
      </trkpt>
      <trkpt lat="52.89011061148932" lon="14.293190888278392">
      <ele>78.03802472166717</ele>
      <time>2026-08-16T10:12:18Z</time>
      </trkpt>
      <trkpt lat="52.89011061148932" lon="14.293190888278392">
      <ele>78.03802472166717</ele>
      <time>2026-08-16T10:12:18Z</time>
      </trkpt>
      <trkpt lat="52.89007070224918" lon="14.292883358336542">
      <ele>78.51330871134996</ele>
      <time>2026-08-16T10:12:19Z</time>
      </trkpt>
      <trkpt lat="52.89007070224918" lon="14.292883358336542">
      <ele>78.51330871134996</ele>
      <time>2026-08-16T10:12:19Z</time>
      </trkpt>
      <trkpt lat="52.89003367357896" lon="14.292570881080998">
      <ele>78.83139010611922</ele>
      <time>2026-08-16T10:12:20Z</time>
      </trkpt>
      <trkpt lat="52.89003367357896" lon="14.292570881080998">
      <ele>78.83139010611922</ele>
      <time>2026-08-16T10:12:20Z</time>
      </trkpt>
      <trkpt lat="52.889999807564905" lon="14.292260399218792">
      <ele>79.2733129421249</ele>
      <time>2026-08-16T10:12:21Z</time>
      </trkpt>
      <trkpt lat="52.889999807564905" lon="14.292260399218792">
      <ele>79.2733129421249</ele>
      <time>2026-08-16T10:12:21Z</time>
      </trkpt>
      <trkpt lat="52.88996607178343" lon="14.291962143222491">
      <ele>79.6929740421474</ele>
      <time>2026-08-16T10:12:22Z</time>
      </trkpt>
      <trkpt lat="52.88996607178343" lon="14.291962143222491">
      <ele>79.6929740421474</ele>
      <time>2026-08-16T10:12:22Z</time>
      </trkpt>
      <trkpt lat="52.88993448734668" lon="14.291666997651946">
      <ele>80.43581557366997</ele>
      <time>2026-08-16T10:12:23Z</time>
      </trkpt>
      <trkpt lat="52.88993448734668" lon="14.291666997651946">
      <ele>80.43581557366997</ele>
      <time>2026-08-16T10:12:23Z</time>
      </trkpt>
      <trkpt lat="52.88990184128545" lon="14.291373125679979">
      <ele>80.99005241133273</ele>
      <time>2026-08-16T10:12:24Z</time>
      </trkpt>
      <trkpt lat="52.88990184128545" lon="14.291373125679979">
      <ele>80.99005241133273</ele>
      <time>2026-08-16T10:12:24Z</time>
      </trkpt>
      <trkpt lat="52.889870002904296" lon="14.291081269545332">
      <ele>81.43498847261071</ele>
      <time>2026-08-16T10:12:25Z</time>
      </trkpt>
      <trkpt lat="52.889870002904296" lon="14.291081269545332">
      <ele>81.43498847261071</ele>
      <time>2026-08-16T10:12:25Z</time>
      </trkpt>
      <trkpt lat="52.889838762851305" lon="14.290796235427505">
      <ele>81.69751148950309</ele>
      <time>2026-08-16T10:12:26Z</time>
      </trkpt>
      <trkpt lat="52.889838762851305" lon="14.290796235427505">
      <ele>81.69751148950309</ele>
      <time>2026-08-16T10:12:26Z</time>
      </trkpt>
      <trkpt lat="52.88980870998607" lon="14.290523490512452">
      <ele>81.95601642224938</ele>
      <time>2026-08-16T10:12:27Z</time>
      </trkpt>
      <trkpt lat="52.88980870998607" lon="14.290523490512452">
      <ele>81.95601642224938</ele>
      <time>2026-08-16T10:12:27Z</time>
      </trkpt>
      <trkpt lat="52.88978295049466" lon="14.290268949827182">
      <ele>82.21462077833712</ele>
      <time>2026-08-16T10:12:28Z</time>
      </trkpt>
      <trkpt lat="52.88978295049466" lon="14.290268949827182">
      <ele>82.21462077833712</ele>
      <time>2026-08-16T10:12:28Z</time>
      </trkpt>
      <trkpt lat="52.88976113017949" lon="14.290047603187514">
      <ele>82.54353379271924</ele>
      <time>2026-08-16T10:12:29Z</time>
      </trkpt>
      <trkpt lat="52.88976113017949" lon="14.290047603187514">
      <ele>82.54353379271924</ele>
      <time>2026-08-16T10:12:29Z</time>
      </trkpt>
      <trkpt lat="52.8897463561085" lon="14.289842761298354">
      <ele>82.75452757999301</ele>
      <time>2026-08-16T10:12:30Z</time>
      </trkpt>
      <trkpt lat="52.8897463561085" lon="14.289842761298354">
      <ele>82.75452757999301</ele>
      <time>2026-08-16T10:12:30Z</time>
      </trkpt>
      <trkpt lat="52.88972996252398" lon="14.289647873454296">
      <ele>82.94151847623289</ele>
      <time>2026-08-16T10:12:31Z</time>
      </trkpt>
      <trkpt lat="52.88972996252398" lon="14.289647873454296">
      <ele>82.94151847623289</ele>
      <time>2026-08-16T10:12:31Z</time>
      </trkpt>
      <trkpt lat="52.88971192429171" lon="14.289458173569974">
      <ele>83.03284578025341</ele>
      <time>2026-08-16T10:12:32Z</time>
      </trkpt>
      <trkpt lat="52.88971192429171" lon="14.289458173569974">
      <ele>83.03284578025341</ele>
      <time>2026-08-16T10:12:32Z</time>
      </trkpt>
      <trkpt lat="52.88969227111728" lon="14.289289255466025">
      <ele>82.90858055930585</ele>
      <time>2026-08-16T10:12:33Z</time>
      </trkpt>
      <trkpt lat="52.88969227111728" lon="14.289289255466025">
      <ele>82.90858055930585</ele>
      <time>2026-08-16T10:12:33Z</time>
      </trkpt>
      <trkpt lat="52.88966372904651" lon="14.28911434857644">
      <ele>82.85898043960333</ele>
      <time>2026-08-16T10:12:34Z</time>
      </trkpt>
      <trkpt lat="52.88966372904651" lon="14.28911434857644">
      <ele>82.85898043960333</ele>
      <time>2026-08-16T10:12:34Z</time>
      </trkpt>
      <trkpt lat="52.88961426239774" lon="14.288951065854393">
      <ele>82.75069343671203</ele>
      <time>2026-08-16T10:12:35Z</time>
      </trkpt>
      <trkpt lat="52.88961426239774" lon="14.288951065854393">
      <ele>82.75069343671203</ele>
      <time>2026-08-16T10:12:35Z</time>
      </trkpt>
      <trkpt lat="52.8895588586299" lon="14.28881605032904">
      <ele>82.30147442780435</ele>
      <time>2026-08-16T10:12:36Z</time>
      </trkpt>
      <trkpt lat="52.8895588586299" lon="14.28881605032904">
      <ele>82.30147442780435</ele>
      <time>2026-08-16T10:12:36Z</time>
      </trkpt>
      <trkpt lat="52.889484283151006" lon="14.288689148528908">
      <ele>81.9818168040365</ele>
      <time>2026-08-16T10:12:37Z</time>
      </trkpt>
      <trkpt lat="52.889484283151006" lon="14.288689148528908">
      <ele>81.9818168040365</ele>
      <time>2026-08-16T10:12:37Z</time>
      </trkpt>
      <trkpt lat="52.88939746190954" lon="14.2885886557134">
      <ele>82.05058739054948</ele>
      <time>2026-08-16T10:12:38Z</time>
      </trkpt>
      <trkpt lat="52.88939746190954" lon="14.2885886557134">
      <ele>82.05058739054948</ele>
      <time>2026-08-16T10:12:38Z</time>
      </trkpt>
      <trkpt lat="52.88929888443507" lon="14.28849517178927">
      <ele>81.74545011855662</ele>
      <time>2026-08-16T10:12:39Z</time>
      </trkpt>
      <trkpt lat="52.88929888443507" lon="14.28849517178927">
      <ele>81.74545011855662</ele>
      <time>2026-08-16T10:12:39Z</time>
      </trkpt>
      <trkpt lat="52.88919141404852" lon="14.288413993500761">
      <ele>81.48758401814848</ele>
      <time>2026-08-16T10:12:40Z</time>
      </trkpt>
      <trkpt lat="52.88919141404852" lon="14.288413993500761">
      <ele>81.48758401814848</ele>
      <time>2026-08-16T10:12:40Z</time>
      </trkpt>
      <trkpt lat="52.88907572891576" lon="14.288325174604045">
      <ele>81.1949041346088</ele>
      <time>2026-08-16T10:12:41Z</time>
      </trkpt>
      <trkpt lat="52.88907572891576" lon="14.288325174604045">
      <ele>81.1949041346088</ele>
      <time>2026-08-16T10:12:41Z</time>
      </trkpt>
      <trkpt lat="52.88895247140718" lon="14.288243331694094">
      <ele>81.06399849615991</ele>
      <time>2026-08-16T10:12:42Z</time>
      </trkpt>
      <trkpt lat="52.88895247140718" lon="14.288243331694094">
      <ele>81.06399849615991</ele>
      <time>2026-08-16T10:12:42Z</time>
      </trkpt>
      <trkpt lat="52.88882448151879" lon="14.288159874905698">
      <ele>80.2415707660839</ele>
      <time>2026-08-16T10:12:43Z</time>
      </trkpt>
      <trkpt lat="52.88882448151879" lon="14.288159874905698">
      <ele>80.2415707660839</ele>
      <time>2026-08-16T10:12:43Z</time>
      </trkpt>
      <trkpt lat="52.888694236323445" lon="14.288070653402118">
      <ele>80.01778729632497</ele>
      <time>2026-08-16T10:12:44Z</time>
      </trkpt>
      <trkpt lat="52.888694236323445" lon="14.288070653402118">
      <ele>80.01778729632497</ele>
      <time>2026-08-16T10:12:44Z</time>
      </trkpt>
      <trkpt lat="52.888564748212346" lon="14.28797472545088">
      <ele>80.09643143974245</ele>
      <time>2026-08-16T10:12:45Z</time>
      </trkpt>
      <trkpt lat="52.888564748212346" lon="14.28797472545088">
      <ele>80.09643143974245</ele>
      <time>2026-08-16T10:12:45Z</time>
      </trkpt>
      <trkpt lat="52.888430915686065" lon="14.287877070963992">
      <ele>80.00529436860234</ele>
      <time>2026-08-16T10:12:46Z</time>
      </trkpt>
      <trkpt lat="52.888430915686065" lon="14.287877070963992">
      <ele>80.00529436860234</ele>
      <time>2026-08-16T10:12:46Z</time>
      </trkpt>
      <trkpt lat="52.88829534628721" lon="14.28777434994097">
      <ele>79.66000323556364</ele>
      <time>2026-08-16T10:12:47Z</time>
      </trkpt>
      <trkpt lat="52.88829534628721" lon="14.28777434994097">
      <ele>79.66000323556364</ele>
      <time>2026-08-16T10:12:47Z</time>
      </trkpt>
      <trkpt lat="52.888163557992875" lon="14.28768124395882">
      <ele>79.1405665781349</ele>
      <time>2026-08-16T10:12:48Z</time>
      </trkpt>
      <trkpt lat="52.888163557992875" lon="14.28768124395882">
      <ele>79.1405665781349</ele>
      <time>2026-08-16T10:12:48Z</time>
      </trkpt>
      <trkpt lat="52.888026120244135" lon="14.287585737465898">
      <ele>78.45511449035257</ele>
      <time>2026-08-16T10:12:49Z</time>
      </trkpt>
      <trkpt lat="52.888026120244135" lon="14.287585737465898">
      <ele>78.45511449035257</ele>
      <time>2026-08-16T10:12:49Z</time>
      </trkpt>
      <trkpt lat="52.887888706871045" lon="14.287478403748517">
      <ele>78.50957221724093</ele>
      <time>2026-08-16T10:12:50Z</time>
      </trkpt>
      <trkpt lat="52.887888706871045" lon="14.287478403748517">
      <ele>78.50957221724093</ele>
      <time>2026-08-16T10:12:50Z</time>
      </trkpt>
      <trkpt lat="52.887752113754885" lon="14.2873704260416">
      <ele>78.68467749655247</ele>
      <time>2026-08-16T10:12:51Z</time>
      </trkpt>
      <trkpt lat="52.887752113754885" lon="14.2873704260416">
      <ele>78.68467749655247</ele>
      <time>2026-08-16T10:12:51Z</time>
      </trkpt>
      <trkpt lat="52.88763152805796" lon="14.287257626393021">
      <ele>78.34105242043734</ele>
      <time>2026-08-16T10:12:52Z</time>
      </trkpt>
      <trkpt lat="52.88763152805796" lon="14.287257626393021">
      <ele>78.34105242043734</ele>
      <time>2026-08-16T10:12:52Z</time>
      </trkpt>
      <trkpt lat="52.88749802196028" lon="14.287123021290563">
      <ele>78.89062045700848</ele>
      <time>2026-08-16T10:12:53Z</time>
      </trkpt>
      <trkpt lat="52.88749802196028" lon="14.287123021290563">
      <ele>78.89062045700848</ele>
      <time>2026-08-16T10:12:53Z</time>
      </trkpt>
      <trkpt lat="52.88736035085044" lon="14.287013972680713">
      <ele>78.86272788979113</ele>
      <time>2026-08-16T10:12:54Z</time>
      </trkpt>
      <trkpt lat="52.88736035085044" lon="14.287013972680713">
      <ele>78.86272788979113</ele>
      <time>2026-08-16T10:12:54Z</time>
      </trkpt>
      <trkpt lat="52.887254034360346" lon="14.286900695283263">
      <ele>79.71999754663557</ele>
      <time>2026-08-16T10:12:55Z</time>
      </trkpt>
      <trkpt lat="52.887254034360346" lon="14.286900695283263">
      <ele>79.71999754663557</ele>
      <time>2026-08-16T10:12:55Z</time>
      </trkpt>
      <trkpt lat="52.88715143423476" lon="14.286806658351862">
      <ele>80.08075580745935</ele>
      <time>2026-08-16T10:12:56Z</time>
      </trkpt>
      <trkpt lat="52.88715143423476" lon="14.286806658351862">
      <ele>80.08075580745935</ele>
      <time>2026-08-16T10:12:56Z</time>
      </trkpt>
      <trkpt lat="52.887029754831865" lon="14.28669146423757">
      <ele>80.2025815565139</ele>
      <time>2026-08-16T10:12:57Z</time>
      </trkpt>
      <trkpt lat="52.887029754831865" lon="14.28669146423757">
      <ele>80.2025815565139</ele>
      <time>2026-08-16T10:12:57Z</time>
      </trkpt>
      <trkpt lat="52.88691163867598" lon="14.28660888064385">
      <ele>80.39812185894698</ele>
      <time>2026-08-16T10:12:58Z</time>
      </trkpt>
      <trkpt lat="52.88691163867598" lon="14.28660888064385">
      <ele>80.39812185894698</ele>
      <time>2026-08-16T10:12:58Z</time>
      </trkpt>
      <trkpt lat="52.886787622004334" lon="14.286547603008412">
      <ele>80.7887541251257</ele>
      <time>2026-08-16T10:12:59Z</time>
      </trkpt>
      <trkpt lat="52.886787622004334" lon="14.286547603008412">
      <ele>80.7887541251257</ele>
      <time>2026-08-16T10:12:59Z</time>
      </trkpt>
      <trkpt lat="52.886656549248144" lon="14.286498350079416">
      <ele>80.74535497184843</ele>
      <time>2026-08-16T10:13:00Z</time>
      </trkpt>
      <trkpt lat="52.886656549248144" lon="14.286498350079416">
      <ele>80.74535497184843</ele>
      <time>2026-08-16T10:13:00Z</time>
      </trkpt>
      <trkpt lat="52.8865251392592" lon="14.286447542417827">
      <ele>80.71215734258294</ele>
      <time>2026-08-16T10:13:01Z</time>
      </trkpt>
      <trkpt lat="52.8865251392592" lon="14.286447542417827">
      <ele>80.71215734258294</ele>
      <time>2026-08-16T10:13:01Z</time>
      </trkpt>
      <trkpt lat="52.88639021098963" lon="14.28639754251706">
      <ele>80.57045170664787</ele>
      <time>2026-08-16T10:13:02Z</time>
      </trkpt>
      <trkpt lat="52.88639021098963" lon="14.28639754251706">
      <ele>80.57045170664787</ele>
      <time>2026-08-16T10:13:02Z</time>
      </trkpt>
      <trkpt lat="52.88625297769299" lon="14.286340693890851">
      <ele>80.72154377680272</ele>
      <time>2026-08-16T10:13:03Z</time>
      </trkpt>
      <trkpt lat="52.88625297769299" lon="14.286340693890851">
      <ele>80.72154377680272</ele>
      <time>2026-08-16T10:13:03Z</time>
      </trkpt>
      <trkpt lat="52.88611629325655" lon="14.286280940459712">
      <ele>80.94259418547153</ele>
      <time>2026-08-16T10:13:04Z</time>
      </trkpt>
      <trkpt lat="52.88611629325655" lon="14.286280940459712">
      <ele>80.94259418547153</ele>
      <time>2026-08-16T10:13:04Z</time>
      </trkpt>
      <trkpt lat="52.88597931121196" lon="14.286221947411379">
      <ele>80.77242009527981</ele>
      <time>2026-08-16T10:13:05Z</time>
      </trkpt>
      <trkpt lat="52.88597931121196" lon="14.286221947411379">
      <ele>80.77242009527981</ele>
      <time>2026-08-16T10:13:05Z</time>
      </trkpt>
      <trkpt lat="52.88584071710763" lon="14.286158126993442">
      <ele>80.89613033179194</ele>
      <time>2026-08-16T10:13:06Z</time>
      </trkpt>
      <trkpt lat="52.88584071710763" lon="14.286158126993442">
      <ele>80.89613033179194</ele>
      <time>2026-08-16T10:13:06Z</time>
      </trkpt>
      <trkpt lat="52.8856975316989" lon="14.286090250812277">
      <ele>80.9918652754277</ele>
      <time>2026-08-16T10:13:07Z</time>
      </trkpt>
      <trkpt lat="52.8856975316989" lon="14.286090250812277">
      <ele>80.9918652754277</ele>
      <time>2026-08-16T10:13:07Z</time>
      </trkpt>
      <trkpt lat="52.88555195376193" lon="14.286020579951442">
      <ele>81.04954054765403</ele>
      <time>2026-08-16T10:13:08Z</time>
      </trkpt>
      <trkpt lat="52.88555195376193" lon="14.286020579951442">
      <ele>81.04954054765403</ele>
      <time>2026-08-16T10:13:08Z</time>
      </trkpt>
      <trkpt lat="52.885408462731895" lon="14.285941384072132">
      <ele>80.91084544174373</ele>
      <time>2026-08-16T10:13:09Z</time>
      </trkpt>
      <trkpt lat="52.885408462731895" lon="14.285941384072132">
      <ele>80.91084544174373</ele>
      <time>2026-08-16T10:13:09Z</time>
      </trkpt>
      <trkpt lat="52.88526722413143" lon="14.285857805057661">
      <ele>80.5856209313497</ele>
      <time>2026-08-16T10:13:10Z</time>
      </trkpt>
      <trkpt lat="52.88526722413143" lon="14.285857805057661">
      <ele>80.5856209313497</ele>
      <time>2026-08-16T10:13:10Z</time>
      </trkpt>
      <trkpt lat="52.88513257140596" lon="14.285763925312239">
      <ele>80.7729312395677</ele>
      <time>2026-08-16T10:13:11Z</time>
      </trkpt>
      <trkpt lat="52.88513257140596" lon="14.285763925312239">
      <ele>80.7729312395677</ele>
      <time>2026-08-16T10:13:11Z</time>
      </trkpt>
      <trkpt lat="52.8850032955769" lon="14.285669357186052">
      <ele>80.4998527513817</ele>
      <time>2026-08-16T10:13:12Z</time>
      </trkpt>
      <trkpt lat="52.8850032955769" lon="14.285669357186052">
      <ele>80.4998527513817</ele>
      <time>2026-08-16T10:13:12Z</time>
      </trkpt>
      <trkpt lat="52.884878397219744" lon="14.285569455254015">
      <ele>80.3183082761243</ele>
      <time>2026-08-16T10:13:13Z</time>
      </trkpt>
      <trkpt lat="52.884878397219744" lon="14.285569455254015">
      <ele>80.3183082761243</ele>
      <time>2026-08-16T10:13:13Z</time>
      </trkpt>
      <trkpt lat="52.88475904141632" lon="14.285472475309176">
      <ele>80.49578985292464</ele>
      <time>2026-08-16T10:13:14Z</time>
      </trkpt>
      <trkpt lat="52.88475904141632" lon="14.285472475309176">
      <ele>80.49578985292464</ele>
      <time>2026-08-16T10:13:14Z</time>
      </trkpt>
      <trkpt lat="52.88463965756815" lon="14.285369087367267">
      <ele>80.70533535443246</ele>
      <time>2026-08-16T10:13:15Z</time>
      </trkpt>
      <trkpt lat="52.88463965756815" lon="14.285369087367267">
      <ele>80.70533535443246</ele>
      <time>2026-08-16T10:13:15Z</time>
      </trkpt>
      <trkpt lat="52.88452618270608" lon="14.2852667594501">
      <ele>80.70425357017666</ele>
      <time>2026-08-16T10:13:16Z</time>
      </trkpt>
      <trkpt lat="52.88452618270608" lon="14.2852667594501">
      <ele>80.70425357017666</ele>
      <time>2026-08-16T10:13:16Z</time>
      </trkpt>
      <trkpt lat="52.88441286581473" lon="14.285181032261876">
      <ele>80.23667841590941</ele>
      <time>2026-08-16T10:13:17Z</time>
      </trkpt>
      <trkpt lat="52.88441286581473" lon="14.285181032261876">
      <ele>80.23667841590941</ele>
      <time>2026-08-16T10:13:17Z</time>
      </trkpt>
      <trkpt lat="52.88429829556067" lon="14.285083833693223">
      <ele>80.02869522199035</ele>
      <time>2026-08-16T10:13:18Z</time>
      </trkpt>
      <trkpt lat="52.88429829556067" lon="14.285083833693223">
      <ele>80.02869522199035</ele>
      <time>2026-08-16T10:13:18Z</time>
      </trkpt>
      <trkpt lat="52.88418843668735" lon="14.284981670256693">
      <ele>79.8619281295687</ele>
      <time>2026-08-16T10:13:19Z</time>
      </trkpt>
      <trkpt lat="52.88418843668735" lon="14.284981670256693">
      <ele>79.8619281295687</ele>
      <time>2026-08-16T10:13:19Z</time>
      </trkpt>
      <trkpt lat="52.88409120393343" lon="14.284848502599447">
      <ele>79.47169149201363</ele>
      <time>2026-08-16T10:13:20Z</time>
      </trkpt>
      <trkpt lat="52.88409120393343" lon="14.284848502599447">
      <ele>79.47169149201363</ele>
      <time>2026-08-16T10:13:20Z</time>
      </trkpt>
      <trkpt lat="52.88400090014299" lon="14.284712562474674">
      <ele>80.02054931502789</ele>
      <time>2026-08-16T10:13:21Z</time>
      </trkpt>
      <trkpt lat="52.88400090014299" lon="14.284712562474674">
      <ele>80.02054931502789</ele>
      <time>2026-08-16T10:13:21Z</time>
      </trkpt>
      <trkpt lat="52.88393077908566" lon="14.284533906660885">
      <ele>79.68292090948671</ele>
      <time>2026-08-16T10:13:22Z</time>
      </trkpt>
      <trkpt lat="52.88393077908566" lon="14.284533906660885">
      <ele>79.68292090948671</ele>
      <time>2026-08-16T10:13:22Z</time>
      </trkpt>
      <trkpt lat="52.88386835742174" lon="14.284384350794644">
      <ele>79.96253947727382</ele>
      <time>2026-08-16T10:13:23Z</time>
      </trkpt>
      <trkpt lat="52.88386835742174" lon="14.284384350794644">
      <ele>79.96253947727382</ele>
      <time>2026-08-16T10:13:23Z</time>
      </trkpt>
      <trkpt lat="52.883821911248795" lon="14.284204238185895">
      <ele>80.50702933967113</ele>
      <time>2026-08-16T10:13:24Z</time>
      </trkpt>
      <trkpt lat="52.883821911248795" lon="14.284204238185895">
      <ele>80.50702933967113</ele>
      <time>2026-08-16T10:13:24Z</time>
      </trkpt>
      <trkpt lat="52.883758594605936" lon="14.284002190682854">
      <ele>80.83950663451105</ele>
      <time>2026-08-16T10:13:25Z</time>
      </trkpt>
      <trkpt lat="52.883758594605936" lon="14.284002190682854">
      <ele>80.83950663451105</ele>
      <time>2026-08-16T10:13:25Z</time>
      </trkpt>
      <trkpt lat="52.88370623005665" lon="14.283812286735792">
      <ele>80.5539255803451</ele>
      <time>2026-08-16T10:13:26Z</time>
      </trkpt>
      <trkpt lat="52.88370623005665" lon="14.283812286735792">
      <ele>80.5539255803451</ele>
      <time>2026-08-16T10:13:26Z</time>
      </trkpt>
      <trkpt lat="52.88368497484763" lon="14.283602714917299">
      <ele>80.03433094080538</ele>
      <time>2026-08-16T10:13:27Z</time>
      </trkpt>
      <trkpt lat="52.88368497484763" lon="14.283602714917299">
      <ele>80.03433094080538</ele>
      <time>2026-08-16T10:13:27Z</time>
      </trkpt>
      <trkpt lat="52.883670547314075" lon="14.28340613313219">
      <ele>79.04173044767231</ele>
      <time>2026-08-16T10:13:28Z</time>
      </trkpt>
      <trkpt lat="52.883670547314075" lon="14.28340613313219">
      <ele>79.04173044767231</ele>
      <time>2026-08-16T10:13:28Z</time>
      </trkpt>
      <trkpt lat="52.88363290199633" lon="14.283229231335907">
      <ele>79.67254797555506</ele>
      <time>2026-08-16T10:13:29Z</time>
      </trkpt>
      <trkpt lat="52.88363290199633" lon="14.283229231335907">
      <ele>79.67254797555506</ele>
      <time>2026-08-16T10:13:29Z</time>
      </trkpt>
      <trkpt lat="52.883584501970624" lon="14.283022724332822">
      <ele>80.00217037275434</ele>
      <time>2026-08-16T10:13:30Z</time>
      </trkpt>
      <trkpt lat="52.883584501970624" lon="14.283022724332822">
      <ele>80.00217037275434</ele>
      <time>2026-08-16T10:13:30Z</time>
      </trkpt>
      <trkpt lat="52.883509478325685" lon="14.282834905171725">
      <ele>80.4266658006236</ele>
      <time>2026-08-16T10:13:31Z</time>
      </trkpt>
      <trkpt lat="52.883509478325685" lon="14.282834905171725">
      <ele>80.4266658006236</ele>
      <time>2026-08-16T10:13:31Z</time>
      </trkpt>
      <trkpt lat="52.88342240345436" lon="14.28264505483913">
      <ele>80.02669938374311</ele>
      <time>2026-08-16T10:13:32Z</time>
      </trkpt>
      <trkpt lat="52.88342240345436" lon="14.28264505483913">
      <ele>80.02669938374311</ele>
      <time>2026-08-16T10:13:32Z</time>
      </trkpt>
      <trkpt lat="52.883329760767225" lon="14.282473002614248">
      <ele>79.44915627967566</ele>
      <time>2026-08-16T10:13:33Z</time>
      </trkpt>
      <trkpt lat="52.883329760767225" lon="14.282473002614248">
      <ele>79.44915627967566</ele>
      <time>2026-08-16T10:13:33Z</time>
      </trkpt>
      <trkpt lat="52.88324236637024" lon="14.282214440267966">
      <ele>79.21530179865658</ele>
      <time>2026-08-16T10:13:34Z</time>
      </trkpt>
      <trkpt lat="52.88324236637024" lon="14.282214440267966">
      <ele>79.21530179865658</ele>
      <time>2026-08-16T10:13:34Z</time>
      </trkpt>
      <trkpt lat="52.88314845016495" lon="14.282025781147473">
      <ele>79.00286297500134</ele>
      <time>2026-08-16T10:13:35Z</time>
      </trkpt>
      <trkpt lat="52.88314845016495" lon="14.282025781147473">
      <ele>79.00286297500134</ele>
      <time>2026-08-16T10:13:35Z</time>
      </trkpt>
      <trkpt lat="52.88305188315451" lon="14.281779793912518">
      <ele>77.52004346437752</ele>
      <time>2026-08-16T10:13:36Z</time>
      </trkpt>
      <trkpt lat="52.88305188315451" lon="14.281779793912518">
      <ele>77.52004346437752</ele>
      <time>2026-08-16T10:13:36Z</time>
      </trkpt>
      <trkpt lat="52.88295087521888" lon="14.281538118831813">
      <ele>76.93276848271489</ele>
      <time>2026-08-16T10:13:37Z</time>
      </trkpt>
      <trkpt lat="52.88295087521888" lon="14.281538118831813">
      <ele>76.93276848271489</ele>
      <time>2026-08-16T10:13:37Z</time>
      </trkpt>
      <trkpt lat="52.88284567528752" lon="14.281301793607252">
      <ele>76.63848472107202</ele>
      <time>2026-08-16T10:13:38Z</time>
      </trkpt>
      <trkpt lat="52.88284567528752" lon="14.281301793607252">
      <ele>76.63848472107202</ele>
      <time>2026-08-16T10:13:38Z</time>
      </trkpt>
      <trkpt lat="52.88274523974452" lon="14.281070183981694">
      <ele>75.70084701292217</ele>
      <time>2026-08-16T10:13:39Z</time>
      </trkpt>
      <trkpt lat="52.88274523974452" lon="14.281070183981694">
      <ele>75.70084701292217</ele>
      <time>2026-08-16T10:13:39Z</time>
      </trkpt>
      <trkpt lat="52.882638502136544" lon="14.280842025566638">
      <ele>76.31951800640672</ele>
      <time>2026-08-16T10:13:40Z</time>
      </trkpt>
      <trkpt lat="52.882638502136544" lon="14.280842025566638">
      <ele>76.31951800640672</ele>
      <time>2026-08-16T10:13:40Z</time>
      </trkpt>
      <trkpt lat="52.88253997028619" lon="14.280610417899425">
      <ele>76.39790002722293</ele>
      <time>2026-08-16T10:13:41Z</time>
      </trkpt>
      <trkpt lat="52.88253997028619" lon="14.280610417899425">
      <ele>76.39790002722293</ele>
      <time>2026-08-16T10:13:41Z</time>
      </trkpt>
      <trkpt lat="52.882444166028705" lon="14.280355657445174">
      <ele>75.72372960951179</ele>
      <time>2026-08-16T10:13:42Z</time>
      </trkpt>
      <trkpt lat="52.882444166028705" lon="14.280355657445174">
      <ele>75.72372960951179</ele>
      <time>2026-08-16T10:13:42Z</time>
      </trkpt>
      <trkpt lat="52.88234277241265" lon="14.280128216425384">
      <ele>75.78329695388675</ele>
      <time>2026-08-16T10:13:43Z</time>
      </trkpt>
      <trkpt lat="52.88234277241265" lon="14.280128216425384">
      <ele>75.78329695388675</ele>
      <time>2026-08-16T10:13:43Z</time>
      </trkpt>
      <trkpt lat="52.88223529955022" lon="14.27990046846285">
      <ele>75.86691876780242</ele>
      <time>2026-08-16T10:13:44Z</time>
      </trkpt>
      <trkpt lat="52.88223529955022" lon="14.27990046846285">
      <ele>75.86691876780242</ele>
      <time>2026-08-16T10:13:44Z</time>
      </trkpt>
      <trkpt lat="52.88212425707849" lon="14.279639739253472">
      <ele>75.80961396172643</ele>
      <time>2026-08-16T10:13:45Z</time>
      </trkpt>
      <trkpt lat="52.88212425707849" lon="14.279639739253472">
      <ele>75.80961396172643</ele>
      <time>2026-08-16T10:13:45Z</time>
      </trkpt>
      <trkpt lat="52.88200519057483" lon="14.27937708939625">
      <ele>75.3988108644262</ele>
      <time>2026-08-16T10:13:46Z</time>
      </trkpt>
      <trkpt lat="52.88200519057483" lon="14.27937708939625">
      <ele>75.3988108644262</ele>
      <time>2026-08-16T10:13:46Z</time>
      </trkpt>
      <trkpt lat="52.88189412739512" lon="14.279127142938663">
      <ele>74.50714110489935</ele>
      <time>2026-08-16T10:13:47Z</time>
      </trkpt>
      <trkpt lat="52.88189412739512" lon="14.279127142938663">
      <ele>74.50714110489935</ele>
      <time>2026-08-16T10:13:47Z</time>
      </trkpt>
      <trkpt lat="52.88177944408976" lon="14.278897103836213">
      <ele>74.6126258643344</ele>
      <time>2026-08-16T10:13:48Z</time>
      </trkpt>
      <trkpt lat="52.88177944408976" lon="14.278897103836213">
      <ele>74.6126258643344</ele>
      <time>2026-08-16T10:13:48Z</time>
      </trkpt>
      <trkpt lat="52.88167277831053" lon="14.278659192473954">
      <ele>75.12681900337338</ele>
      <time>2026-08-16T10:13:49Z</time>
      </trkpt>
      <trkpt lat="52.88167277831053" lon="14.278659192473954">
      <ele>75.12681900337338</ele>
      <time>2026-08-16T10:13:49Z</time>
      </trkpt>
      <trkpt lat="52.881583575456524" lon="14.278436396735197">
      <ele>74.59941706620157</ele>
      <time>2026-08-16T10:13:50Z</time>
      </trkpt>
      <trkpt lat="52.881583575456524" lon="14.278436396735197">
      <ele>74.59941706620157</ele>
      <time>2026-08-16T10:13:50Z</time>
      </trkpt>
      <trkpt lat="52.88148279630506" lon="14.278182667942712">
      <ele>73.9948553238064</ele>
      <time>2026-08-16T10:13:51Z</time>
      </trkpt>
      <trkpt lat="52.88148279630506" lon="14.278182667942712">
      <ele>73.9948553238064</ele>
      <time>2026-08-16T10:13:51Z</time>
      </trkpt>
      <trkpt lat="52.88138631832716" lon="14.277890067330924">
      <ele>73.17133704479784</ele>
      <time>2026-08-16T10:13:52Z</time>
      </trkpt>
      <trkpt lat="52.88138631832716" lon="14.277890067330924">
      <ele>73.17133704479784</ele>
      <time>2026-08-16T10:13:52Z</time>
      </trkpt>
      <trkpt lat="52.881286124416235" lon="14.277608720974145">
      <ele>73.64213183801621</ele>
      <time>2026-08-16T10:13:53Z</time>
      </trkpt>
      <trkpt lat="52.881286124416235" lon="14.277608720974145">
      <ele>73.64213183801621</ele>
      <time>2026-08-16T10:13:53Z</time>
      </trkpt>
      <trkpt lat="52.88119343216359" lon="14.277309869324982">
      <ele>73.59428362362087</ele>
      <time>2026-08-16T10:13:54Z</time>
      </trkpt>
      <trkpt lat="52.88119343216359" lon="14.277309869324982">
      <ele>73.59428362362087</ele>
      <time>2026-08-16T10:13:54Z</time>
      </trkpt>
      <trkpt lat="52.881113694338836" lon="14.277031529558746">
      <ele>74.18142211344093</ele>
      <time>2026-08-16T10:13:55Z</time>
      </trkpt>
      <trkpt lat="52.881113694338836" lon="14.277031529558746">
      <ele>74.18142211344093</ele>
      <time>2026-08-16T10:13:55Z</time>
      </trkpt>
      <trkpt lat="52.881017265120526" lon="14.276726685707482">
      <ele>74.30393131356686</ele>
      <time>2026-08-16T10:13:56Z</time>
      </trkpt>
      <trkpt lat="52.881017265120526" lon="14.276726685707482">
      <ele>74.30393131356686</ele>
      <time>2026-08-16T10:13:56Z</time>
      </trkpt>
      <trkpt lat="52.880921558128826" lon="14.276432866029454">
      <ele>74.20479695033282</ele>
      <time>2026-08-16T10:13:57Z</time>
      </trkpt>
      <trkpt lat="52.880921558128826" lon="14.276432866029454">
      <ele>74.20479695033282</ele>
      <time>2026-08-16T10:13:57Z</time>
      </trkpt>
      <trkpt lat="52.88082532924192" lon="14.27611274975405">
      <ele>74.50966060254723</ele>
      <time>2026-08-16T10:13:58Z</time>
      </trkpt>
      <trkpt lat="52.88082532924192" lon="14.27611274975405">
      <ele>74.50966060254723</ele>
      <time>2026-08-16T10:13:58Z</time>
      </trkpt>
      <trkpt lat="52.88074511968623" lon="14.275813216649006">
      <ele>74.6618364052847</ele>
      <time>2026-08-16T10:13:59Z</time>
      </trkpt>
      <trkpt lat="52.88074511968623" lon="14.275813216649006">
      <ele>74.6618364052847</ele>
      <time>2026-08-16T10:13:59Z</time>
      </trkpt>
      <trkpt lat="52.88065329131938" lon="14.275521125672075">
      <ele>74.50708049815148</ele>
      <time>2026-08-16T10:14:00Z</time>
      </trkpt>
      <trkpt lat="52.88065329131938" lon="14.275521125672075">
      <ele>74.50708049815148</ele>
      <time>2026-08-16T10:14:00Z</time>
      </trkpt>
      <trkpt lat="52.8805487088451" lon="14.275237481263202">
      <ele>75.34679122455418</ele>
      <time>2026-08-16T10:14:01Z</time>
      </trkpt>
      <trkpt lat="52.8805487088451" lon="14.275237481263202">
      <ele>75.34679122455418</ele>
      <time>2026-08-16T10:14:01Z</time>
      </trkpt>
      <trkpt lat="52.8804555954666" lon="14.274941993583976">
      <ele>75.6916058845818</ele>
      <time>2026-08-16T10:14:02Z</time>
      </trkpt>
      <trkpt lat="52.8804555954666" lon="14.274941993583976">
      <ele>75.6916058845818</ele>
      <time>2026-08-16T10:14:02Z</time>
      </trkpt>
      <trkpt lat="52.88035916298708" lon="14.274646219804332">
      <ele>75.96408701967448</ele>
      <time>2026-08-16T10:14:02Z</time>
      </trkpt>
      <trkpt lat="52.88035916298708" lon="14.274646219804332">
      <ele>75.96408701967448</ele>
      <time>2026-08-16T10:14:02Z</time>
      </trkpt>
      <trkpt lat="52.88026344762522" lon="14.274348537484718">
      <ele>76.19057191628963</ele>
      <time>2026-08-16T10:14:03Z</time>
      </trkpt>
      <trkpt lat="52.88026344762522" lon="14.274348537484718">
      <ele>76.19057191628963</ele>
      <time>2026-08-16T10:14:03Z</time>
      </trkpt>
      <trkpt lat="52.88016970533519" lon="14.274051619508496">
      <ele>76.50473222695291</ele>
      <time>2026-08-16T10:14:05Z</time>
      </trkpt>
      <trkpt lat="52.88016970533519" lon="14.274051619508496">
      <ele>76.50473222695291</ele>
      <time>2026-08-16T10:14:05Z</time>
      </trkpt>
      <trkpt lat="52.88007397487192" lon="14.273756125748305">
      <ele>75.89178655669093</ele>
      <time>2026-08-16T10:14:06Z</time>
      </trkpt>
      <trkpt lat="52.88007397487192" lon="14.273756125748305">
      <ele>75.89178655669093</ele>
      <time>2026-08-16T10:14:06Z</time>
      </trkpt>
      <trkpt lat="52.87997721147246" lon="14.273452111968579">
      <ele>75.49334848765284</ele>
      <time>2026-08-16T10:14:07Z</time>
      </trkpt>
      <trkpt lat="52.87997721147246" lon="14.273452111968579">
      <ele>75.49334848765284</ele>
      <time>2026-08-16T10:14:07Z</time>
      </trkpt>
      <trkpt lat="52.87987803019122" lon="14.273144860483871">
      <ele>74.80184104852378</ele>
      <time>2026-08-16T10:14:08Z</time>
      </trkpt>
      <trkpt lat="52.87987803019122" lon="14.273144860483871">
      <ele>74.80184104852378</ele>
      <time>2026-08-16T10:14:08Z</time>
      </trkpt>
      <trkpt lat="52.879776294958944" lon="14.272835002002651">
      <ele>74.15436229016632</ele>
      <time>2026-08-16T10:14:09Z</time>
      </trkpt>
      <trkpt lat="52.879776294958944" lon="14.272835002002651">
      <ele>74.15436229016632</ele>
      <time>2026-08-16T10:14:09Z</time>
      </trkpt>
      <trkpt lat="52.879677719405294" lon="14.27252821930358">
      <ele>73.17869551666081</ele>
      <time>2026-08-16T10:14:10Z</time>
      </trkpt>
      <trkpt lat="52.879677719405294" lon="14.27252821930358">
      <ele>73.17869551666081</ele>
      <time>2026-08-16T10:14:10Z</time>
      </trkpt>
      <trkpt lat="52.879577435297065" lon="14.27222444657148">
      <ele>72.57018514815718</ele>
      <time>2026-08-16T10:14:11Z</time>
      </trkpt>
      <trkpt lat="52.879577435297065" lon="14.27222444657148">
      <ele>72.57018514815718</ele>
      <time>2026-08-16T10:14:11Z</time>
      </trkpt>
      <trkpt lat="52.87947690823372" lon="14.271923872396135">
      <ele>71.92675573937595</ele>
      <time>2026-08-16T10:14:12Z</time>
      </trkpt>
      <trkpt lat="52.87947690823372" lon="14.271923872396135">
      <ele>71.92675573937595</ele>
      <time>2026-08-16T10:14:12Z</time>
      </trkpt>
      <trkpt lat="52.87937890903744" lon="14.271624889531829">
      <ele>71.38548854738474</ele>
      <time>2026-08-16T10:14:13Z</time>
      </trkpt>
      <trkpt lat="52.87937890903744" lon="14.271624889531829">
      <ele>71.38548854738474</ele>
      <time>2026-08-16T10:14:13Z</time>
      </trkpt>
      <trkpt lat="52.8792815026175" lon="14.271330054537739">
      <ele>71.10572851262987</ele>
      <time>2026-08-16T10:14:14Z</time>
      </trkpt>
      <trkpt lat="52.8792815026175" lon="14.271330054537739">
      <ele>71.10572851262987</ele>
      <time>2026-08-16T10:14:14Z</time>
      </trkpt>
      <trkpt lat="52.87918652224341" lon="14.271040918271758">
      <ele>70.53366575296968</ele>
      <time>2026-08-16T10:14:15Z</time>
      </trkpt>
      <trkpt lat="52.87918652224341" lon="14.271040918271758">
      <ele>70.53366575296968</ele>
      <time>2026-08-16T10:14:15Z</time>
      </trkpt>
      <trkpt lat="52.87909445074344" lon="14.270756297032502">
      <ele>70.02471761032939</ele>
      <time>2026-08-16T10:14:16Z</time>
      </trkpt>
      <trkpt lat="52.87909445074344" lon="14.270756297032502">
      <ele>70.02471761032939</ele>
      <time>2026-08-16T10:14:16Z</time>
      </trkpt>
      <trkpt lat="52.87900455410741" lon="14.270473096165778">
      <ele>69.52423492074013</ele>
      <time>2026-08-16T10:14:17Z</time>
      </trkpt>
      <trkpt lat="52.87900455410741" lon="14.270473096165778">
      <ele>69.52423492074013</ele>
      <time>2026-08-16T10:14:17Z</time>
      </trkpt>
      <trkpt lat="52.878915202316264" lon="14.270193906996287">
      <ele>69.58046718686819</ele>
      <time>2026-08-16T10:14:18Z</time>
      </trkpt>
      <trkpt lat="52.878915202316264" lon="14.270193906996287">
      <ele>69.58046718686819</ele>
      <time>2026-08-16T10:14:18Z</time>
      </trkpt>
      <trkpt lat="52.878826824456716" lon="14.269918272585452">
      <ele>69.32500918675214</ele>
      <time>2026-08-16T10:14:19Z</time>
      </trkpt>
      <trkpt lat="52.878826824456716" lon="14.269918272585452">
      <ele>69.32500918675214</ele>
      <time>2026-08-16T10:14:19Z</time>
      </trkpt>
      <trkpt lat="52.87874063679242" lon="14.269642442361333">
      <ele>68.94174850266427</ele>
      <time>2026-08-16T10:14:20Z</time>
      </trkpt>
      <trkpt lat="52.87874063679242" lon="14.269642442361333">
      <ele>68.94174850266427</ele>
      <time>2026-08-16T10:14:20Z</time>
      </trkpt>
      <trkpt lat="52.87866458985893" lon="14.269366383767911">
      <ele>68.68010248150676</ele>
      <time>2026-08-16T10:14:21Z</time>
      </trkpt>
      <trkpt lat="52.87866458985893" lon="14.269366383767911">
      <ele>68.68010248150676</ele>
      <time>2026-08-16T10:14:21Z</time>
      </trkpt>
      <trkpt lat="52.87860289832612" lon="14.269080011260664">
      <ele>68.6066259117797</ele>
      <time>2026-08-16T10:14:22Z</time>
      </trkpt>
      <trkpt lat="52.87860289832612" lon="14.269080011260664">
      <ele>68.6066259117797</ele>
      <time>2026-08-16T10:14:22Z</time>
      </trkpt>
      <trkpt lat="52.878564139815175" lon="14.268785898333785">
      <ele>68.57334480714053</ele>
      <time>2026-08-16T10:14:23Z</time>
      </trkpt>
      <trkpt lat="52.878564139815175" lon="14.268785898333785">
      <ele>68.57334480714053</ele>
      <time>2026-08-16T10:14:23Z</time>
      </trkpt>
      <trkpt lat="52.87854857496841" lon="14.268484798898628">
      <ele>68.9626240087673</ele>
      <time>2026-08-16T10:14:24Z</time>
      </trkpt>
      <trkpt lat="52.87854857496841" lon="14.268484798898628">
      <ele>68.9626240087673</ele>
      <time>2026-08-16T10:14:24Z</time>
      </trkpt>
      <trkpt lat="52.878554963600806" lon="14.26818351636086">
      <ele>69.13520622812212</ele>
      <time>2026-08-16T10:14:25Z</time>
      </trkpt>
      <trkpt lat="52.878554963600806" lon="14.26818351636086">
      <ele>69.13520622812212</ele>
      <time>2026-08-16T10:14:25Z</time>
      </trkpt>
      <trkpt lat="52.87857481427443" lon="14.267875888607943">
      <ele>69.71674554795027</ele>
      <time>2026-08-16T10:14:26Z</time>
      </trkpt>
      <trkpt lat="52.87857481427443" lon="14.267875888607943">
      <ele>69.71674554795027</ele>
      <time>2026-08-16T10:14:26Z</time>
      </trkpt>
      <trkpt lat="52.87860003007556" lon="14.267561303877944">
      <ele>69.99783732648939</ele>
      <time>2026-08-16T10:14:27Z</time>
      </trkpt>
      <trkpt lat="52.87860003007556" lon="14.267561303877944">
      <ele>69.99783732648939</ele>
      <time>2026-08-16T10:14:27Z</time>
      </trkpt>
      <trkpt lat="52.87862758109837" lon="14.267244363828384">
      <ele>70.03027436044067</ele>
      <time>2026-08-16T10:14:28Z</time>
      </trkpt>
      <trkpt lat="52.87862758109837" lon="14.267244363828384">
      <ele>70.03027436044067</ele>
      <time>2026-08-16T10:14:28Z</time>
      </trkpt>
      <trkpt lat="52.8786585261987" lon="14.266922502357998">
      <ele>70.03845778666437</ele>
      <time>2026-08-16T10:14:29Z</time>
      </trkpt>
      <trkpt lat="52.8786585261987" lon="14.266922502357998">
      <ele>70.03845778666437</ele>
      <time>2026-08-16T10:14:29Z</time>
      </trkpt>
      <trkpt lat="52.878687213966664" lon="14.266592000147869">
      <ele>70.33733754977584</ele>
      <time>2026-08-16T10:14:30Z</time>
      </trkpt>
      <trkpt lat="52.878687213966664" lon="14.266592000147869">
      <ele>70.33733754977584</ele>
      <time>2026-08-16T10:14:30Z</time>
      </trkpt>
      <trkpt lat="52.87871634251656" lon="14.266267274775768">
      <ele>70.157848585397</ele>
      <time>2026-08-16T10:14:31Z</time>
      </trkpt>
      <trkpt lat="52.87871634251656" lon="14.266267274775768">
      <ele>70.157848585397</ele>
      <time>2026-08-16T10:14:31Z</time>
      </trkpt>
      <trkpt lat="52.878745033097324" lon="14.265950922708559">
      <ele>70.66873054858297</ele>
      <time>2026-08-16T10:14:32Z</time>
      </trkpt>
      <trkpt lat="52.878745033097324" lon="14.265950922708559">
      <ele>70.66873054858297</ele>
      <time>2026-08-16T10:14:32Z</time>
      </trkpt>
      <trkpt lat="52.87877052710897" lon="14.265648662850124">
      <ele>70.77663360722363</ele>
      <time>2026-08-16T10:14:33Z</time>
      </trkpt>
      <trkpt lat="52.87877052710897" lon="14.265648662850124">
      <ele>70.77663360722363</ele>
      <time>2026-08-16T10:14:33Z</time>
      </trkpt>
      <trkpt lat="52.87878807073354" lon="14.265362126868778">
      <ele>70.95239472202957</ele>
      <time>2026-08-16T10:14:34Z</time>
      </trkpt>
      <trkpt lat="52.87878807073354" lon="14.265362126868778">
      <ele>70.95239472202957</ele>
      <time>2026-08-16T10:14:34Z</time>
      </trkpt>
      <trkpt lat="52.87880337454488" lon="14.265067989997199">
      <ele>71.31705127935857</ele>
      <time>2026-08-16T10:14:35Z</time>
      </trkpt>
      <trkpt lat="52.87880337454488" lon="14.265067989997199">
      <ele>71.31705127935857</ele>
      <time>2026-08-16T10:14:35Z</time>
      </trkpt>
      <trkpt lat="52.87880823427787" lon="14.264772768167889">
      <ele>72.32331361621618</ele>
      <time>2026-08-16T10:14:36Z</time>
      </trkpt>
      <trkpt lat="52.87880823427787" lon="14.264772768167889">
      <ele>72.32331361621618</ele>
      <time>2026-08-16T10:14:36Z</time>
      </trkpt>
      <trkpt lat="52.87879282746231" lon="14.264474122782053">
      <ele>72.4437401574105</ele>
      <time>2026-08-16T10:14:37Z</time>
      </trkpt>
      <trkpt lat="52.87879282746231" lon="14.264474122782053">
      <ele>72.4437401574105</ele>
      <time>2026-08-16T10:14:37Z</time>
      </trkpt>
      <trkpt lat="52.87876885100535" lon="14.264178240971503">
      <ele>72.28398416657001</ele>
      <time>2026-08-16T10:14:38Z</time>
      </trkpt>
      <trkpt lat="52.87876885100535" lon="14.264178240971503">
      <ele>72.28398416657001</ele>
      <time>2026-08-16T10:14:38Z</time>
      </trkpt>
      <trkpt lat="52.878724750472614" lon="14.263883501787719">
      <ele>72.72469303850085</ele>
      <time>2026-08-16T10:14:39Z</time>
      </trkpt>
      <trkpt lat="52.878724750472614" lon="14.263883501787719">
      <ele>72.72469303850085</ele>
      <time>2026-08-16T10:14:39Z</time>
      </trkpt>
      <trkpt lat="52.87866319068818" lon="14.263595719371217">
      <ele>73.11127387546003</ele>
      <time>2026-08-16T10:14:40Z</time>
      </trkpt>
      <trkpt lat="52.87866319068818" lon="14.263595719371217">
      <ele>73.11127387546003</ele>
      <time>2026-08-16T10:14:40Z</time>
      </trkpt>
      <trkpt lat="52.878595010608294" lon="14.26333453838103">
      <ele>73.6129677593708</ele>
      <time>2026-08-16T10:14:41Z</time>
      </trkpt>
      <trkpt lat="52.878595010608294" lon="14.26333453838103">
      <ele>73.6129677593708</ele>
      <time>2026-08-16T10:14:41Z</time>
      </trkpt>
      <trkpt lat="52.878518496988534" lon="14.263052076999696">
      <ele>74.31662259902805</ele>
      <time>2026-08-16T10:14:42Z</time>
      </trkpt>
      <trkpt lat="52.878518496988534" lon="14.263052076999696">
      <ele>74.31662259902805</ele>
      <time>2026-08-16T10:14:42Z</time>
      </trkpt>
      <trkpt lat="52.87843900165623" lon="14.262797317895991">
      <ele>74.9428404243663</ele>
      <time>2026-08-16T10:14:43Z</time>
      </trkpt>
      <trkpt lat="52.87843900165623" lon="14.262797317895991">
      <ele>74.9428404243663</ele>
      <time>2026-08-16T10:14:43Z</time>
      </trkpt>
      <trkpt lat="52.878352555534" lon="14.262549541454144">
      <ele>75.10359751526266</ele>
      <time>2026-08-16T10:14:44Z</time>
      </trkpt>
      <trkpt lat="52.878352555534" lon="14.262549541454144">
      <ele>75.10359751526266</ele>
      <time>2026-08-16T10:14:44Z</time>
      </trkpt>
      <trkpt lat="52.87826355971795" lon="14.262287216570313">
      <ele>74.68541180435568</ele>
      <time>2026-08-16T10:14:45Z</time>
      </trkpt>
      <trkpt lat="52.87826355971795" lon="14.262287216570313">
      <ele>74.68541180435568</ele>
      <time>2026-08-16T10:14:45Z</time>
      </trkpt>
      <trkpt lat="52.878181829691" lon="14.262026296863418">
      <ele>74.4654349386692</ele>
      <time>2026-08-16T10:14:46Z</time>
      </trkpt>
      <trkpt lat="52.878181829691" lon="14.262026296863418">
      <ele>74.4654349386692</ele>
      <time>2026-08-16T10:14:46Z</time>
      </trkpt>
      <trkpt lat="52.8781115043343" lon="14.26181841443473">
      <ele>75.1064382949844</ele>
      <time>2026-08-16T10:14:47Z</time>
      </trkpt>
      <trkpt lat="52.8781115043343" lon="14.26181841443473">
      <ele>75.1064382949844</ele>
      <time>2026-08-16T10:14:47Z</time>
      </trkpt>
      <trkpt lat="52.87803418113327" lon="14.261563535957759">
      <ele>75.19372496381402</ele>
      <time>2026-08-16T10:14:48Z</time>
      </trkpt>
      <trkpt lat="52.87803418113327" lon="14.261563535957759">
      <ele>75.19372496381402</ele>
      <time>2026-08-16T10:14:48Z</time>
      </trkpt>
      <trkpt lat="52.877960522691545" lon="14.261293983482854">
      <ele>75.3346761027351</ele>
      <time>2026-08-16T10:14:49Z</time>
      </trkpt>
      <trkpt lat="52.877960522691545" lon="14.261293983482854">
      <ele>75.3346761027351</ele>
      <time>2026-08-16T10:14:49Z</time>
      </trkpt>
      <trkpt lat="52.877877810111116" lon="14.261045188505014">
      <ele>75.99381992407143</ele>
      <time>2026-08-16T10:14:50Z</time>
      </trkpt>
      <trkpt lat="52.877877810111116" lon="14.261045188505014">
      <ele>75.99381992407143</ele>
      <time>2026-08-16T10:14:50Z</time>
      </trkpt>
      <trkpt lat="52.87780681893961" lon="14.26076621248777">
      <ele>75.77058332972229</ele>
      <time>2026-08-16T10:14:51Z</time>
      </trkpt>
      <trkpt lat="52.87780681893961" lon="14.26076621248777">
      <ele>75.77058332972229</ele>
      <time>2026-08-16T10:14:51Z</time>
      </trkpt>
      <trkpt lat="52.87775286781891" lon="14.260462947700512">
      <ele>76.79711268376559</ele>
      <time>2026-08-16T10:14:52Z</time>
      </trkpt>
      <trkpt lat="52.87775286781891" lon="14.260462947700512">
      <ele>76.79711268376559</ele>
      <time>2026-08-16T10:14:52Z</time>
      </trkpt>
      <trkpt lat="52.87770056015928" lon="14.260187178547682">
      <ele>76.5851778127253</ele>
      <time>2026-08-16T10:14:53Z</time>
      </trkpt>
      <trkpt lat="52.87770056015928" lon="14.260187178547682">
      <ele>76.5851778127253</ele>
      <time>2026-08-16T10:14:53Z</time>
      </trkpt>
      <trkpt lat="52.87765113884258" lon="14.25989134346266">
      <ele>76.56299535464495</ele>
      <time>2026-08-16T10:14:54Z</time>
      </trkpt>
      <trkpt lat="52.87765113884258" lon="14.25989134346266">
      <ele>76.56299535464495</ele>
      <time>2026-08-16T10:14:54Z</time>
      </trkpt>
      <trkpt lat="52.87760391871835" lon="14.259589327194206">
      <ele>76.69571660738438</ele>
      <time>2026-08-16T10:14:55Z</time>
      </trkpt>
      <trkpt lat="52.87760391871835" lon="14.259589327194206">
      <ele>76.69571660738438</ele>
      <time>2026-08-16T10:14:55Z</time>
      </trkpt>
      <trkpt lat="52.87755684862002" lon="14.259280225472933">
      <ele>76.90790220629424</ele>
      <time>2026-08-16T10:14:56Z</time>
      </trkpt>
      <trkpt lat="52.87755684862002" lon="14.259280225472933">
      <ele>76.90790220629424</ele>
      <time>2026-08-16T10:14:56Z</time>
      </trkpt>
      <trkpt lat="52.877509169848366" lon="14.258966469053576">
      <ele>77.1699238512665</ele>
      <time>2026-08-16T10:14:57Z</time>
      </trkpt>
      <trkpt lat="52.877509169848366" lon="14.258966469053576">
      <ele>77.1699238512665</ele>
      <time>2026-08-16T10:14:57Z</time>
      </trkpt>
      <trkpt lat="52.877462818743616" lon="14.258643613959872">
      <ele>77.556629746221</ele>
      <time>2026-08-16T10:14:58Z</time>
      </trkpt>
      <trkpt lat="52.877462818743616" lon="14.258643613959872">
      <ele>77.556629746221</ele>
      <time>2026-08-16T10:14:58Z</time>
      </trkpt>
      <trkpt lat="52.87741143052179" lon="14.258322553927838">
      <ele>77.24704668484628</ele>
      <time>2026-08-16T10:14:59Z</time>
      </trkpt>
      <trkpt lat="52.87741143052179" lon="14.258322553927838">
      <ele>77.24704668484628</ele>
      <time>2026-08-16T10:14:59Z</time>
      </trkpt>
      <trkpt lat="52.87736191163717" lon="14.25800051391415">
      <ele>77.52195312362164</ele>
      <time>2026-08-16T10:15:00Z</time>
      </trkpt>
      <trkpt lat="52.87736191163717" lon="14.25800051391415">
      <ele>77.52195312362164</ele>
      <time>2026-08-16T10:15:00Z</time>
      </trkpt>
      <trkpt lat="52.87730856414697" lon="14.257670498488244">
      <ele>77.0490507343784</ele>
      <time>2026-08-16T10:15:01Z</time>
      </trkpt>
      <trkpt lat="52.87730856414697" lon="14.257670498488244">
      <ele>77.0490507343784</ele>
      <time>2026-08-16T10:15:01Z</time>
      </trkpt>
      <trkpt lat="52.877256826437666" lon="14.25733797804158">
      <ele>77.01543630193919</ele>
      <time>2026-08-16T10:15:02Z</time>
      </trkpt>
      <trkpt lat="52.877256826437666" lon="14.25733797804158">
      <ele>77.01543630193919</ele>
      <time>2026-08-16T10:15:02Z</time>
      </trkpt>
      <trkpt lat="52.87720275584193" lon="14.257007321264448">
      <ele>77.43443412426859</ele>
      <time>2026-08-16T10:15:03Z</time>
      </trkpt>
      <trkpt lat="52.87720275584193" lon="14.257007321264448">
      <ele>77.43443412426859</ele>
      <time>2026-08-16T10:15:03Z</time>
      </trkpt>
      <trkpt lat="52.877149302065156" lon="14.256657660118092">
      <ele>77.08549229428172</ele>
      <time>2026-08-16T10:15:04Z</time>
      </trkpt>
      <trkpt lat="52.877149302065156" lon="14.256657660118092">
      <ele>77.08549229428172</ele>
      <time>2026-08-16T10:15:04Z</time>
      </trkpt>
      <trkpt lat="52.87711888108477" lon="14.256323739532055">
      <ele>77.13357199542224</ele>
      <time>2026-08-16T10:15:05Z</time>
      </trkpt>
      <trkpt lat="52.87711888108477" lon="14.256323739532055">
      <ele>77.13357199542224</ele>
      <time>2026-08-16T10:15:05Z</time>
      </trkpt>
      <trkpt lat="52.877090701002395" lon="14.256007023304551">
      <ele>77.26701565552503</ele>
      <time>2026-08-16T10:15:06Z</time>
      </trkpt>
      <trkpt lat="52.877090701002395" lon="14.256007023304551">
      <ele>77.26701565552503</ele>
      <time>2026-08-16T10:15:06Z</time>
      </trkpt>
      <trkpt lat="52.87705609545107" lon="14.255690426070107">
      <ele>77.73000206798315</ele>
      <time>2026-08-16T10:15:07Z</time>
      </trkpt>
      <trkpt lat="52.87705609545107" lon="14.255690426070107">
      <ele>77.73000206798315</ele>
      <time>2026-08-16T10:15:07Z</time>
      </trkpt>
      <trkpt lat="52.87703317281148" lon="14.255344191913233">
      <ele>78.05341709405184</ele>
      <time>2026-08-16T10:15:08Z</time>
      </trkpt>
      <trkpt lat="52.87703317281148" lon="14.255344191913233">
      <ele>78.05341709405184</ele>
      <time>2026-08-16T10:15:08Z</time>
      </trkpt>
      <trkpt lat="52.877002647868764" lon="14.254987156628763">
      <ele>78.11970678530633</ele>
      <time>2026-08-16T10:15:09Z</time>
      </trkpt>
      <trkpt lat="52.877002647868764" lon="14.254987156628763">
      <ele>78.11970678530633</ele>
      <time>2026-08-16T10:15:09Z</time>
      </trkpt>
      <trkpt lat="52.876978490022125" lon="14.254617104052164">
      <ele>77.55471245013177</ele>
      <time>2026-08-16T10:15:10Z</time>
      </trkpt>
      <trkpt lat="52.876978490022125" lon="14.254617104052164">
      <ele>77.55471245013177</ele>
      <time>2026-08-16T10:15:10Z</time>
      </trkpt>
      <trkpt lat="52.87695063934083" lon="14.254264127324124">
      <ele>76.84291469305754</ele>
      <time>2026-08-16T10:15:11Z</time>
      </trkpt>
      <trkpt lat="52.87695063934083" lon="14.254264127324124">
      <ele>76.84291469305754</ele>
      <time>2026-08-16T10:15:11Z</time>
      </trkpt>
      <trkpt lat="52.87691916673531" lon="14.253913609520747">
      <ele>76.42182092368603</ele>
      <time>2026-08-16T10:15:12Z</time>
      </trkpt>
      <trkpt lat="52.87691916673531" lon="14.253913609520747">
      <ele>76.42182092368603</ele>
      <time>2026-08-16T10:15:12Z</time>
      </trkpt>
      <trkpt lat="52.87690993569621" lon="14.253586233045036">
      <ele>76.97181259933859</ele>
      <time>2026-08-16T10:15:13Z</time>
      </trkpt>
      <trkpt lat="52.87690993569621" lon="14.253586233045036">
      <ele>76.97181259933859</ele>
      <time>2026-08-16T10:15:13Z</time>
      </trkpt>
      <trkpt lat="52.87687906227024" lon="14.253272108949755">
      <ele>76.71746905334294</ele>
      <time>2026-08-16T10:15:14Z</time>
      </trkpt>
      <trkpt lat="52.87687906227024" lon="14.253272108949755">
      <ele>76.71746905334294</ele>
      <time>2026-08-16T10:15:14Z</time>
      </trkpt>
      <trkpt lat="52.87684565358957" lon="14.25295406914844">
      <ele>76.45144464448094</ele>
      <time>2026-08-16T10:15:15Z</time>
      </trkpt>
      <trkpt lat="52.87684565358957" lon="14.25295406914844">
      <ele>76.45144464448094</ele>
      <time>2026-08-16T10:15:15Z</time>
      </trkpt>
      <trkpt lat="52.87682308793145" lon="14.252627564240814">
      <ele>76.17886313889176</ele>
      <time>2026-08-16T10:15:16Z</time>
      </trkpt>
      <trkpt lat="52.87682308793145" lon="14.252627564240814">
      <ele>76.17886313889176</ele>
      <time>2026-08-16T10:15:16Z</time>
      </trkpt>
      <trkpt lat="52.87678930210595" lon="14.252325311486699">
      <ele>76.28977493941784</ele>
      <time>2026-08-16T10:15:17Z</time>
      </trkpt>
      <trkpt lat="52.87678930210595" lon="14.252325311486699">
      <ele>76.28977493941784</ele>
      <time>2026-08-16T10:15:17Z</time>
      </trkpt>
      <trkpt lat="52.87676037221341" lon="14.251959151482954">
      <ele>75.42429417744279</ele>
      <time>2026-08-16T10:15:18Z</time>
      </trkpt>
      <trkpt lat="52.87676037221341" lon="14.251959151482954">
      <ele>75.42429417744279</ele>
      <time>2026-08-16T10:15:18Z</time>
      </trkpt>
      <trkpt lat="52.87673373406327" lon="14.251623529072967">
      <ele>75.00348083674908</ele>
      <time>2026-08-16T10:15:19Z</time>
      </trkpt>
      <trkpt lat="52.87673373406327" lon="14.251623529072967">
      <ele>75.00348083674908</ele>
      <time>2026-08-16T10:15:19Z</time>
      </trkpt>
      <trkpt lat="52.876703157880804" lon="14.251278166924878">
      <ele>75.08930303994566</ele>
      <time>2026-08-16T10:15:20Z</time>
      </trkpt>
      <trkpt lat="52.876703157880804" lon="14.251278166924878">
      <ele>75.08930303994566</ele>
      <time>2026-08-16T10:15:20Z</time>
      </trkpt>
      <trkpt lat="52.876681564014504" lon="14.250931728226504">
      <ele>74.17527254670858</ele>
      <time>2026-08-16T10:15:21Z</time>
      </trkpt>
      <trkpt lat="52.876681564014504" lon="14.250931728226504">
      <ele>74.17527254670858</ele>
      <time>2026-08-16T10:15:21Z</time>
      </trkpt>
      <trkpt lat="52.87664868884934" lon="14.250576218547588">
      <ele>73.43918808177114</ele>
      <time>2026-08-16T10:15:22Z</time>
      </trkpt>
      <trkpt lat="52.87664868884934" lon="14.250576218547588">
      <ele>73.43918808177114</ele>
      <time>2026-08-16T10:15:22Z</time>
      </trkpt>
      <trkpt lat="52.87661981671587" lon="14.250215102327818">
      <ele>72.95222066994756</ele>
      <time>2026-08-16T10:15:23Z</time>
      </trkpt>
      <trkpt lat="52.87661981671587" lon="14.250215102327818">
      <ele>72.95222066994756</ele>
      <time>2026-08-16T10:15:23Z</time>
      </trkpt>
      <trkpt lat="52.876589327896774" lon="14.249841416569947">
      <ele>71.82017897907645</ele>
      <time>2026-08-16T10:15:24Z</time>
      </trkpt>
      <trkpt lat="52.876589327896774" lon="14.249841416569947">
      <ele>71.82017897907645</ele>
      <time>2026-08-16T10:15:24Z</time>
      </trkpt>
      <trkpt lat="52.876557612377034" lon="14.249476182681049">
      <ele>71.26638267003</ele>
      <time>2026-08-16T10:15:25Z</time>
      </trkpt>
      <trkpt lat="52.876557612377034" lon="14.249476182681049">
      <ele>71.26638267003</ele>
      <time>2026-08-16T10:15:25Z</time>
      </trkpt>
      <trkpt lat="52.87653123130529" lon="14.249106429100351">
      <ele>71.29874783102423</ele>
      <time>2026-08-16T10:15:26Z</time>
      </trkpt>
      <trkpt lat="52.87653123130529" lon="14.249106429100351">
      <ele>71.29874783102423</ele>
      <time>2026-08-16T10:15:26Z</time>
      </trkpt>
      <trkpt lat="52.87650083614715" lon="14.248724569679398">
      <ele>71.02560292650014</ele>
      <time>2026-08-16T10:15:27Z</time>
      </trkpt>
      <trkpt lat="52.87650083614715" lon="14.248724569679398">
      <ele>71.02560292650014</ele>
      <time>2026-08-16T10:15:27Z</time>
      </trkpt>
      <trkpt lat="52.876472705598935" lon="14.24836185581957">
      <ele>69.91453801933676</ele>
      <time>2026-08-16T10:15:28Z</time>
      </trkpt>
      <trkpt lat="52.876472705598935" lon="14.24836185581957">
      <ele>69.91453801933676</ele>
      <time>2026-08-16T10:15:28Z</time>
      </trkpt>
      <trkpt lat="52.87645068540744" lon="14.247981613239615">
      <ele>69.34615431260318</ele>
      <time>2026-08-16T10:15:29Z</time>
      </trkpt>
      <trkpt lat="52.87645068540744" lon="14.247981613239615">
      <ele>69.34615431260318</ele>
      <time>2026-08-16T10:15:29Z</time>
      </trkpt>
      <trkpt lat="52.87641401756453" lon="14.247618922332164">
      <ele>69.43696821853518</ele>
      <time>2026-08-16T10:15:30Z</time>
      </trkpt>
      <trkpt lat="52.87641401756453" lon="14.247618922332164">
      <ele>69.43696821853518</ele>
      <time>2026-08-16T10:15:30Z</time>
      </trkpt>
      <trkpt lat="52.87637729845951" lon="14.247253023649893">
      <ele>68.90600478556007</ele>
      <time>2026-08-16T10:15:31Z</time>
      </trkpt>
      <trkpt lat="52.87637729845951" lon="14.247253023649893">
      <ele>68.90600478556007</ele>
      <time>2026-08-16T10:15:31Z</time>
      </trkpt>
      <trkpt lat="52.8763528423952" lon="14.246904551004933">
      <ele>68.62879367917776</ele>
      <time>2026-08-16T10:15:32Z</time>
      </trkpt>
      <trkpt lat="52.8763528423952" lon="14.246904551004933">
      <ele>68.62879367917776</ele>
      <time>2026-08-16T10:15:32Z</time>
      </trkpt>
      <trkpt lat="52.87632137682346" lon="14.246564141857926">
      <ele>68.65982761606574</ele>
      <time>2026-08-16T10:15:33Z</time>
      </trkpt>
      <trkpt lat="52.87632137682346" lon="14.246564141857926">
      <ele>68.65982761606574</ele>
      <time>2026-08-16T10:15:33Z</time>
      </trkpt>
      <trkpt lat="52.876303651232085" lon="14.246211131593403">
      <ele>68.05277113430202</ele>
      <time>2026-08-16T10:15:34Z</time>
      </trkpt>
      <trkpt lat="52.876303651232085" lon="14.246211131593403">
      <ele>68.05277113430202</ele>
      <time>2026-08-16T10:15:34Z</time>
      </trkpt>
      <trkpt lat="52.876293048036814" lon="14.245863710980954">
      <ele>68.25026562437415</ele>
      <time>2026-08-16T10:15:35Z</time>
      </trkpt>
      <trkpt lat="52.876293048036814" lon="14.245863710980954">
      <ele>68.25026562437415</ele>
      <time>2026-08-16T10:15:35Z</time>
      </trkpt>
      <trkpt lat="52.87628799957375" lon="14.245520014191289">
      <ele>68.09227367676795</ele>
      <time>2026-08-16T10:15:36Z</time>
      </trkpt>
      <trkpt lat="52.87628799957375" lon="14.245520014191289">
      <ele>68.09227367676795</ele>
      <time>2026-08-16T10:15:36Z</time>
      </trkpt>
      <trkpt lat="52.87629473909114" lon="14.245191959344215">
      <ele>68.03270206134766</ele>
      <time>2026-08-16T10:15:37Z</time>
      </trkpt>
      <trkpt lat="52.87629473909114" lon="14.245191959344215">
      <ele>68.03270206134766</ele>
      <time>2026-08-16T10:15:37Z</time>
      </trkpt>
      <trkpt lat="52.87630721983887" lon="14.24486536998797">
      <ele>68.67486898694187</ele>
      <time>2026-08-16T10:15:38Z</time>
      </trkpt>
      <trkpt lat="52.87630721983887" lon="14.24486536998797">
      <ele>68.67486898694187</ele>
      <time>2026-08-16T10:15:38Z</time>
      </trkpt>
      <trkpt lat="52.8763340484718" lon="14.244541905581949">
      <ele>68.58569009322673</ele>
      <time>2026-08-16T10:15:39Z</time>
      </trkpt>
      <trkpt lat="52.8763340484718" lon="14.244541905581949">
      <ele>68.58569009322673</ele>
      <time>2026-08-16T10:15:39Z</time>
      </trkpt>
      <trkpt lat="52.87637950794462" lon="14.24422261144134">
      <ele>68.97593153454363</ele>
      <time>2026-08-16T10:15:40Z</time>
      </trkpt>
      <trkpt lat="52.87637950794462" lon="14.24422261144134">
      <ele>68.97593153454363</ele>
      <time>2026-08-16T10:15:40Z</time>
      </trkpt>
      <trkpt lat="52.87643661383366" lon="14.243903958776194">
      <ele>68.528533549048</ele>
      <time>2026-08-16T10:15:41Z</time>
      </trkpt>
      <trkpt lat="52.87643661383366" lon="14.243903958776194">
      <ele>68.528533549048</ele>
      <time>2026-08-16T10:15:41Z</time>
      </trkpt>
      <trkpt lat="52.87651079133306" lon="14.243591093428414">
      <ele>69.36526110768318</ele>
      <time>2026-08-16T10:15:42Z</time>
      </trkpt>
      <trkpt lat="52.87651079133306" lon="14.243591093428414">
      <ele>69.36526110768318</ele>
      <time>2026-08-16T10:15:42Z</time>
      </trkpt>
      <trkpt lat="52.876594762067754" lon="14.243280419192523">
      <ele>70.19849551748484</ele>
      <time>2026-08-16T10:15:43Z</time>
      </trkpt>
      <trkpt lat="52.876594762067754" lon="14.243280419192523">
      <ele>70.19849551748484</ele>
      <time>2026-08-16T10:15:43Z</time>
      </trkpt>
      <trkpt lat="52.8766853534637" lon="14.242971540341921">
      <ele>71.58068598248065</ele>
      <time>2026-08-16T10:15:44Z</time>
      </trkpt>
      <trkpt lat="52.8766853534637" lon="14.242971540341921">
      <ele>71.58068598248065</ele>
      <time>2026-08-16T10:15:44Z</time>
      </trkpt>
      <trkpt lat="52.876778315155704" lon="14.242670441332612">
      <ele>71.7017168123275</ele>
      <time>2026-08-16T10:15:45Z</time>
      </trkpt>
      <trkpt lat="52.876778315155704" lon="14.242670441332612">
      <ele>71.7017168123275</ele>
      <time>2026-08-16T10:15:45Z</time>
      </trkpt>
      <trkpt lat="52.87687987674525" lon="14.242365904727587">
      <ele>71.96668011136353</ele>
      <time>2026-08-16T10:15:46Z</time>
      </trkpt>
      <trkpt lat="52.87687987674525" lon="14.242365904727587">
      <ele>71.96668011136353</ele>
      <time>2026-08-16T10:15:46Z</time>
      </trkpt>
      <trkpt lat="52.87698538806176" lon="14.242067681156348">
      <ele>71.8274580584839</ele>
      <time>2026-08-16T10:15:47Z</time>
      </trkpt>
      <trkpt lat="52.87698538806176" lon="14.242067681156348">
      <ele>71.8274580584839</ele>
      <time>2026-08-16T10:15:47Z</time>
      </trkpt>
      <trkpt lat="52.87709124710734" lon="14.241761159840244">
      <ele>72.80288617592305</ele>
      <time>2026-08-16T10:15:48Z</time>
      </trkpt>
      <trkpt lat="52.87709124710734" lon="14.241761159840244">
      <ele>72.80288617592305</ele>
      <time>2026-08-16T10:15:48Z</time>
      </trkpt>
      <trkpt lat="52.8772003996156" lon="14.241445573724585">
      <ele>73.06694730464369</ele>
      <time>2026-08-16T10:15:49Z</time>
      </trkpt>
      <trkpt lat="52.8772003996156" lon="14.241445573724585">
      <ele>73.06694730464369</ele>
      <time>2026-08-16T10:15:49Z</time>
      </trkpt>
      <trkpt lat="52.877306856957205" lon="14.241137035617568">
      <ele>73.59185686893761</ele>
      <time>2026-08-16T10:15:50Z</time>
      </trkpt>
      <trkpt lat="52.877306856957205" lon="14.241137035617568">
      <ele>73.59185686893761</ele>
      <time>2026-08-16T10:15:50Z</time>
      </trkpt>
      <trkpt lat="52.877407906019165" lon="14.240825356508324">
      <ele>74.06458209827542</ele>
      <time>2026-08-16T10:15:51Z</time>
      </trkpt>
      <trkpt lat="52.877407906019165" lon="14.240825356508324">
      <ele>74.06458209827542</ele>
      <time>2026-08-16T10:15:51Z</time>
      </trkpt>
      <trkpt lat="52.87751841081495" lon="14.240522971403689">
      <ele>74.40351086203009</ele>
      <time>2026-08-16T10:15:52Z</time>
      </trkpt>
      <trkpt lat="52.87751841081495" lon="14.240522971403689">
      <ele>74.40351086203009</ele>
      <time>2026-08-16T10:15:52Z</time>
      </trkpt>
      <trkpt lat="52.877625761082534" lon="14.240224025357884">
      <ele>74.77082956489176</ele>
      <time>2026-08-16T10:15:53Z</time>
      </trkpt>
      <trkpt lat="52.877625761082534" lon="14.240224025357884">
      <ele>74.77082956489176</ele>
      <time>2026-08-16T10:15:53Z</time>
      </trkpt>
      <trkpt lat="52.87773139998704" lon="14.239929760494386">
      <ele>75.05650863796473</ele>
      <time>2026-08-16T10:15:54Z</time>
      </trkpt>
      <trkpt lat="52.87773139998704" lon="14.239929760494386">
      <ele>75.05650863796473</ele>
      <time>2026-08-16T10:15:54Z</time>
      </trkpt>
      <trkpt lat="52.877829103381416" lon="14.239646797197643">
      <ele>74.96535224840045</ele>
      <time>2026-08-16T10:15:55Z</time>
      </trkpt>
      <trkpt lat="52.877829103381416" lon="14.239646797197643">
      <ele>74.96535224840045</ele>
      <time>2026-08-16T10:15:55Z</time>
      </trkpt>
      <trkpt lat="52.877928979549694" lon="14.239365499405327">
      <ele>74.79157865513116</ele>
      <time>2026-08-16T10:15:56Z</time>
      </trkpt>
      <trkpt lat="52.877928979549694" lon="14.239365499405327">
      <ele>74.79157865513116</ele>
      <time>2026-08-16T10:15:56Z</time>
      </trkpt>
      <trkpt lat="52.878024607537725" lon="14.239080127709544">
      <ele>74.73156941868365</ele>
      <time>2026-08-16T10:15:57Z</time>
      </trkpt>
      <trkpt lat="52.878024607537725" lon="14.239080127709544">
      <ele>74.73156941868365</ele>
      <time>2026-08-16T10:15:57Z</time>
      </trkpt>
      <trkpt lat="52.87814183714923" lon="14.238793073790859">
      <ele>74.00724365282804</ele>
      <time>2026-08-16T10:15:58Z</time>
      </trkpt>
      <trkpt lat="52.87814183714923" lon="14.238793073790859">
      <ele>74.00724365282804</ele>
      <time>2026-08-16T10:15:58Z</time>
      </trkpt>
      <trkpt lat="52.87823193235582" lon="14.23849455349235">
      <ele>73.38578089792281</ele>
      <time>2026-08-16T10:15:59Z</time>
      </trkpt>
      <trkpt lat="52.87823193235582" lon="14.23849455349235">
      <ele>73.38578089792281</ele>
      <time>2026-08-16T10:15:59Z</time>
      </trkpt>
      <trkpt lat="52.878334645273114" lon="14.238202425402003">
      <ele>73.04606111720204</ele>
      <time>2026-08-16T10:16:00Z</time>
      </trkpt>
      <trkpt lat="52.878334645273114" lon="14.238202425402003">
      <ele>73.04606111720204</ele>
      <time>2026-08-16T10:16:00Z</time>
      </trkpt>
      <trkpt lat="52.87843534122274" lon="14.237917029626058">
      <ele>71.92080760281533</ele>
      <time>2026-08-16T10:16:01Z</time>
      </trkpt>
      <trkpt lat="52.87843534122274" lon="14.237917029626058">
      <ele>71.92080760281533</ele>
      <time>2026-08-16T10:16:01Z</time>
      </trkpt>
      <trkpt lat="52.878546520538606" lon="14.237640469757691">
      <ele>71.2511878889054</ele>
      <time>2026-08-16T10:16:02Z</time>
      </trkpt>
      <trkpt lat="52.878546520538606" lon="14.237640469757691">
      <ele>71.2511878889054</ele>
      <time>2026-08-16T10:16:02Z</time>
      </trkpt>
      <trkpt lat="52.87864478254375" lon="14.237347336722541">
      <ele>70.89951396733522</ele>
      <time>2026-08-16T10:16:03Z</time>
      </trkpt>
      <trkpt lat="52.87864478254375" lon="14.237347336722541">
      <ele>70.89951396733522</ele>
      <time>2026-08-16T10:16:03Z</time>
      </trkpt>
      <trkpt lat="52.87873709605339" lon="14.23707152901632">
      <ele>71.07839688286185</ele>
      <time>2026-08-16T10:16:04Z</time>
      </trkpt>
      <trkpt lat="52.87873709605339" lon="14.23707152901632">
      <ele>71.07839688286185</ele>
      <time>2026-08-16T10:16:04Z</time>
      </trkpt>
      <trkpt lat="52.87883285607855" lon="14.23679893990376">
      <ele>70.40000695362687</ele>
      <time>2026-08-16T10:16:05Z</time>
      </trkpt>
      <trkpt lat="52.87883285607855" lon="14.23679893990376">
      <ele>70.40000695362687</ele>
      <time>2026-08-16T10:16:05Z</time>
      </trkpt>
      <trkpt lat="52.87892826309029" lon="14.236522173267957">
      <ele>70.01453896891326</ele>
      <time>2026-08-16T10:16:06Z</time>
      </trkpt>
      <trkpt lat="52.87892826309029" lon="14.236522173267957">
      <ele>70.01453896891326</ele>
      <time>2026-08-16T10:16:06Z</time>
      </trkpt>
      <trkpt lat="52.8790240577987" lon="14.236243647059595">
      <ele>69.47579517681152</ele>
      <time>2026-08-16T10:16:06Z</time>
      </trkpt>
      <trkpt lat="52.8790240577987" lon="14.236243647059595">
      <ele>69.47579517681152</ele>
      <time>2026-08-16T10:16:06Z</time>
      </trkpt>
      <trkpt lat="52.879112680822814" lon="14.235967301999956">
      <ele>68.99588853120804</ele>
      <time>2026-08-16T10:16:07Z</time>
      </trkpt>
      <trkpt lat="52.879112680822814" lon="14.235967301999956">
      <ele>68.99588853120804</ele>
      <time>2026-08-16T10:16:07Z</time>
      </trkpt>
      <trkpt lat="52.879203316886944" lon="14.23568446825875">
      <ele>68.7621855493635</ele>
      <time>2026-08-16T10:16:08Z</time>
      </trkpt>
      <trkpt lat="52.879203316886944" lon="14.23568446825875">
      <ele>68.7621855493635</ele>
      <time>2026-08-16T10:16:08Z</time>
      </trkpt>
      <trkpt lat="52.87928548398947" lon="14.235393147872188">
      <ele>68.32165055163205</ele>
      <time>2026-08-16T10:16:09Z</time>
      </trkpt>
      <trkpt lat="52.87928548398947" lon="14.235393147872188">
      <ele>68.32165055163205</ele>
      <time>2026-08-16T10:16:09Z</time>
      </trkpt>
      <trkpt lat="52.87936577661241" lon="14.235095068255513">
      <ele>68.03822303004563</ele>
      <time>2026-08-16T10:16:11Z</time>
      </trkpt>
      <trkpt lat="52.87936577661241" lon="14.235095068255513">
      <ele>68.03822303004563</ele>
      <time>2026-08-16T10:16:11Z</time>
      </trkpt>
      <trkpt lat="52.87943875449636" lon="14.234787920996006">
      <ele>67.58453986234963</ele>
      <time>2026-08-16T10:16:12Z</time>
      </trkpt>
      <trkpt lat="52.87943875449636" lon="14.234787920996006">
      <ele>67.58453986234963</ele>
      <time>2026-08-16T10:16:12Z</time>
      </trkpt>
      <trkpt lat="52.87950804120566" lon="14.234468070475714">
      <ele>67.11871120147407</ele>
      <time>2026-08-16T10:16:13Z</time>
      </trkpt>
      <trkpt lat="52.87950804120566" lon="14.234468070475714">
      <ele>67.11871120147407</ele>
      <time>2026-08-16T10:16:13Z</time>
      </trkpt>
      <trkpt lat="52.87957605388007" lon="14.234137296990452">
      <ele>66.93771847710013</ele>
      <time>2026-08-16T10:16:14Z</time>
      </trkpt>
      <trkpt lat="52.87957605388007" lon="14.234137296990452">
      <ele>66.93771847710013</ele>
      <time>2026-08-16T10:16:14Z</time>
      </trkpt>
      <trkpt lat="52.87964212790784" lon="14.233795433571013">
      <ele>66.47706681583077</ele>
      <time>2026-08-16T10:16:15Z</time>
      </trkpt>
      <trkpt lat="52.87964212790784" lon="14.233795433571013">
      <ele>66.47706681583077</ele>
      <time>2026-08-16T10:16:15Z</time>
      </trkpt>
      <trkpt lat="52.87970660618256" lon="14.233440492703641">
      <ele>66.12991603184491</ele>
      <time>2026-08-16T10:16:16Z</time>
      </trkpt>
      <trkpt lat="52.87970660618256" lon="14.233440492703641">
      <ele>66.12991603184491</ele>
      <time>2026-08-16T10:16:16Z</time>
      </trkpt>
      <trkpt lat="52.879772296815844" lon="14.233077178600922">
      <ele>65.51769955735654</ele>
      <time>2026-08-16T10:16:17Z</time>
      </trkpt>
      <trkpt lat="52.879772296815844" lon="14.233077178600922">
      <ele>65.51769955735654</ele>
      <time>2026-08-16T10:16:17Z</time>
      </trkpt>
      <trkpt lat="52.87983645922236" lon="14.232702459219375">
      <ele>64.78634345997125</ele>
      <time>2026-08-16T10:16:18Z</time>
      </trkpt>
      <trkpt lat="52.87983645922236" lon="14.232702459219375">
      <ele>64.78634345997125</ele>
      <time>2026-08-16T10:16:18Z</time>
      </trkpt>
      <trkpt lat="52.87990392210476" lon="14.232318935198723">
      <ele>64.20931095443666</ele>
      <time>2026-08-16T10:16:19Z</time>
      </trkpt>
      <trkpt lat="52.87990392210476" lon="14.232318935198723">
      <ele>64.20931095443666</ele>
      <time>2026-08-16T10:16:19Z</time>
      </trkpt>
      <trkpt lat="52.879972206452344" lon="14.231937507844064">
      <ele>63.826911746524274</ele>
      <time>2026-08-16T10:16:20Z</time>
      </trkpt>
      <trkpt lat="52.879972206452344" lon="14.231937507844064">
      <ele>63.826911746524274</ele>
      <time>2026-08-16T10:16:20Z</time>
      </trkpt>
      <trkpt lat="52.88003862858465" lon="14.231559360342684">
      <ele>63.24311360344291</ele>
      <time>2026-08-16T10:16:21Z</time>
      </trkpt>
      <trkpt lat="52.88003862858465" lon="14.231559360342684">
      <ele>63.24311360344291</ele>
      <time>2026-08-16T10:16:21Z</time>
      </trkpt>
      <trkpt lat="52.88010423962689" lon="14.231180222255167">
      <ele>62.56912013236433</ele>
      <time>2026-08-16T10:16:22Z</time>
      </trkpt>
      <trkpt lat="52.88010423962689" lon="14.231180222255167">
      <ele>62.56912013236433</ele>
      <time>2026-08-16T10:16:22Z</time>
      </trkpt>
      <trkpt lat="52.88017025345896" lon="14.230797918518814">
      <ele>62.20813312754035</ele>
      <time>2026-08-16T10:16:23Z</time>
      </trkpt>
      <trkpt lat="52.88017025345896" lon="14.230797918518814">
      <ele>62.20813312754035</ele>
      <time>2026-08-16T10:16:23Z</time>
      </trkpt>
      <trkpt lat="52.88023664932296" lon="14.230418470725468">
      <ele>61.58195275068283</ele>
      <time>2026-08-16T10:16:24Z</time>
      </trkpt>
      <trkpt lat="52.88023664932296" lon="14.230418470725468">
      <ele>61.58195275068283</ele>
      <time>2026-08-16T10:16:24Z</time>
      </trkpt>
      <trkpt lat="52.880301793767764" lon="14.230040556605985">
      <ele>61.08565423358232</ele>
      <time>2026-08-16T10:16:25Z</time>
      </trkpt>
      <trkpt lat="52.880301793767764" lon="14.230040556605985">
      <ele>61.08565423358232</ele>
      <time>2026-08-16T10:16:25Z</time>
      </trkpt>
      <trkpt lat="52.88036842385943" lon="14.229663942052415">
      <ele>60.79688049759716</ele>
      <time>2026-08-16T10:16:26Z</time>
      </trkpt>
      <trkpt lat="52.88036842385943" lon="14.229663942052415">
      <ele>60.79688049759716</ele>
      <time>2026-08-16T10:16:26Z</time>
      </trkpt>
      <trkpt lat="52.88043457794899" lon="14.229286534893523">
      <ele>60.366245466284454</ele>
      <time>2026-08-16T10:16:27Z</time>
      </trkpt>
      <trkpt lat="52.88043457794899" lon="14.229286534893523">
      <ele>60.366245466284454</ele>
      <time>2026-08-16T10:16:27Z</time>
      </trkpt>
      <trkpt lat="52.88050103995512" lon="14.228906361545171">
      <ele>59.75755380559713</ele>
      <time>2026-08-16T10:16:28Z</time>
      </trkpt>
      <trkpt lat="52.88050103995512" lon="14.228906361545171">
      <ele>59.75755380559713</ele>
      <time>2026-08-16T10:16:28Z</time>
      </trkpt>
      <trkpt lat="52.88056828978972" lon="14.228524940176696">
      <ele>59.340028546750546</ele>
      <time>2026-08-16T10:16:29Z</time>
      </trkpt>
      <trkpt lat="52.88056828978972" lon="14.228524940176696">
      <ele>59.340028546750546</ele>
      <time>2026-08-16T10:16:29Z</time>
      </trkpt>
      <trkpt lat="52.88063526528436" lon="14.22814548547735">
      <ele>58.81125255394727</ele>
      <time>2026-08-16T10:16:30Z</time>
      </trkpt>
      <trkpt lat="52.88063526528436" lon="14.22814548547735">
      <ele>58.81125255394727</ele>
      <time>2026-08-16T10:16:30Z</time>
      </trkpt>
      <trkpt lat="52.88070100417461" lon="14.2277697243451">
      <ele>58.15820830035955</ele>
      <time>2026-08-16T10:16:31Z</time>
      </trkpt>
      <trkpt lat="52.88070100417461" lon="14.2277697243451">
      <ele>58.15820830035955</ele>
      <time>2026-08-16T10:16:31Z</time>
      </trkpt>
      <trkpt lat="52.88076501120675" lon="14.227398577195997">
      <ele>57.604184528812766</ele>
      <time>2026-08-16T10:16:32Z</time>
      </trkpt>
      <trkpt lat="52.88076501120675" lon="14.227398577195997">
      <ele>57.604184528812766</ele>
      <time>2026-08-16T10:16:32Z</time>
      </trkpt>
      <trkpt lat="52.88082864119348" lon="14.227033052793196">
      <ele>57.091327267698944</ele>
      <time>2026-08-16T10:16:33Z</time>
      </trkpt>
      <trkpt lat="52.88082864119348" lon="14.227033052793196">
      <ele>57.091327267698944</ele>
      <time>2026-08-16T10:16:33Z</time>
      </trkpt>
      <trkpt lat="52.880890168031" lon="14.226675406914456">
      <ele>56.39260260760784</ele>
      <time>2026-08-16T10:16:34Z</time>
      </trkpt>
      <trkpt lat="52.880890168031" lon="14.226675406914456">
      <ele>56.39260260760784</ele>
      <time>2026-08-16T10:16:34Z</time>
      </trkpt>
      <trkpt lat="52.880949474231905" lon="14.226326923399547">
      <ele>55.794547989964485</ele>
      <time>2026-08-16T10:16:35Z</time>
      </trkpt>
      <trkpt lat="52.880949474231905" lon="14.226326923399547">
      <ele>55.794547989964485</ele>
      <time>2026-08-16T10:16:35Z</time>
      </trkpt>
      <trkpt lat="52.88101038372672" lon="14.225986202288222">
      <ele>55.16880489792675</ele>
      <time>2026-08-16T10:16:36Z</time>
      </trkpt>
      <trkpt lat="52.88101038372672" lon="14.225986202288222">
      <ele>55.16880489792675</ele>
      <time>2026-08-16T10:16:36Z</time>
      </trkpt>
      <trkpt lat="52.88107220502101" lon="14.225648371874563">
      <ele>54.5001454083249</ele>
      <time>2026-08-16T10:16:37Z</time>
      </trkpt>
      <trkpt lat="52.88107220502101" lon="14.225648371874563">
      <ele>54.5001454083249</ele>
      <time>2026-08-16T10:16:37Z</time>
      </trkpt>
      <trkpt lat="52.881133118125604" lon="14.22531130856768">
      <ele>53.82992156688124</ele>
      <time>2026-08-16T10:16:38Z</time>
      </trkpt>
      <trkpt lat="52.881133118125604" lon="14.22531130856768">
      <ele>53.82992156688124</ele>
      <time>2026-08-16T10:16:38Z</time>
      </trkpt>
      <trkpt lat="52.88119184857261" lon="14.224976635227161">
      <ele>52.95750700496137</ele>
      <time>2026-08-16T10:16:39Z</time>
      </trkpt>
      <trkpt lat="52.88119184857261" lon="14.224976635227161">
      <ele>52.95750700496137</ele>
      <time>2026-08-16T10:16:39Z</time>
      </trkpt>
      <trkpt lat="52.88124980594431" lon="14.22464168088161">
      <ele>52.18078810162842</ele>
      <time>2026-08-16T10:16:40Z</time>
      </trkpt>
      <trkpt lat="52.88124980594431" lon="14.22464168088161">
      <ele>52.18078810162842</ele>
      <time>2026-08-16T10:16:40Z</time>
      </trkpt>
      <trkpt lat="52.88130528389305" lon="14.224311112889925">
      <ele>51.189209156669676</ele>
      <time>2026-08-16T10:16:41Z</time>
      </trkpt>
      <trkpt lat="52.88130528389305" lon="14.224311112889925">
      <ele>51.189209156669676</ele>
      <time>2026-08-16T10:16:41Z</time>
      </trkpt>
      <trkpt lat="52.88136234330153" lon="14.223985067174612">
      <ele>49.98242996726185</ele>
      <time>2026-08-16T10:16:42Z</time>
      </trkpt>
      <trkpt lat="52.88136234330153" lon="14.223985067174612">
      <ele>49.98242996726185</ele>
      <time>2026-08-16T10:16:42Z</time>
      </trkpt>
      <trkpt lat="52.881422835448575" lon="14.223663924269736">
      <ele>49.30040672980249</ele>
      <time>2026-08-16T10:16:43Z</time>
      </trkpt>
      <trkpt lat="52.881422835448575" lon="14.223663924269736">
      <ele>49.30040672980249</ele>
      <time>2026-08-16T10:16:43Z</time>
      </trkpt>
      <trkpt lat="52.88148098465514" lon="14.223340812566368">
      <ele>48.7113376557827</ele>
      <time>2026-08-16T10:16:44Z</time>
      </trkpt>
      <trkpt lat="52.88148098465514" lon="14.223340812566368">
      <ele>48.7113376557827</ele>
      <time>2026-08-16T10:16:44Z</time>
      </trkpt>
      <trkpt lat="52.88154013838944" lon="14.223015682642014">
      <ele>48.0837342729792</ele>
      <time>2026-08-16T10:16:45Z</time>
      </trkpt>
      <trkpt lat="52.88154013838944" lon="14.223015682642014">
      <ele>48.0837342729792</ele>
      <time>2026-08-16T10:16:45Z</time>
      </trkpt>
      <trkpt lat="52.88159593126254" lon="14.22271205368001">
      <ele>47.376647962257266</ele>
      <time>2026-08-16T10:16:46Z</time>
      </trkpt>
      <trkpt lat="52.88159593126254" lon="14.22271205368001">
      <ele>47.376647962257266</ele>
      <time>2026-08-16T10:16:46Z</time>
      </trkpt>
      <trkpt lat="52.88164631397618" lon="14.222403694909246">
      <ele>47.06149089243263</ele>
      <time>2026-08-16T10:16:47Z</time>
      </trkpt>
      <trkpt lat="52.88164631397618" lon="14.222403694909246">
      <ele>47.06149089243263</ele>
      <time>2026-08-16T10:16:47Z</time>
      </trkpt>
      <trkpt lat="52.8817090652048" lon="14.222053455348169">
      <ele>45.97956634685397</ele>
      <time>2026-08-16T10:16:48Z</time>
      </trkpt>
      <trkpt lat="52.8817090652048" lon="14.222053455348169">
      <ele>45.97956634685397</ele>
      <time>2026-08-16T10:16:48Z</time>
      </trkpt>
      <trkpt lat="52.88174795419045" lon="14.221729499931826">
      <ele>44.649373542517424</ele>
      <time>2026-08-16T10:16:49Z</time>
      </trkpt>
      <trkpt lat="52.88174795419045" lon="14.221729499931826">
      <ele>44.649373542517424</ele>
      <time>2026-08-16T10:16:49Z</time>
      </trkpt>
      <trkpt lat="52.88178894286665" lon="14.221408911355223">
      <ele>43.74002297222614</ele>
      <time>2026-08-16T10:16:50Z</time>
      </trkpt>
      <trkpt lat="52.88178894286665" lon="14.221408911355223">
      <ele>43.74002297222614</ele>
      <time>2026-08-16T10:16:50Z</time>
      </trkpt>
      <trkpt lat="52.88182356873831" lon="14.221082415285718">
      <ele>42.56260014884174</ele>
      <time>2026-08-16T10:16:51Z</time>
      </trkpt>
      <trkpt lat="52.88182356873831" lon="14.221082415285718">
      <ele>42.56260014884174</ele>
      <time>2026-08-16T10:16:51Z</time>
      </trkpt>
      <trkpt lat="52.88184056674324" lon="14.220761021194933">
      <ele>41.6250040885061</ele>
      <time>2026-08-16T10:16:52Z</time>
      </trkpt>
      <trkpt lat="52.88184056674324" lon="14.220761021194933">
      <ele>41.6250040885061</ele>
      <time>2026-08-16T10:16:52Z</time>
      </trkpt>
      <trkpt lat="52.88185784036576" lon="14.220446747145175">
      <ele>40.67942436411977</ele>
      <time>2026-08-16T10:16:53Z</time>
      </trkpt>
      <trkpt lat="52.88185784036576" lon="14.220446747145175">
      <ele>40.67942436411977</ele>
      <time>2026-08-16T10:16:53Z</time>
      </trkpt>
      <trkpt lat="52.88187360611156" lon="14.220139442838056">
      <ele>40.01321812532842</ele>
      <time>2026-08-16T10:16:54Z</time>
      </trkpt>
      <trkpt lat="52.88187360611156" lon="14.220139442838056">
      <ele>40.01321812532842</ele>
      <time>2026-08-16T10:16:54Z</time>
      </trkpt>
      <trkpt lat="52.88188997560828" lon="14.219846212292618">
      <ele>39.369284726679325</ele>
      <time>2026-08-16T10:16:55Z</time>
      </trkpt>
      <trkpt lat="52.88188997560828" lon="14.219846212292618">
      <ele>39.369284726679325</ele>
      <time>2026-08-16T10:16:55Z</time>
      </trkpt>
      <trkpt lat="52.88190637414746" lon="14.219572289910419">
      <ele>38.62830839212984</ele>
      <time>2026-08-16T10:16:56Z</time>
      </trkpt>
      <trkpt lat="52.88190637414746" lon="14.219572289910419">
      <ele>38.62830839212984</ele>
      <time>2026-08-16T10:16:56Z</time>
      </trkpt>
      <trkpt lat="52.881918905001356" lon="14.21930601485987">
      <ele>38.10159576777369</ele>
      <time>2026-08-16T10:16:57Z</time>
      </trkpt>
      <trkpt lat="52.881918905001356" lon="14.21930601485987">
      <ele>38.10159576777369</ele>
      <time>2026-08-16T10:16:57Z</time>
      </trkpt>
      <trkpt lat="52.88193231404819" lon="14.2190624322364">
      <ele>37.34373285342008</ele>
      <time>2026-08-16T10:16:58Z</time>
      </trkpt>
      <trkpt lat="52.88193231404819" lon="14.2190624322364">
      <ele>37.34373285342008</ele>
      <time>2026-08-16T10:16:58Z</time>
      </trkpt>
      <trkpt lat="52.881944251612374" lon="14.21883159638944">
      <ele>36.720027913339436</ele>
      <time>2026-08-16T10:16:59Z</time>
      </trkpt>
      <trkpt lat="52.881944251612374" lon="14.21883159638944">
      <ele>36.720027913339436</ele>
      <time>2026-08-16T10:16:59Z</time>
      </trkpt>
      <trkpt lat="52.88195667773633" lon="14.218618744293586">
      <ele>36.1359331747517</ele>
      <time>2026-08-16T10:17:00Z</time>
      </trkpt>
      <trkpt lat="52.88195667773633" lon="14.218618744293586">
      <ele>36.1359331747517</ele>
      <time>2026-08-16T10:17:00Z</time>
      </trkpt>
      <trkpt lat="52.881965619843065" lon="14.218422100018628">
      <ele>35.336779257282615</ele>
      <time>2026-08-16T10:17:01Z</time>
      </trkpt>
      <trkpt lat="52.881965619843065" lon="14.218422100018628">
      <ele>35.336779257282615</ele>
      <time>2026-08-16T10:17:01Z</time>
      </trkpt>
      <trkpt lat="52.88197564542249" lon="14.218229915375817">
      <ele>34.87800555489957</ele>
      <time>2026-08-16T10:17:02Z</time>
      </trkpt>
      <trkpt lat="52.88197564542249" lon="14.218229915375817">
      <ele>34.87800555489957</ele>
      <time>2026-08-16T10:17:02Z</time>
      </trkpt>
      <trkpt lat="52.88198631951791" lon="14.218040485012915">
      <ele>34.36927262600511</ele>
      <time>2026-08-16T10:17:03Z</time>
      </trkpt>
      <trkpt lat="52.88198631951791" lon="14.218040485012915">
      <ele>34.36927262600511</ele>
      <time>2026-08-16T10:17:03Z</time>
      </trkpt>
      <trkpt lat="52.88199820672919" lon="14.217855068885546">
      <ele>34.050466370768845</ele>
      <time>2026-08-16T10:17:04Z</time>
      </trkpt>
      <trkpt lat="52.88199820672919" lon="14.217855068885546">
      <ele>34.050466370768845</ele>
      <time>2026-08-16T10:17:04Z</time>
      </trkpt>
      <trkpt lat="52.88201110923655" lon="14.217673489812235">
      <ele>33.559034812264144</ele>
      <time>2026-08-16T10:17:05Z</time>
      </trkpt>
      <trkpt lat="52.88201110923655" lon="14.217673489812235">
      <ele>33.559034812264144</ele>
      <time>2026-08-16T10:17:05Z</time>
      </trkpt>
      <trkpt lat="52.8820275347762" lon="14.217489826841648">
      <ele>33.04284787643701</ele>
      <time>2026-08-16T10:17:06Z</time>
      </trkpt>
      <trkpt lat="52.8820275347762" lon="14.217489826841648">
      <ele>33.04284787643701</ele>
      <time>2026-08-16T10:17:06Z</time>
      </trkpt>
      <trkpt lat="52.88204562799686" lon="14.21730364859364">
      <ele>32.52983810659498</ele>
      <time>2026-08-16T10:17:07Z</time>
      </trkpt>
      <trkpt lat="52.88204562799686" lon="14.21730364859364">
      <ele>32.52983810659498</ele>
      <time>2026-08-16T10:17:07Z</time>
      </trkpt>
      <trkpt lat="52.88206125151406" lon="14.217112197300185">
      <ele>31.909472243860364</ele>
      <time>2026-08-16T10:17:08Z</time>
      </trkpt>
      <trkpt lat="52.88206125151406" lon="14.217112197300185">
      <ele>31.909472243860364</ele>
      <time>2026-08-16T10:17:08Z</time>
      </trkpt>
      <trkpt lat="52.88206915612362" lon="14.216909948429015">
      <ele>31.21618896164</ele>
      <time>2026-08-16T10:17:09Z</time>
      </trkpt>
      <trkpt lat="52.88206915612362" lon="14.216909948429015">
      <ele>31.21618896164</ele>
      <time>2026-08-16T10:17:09Z</time>
      </trkpt>
      <trkpt lat="52.88207195071274" lon="14.21670307596558">
      <ele>30.556043586693704</ele>
      <time>2026-08-16T10:17:10Z</time>
      </trkpt>
      <trkpt lat="52.88207195071274" lon="14.21670307596558">
      <ele>30.556043586693704</ele>
      <time>2026-08-16T10:17:10Z</time>
      </trkpt>
      <trkpt lat="52.88207696680316" lon="14.216490535323649">
      <ele>29.816773301921785</ele>
      <time>2026-08-16T10:17:11Z</time>
      </trkpt>
      <trkpt lat="52.88207696680316" lon="14.216490535323649">
      <ele>29.816773301921785</ele>
      <time>2026-08-16T10:17:11Z</time>
      </trkpt>
      <trkpt lat="52.88208296492949" lon="14.216279027200521">
      <ele>29.009427377954125</ele>
      <time>2026-08-16T10:17:12Z</time>
      </trkpt>
      <trkpt lat="52.88208296492949" lon="14.216279027200521">
      <ele>29.009427377954125</ele>
      <time>2026-08-16T10:17:12Z</time>
      </trkpt>
      <trkpt lat="52.882089276578334" lon="14.21606739069383">
      <ele>28.38024369161576</ele>
      <time>2026-08-16T10:17:13Z</time>
      </trkpt>
      <trkpt lat="52.882089276578334" lon="14.21606739069383">
      <ele>28.38024369161576</ele>
      <time>2026-08-16T10:17:13Z</time>
      </trkpt>
      <trkpt lat="52.88211628642765" lon="14.215862108175571">
      <ele>28.13497828412801</ele>
      <time>2026-08-16T10:17:14Z</time>
      </trkpt>
      <trkpt lat="52.88211628642765" lon="14.215862108175571">
      <ele>28.13497828412801</ele>
      <time>2026-08-16T10:17:14Z</time>
      </trkpt>
      <trkpt lat="52.882115301900136" lon="14.215654826210985">
      <ele>27.958484266884625</ele>
      <time>2026-08-16T10:17:15Z</time>
      </trkpt>
      <trkpt lat="52.882115301900136" lon="14.215654826210985">
      <ele>27.958484266884625</ele>
      <time>2026-08-16T10:17:15Z</time>
      </trkpt>
      <trkpt lat="52.882117474683575" lon="14.21544981597941">
      <ele>27.60043688863516</ele>
      <time>2026-08-16T10:17:16Z</time>
      </trkpt>
      <trkpt lat="52.882117474683575" lon="14.21544981597941">
      <ele>27.60043688863516</ele>
      <time>2026-08-16T10:17:16Z</time>
      </trkpt>
      <trkpt lat="52.8821301114569" lon="14.215244499540823">
      <ele>27.191662996076047</ele>
      <time>2026-08-16T10:17:17Z</time>
      </trkpt>
      <trkpt lat="52.8821301114569" lon="14.215244499540823">
      <ele>27.191662996076047</ele>
      <time>2026-08-16T10:17:17Z</time>
      </trkpt>
      <trkpt lat="52.88213695367473" lon="14.215029181116376">
      <ele>26.689372931607068</ele>
      <time>2026-08-16T10:17:18Z</time>
      </trkpt>
      <trkpt lat="52.88213695367473" lon="14.215029181116376">
      <ele>26.689372931607068</ele>
      <time>2026-08-16T10:17:18Z</time>
      </trkpt>
      <trkpt lat="52.88213893582544" lon="14.214810609654336">
      <ele>26.178909954614937</ele>
      <time>2026-08-16T10:17:19Z</time>
      </trkpt>
      <trkpt lat="52.88213893582544" lon="14.214810609654336">
      <ele>26.178909954614937</ele>
      <time>2026-08-16T10:17:19Z</time>
      </trkpt>
      <trkpt lat="52.88213358531514" lon="14.214593154723838">
      <ele>25.94577989447862</ele>
      <time>2026-08-16T10:17:20Z</time>
      </trkpt>
      <trkpt lat="52.88213358531514" lon="14.214593154723838">
      <ele>25.94577989447862</ele>
      <time>2026-08-16T10:17:20Z</time>
      </trkpt>
      <trkpt lat="52.88212334156512" lon="14.214369216393868">
      <ele>25.900084717199206</ele>
      <time>2026-08-16T10:17:21Z</time>
      </trkpt>
      <trkpt lat="52.88212334156512" lon="14.214369216393868">
      <ele>25.900084717199206</ele>
      <time>2026-08-16T10:17:21Z</time>
      </trkpt>
      <trkpt lat="52.882109702525796" lon="14.214146549852096">
      <ele>25.58746676053852</ele>
      <time>2026-08-16T10:17:22Z</time>
      </trkpt>
      <trkpt lat="52.882109702525796" lon="14.214146549852096">
      <ele>25.58746676053852</ele>
      <time>2026-08-16T10:17:22Z</time>
      </trkpt>
      <trkpt lat="52.88209341135122" lon="14.213919004421737">
      <ele>25.67225531861186</ele>
      <time>2026-08-16T10:17:23Z</time>
      </trkpt>
      <trkpt lat="52.88209341135122" lon="14.213919004421737">
      <ele>25.67225531861186</ele>
      <time>2026-08-16T10:17:23Z</time>
      </trkpt>
      <trkpt lat="52.88207263395241" lon="14.213692963845531">
      <ele>25.328283810056746</ele>
      <time>2026-08-16T10:17:24Z</time>
      </trkpt>
      <trkpt lat="52.88207263395241" lon="14.213692963845531">
      <ele>25.328283810056746</ele>
      <time>2026-08-16T10:17:24Z</time>
      </trkpt>
      <trkpt lat="52.88204825090287" lon="14.213466378368889">
      <ele>25.312128352932632</ele>
      <time>2026-08-16T10:17:25Z</time>
      </trkpt>
      <trkpt lat="52.88204825090287" lon="14.213466378368889">
      <ele>25.312128352932632</ele>
      <time>2026-08-16T10:17:25Z</time>
      </trkpt>
      <trkpt lat="52.88202333879173" lon="14.21324506125194">
      <ele>25.21943816076964</ele>
      <time>2026-08-16T10:17:26Z</time>
      </trkpt>
      <trkpt lat="52.88202333879173" lon="14.21324506125194">
      <ele>25.21943816076964</ele>
      <time>2026-08-16T10:17:26Z</time>
      </trkpt>
      <trkpt lat="52.88199761311441" lon="14.213028522778766">
      <ele>24.88176336605102</ele>
      <time>2026-08-16T10:17:27Z</time>
      </trkpt>
      <trkpt lat="52.88199761311441" lon="14.213028522778766">
      <ele>24.88176336605102</ele>
      <time>2026-08-16T10:17:27Z</time>
      </trkpt>
      <trkpt lat="52.88196939617123" lon="14.212815969248378">
      <ele>24.98953509144485</ele>
      <time>2026-08-16T10:17:28Z</time>
      </trkpt>
      <trkpt lat="52.88196939617123" lon="14.212815969248378">
      <ele>24.98953509144485</ele>
      <time>2026-08-16T10:17:28Z</time>
      </trkpt>
      <trkpt lat="52.881939998398614" lon="14.212599559864907">
      <ele>24.806599088013172</ele>
      <time>2026-08-16T10:17:29Z</time>
      </trkpt>
      <trkpt lat="52.881939998398614" lon="14.212599559864907">
      <ele>24.806599088013172</ele>
      <time>2026-08-16T10:17:29Z</time>
      </trkpt>
      <trkpt lat="52.88190268279555" lon="14.212376822534981">
      <ele>24.783644128590822</ele>
      <time>2026-08-16T10:17:30Z</time>
      </trkpt>
      <trkpt lat="52.88190268279555" lon="14.212376822534981">
      <ele>24.783644128590822</ele>
      <time>2026-08-16T10:17:30Z</time>
      </trkpt>
      <trkpt lat="52.881860110345876" lon="14.212157768268904">
      <ele>24.946112610399723</ele>
      <time>2026-08-16T10:17:31Z</time>
      </trkpt>
      <trkpt lat="52.881860110345876" lon="14.212157768268904">
      <ele>24.946112610399723</ele>
      <time>2026-08-16T10:17:31Z</time>
      </trkpt>
      <trkpt lat="52.88181315959697" lon="14.211943328781658">
      <ele>24.87957005482167</ele>
      <time>2026-08-16T10:17:32Z</time>
      </trkpt>
      <trkpt lat="52.88181315959697" lon="14.211943328781658">
      <ele>24.87957005482167</ele>
      <time>2026-08-16T10:17:32Z</time>
      </trkpt>
      <trkpt lat="52.881763693839865" lon="14.21173122006881">
      <ele>24.801224472001195</ele>
      <time>2026-08-16T10:17:33Z</time>
      </trkpt>
      <trkpt lat="52.881763693839865" lon="14.21173122006881">
      <ele>24.801224472001195</ele>
      <time>2026-08-16T10:17:33Z</time>
      </trkpt>
      <trkpt lat="52.88171015349303" lon="14.211526455645764">
      <ele>24.786837928928435</ele>
      <time>2026-08-16T10:17:34Z</time>
      </trkpt>
      <trkpt lat="52.88171015349303" lon="14.211526455645764">
      <ele>24.786837928928435</ele>
      <time>2026-08-16T10:17:34Z</time>
      </trkpt>
      <trkpt lat="52.88164934478927" lon="14.211328063397923">
      <ele>24.712439958006144</ele>
      <time>2026-08-16T10:17:35Z</time>
      </trkpt>
      <trkpt lat="52.88164934478927" lon="14.211328063397923">
      <ele>24.712439958006144</ele>
      <time>2026-08-16T10:17:35Z</time>
      </trkpt>
      <trkpt lat="52.88158549961542" lon="14.211130209849566">
      <ele>24.807690390385687</ele>
      <time>2026-08-16T10:17:36Z</time>
      </trkpt>
      <trkpt lat="52.88158549961542" lon="14.211130209849566">
      <ele>24.807690390385687</ele>
      <time>2026-08-16T10:17:36Z</time>
      </trkpt>
      <trkpt lat="52.88152597849784" lon="14.210929946716325">
      <ele>24.677198278717697</ele>
      <time>2026-08-16T10:17:37Z</time>
      </trkpt>
      <trkpt lat="52.88152597849784" lon="14.210929946716325">
      <ele>24.677198278717697</ele>
      <time>2026-08-16T10:17:37Z</time>
      </trkpt>
      <trkpt lat="52.88146305185341" lon="14.210732836962617">
      <ele>24.350669898092747</ele>
      <time>2026-08-16T10:17:38Z</time>
      </trkpt>
      <trkpt lat="52.88146305185341" lon="14.210732836962617">
      <ele>24.350669898092747</ele>
      <time>2026-08-16T10:17:38Z</time>
      </trkpt>
      <trkpt lat="52.88140174415294" lon="14.210533518056378">
      <ele>24.125985871069133</ele>
      <time>2026-08-16T10:17:39Z</time>
      </trkpt>
      <trkpt lat="52.88140174415294" lon="14.210533518056378">
      <ele>24.125985871069133</ele>
      <time>2026-08-16T10:17:39Z</time>
      </trkpt>
      <trkpt lat="52.88134098824452" lon="14.210340622903017">
      <ele>23.82885954901576</ele>
      <time>2026-08-16T10:17:40Z</time>
      </trkpt>
      <trkpt lat="52.88134098824452" lon="14.210340622903017">
      <ele>23.82885954901576</ele>
      <time>2026-08-16T10:17:40Z</time>
      </trkpt>
      <trkpt lat="52.88128208582509" lon="14.210147320486826">
      <ele>23.4223553519696</ele>
      <time>2026-08-16T10:17:41Z</time>
      </trkpt>
      <trkpt lat="52.88128208582509" lon="14.210147320486826">
      <ele>23.4223553519696</ele>
      <time>2026-08-16T10:17:41Z</time>
      </trkpt>
      <trkpt lat="52.88122287613061" lon="14.20995675551875">
      <ele>23.066026221960783</ele>
      <time>2026-08-16T10:17:42Z</time>
      </trkpt>
      <trkpt lat="52.88122287613061" lon="14.20995675551875">
      <ele>23.066026221960783</ele>
      <time>2026-08-16T10:17:42Z</time>
      </trkpt>
      <trkpt lat="52.88116240672592" lon="14.209764590486987">
      <ele>22.885319555178285</ele>
      <time>2026-08-16T10:17:43Z</time>
      </trkpt>
      <trkpt lat="52.88116240672592" lon="14.209764590486987">
      <ele>22.885319555178285</ele>
      <time>2026-08-16T10:17:43Z</time>
      </trkpt>
      <trkpt lat="52.881102989654416" lon="14.209572022886327">
      <ele>22.4222838236019</ele>
      <time>2026-08-16T10:17:44Z</time>
      </trkpt>
      <trkpt lat="52.881102989654416" lon="14.209572022886327">
      <ele>22.4222838236019</ele>
      <time>2026-08-16T10:17:44Z</time>
      </trkpt>
      <trkpt lat="52.88104376777134" lon="14.209376417605485">
      <ele>22.146653421223164</ele>
      <time>2026-08-16T10:17:45Z</time>
      </trkpt>
      <trkpt lat="52.88104376777134" lon="14.209376417605485">
      <ele>22.146653421223164</ele>
      <time>2026-08-16T10:17:45Z</time>
      </trkpt>
      <trkpt lat="52.88098561304631" lon="14.209190818415749">
      <ele>21.68004268221557</ele>
      <time>2026-08-16T10:17:46Z</time>
      </trkpt>
      <trkpt lat="52.88098561304631" lon="14.209190818415749">
      <ele>21.68004268221557</ele>
      <time>2026-08-16T10:17:46Z</time>
      </trkpt>
      <trkpt lat="52.88092952037915" lon="14.209011126417632">
      <ele>21.24837741162628</ele>
      <time>2026-08-16T10:17:47Z</time>
      </trkpt>
      <trkpt lat="52.88092952037915" lon="14.209011126417632">
      <ele>21.24837741162628</ele>
      <time>2026-08-16T10:17:47Z</time>
      </trkpt>
      <trkpt lat="52.88087465992635" lon="14.208836194132228">
      <ele>20.882161928340793</ele>
      <time>2026-08-16T10:17:48Z</time>
      </trkpt>
      <trkpt lat="52.88087465992635" lon="14.208836194132228">
      <ele>20.882161928340793</ele>
      <time>2026-08-16T10:17:48Z</time>
      </trkpt>
      <trkpt lat="52.880821812433474" lon="14.208668008441133">
      <ele>20.56428132019937</ele>
      <time>2026-08-16T10:17:49Z</time>
      </trkpt>
      <trkpt lat="52.880821812433474" lon="14.208668008441133">
      <ele>20.56428132019937</ele>
      <time>2026-08-16T10:17:49Z</time>
      </trkpt>
      <trkpt lat="52.880774153222646" lon="14.208504448322048">
      <ele>20.188197841867805</ele>
      <time>2026-08-16T10:17:50Z</time>
      </trkpt>
      <trkpt lat="52.880774153222646" lon="14.208504448322048">
      <ele>20.188197841867805</ele>
      <time>2026-08-16T10:17:50Z</time>
      </trkpt>
      <trkpt lat="52.88073652866504" lon="14.208332098725695">
      <ele>19.887088146060705</ele>
      <time>2026-08-16T10:17:51Z</time>
      </trkpt>
      <trkpt lat="52.88073652866504" lon="14.208332098725695">
      <ele>19.887088146060705</ele>
      <time>2026-08-16T10:17:51Z</time>
      </trkpt>
      <trkpt lat="52.88070852635017" lon="14.208144767538487">
      <ele>19.54537628032267</ele>
      <time>2026-08-16T10:17:52Z</time>
      </trkpt>
      <trkpt lat="52.88070852635017" lon="14.208144767538487">
      <ele>19.54537628032267</ele>
      <time>2026-08-16T10:17:52Z</time>
      </trkpt>
      <trkpt lat="52.8806851913341" lon="14.207954007527873">
      <ele>19.25193660520017</ele>
      <time>2026-08-16T10:17:53Z</time>
      </trkpt>
      <trkpt lat="52.8806851913341" lon="14.207954007527873">
      <ele>19.25193660520017</ele>
      <time>2026-08-16T10:17:53Z</time>
      </trkpt>
      <trkpt lat="52.880659842429374" lon="14.20775968487884">
      <ele>19.095595832914114</ele>
      <time>2026-08-16T10:17:54Z</time>
      </trkpt>
      <trkpt lat="52.880659842429374" lon="14.20775968487884">
      <ele>19.095595832914114</ele>
      <time>2026-08-16T10:17:54Z</time>
      </trkpt>
      <trkpt lat="52.88063592723618" lon="14.207565098923286">
      <ele>19.109882338903844</ele>
      <time>2026-08-16T10:17:55Z</time>
      </trkpt>
      <trkpt lat="52.88063592723618" lon="14.207565098923286">
      <ele>19.109882338903844</ele>
      <time>2026-08-16T10:17:55Z</time>
      </trkpt>
      <trkpt lat="52.88061160759524" lon="14.207371970651486">
      <ele>19.182772058993578</ele>
      <time>2026-08-16T10:17:56Z</time>
      </trkpt>
      <trkpt lat="52.88061160759524" lon="14.207371970651486">
      <ele>19.182772058993578</ele>
      <time>2026-08-16T10:17:56Z</time>
      </trkpt>
      <trkpt lat="52.880586255609636" lon="14.207184752579751">
      <ele>18.98272187449038</ele>
      <time>2026-08-16T10:17:57Z</time>
      </trkpt>
      <trkpt lat="52.880586255609636" lon="14.207184752579751">
      <ele>18.98272187449038</ele>
      <time>2026-08-16T10:17:57Z</time>
      </trkpt>
      <trkpt lat="52.88056208444934" lon="14.20700101043751">
      <ele>18.81052289996296</ele>
      <time>2026-08-16T10:17:58Z</time>
      </trkpt>
      <trkpt lat="52.88056208444934" lon="14.20700101043751">
      <ele>18.81052289996296</ele>
      <time>2026-08-16T10:17:58Z</time>
      </trkpt>
      <trkpt lat="52.88053660636548" lon="14.206822255416215">
      <ele>19.004526413977146</ele>
      <time>2026-08-16T10:17:59Z</time>
      </trkpt>
      <trkpt lat="52.88053660636548" lon="14.206822255416215">
      <ele>19.004526413977146</ele>
      <time>2026-08-16T10:17:59Z</time>
      </trkpt>
      <trkpt lat="52.88050897966653" lon="14.206647540420882">
      <ele>18.7634593937546</ele>
      <time>2026-08-16T10:18:00Z</time>
      </trkpt>
      <trkpt lat="52.88050897966653" lon="14.206647540420882">
      <ele>18.7634593937546</ele>
      <time>2026-08-16T10:18:00Z</time>
      </trkpt>
      <trkpt lat="52.88047433105812" lon="14.206479729365839">
      <ele>18.719738587737083</ele>
      <time>2026-08-16T10:18:01Z</time>
      </trkpt>
      <trkpt lat="52.88047433105812" lon="14.206479729365839">
      <ele>18.719738587737083</ele>
      <time>2026-08-16T10:18:01Z</time>
      </trkpt>
      <trkpt lat="52.880430793168074" lon="14.206321639892225">
      <ele>18.48039109632373</ele>
      <time>2026-08-16T10:18:02Z</time>
      </trkpt>
      <trkpt lat="52.880430793168074" lon="14.206321639892225">
      <ele>18.48039109632373</ele>
      <time>2026-08-16T10:18:02Z</time>
      </trkpt>
      <trkpt lat="52.88038092895142" lon="14.206164972774374">
      <ele>18.761953943409026</ele>
      <time>2026-08-16T10:18:03Z</time>
      </trkpt>
      <trkpt lat="52.88038092895142" lon="14.206164972774374">
      <ele>18.761953943409026</ele>
      <time>2026-08-16T10:18:03Z</time>
      </trkpt>
      <trkpt lat="52.88033287582801" lon="14.206013892725169">
      <ele>18.746919311583042</ele>
      <time>2026-08-16T10:18:04Z</time>
      </trkpt>
      <trkpt lat="52.88033287582801" lon="14.206013892725169">
      <ele>18.746919311583042</ele>
      <time>2026-08-16T10:18:04Z</time>
      </trkpt>
      <trkpt lat="52.880280834867314" lon="14.20586542226318">
      <ele>18.913427729159594</ele>
      <time>2026-08-16T10:18:05Z</time>
      </trkpt>
      <trkpt lat="52.880280834867314" lon="14.20586542226318">
      <ele>18.913427729159594</ele>
      <time>2026-08-16T10:18:05Z</time>
      </trkpt>
      <trkpt lat="52.880225425454334" lon="14.205724530658333">
      <ele>18.613441731780767</ele>
      <time>2026-08-16T10:18:06Z</time>
      </trkpt>
      <trkpt lat="52.880225425454334" lon="14.205724530658333">
      <ele>18.613441731780767</ele>
      <time>2026-08-16T10:18:06Z</time>
      </trkpt>
      <trkpt lat="52.88016636180886" lon="14.205583145551197">
      <ele>18.50136670190841</ele>
      <time>2026-08-16T10:18:07Z</time>
      </trkpt>
      <trkpt lat="52.88016636180886" lon="14.205583145551197">
      <ele>18.50136670190841</ele>
      <time>2026-08-16T10:18:07Z</time>
      </trkpt>
      <trkpt lat="52.880102619157434" lon="14.205455734459731">
      <ele>18.214860749430954</ele>
      <time>2026-08-16T10:18:08Z</time>
      </trkpt>
      <trkpt lat="52.880102619157434" lon="14.205455734459731">
      <ele>18.214860749430954</ele>
      <time>2026-08-16T10:18:08Z</time>
      </trkpt>
      <trkpt lat="52.88003124482638" lon="14.205338025937946">
      <ele>17.797545984387398</ele>
      <time>2026-08-16T10:18:09Z</time>
      </trkpt>
      <trkpt lat="52.88003124482638" lon="14.205338025937946">
      <ele>17.797545984387398</ele>
      <time>2026-08-16T10:18:09Z</time>
      </trkpt>
      <trkpt lat="52.87995654651387" lon="14.205231553503227">
      <ele>17.38442992977798</ele>
      <time>2026-08-16T10:18:10Z</time>
      </trkpt>
      <trkpt lat="52.87995654651387" lon="14.205231553503227">
      <ele>17.38442992977798</ele>
      <time>2026-08-16T10:18:10Z</time>
      </trkpt>
      <trkpt lat="52.87988305923514" lon="14.205125789261746">
      <ele>17.088371839374304</ele>
      <time>2026-08-16T10:18:11Z</time>
      </trkpt>
      <trkpt lat="52.87988305923514" lon="14.205125789261746">
      <ele>17.088371839374304</ele>
      <time>2026-08-16T10:18:11Z</time>
      </trkpt>
      <trkpt lat="52.879813642759444" lon="14.205026222124001">
      <ele>16.634941699914634</ele>
      <time>2026-08-16T10:18:12Z</time>
      </trkpt>
      <trkpt lat="52.879813642759444" lon="14.205026222124001">
      <ele>16.634941699914634</ele>
      <time>2026-08-16T10:18:12Z</time>
      </trkpt>
      <trkpt lat="52.87969072529104" lon="14.20483904487891">
      <ele>15.469785775989294</ele>
      <time>2026-08-16T10:18:14Z</time>
      </trkpt>
      <trkpt lat="52.87969072529104" lon="14.20483904487891">
      <ele>15.469785775989294</ele>
      <time>2026-08-16T10:18:14Z</time>
      </trkpt>
      <trkpt lat="52.879577967831025" lon="14.204632648610538">
      <ele>14.559004795737565</ele>
      <time>2026-08-16T10:18:16Z</time>
      </trkpt>
      <trkpt lat="52.879577967831025" lon="14.204632648610538">
      <ele>14.559004795737565</ele>
      <time>2026-08-16T10:18:16Z</time>
      </trkpt>
      <trkpt lat="52.879477375404434" lon="14.204395011611126">
      <ele>13.769353220239282</ele>
      <time>2026-08-16T10:18:18Z</time>
      </trkpt>
      <trkpt lat="52.879477375404434" lon="14.204395011611126">
      <ele>13.769353220239282</ele>
      <time>2026-08-16T10:18:18Z</time>
      </trkpt>
      <trkpt lat="52.87943362530168" lon="14.204262282624265">
      <ele>13.522380633279681</ele>
      <time>2026-08-16T10:18:19Z</time>
      </trkpt>
      <trkpt lat="52.87943362530168" lon="14.204262282624265">
      <ele>13.522380633279681</ele>
      <time>2026-08-16T10:18:19Z</time>
      </trkpt>
      <trkpt lat="52.87939340748133" lon="14.204123724619796">
      <ele>12.916810914874077</ele>
      <time>2026-08-16T10:18:20Z</time>
      </trkpt>
      <trkpt lat="52.87939340748133" lon="14.204123724619796">
      <ele>12.916810914874077</ele>
      <time>2026-08-16T10:18:20Z</time>
      </trkpt>
      <trkpt lat="52.87936035245583" lon="14.203980866584248">
      <ele>12.451025147922337</ele>
      <time>2026-08-16T10:18:21Z</time>
      </trkpt>
      <trkpt lat="52.87936035245583" lon="14.203980866584248">
      <ele>12.451025147922337</ele>
      <time>2026-08-16T10:18:21Z</time>
      </trkpt>
      <trkpt lat="52.879322819325075" lon="14.203684300375615">
      <ele>11.552789684385061</ele>
      <time>2026-08-16T10:18:23Z</time>
      </trkpt>
      <trkpt lat="52.879322819325075" lon="14.203684300375615">
      <ele>11.552789684385061</ele>
      <time>2026-08-16T10:18:23Z</time>
      </trkpt>
      <trkpt lat="52.879317763667814" lon="14.203528868436788">
      <ele>11.240577070042491</ele>
      <time>2026-08-16T10:18:24Z</time>
      </trkpt>
      <trkpt lat="52.879317763667814" lon="14.203528868436788">
      <ele>11.240577070042491</ele>
      <time>2026-08-16T10:18:24Z</time>
      </trkpt>
      <trkpt lat="52.879314903327085" lon="14.203366931136891">
      <ele>10.858373107388616</ele>
      <time>2026-08-16T10:18:25Z</time>
      </trkpt>
      <trkpt lat="52.879314903327085" lon="14.203366931136891">
      <ele>10.858373107388616</ele>
      <time>2026-08-16T10:18:25Z</time>
      </trkpt>
      <trkpt lat="52.87931258069829" lon="14.203199666668901">
      <ele>10.669880882836878</ele>
      <time>2026-08-16T10:18:26Z</time>
      </trkpt>
      <trkpt lat="52.87931258069829" lon="14.203199666668901">
      <ele>10.669880882836878</ele>
      <time>2026-08-16T10:18:26Z</time>
      </trkpt>
      <trkpt lat="52.87931064829566" lon="14.203028533013306">
      <ele>10.284663727506995</ele>
      <time>2026-08-16T10:18:27Z</time>
      </trkpt>
      <trkpt lat="52.87931064829566" lon="14.203028533013306">
      <ele>10.284663727506995</ele>
      <time>2026-08-16T10:18:27Z</time>
      </trkpt>
      <trkpt lat="52.87930716356212" lon="14.202857419771094">
      <ele>9.769537596032023</ele>
      <time>2026-08-16T10:18:28Z</time>
      </trkpt>
      <trkpt lat="52.87930716356212" lon="14.202857419771094">
      <ele>9.769537596032023</ele>
      <time>2026-08-16T10:18:28Z</time>
      </trkpt>
      <trkpt lat="52.879303836213" lon="14.202685057217371">
      <ele>9.888711476698518</ele>
      <time>2026-08-16T10:18:29Z</time>
      </trkpt>
      <trkpt lat="52.879303836213" lon="14.202685057217371">
      <ele>9.888711476698518</ele>
      <time>2026-08-16T10:18:29Z</time>
      </trkpt>
      <trkpt lat="52.87929914797153" lon="14.20253276399993">
      <ele>9.82046755682677</ele>
      <time>2026-08-16T10:18:30Z</time>
      </trkpt>
      <trkpt lat="52.87929914797153" lon="14.20253276399993">
      <ele>9.82046755682677</ele>
      <time>2026-08-16T10:18:30Z</time>
      </trkpt>
      <trkpt lat="52.87928888317656" lon="14.202256027688737">
      <ele>9.436328201554716</ele>
      <time>2026-08-16T10:18:32Z</time>
      </trkpt>
      <trkpt lat="52.87928888317656" lon="14.202256027688737">
      <ele>9.436328201554716</ele>
      <time>2026-08-16T10:18:32Z</time>
      </trkpt>
      <trkpt lat="52.87925196794486" lon="14.201980484247901">
      <ele>8.703224821947515</ele>
      <time>2026-08-16T10:18:34Z</time>
      </trkpt>
      <trkpt lat="52.87925196794486" lon="14.201980484247901">
      <ele>8.703224821947515</ele>
      <time>2026-08-16T10:18:34Z</time>
      </trkpt>
      <trkpt lat="52.87918318490793" lon="14.201710221636091">
      <ele>8.352134181186557</ele>
      <time>2026-08-16T10:18:36Z</time>
      </trkpt>
      <trkpt lat="52.87918318490793" lon="14.201710221636091">
      <ele>8.352134181186557</ele>
      <time>2026-08-16T10:18:36Z</time>
      </trkpt>
      <trkpt lat="52.87909220050936" lon="14.201456551150027">
      <ele>7.477967734448612</ele>
      <time>2026-08-16T10:18:38Z</time>
      </trkpt>
      <trkpt lat="52.87909220050936" lon="14.201456551150027">
      <ele>7.477967734448612</ele>
      <time>2026-08-16T10:18:38Z</time>
      </trkpt>
      <trkpt lat="52.87902936472778" lon="14.201336508425763">
      <ele>7.107453402131796</ele>
      <time>2026-08-16T10:18:39Z</time>
      </trkpt>
      <trkpt lat="52.87902936472778" lon="14.201336508425763">
      <ele>7.107453402131796</ele>
      <time>2026-08-16T10:18:39Z</time>
      </trkpt>
      <trkpt lat="52.87895590553264" lon="14.201223452634299">
      <ele>7.020078946836293</ele>
      <time>2026-08-16T10:18:40Z</time>
      </trkpt>
      <trkpt lat="52.87895590553264" lon="14.201223452634299">
      <ele>7.020078946836293</ele>
      <time>2026-08-16T10:18:40Z</time>
      </trkpt>
      <trkpt lat="52.87887320938064" lon="14.201123095488317">
      <ele>6.807089131325483</ele>
      <time>2026-08-16T10:18:41Z</time>
      </trkpt>
      <trkpt lat="52.87887320938064" lon="14.201123095488317">
      <ele>6.807089131325483</ele>
      <time>2026-08-16T10:18:41Z</time>
      </trkpt>
      <trkpt lat="52.87878375448924" lon="14.201037025536142">
      <ele>6.543716260232031</ele>
      <time>2026-08-16T10:18:42Z</time>
      </trkpt>
      <trkpt lat="52.87878375448924" lon="14.201037025536142">
      <ele>6.543716260232031</ele>
      <time>2026-08-16T10:18:42Z</time>
      </trkpt>
      <trkpt lat="52.878688659807665" lon="14.200962846953859">
      <ele>6.2060631569474936</ele>
      <time>2026-08-16T10:18:43Z</time>
      </trkpt>
      <trkpt lat="52.878688659807665" lon="14.200962846953859">
      <ele>6.2060631569474936</ele>
      <time>2026-08-16T10:18:43Z</time>
      </trkpt>
      <trkpt lat="52.878586906948016" lon="14.200898248977076">
      <ele>6.074038656428456</ele>
      <time>2026-08-16T10:18:44Z</time>
      </trkpt>
      <trkpt lat="52.878586906948016" lon="14.200898248977076">
      <ele>6.074038656428456</ele>
      <time>2026-08-16T10:18:44Z</time>
      </trkpt>
      <trkpt lat="52.87847964876113" lon="14.200844093158564">
      <ele>5.888285931199789</ele>
      <time>2026-08-16T10:18:45Z</time>
      </trkpt>
      <trkpt lat="52.87847964876113" lon="14.200844093158564">
      <ele>5.888285931199789</ele>
      <time>2026-08-16T10:18:45Z</time>
      </trkpt>
      <trkpt lat="52.878369903811695" lon="14.20079368929704">
      <ele>5.875801207497716</ele>
      <time>2026-08-16T10:18:46Z</time>
      </trkpt>
      <trkpt lat="52.878369903811695" lon="14.20079368929704">
      <ele>5.875801207497716</ele>
      <time>2026-08-16T10:18:46Z</time>
      </trkpt>
      <trkpt lat="52.87825553261201" lon="14.200742917983105">
      <ele>5.966704801656306</ele>
      <time>2026-08-16T10:18:47Z</time>
      </trkpt>
      <trkpt lat="52.87825553261201" lon="14.200742917983105">
      <ele>5.966704801656306</ele>
      <time>2026-08-16T10:18:47Z</time>
      </trkpt>
      <trkpt lat="52.878139002146135" lon="14.20069852330537">
      <ele>5.837185638025403</ele>
      <time>2026-08-16T10:18:48Z</time>
      </trkpt>
      <trkpt lat="52.878139002146135" lon="14.20069852330537">
      <ele>5.837185638025403</ele>
      <time>2026-08-16T10:18:48Z</time>
      </trkpt>
      <trkpt lat="52.87802273776415" lon="14.200651971142854">
      <ele>5.64662048406899</ele>
      <time>2026-08-16T10:18:49Z</time>
      </trkpt>
      <trkpt lat="52.87802273776415" lon="14.200651971142854">
      <ele>5.64662048406899</ele>
      <time>2026-08-16T10:18:49Z</time>
      </trkpt>
      <trkpt lat="52.87790782351662" lon="14.200604033399552">
      <ele>5.501684702932835</ele>
      <time>2026-08-16T10:18:50Z</time>
      </trkpt>
      <trkpt lat="52.87790782351662" lon="14.200604033399552">
      <ele>5.501684702932835</ele>
      <time>2026-08-16T10:18:50Z</time>
      </trkpt>
      <trkpt lat="52.87779129481282" lon="14.200556779557072">
      <ele>5.369391717016697</ele>
      <time>2026-08-16T10:18:51Z</time>
      </trkpt>
      <trkpt lat="52.87779129481282" lon="14.200556779557072">
      <ele>5.369391717016697</ele>
      <time>2026-08-16T10:18:51Z</time>
      </trkpt>
      <trkpt lat="52.8776727716472" lon="14.200507469694413">
      <ele>5.291722211055458</ele>
      <time>2026-08-16T10:18:52Z</time>
      </trkpt>
      <trkpt lat="52.8776727716472" lon="14.200507469694413">
      <ele>5.291722211055458</ele>
      <time>2026-08-16T10:18:52Z</time>
      </trkpt>
      <trkpt lat="52.87755158779045" lon="14.200457265856196">
      <ele>5.300474379211664</ele>
      <time>2026-08-16T10:18:53Z</time>
      </trkpt>
      <trkpt lat="52.87755158779045" lon="14.200457265856196">
      <ele>5.300474379211664</ele>
      <time>2026-08-16T10:18:53Z</time>
      </trkpt>
      <trkpt lat="52.87742827177559" lon="14.20040072583089">
      <ele>5.414247000589967</ele>
      <time>2026-08-16T10:18:54Z</time>
      </trkpt>
      <trkpt lat="52.87742827177559" lon="14.20040072583089">
      <ele>5.414247000589967</ele>
      <time>2026-08-16T10:18:54Z</time>
      </trkpt>
      <trkpt lat="52.87729967595565" lon="14.200348466909892">
      <ele>5.6578888818621635</ele>
      <time>2026-08-16T10:18:55Z</time>
      </trkpt>
      <trkpt lat="52.87729967595565" lon="14.200348466909892">
      <ele>5.6578888818621635</ele>
      <time>2026-08-16T10:18:55Z</time>
      </trkpt>
      <trkpt lat="52.87716792599952" lon="14.200294972972406">
      <ele>5.765270476229489</ele>
      <time>2026-08-16T10:18:56Z</time>
      </trkpt>
      <trkpt lat="52.87716792599952" lon="14.200294972972406">
      <ele>5.765270476229489</ele>
      <time>2026-08-16T10:18:56Z</time>
      </trkpt>
      <trkpt lat="52.87703322914442" lon="14.200241856940849">
      <ele>5.809134319424629</ele>
      <time>2026-08-16T10:18:57Z</time>
      </trkpt>
      <trkpt lat="52.87703322914442" lon="14.200241856940849">
      <ele>5.809134319424629</ele>
      <time>2026-08-16T10:18:57Z</time>
      </trkpt>
      <trkpt lat="52.87689578328015" lon="14.200184588739358">
      <ele>5.987966945394874</ele>
      <time>2026-08-16T10:18:58Z</time>
      </trkpt>
      <trkpt lat="52.87689578328015" lon="14.200184588739358">
      <ele>5.987966945394874</ele>
      <time>2026-08-16T10:18:58Z</time>
      </trkpt>
      <trkpt lat="52.876754533030834" lon="14.20012905751826">
      <ele>6.104838437400758</ele>
      <time>2026-08-16T10:18:59Z</time>
      </trkpt>
      <trkpt lat="52.876754533030834" lon="14.20012905751826">
      <ele>6.104838437400758</ele>
      <time>2026-08-16T10:18:59Z</time>
      </trkpt>
      <trkpt lat="52.87661175627867" lon="14.200068911908822">
      <ele>6.191459150053561</ele>
      <time>2026-08-16T10:19:00Z</time>
      </trkpt>
      <trkpt lat="52.87661175627867" lon="14.200068911908822">
      <ele>6.191459150053561</ele>
      <time>2026-08-16T10:19:00Z</time>
      </trkpt>
      <trkpt lat="52.87646764818806" lon="14.200008646502102">
      <ele>6.082093485631049</ele>
      <time>2026-08-16T10:19:01Z</time>
      </trkpt>
      <trkpt lat="52.87646764818806" lon="14.200008646502102">
      <ele>6.082093485631049</ele>
      <time>2026-08-16T10:19:01Z</time>
      </trkpt>
      <trkpt lat="52.87632064391935" lon="14.199947988110516">
      <ele>6.343931299634278</ele>
      <time>2026-08-16T10:19:02Z</time>
      </trkpt>
      <trkpt lat="52.87632064391935" lon="14.199947988110516">
      <ele>6.343931299634278</ele>
      <time>2026-08-16T10:19:02Z</time>
      </trkpt>
      <trkpt lat="52.87617430542529" lon="14.19988905051884">
      <ele>6.371265176683664</ele>
      <time>2026-08-16T10:19:03Z</time>
      </trkpt>
      <trkpt lat="52.87617430542529" lon="14.19988905051884">
      <ele>6.371265176683664</ele>
      <time>2026-08-16T10:19:03Z</time>
      </trkpt>
      <trkpt lat="52.876027978904474" lon="14.199829881605451">
      <ele>6.378903008066118</ele>
      <time>2026-08-16T10:19:04Z</time>
      </trkpt>
      <trkpt lat="52.876027978904474" lon="14.199829881605451">
      <ele>6.378903008066118</ele>
      <time>2026-08-16T10:19:04Z</time>
      </trkpt>
      <trkpt lat="52.87588242810546" lon="14.199771583297595">
      <ele>6.276764963753521</ele>
      <time>2026-08-16T10:19:05Z</time>
      </trkpt>
      <trkpt lat="52.87588242810546" lon="14.199771583297595">
      <ele>6.276764963753521</ele>
      <time>2026-08-16T10:19:05Z</time>
      </trkpt>
      <trkpt lat="52.875732285676285" lon="14.199710121546048">
      <ele>6.675672669894993</ele>
      <time>2026-08-16T10:19:06Z</time>
      </trkpt>
      <trkpt lat="52.875732285676285" lon="14.199710121546048">
      <ele>6.675672669894993</ele>
      <time>2026-08-16T10:19:06Z</time>
      </trkpt>
      <trkpt lat="52.87558022159197" lon="14.199644992245945">
      <ele>6.605360777117312</ele>
      <time>2026-08-16T10:19:07Z</time>
      </trkpt>
      <trkpt lat="52.87558022159197" lon="14.199644992245945">
      <ele>6.605360777117312</ele>
      <time>2026-08-16T10:19:07Z</time>
      </trkpt>
      <trkpt lat="52.8754281843348" lon="14.199579664728404">
      <ele>6.502691727131605</ele>
      <time>2026-08-16T10:19:08Z</time>
      </trkpt>
      <trkpt lat="52.8754281843348" lon="14.199579664728404">
      <ele>6.502691727131605</ele>
      <time>2026-08-16T10:19:08Z</time>
      </trkpt>
      <trkpt lat="52.87527648625375" lon="14.199515265002846">
      <ele>6.739709683693945</ele>
      <time>2026-08-16T10:19:09Z</time>
      </trkpt>
      <trkpt lat="52.87527648625375" lon="14.199515265002846">
      <ele>6.739709683693945</ele>
      <time>2026-08-16T10:19:09Z</time>
      </trkpt>
      <trkpt lat="52.87512983361326" lon="14.199452820328393">
      <ele>6.788948940113187</ele>
      <time>2026-08-16T10:19:10Z</time>
      </trkpt>
      <trkpt lat="52.87512983361326" lon="14.199452820328393">
      <ele>6.788948940113187</ele>
      <time>2026-08-16T10:19:10Z</time>
      </trkpt>
      <trkpt lat="52.8749847841419" lon="14.199392796402789">
      <ele>6.923887277022004</ele>
      <time>2026-08-16T10:19:11Z</time>
      </trkpt>
      <trkpt lat="52.8749847841419" lon="14.199392796402789">
      <ele>6.923887277022004</ele>
      <time>2026-08-16T10:19:11Z</time>
      </trkpt>
      <trkpt lat="52.874845470195076" lon="14.199333652311442">
      <ele>7.0506823202595115</ele>
      <time>2026-08-16T10:19:12Z</time>
      </trkpt>
      <trkpt lat="52.874845470195076" lon="14.199333652311442">
      <ele>7.0506823202595115</ele>
      <time>2026-08-16T10:19:12Z</time>
      </trkpt>
      <trkpt lat="52.87470986470432" lon="14.199271817513589">
      <ele>6.958966069854796</ele>
      <time>2026-08-16T10:19:13Z</time>
      </trkpt>
      <trkpt lat="52.87470986470432" lon="14.199271817513589">
      <ele>6.958966069854796</ele>
      <time>2026-08-16T10:19:13Z</time>
      </trkpt>
      <trkpt lat="52.874573929059125" lon="14.19920224614196">
      <ele>7.359018659219146</ele>
      <time>2026-08-16T10:19:14Z</time>
      </trkpt>
      <trkpt lat="52.874573929059125" lon="14.19920224614196">
      <ele>7.359018659219146</ele>
      <time>2026-08-16T10:19:14Z</time>
      </trkpt>
      <trkpt lat="52.87443377309481" lon="14.199128821692533">
      <ele>7.287206754088402</ele>
      <time>2026-08-16T10:19:15Z</time>
      </trkpt>
      <trkpt lat="52.87443377309481" lon="14.199128821692533">
      <ele>7.287206754088402</ele>
      <time>2026-08-16T10:19:15Z</time>
      </trkpt>
      <trkpt lat="52.87429436809582" lon="14.199044441468281">
      <ele>7.490421949885786</ele>
      <time>2026-08-16T10:19:16Z</time>
      </trkpt>
      <trkpt lat="52.87429436809582" lon="14.199044441468281">
      <ele>7.490421949885786</ele>
      <time>2026-08-16T10:19:16Z</time>
      </trkpt>
      <trkpt lat="52.874155873412725" lon="14.19895392171248">
      <ele>7.316057741641998</ele>
      <time>2026-08-16T10:19:17Z</time>
      </trkpt>
      <trkpt lat="52.874155873412725" lon="14.19895392171248">
      <ele>7.316057741641998</ele>
      <time>2026-08-16T10:19:17Z</time>
      </trkpt>
      <trkpt lat="52.8740162014658" lon="14.19885071465156">
      <ele>7.2677800031378865</ele>
      <time>2026-08-16T10:19:18Z</time>
      </trkpt>
      <trkpt lat="52.8740162014658" lon="14.19885071465156">
      <ele>7.2677800031378865</ele>
      <time>2026-08-16T10:19:18Z</time>
      </trkpt>
      <trkpt lat="52.87387876742712" lon="14.198733077958218">
      <ele>7.3683346742764115</ele>
      <time>2026-08-16T10:19:19Z</time>
      </trkpt>
      <trkpt lat="52.87387876742712" lon="14.198733077958218">
      <ele>7.3683346742764115</ele>
      <time>2026-08-16T10:19:19Z</time>
      </trkpt>
      <trkpt lat="52.87374151786085" lon="14.198604146506817">
      <ele>7.26908509247005</ele>
      <time>2026-08-16T10:19:20Z</time>
      </trkpt>
      <trkpt lat="52.87374151786085" lon="14.198604146506817">
      <ele>7.26908509247005</ele>
      <time>2026-08-16T10:19:20Z</time>
      </trkpt>
      <trkpt lat="52.87360137230379" lon="14.198476414617838">
      <ele>7.280628222972155</ele>
      <time>2026-08-16T10:19:21Z</time>
      </trkpt>
      <trkpt lat="52.87360137230379" lon="14.198476414617838">
      <ele>7.280628222972155</ele>
      <time>2026-08-16T10:19:21Z</time>
      </trkpt>
      <trkpt lat="52.87346554338133" lon="14.198343284990157">
      <ele>6.989804065786302</ele>
      <time>2026-08-16T10:19:22Z</time>
      </trkpt>
      <trkpt lat="52.87346554338133" lon="14.198343284990157">
      <ele>6.989804065786302</ele>
      <time>2026-08-16T10:19:22Z</time>
      </trkpt>
      <trkpt lat="52.87332722976338" lon="14.198207065687004">
      <ele>6.731347833760083</ele>
      <time>2026-08-16T10:19:23Z</time>
      </trkpt>
      <trkpt lat="52.87332722976338" lon="14.198207065687004">
      <ele>6.731347833760083</ele>
      <time>2026-08-16T10:19:23Z</time>
      </trkpt>
      <trkpt lat="52.87319417312197" lon="14.198067064429361">
      <ele>6.7881227331236005</ele>
      <time>2026-08-16T10:19:24Z</time>
      </trkpt>
      <trkpt lat="52.87319417312197" lon="14.198067064429361">
      <ele>6.7881227331236005</ele>
      <time>2026-08-16T10:19:24Z</time>
      </trkpt>
      <trkpt lat="52.87305911895784" lon="14.197920331590227">
      <ele>6.812708298675716</ele>
      <time>2026-08-16T10:19:25Z</time>
      </trkpt>
      <trkpt lat="52.87305911895784" lon="14.197920331590227">
      <ele>6.812708298675716</ele>
      <time>2026-08-16T10:19:25Z</time>
      </trkpt>
      <trkpt lat="52.872925415498926" lon="14.197767712456903">
      <ele>6.796133846975863</ele>
      <time>2026-08-16T10:19:26Z</time>
      </trkpt>
      <trkpt lat="52.872925415498926" lon="14.197767712456903">
      <ele>6.796133846975863</ele>
      <time>2026-08-16T10:19:26Z</time>
      </trkpt>
      <trkpt lat="52.87279130749015" lon="14.197604266652938">
      <ele>7.0514537347480655</ele>
      <time>2026-08-16T10:19:27Z</time>
      </trkpt>
      <trkpt lat="52.87279130749015" lon="14.197604266652938">
      <ele>7.0514537347480655</ele>
      <time>2026-08-16T10:19:27Z</time>
      </trkpt>
      <trkpt lat="52.87265854729248" lon="14.197444314356362">
      <ele>6.059055405668914</ele>
      <time>2026-08-16T10:19:28Z</time>
      </trkpt>
      <trkpt lat="52.87265854729248" lon="14.197444314356362">
      <ele>6.059055405668914</ele>
      <time>2026-08-16T10:19:28Z</time>
      </trkpt>
      <trkpt lat="52.87252501342249" lon="14.19726578167385">
      <ele>6.57952206581831</ele>
      <time>2026-08-16T10:19:29Z</time>
      </trkpt>
      <trkpt lat="52.87252501342249" lon="14.19726578167385">
      <ele>6.57952206581831</ele>
      <time>2026-08-16T10:19:29Z</time>
      </trkpt>
      <trkpt lat="52.87239439042411" lon="14.197080551811302">
      <ele>6.264838753268123</ele>
      <time>2026-08-16T10:19:30Z</time>
      </trkpt>
      <trkpt lat="52.87239439042411" lon="14.197080551811302">
      <ele>6.264838753268123</ele>
      <time>2026-08-16T10:19:30Z</time>
      </trkpt>
      <trkpt lat="52.87226232383507" lon="14.196888751200092">
      <ele>6.248979572206736</ele>
      <time>2026-08-16T10:19:31Z</time>
      </trkpt>
      <trkpt lat="52.87226232383507" lon="14.196888751200092">
      <ele>6.248979572206736</ele>
      <time>2026-08-16T10:19:31Z</time>
      </trkpt>
      <trkpt lat="52.87214666764985" lon="14.196683589185481">
      <ele>6.196814808994532</ele>
      <time>2026-08-16T10:19:32Z</time>
      </trkpt>
      <trkpt lat="52.87214666764985" lon="14.196683589185481">
      <ele>6.196814808994532</ele>
      <time>2026-08-16T10:19:32Z</time>
      </trkpt>
      <trkpt lat="52.872024843077206" lon="14.196478193505923">
      <ele>6.243255126290023</ele>
      <time>2026-08-16T10:19:33Z</time>
      </trkpt>
      <trkpt lat="52.872024843077206" lon="14.196478193505923">
      <ele>6.243255126290023</ele>
      <time>2026-08-16T10:19:33Z</time>
      </trkpt>
      <trkpt lat="52.87190667197779" lon="14.196265334234905">
      <ele>6.138574734330177</ele>
      <time>2026-08-16T10:19:34Z</time>
      </trkpt>
      <trkpt lat="52.87190667197779" lon="14.196265334234905">
      <ele>6.138574734330177</ele>
      <time>2026-08-16T10:19:34Z</time>
      </trkpt>
      <trkpt lat="52.87178769193061" lon="14.196046423634002">
      <ele>6.178498523309827</ele>
      <time>2026-08-16T10:19:35Z</time>
      </trkpt>
      <trkpt lat="52.87178769193061" lon="14.196046423634002">
      <ele>6.178498523309827</ele>
      <time>2026-08-16T10:19:35Z</time>
      </trkpt>
      <trkpt lat="52.87167588439931" lon="14.195823790219494">
      <ele>6.0318855149671435</ele>
      <time>2026-08-16T10:19:36Z</time>
      </trkpt>
      <trkpt lat="52.87167588439931" lon="14.195823790219494">
      <ele>6.0318855149671435</ele>
      <time>2026-08-16T10:19:36Z</time>
      </trkpt>
      <trkpt lat="52.87156836914053" lon="14.195594601781895">
      <ele>5.737333194352686</ele>
      <time>2026-08-16T10:19:37Z</time>
      </trkpt>
      <trkpt lat="52.87156836914053" lon="14.195594601781895">
      <ele>5.737333194352686</ele>
      <time>2026-08-16T10:19:37Z</time>
      </trkpt>
      <trkpt lat="52.87146329164244" lon="14.195363981417902">
      <ele>5.695171539671719</ele>
      <time>2026-08-16T10:19:38Z</time>
      </trkpt>
      <trkpt lat="52.87146329164244" lon="14.195363981417902">
      <ele>5.695171539671719</ele>
      <time>2026-08-16T10:19:38Z</time>
      </trkpt>
      <trkpt lat="52.87136210227729" lon="14.19512584628639">
      <ele>5.6654833890497684</ele>
      <time>2026-08-16T10:19:39Z</time>
      </trkpt>
      <trkpt lat="52.87136210227729" lon="14.19512584628639">
      <ele>5.6654833890497684</ele>
      <time>2026-08-16T10:19:39Z</time>
      </trkpt>
      <trkpt lat="52.87125994919336" lon="14.19488818948688">
      <ele>5.603116972371936</ele>
      <time>2026-08-16T10:19:40Z</time>
      </trkpt>
      <trkpt lat="52.87125994919336" lon="14.19488818948688">
      <ele>5.603116972371936</ele>
      <time>2026-08-16T10:19:40Z</time>
      </trkpt>
      <trkpt lat="52.871157185239326" lon="14.194649355392876">
      <ele>5.617670901119709</ele>
      <time>2026-08-16T10:19:41Z</time>
      </trkpt>
      <trkpt lat="52.871157185239326" lon="14.194649355392876">
      <ele>5.617670901119709</ele>
      <time>2026-08-16T10:19:41Z</time>
      </trkpt>
      <trkpt lat="52.8710533187816" lon="14.194405481107156">
      <ele>5.328921385109425</ele>
      <time>2026-08-16T10:19:42Z</time>
      </trkpt>
      <trkpt lat="52.8710533187816" lon="14.194405481107156">
      <ele>5.328921385109425</ele>
      <time>2026-08-16T10:19:42Z</time>
      </trkpt>
      <trkpt lat="52.870949745518935" lon="14.194158033574514">
      <ele>5.245106277987361</ele>
      <time>2026-08-16T10:19:43Z</time>
      </trkpt>
      <trkpt lat="52.870949745518935" lon="14.194158033574514">
      <ele>5.245106277987361</ele>
      <time>2026-08-16T10:19:43Z</time>
      </trkpt>
      <trkpt lat="52.87084330177794" lon="14.193908696908057">
      <ele>5.267224298790097</ele>
      <time>2026-08-16T10:19:44Z</time>
      </trkpt>
      <trkpt lat="52.87084330177794" lon="14.193908696908057">
      <ele>5.267224298790097</ele>
      <time>2026-08-16T10:19:44Z</time>
      </trkpt>
      <trkpt lat="52.87073701421745" lon="14.193657542111948">
      <ele>5.060532905161381</ele>
      <time>2026-08-16T10:19:45Z</time>
      </trkpt>
      <trkpt lat="52.87073701421745" lon="14.193657542111948">
      <ele>5.060532905161381</ele>
      <time>2026-08-16T10:19:45Z</time>
      </trkpt>
      <trkpt lat="52.870626692458515" lon="14.193405728915687">
      <ele>5.014916940592229</ele>
      <time>2026-08-16T10:19:46Z</time>
      </trkpt>
      <trkpt lat="52.870626692458515" lon="14.193405728915687">
      <ele>5.014916940592229</ele>
      <time>2026-08-16T10:19:46Z</time>
      </trkpt>
      <trkpt lat="52.87052195402039" lon="14.193161681522495">
      <ele>4.6957880817353725</ele>
      <time>2026-08-16T10:19:47Z</time>
      </trkpt>
      <trkpt lat="52.87052195402039" lon="14.193161681522495">
      <ele>4.6957880817353725</ele>
      <time>2026-08-16T10:19:47Z</time>
      </trkpt>
      <trkpt lat="52.870412311620406" lon="14.192907953975277">
      <ele>4.727936260402203</ele>
      <time>2026-08-16T10:19:48Z</time>
      </trkpt>
      <trkpt lat="52.870412311620406" lon="14.192907953975277">
      <ele>4.727936260402203</ele>
      <time>2026-08-16T10:19:48Z</time>
      </trkpt>
      <trkpt lat="52.87029919219452" lon="14.192659945536784">
      <ele>4.538495007902384</ele>
      <time>2026-08-16T10:19:49Z</time>
      </trkpt>
      <trkpt lat="52.87029919219452" lon="14.192659945536784">
      <ele>4.538495007902384</ele>
      <time>2026-08-16T10:19:49Z</time>
      </trkpt>
      <trkpt lat="52.870193891887986" lon="14.192392666357673">
      <ele>4.532451690174639</ele>
      <time>2026-08-16T10:19:50Z</time>
      </trkpt>
      <trkpt lat="52.870193891887986" lon="14.192392666357673">
      <ele>4.532451690174639</ele>
      <time>2026-08-16T10:19:50Z</time>
      </trkpt>
      <trkpt lat="52.87008686551308" lon="14.192123494099878">
      <ele>4.200366756878793</ele>
      <time>2026-08-16T10:19:51Z</time>
      </trkpt>
      <trkpt lat="52.87008686551308" lon="14.192123494099878">
      <ele>4.200366756878793</ele>
      <time>2026-08-16T10:19:51Z</time>
      </trkpt>
      <trkpt lat="52.86996223468078" lon="14.191860879592012">
      <ele>3.8770705657079816</ele>
      <time>2026-08-16T10:19:52Z</time>
      </trkpt>
      <trkpt lat="52.86996223468078" lon="14.191860879592012">
      <ele>3.8770705657079816</ele>
      <time>2026-08-16T10:19:52Z</time>
      </trkpt>
      <trkpt lat="52.86984468525543" lon="14.19159643683674">
      <ele>3.7113513611257076</ele>
      <time>2026-08-16T10:19:53Z</time>
      </trkpt>
      <trkpt lat="52.86984468525543" lon="14.19159643683674">
      <ele>3.7113513611257076</ele>
      <time>2026-08-16T10:19:53Z</time>
      </trkpt>
      <trkpt lat="52.869716273752545" lon="14.1913364676651">
      <ele>3.9834974836558104</ele>
      <time>2026-08-16T10:19:54Z</time>
      </trkpt>
      <trkpt lat="52.869716273752545" lon="14.1913364676651">
      <ele>3.9834974836558104</ele>
      <time>2026-08-16T10:19:54Z</time>
      </trkpt>
      <trkpt lat="52.86961631505646" lon="14.191050053603947">
      <ele>4.803417949937284</ele>
      <time>2026-08-16T10:19:55Z</time>
      </trkpt>
      <trkpt lat="52.86961631505646" lon="14.191050053603947">
      <ele>4.803417949937284</ele>
      <time>2026-08-16T10:19:55Z</time>
      </trkpt>
      <trkpt lat="52.869512051600445" lon="14.190792938183339">
      <ele>4.561113120056689</ele>
      <time>2026-08-16T10:19:56Z</time>
      </trkpt>
      <trkpt lat="52.869512051600445" lon="14.190792938183339">
      <ele>4.561113120056689</ele>
      <time>2026-08-16T10:19:56Z</time>
      </trkpt>
      <trkpt lat="52.869416998282645" lon="14.190541370716241">
      <ele>4.691361367702484</ele>
      <time>2026-08-16T10:19:57Z</time>
      </trkpt>
      <trkpt lat="52.869416998282645" lon="14.190541370716241">
      <ele>4.691361367702484</ele>
      <time>2026-08-16T10:19:57Z</time>
      </trkpt>
      <trkpt lat="52.86929597222971" lon="14.190280382919395">
      <ele>4.702642869204283</ele>
      <time>2026-08-16T10:19:58Z</time>
      </trkpt>
      <trkpt lat="52.86929597222971" lon="14.190280382919395">
      <ele>4.702642869204283</ele>
      <time>2026-08-16T10:19:58Z</time>
      </trkpt>
      <trkpt lat="52.8691821996451" lon="14.190032583949588">
      <ele>5.452731571160257</ele>
      <time>2026-08-16T10:19:59Z</time>
      </trkpt>
      <trkpt lat="52.8691821996451" lon="14.190032583949588">
      <ele>5.452731571160257</ele>
      <time>2026-08-16T10:19:59Z</time>
      </trkpt>
      <trkpt lat="52.86908378123872" lon="14.189761282619628">
      <ele>6.107572861015797</ele>
      <time>2026-08-16T10:20:00Z</time>
      </trkpt>
      <trkpt lat="52.86908378123872" lon="14.189761282619628">
      <ele>6.107572861015797</ele>
      <time>2026-08-16T10:20:00Z</time>
      </trkpt>
      <trkpt lat="52.86895685522529" lon="14.18951835137006">
      <ele>5.4222703613340855</ele>
      <time>2026-08-16T10:20:01Z</time>
      </trkpt>
      <trkpt lat="52.86895685522529" lon="14.18951835137006">
      <ele>5.4222703613340855</ele>
      <time>2026-08-16T10:20:01Z</time>
      </trkpt>
      <trkpt lat="52.868852154923246" lon="14.189247434830255">
      <ele>5.201553414575756</ele>
      <time>2026-08-16T10:20:02Z</time>
      </trkpt>
      <trkpt lat="52.868852154923246" lon="14.189247434830255">
      <ele>5.201553414575756</ele>
      <time>2026-08-16T10:20:02Z</time>
      </trkpt>
      <trkpt lat="52.868739523095975" lon="14.189001748322273">
      <ele>5.703989023342729</ele>
      <time>2026-08-16T10:20:03Z</time>
      </trkpt>
      <trkpt lat="52.868739523095975" lon="14.189001748322273">
      <ele>5.703989023342729</ele>
      <time>2026-08-16T10:20:03Z</time>
      </trkpt>
      <trkpt lat="52.86862906215066" lon="14.188741272279323">
      <ele>4.797958971001208</ele>
      <time>2026-08-16T10:20:04Z</time>
      </trkpt>
      <trkpt lat="52.86862906215066" lon="14.188741272279323">
      <ele>4.797958971001208</ele>
      <time>2026-08-16T10:20:04Z</time>
      </trkpt>
      <trkpt lat="52.86853277282627" lon="14.188495007459336">
      <ele>5.17497721966356</ele>
      <time>2026-08-16T10:20:05Z</time>
      </trkpt>
      <trkpt lat="52.86853277282627" lon="14.188495007459336">
      <ele>5.17497721966356</ele>
      <time>2026-08-16T10:20:05Z</time>
      </trkpt>
      <trkpt lat="52.8684136044189" lon="14.188213403264736">
      <ele>4.705964369699359</ele>
      <time>2026-08-16T10:20:06Z</time>
      </trkpt>
      <trkpt lat="52.8684136044189" lon="14.188213403264736">
      <ele>4.705964369699359</ele>
      <time>2026-08-16T10:20:06Z</time>
      </trkpt>
      <trkpt lat="52.86828893454379" lon="14.187950267022725">
      <ele>4.767962944693863</ele>
      <time>2026-08-16T10:20:07Z</time>
      </trkpt>
      <trkpt lat="52.86828893454379" lon="14.187950267022725">
      <ele>4.767962944693863</ele>
      <time>2026-08-16T10:20:07Z</time>
      </trkpt>
      <trkpt lat="52.86817906476438" lon="14.187687500812403">
      <ele>5.008130402304232</ele>
      <time>2026-08-16T10:20:08Z</time>
      </trkpt>
      <trkpt lat="52.86817906476438" lon="14.187687500812403">
      <ele>5.008130402304232</ele>
      <time>2026-08-16T10:20:08Z</time>
      </trkpt>
      <trkpt lat="52.868069092880795" lon="14.187428236073387">
      <ele>5.158415134064853</ele>
      <time>2026-08-16T10:20:09Z</time>
      </trkpt>
      <trkpt lat="52.868069092880795" lon="14.187428236073387">
      <ele>5.158415134064853</ele>
      <time>2026-08-16T10:20:09Z</time>
      </trkpt>
      <trkpt lat="52.8679590460186" lon="14.187175509063572">
      <ele>5.684489190578461</ele>
      <time>2026-08-16T10:20:10Z</time>
      </trkpt>
      <trkpt lat="52.8679590460186" lon="14.187175509063572">
      <ele>5.684489190578461</ele>
      <time>2026-08-16T10:20:10Z</time>
      </trkpt>
      <trkpt lat="52.86784445500042" lon="14.18692278077978">
      <ele>5.8601069478318095</ele>
      <time>2026-08-16T10:20:11Z</time>
      </trkpt>
      <trkpt lat="52.86784445500042" lon="14.18692278077978">
      <ele>5.8601069478318095</ele>
      <time>2026-08-16T10:20:11Z</time>
      </trkpt>
      <trkpt lat="52.86772634107459" lon="14.186674815805207">
      <ele>5.7796155121177435</ele>
      <time>2026-08-16T10:20:12Z</time>
      </trkpt>
      <trkpt lat="52.86772634107459" lon="14.186674815805207">
      <ele>5.7796155121177435</ele>
      <time>2026-08-16T10:20:12Z</time>
      </trkpt>
      <trkpt lat="52.86760102553575" lon="14.186441143251423">
      <ele>6.16734834574163</ele>
      <time>2026-08-16T10:20:13Z</time>
      </trkpt>
      <trkpt lat="52.86760102553575" lon="14.186441143251423">
      <ele>6.16734834574163</ele>
      <time>2026-08-16T10:20:13Z</time>
      </trkpt>
      <trkpt lat="52.86747319715294" lon="14.186197418767923">
      <ele>5.90578737296164</ele>
      <time>2026-08-16T10:20:14Z</time>
      </trkpt>
      <trkpt lat="52.86747319715294" lon="14.186197418767923">
      <ele>5.90578737296164</ele>
      <time>2026-08-16T10:20:14Z</time>
      </trkpt>
      <trkpt lat="52.86734218238672" lon="14.185946280731402">
      <ele>6.323743655346334</ele>
      <time>2026-08-16T10:20:15Z</time>
      </trkpt>
      <trkpt lat="52.86734218238672" lon="14.185946280731402">
      <ele>6.323743655346334</ele>
      <time>2026-08-16T10:20:15Z</time>
      </trkpt>
      <trkpt lat="52.86720333203295" lon="14.18570155626574">
      <ele>5.881571729667485</ele>
      <time>2026-08-16T10:20:16Z</time>
      </trkpt>
      <trkpt lat="52.86720333203295" lon="14.18570155626574">
      <ele>5.881571729667485</ele>
      <time>2026-08-16T10:20:16Z</time>
      </trkpt>
      <trkpt lat="52.867077263688" lon="14.185451864813116">
      <ele>5.599982615560293</ele>
      <time>2026-08-16T10:20:17Z</time>
      </trkpt>
      <trkpt lat="52.867077263688" lon="14.185451864813116">
      <ele>5.599982615560293</ele>
      <time>2026-08-16T10:20:17Z</time>
      </trkpt>
      <trkpt lat="52.86694795934953" lon="14.185174726954335">
      <ele>5.000576842576265</ele>
      <time>2026-08-16T10:20:18Z</time>
      </trkpt>
      <trkpt lat="52.86694795934953" lon="14.185174726954335">
      <ele>5.000576842576265</ele>
      <time>2026-08-16T10:20:18Z</time>
      </trkpt>
      <trkpt lat="52.866825792761155" lon="14.184941285980736">
      <ele>5.199339787475765</ele>
      <time>2026-08-16T10:20:18Z</time>
      </trkpt>
      <trkpt lat="52.866825792761155" lon="14.184941285980736">
      <ele>5.199339787475765</ele>
      <time>2026-08-16T10:20:18Z</time>
      </trkpt>
      <trkpt lat="52.86669201269735" lon="14.184687319893778">
      <ele>5.2185206059366465</ele>
      <time>2026-08-16T10:20:19Z</time>
      </trkpt>
      <trkpt lat="52.86669201269735" lon="14.184687319893778">
      <ele>5.2185206059366465</ele>
      <time>2026-08-16T10:20:19Z</time>
      </trkpt>
      <trkpt lat="52.866559551555376" lon="14.184438409384356">
      <ele>5.3004234675318</ele>
      <time>2026-08-16T10:20:20Z</time>
      </trkpt>
      <trkpt lat="52.866559551555376" lon="14.184438409384356">
      <ele>5.3004234675318</ele>
      <time>2026-08-16T10:20:20Z</time>
      </trkpt>
      <trkpt lat="52.86642540187635" lon="14.184195331332319">
      <ele>5.139778337441385</ele>
      <time>2026-08-16T10:20:21Z</time>
      </trkpt>
      <trkpt lat="52.86642540187635" lon="14.184195331332319">
      <ele>5.139778337441385</ele>
      <time>2026-08-16T10:20:21Z</time>
      </trkpt>
      <trkpt lat="52.86629039314454" lon="14.183951870026135">
      <ele>5.03018185403198</ele>
      <time>2026-08-16T10:20:23Z</time>
      </trkpt>
      <trkpt lat="52.86629039314454" lon="14.183951870026135">
      <ele>5.03018185403198</ele>
      <time>2026-08-16T10:20:23Z</time>
      </trkpt>
      <trkpt lat="52.86615521532939" lon="14.183705658050581">
      <ele>5.016317537985742</ele>
      <time>2026-08-16T10:20:24Z</time>
      </trkpt>
      <trkpt lat="52.86615521532939" lon="14.183705658050581">
      <ele>5.016317537985742</ele>
      <time>2026-08-16T10:20:24Z</time>
      </trkpt>
      <trkpt lat="52.866017414602354" lon="14.18345931090148">
      <ele>5.0007149102166295</ele>
      <time>2026-08-16T10:20:25Z</time>
      </trkpt>
      <trkpt lat="52.866017414602354" lon="14.18345931090148">
      <ele>5.0007149102166295</ele>
      <time>2026-08-16T10:20:25Z</time>
      </trkpt>
      <trkpt lat="52.86587937515159" lon="14.183221813356614">
      <ele>5.214990712702274</ele>
      <time>2026-08-16T10:20:26Z</time>
      </trkpt>
      <trkpt lat="52.86587937515159" lon="14.183221813356614">
      <ele>5.214990712702274</ele>
      <time>2026-08-16T10:20:26Z</time>
      </trkpt>
      <trkpt lat="52.86574090929488" lon="14.182994194790973">
      <ele>5.17753954231739</ele>
      <time>2026-08-16T10:20:27Z</time>
      </trkpt>
      <trkpt lat="52.86574090929488" lon="14.182994194790973">
      <ele>5.17753954231739</ele>
      <time>2026-08-16T10:20:27Z</time>
      </trkpt>
      <trkpt lat="52.865601765808016" lon="14.182769779394551">
      <ele>5.267917100340128</ele>
      <time>2026-08-16T10:20:28Z</time>
      </trkpt>
      <trkpt lat="52.865601765808016" lon="14.182769779394551">
      <ele>5.267917100340128</ele>
      <time>2026-08-16T10:20:28Z</time>
      </trkpt>
      <trkpt lat="52.86545905534869" lon="14.182547673715527">
      <ele>5.459350531920791</ele>
      <time>2026-08-16T10:20:29Z</time>
      </trkpt>
      <trkpt lat="52.86545905534869" lon="14.182547673715527">
      <ele>5.459350531920791</ele>
      <time>2026-08-16T10:20:29Z</time>
      </trkpt>
      <trkpt lat="52.86531163648588" lon="14.182327548293673">
      <ele>5.302902630530298</ele>
      <time>2026-08-16T10:20:30Z</time>
      </trkpt>
      <trkpt lat="52.86531163648588" lon="14.182327548293673">
      <ele>5.302902630530298</ele>
      <time>2026-08-16T10:20:30Z</time>
      </trkpt>
      <trkpt lat="52.865158668674546" lon="14.182114261632911">
      <ele>5.235739804804325</ele>
      <time>2026-08-16T10:20:31Z</time>
      </trkpt>
      <trkpt lat="52.865158668674546" lon="14.182114261632911">
      <ele>5.235739804804325</ele>
      <time>2026-08-16T10:20:31Z</time>
      </trkpt>
      <trkpt lat="52.86500243609378" lon="14.181903207788972">
      <ele>5.063367090187967</ele>
      <time>2026-08-16T10:20:32Z</time>
      </trkpt>
      <trkpt lat="52.86500243609378" lon="14.181903207788972">
      <ele>5.063367090187967</ele>
      <time>2026-08-16T10:20:32Z</time>
      </trkpt>
      <trkpt lat="52.86484458787845" lon="14.181695319379092">
      <ele>5.096693001687527</ele>
      <time>2026-08-16T10:20:33Z</time>
      </trkpt>
      <trkpt lat="52.86484458787845" lon="14.181695319379092">
      <ele>5.096693001687527</ele>
      <time>2026-08-16T10:20:33Z</time>
      </trkpt>
      <trkpt lat="52.864681436300714" lon="14.181495379227645">
      <ele>5.020122468471527</ele>
      <time>2026-08-16T10:20:34Z</time>
      </trkpt>
      <trkpt lat="52.864681436300714" lon="14.181495379227645">
      <ele>5.020122468471527</ele>
      <time>2026-08-16T10:20:34Z</time>
      </trkpt>
      <trkpt lat="52.86451607441497" lon="14.181302769019982">
      <ele>4.920433517545462</ele>
      <time>2026-08-16T10:20:35Z</time>
      </trkpt>
      <trkpt lat="52.86451607441497" lon="14.181302769019982">
      <ele>4.920433517545462</ele>
      <time>2026-08-16T10:20:35Z</time>
      </trkpt>
      <trkpt lat="52.86434736390328" lon="14.1811127395388">
      <ele>4.8883989518508315</ele>
      <time>2026-08-16T10:20:36Z</time>
      </trkpt>
      <trkpt lat="52.86434736390328" lon="14.1811127395388">
      <ele>4.8883989518508315</ele>
      <time>2026-08-16T10:20:36Z</time>
      </trkpt>
      <trkpt lat="52.86417412523303" lon="14.180929583154608">
      <ele>4.87233295943588</ele>
      <time>2026-08-16T10:20:37Z</time>
      </trkpt>
      <trkpt lat="52.86417412523303" lon="14.180929583154608">
      <ele>4.87233295943588</ele>
      <time>2026-08-16T10:20:37Z</time>
      </trkpt>
      <trkpt lat="52.8639991521397" lon="14.180750033325312">
      <ele>4.983964619226754</ele>
      <time>2026-08-16T10:20:38Z</time>
      </trkpt>
      <trkpt lat="52.8639991521397" lon="14.180750033325312">
      <ele>4.983964619226754</ele>
      <time>2026-08-16T10:20:38Z</time>
      </trkpt>
      <trkpt lat="52.86382285970376" lon="14.180574028351717">
      <ele>4.806707984767854</ele>
      <time>2026-08-16T10:20:39Z</time>
      </trkpt>
      <trkpt lat="52.86382285970376" lon="14.180574028351717">
      <ele>4.806707984767854</ele>
      <time>2026-08-16T10:20:39Z</time>
      </trkpt>
      <trkpt lat="52.863646456291384" lon="14.180408649942581">
      <ele>4.520342751406133</ele>
      <time>2026-08-16T10:20:40Z</time>
      </trkpt>
      <trkpt lat="52.863646456291384" lon="14.180408649942581">
      <ele>4.520342751406133</ele>
      <time>2026-08-16T10:20:40Z</time>
      </trkpt>
      <trkpt lat="52.863468712323474" lon="14.180238966275082">
      <ele>4.553912376984954</ele>
      <time>2026-08-16T10:20:41Z</time>
      </trkpt>
      <trkpt lat="52.863468712323474" lon="14.180238966275082">
      <ele>4.553912376984954</ele>
      <time>2026-08-16T10:20:41Z</time>
      </trkpt>
      <trkpt lat="52.863292150793626" lon="14.180070329227677">
      <ele>4.614359124563634</ele>
      <time>2026-08-16T10:20:42Z</time>
      </trkpt>
      <trkpt lat="52.863292150793626" lon="14.180070329227677">
      <ele>4.614359124563634</ele>
      <time>2026-08-16T10:20:42Z</time>
      </trkpt>
      <trkpt lat="52.863115089649504" lon="14.179901701923528">
      <ele>4.6085684997960925</ele>
      <time>2026-08-16T10:20:43Z</time>
      </trkpt>
      <trkpt lat="52.863115089649504" lon="14.179901701923528">
      <ele>4.6085684997960925</ele>
      <time>2026-08-16T10:20:43Z</time>
      </trkpt>
      <trkpt lat="52.86293925319121" lon="14.17973759995962">
      <ele>4.635111483745277</ele>
      <time>2026-08-16T10:20:44Z</time>
      </trkpt>
      <trkpt lat="52.86293925319121" lon="14.17973759995962">
      <ele>4.635111483745277</ele>
      <time>2026-08-16T10:20:44Z</time>
      </trkpt>
      <trkpt lat="52.86276687705772" lon="14.179578359978088">
      <ele>4.43748380895704</ele>
      <time>2026-08-16T10:20:45Z</time>
      </trkpt>
      <trkpt lat="52.86276687705772" lon="14.179578359978088">
      <ele>4.43748380895704</ele>
      <time>2026-08-16T10:20:45Z</time>
      </trkpt>
      <trkpt lat="52.86259953253937" lon="14.17941836626863">
      <ele>4.473395477049053</ele>
      <time>2026-08-16T10:20:46Z</time>
      </trkpt>
      <trkpt lat="52.86259953253937" lon="14.17941836626863">
      <ele>4.473395477049053</ele>
      <time>2026-08-16T10:20:46Z</time>
      </trkpt>
      <trkpt lat="52.862436661113954" lon="14.179256538198564">
      <ele>4.501613052561879</ele>
      <time>2026-08-16T10:20:47Z</time>
      </trkpt>
      <trkpt lat="52.862436661113954" lon="14.179256538198564">
      <ele>4.501613052561879</ele>
      <time>2026-08-16T10:20:47Z</time>
      </trkpt>
      <trkpt lat="52.862274716609676" lon="14.179083670936834">
      <ele>4.376390871591866</ele>
      <time>2026-08-16T10:20:48Z</time>
      </trkpt>
      <trkpt lat="52.862274716609676" lon="14.179083670936834">
      <ele>4.376390871591866</ele>
      <time>2026-08-16T10:20:48Z</time>
      </trkpt>
      <trkpt lat="52.86211706286672" lon="14.17890005390343">
      <ele>4.456317289732397</ele>
      <time>2026-08-16T10:20:49Z</time>
      </trkpt>
      <trkpt lat="52.86211706286672" lon="14.17890005390343">
      <ele>4.456317289732397</ele>
      <time>2026-08-16T10:20:49Z</time>
      </trkpt>
      <trkpt lat="52.86196551498099" lon="14.178709494129377">
      <ele>4.361501042731106</ele>
      <time>2026-08-16T10:20:50Z</time>
      </trkpt>
      <trkpt lat="52.86196551498099" lon="14.178709494129377">
      <ele>4.361501042731106</ele>
      <time>2026-08-16T10:20:50Z</time>
      </trkpt>
      <trkpt lat="52.86182002504105" lon="14.178502210865611">
      <ele>4.6935143349692225</ele>
      <time>2026-08-16T10:20:51Z</time>
      </trkpt>
      <trkpt lat="52.86182002504105" lon="14.178502210865611">
      <ele>4.6935143349692225</ele>
      <time>2026-08-16T10:20:51Z</time>
      </trkpt>
      <trkpt lat="52.861679890884936" lon="14.17828819572843">
      <ele>4.959834875538945</ele>
      <time>2026-08-16T10:20:52Z</time>
      </trkpt>
      <trkpt lat="52.861679890884936" lon="14.17828819572843">
      <ele>4.959834875538945</ele>
      <time>2026-08-16T10:20:52Z</time>
      </trkpt>
      <trkpt lat="52.86154350788176" lon="14.178064022799752">
      <ele>5.19377177208662</ele>
      <time>2026-08-16T10:20:53Z</time>
      </trkpt>
      <trkpt lat="52.86154350788176" lon="14.178064022799752">
      <ele>5.19377177208662</ele>
      <time>2026-08-16T10:20:53Z</time>
      </trkpt>
      <trkpt lat="52.861412837708286" lon="14.17782882831214">
      <ele>5.44030636548996</ele>
      <time>2026-08-16T10:20:54Z</time>
      </trkpt>
      <trkpt lat="52.861412837708286" lon="14.17782882831214">
      <ele>5.44030636548996</ele>
      <time>2026-08-16T10:20:54Z</time>
      </trkpt>
      <trkpt lat="52.86128847943127" lon="14.17758934495062">
      <ele>5.547347419895232</ele>
      <time>2026-08-16T10:20:55Z</time>
      </trkpt>
      <trkpt lat="52.86128847943127" lon="14.17758934495062">
      <ele>5.547347419895232</ele>
      <time>2026-08-16T10:20:55Z</time>
      </trkpt>
      <trkpt lat="52.86116906583963" lon="14.177346680867153">
      <ele>5.6845118114724755</ele>
      <time>2026-08-16T10:20:56Z</time>
      </trkpt>
      <trkpt lat="52.86116906583963" lon="14.177346680867153">
      <ele>5.6845118114724755</ele>
      <time>2026-08-16T10:20:56Z</time>
      </trkpt>
      <trkpt lat="52.861052794582314" lon="14.177101797261944">
      <ele>5.89914589188993</ele>
      <time>2026-08-16T10:20:57Z</time>
      </trkpt>
      <trkpt lat="52.861052794582314" lon="14.177101797261944">
      <ele>5.89914589188993</ele>
      <time>2026-08-16T10:20:57Z</time>
      </trkpt>
      <trkpt lat="52.86093954766577" lon="14.176851458939398">
      <ele>5.746742718853056</ele>
      <time>2026-08-16T10:20:58Z</time>
      </trkpt>
      <trkpt lat="52.86093954766577" lon="14.176851458939398">
      <ele>5.746742718853056</ele>
      <time>2026-08-16T10:20:58Z</time>
      </trkpt>
      <trkpt lat="52.860826018993045" lon="14.176605432934107">
      <ele>5.74858926795423</ele>
      <time>2026-08-16T10:20:59Z</time>
      </trkpt>
      <trkpt lat="52.860826018993045" lon="14.176605432934107">
      <ele>5.74858926795423</ele>
      <time>2026-08-16T10:20:59Z</time>
      </trkpt>
      <trkpt lat="52.86071439984144" lon="14.176362641758253">
      <ele>5.74748485442251</ele>
      <time>2026-08-16T10:21:00Z</time>
      </trkpt>
      <trkpt lat="52.86071439984144" lon="14.176362641758253">
      <ele>5.74748485442251</ele>
      <time>2026-08-16T10:21:00Z</time>
      </trkpt>
      <trkpt lat="52.86060435890368" lon="14.176124183613776">
      <ele>5.730393888428807</ele>
      <time>2026-08-16T10:21:01Z</time>
      </trkpt>
      <trkpt lat="52.86060435890368" lon="14.176124183613776">
      <ele>5.730393888428807</ele>
      <time>2026-08-16T10:21:01Z</time>
      </trkpt>
      <trkpt lat="52.860496829160915" lon="14.17589271091127">
      <ele>5.677929061464965</ele>
      <time>2026-08-16T10:21:02Z</time>
      </trkpt>
      <trkpt lat="52.860496829160915" lon="14.17589271091127">
      <ele>5.677929061464965</ele>
      <time>2026-08-16T10:21:02Z</time>
      </trkpt>
      <trkpt lat="52.860392102323935" lon="14.175663245599795">
      <ele>5.711562116630375</ele>
      <time>2026-08-16T10:21:03Z</time>
      </trkpt>
      <trkpt lat="52.860392102323935" lon="14.175663245599795">
      <ele>5.711562116630375</ele>
      <time>2026-08-16T10:21:03Z</time>
      </trkpt>
      <trkpt lat="52.86028679974786" lon="14.175436079862537">
      <ele>5.68975754827261</ele>
      <time>2026-08-16T10:21:04Z</time>
      </trkpt>
      <trkpt lat="52.86028679974786" lon="14.175436079862537">
      <ele>5.68975754827261</ele>
      <time>2026-08-16T10:21:04Z</time>
      </trkpt>
      <trkpt lat="52.86017995655985" lon="14.175206758022536">
      <ele>5.754087093286216</ele>
      <time>2026-08-16T10:21:05Z</time>
      </trkpt>
      <trkpt lat="52.86017995655985" lon="14.175206758022536">
      <ele>5.754087093286216</ele>
      <time>2026-08-16T10:21:05Z</time>
      </trkpt>
      <trkpt lat="52.860073997586" lon="14.174975163197866">
      <ele>6.001605589874089</ele>
      <time>2026-08-16T10:21:06Z</time>
      </trkpt>
      <trkpt lat="52.860073997586" lon="14.174975163197866">
      <ele>6.001605589874089</ele>
      <time>2026-08-16T10:21:06Z</time>
      </trkpt>
      <trkpt lat="52.85996733446287" lon="14.174742617607357">
      <ele>5.867766950279474</ele>
      <time>2026-08-16T10:21:07Z</time>
      </trkpt>
      <trkpt lat="52.85996733446287" lon="14.174742617607357">
      <ele>5.867766950279474</ele>
      <time>2026-08-16T10:21:07Z</time>
      </trkpt>
      <trkpt lat="52.859861366948586" lon="14.17451170736476">
      <ele>5.99238954950124</ele>
      <time>2026-08-16T10:21:08Z</time>
      </trkpt>
      <trkpt lat="52.859861366948586" lon="14.17451170736476">
      <ele>5.99238954950124</ele>
      <time>2026-08-16T10:21:08Z</time>
      </trkpt>
      <trkpt lat="52.85975720825109" lon="14.17428693586195">
      <ele>5.79885567445308</ele>
      <time>2026-08-16T10:21:09Z</time>
      </trkpt>
      <trkpt lat="52.85975720825109" lon="14.17428693586195">
      <ele>5.79885567445308</ele>
      <time>2026-08-16T10:21:09Z</time>
      </trkpt>
      <trkpt lat="52.859656366863724" lon="14.174055143549312">
      <ele>6.117271692492068</ele>
      <time>2026-08-16T10:21:10Z</time>
      </trkpt>
      <trkpt lat="52.859656366863724" lon="14.174055143549312">
      <ele>6.117271692492068</ele>
      <time>2026-08-16T10:21:10Z</time>
      </trkpt>
      <trkpt lat="52.85955560206339" lon="14.173823993989293">
      <ele>6.087300199083984</ele>
      <time>2026-08-16T10:21:11Z</time>
      </trkpt>
      <trkpt lat="52.85955560206339" lon="14.173823993989293">
      <ele>6.087300199083984</ele>
      <time>2026-08-16T10:21:11Z</time>
      </trkpt>
      <trkpt lat="52.85945594678895" lon="14.173588978301689">
      <ele>6.083205312490463</ele>
      <time>2026-08-16T10:21:12Z</time>
      </trkpt>
      <trkpt lat="52.85945594678895" lon="14.173588978301689">
      <ele>6.083205312490463</ele>
      <time>2026-08-16T10:21:12Z</time>
      </trkpt>
      <trkpt lat="52.85936187353118" lon="14.173348939649541">
      <ele>6.483828799799085</ele>
      <time>2026-08-16T10:21:13Z</time>
      </trkpt>
      <trkpt lat="52.85936187353118" lon="14.173348939649541">
      <ele>6.483828799799085</ele>
      <time>2026-08-16T10:21:13Z</time>
      </trkpt>
      <trkpt lat="52.85927181237377" lon="14.173121453225653">
      <ele>6.381199807859957</ele>
      <time>2026-08-16T10:21:14Z</time>
      </trkpt>
      <trkpt lat="52.85927181237377" lon="14.173121453225653">
      <ele>6.381199807859957</ele>
      <time>2026-08-16T10:21:14Z</time>
      </trkpt>
      <trkpt lat="52.85918395347031" lon="14.172893246839102">
      <ele>6.316264667548239</ele>
      <time>2026-08-16T10:21:15Z</time>
      </trkpt>
      <trkpt lat="52.85918395347031" lon="14.172893246839102">
      <ele>6.316264667548239</ele>
      <time>2026-08-16T10:21:15Z</time>
      </trkpt>
      <trkpt lat="52.85909948390928" lon="14.1726696663354">
      <ele>6.453279346227646</ele>
      <time>2026-08-16T10:21:16Z</time>
      </trkpt>
      <trkpt lat="52.85909948390928" lon="14.1726696663354">
      <ele>6.453279346227646</ele>
      <time>2026-08-16T10:21:16Z</time>
      </trkpt>
      <trkpt lat="52.85901813268041" lon="14.172438192706545">
      <ele>6.279099187813699</ele>
      <time>2026-08-16T10:21:17Z</time>
      </trkpt>
      <trkpt lat="52.85901813268041" lon="14.172438192706545">
      <ele>6.279099187813699</ele>
      <time>2026-08-16T10:21:17Z</time>
      </trkpt>
      <trkpt lat="52.85893811844748" lon="14.172195880317837">
      <ele>6.4648202527314425</ele>
      <time>2026-08-16T10:21:18Z</time>
      </trkpt>
      <trkpt lat="52.85893811844748" lon="14.172195880317837">
      <ele>6.4648202527314425</ele>
      <time>2026-08-16T10:21:18Z</time>
      </trkpt>
      <trkpt lat="52.85885892459542" lon="14.171946985519428">
      <ele>6.545120110735297</ele>
      <time>2026-08-16T10:21:19Z</time>
      </trkpt>
      <trkpt lat="52.85885892459542" lon="14.171946985519428">
      <ele>6.545120110735297</ele>
      <time>2026-08-16T10:21:19Z</time>
      </trkpt>
      <trkpt lat="52.858784742352704" lon="14.171697434284535">
      <ele>6.490595486946404</ele>
      <time>2026-08-16T10:21:20Z</time>
      </trkpt>
      <trkpt lat="52.858784742352704" lon="14.171697434284535">
      <ele>6.490595486946404</ele>
      <time>2026-08-16T10:21:20Z</time>
      </trkpt>
      <trkpt lat="52.85871372052589" lon="14.17145302000462">
      <ele>6.334070874378085</ele>
      <time>2026-08-16T10:21:21Z</time>
      </trkpt>
      <trkpt lat="52.85871372052589" lon="14.17145302000462">
      <ele>6.334070874378085</ele>
      <time>2026-08-16T10:21:21Z</time>
      </trkpt>
      <trkpt lat="52.85864399395559" lon="14.171203467593132">
      <ele>6.512124699540436</ele>
      <time>2026-08-16T10:21:22Z</time>
      </trkpt>
      <trkpt lat="52.85864399395559" lon="14.171203467593132">
      <ele>6.512124699540436</ele>
      <time>2026-08-16T10:21:22Z</time>
      </trkpt>
      <trkpt lat="52.85857587277148" lon="14.170952003944993">
      <ele>6.584842808544636</ele>
      <time>2026-08-16T10:21:23Z</time>
      </trkpt>
      <trkpt lat="52.85857587277148" lon="14.170952003944993">
      <ele>6.584842808544636</ele>
      <time>2026-08-16T10:21:23Z</time>
      </trkpt>
      <trkpt lat="52.85851368353221" lon="14.170702134157223">
      <ele>6.459533520042896</ele>
      <time>2026-08-16T10:21:24Z</time>
      </trkpt>
      <trkpt lat="52.85851368353221" lon="14.170702134157223">
      <ele>6.459533520042896</ele>
      <time>2026-08-16T10:21:24Z</time>
      </trkpt>
      <trkpt lat="52.85845590196119" lon="14.170455873073196">
      <ele>6.521434340626001</ele>
      <time>2026-08-16T10:21:25Z</time>
      </trkpt>
      <trkpt lat="52.85845590196119" lon="14.170455873073196">
      <ele>6.521434340626001</ele>
      <time>2026-08-16T10:21:25Z</time>
      </trkpt>
      <trkpt lat="52.85840182696243" lon="14.17021225917917">
      <ele>6.570469901897013</ele>
      <time>2026-08-16T10:21:26Z</time>
      </trkpt>
      <trkpt lat="52.85840182696243" lon="14.17021225917917">
      <ele>6.570469901897013</ele>
      <time>2026-08-16T10:21:26Z</time>
      </trkpt>
      <trkpt lat="52.85834973300388" lon="14.169963117968555">
      <ele>6.801391056738794</ele>
      <time>2026-08-16T10:21:27Z</time>
      </trkpt>
      <trkpt lat="52.85834973300388" lon="14.169963117968555">
      <ele>6.801391056738794</ele>
      <time>2026-08-16T10:21:27Z</time>
      </trkpt>
      <trkpt lat="52.8582983482201" lon="14.16971377834569">
      <ele>7.088184450753033</ele>
      <time>2026-08-16T10:21:28Z</time>
      </trkpt>
      <trkpt lat="52.8582983482201" lon="14.16971377834569">
      <ele>7.088184450753033</ele>
      <time>2026-08-16T10:21:28Z</time>
      </trkpt>
      <trkpt lat="52.858245667329825" lon="14.169460927251569">
      <ele>7.279860365204513</ele>
      <time>2026-08-16T10:21:29Z</time>
      </trkpt>
      <trkpt lat="52.858245667329825" lon="14.169460927251569">
      <ele>7.279860365204513</ele>
      <time>2026-08-16T10:21:29Z</time>
      </trkpt>
      <trkpt lat="52.858195808501144" lon="14.169202163578849">
      <ele>7.192571333609521</ele>
      <time>2026-08-16T10:21:30Z</time>
      </trkpt>
      <trkpt lat="52.858195808501144" lon="14.169202163578849">
      <ele>7.192571333609521</ele>
      <time>2026-08-16T10:21:30Z</time>
      </trkpt>
      <trkpt lat="52.858148535961284" lon="14.168937565904534">
      <ele>7.297333511523902</ele>
      <time>2026-08-16T10:21:31Z</time>
      </trkpt>
      <trkpt lat="52.858148535961284" lon="14.168937565904534">
      <ele>7.297333511523902</ele>
      <time>2026-08-16T10:21:31Z</time>
      </trkpt>
      <trkpt lat="52.85809958799023" lon="14.168663717722195">
      <ele>7.439426191151142</ele>
      <time>2026-08-16T10:21:32Z</time>
      </trkpt>
      <trkpt lat="52.85809958799023" lon="14.168663717722195">
      <ele>7.439426191151142</ele>
      <time>2026-08-16T10:21:32Z</time>
      </trkpt>
      <trkpt lat="52.85805340648087" lon="14.168392527827745">
      <ele>7.444691456854343</ele>
      <time>2026-08-16T10:21:33Z</time>
      </trkpt>
      <trkpt lat="52.85805340648087" lon="14.168392527827745">
      <ele>7.444691456854343</ele>
      <time>2026-08-16T10:21:33Z</time>
      </trkpt>
      <trkpt lat="52.85800711124005" lon="14.168115706749095">
      <ele>7.618084358051419</ele>
      <time>2026-08-16T10:21:34Z</time>
      </trkpt>
      <trkpt lat="52.85800711124005" lon="14.168115706749095">
      <ele>7.618084358051419</ele>
      <time>2026-08-16T10:21:34Z</time>
      </trkpt>
      <trkpt lat="52.85796072703692" lon="14.167838419031455">
      <ele>7.566497157327831</ele>
      <time>2026-08-16T10:21:35Z</time>
      </trkpt>
      <trkpt lat="52.85796072703692" lon="14.167838419031455">
      <ele>7.566497157327831</ele>
      <time>2026-08-16T10:21:35Z</time>
      </trkpt>
      <trkpt lat="52.85791429627172" lon="14.167563492787624">
      <ele>7.303706944920123</ele>
      <time>2026-08-16T10:21:36Z</time>
      </trkpt>
      <trkpt lat="52.85791429627172" lon="14.167563492787624">
      <ele>7.303706944920123</ele>
      <time>2026-08-16T10:21:36Z</time>
      </trkpt>
      <trkpt lat="52.85786964515059" lon="14.167291615833985">
      <ele>7.172682175412774</ele>
      <time>2026-08-16T10:21:37Z</time>
      </trkpt>
      <trkpt lat="52.85786964515059" lon="14.167291615833985">
      <ele>7.172682175412774</ele>
      <time>2026-08-16T10:21:37Z</time>
      </trkpt>
      <trkpt lat="52.85782478353794" lon="14.167018581404704">
      <ele>7.257990601472557</ele>
      <time>2026-08-16T10:21:38Z</time>
      </trkpt>
      <trkpt lat="52.85782478353794" lon="14.167018581404704">
      <ele>7.257990601472557</ele>
      <time>2026-08-16T10:21:38Z</time>
      </trkpt>
      <trkpt lat="52.857781357578524" lon="14.16675215907511">
      <ele>7.051124100573361</ele>
      <time>2026-08-16T10:21:39Z</time>
      </trkpt>
      <trkpt lat="52.857781357578524" lon="14.16675215907511">
      <ele>7.051124100573361</ele>
      <time>2026-08-16T10:21:39Z</time>
      </trkpt>
      <trkpt lat="52.85773686144963" lon="14.166482426397257">
      <ele>7.245932562276721</ele>
      <time>2026-08-16T10:21:40Z</time>
      </trkpt>
      <trkpt lat="52.85773686144963" lon="14.166482426397257">
      <ele>7.245932562276721</ele>
      <time>2026-08-16T10:21:40Z</time>
      </trkpt>
      <trkpt lat="52.8576884197376" lon="14.166209158675837">
      <ele>7.191266466863453</ele>
      <time>2026-08-16T10:21:41Z</time>
      </trkpt>
      <trkpt lat="52.8576884197376" lon="14.166209158675837">
      <ele>7.191266466863453</ele>
      <time>2026-08-16T10:21:41Z</time>
      </trkpt>
      <trkpt lat="52.857640177063885" lon="14.165940156143028">
      <ele>7.241805919446051</ele>
      <time>2026-08-16T10:21:42Z</time>
      </trkpt>
      <trkpt lat="52.857640177063885" lon="14.165940156143028">
      <ele>7.241805919446051</ele>
      <time>2026-08-16T10:21:42Z</time>
      </trkpt>
      <trkpt lat="52.857595529705904" lon="14.165665548948468">
      <ele>7.375139272771776</ele>
      <time>2026-08-16T10:21:43Z</time>
      </trkpt>
      <trkpt lat="52.857595529705904" lon="14.165665548948468">
      <ele>7.375139272771776</ele>
      <time>2026-08-16T10:21:43Z</time>
      </trkpt>
      <trkpt lat="52.85754986055913" lon="14.16538548536346">
      <ele>7.435244134627283</ele>
      <time>2026-08-16T10:21:44Z</time>
      </trkpt>
      <trkpt lat="52.85754986055913" lon="14.16538548536346">
      <ele>7.435244134627283</ele>
      <time>2026-08-16T10:21:44Z</time>
      </trkpt>
      <trkpt lat="52.8575013999534" lon="14.165101642478245">
      <ele>7.462164360098541</ele>
      <time>2026-08-16T10:21:45Z</time>
      </trkpt>
      <trkpt lat="52.8575013999534" lon="14.165101642478245">
      <ele>7.462164360098541</ele>
      <time>2026-08-16T10:21:45Z</time>
      </trkpt>
      <trkpt lat="52.857453505923736" lon="14.164818290876589">
      <ele>7.561772422865033</ele>
      <time>2026-08-16T10:21:46Z</time>
      </trkpt>
      <trkpt lat="52.857453505923736" lon="14.164818290876589">
      <ele>7.561772422865033</ele>
      <time>2026-08-16T10:21:46Z</time>
      </trkpt>
      <trkpt lat="52.857404625407426" lon="14.16453566164141">
      <ele>7.770071271806955</ele>
      <time>2026-08-16T10:21:47Z</time>
      </trkpt>
      <trkpt lat="52.857404625407426" lon="14.16453566164141">
      <ele>7.770071271806955</ele>
      <time>2026-08-16T10:21:47Z</time>
      </trkpt>
      <trkpt lat="52.85735715964239" lon="14.164254199898396">
      <ele>7.828200034797192</ele>
      <time>2026-08-16T10:21:48Z</time>
      </trkpt>
      <trkpt lat="52.85735715964239" lon="14.164254199898396">
      <ele>7.828200034797192</ele>
      <time>2026-08-16T10:21:48Z</time>
      </trkpt>
      <trkpt lat="52.85730920890986" lon="14.163976575024638">
      <ele>7.834516579285264</ele>
      <time>2026-08-16T10:21:49Z</time>
      </trkpt>
      <trkpt lat="52.85730920890986" lon="14.163976575024638">
      <ele>7.834516579285264</ele>
      <time>2026-08-16T10:21:49Z</time>
      </trkpt>
      <trkpt lat="52.8572617460629" lon="14.163699704825572">
      <ele>8.005191677249968</ele>
      <time>2026-08-16T10:21:50Z</time>
      </trkpt>
      <trkpt lat="52.8572617460629" lon="14.163699704825572">
      <ele>8.005191677249968</ele>
      <time>2026-08-16T10:21:50Z</time>
      </trkpt>
      <trkpt lat="52.857211346274504" lon="14.163433945742488">
      <ele>8.114684261381626</ele>
      <time>2026-08-16T10:21:51Z</time>
      </trkpt>
      <trkpt lat="52.857211346274504" lon="14.163433945742488">
      <ele>8.114684261381626</ele>
      <time>2026-08-16T10:21:51Z</time>
      </trkpt>
      <trkpt lat="52.85716659250786" lon="14.163180967549097">
      <ele>7.932145212776959</ele>
      <time>2026-08-16T10:21:52Z</time>
      </trkpt>
      <trkpt lat="52.85716659250786" lon="14.163180967549097">
      <ele>7.932145212776959</ele>
      <time>2026-08-16T10:21:52Z</time>
      </trkpt>
      <trkpt lat="52.85712636320504" lon="14.162942208896053">
      <ele>7.843493943102658</ele>
      <time>2026-08-16T10:21:53Z</time>
      </trkpt>
      <trkpt lat="52.85712636320504" lon="14.162942208896053">
      <ele>7.843493943102658</ele>
      <time>2026-08-16T10:21:53Z</time>
      </trkpt>
      <trkpt lat="52.857087476837236" lon="14.162715010516791">
      <ele>7.799952515400946</ele>
      <time>2026-08-16T10:21:54Z</time>
      </trkpt>
      <trkpt lat="52.857087476837236" lon="14.162715010516791">
      <ele>7.799952515400946</ele>
      <time>2026-08-16T10:21:54Z</time>
      </trkpt>
      <trkpt lat="52.857049549932746" lon="14.162494097806272">
      <ele>7.862183567136526</ele>
      <time>2026-08-16T10:21:55Z</time>
      </trkpt>
      <trkpt lat="52.857049549932746" lon="14.162494097806272">
      <ele>7.862183567136526</ele>
      <time>2026-08-16T10:21:55Z</time>
      </trkpt>
      <trkpt lat="52.85701251131802" lon="14.162277083498006">
      <ele>7.6537007335573435</ele>
      <time>2026-08-16T10:21:56Z</time>
      </trkpt>
      <trkpt lat="52.85701251131802" lon="14.162277083498006">
      <ele>7.6537007335573435</ele>
      <time>2026-08-16T10:21:56Z</time>
      </trkpt>
      <trkpt lat="52.85697715683482" lon="14.16206866648007">
      <ele>7.642951858229935</ele>
      <time>2026-08-16T10:21:57Z</time>
      </trkpt>
      <trkpt lat="52.85697715683482" lon="14.16206866648007">
      <ele>7.642951858229935</ele>
      <time>2026-08-16T10:21:57Z</time>
      </trkpt>
      <trkpt lat="52.85694231606331" lon="14.16187141015993">
      <ele>8.465680418536067</ele>
      <time>2026-08-16T10:21:58Z</time>
      </trkpt>
      <trkpt lat="52.85694231606331" lon="14.16187141015993">
      <ele>8.465680418536067</ele>
      <time>2026-08-16T10:21:58Z</time>
      </trkpt>
      <trkpt lat="52.85691049989153" lon="14.161691117456803">
      <ele>8.47166123893112</ele>
      <time>2026-08-16T10:21:59Z</time>
      </trkpt>
      <trkpt lat="52.85691049989153" lon="14.161691117456803">
      <ele>8.47166123893112</ele>
      <time>2026-08-16T10:21:59Z</time>
      </trkpt>
      <trkpt lat="52.8568843045128" lon="14.161524952887255">
      <ele>8.118843492120504</ele>
      <time>2026-08-16T10:22:00Z</time>
      </trkpt>
      <trkpt lat="52.8568843045128" lon="14.161524952887255">
      <ele>8.118843492120504</ele>
      <time>2026-08-16T10:22:00Z</time>
      </trkpt>
      <trkpt lat="52.856860647860394" lon="14.161375729915088">
      <ele>8.256724201142788</ele>
      <time>2026-08-16T10:22:01Z</time>
      </trkpt>
      <trkpt lat="52.856860647860394" lon="14.161375729915088">
      <ele>8.256724201142788</ele>
      <time>2026-08-16T10:22:01Z</time>
      </trkpt>
      <trkpt lat="52.85681649750247" lon="14.161122363682395">
      <ele>8.374127249233425</ele>
      <time>2026-08-16T10:22:03Z</time>
      </trkpt>
      <trkpt lat="52.85681649750247" lon="14.161122363682395">
      <ele>8.374127249233425</ele>
      <time>2026-08-16T10:22:03Z</time>
      </trkpt>
      <trkpt lat="52.85677661807219" lon="14.160874274374923">
      <ele>8.615558249875903</ele>
      <time>2026-08-16T10:22:05Z</time>
      </trkpt>
      <trkpt lat="52.85677661807219" lon="14.160874274374923">
      <ele>8.615558249875903</ele>
      <time>2026-08-16T10:22:05Z</time>
      </trkpt>
      <trkpt lat="52.85674023496141" lon="14.160636354577097">
      <ele>8.383279658854008</ele>
      <time>2026-08-16T10:22:07Z</time>
      </trkpt>
      <trkpt lat="52.85674023496141" lon="14.160636354577097">
      <ele>8.383279658854008</ele>
      <time>2026-08-16T10:22:07Z</time>
      </trkpt>
      <trkpt lat="52.85670489267129" lon="14.160370908566337">
      <ele>8.127737081609666</ele>
      <time>2026-08-16T10:22:09Z</time>
      </trkpt>
      <trkpt lat="52.85670489267129" lon="14.160370908566337">
      <ele>8.127737081609666</ele>
      <time>2026-08-16T10:22:09Z</time>
      </trkpt>
      <trkpt lat="52.85667225383268" lon="14.160228686285617">
      <ele>8.078951084055007</ele>
      <time>2026-08-16T10:22:10Z</time>
      </trkpt>
      <trkpt lat="52.85667225383268" lon="14.160228686285617">
      <ele>8.078951084055007</ele>
      <time>2026-08-16T10:22:10Z</time>
      </trkpt>
      <trkpt lat="52.85661539557454" lon="14.159967730342705">
      <ele>7.778026049025357</ele>
      <time>2026-08-16T10:22:12Z</time>
      </trkpt>
      <trkpt lat="52.85661539557454" lon="14.159967730342705">
      <ele>7.778026049025357</ele>
      <time>2026-08-16T10:22:12Z</time>
      </trkpt>
      <trkpt lat="52.85657613385288" lon="14.159731040687474">
      <ele>7.855410204268992</ele>
      <time>2026-08-16T10:22:14Z</time>
      </trkpt>
      <trkpt lat="52.85657613385288" lon="14.159731040687474">
      <ele>7.855410204268992</ele>
      <time>2026-08-16T10:22:14Z</time>
      </trkpt>
      <trkpt lat="52.85653531625707" lon="14.159463268757325">
      <ele>8.087008651345968</ele>
      <time>2026-08-16T10:22:16Z</time>
      </trkpt>
      <trkpt lat="52.85653531625707" lon="14.159463268757325">
      <ele>8.087008651345968</ele>
      <time>2026-08-16T10:22:16Z</time>
      </trkpt>
      <trkpt lat="52.85651105511154" lon="14.159313255632478">
      <ele>8.155034547671676</ele>
      <time>2026-08-16T10:22:17Z</time>
      </trkpt>
      <trkpt lat="52.85651105511154" lon="14.159313255632478">
      <ele>8.155034547671676</ele>
      <time>2026-08-16T10:22:17Z</time>
      </trkpt>
      <trkpt lat="52.856484650584434" lon="14.159152078603388">
      <ele>8.196480731479824</ele>
      <time>2026-08-16T10:22:18Z</time>
      </trkpt>
      <trkpt lat="52.856484650584434" lon="14.159152078603388">
      <ele>8.196480731479824</ele>
      <time>2026-08-16T10:22:18Z</time>
      </trkpt>
      <trkpt lat="52.85645669569484" lon="14.158982564112648">
      <ele>8.267907246015966</ele>
      <time>2026-08-16T10:22:18Z</time>
      </trkpt>
      <trkpt lat="52.85645669569484" lon="14.158982564112648">
      <ele>8.267907246015966</ele>
      <time>2026-08-16T10:22:18Z</time>
      </trkpt>
      <trkpt lat="52.856425676898304" lon="14.158804165661236">
      <ele>8.317349028773606</ele>
      <time>2026-08-16T10:22:19Z</time>
      </trkpt>
      <trkpt lat="52.856425676898304" lon="14.158804165661236">
      <ele>8.317349028773606</ele>
      <time>2026-08-16T10:22:19Z</time>
      </trkpt>
      <trkpt lat="52.85639740434837" lon="14.158632048701332">
      <ele>8.184058190323412</ele>
      <time>2026-08-16T10:22:20Z</time>
      </trkpt>
      <trkpt lat="52.85639740434837" lon="14.158632048701332">
      <ele>8.184058190323412</ele>
      <time>2026-08-16T10:22:20Z</time>
      </trkpt>
      <trkpt lat="52.85636945980464" lon="14.158465391023391">
      <ele>8.184040244668722</ele>
      <time>2026-08-16T10:22:21Z</time>
      </trkpt>
      <trkpt lat="52.85636945980464" lon="14.158465391023391">
      <ele>8.184040244668722</ele>
      <time>2026-08-16T10:22:21Z</time>
      </trkpt>
      <trkpt lat="52.85634550690657" lon="14.15831962069843">
      <ele>7.9869163343682885</ele>
      <time>2026-08-16T10:22:22Z</time>
      </trkpt>
      <trkpt lat="52.85634550690657" lon="14.15831962069843">
      <ele>7.9869163343682885</ele>
      <time>2026-08-16T10:22:22Z</time>
      </trkpt>
      <trkpt lat="52.85632989241137" lon="14.158079728687824">
      <ele>7.849024944938719</ele>
      <time>2026-08-16T10:22:24Z</time>
      </trkpt>
      <trkpt lat="52.85632989241137" lon="14.158079728687824">
      <ele>7.849024944938719</ele>
      <time>2026-08-16T10:22:24Z</time>
      </trkpt>
      <trkpt lat="52.85633792115591" lon="14.157847802801017">
      <ele>7.846777644939721</ele>
      <time>2026-08-16T10:22:26Z</time>
      </trkpt>
      <trkpt lat="52.85633792115591" lon="14.157847802801017">
      <ele>7.846777644939721</ele>
      <time>2026-08-16T10:22:26Z</time>
      </trkpt>
      <trkpt lat="52.856328581058285" lon="14.157640869757875">
      <ele>7.924599202349782</ele>
      <time>2026-08-16T10:22:28Z</time>
      </trkpt>
      <trkpt lat="52.856328581058285" lon="14.157640869757875">
      <ele>7.924599202349782</ele>
      <time>2026-08-16T10:22:28Z</time>
      </trkpt>
      <trkpt lat="52.8563003835131" lon="14.157458701212297">
      <ele>7.781342596746981</ele>
      <time>2026-08-16T10:22:30Z</time>
      </trkpt>
      <trkpt lat="52.8563003835131" lon="14.157458701212297">
      <ele>7.781342596746981</ele>
      <time>2026-08-16T10:22:30Z</time>
      </trkpt>
      <trkpt lat="52.856273345178245" lon="14.157297184040491">
      <ele>7.982594160363078</ele>
      <time>2026-08-16T10:22:32Z</time>
      </trkpt>
      <trkpt lat="52.856273345178245" lon="14.157297184040491">
      <ele>7.982594160363078</ele>
      <time>2026-08-16T10:22:32Z</time>
      </trkpt>
      <trkpt lat="52.856249680611974" lon="14.157151349799525">
      <ele>8.271483985707164</ele>
      <time>2026-08-16T10:22:34Z</time>
      </trkpt>
      <trkpt lat="52.856249680611974" lon="14.157151349799525">
      <ele>8.271483985707164</ele>
      <time>2026-08-16T10:22:34Z</time>
      </trkpt>
      <trkpt lat="52.856169417142134" lon="14.157068002266413">
      <ele>8.035153482109308</ele>
      <time>2026-08-16T10:22:38Z</time>
      </trkpt>
      <trkpt lat="52.856169417142134" lon="14.157068002266413">
      <ele>8.035153482109308</ele>
      <time>2026-08-16T10:22:38Z</time>
      </trkpt>
      <trkpt lat="52.856156824081026" lon="14.157089375763142">
      <ele>8.705088454298675</ele>
      <time>2026-08-16T10:22:54Z</time>
      </trkpt>
      <trkpt lat="52.856156824081026" lon="14.157089375763142">
      <ele>8.705088454298675</ele>
      <time>2026-08-16T10:22:54Z</time>
      </trkpt>
    </trkseg>
  </trk>
</gpx>