{"type":"FeatureCollection","features":[{"type":"Feature","properties":{"_gpxType":"trk","name":"Monday Morning Track","time":"2026-07-20T09:06:42Z","coordinateProperties":{"times":["2026-07-20T09:06:42Z","2026-07-20T09:06:43Z","2026-07-20T09:07:55Z","2026-07-20T09:08:21Z","2026-07-20T09:08:26Z","2026-07-20T09:08:29Z","2026-07-20T09:08:31Z","2026-07-20T09:08:33Z","2026-07-20T09:08:35Z","2026-07-20T09:08:37Z","2026-07-20T09:08:39Z","2026-07-20T09:08:40Z","2026-07-20T09:08:42Z","2026-07-20T09:08:44Z","2026-07-20T09:08:46Z","2026-07-20T09:08:48Z","2026-07-20T09:08:50Z","2026-07-20T09:08:52Z","2026-07-20T09:08:54Z","2026-07-20T09:08:55Z","2026-07-20T09:08:57Z","2026-07-20T09:08:58Z","2026-07-20T09:08:59Z","2026-07-20T09:09:00Z","2026-07-20T09:09:02Z","2026-07-20T09:09:04Z","2026-07-20T09:09:06Z","2026-07-20T09:09:08Z","2026-07-20T09:09:10Z","2026-07-20T09:09:12Z","2026-07-20T09:09:14Z","2026-07-20T09:09:16Z","2026-07-20T09:09:18Z","2026-07-20T09:09:20Z","2026-07-20T09:09:22Z","2026-07-20T09:09:23Z","2026-07-20T09:09:25Z","2026-07-20T09:09:27Z","2026-07-20T09:09:29Z","2026-07-20T09:09:31Z","2026-07-20T09:09:33Z","2026-07-20T09:09:35Z","2026-07-20T09:09:37Z","2026-07-20T09:09:39Z","2026-07-20T09:09:41Z","2026-07-20T09:09:43Z","2026-07-20T09:09:45Z","2026-07-20T09:09:47Z","2026-07-20T09:09:59Z","2026-07-20T09:10:03Z","2026-07-20T09:10:08Z","2026-07-20T09:10:10Z","2026-07-20T09:10:12Z","2026-07-20T09:10:14Z","2026-07-20T09:10:16Z","2026-07-20T09:10:21Z","2026-07-20T09:10:34Z","2026-07-20T09:10:36Z","2026-07-20T09:10:38Z","2026-07-20T09:10:40Z","2026-07-20T09:10:43Z","2026-07-20T09:10:44Z","2026-07-20T09:10:45Z","2026-07-20T09:10:46Z","2026-07-20T09:10:47Z","2026-07-20T09:10:48Z","2026-07-20T09:10:49Z","2026-07-20T09:10:50Z","2026-07-20T09:10:51Z","2026-07-20T09:10:52Z","2026-07-20T09:10:53Z","2026-07-20T09:10:54Z","2026-07-20T09:10:55Z","2026-07-20T09:10:56Z","2026-07-20T09:10:57Z","2026-07-20T09:10:58Z","2026-07-20T09:10:59Z","2026-07-20T09:11:00Z","2026-07-20T09:11:01Z","2026-07-20T09:11:02Z","2026-07-20T09:11:03Z","2026-07-20T09:11:04Z","2026-07-20T09:11:05Z","2026-07-20T09:11:06Z","2026-07-20T09:11:07Z","2026-07-20T09:11:08Z","2026-07-20T09:11:09Z","2026-07-20T09:11:10Z","2026-07-20T09:11:11Z","2026-07-20T09:11:12Z","2026-07-20T09:11:13Z","2026-07-20T09:11:14Z","2026-07-20T09:11:15Z","2026-07-20T09:11:16Z","2026-07-20T09:11:17Z","2026-07-20T09:11:18Z","2026-07-20T09:11:19Z","2026-07-20T09:11:20Z","2026-07-20T09:11:21Z","2026-07-20T09:11:22Z","2026-07-20T09:11:23Z","2026-07-20T09:11:24Z","2026-07-20T09:11:25Z","2026-07-20T09:11:26Z","2026-07-20T09:11:27Z","2026-07-20T09:11:28Z","2026-07-20T09:11:29Z","2026-07-20T09:11:30Z","2026-07-20T09:11:31Z","2026-07-20T09:11:32Z","2026-07-20T09:11:33Z","2026-07-20T09:11:34Z","2026-07-20T09:11:35Z","2026-07-20T09:11:36Z","2026-07-20T09:11:37Z","2026-07-20T09:11:38Z","2026-07-20T09:11:39Z","2026-07-20T09:11:40Z","2026-07-20T09:11:41Z","2026-07-20T09:11:42Z","2026-07-20T09:11:43Z","2026-07-20T09:11:44Z","2026-07-20T09:11:45Z","2026-07-20T09:11:46Z","2026-07-20T09:11:47Z","2026-07-20T09:11:48Z","2026-07-20T09:11:49Z","2026-07-20T09:11:50Z","2026-07-20T09:11:51Z","2026-07-20T09:11:52Z","2026-07-20T09:11:53Z","2026-07-20T09:11:54Z","2026-07-20T09:11:55Z","2026-07-20T09:11:56Z","2026-07-20T09:11:57Z","2026-07-20T09:11:58Z","2026-07-20T09:11:59Z","2026-07-20T09:12:00Z","2026-07-20T09:12:01Z","2026-07-20T09:12:02Z","2026-07-20T09:12:03Z","2026-07-20T09:12:04Z","2026-07-20T09:12:05Z","2026-07-20T09:12:07Z","2026-07-20T09:12:08Z","2026-07-20T09:12:09Z","2026-07-20T09:12:10Z","2026-07-20T09:12:11Z","2026-07-20T09:12:13Z","2026-07-20T09:12:15Z","2026-07-20T09:12:17Z","2026-07-20T09:12:19Z","2026-07-20T09:12:20Z","2026-07-20T09:12:22Z","2026-07-20T09:12:24Z","2026-07-20T09:12:25Z","2026-07-20T09:12:26Z","2026-07-20T09:12:27Z","2026-07-20T09:12:28Z","2026-07-20T09:12:29Z","2026-07-20T09:12:30Z","2026-07-20T09:12:31Z","2026-07-20T09:12:32Z","2026-07-20T09:12:33Z","2026-07-20T09:12:34Z","2026-07-20T09:12:35Z","2026-07-20T09:12:36Z","2026-07-20T09:12:37Z","2026-07-20T09:12:38Z","2026-07-20T09:12:39Z","2026-07-20T09:12:40Z","2026-07-20T09:12:41Z","2026-07-20T09:12:42Z","2026-07-20T09:12:43Z","2026-07-20T09:12:44Z","2026-07-20T09:12:45Z","2026-07-20T09:12:46Z","2026-07-20T09:12:47Z","2026-07-20T09:12:48Z","2026-07-20T09:12:49Z","2026-07-20T09:12:50Z","2026-07-20T09:12:51Z","2026-07-20T09:12:52Z","2026-07-20T09:12:53Z","2026-07-20T09:12:54Z","2026-07-20T09:12:55Z","2026-07-20T09:12:56Z","2026-07-20T09:12:57Z","2026-07-20T09:12:58Z","2026-07-20T09:12:59Z","2026-07-20T09:13:00Z","2026-07-20T09:13:01Z","2026-07-20T09:13:02Z","2026-07-20T09:13:03Z","2026-07-20T09:13:04Z","2026-07-20T09:13:05Z","2026-07-20T09:13:06Z","2026-07-20T09:13:07Z","2026-07-20T09:13:08Z","2026-07-20T09:13:09Z","2026-07-20T09:13:10Z","2026-07-20T09:13:11Z","2026-07-20T09:13:12Z","2026-07-20T09:13:13Z","2026-07-20T09:13:14Z","2026-07-20T09:13:15Z","2026-07-20T09:13:16Z","2026-07-20T09:13:17Z","2026-07-20T09:13:18Z","2026-07-20T09:13:19Z","2026-07-20T09:13:20Z","2026-07-20T09:13:21Z","2026-07-20T09:13:22Z","2026-07-20T09:13:23Z","2026-07-20T09:13:24Z","2026-07-20T09:13:25Z","2026-07-20T09:13:26Z","2026-07-20T09:13:27Z","2026-07-20T09:13:28Z","2026-07-20T09:13:29Z","2026-07-20T09:13:30Z","2026-07-20T09:13:31Z","2026-07-20T09:13:32Z","2026-07-20T09:13:33Z","2026-07-20T09:13:34Z","2026-07-20T09:13:35Z","2026-07-20T09:13:36Z","2026-07-20T09:13:37Z","2026-07-20T09:13:38Z","2026-07-20T09:13:39Z","2026-07-20T09:13:40Z","2026-07-20T09:13:41Z","2026-07-20T09:13:42Z","2026-07-20T09:13:43Z","2026-07-20T09:13:44Z","2026-07-20T09:13:45Z","2026-07-20T09:13:46Z","2026-07-20T09:13:47Z","2026-07-20T09:13:48Z","2026-07-20T09:13:49Z","2026-07-20T09:13:50Z","2026-07-20T09:13:51Z","2026-07-20T09:13:52Z","2026-07-20T09:13:53Z","2026-07-20T09:13:54Z","2026-07-20T09:13:55Z","2026-07-20T09:13:56Z","2026-07-20T09:13:57Z","2026-07-20T09:13:58Z","2026-07-20T09:13:59Z","2026-07-20T09:14:00Z","2026-07-20T09:14:01Z","2026-07-20T09:14:02Z","2026-07-20T09:14:03Z","2026-07-20T09:14:04Z","2026-07-20T09:14:05Z","2026-07-20T09:14:06Z","2026-07-20T09:14:07Z","2026-07-20T09:14:08Z","2026-07-20T09:14:09Z","2026-07-20T09:14:10Z","2026-07-20T09:14:11Z","2026-07-20T09:14:12Z","2026-07-20T09:14:13Z","2026-07-20T09:14:14Z","2026-07-20T09:14:16Z","2026-07-20T09:14:17Z","2026-07-20T09:14:18Z","2026-07-20T09:14:19Z","2026-07-20T09:14:20Z","2026-07-20T09:14:21Z","2026-07-20T09:14:22Z","2026-07-20T09:14:23Z","2026-07-20T09:14:24Z","2026-07-20T09:14:25Z","2026-07-20T09:14:26Z","2026-07-20T09:14:27Z","2026-07-20T09:14:28Z","2026-07-20T09:14:29Z","2026-07-20T09:14:30Z","2026-07-20T09:14:31Z","2026-07-20T09:14:32Z","2026-07-20T09:14:33Z","2026-07-20T09:14:34Z","2026-07-20T09:14:35Z","2026-07-20T09:14:36Z","2026-07-20T09:14:37Z","2026-07-20T09:14:38Z","2026-07-20T09:14:39Z","2026-07-20T09:14:40Z","2026-07-20T09:14:41Z","2026-07-20T09:14:42Z","2026-07-20T09:14:43Z","2026-07-20T09:14:44Z","2026-07-20T09:14:45Z","2026-07-20T09:14:46Z","2026-07-20T09:14:47Z","2026-07-20T09:14:48Z","2026-07-20T09:14:49Z","2026-07-20T09:14:50Z","2026-07-20T09:14:55Z","2026-07-20T09:14:57Z","2026-07-20T09:14:58Z","2026-07-20T09:14:59Z","2026-07-20T09:15:00Z","2026-07-20T09:15:01Z","2026-07-20T09:15:02Z","2026-07-20T09:15:03Z","2026-07-20T09:15:04Z","2026-07-20T09:15:05Z","2026-07-20T09:15:06Z","2026-07-20T09:15:07Z","2026-07-20T09:15:08Z","2026-07-20T09:15:09Z","2026-07-20T09:15:10Z","2026-07-20T09:15:11Z","2026-07-20T09:15:12Z","2026-07-20T09:15:13Z","2026-07-20T09:15:14Z","2026-07-20T09:15:15Z","2026-07-20T09:15:16Z","2026-07-20T09:15:17Z","2026-07-20T09:15:18Z","2026-07-20T09:15:19Z","2026-07-20T09:15:20Z","2026-07-20T09:15:21Z","2026-07-20T09:15:22Z","2026-07-20T09:15:23Z","2026-07-20T09:15:24Z","2026-07-20T09:15:25Z","2026-07-20T09:15:27Z","2026-07-20T09:15:30Z","2026-07-20T09:15:31Z","2026-07-20T09:15:32Z","2026-07-20T09:15:34Z","2026-07-20T09:15:36Z","2026-07-20T09:15:37Z","2026-07-20T09:15:38Z","2026-07-20T09:15:43Z","2026-07-20T09:15:52Z","2026-07-20T09:15:56Z","2026-07-20T09:15:59Z","2026-07-20T09:16:02Z","2026-07-20T09:16:07Z","2026-07-20T09:16:20Z","2026-07-20T09:16:25Z","2026-07-20T09:16:30Z","2026-07-20T09:16:35Z","2026-07-20T09:16:39Z","2026-07-20T09:16:45Z","2026-07-20T09:16:51Z","2026-07-20T09:16:59Z","2026-07-20T09:17:33Z","2026-07-20T09:17:35Z","2026-07-20T09:17:37Z","2026-07-20T09:17:39Z","2026-07-20T09:17:40Z","2026-07-20T09:17:42Z","2026-07-20T09:17:44Z","2026-07-20T09:17:46Z","2026-07-20T09:17:48Z","2026-07-20T09:17:49Z","2026-07-20T09:17:50Z","2026-07-20T09:17:52Z","2026-07-20T09:17:55Z","2026-07-20T09:18:43Z","2026-07-20T09:18:45Z","2026-07-20T09:18:47Z","2026-07-20T09:18:49Z","2026-07-20T09:18:51Z","2026-07-20T09:18:54Z","2026-07-20T09:18:58Z","2026-07-20T09:19:00Z","2026-07-20T09:19:02Z","2026-07-20T09:19:04Z","2026-07-20T09:19:06Z","2026-07-20T09:19:08Z","2026-07-20T09:19:10Z","2026-07-20T09:19:12Z","2026-07-20T09:19:14Z","2026-07-20T09:19:16Z","2026-07-20T09:19:17Z","2026-07-20T09:19:18Z","2026-07-20T09:19:19Z","2026-07-20T09:19:20Z","2026-07-20T09:19:21Z","2026-07-20T09:19:22Z","2026-07-20T09:19:23Z","2026-07-20T09:19:24Z","2026-07-20T09:19:25Z","2026-07-20T09:19:26Z","2026-07-20T09:19:27Z","2026-07-20T09:19:28Z","2026-07-20T09:19:29Z","2026-07-20T09:19:30Z","2026-07-20T09:19:31Z","2026-07-20T09:19:32Z","2026-07-20T09:19:33Z","2026-07-20T09:19:34Z","2026-07-20T09:19:35Z","2026-07-20T09:19:37Z","2026-07-20T09:19:39Z","2026-07-20T09:19:41Z","2026-07-20T09:19:48Z","2026-07-20T09:20:09Z","2026-07-20T09:20:13Z","2026-07-20T09:20:15Z","2026-07-20T09:20:17Z","2026-07-20T09:20:18Z","2026-07-20T09:20:20Z","2026-07-20T09:20:21Z","2026-07-20T09:20:22Z","2026-07-20T09:20:23Z","2026-07-20T09:20:25Z","2026-07-20T09:20:26Z","2026-07-20T09:20:27Z","2026-07-20T09:20:28Z","2026-07-20T09:20:29Z","2026-07-20T09:20:30Z","2026-07-20T09:20:31Z","2026-07-20T09:20:32Z","2026-07-20T09:20:33Z","2026-07-20T09:20:34Z","2026-07-20T09:20:35Z","2026-07-20T09:20:36Z","2026-07-20T09:20:37Z","2026-07-20T09:20:38Z","2026-07-20T09:20:39Z","2026-07-20T09:20:40Z","2026-07-20T09:20:41Z","2026-07-20T09:20:42Z","2026-07-20T09:20:43Z","2026-07-20T09:20:45Z","2026-07-20T09:20:47Z","2026-07-20T09:20:50Z","2026-07-20T09:21:27Z","2026-07-20T09:21:29Z","2026-07-20T09:21:31Z","2026-07-20T09:21:33Z","2026-07-20T09:21:34Z","2026-07-20T09:21:35Z","2026-07-20T09:21:36Z","2026-07-20T09:21:37Z","2026-07-20T09:21:38Z","2026-07-20T09:21:39Z","2026-07-20T09:21:40Z","2026-07-20T09:21:41Z","2026-07-20T09:21:42Z","2026-07-20T09:21:43Z","2026-07-20T09:21:44Z","2026-07-20T09:21:45Z","2026-07-20T09:21:46Z","2026-07-20T09:21:47Z","2026-07-20T09:21:49Z","2026-07-20T09:21:51Z","2026-07-20T09:21:53Z","2026-07-20T09:21:56Z","2026-07-20T09:22:09Z","2026-07-20T09:22:12Z","2026-07-20T09:22:14Z","2026-07-20T09:22:16Z","2026-07-20T09:22:18Z","2026-07-20T09:22:19Z","2026-07-20T09:22:21Z","2026-07-20T09:22:23Z","2026-07-20T09:22:24Z","2026-07-20T09:22:25Z","2026-07-20T09:22:27Z","2026-07-20T09:22:29Z","2026-07-20T09:22:30Z","2026-07-20T09:22:32Z","2026-07-20T09:22:34Z","2026-07-20T09:22:36Z","2026-07-20T09:22:38Z","2026-07-20T09:22:39Z","2026-07-20T09:22:40Z","2026-07-20T09:22:42Z","2026-07-20T09:22:43Z","2026-07-20T09:22:44Z","2026-07-20T09:22:45Z","2026-07-20T09:22:46Z","2026-07-20T09:22:47Z","2026-07-20T09:22:47Z","2026-07-20T09:22:48Z","2026-07-20T09:22:49Z","2026-07-20T09:22:50Z","2026-07-20T09:22:51Z","2026-07-20T09:22:52Z","2026-07-20T09:22:53Z","2026-07-20T09:22:54Z","2026-07-20T09:22:55Z","2026-07-20T09:22:56Z","2026-07-20T09:22:57Z","2026-07-20T09:22:58Z","2026-07-20T09:22:59Z","2026-07-20T09:23:00Z","2026-07-20T09:23:01Z","2026-07-20T09:23:02Z","2026-07-20T09:23:03Z","2026-07-20T09:23:04Z","2026-07-20T09:23:06Z","2026-07-20T09:23:08Z","2026-07-20T09:23:10Z","2026-07-20T09:23:12Z","2026-07-20T09:23:14Z","2026-07-20T09:23:16Z","2026-07-20T09:23:18Z","2026-07-20T09:23:19Z","2026-07-20T09:23:20Z","2026-07-20T09:23:22Z","2026-07-20T09:23:23Z","2026-07-20T09:23:25Z","2026-07-20T09:23:26Z","2026-07-20T09:23:27Z","2026-07-20T09:23:28Z","2026-07-20T09:23:29Z","2026-07-20T09:23:30Z","2026-07-20T09:23:31Z","2026-07-20T09:23:32Z","2026-07-20T09:23:33Z","2026-07-20T09:23:34Z","2026-07-20T09:23:35Z","2026-07-20T09:23:36Z","2026-07-20T09:23:37Z","2026-07-20T09:23:38Z","2026-07-20T09:23:39Z","2026-07-20T09:23:40Z","2026-07-20T09:23:41Z","2026-07-20T09:23:42Z","2026-07-20T09:23:43Z","2026-07-20T09:23:44Z","2026-07-20T09:23:45Z","2026-07-20T09:23:46Z","2026-07-20T09:23:47Z","2026-07-20T09:23:48Z","2026-07-20T09:23:49Z","2026-07-20T09:23:50Z","2026-07-20T09:23:51Z","2026-07-20T09:23:52Z","2026-07-20T09:23:53Z","2026-07-20T09:23:54Z","2026-07-20T09:23:55Z","2026-07-20T09:23:56Z","2026-07-20T09:23:57Z","2026-07-20T09:23:58Z","2026-07-20T09:23:59Z","2026-07-20T09:24:00Z","2026-07-20T09:24:01Z","2026-07-20T09:24:02Z","2026-07-20T09:24:03Z","2026-07-20T09:24:04Z","2026-07-20T09:24:05Z","2026-07-20T09:24:06Z","2026-07-20T09:24:07Z","2026-07-20T09:24:08Z","2026-07-20T09:24:09Z","2026-07-20T09:24:10Z","2026-07-20T09:24:11Z","2026-07-20T09:24:12Z","2026-07-20T09:24:13Z","2026-07-20T09:24:14Z","2026-07-20T09:24:15Z","2026-07-20T09:24:16Z","2026-07-20T09:24:17Z","2026-07-20T09:24:18Z","2026-07-20T09:24:19Z","2026-07-20T09:24:20Z","2026-07-20T09:24:21Z","2026-07-20T09:24:22Z","2026-07-20T09:24:23Z","2026-07-20T09:24:24Z","2026-07-20T09:24:25Z","2026-07-20T09:24:26Z","2026-07-20T09:24:27Z","2026-07-20T09:24:28Z","2026-07-20T09:24:29Z","2026-07-20T09:24:30Z","2026-07-20T09:24:31Z","2026-07-20T09:24:32Z","2026-07-20T09:24:33Z","2026-07-20T09:24:34Z","2026-07-20T09:24:35Z","2026-07-20T09:24:36Z","2026-07-20T09:24:37Z","2026-07-20T09:24:38Z","2026-07-20T09:24:39Z","2026-07-20T09:24:40Z","2026-07-20T09:24:41Z","2026-07-20T09:24:42Z","2026-07-20T09:24:43Z","2026-07-20T09:24:43Z","2026-07-20T09:24:44Z","2026-07-20T09:24:45Z","2026-07-20T09:24:46Z","2026-07-20T09:24:47Z","2026-07-20T09:24:48Z","2026-07-20T09:24:49Z","2026-07-20T09:24:50Z","2026-07-20T09:24:51Z","2026-07-20T09:24:52Z","2026-07-20T09:24:53Z","2026-07-20T09:24:54Z","2026-07-20T09:24:55Z","2026-07-20T09:24:56Z","2026-07-20T09:24:57Z","2026-07-20T09:24:58Z","2026-07-20T09:24:59Z","2026-07-20T09:25:00Z","2026-07-20T09:25:01Z","2026-07-20T09:25:02Z","2026-07-20T09:25:03Z","2026-07-20T09:25:04Z","2026-07-20T09:25:05Z","2026-07-20T09:25:06Z","2026-07-20T09:25:07Z","2026-07-20T09:25:08Z","2026-07-20T09:25:09Z","2026-07-20T09:25:10Z","2026-07-20T09:25:11Z","2026-07-20T09:25:12Z","2026-07-20T09:25:13Z","2026-07-20T09:25:14Z","2026-07-20T09:25:15Z","2026-07-20T09:25:16Z","2026-07-20T09:25:17Z","2026-07-20T09:25:18Z","2026-07-20T09:25:19Z","2026-07-20T09:25:20Z","2026-07-20T09:25:21Z","2026-07-20T09:25:22Z","2026-07-20T09:25:23Z","2026-07-20T09:25:24Z","2026-07-20T09:25:25Z","2026-07-20T09:25:26Z","2026-07-20T09:25:27Z","2026-07-20T09:25:28Z","2026-07-20T09:25:29Z","2026-07-20T09:25:31Z","2026-07-20T09:25:32Z","2026-07-20T09:25:33Z","2026-07-20T09:25:34Z","2026-07-20T09:25:35Z","2026-07-20T09:25:36Z","2026-07-20T09:25:37Z","2026-07-20T09:25:38Z","2026-07-20T09:25:39Z","2026-07-20T09:25:40Z","2026-07-20T09:25:41Z","2026-07-20T09:25:42Z","2026-07-20T09:25:43Z","2026-07-20T09:25:44Z","2026-07-20T09:25:45Z","2026-07-20T09:25:46Z","2026-07-20T09:25:47Z","2026-07-20T09:25:48Z","2026-07-20T09:25:49Z","2026-07-20T09:25:50Z","2026-07-20T09:25:51Z","2026-07-20T09:25:52Z","2026-07-20T09:25:53Z","2026-07-20T09:25:54Z","2026-07-20T09:25:55Z","2026-07-20T09:25:56Z","2026-07-20T09:25:57Z","2026-07-20T09:25:58Z","2026-07-20T09:25:59Z","2026-07-20T09:26:00Z","2026-07-20T09:26:01Z","2026-07-20T09:26:02Z","2026-07-20T09:26:03Z","2026-07-20T09:26:04Z","2026-07-20T09:26:05Z","2026-07-20T09:26:06Z","2026-07-20T09:26:07Z","2026-07-20T09:26:08Z","2026-07-20T09:26:09Z","2026-07-20T09:26:10Z","2026-07-20T09:26:11Z","2026-07-20T09:26:12Z","2026-07-20T09:26:13Z","2026-07-20T09:26:14Z","2026-07-20T09:26:15Z","2026-07-20T09:26:16Z","2026-07-20T09:26:17Z","2026-07-20T09:26:18Z","2026-07-20T09:26:19Z","2026-07-20T09:26:20Z","2026-07-20T09:26:21Z","2026-07-20T09:26:22Z","2026-07-20T09:26:23Z","2026-07-20T09:26:24Z","2026-07-20T09:26:25Z","2026-07-20T09:26:26Z","2026-07-20T09:26:27Z","2026-07-20T09:26:28Z","2026-07-20T09:26:29Z","2026-07-20T09:26:30Z","2026-07-20T09:26:31Z","2026-07-20T09:26:32Z","2026-07-20T09:26:33Z","2026-07-20T09:26:34Z","2026-07-20T09:26:35Z","2026-07-20T09:26:36Z","2026-07-20T09:26:37Z","2026-07-20T09:26:38Z","2026-07-20T09:26:39Z","2026-07-20T09:26:40Z","2026-07-20T09:26:41Z","2026-07-20T09:26:42Z","2026-07-20T09:26:43Z","2026-07-20T09:26:44Z","2026-07-20T09:26:45Z","2026-07-20T09:26:46Z","2026-07-20T09:26:47Z","2026-07-20T09:26:48Z","2026-07-20T09:26:49Z","2026-07-20T09:26:50Z","2026-07-20T09:26:51Z","2026-07-20T09:26:52Z","2026-07-20T09:26:53Z","2026-07-20T09:26:54Z","2026-07-20T09:26:55Z","2026-07-20T09:26:55Z","2026-07-20T09:26:56Z","2026-07-20T09:26:57Z","2026-07-20T09:26:58Z","2026-07-20T09:26:59Z","2026-07-20T09:27:00Z","2026-07-20T09:27:01Z","2026-07-20T09:27:02Z","2026-07-20T09:27:03Z","2026-07-20T09:27:04Z","2026-07-20T09:27:05Z","2026-07-20T09:27:06Z","2026-07-20T09:27:07Z","2026-07-20T09:27:08Z","2026-07-20T09:27:09Z","2026-07-20T09:27:10Z","2026-07-20T09:27:11Z","2026-07-20T09:27:12Z","2026-07-20T09:27:13Z","2026-07-20T09:27:14Z","2026-07-20T09:27:15Z","2026-07-20T09:27:16Z","2026-07-20T09:27:17Z","2026-07-20T09:27:18Z","2026-07-20T09:27:19Z","2026-07-20T09:27:20Z","2026-07-20T09:27:21Z","2026-07-20T09:27:22Z","2026-07-20T09:27:23Z","2026-07-20T09:27:24Z","2026-07-20T09:27:25Z","2026-07-20T09:27:26Z","2026-07-20T09:27:27Z","2026-07-20T09:27:28Z","2026-07-20T09:27:29Z","2026-07-20T09:27:30Z","2026-07-20T09:27:31Z","2026-07-20T09:27:32Z","2026-07-20T09:27:33Z","2026-07-20T09:27:34Z","2026-07-20T09:27:35Z","2026-07-20T09:27:37Z","2026-07-20T09:27:38Z","2026-07-20T09:27:39Z","2026-07-20T09:27:40Z","2026-07-20T09:27:41Z","2026-07-20T09:27:42Z","2026-07-20T09:27:43Z","2026-07-20T09:27:44Z","2026-07-20T09:27:45Z","2026-07-20T09:27:46Z","2026-07-20T09:27:47Z","2026-07-20T09:27:48Z","2026-07-20T09:27:49Z","2026-07-20T09:27:50Z","2026-07-20T09:27:51Z","2026-07-20T09:27:52Z","2026-07-20T09:27:53Z","2026-07-20T09:27:54Z","2026-07-20T09:27:55Z","2026-07-20T09:27:56Z","2026-07-20T09:27:57Z","2026-07-20T09:27:58Z","2026-07-20T09:27:59Z","2026-07-20T09:28:00Z","2026-07-20T09:28:01Z","2026-07-20T09:28:02Z","2026-07-20T09:28:03Z","2026-07-20T09:28:04Z","2026-07-20T09:28:05Z","2026-07-20T09:28:06Z","2026-07-20T09:28:07Z","2026-07-20T09:28:08Z","2026-07-20T09:28:09Z","2026-07-20T09:28:10Z","2026-07-20T09:28:11Z","2026-07-20T09:28:12Z","2026-07-20T09:28:13Z","2026-07-20T09:28:14Z","2026-07-20T09:28:15Z","2026-07-20T09:28:16Z","2026-07-20T09:28:17Z","2026-07-20T09:28:18Z","2026-07-20T09:28:19Z","2026-07-20T09:28:20Z","2026-07-20T09:28:21Z","2026-07-20T09:28:22Z","2026-07-20T09:28:23Z","2026-07-20T09:28:24Z","2026-07-20T09:28:25Z","2026-07-20T09:28:26Z","2026-07-20T09:28:27Z","2026-07-20T09:28:28Z","2026-07-20T09:28:29Z","2026-07-20T09:28:30Z","2026-07-20T09:28:31Z","2026-07-20T09:28:32Z","2026-07-20T09:28:33Z","2026-07-20T09:28:34Z","2026-07-20T09:28:35Z","2026-07-20T09:28:36Z","2026-07-20T09:28:37Z","2026-07-20T09:28:38Z","2026-07-20T09:28:39Z","2026-07-20T09:28:40Z","2026-07-20T09:28:41Z","2026-07-20T09:28:42Z","2026-07-20T09:28:43Z","2026-07-20T09:28:44Z","2026-07-20T09:28:45Z","2026-07-20T09:28:46Z","2026-07-20T09:28:47Z","2026-07-20T09:28:48Z","2026-07-20T09:28:49Z","2026-07-20T09:28:50Z","2026-07-20T09:28:50Z","2026-07-20T09:28:51Z","2026-07-20T09:28:52Z","2026-07-20T09:28:53Z","2026-07-20T09:28:54Z","2026-07-20T09:28:55Z","2026-07-20T09:28:56Z","2026-07-20T09:28:57Z","2026-07-20T09:28:58Z","2026-07-20T09:28:59Z","2026-07-20T09:29:00Z","2026-07-20T09:29:01Z","2026-07-20T09:29:02Z","2026-07-20T09:29:03Z","2026-07-20T09:29:04Z","2026-07-20T09:29:05Z","2026-07-20T09:29:06Z","2026-07-20T09:29:07Z","2026-07-20T09:29:08Z","2026-07-20T09:29:09Z","2026-07-20T09:29:10Z","2026-07-20T09:29:11Z","2026-07-20T09:29:12Z","2026-07-20T09:29:13Z","2026-07-20T09:29:14Z","2026-07-20T09:29:15Z","2026-07-20T09:29:16Z","2026-07-20T09:29:17Z","2026-07-20T09:29:18Z","2026-07-20T09:29:19Z","2026-07-20T09:29:20Z","2026-07-20T09:29:21Z","2026-07-20T09:29:22Z","2026-07-20T09:29:23Z","2026-07-20T09:29:24Z","2026-07-20T09:29:25Z","2026-07-20T09:29:26Z","2026-07-20T09:29:27Z","2026-07-20T09:29:28Z","2026-07-20T09:29:29Z","2026-07-20T09:29:30Z","2026-07-20T09:29:31Z","2026-07-20T09:29:32Z","2026-07-20T09:29:33Z","2026-07-20T09:29:34Z","2026-07-20T09:29:35Z","2026-07-20T09:29:36Z","2026-07-20T09:29:37Z","2026-07-20T09:29:38Z","2026-07-20T09:29:39Z","2026-07-20T09:29:40Z","2026-07-20T09:29:41Z","2026-07-20T09:29:43Z","2026-07-20T09:29:44Z","2026-07-20T09:29:45Z","2026-07-20T09:29:46Z","2026-07-20T09:29:47Z","2026-07-20T09:29:48Z","2026-07-20T09:29:49Z","2026-07-20T09:29:50Z","2026-07-20T09:29:51Z","2026-07-20T09:29:52Z","2026-07-20T09:29:53Z","2026-07-20T09:29:54Z","2026-07-20T09:29:55Z","2026-07-20T09:29:56Z","2026-07-20T09:29:57Z","2026-07-20T09:29:58Z","2026-07-20T09:29:59Z","2026-07-20T09:30:00Z","2026-07-20T09:30:01Z","2026-07-20T09:30:02Z","2026-07-20T09:30:03Z","2026-07-20T09:30:04Z","2026-07-20T09:30:05Z","2026-07-20T09:30:06Z","2026-07-20T09:30:07Z","2026-07-20T09:30:08Z","2026-07-20T09:30:09Z","2026-07-20T09:30:10Z","2026-07-20T09:30:11Z","2026-07-20T09:30:12Z","2026-07-20T09:30:13Z","2026-07-20T09:30:14Z","2026-07-20T09:30:15Z","2026-07-20T09:30:16Z","2026-07-20T09:30:17Z","2026-07-20T09:30:18Z","2026-07-20T09:30:19Z","2026-07-20T09:30:20Z","2026-07-20T09:30:21Z","2026-07-20T09:30:22Z","2026-07-20T09:30:23Z","2026-07-20T09:30:24Z","2026-07-20T09:30:25Z","2026-07-20T09:30:26Z","2026-07-20T09:30:27Z","2026-07-20T09:30:28Z","2026-07-20T09:30:29Z","2026-07-20T09:30:30Z","2026-07-20T09:30:31Z","2026-07-20T09:30:32Z","2026-07-20T09:30:33Z","2026-07-20T09:30:34Z","2026-07-20T09:30:35Z","2026-07-20T09:30:36Z","2026-07-20T09:30:37Z","2026-07-20T09:30:38Z","2026-07-20T09:30:39Z","2026-07-20T09:30:40Z","2026-07-20T09:30:41Z","2026-07-20T09:30:42Z","2026-07-20T09:30:43Z","2026-07-20T09:30:44Z","2026-07-20T09:30:45Z","2026-07-20T09:30:46Z","2026-07-20T09:30:47Z","2026-07-20T09:30:48Z","2026-07-20T09:30:48Z","2026-07-20T09:30:49Z","2026-07-20T09:30:50Z","2026-07-20T09:30:51Z","2026-07-20T09:30:52Z","2026-07-20T09:30:53Z","2026-07-20T09:30:54Z","2026-07-20T09:30:55Z","2026-07-20T09:30:56Z","2026-07-20T09:30:57Z","2026-07-20T09:30:58Z","2026-07-20T09:30:59Z","2026-07-20T09:31:00Z","2026-07-20T09:31:01Z","2026-07-20T09:31:02Z","2026-07-20T09:31:03Z","2026-07-20T09:31:04Z","2026-07-20T09:31:05Z","2026-07-20T09:31:06Z","2026-07-20T09:31:07Z","2026-07-20T09:31:08Z","2026-07-20T09:31:09Z","2026-07-20T09:31:10Z","2026-07-20T09:31:11Z","2026-07-20T09:31:12Z","2026-07-20T09:31:13Z","2026-07-20T09:31:14Z","2026-07-20T09:31:15Z","2026-07-20T09:31:16Z","2026-07-20T09:31:17Z","2026-07-20T09:31:18Z","2026-07-20T09:31:19Z","2026-07-20T09:31:20Z","2026-07-20T09:31:21Z","2026-07-20T09:31:22Z","2026-07-20T09:31:23Z","2026-07-20T09:31:24Z","2026-07-20T09:31:25Z","2026-07-20T09:31:26Z","2026-07-20T09:31:27Z","2026-07-20T09:31:28Z","2026-07-20T09:31:29Z","2026-07-20T09:31:30Z","2026-07-20T09:31:31Z","2026-07-20T09:31:32Z","2026-07-20T09:31:33Z","2026-07-20T09:31:34Z","2026-07-20T09:31:35Z","2026-07-20T09:31:36Z","2026-07-20T09:31:37Z","2026-07-20T09:31:38Z","2026-07-20T09:31:39Z","2026-07-20T09:31:40Z","2026-07-20T09:31:41Z","2026-07-20T09:31:42Z","2026-07-20T09:31:43Z","2026-07-20T09:31:44Z","2026-07-20T09:31:45Z","2026-07-20T09:31:46Z","2026-07-20T09:31:47Z","2026-07-20T09:31:49Z","2026-07-20T09:31:50Z","2026-07-20T09:31:51Z","2026-07-20T09:31:52Z","2026-07-20T09:31:53Z","2026-07-20T09:31:54Z","2026-07-20T09:31:55Z","2026-07-20T09:31:56Z","2026-07-20T09:31:57Z","2026-07-20T09:31:58Z","2026-07-20T09:31:59Z","2026-07-20T09:32:00Z","2026-07-20T09:32:01Z","2026-07-20T09:32:02Z","2026-07-20T09:32:03Z","2026-07-20T09:32:04Z","2026-07-20T09:32:05Z","2026-07-20T09:32:06Z","2026-07-20T09:32:07Z","2026-07-20T09:32:08Z","2026-07-20T09:32:09Z","2026-07-20T09:32:10Z","2026-07-20T09:32:11Z","2026-07-20T09:32:12Z","2026-07-20T09:32:13Z","2026-07-20T09:32:14Z","2026-07-20T09:32:15Z","2026-07-20T09:32:16Z","2026-07-20T09:32:17Z","2026-07-20T09:32:18Z","2026-07-20T09:32:19Z","2026-07-20T09:32:20Z","2026-07-20T09:32:21Z","2026-07-20T09:32:22Z","2026-07-20T09:32:23Z","2026-07-20T09:32:24Z","2026-07-20T09:32:25Z","2026-07-20T09:32:26Z","2026-07-20T09:32:27Z","2026-07-20T09:32:28Z","2026-07-20T09:32:29Z","2026-07-20T09:32:30Z","2026-07-20T09:32:31Z","2026-07-20T09:32:32Z","2026-07-20T09:32:33Z","2026-07-20T09:32:34Z","2026-07-20T09:32:35Z","2026-07-20T09:32:36Z","2026-07-20T09:32:37Z","2026-07-20T09:32:38Z","2026-07-20T09:32:39Z","2026-07-20T09:32:40Z","2026-07-20T09:32:41Z","2026-07-20T09:32:42Z","2026-07-20T09:32:43Z","2026-07-20T09:32:44Z","2026-07-20T09:32:45Z","2026-07-20T09:32:46Z","2026-07-20T09:32:47Z","2026-07-20T09:32:48Z","2026-07-20T09:32:49Z","2026-07-20T09:32:50Z","2026-07-20T09:32:51Z","2026-07-20T09:32:52Z","2026-07-20T09:32:53Z","2026-07-20T09:32:54Z","2026-07-20T09:32:55Z","2026-07-20T09:32:55Z","2026-07-20T09:32:56Z","2026-07-20T09:32:57Z","2026-07-20T09:32:58Z","2026-07-20T09:32:59Z","2026-07-20T09:33:00Z","2026-07-20T09:33:01Z","2026-07-20T09:33:02Z","2026-07-20T09:33:03Z","2026-07-20T09:33:04Z","2026-07-20T09:33:05Z","2026-07-20T09:33:06Z","2026-07-20T09:33:07Z","2026-07-20T09:33:08Z","2026-07-20T09:33:09Z","2026-07-20T09:33:10Z","2026-07-20T09:33:11Z","2026-07-20T09:33:12Z","2026-07-20T09:33:13Z","2026-07-20T09:33:14Z","2026-07-20T09:33:15Z","2026-07-20T09:33:16Z","2026-07-20T09:33:17Z","2026-07-20T09:33:18Z","2026-07-20T09:33:19Z","2026-07-20T09:33:20Z","2026-07-20T09:33:21Z","2026-07-20T09:33:22Z","2026-07-20T09:33:23Z","2026-07-20T09:33:24Z","2026-07-20T09:33:25Z","2026-07-20T09:33:26Z","2026-07-20T09:33:27Z","2026-07-20T09:33:28Z","2026-07-20T09:33:29Z","2026-07-20T09:33:30Z","2026-07-20T09:33:31Z","2026-07-20T09:33:32Z","2026-07-20T09:33:33Z","2026-07-20T09:33:34Z","2026-07-20T09:33:35Z","2026-07-20T09:33:36Z","2026-07-20T09:33:37Z","2026-07-20T09:33:38Z","2026-07-20T09:33:39Z","2026-07-20T09:33:40Z","2026-07-20T09:33:41Z","2026-07-20T09:33:42Z","2026-07-20T09:33:43Z","2026-07-20T09:33:44Z","2026-07-20T09:33:45Z","2026-07-20T09:33:46Z","2026-07-20T09:33:47Z","2026-07-20T09:33:48Z","2026-07-20T09:33:49Z","2026-07-20T09:33:50Z","2026-07-20T09:33:51Z","2026-07-20T09:33:52Z","2026-07-20T09:33:53Z","2026-07-20T09:33:55Z","2026-07-20T09:33:56Z","2026-07-20T09:33:57Z","2026-07-20T09:33:58Z","2026-07-20T09:33:59Z","2026-07-20T09:34:00Z","2026-07-20T09:34:01Z","2026-07-20T09:34:02Z","2026-07-20T09:34:03Z","2026-07-20T09:34:04Z","2026-07-20T09:34:05Z","2026-07-20T09:34:06Z","2026-07-20T09:34:07Z","2026-07-20T09:34:08Z","2026-07-20T09:34:09Z","2026-07-20T09:34:10Z","2026-07-20T09:34:11Z","2026-07-20T09:34:13Z","2026-07-20T09:34:15Z","2026-07-20T09:34:17Z","2026-07-20T09:34:19Z","2026-07-20T09:34:22Z","2026-07-20T09:34:25Z","2026-07-20T09:34:27Z","2026-07-20T09:34:29Z","2026-07-20T09:34:31Z","2026-07-20T09:34:33Z","2026-07-20T09:34:35Z","2026-07-20T09:34:37Z","2026-07-20T09:34:39Z","2026-07-20T09:34:41Z","2026-07-20T09:34:43Z","2026-07-20T09:34:44Z","2026-07-20T09:34:45Z","2026-07-20T09:34:46Z","2026-07-20T09:34:47Z","2026-07-20T09:34:48Z","2026-07-20T09:34:49Z","2026-07-20T09:34:50Z","2026-07-20T09:34:51Z","2026-07-20T09:34:52Z","2026-07-20T09:34:53Z","2026-07-20T09:34:54Z","2026-07-20T09:34:55Z","2026-07-20T09:34:56Z","2026-07-20T09:34:57Z","2026-07-20T09:34:58Z","2026-07-20T09:34:58Z","2026-07-20T09:34:59Z","2026-07-20T09:35:00Z","2026-07-20T09:35:01Z","2026-07-20T09:35:02Z","2026-07-20T09:35:03Z","2026-07-20T09:35:04Z","2026-07-20T09:35:05Z","2026-07-20T09:35:06Z","2026-07-20T09:35:07Z","2026-07-20T09:35:08Z","2026-07-20T09:35:09Z","2026-07-20T09:35:10Z","2026-07-20T09:35:11Z","2026-07-20T09:35:12Z","2026-07-20T09:35:13Z","2026-07-20T09:35:14Z","2026-07-20T09:35:15Z","2026-07-20T09:35:16Z","2026-07-20T09:35:17Z","2026-07-20T09:35:18Z","2026-07-20T09:35:19Z","2026-07-20T09:35:20Z","2026-07-20T09:35:21Z","2026-07-20T09:35:22Z","2026-07-20T09:35:23Z","2026-07-20T09:35:24Z","2026-07-20T09:35:25Z","2026-07-20T09:35:26Z","2026-07-20T09:35:27Z","2026-07-20T09:35:28Z","2026-07-20T09:35:29Z","2026-07-20T09:35:30Z","2026-07-20T09:35:31Z","2026-07-20T09:35:32Z","2026-07-20T09:35:33Z","2026-07-20T09:35:34Z","2026-07-20T09:35:35Z","2026-07-20T09:35:36Z","2026-07-20T09:35:37Z","2026-07-20T09:35:38Z","2026-07-20T09:35:39Z","2026-07-20T09:35:40Z","2026-07-20T09:35:41Z","2026-07-20T09:35:42Z","2026-07-20T09:35:43Z","2026-07-20T09:35:44Z","2026-07-20T09:35:45Z","2026-07-20T09:35:47Z","2026-07-20T09:35:50Z","2026-07-20T09:35:53Z","2026-07-20T09:35:56Z","2026-07-20T09:36:01Z","2026-07-20T09:36:05Z","2026-07-20T09:36:09Z","2026-07-20T09:36:13Z","2026-07-20T09:36:16Z","2026-07-20T09:36:21Z","2026-07-20T09:36:24Z","2026-07-20T09:36:27Z","2026-07-20T09:36:30Z","2026-07-20T09:36:32Z","2026-07-20T09:36:34Z","2026-07-20T09:36:36Z","2026-07-20T09:36:38Z","2026-07-20T09:36:40Z","2026-07-20T09:36:42Z","2026-07-20T09:36:44Z","2026-07-20T09:36:46Z","2026-07-20T09:36:48Z","2026-07-20T09:36:50Z","2026-07-20T09:36:52Z","2026-07-20T09:36:54Z","2026-07-20T09:36:56Z","2026-07-20T09:36:58Z","2026-07-20T09:37:01Z","2026-07-20T09:37:04Z","2026-07-20T09:37:08Z","2026-07-20T09:37:12Z","2026-07-20T09:37:15Z","2026-07-20T09:37:18Z","2026-07-20T09:37:21Z","2026-07-20T09:37:25Z","2026-07-20T09:37:30Z","2026-07-20T09:37:34Z","2026-07-20T09:37:38Z","2026-07-20T09:37:44Z","2026-07-20T09:37:48Z","2026-07-20T09:37:51Z","2026-07-20T09:37:54Z","2026-07-20T09:37:57Z","2026-07-20T09:37:59Z","2026-07-20T09:38:01Z","2026-07-20T09:38:03Z","2026-07-20T09:38:05Z","2026-07-20T09:38:08Z","2026-07-20T09:38:10Z","2026-07-20T09:38:11Z","2026-07-20T09:38:12Z","2026-07-20T09:38:13Z","2026-07-20T09:38:14Z","2026-07-20T09:38:15Z","2026-07-20T09:38:16Z","2026-07-20T09:38:17Z","2026-07-20T09:38:18Z","2026-07-20T09:38:19Z","2026-07-20T09:38:20Z","2026-07-20T09:38:21Z","2026-07-20T09:38:22Z","2026-07-20T09:38:23Z","2026-07-20T09:38:24Z","2026-07-20T09:38:25Z","2026-07-20T09:38:26Z","2026-07-20T09:38:27Z","2026-07-20T09:38:28Z","2026-07-20T09:38:29Z","2026-07-20T09:38:30Z","2026-07-20T09:38:31Z","2026-07-20T09:38:32Z","2026-07-20T09:38:33Z","2026-07-20T09:38:34Z","2026-07-20T09:38:35Z","2026-07-20T09:38:36Z","2026-07-20T09:38:37Z","2026-07-20T09:38:38Z","2026-07-20T09:38:39Z","2026-07-20T09:38:40Z","2026-07-20T09:38:41Z","2026-07-20T09:38:42Z","2026-07-20T09:38:43Z","2026-07-20T09:38:44Z","2026-07-20T09:38:45Z","2026-07-20T09:38:46Z","2026-07-20T09:38:47Z","2026-07-20T09:38:48Z","2026-07-20T09:38:49Z","2026-07-20T09:38:50Z","2026-07-20T09:38:51Z","2026-07-20T09:38:52Z","2026-07-20T09:38:53Z","2026-07-20T09:38:54Z","2026-07-20T09:38:55Z","2026-07-20T09:38:56Z","2026-07-20T09:38:57Z","2026-07-20T09:38:58Z","2026-07-20T09:38:59Z","2026-07-20T09:39:00Z","2026-07-20T09:39:01Z","2026-07-20T09:39:02Z","2026-07-20T09:39:03Z","2026-07-20T09:39:04Z","2026-07-20T09:39:05Z","2026-07-20T09:39:06Z","2026-07-20T09:39:06Z","2026-07-20T09:39:07Z","2026-07-20T09:39:08Z","2026-07-20T09:39:09Z","2026-07-20T09:39:10Z","2026-07-20T09:39:11Z","2026-07-20T09:39:12Z","2026-07-20T09:39:13Z","2026-07-20T09:39:14Z","2026-07-20T09:39:15Z","2026-07-20T09:39:16Z","2026-07-20T09:39:17Z","2026-07-20T09:39:18Z","2026-07-20T09:39:19Z","2026-07-20T09:39:20Z","2026-07-20T09:39:21Z","2026-07-20T09:39:22Z","2026-07-20T09:39:23Z","2026-07-20T09:39:25Z","2026-07-20T09:39:27Z","2026-07-20T09:39:29Z","2026-07-20T09:39:31Z","2026-07-20T09:39:32Z","2026-07-20T09:39:33Z","2026-07-20T09:39:34Z","2026-07-20T09:39:35Z","2026-07-20T09:39:36Z","2026-07-20T09:39:37Z","2026-07-20T09:39:38Z","2026-07-20T09:39:39Z","2026-07-20T09:39:40Z","2026-07-20T09:39:41Z","2026-07-20T09:39:42Z","2026-07-20T09:39:43Z","2026-07-20T09:39:44Z","2026-07-20T09:39:45Z","2026-07-20T09:39:46Z","2026-07-20T09:39:47Z","2026-07-20T09:39:48Z","2026-07-20T09:39:49Z","2026-07-20T09:39:50Z","2026-07-20T09:39:51Z","2026-07-20T09:39:52Z","2026-07-20T09:39:53Z","2026-07-20T09:39:54Z","2026-07-20T09:39:55Z","2026-07-20T09:39:56Z","2026-07-20T09:39:57Z","2026-07-20T09:39:58Z","2026-07-20T09:39:59Z","2026-07-20T09:40:00Z","2026-07-20T09:40:01Z","2026-07-20T09:40:02Z","2026-07-20T09:40:03Z","2026-07-20T09:40:04Z","2026-07-20T09:40:05Z","2026-07-20T09:40:06Z","2026-07-20T09:40:07Z","2026-07-20T09:40:08Z","2026-07-20T09:40:09Z","2026-07-20T09:40:10Z","2026-07-20T09:40:11Z","2026-07-20T09:40:13Z","2026-07-20T09:40:14Z","2026-07-20T09:40:15Z","2026-07-20T09:40:16Z","2026-07-20T09:40:17Z","2026-07-20T09:40:18Z","2026-07-20T09:40:19Z","2026-07-20T09:40:20Z","2026-07-20T09:40:21Z","2026-07-20T09:40:22Z","2026-07-20T09:40:23Z","2026-07-20T09:40:24Z","2026-07-20T09:40:25Z","2026-07-20T09:40:26Z","2026-07-20T09:40:27Z","2026-07-20T09:40:28Z","2026-07-20T09:40:29Z","2026-07-20T09:40:30Z","2026-07-20T09:40:31Z","2026-07-20T09:40:32Z","2026-07-20T09:40:33Z","2026-07-20T09:40:34Z","2026-07-20T09:40:35Z","2026-07-20T09:40:36Z","2026-07-20T09:40:37Z","2026-07-20T09:40:39Z","2026-07-20T09:40:41Z","2026-07-20T09:40:43Z","2026-07-20T09:40:46Z","2026-07-20T09:40:49Z","2026-07-20T09:40:52Z","2026-07-20T09:40:54Z","2026-07-20T09:40:57Z","2026-07-20T09:41:00Z","2026-07-20T09:41:02Z","2026-07-20T09:41:03Z","2026-07-20T09:41:04Z","2026-07-20T09:41:05Z","2026-07-20T09:41:06Z","2026-07-20T09:41:07Z","2026-07-20T09:41:08Z","2026-07-20T09:41:09Z","2026-07-20T09:41:09Z","2026-07-20T09:41:10Z","2026-07-20T09:41:11Z","2026-07-20T09:41:12Z","2026-07-20T09:41:13Z","2026-07-20T09:41:14Z","2026-07-20T09:41:15Z","2026-07-20T09:41:17Z","2026-07-20T09:41:19Z","2026-07-20T09:41:22Z","2026-07-20T09:41:24Z","2026-07-20T09:41:26Z","2026-07-20T09:41:28Z","2026-07-20T09:41:30Z","2026-07-20T09:41:31Z","2026-07-20T09:41:32Z","2026-07-20T09:41:33Z","2026-07-20T09:41:34Z","2026-07-20T09:41:35Z","2026-07-20T09:41:36Z","2026-07-20T09:41:37Z","2026-07-20T09:41:38Z","2026-07-20T09:41:39Z","2026-07-20T09:41:40Z","2026-07-20T09:41:41Z","2026-07-20T09:41:42Z","2026-07-20T09:41:43Z","2026-07-20T09:41:44Z","2026-07-20T09:41:45Z","2026-07-20T09:41:46Z","2026-07-20T09:41:47Z","2026-07-20T09:41:48Z","2026-07-20T09:41:49Z","2026-07-20T09:41:50Z","2026-07-20T09:41:51Z","2026-07-20T09:41:52Z","2026-07-20T09:41:53Z","2026-07-20T09:41:54Z","2026-07-20T09:41:55Z","2026-07-20T09:41:56Z","2026-07-20T09:41:57Z","2026-07-20T09:41:58Z","2026-07-20T09:41:59Z","2026-07-20T09:42:00Z","2026-07-20T09:42:01Z","2026-07-20T09:42:02Z","2026-07-20T09:42:03Z","2026-07-20T09:42:04Z","2026-07-20T09:42:05Z","2026-07-20T09:42:07Z","2026-07-20T09:42:09Z","2026-07-20T09:42:11Z","2026-07-20T09:42:13Z","2026-07-20T09:42:15Z","2026-07-20T09:42:16Z","2026-07-20T09:42:17Z","2026-07-20T09:42:20Z","2026-07-20T09:42:22Z","2026-07-20T09:42:24Z","2026-07-20T09:42:27Z","2026-07-20T09:42:29Z","2026-07-20T09:42:31Z","2026-07-20T09:42:32Z","2026-07-20T09:42:33Z","2026-07-20T09:42:34Z","2026-07-20T09:42:35Z","2026-07-20T09:42:36Z","2026-07-20T09:42:37Z","2026-07-20T09:42:38Z","2026-07-20T09:42:40Z","2026-07-20T09:42:42Z","2026-07-20T09:42:45Z","2026-07-20T09:42:47Z","2026-07-20T09:42:48Z","2026-07-20T09:42:49Z","2026-07-20T09:42:50Z","2026-07-20T09:42:51Z","2026-07-20T09:42:52Z","2026-07-20T09:42:53Z","2026-07-20T09:42:54Z","2026-07-20T09:42:55Z","2026-07-20T09:42:56Z","2026-07-20T09:42:57Z","2026-07-20T09:42:58Z","2026-07-20T09:43:00Z","2026-07-20T09:43:02Z","2026-07-20T09:43:04Z","2026-07-20T09:43:06Z","2026-07-20T09:43:08Z","2026-07-20T09:43:10Z","2026-07-20T09:43:12Z","2026-07-20T09:43:14Z","2026-07-20T09:43:16Z","2026-07-20T09:43:18Z","2026-07-20T09:43:20Z","2026-07-20T09:43:23Z","2026-07-20T09:43:28Z","2026-07-20T09:43:30Z","2026-07-20T09:43:34Z","2026-07-20T09:43:36Z","2026-07-20T09:43:38Z","2026-07-20T09:43:40Z","2026-07-20T09:43:43Z","2026-07-20T09:43:46Z","2026-07-20T09:43:48Z","2026-07-20T09:43:50Z","2026-07-20T09:43:52Z","2026-07-20T09:43:54Z","2026-07-20T09:43:56Z","2026-07-20T09:43:58Z","2026-07-20T09:44:00Z","2026-07-20T09:44:02Z","2026-07-20T09:44:05Z","2026-07-20T09:44:08Z","2026-07-20T09:44:10Z","2026-07-20T09:44:12Z","2026-07-20T09:44:14Z","2026-07-20T09:44:16Z","2026-07-20T09:44:18Z","2026-07-20T09:44:20Z","2026-07-20T09:44:22Z","2026-07-20T09:44:25Z","2026-07-20T09:44:27Z","2026-07-20T09:44:29Z","2026-07-20T09:44:31Z","2026-07-20T09:44:33Z","2026-07-20T09:44:36Z","2026-07-20T09:44:38Z","2026-07-20T09:44:40Z","2026-07-20T09:44:42Z","2026-07-20T09:44:44Z","2026-07-20T09:44:46Z","2026-07-20T09:44:47Z","2026-07-20T09:44:48Z","2026-07-20T09:44:49Z","2026-07-20T09:44:50Z","2026-07-20T09:44:51Z","2026-07-20T09:44:52Z","2026-07-20T09:44:53Z","2026-07-20T09:44:54Z","2026-07-20T09:44:55Z","2026-07-20T09:44:56Z","2026-07-20T09:44:57Z","2026-07-20T09:44:58Z","2026-07-20T09:44:59Z","2026-07-20T09:45:00Z","2026-07-20T09:45:02Z","2026-07-20T09:45:04Z","2026-07-20T09:45:06Z","2026-07-20T09:45:08Z","2026-07-20T09:45:11Z","2026-07-20T09:45:15Z","2026-07-20T09:45:19Z","2026-07-20T09:45:21Z","2026-07-20T09:45:23Z","2026-07-20T09:45:24Z","2026-07-20T09:45:25Z","2026-07-20T09:45:26Z","2026-07-20T09:45:27Z","2026-07-20T09:45:28Z","2026-07-20T09:45:29Z","2026-07-20T09:45:30Z","2026-07-20T09:45:31Z","2026-07-20T09:45:32Z","2026-07-20T09:45:33Z","2026-07-20T09:45:33Z","2026-07-20T09:45:34Z","2026-07-20T09:45:35Z","2026-07-20T09:45:36Z","2026-07-20T09:45:38Z","2026-07-20T09:45:40Z","2026-07-20T09:45:42Z","2026-07-20T09:45:44Z","2026-07-20T09:45:46Z","2026-07-20T09:45:48Z","2026-07-20T09:45:50Z","2026-07-20T09:45:52Z","2026-07-20T09:45:53Z","2026-07-20T09:45:54Z","2026-07-20T09:45:55Z","2026-07-20T09:45:56Z","2026-07-20T09:45:57Z","2026-07-20T09:45:58Z","2026-07-20T09:46:00Z","2026-07-20T09:46:02Z","2026-07-20T09:46:04Z","2026-07-20T09:46:06Z","2026-07-20T09:46:08Z","2026-07-20T09:46:10Z","2026-07-20T09:46:12Z","2026-07-20T09:46:14Z","2026-07-20T09:46:16Z","2026-07-20T09:46:18Z","2026-07-20T09:46:20Z","2026-07-20T09:46:22Z","2026-07-20T09:46:24Z","2026-07-20T09:46:25Z","2026-07-20T09:46:26Z","2026-07-20T09:46:28Z","2026-07-20T09:46:31Z","2026-07-20T09:46:35Z","2026-07-20T09:46:42Z","2026-07-20T09:47:18Z","2026-07-20T09:47:48Z","2026-07-20T09:47:50Z","2026-07-20T09:47:51Z","2026-07-20T09:47:52Z","2026-07-20T09:47:53Z","2026-07-20T09:47:54Z","2026-07-20T09:47:55Z","2026-07-20T09:47:56Z","2026-07-20T09:47:57Z","2026-07-20T09:47:57Z","2026-07-20T09:47:58Z","2026-07-20T09:47:59Z","2026-07-20T09:48:00Z","2026-07-20T09:48:01Z","2026-07-20T09:48:02Z","2026-07-20T09:48:03Z","2026-07-20T09:48:04Z","2026-07-20T09:48:05Z","2026-07-20T09:48:06Z","2026-07-20T09:48:07Z","2026-07-20T09:48:08Z","2026-07-20T09:48:09Z","2026-07-20T09:48:10Z","2026-07-20T09:48:11Z","2026-07-20T09:48:12Z","2026-07-20T09:48:13Z","2026-07-20T09:48:14Z","2026-07-20T09:48:15Z","2026-07-20T09:48:16Z","2026-07-20T09:48:17Z","2026-07-20T09:48:18Z","2026-07-20T09:48:19Z","2026-07-20T09:48:20Z","2026-07-20T09:48:21Z","2026-07-20T09:48:22Z","2026-07-20T09:48:23Z","2026-07-20T09:48:24Z","2026-07-20T09:48:25Z","2026-07-20T09:48:26Z","2026-07-20T09:48:27Z","2026-07-20T09:48:28Z","2026-07-20T09:48:29Z","2026-07-20T09:48:30Z","2026-07-20T09:48:31Z","2026-07-20T09:48:32Z","2026-07-20T09:48:33Z","2026-07-20T09:48:34Z","2026-07-20T09:48:35Z","2026-07-20T09:48:37Z","2026-07-20T09:48:38Z","2026-07-20T09:48:39Z","2026-07-20T09:48:40Z","2026-07-20T09:48:41Z","2026-07-20T09:48:42Z","2026-07-20T09:48:43Z","2026-07-20T09:48:44Z","2026-07-20T09:48:45Z","2026-07-20T09:48:46Z","2026-07-20T09:48:47Z","2026-07-20T09:48:48Z","2026-07-20T09:48:49Z","2026-07-20T09:48:50Z","2026-07-20T09:48:51Z","2026-07-20T09:48:52Z","2026-07-20T09:48:53Z","2026-07-20T09:48:54Z","2026-07-20T09:48:55Z","2026-07-20T09:48:56Z","2026-07-20T09:48:57Z","2026-07-20T09:48:58Z","2026-07-20T09:48:59Z","2026-07-20T09:49:00Z","2026-07-20T09:49:01Z","2026-07-20T09:49:02Z","2026-07-20T09:49:03Z","2026-07-20T09:49:04Z","2026-07-20T09:49:05Z","2026-07-20T09:49:06Z","2026-07-20T09:49:07Z","2026-07-20T09:49:08Z","2026-07-20T09:49:09Z","2026-07-20T09:49:10Z","2026-07-20T09:49:11Z","2026-07-20T09:49:12Z","2026-07-20T09:49:13Z","2026-07-20T09:49:14Z","2026-07-20T09:49:15Z","2026-07-20T09:49:16Z","2026-07-20T09:49:17Z","2026-07-20T09:49:18Z","2026-07-20T09:49:19Z","2026-07-20T09:49:20Z","2026-07-20T09:49:21Z","2026-07-20T09:49:22Z","2026-07-20T09:49:23Z","2026-07-20T09:49:24Z","2026-07-20T09:49:25Z","2026-07-20T09:49:26Z","2026-07-20T09:49:27Z","2026-07-20T09:49:28Z","2026-07-20T09:49:29Z","2026-07-20T09:49:30Z","2026-07-20T09:49:31Z","2026-07-20T09:49:32Z","2026-07-20T09:49:33Z","2026-07-20T09:49:34Z","2026-07-20T09:49:35Z","2026-07-20T09:49:36Z","2026-07-20T09:49:37Z","2026-07-20T09:49:38Z","2026-07-20T09:49:39Z","2026-07-20T09:49:40Z","2026-07-20T09:49:41Z","2026-07-20T09:49:42Z","2026-07-20T09:49:43Z","2026-07-20T09:49:44Z","2026-07-20T09:49:45Z","2026-07-20T09:49:46Z","2026-07-20T09:49:47Z","2026-07-20T09:49:48Z","2026-07-20T09:49:49Z","2026-07-20T09:49:50Z","2026-07-20T09:49:51Z","2026-07-20T09:49:52Z","2026-07-20T09:49:53Z","2026-07-20T09:49:54Z","2026-07-20T09:49:55Z","2026-07-20T09:49:56Z","2026-07-20T09:49:57Z","2026-07-20T09:49:58Z","2026-07-20T09:49:59Z","2026-07-20T09:50:00Z","2026-07-20T09:50:01Z","2026-07-20T09:50:02Z","2026-07-20T09:50:02Z","2026-07-20T09:50:03Z","2026-07-20T09:50:04Z","2026-07-20T09:50:05Z","2026-07-20T09:50:06Z","2026-07-20T09:50:07Z","2026-07-20T09:50:08Z","2026-07-20T09:50:09Z","2026-07-20T09:50:10Z","2026-07-20T09:50:11Z","2026-07-20T09:50:12Z","2026-07-20T09:50:13Z","2026-07-20T09:50:14Z","2026-07-20T09:50:15Z","2026-07-20T09:50:16Z","2026-07-20T09:50:17Z","2026-07-20T09:50:18Z","2026-07-20T09:50:19Z","2026-07-20T09:50:20Z","2026-07-20T09:50:21Z","2026-07-20T09:50:22Z","2026-07-20T09:50:23Z","2026-07-20T09:50:24Z","2026-07-20T09:50:25Z","2026-07-20T09:50:26Z","2026-07-20T09:50:27Z","2026-07-20T09:50:28Z","2026-07-20T09:50:29Z","2026-07-20T09:50:30Z","2026-07-20T09:50:31Z","2026-07-20T09:50:32Z","2026-07-20T09:50:33Z","2026-07-20T09:50:34Z","2026-07-20T09:50:35Z","2026-07-20T09:50:36Z","2026-07-20T09:50:37Z","2026-07-20T09:50:38Z","2026-07-20T09:50:39Z","2026-07-20T09:50:40Z","2026-07-20T09:50:41Z","2026-07-20T09:50:43Z","2026-07-20T09:50:44Z","2026-07-20T09:50:45Z","2026-07-20T09:50:46Z","2026-07-20T09:50:47Z","2026-07-20T09:50:48Z","2026-07-20T09:50:49Z","2026-07-20T09:50:50Z","2026-07-20T09:50:51Z","2026-07-20T09:50:52Z","2026-07-20T09:50:53Z","2026-07-20T09:50:54Z","2026-07-20T09:50:55Z","2026-07-20T09:50:56Z","2026-07-20T09:50:57Z","2026-07-20T09:50:58Z","2026-07-20T09:50:59Z","2026-07-20T09:51:00Z","2026-07-20T09:51:01Z","2026-07-20T09:51:02Z","2026-07-20T09:51:03Z","2026-07-20T09:51:04Z","2026-07-20T09:51:05Z","2026-07-20T09:51:06Z","2026-07-20T09:51:07Z","2026-07-20T09:51:08Z","2026-07-20T09:51:09Z","2026-07-20T09:51:10Z","2026-07-20T09:51:11Z","2026-07-20T09:51:12Z","2026-07-20T09:51:13Z","2026-07-20T09:51:14Z","2026-07-20T09:51:15Z","2026-07-20T09:51:16Z","2026-07-20T09:51:17Z","2026-07-20T09:51:18Z","2026-07-20T09:51:19Z","2026-07-20T09:51:20Z","2026-07-20T09:51:21Z","2026-07-20T09:51:22Z","2026-07-20T09:51:23Z","2026-07-20T09:51:24Z","2026-07-20T09:51:25Z","2026-07-20T09:51:26Z","2026-07-20T09:51:27Z","2026-07-20T09:51:28Z","2026-07-20T09:51:29Z","2026-07-20T09:51:30Z","2026-07-20T09:51:31Z","2026-07-20T09:51:32Z","2026-07-20T09:51:33Z","2026-07-20T09:51:34Z","2026-07-20T09:51:35Z","2026-07-20T09:51:36Z","2026-07-20T09:51:37Z","2026-07-20T09:51:38Z","2026-07-20T09:51:39Z","2026-07-20T09:51:40Z","2026-07-20T09:51:41Z","2026-07-20T09:51:42Z","2026-07-20T09:51:43Z","2026-07-20T09:51:44Z","2026-07-20T09:51:45Z","2026-07-20T09:51:46Z","2026-07-20T09:51:47Z","2026-07-20T09:51:48Z","2026-07-20T09:51:49Z","2026-07-20T09:51:50Z","2026-07-20T09:51:51Z","2026-07-20T09:51:52Z","2026-07-20T09:51:53Z","2026-07-20T09:51:54Z","2026-07-20T09:51:55Z","2026-07-20T09:51:56Z","2026-07-20T09:51:57Z","2026-07-20T09:51:58Z","2026-07-20T09:51:59Z","2026-07-20T09:52:00Z","2026-07-20T09:52:00Z","2026-07-20T09:52:01Z","2026-07-20T09:52:02Z","2026-07-20T09:52:03Z","2026-07-20T09:52:04Z","2026-07-20T09:52:05Z","2026-07-20T09:52:06Z","2026-07-20T09:52:07Z","2026-07-20T09:52:08Z","2026-07-20T09:52:09Z","2026-07-20T09:52:10Z","2026-07-20T09:52:11Z","2026-07-20T09:52:12Z","2026-07-20T09:52:13Z","2026-07-20T09:52:14Z","2026-07-20T09:52:15Z","2026-07-20T09:52:16Z","2026-07-20T09:52:17Z","2026-07-20T09:52:18Z","2026-07-20T09:52:19Z","2026-07-20T09:52:20Z","2026-07-20T09:52:21Z","2026-07-20T09:52:22Z","2026-07-20T09:52:23Z","2026-07-20T09:52:24Z","2026-07-20T09:52:25Z","2026-07-20T09:52:26Z","2026-07-20T09:52:27Z","2026-07-20T09:52:28Z","2026-07-20T09:52:29Z","2026-07-20T09:52:30Z","2026-07-20T09:52:31Z","2026-07-20T09:52:32Z","2026-07-20T09:52:33Z","2026-07-20T09:52:34Z","2026-07-20T09:52:35Z","2026-07-20T09:52:36Z","2026-07-20T09:52:37Z","2026-07-20T09:52:38Z","2026-07-20T09:52:39Z","2026-07-20T09:52:40Z","2026-07-20T09:52:41Z","2026-07-20T09:52:42Z","2026-07-20T09:52:43Z","2026-07-20T09:52:44Z","2026-07-20T09:52:45Z","2026-07-20T09:52:46Z","2026-07-20T09:52:47Z","2026-07-20T09:52:49Z","2026-07-20T09:52:50Z","2026-07-20T09:52:51Z","2026-07-20T09:52:52Z","2026-07-20T09:52:53Z","2026-07-20T09:52:54Z","2026-07-20T09:52:55Z","2026-07-20T09:52:56Z","2026-07-20T09:52:57Z","2026-07-20T09:52:58Z","2026-07-20T09:52:59Z","2026-07-20T09:53:00Z","2026-07-20T09:53:01Z","2026-07-20T09:53:02Z","2026-07-20T09:53:03Z","2026-07-20T09:53:04Z","2026-07-20T09:53:05Z","2026-07-20T09:53:06Z","2026-07-20T09:53:07Z","2026-07-20T09:53:08Z","2026-07-20T09:53:09Z","2026-07-20T09:53:10Z","2026-07-20T09:53:11Z","2026-07-20T09:53:12Z","2026-07-20T09:53:13Z","2026-07-20T09:53:14Z","2026-07-20T09:53:15Z","2026-07-20T09:53:16Z","2026-07-20T09:53:17Z","2026-07-20T09:53:18Z","2026-07-20T09:53:19Z","2026-07-20T09:53:20Z","2026-07-20T09:53:21Z","2026-07-20T09:53:22Z","2026-07-20T09:53:23Z","2026-07-20T09:53:24Z","2026-07-20T09:53:25Z","2026-07-20T09:53:26Z","2026-07-20T09:53:27Z","2026-07-20T09:53:28Z","2026-07-20T09:53:29Z","2026-07-20T09:53:30Z","2026-07-20T09:53:31Z","2026-07-20T09:53:32Z","2026-07-20T09:53:33Z","2026-07-20T09:53:34Z","2026-07-20T09:53:35Z","2026-07-20T09:53:36Z","2026-07-20T09:53:37Z","2026-07-20T09:53:38Z","2026-07-20T09:53:39Z","2026-07-20T09:53:40Z","2026-07-20T09:53:41Z","2026-07-20T09:53:42Z","2026-07-20T09:53:43Z","2026-07-20T09:53:44Z","2026-07-20T09:53:45Z","2026-07-20T09:53:46Z","2026-07-20T09:53:47Z","2026-07-20T09:53:48Z","2026-07-20T09:53:49Z","2026-07-20T09:53:50Z","2026-07-20T09:53:51Z","2026-07-20T09:53:52Z","2026-07-20T09:53:53Z","2026-07-20T09:53:54Z","2026-07-20T09:53:55Z","2026-07-20T09:53:56Z","2026-07-20T09:53:57Z","2026-07-20T09:53:58Z","2026-07-20T09:53:59Z","2026-07-20T09:54:00Z","2026-07-20T09:54:00Z","2026-07-20T09:54:01Z","2026-07-20T09:54:02Z","2026-07-20T09:54:03Z","2026-07-20T09:54:04Z","2026-07-20T09:54:05Z","2026-07-20T09:54:06Z","2026-07-20T09:54:07Z","2026-07-20T09:54:08Z","2026-07-20T09:54:09Z","2026-07-20T09:54:10Z","2026-07-20T09:54:11Z","2026-07-20T09:54:12Z","2026-07-20T09:54:13Z","2026-07-20T09:54:14Z","2026-07-20T09:54:15Z","2026-07-20T09:54:16Z","2026-07-20T09:54:17Z","2026-07-20T09:54:18Z","2026-07-20T09:54:19Z","2026-07-20T09:54:20Z","2026-07-20T09:54:21Z","2026-07-20T09:54:22Z","2026-07-20T09:54:23Z","2026-07-20T09:54:24Z","2026-07-20T09:54:25Z","2026-07-20T09:54:26Z","2026-07-20T09:54:27Z","2026-07-20T09:54:28Z","2026-07-20T09:54:29Z","2026-07-20T09:54:30Z","2026-07-20T09:54:31Z","2026-07-20T09:54:32Z","2026-07-20T09:54:33Z","2026-07-20T09:54:34Z","2026-07-20T09:54:35Z","2026-07-20T09:54:36Z","2026-07-20T09:54:37Z","2026-07-20T09:54:38Z","2026-07-20T09:54:39Z","2026-07-20T09:54:40Z","2026-07-20T09:54:41Z","2026-07-20T09:54:42Z","2026-07-20T09:54:43Z","2026-07-20T09:54:44Z","2026-07-20T09:54:45Z","2026-07-20T09:54:46Z","2026-07-20T09:54:47Z","2026-07-20T09:54:48Z","2026-07-20T09:54:49Z","2026-07-20T09:54:50Z","2026-07-20T09:54:51Z","2026-07-20T09:54:52Z","2026-07-20T09:54:53Z","2026-07-20T09:54:55Z","2026-07-20T09:54:56Z","2026-07-20T09:54:57Z","2026-07-20T09:54:58Z","2026-07-20T09:54:59Z","2026-07-20T09:55:00Z","2026-07-20T09:55:01Z","2026-07-20T09:55:02Z","2026-07-20T09:55:03Z","2026-07-20T09:55:04Z","2026-07-20T09:55:05Z","2026-07-20T09:55:06Z","2026-07-20T09:55:07Z","2026-07-20T09:55:08Z","2026-07-20T09:55:09Z","2026-07-20T09:55:10Z","2026-07-20T09:55:11Z","2026-07-20T09:55:12Z","2026-07-20T09:55:13Z","2026-07-20T09:55:14Z","2026-07-20T09:55:15Z","2026-07-20T09:55:16Z","2026-07-20T09:55:17Z","2026-07-20T09:55:18Z","2026-07-20T09:55:19Z","2026-07-20T09:55:20Z","2026-07-20T09:55:21Z","2026-07-20T09:55:22Z","2026-07-20T09:55:23Z","2026-07-20T09:55:24Z","2026-07-20T09:55:25Z","2026-07-20T09:55:26Z","2026-07-20T09:55:27Z","2026-07-20T09:55:28Z","2026-07-20T09:55:29Z","2026-07-20T09:55:30Z","2026-07-20T09:55:31Z","2026-07-20T09:55:32Z","2026-07-20T09:55:33Z","2026-07-20T09:55:34Z","2026-07-20T09:55:35Z","2026-07-20T09:55:36Z","2026-07-20T09:55:37Z","2026-07-20T09:55:38Z","2026-07-20T09:55:39Z","2026-07-20T09:55:40Z","2026-07-20T09:55:41Z","2026-07-20T09:55:42Z","2026-07-20T09:55:43Z","2026-07-20T09:55:44Z","2026-07-20T09:55:45Z","2026-07-20T09:55:46Z","2026-07-20T09:55:47Z","2026-07-20T09:55:48Z","2026-07-20T09:55:49Z","2026-07-20T09:55:50Z","2026-07-20T09:55:51Z","2026-07-20T09:55:52Z","2026-07-20T09:55:53Z","2026-07-20T09:55:54Z","2026-07-20T09:55:55Z","2026-07-20T09:55:55Z","2026-07-20T09:55:56Z","2026-07-20T09:55:57Z","2026-07-20T09:55:58Z","2026-07-20T09:55:59Z","2026-07-20T09:56:00Z","2026-07-20T09:56:01Z","2026-07-20T09:56:02Z","2026-07-20T09:56:03Z","2026-07-20T09:56:04Z","2026-07-20T09:56:05Z","2026-07-20T09:56:06Z","2026-07-20T09:56:07Z","2026-07-20T09:56:08Z","2026-07-20T09:56:09Z","2026-07-20T09:56:10Z","2026-07-20T09:56:11Z","2026-07-20T09:56:12Z","2026-07-20T09:56:13Z","2026-07-20T09:56:14Z","2026-07-20T09:56:15Z","2026-07-20T09:56:16Z","2026-07-20T09:56:17Z","2026-07-20T09:56:18Z","2026-07-20T09:56:19Z","2026-07-20T09:56:20Z","2026-07-20T09:56:21Z","2026-07-20T09:56:22Z","2026-07-20T09:56:23Z","2026-07-20T09:56:24Z","2026-07-20T09:56:25Z","2026-07-20T09:56:26Z","2026-07-20T09:56:27Z","2026-07-20T09:56:28Z","2026-07-20T09:56:29Z","2026-07-20T09:56:30Z","2026-07-20T09:56:31Z","2026-07-20T09:56:33Z","2026-07-20T09:56:41Z","2026-07-20T09:56:47Z","2026-07-20T09:56:49Z","2026-07-20T09:56:51Z","2026-07-20T09:56:52Z","2026-07-20T09:56:53Z","2026-07-20T09:56:54Z","2026-07-20T09:56:55Z","2026-07-20T09:56:57Z","2026-07-20T09:56:59Z","2026-07-20T09:57:02Z","2026-07-20T09:57:35Z","2026-07-20T09:57:37Z","2026-07-20T09:57:39Z","2026-07-20T09:57:42Z","2026-07-20T09:57:44Z","2026-07-20T09:57:46Z","2026-07-20T09:57:48Z","2026-07-20T09:57:50Z","2026-07-20T09:57:52Z","2026-07-20T09:57:54Z","2026-07-20T09:57:56Z","2026-07-20T09:58:00Z","2026-07-20T09:58:04Z","2026-07-20T09:58:17Z","2026-07-20T09:58:19Z","2026-07-20T09:58:21Z","2026-07-20T09:58:23Z","2026-07-20T09:58:24Z","2026-07-20T09:58:25Z","2026-07-20T09:58:26Z","2026-07-20T09:58:27Z","2026-07-20T09:58:28Z","2026-07-20T09:58:29Z","2026-07-20T09:58:30Z","2026-07-20T09:58:31Z","2026-07-20T09:58:32Z","2026-07-20T09:58:33Z","2026-07-20T09:58:34Z","2026-07-20T09:58:35Z","2026-07-20T09:58:36Z","2026-07-20T09:58:37Z","2026-07-20T09:58:38Z","2026-07-20T09:58:39Z","2026-07-20T09:58:40Z","2026-07-20T09:58:41Z","2026-07-20T09:58:42Z","2026-07-20T09:58:43Z","2026-07-20T09:58:44Z","2026-07-20T09:58:45Z","2026-07-20T09:58:46Z","2026-07-20T09:58:47Z","2026-07-20T09:58:48Z","2026-07-20T09:58:49Z","2026-07-20T09:58:50Z","2026-07-20T09:58:51Z","2026-07-20T09:58:52Z","2026-07-20T09:58:54Z","2026-07-20T09:58:56Z","2026-07-20T09:59:00Z","2026-07-20T09:59:07Z","2026-07-20T09:59:10Z","2026-07-20T09:59:12Z","2026-07-20T09:59:14Z","2026-07-20T09:59:16Z","2026-07-20T09:59:18Z","2026-07-20T09:59:19Z","2026-07-20T09:59:21Z","2026-07-20T09:59:23Z","2026-07-20T09:59:25Z","2026-07-20T09:59:27Z","2026-07-20T09:59:29Z","2026-07-20T09:59:31Z","2026-07-20T09:59:32Z","2026-07-20T09:59:33Z","2026-07-20T09:59:34Z","2026-07-20T09:59:35Z","2026-07-20T09:59:36Z","2026-07-20T09:59:37Z","2026-07-20T09:59:38Z","2026-07-20T09:59:39Z","2026-07-20T09:59:40Z","2026-07-20T09:59:41Z","2026-07-20T09:59:42Z","2026-07-20T09:59:43Z","2026-07-20T09:59:44Z","2026-07-20T09:59:45Z","2026-07-20T09:59:46Z","2026-07-20T09:59:47Z","2026-07-20T09:59:48Z","2026-07-20T09:59:49Z","2026-07-20T09:59:51Z","2026-07-20T09:59:53Z","2026-07-20T09:59:55Z","2026-07-20T09:59:57Z","2026-07-20T09:59:58Z","2026-07-20T09:59:59Z","2026-07-20T10:00:00Z","2026-07-20T10:00:01Z","2026-07-20T10:00:02Z","2026-07-20T10:00:03Z","2026-07-20T10:00:04Z","2026-07-20T10:00:05Z","2026-07-20T10:00:06Z","2026-07-20T10:00:07Z","2026-07-20T10:00:09Z","2026-07-20T10:00:10Z","2026-07-20T10:00:12Z","2026-07-20T10:00:14Z","2026-07-20T10:00:16Z","2026-07-20T10:00:18Z","2026-07-20T10:00:19Z","2026-07-20T10:00:20Z","2026-07-20T10:00:21Z","2026-07-20T10:00:22Z","2026-07-20T10:00:23Z","2026-07-20T10:00:24Z","2026-07-20T10:00:25Z","2026-07-20T10:00:26Z","2026-07-20T10:00:27Z","2026-07-20T10:00:28Z","2026-07-20T10:00:29Z","2026-07-20T10:00:30Z","2026-07-20T10:00:31Z","2026-07-20T10:00:33Z","2026-07-20T10:00:35Z","2026-07-20T10:00:37Z","2026-07-20T10:00:39Z","2026-07-20T10:00:42Z","2026-07-20T10:00:44Z","2026-07-20T10:00:46Z","2026-07-20T10:00:47Z","2026-07-20T10:00:48Z","2026-07-20T10:00:49Z","2026-07-20T10:00:50Z","2026-07-20T10:00:51Z","2026-07-20T10:00:52Z","2026-07-20T10:00:53Z","2026-07-20T10:00:54Z","2026-07-20T10:00:55Z","2026-07-20T10:00:56Z","2026-07-20T10:00:57Z","2026-07-20T10:00:58Z","2026-07-20T10:00:59Z","2026-07-20T10:01:00Z","2026-07-20T10:01:01Z","2026-07-20T10:01:02Z","2026-07-20T10:01:03Z","2026-07-20T10:01:04Z","2026-07-20T10:01:05Z","2026-07-20T10:01:06Z","2026-07-20T10:01:07Z","2026-07-20T10:01:08Z","2026-07-20T10:01:09Z","2026-07-20T10:01:10Z","2026-07-20T10:01:11Z","2026-07-20T10:01:13Z","2026-07-20T10:01:14Z","2026-07-20T10:01:15Z","2026-07-20T10:01:16Z","2026-07-20T10:01:17Z","2026-07-20T10:01:19Z","2026-07-20T10:01:21Z","2026-07-20T10:01:23Z","2026-07-20T10:01:25Z","2026-07-20T10:01:27Z","2026-07-20T10:01:29Z","2026-07-20T10:01:30Z","2026-07-20T10:01:31Z","2026-07-20T10:01:32Z","2026-07-20T10:01:33Z","2026-07-20T10:01:34Z","2026-07-20T10:01:35Z","2026-07-20T10:01:36Z","2026-07-20T10:01:38Z","2026-07-20T10:01:40Z","2026-07-20T10:01:42Z","2026-07-20T10:01:44Z","2026-07-20T10:01:46Z","2026-07-20T10:01:47Z","2026-07-20T10:01:49Z","2026-07-20T10:01:50Z","2026-07-20T10:01:51Z","2026-07-20T10:01:53Z","2026-07-20T10:01:55Z","2026-07-20T10:01:57Z","2026-07-20T10:01:59Z","2026-07-20T10:02:01Z","2026-07-20T10:02:03Z","2026-07-20T10:02:05Z","2026-07-20T10:02:20Z","2026-07-20T10:02:21Z","2026-07-20T10:02:23Z","2026-07-20T10:02:24Z","2026-07-20T10:02:25Z","2026-07-20T10:02:26Z","2026-07-20T10:02:27Z","2026-07-20T10:02:28Z","2026-07-20T10:02:29Z","2026-07-20T10:02:30Z","2026-07-20T10:02:31Z","2026-07-20T10:02:32Z","2026-07-20T10:02:33Z","2026-07-20T10:02:35Z","2026-07-20T10:02:37Z","2026-07-20T10:02:39Z","2026-07-20T10:02:41Z","2026-07-20T10:02:43Z","2026-07-20T10:02:44Z","2026-07-20T10:02:45Z","2026-07-20T10:02:46Z","2026-07-20T10:02:47Z","2026-07-20T10:02:48Z","2026-07-20T10:02:49Z","2026-07-20T10:02:50Z","2026-07-20T10:02:51Z","2026-07-20T10:02:52Z","2026-07-20T10:02:53Z","2026-07-20T10:02:55Z","2026-07-20T10:02:57Z","2026-07-20T10:03:01Z","2026-07-20T10:03:04Z","2026-07-20T10:03:05Z","2026-07-20T10:03:08Z","2026-07-20T10:03:14Z","2026-07-20T10:07:56Z","2026-07-20T10:08:01Z","2026-07-20T10:08:02Z","2026-07-20T10:08:07Z","2026-07-20T10:08:08Z","2026-07-20T10:08:17Z","2026-07-20T10:08:30Z","2026-07-20T10:08:32Z","2026-07-20T10:08:35Z","2026-07-20T10:08:48Z","2026-07-20T10:08:50Z","2026-07-20T10:08:52Z","2026-07-20T10:08:53Z","2026-07-20T10:08:54Z","2026-07-20T10:08:55Z","2026-07-20T10:08:56Z","2026-07-20T10:08:57Z","2026-07-20T10:08:58Z","2026-07-20T10:08:59Z","2026-07-20T10:09:00Z","2026-07-20T10:09:01Z","2026-07-20T10:09:02Z","2026-07-20T10:09:03Z","2026-07-20T10:09:04Z","2026-07-20T10:09:05Z","2026-07-20T10:09:06Z","2026-07-20T10:09:07Z","2026-07-20T10:09:08Z","2026-07-20T10:09:09Z","2026-07-20T10:09:10Z","2026-07-20T10:09:11Z","2026-07-20T10:09:12Z","2026-07-20T10:09:13Z","2026-07-20T10:09:14Z","2026-07-20T10:09:15Z","2026-07-20T10:09:16Z","2026-07-20T10:09:17Z","2026-07-20T10:09:18Z","2026-07-20T10:09:19Z","2026-07-20T10:09:20Z","2026-07-20T10:09:21Z","2026-07-20T10:09:22Z","2026-07-20T10:09:23Z","2026-07-20T10:09:24Z","2026-07-20T10:09:25Z","2026-07-20T10:09:26Z","2026-07-20T10:09:27Z","2026-07-20T10:09:28Z","2026-07-20T10:09:29Z","2026-07-20T10:09:30Z","2026-07-20T10:09:31Z","2026-07-20T10:09:32Z","2026-07-20T10:09:33Z","2026-07-20T10:09:34Z","2026-07-20T10:09:35Z","2026-07-20T10:09:37Z","2026-07-20T10:09:38Z","2026-07-20T10:09:39Z","2026-07-20T10:09:40Z","2026-07-20T10:09:41Z","2026-07-20T10:09:42Z","2026-07-20T10:09:43Z","2026-07-20T10:09:44Z","2026-07-20T10:09:45Z","2026-07-20T10:09:46Z","2026-07-20T10:09:47Z","2026-07-20T10:09:48Z","2026-07-20T10:09:49Z","2026-07-20T10:09:50Z","2026-07-20T10:09:51Z","2026-07-20T10:09:52Z","2026-07-20T10:09:53Z","2026-07-20T10:09:54Z","2026-07-20T10:09:55Z","2026-07-20T10:09:56Z","2026-07-20T10:09:57Z","2026-07-20T10:09:58Z","2026-07-20T10:09:59Z","2026-07-20T10:10:00Z","2026-07-20T10:10:01Z","2026-07-20T10:10:02Z","2026-07-20T10:10:03Z","2026-07-20T10:10:04Z","2026-07-20T10:10:05Z","2026-07-20T10:10:06Z","2026-07-20T10:10:07Z","2026-07-20T10:10:08Z","2026-07-20T10:10:09Z","2026-07-20T10:10:10Z","2026-07-20T10:10:11Z","2026-07-20T10:10:12Z","2026-07-20T10:10:13Z","2026-07-20T10:10:14Z","2026-07-20T10:10:15Z","2026-07-20T10:10:16Z","2026-07-20T10:10:17Z","2026-07-20T10:10:18Z","2026-07-20T10:10:19Z","2026-07-20T10:10:20Z","2026-07-20T10:10:21Z","2026-07-20T10:10:22Z","2026-07-20T10:10:23Z","2026-07-20T10:10:24Z","2026-07-20T10:10:25Z","2026-07-20T10:10:26Z","2026-07-20T10:10:27Z","2026-07-20T10:10:28Z","2026-07-20T10:10:29Z","2026-07-20T10:10:30Z","2026-07-20T10:10:31Z","2026-07-20T10:10:32Z","2026-07-20T10:10:33Z","2026-07-20T10:10:34Z","2026-07-20T10:10:35Z","2026-07-20T10:10:36Z","2026-07-20T10:10:36Z","2026-07-20T10:10:37Z","2026-07-20T10:10:38Z","2026-07-20T10:10:39Z","2026-07-20T10:10:40Z","2026-07-20T10:10:41Z","2026-07-20T10:10:42Z","2026-07-20T10:10:43Z","2026-07-20T10:10:44Z","2026-07-20T10:10:45Z","2026-07-20T10:10:46Z","2026-07-20T10:10:47Z","2026-07-20T10:10:48Z","2026-07-20T10:10:49Z","2026-07-20T10:10:50Z","2026-07-20T10:10:51Z","2026-07-20T10:10:52Z","2026-07-20T10:10:53Z","2026-07-20T10:10:54Z","2026-07-20T10:10:55Z","2026-07-20T10:10:56Z","2026-07-20T10:10:57Z","2026-07-20T10:10:58Z","2026-07-20T10:10:59Z","2026-07-20T10:11:00Z","2026-07-20T10:11:01Z","2026-07-20T10:11:02Z","2026-07-20T10:11:03Z","2026-07-20T10:11:04Z","2026-07-20T10:11:05Z","2026-07-20T10:11:06Z","2026-07-20T10:11:07Z","2026-07-20T10:11:08Z","2026-07-20T10:11:09Z","2026-07-20T10:11:10Z","2026-07-20T10:11:11Z","2026-07-20T10:11:12Z","2026-07-20T10:11:13Z","2026-07-20T10:11:14Z","2026-07-20T10:11:15Z","2026-07-20T10:11:16Z","2026-07-20T10:11:17Z","2026-07-20T10:11:18Z","2026-07-20T10:11:19Z","2026-07-20T10:11:20Z","2026-07-20T10:11:21Z","2026-07-20T10:11:22Z","2026-07-20T10:11:23Z","2026-07-20T10:11:24Z","2026-07-20T10:11:25Z","2026-07-20T10:11:26Z","2026-07-20T10:11:27Z","2026-07-20T10:11:28Z","2026-07-20T10:11:29Z","2026-07-20T10:11:30Z","2026-07-20T10:11:31Z","2026-07-20T10:11:32Z","2026-07-20T10:11:33Z","2026-07-20T10:11:34Z","2026-07-20T10:11:35Z","2026-07-20T10:11:36Z","2026-07-20T10:11:37Z","2026-07-20T10:11:38Z","2026-07-20T10:11:39Z","2026-07-20T10:11:40Z","2026-07-20T10:11:41Z","2026-07-20T10:11:43Z","2026-07-20T10:11:44Z","2026-07-20T10:11:45Z","2026-07-20T10:11:46Z","2026-07-20T10:11:47Z","2026-07-20T10:11:48Z","2026-07-20T10:11:49Z","2026-07-20T10:11:50Z","2026-07-20T10:11:51Z","2026-07-20T10:11:52Z","2026-07-20T10:11:53Z","2026-07-20T10:11:54Z","2026-07-20T10:11:55Z","2026-07-20T10:11:56Z","2026-07-20T10:11:57Z","2026-07-20T10:11:58Z","2026-07-20T10:11:59Z","2026-07-20T10:12:00Z","2026-07-20T10:12:01Z","2026-07-20T10:12:02Z","2026-07-20T10:12:03Z","2026-07-20T10:12:04Z","2026-07-20T10:12:05Z","2026-07-20T10:12:06Z","2026-07-20T10:12:07Z","2026-07-20T10:12:08Z","2026-07-20T10:12:09Z","2026-07-20T10:12:10Z","2026-07-20T10:12:11Z","2026-07-20T10:12:12Z","2026-07-20T10:12:13Z","2026-07-20T10:12:14Z","2026-07-20T10:12:15Z","2026-07-20T10:12:16Z","2026-07-20T10:12:17Z","2026-07-20T10:12:18Z","2026-07-20T10:12:19Z","2026-07-20T10:12:20Z","2026-07-20T10:12:21Z","2026-07-20T10:12:22Z","2026-07-20T10:12:23Z","2026-07-20T10:12:25Z","2026-07-20T10:12:26Z","2026-07-20T10:12:27Z","2026-07-20T10:12:29Z","2026-07-20T10:12:31Z","2026-07-20T10:12:33Z","2026-07-20T10:12:35Z","2026-07-20T10:12:37Z","2026-07-20T10:12:39Z","2026-07-20T10:12:40Z","2026-07-20T10:12:41Z","2026-07-20T10:12:42Z","2026-07-20T10:12:43Z","2026-07-20T10:12:44Z","2026-07-20T10:12:45Z","2026-07-20T10:12:46Z","2026-07-20T10:12:47Z","2026-07-20T10:12:48Z","2026-07-20T10:12:49Z","2026-07-20T10:12:50Z","2026-07-20T10:12:51Z","2026-07-20T10:12:52Z","2026-07-20T10:12:53Z","2026-07-20T10:12:54Z","2026-07-20T10:12:55Z","2026-07-20T10:12:56Z","2026-07-20T10:12:58Z","2026-07-20T10:13:00Z","2026-07-20T10:13:01Z","2026-07-20T10:13:03Z","2026-07-20T10:13:05Z","2026-07-20T10:13:07Z","2026-07-20T10:13:09Z","2026-07-20T10:13:11Z","2026-07-20T10:13:13Z","2026-07-20T10:13:15Z","2026-07-20T10:13:17Z","2026-07-20T10:13:18Z","2026-07-20T10:13:19Z","2026-07-20T10:13:20Z","2026-07-20T10:13:21Z","2026-07-20T10:13:22Z","2026-07-20T10:13:23Z","2026-07-20T10:13:24Z","2026-07-20T10:13:25Z","2026-07-20T10:13:26Z","2026-07-20T10:13:27Z","2026-07-20T10:13:28Z","2026-07-20T10:13:29Z","2026-07-20T10:13:30Z","2026-07-20T10:13:31Z","2026-07-20T10:13:32Z","2026-07-20T10:13:33Z","2026-07-20T10:13:34Z","2026-07-20T10:13:35Z","2026-07-20T10:13:36Z","2026-07-20T10:13:37Z","2026-07-20T10:13:39Z","2026-07-20T10:13:41Z","2026-07-20T10:13:43Z","2026-07-20T10:13:45Z","2026-07-20T10:13:47Z","2026-07-20T10:13:50Z","2026-07-20T10:13:52Z","2026-07-20T10:13:54Z","2026-07-20T10:13:57Z","2026-07-20T10:14:03Z","2026-07-20T10:14:05Z","2026-07-20T10:14:07Z","2026-07-20T10:14:10Z","2026-07-20T10:14:12Z","2026-07-20T10:14:14Z","2026-07-20T10:14:15Z","2026-07-20T10:14:16Z","2026-07-20T10:14:17Z","2026-07-20T10:14:18Z","2026-07-20T10:14:19Z","2026-07-20T10:14:20Z","2026-07-20T10:14:21Z","2026-07-20T10:14:22Z","2026-07-20T10:14:23Z","2026-07-20T10:14:24Z","2026-07-20T10:14:25Z","2026-07-20T10:14:26Z","2026-07-20T10:14:27Z","2026-07-20T10:14:28Z","2026-07-20T10:14:29Z","2026-07-20T10:14:30Z","2026-07-20T10:14:31Z","2026-07-20T10:14:32Z","2026-07-20T10:14:33Z","2026-07-20T10:14:34Z","2026-07-20T10:14:35Z","2026-07-20T10:14:36Z","2026-07-20T10:14:37Z","2026-07-20T10:14:38Z","2026-07-20T10:14:39Z","2026-07-20T10:14:40Z","2026-07-20T10:14:41Z","2026-07-20T10:14:42Z","2026-07-20T10:14:43Z","2026-07-20T10:14:44Z","2026-07-20T10:14:45Z","2026-07-20T10:14:46Z","2026-07-20T10:14:47Z","2026-07-20T10:14:49Z","2026-07-20T10:14:51Z","2026-07-20T10:14:53Z","2026-07-20T10:14:54Z","2026-07-20T10:14:55Z","2026-07-20T10:14:55Z","2026-07-20T10:14:57Z","2026-07-20T10:14:57Z","2026-07-20T10:14:58Z","2026-07-20T10:14:59Z","2026-07-20T10:15:00Z","2026-07-20T10:15:01Z","2026-07-20T10:15:02Z","2026-07-20T10:15:03Z","2026-07-20T10:15:04Z","2026-07-20T10:15:05Z","2026-07-20T10:15:06Z","2026-07-20T10:15:07Z","2026-07-20T10:15:08Z","2026-07-20T10:15:09Z","2026-07-20T10:15:10Z","2026-07-20T10:15:11Z","2026-07-20T10:15:12Z","2026-07-20T10:15:13Z","2026-07-20T10:15:14Z","2026-07-20T10:15:15Z","2026-07-20T10:15:16Z","2026-07-20T10:15:17Z","2026-07-20T10:15:18Z","2026-07-20T10:15:19Z","2026-07-20T10:15:20Z","2026-07-20T10:15:21Z","2026-07-20T10:15:22Z","2026-07-20T10:15:23Z","2026-07-20T10:15:24Z","2026-07-20T10:15:25Z","2026-07-20T10:15:26Z","2026-07-20T10:15:27Z","2026-07-20T10:15:28Z","2026-07-20T10:15:29Z","2026-07-20T10:15:30Z","2026-07-20T10:15:31Z","2026-07-20T10:15:32Z","2026-07-20T10:15:33Z","2026-07-20T10:15:34Z","2026-07-20T10:15:35Z","2026-07-20T10:15:36Z","2026-07-20T10:15:37Z","2026-07-20T10:15:38Z","2026-07-20T10:15:39Z","2026-07-20T10:15:40Z","2026-07-20T10:15:41Z","2026-07-20T10:15:42Z","2026-07-20T10:15:43Z","2026-07-20T10:15:44Z","2026-07-20T10:15:45Z","2026-07-20T10:15:46Z","2026-07-20T10:15:47Z","2026-07-20T10:15:48Z","2026-07-20T10:15:49Z","2026-07-20T10:15:50Z","2026-07-20T10:15:51Z","2026-07-20T10:15:52Z","2026-07-20T10:15:53Z","2026-07-20T10:15:55Z","2026-07-20T10:15:56Z","2026-07-20T10:15:57Z","2026-07-20T10:15:58Z","2026-07-20T10:15:59Z","2026-07-20T10:16:00Z","2026-07-20T10:16:01Z","2026-07-20T10:16:02Z","2026-07-20T10:16:03Z","2026-07-20T10:16:04Z","2026-07-20T10:16:05Z","2026-07-20T10:16:06Z","2026-07-20T10:16:07Z","2026-07-20T10:16:08Z","2026-07-20T10:16:09Z","2026-07-20T10:16:10Z","2026-07-20T10:16:11Z","2026-07-20T10:16:12Z","2026-07-20T10:16:13Z","2026-07-20T10:16:14Z","2026-07-20T10:16:15Z","2026-07-20T10:16:16Z","2026-07-20T10:16:17Z","2026-07-20T10:16:18Z","2026-07-20T10:16:19Z","2026-07-20T10:16:20Z","2026-07-20T10:16:21Z","2026-07-20T10:16:22Z","2026-07-20T10:16:23Z","2026-07-20T10:16:24Z","2026-07-20T10:16:25Z","2026-07-20T10:16:26Z","2026-07-20T10:16:27Z","2026-07-20T10:16:28Z","2026-07-20T10:16:29Z","2026-07-20T10:16:30Z","2026-07-20T10:16:31Z","2026-07-20T10:16:32Z","2026-07-20T10:16:33Z","2026-07-20T10:16:34Z","2026-07-20T10:16:35Z","2026-07-20T10:16:36Z","2026-07-20T10:16:37Z","2026-07-20T10:16:38Z","2026-07-20T10:16:39Z","2026-07-20T10:16:40Z","2026-07-20T10:16:41Z","2026-07-20T10:16:42Z","2026-07-20T10:16:43Z","2026-07-20T10:16:44Z","2026-07-20T10:16:45Z","2026-07-20T10:16:46Z","2026-07-20T10:16:47Z","2026-07-20T10:16:48Z","2026-07-20T10:16:49Z","2026-07-20T10:16:50Z","2026-07-20T10:16:51Z","2026-07-20T10:16:52Z","2026-07-20T10:16:53Z","2026-07-20T10:16:54Z","2026-07-20T10:16:55Z","2026-07-20T10:16:56Z","2026-07-20T10:16:57Z","2026-07-20T10:16:58Z","2026-07-20T10:16:59Z","2026-07-20T10:17:00Z","2026-07-20T10:17:01Z","2026-07-20T10:17:01Z","2026-07-20T10:17:02Z","2026-07-20T10:17:03Z","2026-07-20T10:17:04Z","2026-07-20T10:17:05Z","2026-07-20T10:17:06Z","2026-07-20T10:17:07Z","2026-07-20T10:17:08Z","2026-07-20T10:17:09Z","2026-07-20T10:17:10Z","2026-07-20T10:17:11Z","2026-07-20T10:17:12Z","2026-07-20T10:17:13Z","2026-07-20T10:17:14Z","2026-07-20T10:17:15Z","2026-07-20T10:17:16Z","2026-07-20T10:17:17Z","2026-07-20T10:17:18Z","2026-07-20T10:17:19Z","2026-07-20T10:17:20Z","2026-07-20T10:17:21Z","2026-07-20T10:17:22Z","2026-07-20T10:17:23Z","2026-07-20T10:17:24Z","2026-07-20T10:17:25Z","2026-07-20T10:17:26Z","2026-07-20T10:17:27Z","2026-07-20T10:17:28Z","2026-07-20T10:17:29Z","2026-07-20T10:17:30Z","2026-07-20T10:17:31Z","2026-07-20T10:17:32Z","2026-07-20T10:17:33Z","2026-07-20T10:17:34Z","2026-07-20T10:17:35Z","2026-07-20T10:17:36Z","2026-07-20T10:17:37Z","2026-07-20T10:17:38Z","2026-07-20T10:17:39Z","2026-07-20T10:17:40Z","2026-07-20T10:17:41Z","2026-07-20T10:17:42Z","2026-07-20T10:17:43Z","2026-07-20T10:17:44Z","2026-07-20T10:17:45Z","2026-07-20T10:17:46Z","2026-07-20T10:17:47Z","2026-07-20T10:17:48Z","2026-07-20T10:17:49Z","2026-07-20T10:17:50Z","2026-07-20T10:17:51Z","2026-07-20T10:17:52Z","2026-07-20T10:17:53Z","2026-07-20T10:17:54Z","2026-07-20T10:17:55Z","2026-07-20T10:17:56Z","2026-07-20T10:17:57Z","2026-07-20T10:17:58Z","2026-07-20T10:17:59Z","2026-07-20T10:18:01Z","2026-07-20T10:18:02Z","2026-07-20T10:18:03Z","2026-07-20T10:18:04Z","2026-07-20T10:18:05Z","2026-07-20T10:18:06Z","2026-07-20T10:18:07Z","2026-07-20T10:18:08Z","2026-07-20T10:18:09Z","2026-07-20T10:18:10Z","2026-07-20T10:18:11Z","2026-07-20T10:18:12Z","2026-07-20T10:18:13Z","2026-07-20T10:18:14Z","2026-07-20T10:18:15Z","2026-07-20T10:18:16Z","2026-07-20T10:18:17Z","2026-07-20T10:18:18Z","2026-07-20T10:18:19Z","2026-07-20T10:18:20Z","2026-07-20T10:18:21Z","2026-07-20T10:18:22Z","2026-07-20T10:18:23Z","2026-07-20T10:18:24Z","2026-07-20T10:18:25Z","2026-07-20T10:18:26Z","2026-07-20T10:18:27Z","2026-07-20T10:18:28Z","2026-07-20T10:18:29Z","2026-07-20T10:18:30Z","2026-07-20T10:18:31Z","2026-07-20T10:18:32Z","2026-07-20T10:18:33Z","2026-07-20T10:18:34Z","2026-07-20T10:18:35Z","2026-07-20T10:18:36Z","2026-07-20T10:18:37Z","2026-07-20T10:18:38Z","2026-07-20T10:18:39Z","2026-07-20T10:18:40Z","2026-07-20T10:18:41Z","2026-07-20T10:18:42Z","2026-07-20T10:18:43Z","2026-07-20T10:18:44Z","2026-07-20T10:18:45Z","2026-07-20T10:18:46Z","2026-07-20T10:18:47Z","2026-07-20T10:18:48Z","2026-07-20T10:18:49Z","2026-07-20T10:18:50Z","2026-07-20T10:18:51Z","2026-07-20T10:18:52Z","2026-07-20T10:18:53Z","2026-07-20T10:18:54Z","2026-07-20T10:18:55Z","2026-07-20T10:18:56Z","2026-07-20T10:18:57Z","2026-07-20T10:18:58Z","2026-07-20T10:18:59Z","2026-07-20T10:19:00Z","2026-07-20T10:19:01Z","2026-07-20T10:19:02Z","2026-07-20T10:19:03Z","2026-07-20T10:19:04Z","2026-07-20T10:19:05Z","2026-07-20T10:19:06Z","2026-07-20T10:19:07Z","2026-07-20T10:19:08Z","2026-07-20T10:19:09Z","2026-07-20T10:19:10Z","2026-07-20T10:19:11Z","2026-07-20T10:19:12Z","2026-07-20T10:19:13Z","2026-07-20T10:19:14Z","2026-07-20T10:19:15Z","2026-07-20T10:19:16Z","2026-07-20T10:19:17Z","2026-07-20T10:19:18Z","2026-07-20T10:19:19Z","2026-07-20T10:19:20Z","2026-07-20T10:19:21Z","2026-07-20T10:19:21Z","2026-07-20T10:19:22Z","2026-07-20T10:19:23Z","2026-07-20T10:19:24Z","2026-07-20T10:19:25Z","2026-07-20T10:19:26Z","2026-07-20T10:19:27Z","2026-07-20T10:19:28Z","2026-07-20T10:19:29Z","2026-07-20T10:19:30Z","2026-07-20T10:19:31Z","2026-07-20T10:19:32Z","2026-07-20T10:19:33Z","2026-07-20T10:19:34Z","2026-07-20T10:19:35Z","2026-07-20T10:19:36Z","2026-07-20T10:19:37Z","2026-07-20T10:19:38Z","2026-07-20T10:19:39Z","2026-07-20T10:19:40Z","2026-07-20T10:19:41Z","2026-07-20T10:19:42Z","2026-07-20T10:19:43Z","2026-07-20T10:19:44Z","2026-07-20T10:19:45Z","2026-07-20T10:19:46Z","2026-07-20T10:19:47Z","2026-07-20T10:19:48Z","2026-07-20T10:19:49Z","2026-07-20T10:19:50Z","2026-07-20T10:19:51Z","2026-07-20T10:19:52Z","2026-07-20T10:19:53Z","2026-07-20T10:19:54Z","2026-07-20T10:19:55Z","2026-07-20T10:19:56Z","2026-07-20T10:19:57Z","2026-07-20T10:19:58Z","2026-07-20T10:19:59Z","2026-07-20T10:20:00Z","2026-07-20T10:20:01Z","2026-07-20T10:20:02Z","2026-07-20T10:20:03Z","2026-07-20T10:20:04Z","2026-07-20T10:20:05Z","2026-07-20T10:20:07Z","2026-07-20T10:20:08Z","2026-07-20T10:20:09Z","2026-07-20T10:20:10Z","2026-07-20T10:20:11Z","2026-07-20T10:20:12Z","2026-07-20T10:20:13Z","2026-07-20T10:20:14Z","2026-07-20T10:20:15Z","2026-07-20T10:20:16Z","2026-07-20T10:20:17Z","2026-07-20T10:20:18Z","2026-07-20T10:20:19Z","2026-07-20T10:20:20Z","2026-07-20T10:20:21Z","2026-07-20T10:20:22Z","2026-07-20T10:20:23Z","2026-07-20T10:20:24Z","2026-07-20T10:20:25Z","2026-07-20T10:20:26Z","2026-07-20T10:20:27Z","2026-07-20T10:20:28Z","2026-07-20T10:20:29Z","2026-07-20T10:20:30Z","2026-07-20T10:20:31Z","2026-07-20T10:20:32Z","2026-07-20T10:20:33Z","2026-07-20T10:20:34Z","2026-07-20T10:20:35Z","2026-07-20T10:20:36Z","2026-07-20T10:20:37Z","2026-07-20T10:20:38Z","2026-07-20T10:20:39Z","2026-07-20T10:20:40Z","2026-07-20T10:20:41Z","2026-07-20T10:20:42Z","2026-07-20T10:20:43Z","2026-07-20T10:20:44Z","2026-07-20T10:20:45Z","2026-07-20T10:20:46Z","2026-07-20T10:20:47Z","2026-07-20T10:20:48Z","2026-07-20T10:20:49Z","2026-07-20T10:20:50Z","2026-07-20T10:20:51Z","2026-07-20T10:20:52Z","2026-07-20T10:20:53Z","2026-07-20T10:20:54Z","2026-07-20T10:20:55Z","2026-07-20T10:20:56Z","2026-07-20T10:20:57Z","2026-07-20T10:20:58Z","2026-07-20T10:20:59Z","2026-07-20T10:21:00Z","2026-07-20T10:21:01Z","2026-07-20T10:21:02Z","2026-07-20T10:21:03Z","2026-07-20T10:21:04Z","2026-07-20T10:21:05Z","2026-07-20T10:21:06Z","2026-07-20T10:21:07Z","2026-07-20T10:21:08Z","2026-07-20T10:21:09Z","2026-07-20T10:21:10Z","2026-07-20T10:21:11Z","2026-07-20T10:21:12Z","2026-07-20T10:21:13Z","2026-07-20T10:21:14Z","2026-07-20T10:21:15Z","2026-07-20T10:21:16Z","2026-07-20T10:21:17Z","2026-07-20T10:21:18Z","2026-07-20T10:21:18Z","2026-07-20T10:21:19Z","2026-07-20T10:21:20Z","2026-07-20T10:21:21Z","2026-07-20T10:21:22Z","2026-07-20T10:21:23Z","2026-07-20T10:21:24Z","2026-07-20T10:21:25Z","2026-07-20T10:21:26Z","2026-07-20T10:21:27Z","2026-07-20T10:21:28Z","2026-07-20T10:21:29Z","2026-07-20T10:21:30Z","2026-07-20T10:21:31Z","2026-07-20T10:21:32Z","2026-07-20T10:21:33Z","2026-07-20T10:21:34Z","2026-07-20T10:21:35Z","2026-07-20T10:21:36Z","2026-07-20T10:21:37Z","2026-07-20T10:21:38Z","2026-07-20T10:21:39Z","2026-07-20T10:21:40Z","2026-07-20T10:21:41Z","2026-07-20T10:21:42Z","2026-07-20T10:21:43Z","2026-07-20T10:21:44Z","2026-07-20T10:21:45Z","2026-07-20T10:21:46Z","2026-07-20T10:21:47Z","2026-07-20T10:21:48Z","2026-07-20T10:21:49Z","2026-07-20T10:21:50Z","2026-07-20T10:21:51Z","2026-07-20T10:21:52Z","2026-07-20T10:21:53Z","2026-07-20T10:21:54Z","2026-07-20T10:21:55Z","2026-07-20T10:21:56Z","2026-07-20T10:21:57Z","2026-07-20T10:21:58Z","2026-07-20T10:21:59Z","2026-07-20T10:22:00Z","2026-07-20T10:22:01Z","2026-07-20T10:22:02Z","2026-07-20T10:22:03Z","2026-07-20T10:22:04Z","2026-07-20T10:22:05Z","2026-07-20T10:22:06Z","2026-07-20T10:22:07Z","2026-07-20T10:22:08Z","2026-07-20T10:22:09Z","2026-07-20T10:22:10Z","2026-07-20T10:22:11Z","2026-07-20T10:22:13Z","2026-07-20T10:22:14Z","2026-07-20T10:22:15Z","2026-07-20T10:22:16Z","2026-07-20T10:22:17Z","2026-07-20T10:22:18Z","2026-07-20T10:22:19Z","2026-07-20T10:22:20Z","2026-07-20T10:22:21Z","2026-07-20T10:22:22Z","2026-07-20T10:22:23Z","2026-07-20T10:22:24Z","2026-07-20T10:22:25Z","2026-07-20T10:22:26Z","2026-07-20T10:22:27Z","2026-07-20T10:22:28Z","2026-07-20T10:22:29Z","2026-07-20T10:22:30Z","2026-07-20T10:22:31Z","2026-07-20T10:22:32Z","2026-07-20T10:22:33Z","2026-07-20T10:22:34Z","2026-07-20T10:22:35Z","2026-07-20T10:22:36Z","2026-07-20T10:22:37Z","2026-07-20T10:22:38Z","2026-07-20T10:22:39Z","2026-07-20T10:22:40Z","2026-07-20T10:22:41Z","2026-07-20T10:22:42Z","2026-07-20T10:22:43Z","2026-07-20T10:22:44Z","2026-07-20T10:22:45Z","2026-07-20T10:22:46Z","2026-07-20T10:22:47Z","2026-07-20T10:22:48Z","2026-07-20T10:22:49Z","2026-07-20T10:22:50Z","2026-07-20T10:22:51Z","2026-07-20T10:22:52Z","2026-07-20T10:22:53Z","2026-07-20T10:22:54Z","2026-07-20T10:22:55Z","2026-07-20T10:22:56Z","2026-07-20T10:22:57Z","2026-07-20T10:22:58Z","2026-07-20T10:22:59Z","2026-07-20T10:23:00Z","2026-07-20T10:23:01Z","2026-07-20T10:23:02Z","2026-07-20T10:23:03Z","2026-07-20T10:23:04Z","2026-07-20T10:23:05Z","2026-07-20T10:23:06Z","2026-07-20T10:23:07Z","2026-07-20T10:23:08Z","2026-07-20T10:23:09Z","2026-07-20T10:23:10Z","2026-07-20T10:23:11Z","2026-07-20T10:23:12Z","2026-07-20T10:23:13Z","2026-07-20T10:23:14Z","2026-07-20T10:23:15Z","2026-07-20T10:23:16Z","2026-07-20T10:23:17Z","2026-07-20T10:23:18Z","2026-07-20T10:23:19Z","2026-07-20T10:23:20Z","2026-07-20T10:23:21Z","2026-07-20T10:23:22Z","2026-07-20T10:23:23Z","2026-07-20T10:23:24Z","2026-07-20T10:23:25Z","2026-07-20T10:23:26Z","2026-07-20T10:23:27Z","2026-07-20T10:23:27Z","2026-07-20T10:23:28Z","2026-07-20T10:23:29Z","2026-07-20T10:23:30Z","2026-07-20T10:23:31Z","2026-07-20T10:23:32Z","2026-07-20T10:23:33Z","2026-07-20T10:23:34Z","2026-07-20T10:23:35Z","2026-07-20T10:23:36Z","2026-07-20T10:23:37Z","2026-07-20T10:23:38Z","2026-07-20T10:23:39Z","2026-07-20T10:23:40Z","2026-07-20T10:23:41Z","2026-07-20T10:23:42Z","2026-07-20T10:23:43Z","2026-07-20T10:23:44Z","2026-07-20T10:23:45Z","2026-07-20T10:23:46Z","2026-07-20T10:23:47Z","2026-07-20T10:23:48Z","2026-07-20T10:23:49Z","2026-07-20T10:23:50Z","2026-07-20T10:23:51Z","2026-07-20T10:23:52Z","2026-07-20T10:23:53Z","2026-07-20T10:23:54Z","2026-07-20T10:23:55Z","2026-07-20T10:23:56Z","2026-07-20T10:23:57Z","2026-07-20T10:23:58Z","2026-07-20T10:23:59Z","2026-07-20T10:24:00Z","2026-07-20T10:24:01Z","2026-07-20T10:24:02Z","2026-07-20T10:24:03Z","2026-07-20T10:24:04Z","2026-07-20T10:24:05Z","2026-07-20T10:24:06Z","2026-07-20T10:24:07Z","2026-07-20T10:24:08Z","2026-07-20T10:24:09Z","2026-07-20T10:24:10Z","2026-07-20T10:24:11Z","2026-07-20T10:24:12Z","2026-07-20T10:24:13Z","2026-07-20T10:24:14Z","2026-07-20T10:24:15Z","2026-07-20T10:24:16Z","2026-07-20T10:24:17Z","2026-07-20T10:24:19Z","2026-07-20T10:24:20Z","2026-07-20T10:24:21Z","2026-07-20T10:24:22Z","2026-07-20T10:24:23Z","2026-07-20T10:24:24Z","2026-07-20T10:24:25Z","2026-07-20T10:24:26Z","2026-07-20T10:24:27Z","2026-07-20T10:24:28Z","2026-07-20T10:24:29Z","2026-07-20T10:24:30Z","2026-07-20T10:24:31Z","2026-07-20T10:24:32Z","2026-07-20T10:24:33Z","2026-07-20T10:24:34Z","2026-07-20T10:24:35Z","2026-07-20T10:24:36Z","2026-07-20T10:24:37Z","2026-07-20T10:24:38Z","2026-07-20T10:24:39Z","2026-07-20T10:24:40Z","2026-07-20T10:24:41Z","2026-07-20T10:24:42Z","2026-07-20T10:24:43Z","2026-07-20T10:24:44Z","2026-07-20T10:24:45Z","2026-07-20T10:24:46Z","2026-07-20T10:24:47Z","2026-07-20T10:24:48Z","2026-07-20T10:24:49Z","2026-07-20T10:24:50Z","2026-07-20T10:24:51Z","2026-07-20T10:24:52Z","2026-07-20T10:24:53Z","2026-07-20T10:24:54Z","2026-07-20T10:24:55Z","2026-07-20T10:24:56Z","2026-07-20T10:24:57Z","2026-07-20T10:24:58Z","2026-07-20T10:24:59Z","2026-07-20T10:25:00Z","2026-07-20T10:25:01Z","2026-07-20T10:25:02Z","2026-07-20T10:25:03Z","2026-07-20T10:25:04Z","2026-07-20T10:25:05Z","2026-07-20T10:25:06Z","2026-07-20T10:25:07Z","2026-07-20T10:25:08Z","2026-07-20T10:25:09Z","2026-07-20T10:25:10Z","2026-07-20T10:25:11Z","2026-07-20T10:25:12Z","2026-07-20T10:25:13Z","2026-07-20T10:25:14Z","2026-07-20T10:25:15Z","2026-07-20T10:25:16Z","2026-07-20T10:25:17Z","2026-07-20T10:25:18Z","2026-07-20T10:25:19Z","2026-07-20T10:25:20Z","2026-07-20T10:25:21Z","2026-07-20T10:25:22Z","2026-07-20T10:25:23Z","2026-07-20T10:25:24Z","2026-07-20T10:25:25Z","2026-07-20T10:25:26Z","2026-07-20T10:25:27Z","2026-07-20T10:25:28Z","2026-07-20T10:25:29Z","2026-07-20T10:25:30Z","2026-07-20T10:25:31Z","2026-07-20T10:25:32Z","2026-07-20T10:25:33Z","2026-07-20T10:25:34Z","2026-07-20T10:25:35Z","2026-07-20T10:25:36Z","2026-07-20T10:25:37Z","2026-07-20T10:25:38Z","2026-07-20T10:25:38Z","2026-07-20T10:25:39Z","2026-07-20T10:25:40Z","2026-07-20T10:25:41Z","2026-07-20T10:25:42Z","2026-07-20T10:25:43Z","2026-07-20T10:25:44Z","2026-07-20T10:25:45Z","2026-07-20T10:25:46Z","2026-07-20T10:25:47Z","2026-07-20T10:25:48Z","2026-07-20T10:25:49Z","2026-07-20T10:25:50Z","2026-07-20T10:25:51Z","2026-07-20T10:25:52Z","2026-07-20T10:25:53Z","2026-07-20T10:25:54Z","2026-07-20T10:25:55Z","2026-07-20T10:25:56Z","2026-07-20T10:25:57Z","2026-07-20T10:25:58Z","2026-07-20T10:25:59Z","2026-07-20T10:26:00Z","2026-07-20T10:26:01Z","2026-07-20T10:26:02Z","2026-07-20T10:26:03Z","2026-07-20T10:26:04Z","2026-07-20T10:26:05Z","2026-07-20T10:26:06Z","2026-07-20T10:26:07Z","2026-07-20T10:26:08Z","2026-07-20T10:26:09Z","2026-07-20T10:26:10Z","2026-07-20T10:26:11Z","2026-07-20T10:26:12Z","2026-07-20T10:26:13Z","2026-07-20T10:26:14Z","2026-07-20T10:26:15Z","2026-07-20T10:26:16Z","2026-07-20T10:26:17Z","2026-07-20T10:26:18Z","2026-07-20T10:26:19Z","2026-07-20T10:26:20Z","2026-07-20T10:26:21Z","2026-07-20T10:26:22Z","2026-07-20T10:26:23Z","2026-07-20T10:26:25Z","2026-07-20T10:26:26Z","2026-07-20T10:26:27Z","2026-07-20T10:26:28Z","2026-07-20T10:26:29Z","2026-07-20T10:26:30Z","2026-07-20T10:26:31Z","2026-07-20T10:26:32Z","2026-07-20T10:26:33Z","2026-07-20T10:26:34Z","2026-07-20T10:26:35Z","2026-07-20T10:26:36Z","2026-07-20T10:26:37Z","2026-07-20T10:26:38Z","2026-07-20T10:26:39Z","2026-07-20T10:26:40Z","2026-07-20T10:26:41Z","2026-07-20T10:26:42Z","2026-07-20T10:26:43Z","2026-07-20T10:26:44Z","2026-07-20T10:26:45Z","2026-07-20T10:26:46Z","2026-07-20T10:26:47Z","2026-07-20T10:26:48Z","2026-07-20T10:26:49Z","2026-07-20T10:26:50Z","2026-07-20T10:26:51Z","2026-07-20T10:26:52Z","2026-07-20T10:26:53Z","2026-07-20T10:26:54Z","2026-07-20T10:26:55Z","2026-07-20T10:26:56Z","2026-07-20T10:26:57Z","2026-07-20T10:26:58Z","2026-07-20T10:26:59Z","2026-07-20T10:27:00Z","2026-07-20T10:27:01Z","2026-07-20T10:27:02Z","2026-07-20T10:27:03Z","2026-07-20T10:27:04Z","2026-07-20T10:27:05Z","2026-07-20T10:27:06Z","2026-07-20T10:27:07Z","2026-07-20T10:27:08Z","2026-07-20T10:27:09Z","2026-07-20T10:27:10Z","2026-07-20T10:27:11Z","2026-07-20T10:27:12Z","2026-07-20T10:27:13Z","2026-07-20T10:27:14Z","2026-07-20T10:27:15Z","2026-07-20T10:27:16Z","2026-07-20T10:27:17Z","2026-07-20T10:27:18Z","2026-07-20T10:27:19Z","2026-07-20T10:27:20Z","2026-07-20T10:27:21Z","2026-07-20T10:27:22Z","2026-07-20T10:27:23Z","2026-07-20T10:27:24Z","2026-07-20T10:27:25Z","2026-07-20T10:27:26Z","2026-07-20T10:27:27Z","2026-07-20T10:27:28Z","2026-07-20T10:27:29Z","2026-07-20T10:27:30Z","2026-07-20T10:27:31Z","2026-07-20T10:27:32Z","2026-07-20T10:27:32Z","2026-07-20T10:27:33Z","2026-07-20T10:27:34Z","2026-07-20T10:27:35Z","2026-07-20T10:27:36Z","2026-07-20T10:27:37Z","2026-07-20T10:27:38Z","2026-07-20T10:27:39Z","2026-07-20T10:27:40Z","2026-07-20T10:27:41Z","2026-07-20T10:27:42Z","2026-07-20T10:27:43Z","2026-07-20T10:27:44Z","2026-07-20T10:27:45Z","2026-07-20T10:27:46Z","2026-07-20T10:27:47Z","2026-07-20T10:27:48Z","2026-07-20T10:27:49Z","2026-07-20T10:27:50Z","2026-07-20T10:27:51Z","2026-07-20T10:27:52Z","2026-07-20T10:27:53Z","2026-07-20T10:27:54Z","2026-07-20T10:27:55Z","2026-07-20T10:27:56Z","2026-07-20T10:27:57Z","2026-07-20T10:27:58Z","2026-07-20T10:27:59Z","2026-07-20T10:28:00Z","2026-07-20T10:28:01Z","2026-07-20T10:28:02Z","2026-07-20T10:28:03Z","2026-07-20T10:28:04Z","2026-07-20T10:28:05Z","2026-07-20T10:28:06Z","2026-07-20T10:28:07Z","2026-07-20T10:28:08Z","2026-07-20T10:28:09Z","2026-07-20T10:28:10Z","2026-07-20T10:28:11Z","2026-07-20T10:28:12Z","2026-07-20T10:28:13Z","2026-07-20T10:28:14Z","2026-07-20T10:28:15Z","2026-07-20T10:28:16Z","2026-07-20T10:28:17Z","2026-07-20T10:28:18Z","2026-07-20T10:28:19Z","2026-07-20T10:28:20Z","2026-07-20T10:28:21Z","2026-07-20T10:28:22Z","2026-07-20T10:28:23Z","2026-07-20T10:28:24Z","2026-07-20T10:28:25Z","2026-07-20T10:28:26Z","2026-07-20T10:28:27Z","2026-07-20T10:28:28Z","2026-07-20T10:28:29Z","2026-07-20T10:28:31Z","2026-07-20T10:28:32Z","2026-07-20T10:28:33Z","2026-07-20T10:28:34Z","2026-07-20T10:28:35Z","2026-07-20T10:28:36Z","2026-07-20T10:28:37Z","2026-07-20T10:28:38Z","2026-07-20T10:28:39Z","2026-07-20T10:28:40Z","2026-07-20T10:28:41Z","2026-07-20T10:28:42Z","2026-07-20T10:28:43Z","2026-07-20T10:28:44Z","2026-07-20T10:28:45Z","2026-07-20T10:28:46Z","2026-07-20T10:28:47Z","2026-07-20T10:28:48Z","2026-07-20T10:28:49Z","2026-07-20T10:28:50Z","2026-07-20T10:28:51Z","2026-07-20T10:28:52Z","2026-07-20T10:28:53Z","2026-07-20T10:28:54Z","2026-07-20T10:28:55Z","2026-07-20T10:28:56Z","2026-07-20T10:28:57Z","2026-07-20T10:28:58Z","2026-07-20T10:28:59Z","2026-07-20T10:29:00Z","2026-07-20T10:29:01Z","2026-07-20T10:29:02Z","2026-07-20T10:29:03Z","2026-07-20T10:29:04Z","2026-07-20T10:29:05Z","2026-07-20T10:29:06Z","2026-07-20T10:29:07Z","2026-07-20T10:29:08Z","2026-07-20T10:29:09Z","2026-07-20T10:29:10Z","2026-07-20T10:29:11Z","2026-07-20T10:29:12Z","2026-07-20T10:29:13Z","2026-07-20T10:29:14Z","2026-07-20T10:29:15Z","2026-07-20T10:29:16Z","2026-07-20T10:29:17Z","2026-07-20T10:29:18Z","2026-07-20T10:29:19Z","2026-07-20T10:29:20Z","2026-07-20T10:29:21Z","2026-07-20T10:29:22Z","2026-07-20T10:29:23Z","2026-07-20T10:29:24Z","2026-07-20T10:29:25Z","2026-07-20T10:29:26Z","2026-07-20T10:29:27Z","2026-07-20T10:29:28Z","2026-07-20T10:29:29Z","2026-07-20T10:29:30Z","2026-07-20T10:29:31Z","2026-07-20T10:29:32Z","2026-07-20T10:29:33Z","2026-07-20T10:29:34Z","2026-07-20T10:29:35Z","2026-07-20T10:29:36Z","2026-07-20T10:29:37Z","2026-07-20T10:29:38Z","2026-07-20T10:29:39Z","2026-07-20T10:29:40Z","2026-07-20T10:29:40Z","2026-07-20T10:29:41Z","2026-07-20T10:29:42Z","2026-07-20T10:29:43Z","2026-07-20T10:29:44Z","2026-07-20T10:29:45Z","2026-07-20T10:29:46Z","2026-07-20T10:29:47Z","2026-07-20T10:29:48Z","2026-07-20T10:29:49Z","2026-07-20T10:29:50Z","2026-07-20T10:29:51Z","2026-07-20T10:29:52Z","2026-07-20T10:29:53Z","2026-07-20T10:29:54Z","2026-07-20T10:29:55Z","2026-07-20T10:29:56Z","2026-07-20T10:29:57Z","2026-07-20T10:29:58Z","2026-07-20T10:29:59Z","2026-07-20T10:30:00Z","2026-07-20T10:30:01Z","2026-07-20T10:30:02Z","2026-07-20T10:30:03Z","2026-07-20T10:30:04Z","2026-07-20T10:30:05Z","2026-07-20T10:30:06Z","2026-07-20T10:30:07Z","2026-07-20T10:30:08Z","2026-07-20T10:30:09Z","2026-07-20T10:30:10Z","2026-07-20T10:30:11Z","2026-07-20T10:30:12Z","2026-07-20T10:30:13Z","2026-07-20T10:30:14Z","2026-07-20T10:30:15Z","2026-07-20T10:30:16Z","2026-07-20T10:30:17Z","2026-07-20T10:30:18Z","2026-07-20T10:30:19Z","2026-07-20T10:30:20Z","2026-07-20T10:30:21Z","2026-07-20T10:30:22Z","2026-07-20T10:30:23Z","2026-07-20T10:30:24Z","2026-07-20T10:30:25Z","2026-07-20T10:30:26Z","2026-07-20T10:30:27Z","2026-07-20T10:30:28Z","2026-07-20T10:30:29Z","2026-07-20T10:30:30Z","2026-07-20T10:30:31Z","2026-07-20T10:30:32Z","2026-07-20T10:30:33Z","2026-07-20T10:30:34Z","2026-07-20T10:30:35Z","2026-07-20T10:30:37Z","2026-07-20T10:30:38Z","2026-07-20T10:30:39Z","2026-07-20T10:30:40Z","2026-07-20T10:30:41Z","2026-07-20T10:30:42Z","2026-07-20T10:30:43Z","2026-07-20T10:30:44Z","2026-07-20T10:30:45Z","2026-07-20T10:30:46Z","2026-07-20T10:30:47Z","2026-07-20T10:30:48Z","2026-07-20T10:30:49Z","2026-07-20T10:30:50Z","2026-07-20T10:30:51Z","2026-07-20T10:30:52Z","2026-07-20T10:30:53Z","2026-07-20T10:30:54Z","2026-07-20T10:30:55Z","2026-07-20T10:30:56Z","2026-07-20T10:30:57Z","2026-07-20T10:30:58Z","2026-07-20T10:30:59Z","2026-07-20T10:31:00Z","2026-07-20T10:31:01Z","2026-07-20T10:31:02Z","2026-07-20T10:31:03Z","2026-07-20T10:31:04Z","2026-07-20T10:31:05Z","2026-07-20T10:31:06Z","2026-07-20T10:31:07Z","2026-07-20T10:31:08Z","2026-07-20T10:31:09Z","2026-07-20T10:31:10Z","2026-07-20T10:31:11Z","2026-07-20T10:31:12Z","2026-07-20T10:31:13Z","2026-07-20T10:31:14Z","2026-07-20T10:31:15Z","2026-07-20T10:31:16Z","2026-07-20T10:31:17Z","2026-07-20T10:31:18Z","2026-07-20T10:31:19Z","2026-07-20T10:31:20Z","2026-07-20T10:31:21Z","2026-07-20T10:31:22Z","2026-07-20T10:31:23Z","2026-07-20T10:31:24Z","2026-07-20T10:31:25Z","2026-07-20T10:31:26Z","2026-07-20T10:31:27Z","2026-07-20T10:31:28Z","2026-07-20T10:31:29Z","2026-07-20T10:31:30Z","2026-07-20T10:31:31Z","2026-07-20T10:31:32Z","2026-07-20T10:31:33Z","2026-07-20T10:31:34Z","2026-07-20T10:31:35Z","2026-07-20T10:31:36Z","2026-07-20T10:31:37Z","2026-07-20T10:31:38Z","2026-07-20T10:31:39Z","2026-07-20T10:31:40Z","2026-07-20T10:31:41Z","2026-07-20T10:31:42Z","2026-07-20T10:31:43Z","2026-07-20T10:31:44Z","2026-07-20T10:31:45Z","2026-07-20T10:31:45Z","2026-07-20T10:31:46Z","2026-07-20T10:31:47Z","2026-07-20T10:31:48Z","2026-07-20T10:31:49Z","2026-07-20T10:31:50Z","2026-07-20T10:31:51Z","2026-07-20T10:31:52Z","2026-07-20T10:31:53Z","2026-07-20T10:31:54Z","2026-07-20T10:31:55Z","2026-07-20T10:31:56Z","2026-07-20T10:31:57Z","2026-07-20T10:31:58Z","2026-07-20T10:31:59Z","2026-07-20T10:32:00Z","2026-07-20T10:32:01Z","2026-07-20T10:32:02Z","2026-07-20T10:32:03Z","2026-07-20T10:32:04Z","2026-07-20T10:32:05Z","2026-07-20T10:32:06Z","2026-07-20T10:32:07Z","2026-07-20T10:32:08Z","2026-07-20T10:32:09Z","2026-07-20T10:32:10Z","2026-07-20T10:32:11Z","2026-07-20T10:32:12Z","2026-07-20T10:32:13Z","2026-07-20T10:32:14Z","2026-07-20T10:32:15Z","2026-07-20T10:32:16Z","2026-07-20T10:32:17Z","2026-07-20T10:32:18Z","2026-07-20T10:32:19Z","2026-07-20T10:32:20Z","2026-07-20T10:32:21Z","2026-07-20T10:32:22Z","2026-07-20T10:32:23Z","2026-07-20T10:32:24Z","2026-07-20T10:32:25Z","2026-07-20T10:32:26Z","2026-07-20T10:32:27Z","2026-07-20T10:32:28Z","2026-07-20T10:32:29Z","2026-07-20T10:32:30Z","2026-07-20T10:32:31Z","2026-07-20T10:32:32Z","2026-07-20T10:32:33Z","2026-07-20T10:32:34Z","2026-07-20T10:32:35Z","2026-07-20T10:32:36Z","2026-07-20T10:32:37Z","2026-07-20T10:32:38Z","2026-07-20T10:32:39Z","2026-07-20T10:32:40Z","2026-07-20T10:32:41Z","2026-07-20T10:32:43Z","2026-07-20T10:32:44Z","2026-07-20T10:32:45Z","2026-07-20T10:32:46Z","2026-07-20T10:32:47Z","2026-07-20T10:32:48Z","2026-07-20T10:32:49Z","2026-07-20T10:32:50Z","2026-07-20T10:32:51Z","2026-07-20T10:32:52Z","2026-07-20T10:32:53Z","2026-07-20T10:32:54Z","2026-07-20T10:32:55Z","2026-07-20T10:32:56Z","2026-07-20T10:32:57Z","2026-07-20T10:32:58Z","2026-07-20T10:32:59Z","2026-07-20T10:33:00Z","2026-07-20T10:33:01Z","2026-07-20T10:33:02Z","2026-07-20T10:33:03Z","2026-07-20T10:33:04Z","2026-07-20T10:33:05Z","2026-07-20T10:33:06Z","2026-07-20T10:33:07Z","2026-07-20T10:33:08Z","2026-07-20T10:33:09Z","2026-07-20T10:33:10Z","2026-07-20T10:33:11Z","2026-07-20T10:33:12Z","2026-07-20T10:33:13Z","2026-07-20T10:33:14Z","2026-07-20T10:33:15Z","2026-07-20T10:33:16Z","2026-07-20T10:33:17Z","2026-07-20T10:33:18Z","2026-07-20T10:33:19Z","2026-07-20T10:33:20Z","2026-07-20T10:33:21Z","2026-07-20T10:33:22Z","2026-07-20T10:33:23Z","2026-07-20T10:33:24Z","2026-07-20T10:33:25Z","2026-07-20T10:33:26Z","2026-07-20T10:33:27Z","2026-07-20T10:33:28Z","2026-07-20T10:33:29Z","2026-07-20T10:33:30Z","2026-07-20T10:33:31Z","2026-07-20T10:33:32Z","2026-07-20T10:33:33Z","2026-07-20T10:33:34Z","2026-07-20T10:33:35Z","2026-07-20T10:33:36Z","2026-07-20T10:33:37Z","2026-07-20T10:33:38Z","2026-07-20T10:33:39Z","2026-07-20T10:33:40Z","2026-07-20T10:33:41Z","2026-07-20T10:33:42Z","2026-07-20T10:33:43Z","2026-07-20T10:33:44Z","2026-07-20T10:33:45Z","2026-07-20T10:33:46Z","2026-07-20T10:33:47Z","2026-07-20T10:33:48Z","2026-07-20T10:33:49Z","2026-07-20T10:33:50Z","2026-07-20T10:33:51Z","2026-07-20T10:33:52Z","2026-07-20T10:33:53Z","2026-07-20T10:33:54Z","2026-07-20T10:33:54Z","2026-07-20T10:33:55Z","2026-07-20T10:33:56Z","2026-07-20T10:33:57Z","2026-07-20T10:33:58Z","2026-07-20T10:33:59Z","2026-07-20T10:34:00Z","2026-07-20T10:34:01Z","2026-07-20T10:34:02Z","2026-07-20T10:34:03Z","2026-07-20T10:34:04Z","2026-07-20T10:34:05Z","2026-07-20T10:34:06Z","2026-07-20T10:34:07Z","2026-07-20T10:34:08Z","2026-07-20T10:34:09Z","2026-07-20T10:34:10Z","2026-07-20T10:34:11Z","2026-07-20T10:34:12Z","2026-07-20T10:34:13Z","2026-07-20T10:34:14Z","2026-07-20T10:34:15Z","2026-07-20T10:34:16Z","2026-07-20T10:34:17Z","2026-07-20T10:34:18Z","2026-07-20T10:34:19Z","2026-07-20T10:34:20Z","2026-07-20T10:34:21Z","2026-07-20T10:34:22Z","2026-07-20T10:34:23Z","2026-07-20T10:34:24Z","2026-07-20T10:34:25Z","2026-07-20T10:34:26Z","2026-07-20T10:34:27Z","2026-07-20T10:34:28Z","2026-07-20T10:34:29Z","2026-07-20T10:34:30Z","2026-07-20T10:34:31Z","2026-07-20T10:34:32Z","2026-07-20T10:34:33Z","2026-07-20T10:34:34Z","2026-07-20T10:34:35Z","2026-07-20T10:34:36Z","2026-07-20T10:34:37Z","2026-07-20T10:34:38Z","2026-07-20T10:34:39Z","2026-07-20T10:34:40Z","2026-07-20T10:34:41Z","2026-07-20T10:34:42Z","2026-07-20T10:34:43Z","2026-07-20T10:34:44Z","2026-07-20T10:34:45Z","2026-07-20T10:34:46Z","2026-07-20T10:34:47Z","2026-07-20T10:34:49Z","2026-07-20T10:34:50Z","2026-07-20T10:34:51Z","2026-07-20T10:34:52Z","2026-07-20T10:34:53Z","2026-07-20T10:34:54Z","2026-07-20T10:34:55Z","2026-07-20T10:34:56Z","2026-07-20T10:34:57Z","2026-07-20T10:34:58Z","2026-07-20T10:34:59Z","2026-07-20T10:35:00Z","2026-07-20T10:35:01Z","2026-07-20T10:35:02Z","2026-07-20T10:35:03Z","2026-07-20T10:35:04Z","2026-07-20T10:35:05Z","2026-07-20T10:35:06Z","2026-07-20T10:35:07Z","2026-07-20T10:35:08Z","2026-07-20T10:35:09Z","2026-07-20T10:35:10Z","2026-07-20T10:35:11Z","2026-07-20T10:35:12Z","2026-07-20T10:35:13Z","2026-07-20T10:35:14Z","2026-07-20T10:35:15Z","2026-07-20T10:35:16Z","2026-07-20T10:35:17Z","2026-07-20T10:35:18Z","2026-07-20T10:35:19Z","2026-07-20T10:35:20Z","2026-07-20T10:35:21Z","2026-07-20T10:35:22Z","2026-07-20T10:35:23Z","2026-07-20T10:35:24Z","2026-07-20T10:35:25Z","2026-07-20T10:35:26Z","2026-07-20T10:35:27Z","2026-07-20T10:35:28Z","2026-07-20T10:35:29Z","2026-07-20T10:35:30Z","2026-07-20T10:35:31Z","2026-07-20T10:35:32Z","2026-07-20T10:35:33Z","2026-07-20T10:35:34Z","2026-07-20T10:35:35Z","2026-07-20T10:35:36Z","2026-07-20T10:35:37Z","2026-07-20T10:35:38Z","2026-07-20T10:35:39Z","2026-07-20T10:35:40Z","2026-07-20T10:35:41Z","2026-07-20T10:35:42Z","2026-07-20T10:35:43Z","2026-07-20T10:35:44Z","2026-07-20T10:35:45Z","2026-07-20T10:35:46Z","2026-07-20T10:35:47Z","2026-07-20T10:35:48Z","2026-07-20T10:35:48Z","2026-07-20T10:35:49Z","2026-07-20T10:35:50Z","2026-07-20T10:35:51Z","2026-07-20T10:35:52Z","2026-07-20T10:35:53Z","2026-07-20T10:35:54Z","2026-07-20T10:35:55Z","2026-07-20T10:35:56Z","2026-07-20T10:35:57Z","2026-07-20T10:35:58Z","2026-07-20T10:35:59Z","2026-07-20T10:36:00Z","2026-07-20T10:36:01Z","2026-07-20T10:36:02Z","2026-07-20T10:36:03Z","2026-07-20T10:36:04Z","2026-07-20T10:36:05Z","2026-07-20T10:36:06Z","2026-07-20T10:36:07Z","2026-07-20T10:36:08Z","2026-07-20T10:36:09Z","2026-07-20T10:36:10Z","2026-07-20T10:36:11Z","2026-07-20T10:36:12Z","2026-07-20T10:36:13Z","2026-07-20T10:36:14Z","2026-07-20T10:36:15Z","2026-07-20T10:36:16Z","2026-07-20T10:36:17Z","2026-07-20T10:36:18Z","2026-07-20T10:36:19Z","2026-07-20T10:36:20Z","2026-07-20T10:36:21Z","2026-07-20T10:36:22Z","2026-07-20T10:36:23Z","2026-07-20T10:36:24Z","2026-07-20T10:36:25Z","2026-07-20T10:36:26Z","2026-07-20T10:36:27Z","2026-07-20T10:36:28Z","2026-07-20T10:36:29Z","2026-07-20T10:36:30Z","2026-07-20T10:36:31Z","2026-07-20T10:36:32Z","2026-07-20T10:36:33Z","2026-07-20T10:36:34Z","2026-07-20T10:36:35Z","2026-07-20T10:36:36Z","2026-07-20T10:36:37Z","2026-07-20T10:36:38Z","2026-07-20T10:36:39Z","2026-07-20T10:36:40Z","2026-07-20T10:36:41Z","2026-07-20T10:36:42Z","2026-07-20T10:36:43Z","2026-07-20T10:36:44Z","2026-07-20T10:36:45Z","2026-07-20T10:36:46Z","2026-07-20T10:36:47Z","2026-07-20T10:36:48Z","2026-07-20T10:36:49Z","2026-07-20T10:36:50Z","2026-07-20T10:36:51Z","2026-07-20T10:36:52Z","2026-07-20T10:36:53Z","2026-07-20T10:36:55Z","2026-07-20T10:36:56Z","2026-07-20T10:36:57Z","2026-07-20T10:36:58Z","2026-07-20T10:36:59Z","2026-07-20T10:37:00Z","2026-07-20T10:37:01Z","2026-07-20T10:37:02Z","2026-07-20T10:37:03Z","2026-07-20T10:37:04Z","2026-07-20T10:37:05Z","2026-07-20T10:37:06Z","2026-07-20T10:37:07Z","2026-07-20T10:37:08Z","2026-07-20T10:37:09Z","2026-07-20T10:37:10Z","2026-07-20T10:37:11Z","2026-07-20T10:37:12Z","2026-07-20T10:37:13Z","2026-07-20T10:37:14Z","2026-07-20T10:37:15Z","2026-07-20T10:37:16Z","2026-07-20T10:37:17Z","2026-07-20T10:37:18Z","2026-07-20T10:37:19Z","2026-07-20T10:37:20Z","2026-07-20T10:37:21Z","2026-07-20T10:37:22Z","2026-07-20T10:37:23Z","2026-07-20T10:37:24Z","2026-07-20T10:37:25Z","2026-07-20T10:37:26Z","2026-07-20T10:37:27Z","2026-07-20T10:37:28Z","2026-07-20T10:37:29Z","2026-07-20T10:37:30Z","2026-07-20T10:37:31Z","2026-07-20T10:37:32Z","2026-07-20T10:37:33Z","2026-07-20T10:37:34Z","2026-07-20T10:37:35Z","2026-07-20T10:37:36Z","2026-07-20T10:37:37Z","2026-07-20T10:37:38Z","2026-07-20T10:37:39Z","2026-07-20T10:37:40Z","2026-07-20T10:37:41Z","2026-07-20T10:37:42Z","2026-07-20T10:37:43Z","2026-07-20T10:37:44Z","2026-07-20T10:37:45Z","2026-07-20T10:37:46Z","2026-07-20T10:37:47Z","2026-07-20T10:37:48Z","2026-07-20T10:37:49Z","2026-07-20T10:37:50Z","2026-07-20T10:37:51Z","2026-07-20T10:37:52Z","2026-07-20T10:37:53Z","2026-07-20T10:37:54Z","2026-07-20T10:37:54Z","2026-07-20T10:37:55Z","2026-07-20T10:37:56Z","2026-07-20T10:37:57Z","2026-07-20T10:37:58Z","2026-07-20T10:37:59Z","2026-07-20T10:38:00Z","2026-07-20T10:38:01Z","2026-07-20T10:38:02Z","2026-07-20T10:38:03Z","2026-07-20T10:38:04Z","2026-07-20T10:38:05Z","2026-07-20T10:38:06Z","2026-07-20T10:38:07Z","2026-07-20T10:38:08Z","2026-07-20T10:38:09Z","2026-07-20T10:38:10Z","2026-07-20T10:38:11Z","2026-07-20T10:38:12Z","2026-07-20T10:38:13Z","2026-07-20T10:38:14Z","2026-07-20T10:38:15Z","2026-07-20T10:38:16Z","2026-07-20T10:38:17Z","2026-07-20T10:38:18Z","2026-07-20T10:38:19Z","2026-07-20T10:38:20Z","2026-07-20T10:38:21Z","2026-07-20T10:38:22Z","2026-07-20T10:38:23Z","2026-07-20T10:38:24Z","2026-07-20T10:38:25Z","2026-07-20T10:38:26Z","2026-07-20T10:38:27Z","2026-07-20T10:38:28Z","2026-07-20T10:38:29Z","2026-07-20T10:38:30Z","2026-07-20T10:38:31Z","2026-07-20T10:38:32Z","2026-07-20T10:38:33Z","2026-07-20T10:38:34Z","2026-07-20T10:38:35Z","2026-07-20T10:38:36Z","2026-07-20T10:38:37Z","2026-07-20T10:38:38Z","2026-07-20T10:38:39Z","2026-07-20T10:38:40Z","2026-07-20T10:38:41Z","2026-07-20T10:38:42Z","2026-07-20T10:38:43Z","2026-07-20T10:38:44Z","2026-07-20T10:38:45Z","2026-07-20T10:38:46Z","2026-07-20T10:38:47Z","2026-07-20T10:38:48Z","2026-07-20T10:38:49Z","2026-07-20T10:38:50Z","2026-07-20T10:38:51Z","2026-07-20T10:38:52Z","2026-07-20T10:38:53Z","2026-07-20T10:38:54Z","2026-07-20T10:38:55Z","2026-07-20T10:38:56Z","2026-07-20T10:38:57Z","2026-07-20T10:38:58Z","2026-07-20T10:38:59Z","2026-07-20T10:39:01Z","2026-07-20T10:39:02Z","2026-07-20T10:39:03Z","2026-07-20T10:39:04Z","2026-07-20T10:39:05Z","2026-07-20T10:39:06Z","2026-07-20T10:39:07Z","2026-07-20T10:39:08Z","2026-07-20T10:39:09Z","2026-07-20T10:39:10Z","2026-07-20T10:39:11Z","2026-07-20T10:39:12Z","2026-07-20T10:39:13Z","2026-07-20T10:39:14Z","2026-07-20T10:39:15Z","2026-07-20T10:39:16Z","2026-07-20T10:39:17Z","2026-07-20T10:39:18Z","2026-07-20T10:39:19Z","2026-07-20T10:39:20Z","2026-07-20T10:39:21Z","2026-07-20T10:39:22Z","2026-07-20T10:39:23Z","2026-07-20T10:39:24Z","2026-07-20T10:39:25Z","2026-07-20T10:39:26Z","2026-07-20T10:39:27Z","2026-07-20T10:39:28Z","2026-07-20T10:39:29Z","2026-07-20T10:39:30Z","2026-07-20T10:39:31Z","2026-07-20T10:39:32Z","2026-07-20T10:39:33Z","2026-07-20T10:39:34Z","2026-07-20T10:39:35Z","2026-07-20T10:39:36Z","2026-07-20T10:39:37Z","2026-07-20T10:39:38Z","2026-07-20T10:39:39Z","2026-07-20T10:39:40Z","2026-07-20T10:39:41Z","2026-07-20T10:39:42Z","2026-07-20T10:39:43Z","2026-07-20T10:39:44Z","2026-07-20T10:39:45Z","2026-07-20T10:39:46Z","2026-07-20T10:39:47Z","2026-07-20T10:39:48Z","2026-07-20T10:39:49Z","2026-07-20T10:39:50Z","2026-07-20T10:39:51Z","2026-07-20T10:39:52Z","2026-07-20T10:39:53Z","2026-07-20T10:39:54Z","2026-07-20T10:39:55Z","2026-07-20T10:39:56Z","2026-07-20T10:39:57Z","2026-07-20T10:39:58Z","2026-07-20T10:39:59Z","2026-07-20T10:40:00Z","2026-07-20T10:40:01Z","2026-07-20T10:40:02Z","2026-07-20T10:40:03Z","2026-07-20T10:40:04Z","2026-07-20T10:40:04Z","2026-07-20T10:40:05Z","2026-07-20T10:40:06Z","2026-07-20T10:40:07Z","2026-07-20T10:40:08Z","2026-07-20T10:40:09Z","2026-07-20T10:40:10Z","2026-07-20T10:40:11Z","2026-07-20T10:40:12Z","2026-07-20T10:40:13Z","2026-07-20T10:40:14Z","2026-07-20T10:40:15Z","2026-07-20T10:40:16Z","2026-07-20T10:40:17Z","2026-07-20T10:40:18Z","2026-07-20T10:40:19Z","2026-07-20T10:40:20Z","2026-07-20T10:40:21Z","2026-07-20T10:40:22Z","2026-07-20T10:40:23Z","2026-07-20T10:40:24Z","2026-07-20T10:40:25Z","2026-07-20T10:40:26Z","2026-07-20T10:40:27Z","2026-07-20T10:40:28Z","2026-07-20T10:40:29Z","2026-07-20T10:40:30Z","2026-07-20T10:40:31Z","2026-07-20T10:40:32Z","2026-07-20T10:40:33Z","2026-07-20T10:40:34Z","2026-07-20T10:40:35Z","2026-07-20T10:40:36Z","2026-07-20T10:40:37Z","2026-07-20T10:40:38Z","2026-07-20T10:40:39Z","2026-07-20T10:40:40Z","2026-07-20T10:40:41Z","2026-07-20T10:40:42Z","2026-07-20T10:40:43Z","2026-07-20T10:40:44Z","2026-07-20T10:40:45Z","2026-07-20T10:40:46Z","2026-07-20T10:40:47Z","2026-07-20T10:40:48Z","2026-07-20T10:40:49Z","2026-07-20T10:40:50Z","2026-07-20T10:40:51Z","2026-07-20T10:40:52Z","2026-07-20T10:40:53Z","2026-07-20T10:40:54Z","2026-07-20T10:40:55Z","2026-07-20T10:40:56Z","2026-07-20T10:40:57Z","2026-07-20T10:40:58Z","2026-07-20T10:40:59Z","2026-07-20T10:41:00Z","2026-07-20T10:41:01Z","2026-07-20T10:41:02Z","2026-07-20T10:41:03Z","2026-07-20T10:41:04Z","2026-07-20T10:41:05Z","2026-07-20T10:41:07Z","2026-07-20T10:41:08Z","2026-07-20T10:41:09Z","2026-07-20T10:41:10Z","2026-07-20T10:41:11Z","2026-07-20T10:41:12Z","2026-07-20T10:41:13Z","2026-07-20T10:41:14Z","2026-07-20T10:41:15Z","2026-07-20T10:41:16Z","2026-07-20T10:41:17Z","2026-07-20T10:41:18Z","2026-07-20T10:41:19Z","2026-07-20T10:41:20Z","2026-07-20T10:41:21Z","2026-07-20T10:41:22Z","2026-07-20T10:41:23Z","2026-07-20T10:41:24Z","2026-07-20T10:41:25Z","2026-07-20T10:41:26Z","2026-07-20T10:41:27Z","2026-07-20T10:41:28Z","2026-07-20T10:41:29Z","2026-07-20T10:41:30Z","2026-07-20T10:41:31Z","2026-07-20T10:41:32Z","2026-07-20T10:41:33Z","2026-07-20T10:41:34Z","2026-07-20T10:41:35Z","2026-07-20T10:41:36Z","2026-07-20T10:41:37Z","2026-07-20T10:41:38Z","2026-07-20T10:41:39Z","2026-07-20T10:41:40Z","2026-07-20T10:41:41Z","2026-07-20T10:41:42Z","2026-07-20T10:41:43Z","2026-07-20T10:41:44Z","2026-07-20T10:41:45Z","2026-07-20T10:41:46Z","2026-07-20T10:41:47Z","2026-07-20T10:41:48Z","2026-07-20T10:41:49Z","2026-07-20T10:41:50Z","2026-07-20T10:41:51Z","2026-07-20T10:41:52Z","2026-07-20T10:41:53Z","2026-07-20T10:41:54Z","2026-07-20T10:41:55Z","2026-07-20T10:41:56Z","2026-07-20T10:41:57Z","2026-07-20T10:41:58Z","2026-07-20T10:41:59Z","2026-07-20T10:42:00Z","2026-07-20T10:42:01Z","2026-07-20T10:42:02Z","2026-07-20T10:42:03Z","2026-07-20T10:42:04Z","2026-07-20T10:42:05Z","2026-07-20T10:42:06Z","2026-07-20T10:42:07Z","2026-07-20T10:42:08Z","2026-07-20T10:42:09Z","2026-07-20T10:42:10Z","2026-07-20T10:42:11Z","2026-07-20T10:42:12Z","2026-07-20T10:42:13Z","2026-07-20T10:42:14Z","2026-07-20T10:42:15Z","2026-07-20T10:42:16Z","2026-07-20T10:42:17Z","2026-07-20T10:42:18Z","2026-07-20T10:42:19Z","2026-07-20T10:42:20Z","2026-07-20T10:42:21Z","2026-07-20T10:42:22Z","2026-07-20T10:42:23Z","2026-07-20T10:42:24Z","2026-07-20T10:42:25Z","2026-07-20T10:42:26Z","2026-07-20T10:42:27Z","2026-07-20T10:42:28Z","2026-07-20T10:42:29Z","2026-07-20T10:42:29Z","2026-07-20T10:42:30Z","2026-07-20T10:42:31Z","2026-07-20T10:42:32Z","2026-07-20T10:42:33Z","2026-07-20T10:42:34Z","2026-07-20T10:42:35Z","2026-07-20T10:42:36Z","2026-07-20T10:42:37Z","2026-07-20T10:42:38Z","2026-07-20T10:42:39Z","2026-07-20T10:42:40Z","2026-07-20T10:42:41Z","2026-07-20T10:42:42Z","2026-07-20T10:42:43Z","2026-07-20T10:42:44Z","2026-07-20T10:42:45Z","2026-07-20T10:42:46Z","2026-07-20T10:42:47Z","2026-07-20T10:42:48Z","2026-07-20T10:42:49Z","2026-07-20T10:42:50Z","2026-07-20T10:42:51Z","2026-07-20T10:42:52Z","2026-07-20T10:42:53Z","2026-07-20T10:42:54Z","2026-07-20T10:42:55Z","2026-07-20T10:42:56Z","2026-07-20T10:42:57Z","2026-07-20T10:42:58Z","2026-07-20T10:42:59Z","2026-07-20T10:43:00Z","2026-07-20T10:43:01Z","2026-07-20T10:43:02Z","2026-07-20T10:43:03Z","2026-07-20T10:43:04Z","2026-07-20T10:43:05Z","2026-07-20T10:43:06Z","2026-07-20T10:43:07Z","2026-07-20T10:43:08Z","2026-07-20T10:43:09Z","2026-07-20T10:43:10Z","2026-07-20T10:43:11Z","2026-07-20T10:43:13Z","2026-07-20T10:43:14Z","2026-07-20T10:43:15Z","2026-07-20T10:43:16Z","2026-07-20T10:43:17Z","2026-07-20T10:43:18Z","2026-07-20T10:43:19Z","2026-07-20T10:43:20Z","2026-07-20T10:43:21Z","2026-07-20T10:43:22Z","2026-07-20T10:43:23Z","2026-07-20T10:43:24Z","2026-07-20T10:43:25Z","2026-07-20T10:43:26Z","2026-07-20T10:43:27Z","2026-07-20T10:43:28Z","2026-07-20T10:43:29Z","2026-07-20T10:43:30Z","2026-07-20T10:43:31Z","2026-07-20T10:43:32Z","2026-07-20T10:43:33Z","2026-07-20T10:43:34Z","2026-07-20T10:43:35Z","2026-07-20T10:43:36Z","2026-07-20T10:43:37Z","2026-07-20T10:43:38Z","2026-07-20T10:43:39Z","2026-07-20T10:43:40Z","2026-07-20T10:43:41Z","2026-07-20T10:43:42Z","2026-07-20T10:43:43Z","2026-07-20T10:43:44Z","2026-07-20T10:43:45Z","2026-07-20T10:43:46Z","2026-07-20T10:43:47Z","2026-07-20T10:43:48Z","2026-07-20T10:43:49Z","2026-07-20T10:43:50Z","2026-07-20T10:43:51Z","2026-07-20T10:43:52Z","2026-07-20T10:43:53Z","2026-07-20T10:43:54Z","2026-07-20T10:43:55Z","2026-07-20T10:43:56Z","2026-07-20T10:43:57Z","2026-07-20T10:43:58Z","2026-07-20T10:43:59Z","2026-07-20T10:44:00Z","2026-07-20T10:44:01Z","2026-07-20T10:44:02Z","2026-07-20T10:44:03Z","2026-07-20T10:44:04Z","2026-07-20T10:44:05Z","2026-07-20T10:44:06Z","2026-07-20T10:44:07Z","2026-07-20T10:44:08Z","2026-07-20T10:44:09Z","2026-07-20T10:44:10Z","2026-07-20T10:44:11Z","2026-07-20T10:44:12Z","2026-07-20T10:44:13Z","2026-07-20T10:44:14Z","2026-07-20T10:44:15Z","2026-07-20T10:44:16Z","2026-07-20T10:44:17Z","2026-07-20T10:44:18Z","2026-07-20T10:44:19Z","2026-07-20T10:44:20Z","2026-07-20T10:44:21Z","2026-07-20T10:44:22Z","2026-07-20T10:44:23Z","2026-07-20T10:44:23Z","2026-07-20T10:44:24Z","2026-07-20T10:44:25Z","2026-07-20T10:44:26Z","2026-07-20T10:44:27Z","2026-07-20T10:44:28Z","2026-07-20T10:44:29Z","2026-07-20T10:44:30Z","2026-07-20T10:44:31Z","2026-07-20T10:44:32Z","2026-07-20T10:44:33Z","2026-07-20T10:44:34Z","2026-07-20T10:44:35Z","2026-07-20T10:44:36Z","2026-07-20T10:44:37Z","2026-07-20T10:44:38Z","2026-07-20T10:44:39Z","2026-07-20T10:44:40Z","2026-07-20T10:44:41Z","2026-07-20T10:44:42Z","2026-07-20T10:44:43Z","2026-07-20T10:44:44Z","2026-07-20T10:44:45Z","2026-07-20T10:44:46Z","2026-07-20T10:44:47Z","2026-07-20T10:44:48Z","2026-07-20T10:44:49Z","2026-07-20T10:44:50Z","2026-07-20T10:44:51Z","2026-07-20T10:44:52Z","2026-07-20T10:44:53Z","2026-07-20T10:44:54Z","2026-07-20T10:44:55Z","2026-07-20T10:44:56Z","2026-07-20T10:44:57Z","2026-07-20T10:44:58Z","2026-07-20T10:44:59Z","2026-07-20T10:45:00Z","2026-07-20T10:45:01Z","2026-07-20T10:45:02Z","2026-07-20T10:45:03Z","2026-07-20T10:45:04Z","2026-07-20T10:45:05Z","2026-07-20T10:45:06Z","2026-07-20T10:45:07Z","2026-07-20T10:45:08Z","2026-07-20T10:45:09Z","2026-07-20T10:45:10Z","2026-07-20T10:45:11Z","2026-07-20T10:45:12Z","2026-07-20T10:45:13Z","2026-07-20T10:45:14Z","2026-07-20T10:45:15Z","2026-07-20T10:45:16Z","2026-07-20T10:45:17Z","2026-07-20T10:45:19Z","2026-07-20T10:45:20Z","2026-07-20T10:45:21Z","2026-07-20T10:45:22Z","2026-07-20T10:45:23Z","2026-07-20T10:45:24Z","2026-07-20T10:45:25Z","2026-07-20T10:45:26Z","2026-07-20T10:45:27Z","2026-07-20T10:45:28Z","2026-07-20T10:45:29Z","2026-07-20T10:45:30Z","2026-07-20T10:45:31Z","2026-07-20T10:45:32Z","2026-07-20T10:45:33Z","2026-07-20T10:45:34Z","2026-07-20T10:45:35Z","2026-07-20T10:45:36Z","2026-07-20T10:45:37Z","2026-07-20T10:45:38Z","2026-07-20T10:45:39Z","2026-07-20T10:45:40Z","2026-07-20T10:45:41Z","2026-07-20T10:45:42Z","2026-07-20T10:45:43Z","2026-07-20T10:45:44Z","2026-07-20T10:45:45Z","2026-07-20T10:45:46Z","2026-07-20T10:45:47Z","2026-07-20T10:45:48Z","2026-07-20T10:45:49Z","2026-07-20T10:45:50Z","2026-07-20T10:45:51Z","2026-07-20T10:45:52Z","2026-07-20T10:45:53Z","2026-07-20T10:45:54Z","2026-07-20T10:45:55Z","2026-07-20T10:45:56Z","2026-07-20T10:45:57Z","2026-07-20T10:45:58Z","2026-07-20T10:45:59Z","2026-07-20T10:46:00Z","2026-07-20T10:46:01Z","2026-07-20T10:46:02Z","2026-07-20T10:46:03Z","2026-07-20T10:46:04Z","2026-07-20T10:46:05Z","2026-07-20T10:46:06Z","2026-07-20T10:46:07Z","2026-07-20T10:46:08Z","2026-07-20T10:46:09Z","2026-07-20T10:46:10Z","2026-07-20T10:46:11Z","2026-07-20T10:46:12Z","2026-07-20T10:46:13Z","2026-07-20T10:46:14Z","2026-07-20T10:46:15Z","2026-07-20T10:46:16Z","2026-07-20T10:46:17Z","2026-07-20T10:46:18Z","2026-07-20T10:46:19Z","2026-07-20T10:46:20Z","2026-07-20T10:46:21Z","2026-07-20T10:46:22Z","2026-07-20T10:46:23Z","2026-07-20T10:46:24Z","2026-07-20T10:46:25Z","2026-07-20T10:46:26Z","2026-07-20T10:46:27Z","2026-07-20T10:46:28Z","2026-07-20T10:46:29Z","2026-07-20T10:46:30Z","2026-07-20T10:46:31Z","2026-07-20T10:46:32Z","2026-07-20T10:46:33Z","2026-07-20T10:46:34Z","2026-07-20T10:46:35Z","2026-07-20T10:46:36Z","2026-07-20T10:46:37Z","2026-07-20T10:46:38Z","2026-07-20T10:46:38Z","2026-07-20T10:46:39Z","2026-07-20T10:46:40Z","2026-07-20T10:46:41Z","2026-07-20T10:46:42Z","2026-07-20T10:46:43Z","2026-07-20T10:46:44Z","2026-07-20T10:46:45Z","2026-07-20T10:46:46Z","2026-07-20T10:46:47Z","2026-07-20T10:46:48Z","2026-07-20T10:46:49Z","2026-07-20T10:46:50Z","2026-07-20T10:46:51Z","2026-07-20T10:46:52Z","2026-07-20T10:46:53Z","2026-07-20T10:46:54Z","2026-07-20T10:46:55Z","2026-07-20T10:46:56Z","2026-07-20T10:46:57Z","2026-07-20T10:46:58Z","2026-07-20T10:46:59Z","2026-07-20T10:47:00Z","2026-07-20T10:47:01Z","2026-07-20T10:47:02Z","2026-07-20T10:47:03Z","2026-07-20T10:47:04Z","2026-07-20T10:47:05Z","2026-07-20T10:47:06Z","2026-07-20T10:47:07Z","2026-07-20T10:47:08Z","2026-07-20T10:47:09Z","2026-07-20T10:47:10Z","2026-07-20T10:47:11Z","2026-07-20T10:47:12Z","2026-07-20T10:47:13Z","2026-07-20T10:47:14Z","2026-07-20T10:47:15Z","2026-07-20T10:47:16Z","2026-07-20T10:47:17Z","2026-07-20T10:47:18Z","2026-07-20T10:47:19Z","2026-07-20T10:47:20Z","2026-07-20T10:47:21Z","2026-07-20T10:47:22Z","2026-07-20T10:47:23Z","2026-07-20T10:47:25Z","2026-07-20T10:47:26Z","2026-07-20T10:47:27Z","2026-07-20T10:47:28Z","2026-07-20T10:47:29Z","2026-07-20T10:47:30Z","2026-07-20T10:47:31Z","2026-07-20T10:47:32Z","2026-07-20T10:47:33Z","2026-07-20T10:47:34Z","2026-07-20T10:47:35Z","2026-07-20T10:47:36Z","2026-07-20T10:47:37Z","2026-07-20T10:47:38Z","2026-07-20T10:47:39Z","2026-07-20T10:47:40Z","2026-07-20T10:47:41Z","2026-07-20T10:47:42Z","2026-07-20T10:47:43Z","2026-07-20T10:47:44Z","2026-07-20T10:47:45Z","2026-07-20T10:47:46Z","2026-07-20T10:47:47Z","2026-07-20T10:47:48Z","2026-07-20T10:47:49Z","2026-07-20T10:47:50Z","2026-07-20T10:47:51Z","2026-07-20T10:47:52Z","2026-07-20T10:47:53Z","2026-07-20T10:47:54Z","2026-07-20T10:47:55Z","2026-07-20T10:47:56Z","2026-07-20T10:47:57Z","2026-07-20T10:47:58Z","2026-07-20T10:47:59Z","2026-07-20T10:48:00Z","2026-07-20T10:48:01Z","2026-07-20T10:48:02Z","2026-07-20T10:48:03Z","2026-07-20T10:48:04Z","2026-07-20T10:48:05Z","2026-07-20T10:48:06Z","2026-07-20T10:48:07Z","2026-07-20T10:48:08Z","2026-07-20T10:48:09Z","2026-07-20T10:48:10Z","2026-07-20T10:48:11Z","2026-07-20T10:48:12Z","2026-07-20T10:48:13Z","2026-07-20T10:48:14Z","2026-07-20T10:48:15Z","2026-07-20T10:48:16Z","2026-07-20T10:48:17Z","2026-07-20T10:48:18Z","2026-07-20T10:48:19Z","2026-07-20T10:48:20Z","2026-07-20T10:48:21Z","2026-07-20T10:48:22Z","2026-07-20T10:48:23Z","2026-07-20T10:48:24Z","2026-07-20T10:48:25Z","2026-07-20T10:48:26Z","2026-07-20T10:48:27Z","2026-07-20T10:48:28Z","2026-07-20T10:48:29Z","2026-07-20T10:48:30Z","2026-07-20T10:48:31Z","2026-07-20T10:48:32Z","2026-07-20T10:48:33Z","2026-07-20T10:48:34Z","2026-07-20T10:48:35Z","2026-07-20T10:48:35Z","2026-07-20T10:48:36Z","2026-07-20T10:48:37Z","2026-07-20T10:48:38Z","2026-07-20T10:48:39Z","2026-07-20T10:48:40Z","2026-07-20T10:48:41Z","2026-07-20T10:48:42Z","2026-07-20T10:48:43Z","2026-07-20T10:48:44Z","2026-07-20T10:48:45Z","2026-07-20T10:48:46Z","2026-07-20T10:48:47Z","2026-07-20T10:48:48Z","2026-07-20T10:48:49Z","2026-07-20T10:48:50Z","2026-07-20T10:48:51Z","2026-07-20T10:48:52Z","2026-07-20T10:48:53Z","2026-07-20T10:48:54Z","2026-07-20T10:48:55Z","2026-07-20T10:48:56Z","2026-07-20T10:48:57Z","2026-07-20T10:48:58Z","2026-07-20T10:48:59Z","2026-07-20T10:49:00Z","2026-07-20T10:49:01Z","2026-07-20T10:49:02Z","2026-07-20T10:49:03Z","2026-07-20T10:49:04Z","2026-07-20T10:49:05Z","2026-07-20T10:49:06Z","2026-07-20T10:49:07Z","2026-07-20T10:49:08Z","2026-07-20T10:49:09Z","2026-07-20T10:49:10Z","2026-07-20T10:49:11Z","2026-07-20T10:49:12Z","2026-07-20T10:49:13Z","2026-07-20T10:49:14Z","2026-07-20T10:49:15Z","2026-07-20T10:49:16Z","2026-07-20T10:49:17Z","2026-07-20T10:49:18Z","2026-07-20T10:49:19Z","2026-07-20T10:49:20Z","2026-07-20T10:49:21Z","2026-07-20T10:49:22Z","2026-07-20T10:49:23Z","2026-07-20T10:49:24Z","2026-07-20T10:49:25Z","2026-07-20T10:49:26Z","2026-07-20T10:49:27Z","2026-07-20T10:49:28Z","2026-07-20T10:49:29Z","2026-07-20T10:49:31Z","2026-07-20T10:49:32Z","2026-07-20T10:49:33Z","2026-07-20T10:49:34Z","2026-07-20T10:49:35Z","2026-07-20T10:49:36Z","2026-07-20T10:49:37Z","2026-07-20T10:49:38Z","2026-07-20T10:49:39Z","2026-07-20T10:49:40Z","2026-07-20T10:49:41Z","2026-07-20T10:49:42Z","2026-07-20T10:49:43Z","2026-07-20T10:49:44Z","2026-07-20T10:49:45Z","2026-07-20T10:49:46Z","2026-07-20T10:49:47Z","2026-07-20T10:49:48Z","2026-07-20T10:49:49Z","2026-07-20T10:49:50Z","2026-07-20T10:49:51Z","2026-07-20T10:49:52Z","2026-07-20T10:49:53Z","2026-07-20T10:49:54Z","2026-07-20T10:49:55Z","2026-07-20T10:49:56Z","2026-07-20T10:49:57Z","2026-07-20T10:49:58Z","2026-07-20T10:49:59Z","2026-07-20T10:50:00Z","2026-07-20T10:50:01Z","2026-07-20T10:50:02Z","2026-07-20T10:50:03Z","2026-07-20T10:50:04Z","2026-07-20T10:50:05Z","2026-07-20T10:50:06Z","2026-07-20T10:50:07Z","2026-07-20T10:50:08Z","2026-07-20T10:50:09Z","2026-07-20T10:50:10Z","2026-07-20T10:50:11Z","2026-07-20T10:50:12Z","2026-07-20T10:50:13Z","2026-07-20T10:50:14Z","2026-07-20T10:50:15Z","2026-07-20T10:50:16Z","2026-07-20T10:50:17Z","2026-07-20T10:50:18Z","2026-07-20T10:50:19Z","2026-07-20T10:50:20Z","2026-07-20T10:50:21Z","2026-07-20T10:50:22Z","2026-07-20T10:50:23Z","2026-07-20T10:50:24Z","2026-07-20T10:50:25Z","2026-07-20T10:50:26Z","2026-07-20T10:50:27Z","2026-07-20T10:50:28Z","2026-07-20T10:50:29Z","2026-07-20T10:50:30Z","2026-07-20T10:50:31Z","2026-07-20T10:50:32Z","2026-07-20T10:50:33Z","2026-07-20T10:50:34Z","2026-07-20T10:50:35Z","2026-07-20T10:50:36Z","2026-07-20T10:50:37Z","2026-07-20T10:50:38Z","2026-07-20T10:50:39Z","2026-07-20T10:50:40Z","2026-07-20T10:50:41Z","2026-07-20T10:50:41Z","2026-07-20T10:50:42Z","2026-07-20T10:50:43Z","2026-07-20T10:50:44Z","2026-07-20T10:50:45Z","2026-07-20T10:50:46Z","2026-07-20T10:50:47Z","2026-07-20T10:50:48Z","2026-07-20T10:50:49Z","2026-07-20T10:50:50Z","2026-07-20T10:50:51Z","2026-07-20T10:50:52Z","2026-07-20T10:50:53Z","2026-07-20T10:50:54Z","2026-07-20T10:50:55Z","2026-07-20T10:50:56Z","2026-07-20T10:50:57Z","2026-07-20T10:50:58Z","2026-07-20T10:50:59Z","2026-07-20T10:51:00Z","2026-07-20T10:51:01Z","2026-07-20T10:51:02Z","2026-07-20T10:51:03Z","2026-07-20T10:51:04Z","2026-07-20T10:51:05Z","2026-07-20T10:51:06Z","2026-07-20T10:51:07Z","2026-07-20T10:51:08Z","2026-07-20T10:51:09Z","2026-07-20T10:51:10Z","2026-07-20T10:51:11Z","2026-07-20T10:51:12Z","2026-07-20T10:51:13Z","2026-07-20T10:51:14Z","2026-07-20T10:51:15Z","2026-07-20T10:51:16Z","2026-07-20T10:51:17Z","2026-07-20T10:51:18Z","2026-07-20T10:51:19Z","2026-07-20T10:51:20Z","2026-07-20T10:51:21Z","2026-07-20T10:51:22Z","2026-07-20T10:51:23Z","2026-07-20T10:51:24Z","2026-07-20T10:51:25Z","2026-07-20T10:51:26Z","2026-07-20T10:51:27Z","2026-07-20T10:51:28Z","2026-07-20T10:51:29Z","2026-07-20T10:51:30Z","2026-07-20T10:51:31Z","2026-07-20T10:51:32Z","2026-07-20T10:51:33Z","2026-07-20T10:51:34Z","2026-07-20T10:51:35Z","2026-07-20T10:51:37Z","2026-07-20T10:51:38Z","2026-07-20T10:51:39Z","2026-07-20T10:51:40Z","2026-07-20T10:51:41Z","2026-07-20T10:51:42Z","2026-07-20T10:51:43Z","2026-07-20T10:51:44Z","2026-07-20T10:51:45Z","2026-07-20T10:51:46Z","2026-07-20T10:51:47Z","2026-07-20T10:51:48Z","2026-07-20T10:51:49Z","2026-07-20T10:51:50Z","2026-07-20T10:51:51Z","2026-07-20T10:51:52Z","2026-07-20T10:51:53Z","2026-07-20T10:51:54Z","2026-07-20T10:51:55Z","2026-07-20T10:51:56Z","2026-07-20T10:51:57Z","2026-07-20T10:51:58Z","2026-07-20T10:51:59Z","2026-07-20T10:52:00Z","2026-07-20T10:52:01Z","2026-07-20T10:52:02Z","2026-07-20T10:52:03Z","2026-07-20T10:52:04Z","2026-07-20T10:52:05Z","2026-07-20T10:52:06Z","2026-07-20T10:52:07Z","2026-07-20T10:52:08Z","2026-07-20T10:52:09Z","2026-07-20T10:52:10Z","2026-07-20T10:52:11Z","2026-07-20T10:52:12Z","2026-07-20T10:52:13Z","2026-07-20T10:52:14Z","2026-07-20T10:52:15Z","2026-07-20T10:52:16Z","2026-07-20T10:52:17Z","2026-07-20T10:52:18Z","2026-07-20T10:52:19Z","2026-07-20T10:52:20Z","2026-07-20T10:52:21Z","2026-07-20T10:52:22Z","2026-07-20T10:52:23Z","2026-07-20T10:52:24Z","2026-07-20T10:52:25Z","2026-07-20T10:52:26Z","2026-07-20T10:52:27Z","2026-07-20T10:52:28Z","2026-07-20T10:52:29Z","2026-07-20T10:52:30Z","2026-07-20T10:52:31Z","2026-07-20T10:52:32Z","2026-07-20T10:52:33Z","2026-07-20T10:52:34Z","2026-07-20T10:52:35Z","2026-07-20T10:52:36Z","2026-07-20T10:52:37Z","2026-07-20T10:52:38Z","2026-07-20T10:52:39Z","2026-07-20T10:52:40Z","2026-07-20T10:52:41Z","2026-07-20T10:52:42Z","2026-07-20T10:52:43Z","2026-07-20T10:52:44Z","2026-07-20T10:52:45Z","2026-07-20T10:52:46Z","2026-07-20T10:52:46Z","2026-07-20T10:52:47Z","2026-07-20T10:52:48Z","2026-07-20T10:52:49Z","2026-07-20T10:52:50Z","2026-07-20T10:52:51Z","2026-07-20T10:52:52Z","2026-07-20T10:52:53Z","2026-07-20T10:52:54Z","2026-07-20T10:52:55Z","2026-07-20T10:52:56Z","2026-07-20T10:52:57Z","2026-07-20T10:52:58Z","2026-07-20T10:52:59Z","2026-07-20T10:53:00Z","2026-07-20T10:53:01Z","2026-07-20T10:53:02Z","2026-07-20T10:53:03Z","2026-07-20T10:53:04Z","2026-07-20T10:53:05Z","2026-07-20T10:53:06Z","2026-07-20T10:53:07Z","2026-07-20T10:53:08Z","2026-07-20T10:53:09Z","2026-07-20T10:53:10Z","2026-07-20T10:53:11Z","2026-07-20T10:53:12Z","2026-07-20T10:53:13Z","2026-07-20T10:53:14Z","2026-07-20T10:53:15Z","2026-07-20T10:53:16Z","2026-07-20T10:53:17Z","2026-07-20T10:53:18Z","2026-07-20T10:53:19Z","2026-07-20T10:53:20Z","2026-07-20T10:53:21Z","2026-07-20T10:53:22Z","2026-07-20T10:53:23Z","2026-07-20T10:53:24Z","2026-07-20T10:53:25Z","2026-07-20T10:53:26Z","2026-07-20T10:53:27Z","2026-07-20T10:53:28Z","2026-07-20T10:53:29Z","2026-07-20T10:53:30Z","2026-07-20T10:53:31Z","2026-07-20T10:53:32Z","2026-07-20T10:53:33Z","2026-07-20T10:53:34Z","2026-07-20T10:53:35Z","2026-07-20T10:53:36Z","2026-07-20T10:53:37Z","2026-07-20T10:53:38Z","2026-07-20T10:53:39Z","2026-07-20T10:53:40Z","2026-07-20T10:53:41Z","2026-07-20T10:53:43Z","2026-07-20T10:53:44Z","2026-07-20T10:53:45Z","2026-07-20T10:53:46Z","2026-07-20T10:53:47Z","2026-07-20T10:53:48Z","2026-07-20T10:53:49Z","2026-07-20T10:53:50Z","2026-07-20T10:53:51Z","2026-07-20T10:53:52Z","2026-07-20T10:53:53Z","2026-07-20T10:53:54Z","2026-07-20T10:53:55Z","2026-07-20T10:53:56Z","2026-07-20T10:53:57Z","2026-07-20T10:53:58Z","2026-07-20T10:53:59Z","2026-07-20T10:54:00Z","2026-07-20T10:54:01Z","2026-07-20T10:54:02Z","2026-07-20T10:54:03Z","2026-07-20T10:54:04Z","2026-07-20T10:54:05Z","2026-07-20T10:54:06Z","2026-07-20T10:54:07Z","2026-07-20T10:54:08Z","2026-07-20T10:54:09Z","2026-07-20T10:54:10Z","2026-07-20T10:54:11Z","2026-07-20T10:54:12Z","2026-07-20T10:54:13Z","2026-07-20T10:54:14Z","2026-07-20T10:54:15Z","2026-07-20T10:54:16Z","2026-07-20T10:54:17Z","2026-07-20T10:54:18Z","2026-07-20T10:54:19Z","2026-07-20T10:54:20Z","2026-07-20T10:54:21Z","2026-07-20T10:54:22Z","2026-07-20T10:54:23Z","2026-07-20T10:54:24Z","2026-07-20T10:54:25Z","2026-07-20T10:54:26Z","2026-07-20T10:54:27Z","2026-07-20T10:54:28Z","2026-07-20T10:54:29Z","2026-07-20T10:54:30Z","2026-07-20T10:54:31Z","2026-07-20T10:54:32Z","2026-07-20T10:54:33Z","2026-07-20T10:54:34Z","2026-07-20T10:54:35Z","2026-07-20T10:54:36Z","2026-07-20T10:54:37Z","2026-07-20T10:54:38Z","2026-07-20T10:54:39Z","2026-07-20T10:54:40Z","2026-07-20T10:54:41Z","2026-07-20T10:54:42Z","2026-07-20T10:54:43Z","2026-07-20T10:54:44Z","2026-07-20T10:54:45Z","2026-07-20T10:54:46Z","2026-07-20T10:54:47Z","2026-07-20T10:54:48Z","2026-07-20T10:54:49Z","2026-07-20T10:54:50Z","2026-07-20T10:54:51Z","2026-07-20T10:54:52Z","2026-07-20T10:54:53Z","2026-07-20T10:54:54Z","2026-07-20T10:54:54Z","2026-07-20T10:54:55Z","2026-07-20T10:54:56Z","2026-07-20T10:54:57Z","2026-07-20T10:54:58Z","2026-07-20T10:54:59Z","2026-07-20T10:55:00Z","2026-07-20T10:55:01Z","2026-07-20T10:55:02Z","2026-07-20T10:55:03Z","2026-07-20T10:55:04Z","2026-07-20T10:55:05Z","2026-07-20T10:55:06Z","2026-07-20T10:55:07Z","2026-07-20T10:55:08Z","2026-07-20T10:55:09Z","2026-07-20T10:55:10Z","2026-07-20T10:55:11Z","2026-07-20T10:55:12Z","2026-07-20T10:55:13Z","2026-07-20T10:55:14Z","2026-07-20T10:55:15Z","2026-07-20T10:55:16Z","2026-07-20T10:55:17Z","2026-07-20T10:55:18Z","2026-07-20T10:55:19Z","2026-07-20T10:55:20Z","2026-07-20T10:55:21Z","2026-07-20T10:55:22Z","2026-07-20T10:55:23Z","2026-07-20T10:55:24Z","2026-07-20T10:55:25Z","2026-07-20T10:55:26Z","2026-07-20T10:55:27Z","2026-07-20T10:55:28Z","2026-07-20T10:55:29Z","2026-07-20T10:55:30Z","2026-07-20T10:55:31Z","2026-07-20T10:55:32Z","2026-07-20T10:55:33Z","2026-07-20T10:55:34Z","2026-07-20T10:55:35Z","2026-07-20T10:55:36Z","2026-07-20T10:55:37Z","2026-07-20T10:55:38Z","2026-07-20T10:55:39Z","2026-07-20T10:55:40Z","2026-07-20T10:55:41Z","2026-07-20T10:55:42Z","2026-07-20T10:55:43Z","2026-07-20T10:55:44Z","2026-07-20T10:55:45Z","2026-07-20T10:55:46Z","2026-07-20T10:55:47Z","2026-07-20T10:55:49Z","2026-07-20T10:55:50Z","2026-07-20T10:55:51Z","2026-07-20T10:55:52Z","2026-07-20T10:55:53Z","2026-07-20T10:55:54Z","2026-07-20T10:55:55Z","2026-07-20T10:55:56Z","2026-07-20T10:55:57Z","2026-07-20T10:55:58Z","2026-07-20T10:55:59Z","2026-07-20T10:56:00Z","2026-07-20T10:56:01Z","2026-07-20T10:56:02Z","2026-07-20T10:56:03Z","2026-07-20T10:56:04Z","2026-07-20T10:56:05Z","2026-07-20T10:56:06Z","2026-07-20T10:56:07Z","2026-07-20T10:56:08Z","2026-07-20T10:56:09Z","2026-07-20T10:56:10Z","2026-07-20T10:56:11Z","2026-07-20T10:56:12Z","2026-07-20T10:56:13Z","2026-07-20T10:56:14Z","2026-07-20T10:56:15Z","2026-07-20T10:56:16Z","2026-07-20T10:56:17Z","2026-07-20T10:56:18Z","2026-07-20T10:56:19Z","2026-07-20T10:56:20Z","2026-07-20T10:56:21Z","2026-07-20T10:56:22Z","2026-07-20T10:56:23Z","2026-07-20T10:56:24Z","2026-07-20T10:56:25Z","2026-07-20T10:56:26Z","2026-07-20T10:56:27Z","2026-07-20T10:56:28Z","2026-07-20T10:56:29Z","2026-07-20T10:56:30Z","2026-07-20T10:56:31Z","2026-07-20T10:56:32Z","2026-07-20T10:56:33Z","2026-07-20T10:56:34Z","2026-07-20T10:56:35Z","2026-07-20T10:56:36Z","2026-07-20T10:56:37Z","2026-07-20T10:56:38Z","2026-07-20T10:56:39Z","2026-07-20T10:56:40Z","2026-07-20T10:56:41Z","2026-07-20T10:56:42Z","2026-07-20T10:56:43Z","2026-07-20T10:56:44Z","2026-07-20T10:56:44Z","2026-07-20T10:56:45Z","2026-07-20T10:56:46Z","2026-07-20T10:56:47Z","2026-07-20T10:56:48Z","2026-07-20T10:56:49Z","2026-07-20T10:56:50Z","2026-07-20T10:56:51Z","2026-07-20T10:56:52Z","2026-07-20T10:56:53Z","2026-07-20T10:56:54Z","2026-07-20T10:56:55Z","2026-07-20T10:56:56Z","2026-07-20T10:56:57Z","2026-07-20T10:56:58Z","2026-07-20T10:56:59Z","2026-07-20T10:57:00Z","2026-07-20T10:57:01Z","2026-07-20T10:57:02Z","2026-07-20T10:57:03Z","2026-07-20T10:57:04Z","2026-07-20T10:57:05Z","2026-07-20T10:57:06Z","2026-07-20T10:57:07Z","2026-07-20T10:57:08Z","2026-07-20T10:57:09Z","2026-07-20T10:57:10Z","2026-07-20T10:57:11Z","2026-07-20T10:57:12Z","2026-07-20T10:57:13Z","2026-07-20T10:57:14Z","2026-07-20T10:57:15Z","2026-07-20T10:57:16Z","2026-07-20T10:57:17Z","2026-07-20T10:57:18Z","2026-07-20T10:57:19Z","2026-07-20T10:57:20Z","2026-07-20T10:57:21Z","2026-07-20T10:57:22Z","2026-07-20T10:57:23Z","2026-07-20T10:57:24Z","2026-07-20T10:57:25Z","2026-07-20T10:57:26Z","2026-07-20T10:57:27Z","2026-07-20T10:57:28Z","2026-07-20T10:57:29Z","2026-07-20T10:57:30Z","2026-07-20T10:57:31Z","2026-07-20T10:57:32Z","2026-07-20T10:57:33Z","2026-07-20T10:57:34Z","2026-07-20T10:57:35Z","2026-07-20T10:57:36Z","2026-07-20T10:57:37Z","2026-07-20T10:57:38Z","2026-07-20T10:57:39Z","2026-07-20T10:57:40Z","2026-07-20T10:57:41Z","2026-07-20T10:57:42Z","2026-07-20T10:57:43Z","2026-07-20T10:57:44Z","2026-07-20T10:57:45Z","2026-07-20T10:57:46Z","2026-07-20T10:57:47Z","2026-07-20T10:57:48Z","2026-07-20T10:57:49Z","2026-07-20T10:57:50Z","2026-07-20T10:57:51Z","2026-07-20T10:57:52Z","2026-07-20T10:57:53Z","2026-07-20T10:57:55Z","2026-07-20T10:57:56Z","2026-07-20T10:57:57Z","2026-07-20T10:57:58Z","2026-07-20T10:57:59Z","2026-07-20T10:58:00Z","2026-07-20T10:58:01Z","2026-07-20T10:58:02Z","2026-07-20T10:58:03Z","2026-07-20T10:58:04Z","2026-07-20T10:58:05Z","2026-07-20T10:58:06Z","2026-07-20T10:58:07Z","2026-07-20T10:58:08Z","2026-07-20T10:58:09Z","2026-07-20T10:58:10Z","2026-07-20T10:58:11Z","2026-07-20T10:58:12Z","2026-07-20T10:58:13Z","2026-07-20T10:58:14Z","2026-07-20T10:58:15Z","2026-07-20T10:58:16Z","2026-07-20T10:58:17Z","2026-07-20T10:58:18Z","2026-07-20T10:58:19Z","2026-07-20T10:58:20Z","2026-07-20T10:58:21Z","2026-07-20T10:58:22Z","2026-07-20T10:58:23Z","2026-07-20T10:58:24Z","2026-07-20T10:58:25Z","2026-07-20T10:58:26Z","2026-07-20T10:58:27Z","2026-07-20T10:58:28Z","2026-07-20T10:58:29Z","2026-07-20T10:58:30Z","2026-07-20T10:58:31Z","2026-07-20T10:58:32Z","2026-07-20T10:58:33Z","2026-07-20T10:58:34Z","2026-07-20T10:58:35Z","2026-07-20T10:58:36Z","2026-07-20T10:58:37Z","2026-07-20T10:58:38Z","2026-07-20T10:58:39Z","2026-07-20T10:58:40Z","2026-07-20T10:58:41Z","2026-07-20T10:58:42Z","2026-07-20T10:58:43Z","2026-07-20T10:58:44Z","2026-07-20T10:58:45Z","2026-07-20T10:58:46Z","2026-07-20T10:58:47Z","2026-07-20T10:58:48Z","2026-07-20T10:58:49Z","2026-07-20T10:58:50Z","2026-07-20T10:58:51Z","2026-07-20T10:58:52Z","2026-07-20T10:58:53Z","2026-07-20T10:58:54Z","2026-07-20T10:58:55Z","2026-07-20T10:58:56Z","2026-07-20T10:58:57Z","2026-07-20T10:58:58Z","2026-07-20T10:58:59Z","2026-07-20T10:59:00Z","2026-07-20T10:59:01Z","2026-07-20T10:59:02Z","2026-07-20T10:59:03Z","2026-07-20T10:59:04Z","2026-07-20T10:59:05Z","2026-07-20T10:59:06Z","2026-07-20T10:59:07Z","2026-07-20T10:59:08Z","2026-07-20T10:59:09Z","2026-07-20T10:59:10Z","2026-07-20T10:59:11Z","2026-07-20T10:59:12Z","2026-07-20T10:59:12Z","2026-07-20T10:59:13Z","2026-07-20T10:59:14Z","2026-07-20T10:59:15Z","2026-07-20T10:59:16Z","2026-07-20T10:59:17Z","2026-07-20T10:59:18Z","2026-07-20T10:59:19Z","2026-07-20T10:59:20Z","2026-07-20T10:59:21Z","2026-07-20T10:59:22Z","2026-07-20T10:59:23Z","2026-07-20T10:59:24Z","2026-07-20T10:59:25Z","2026-07-20T10:59:26Z","2026-07-20T10:59:27Z","2026-07-20T10:59:28Z","2026-07-20T10:59:29Z","2026-07-20T10:59:30Z","2026-07-20T10:59:31Z","2026-07-20T10:59:32Z","2026-07-20T10:59:33Z","2026-07-20T10:59:34Z","2026-07-20T10:59:35Z","2026-07-20T10:59:36Z","2026-07-20T10:59:37Z","2026-07-20T10:59:38Z","2026-07-20T10:59:39Z","2026-07-20T10:59:40Z","2026-07-20T10:59:41Z","2026-07-20T10:59:42Z","2026-07-20T10:59:43Z","2026-07-20T10:59:44Z","2026-07-20T10:59:45Z","2026-07-20T10:59:46Z","2026-07-20T10:59:47Z","2026-07-20T10:59:48Z","2026-07-20T10:59:49Z","2026-07-20T10:59:50Z","2026-07-20T10:59:51Z","2026-07-20T10:59:52Z","2026-07-20T10:59:53Z","2026-07-20T10:59:54Z","2026-07-20T10:59:55Z","2026-07-20T10:59:56Z","2026-07-20T10:59:57Z","2026-07-20T10:59:58Z","2026-07-20T10:59:59Z","2026-07-20T11:00:01Z","2026-07-20T11:00:02Z","2026-07-20T11:00:03Z","2026-07-20T11:00:04Z","2026-07-20T11:00:05Z","2026-07-20T11:00:06Z","2026-07-20T11:00:07Z","2026-07-20T11:00:08Z","2026-07-20T11:00:09Z","2026-07-20T11:00:10Z","2026-07-20T11:00:11Z","2026-07-20T11:00:12Z","2026-07-20T11:00:13Z","2026-07-20T11:00:14Z","2026-07-20T11:00:15Z","2026-07-20T11:00:16Z","2026-07-20T11:00:17Z","2026-07-20T11:00:18Z","2026-07-20T11:00:19Z","2026-07-20T11:00:20Z","2026-07-20T11:00:21Z","2026-07-20T11:00:22Z","2026-07-20T11:00:23Z","2026-07-20T11:00:24Z","2026-07-20T11:00:25Z","2026-07-20T11:00:26Z","2026-07-20T11:00:27Z","2026-07-20T11:00:28Z","2026-07-20T11:00:29Z","2026-07-20T11:00:30Z","2026-07-20T11:00:31Z","2026-07-20T11:00:32Z","2026-07-20T11:00:33Z","2026-07-20T11:00:34Z","2026-07-20T11:00:35Z","2026-07-20T11:00:36Z","2026-07-20T11:00:37Z","2026-07-20T11:00:38Z","2026-07-20T11:00:39Z","2026-07-20T11:00:40Z","2026-07-20T11:00:41Z","2026-07-20T11:00:42Z","2026-07-20T11:00:43Z","2026-07-20T11:00:44Z","2026-07-20T11:00:45Z","2026-07-20T11:00:46Z","2026-07-20T11:00:47Z","2026-07-20T11:00:48Z","2026-07-20T11:00:49Z","2026-07-20T11:00:50Z","2026-07-20T11:00:51Z","2026-07-20T11:00:52Z","2026-07-20T11:00:53Z","2026-07-20T11:00:54Z","2026-07-20T11:00:55Z","2026-07-20T11:00:56Z","2026-07-20T11:00:57Z","2026-07-20T11:00:58Z","2026-07-20T11:00:59Z","2026-07-20T11:01:00Z","2026-07-20T11:01:01Z","2026-07-20T11:01:02Z","2026-07-20T11:01:03Z","2026-07-20T11:01:04Z","2026-07-20T11:01:05Z","2026-07-20T11:01:06Z","2026-07-20T11:01:07Z","2026-07-20T11:01:08Z","2026-07-20T11:01:09Z","2026-07-20T11:01:10Z","2026-07-20T11:01:11Z","2026-07-20T11:01:12Z","2026-07-20T11:01:13Z","2026-07-20T11:01:14Z","2026-07-20T11:01:15Z","2026-07-20T11:01:16Z","2026-07-20T11:01:17Z","2026-07-20T11:01:18Z","2026-07-20T11:01:19Z","2026-07-20T11:01:20Z","2026-07-20T11:01:21Z","2026-07-20T11:01:22Z","2026-07-20T11:01:23Z","2026-07-20T11:01:24Z","2026-07-20T11:01:25Z","2026-07-20T11:01:25Z","2026-07-20T11:01:26Z","2026-07-20T11:01:27Z","2026-07-20T11:01:28Z","2026-07-20T11:01:29Z","2026-07-20T11:01:30Z","2026-07-20T11:01:31Z","2026-07-20T11:01:32Z","2026-07-20T11:01:33Z","2026-07-20T11:01:34Z","2026-07-20T11:01:35Z","2026-07-20T11:01:36Z","2026-07-20T11:01:37Z","2026-07-20T11:01:38Z","2026-07-20T11:01:39Z","2026-07-20T11:01:40Z","2026-07-20T11:01:41Z","2026-07-20T11:01:42Z","2026-07-20T11:01:43Z","2026-07-20T11:01:44Z","2026-07-20T11:01:45Z","2026-07-20T11:01:46Z","2026-07-20T11:01:47Z","2026-07-20T11:01:48Z","2026-07-20T11:01:49Z","2026-07-20T11:01:50Z","2026-07-20T11:01:51Z","2026-07-20T11:01:52Z","2026-07-20T11:01:53Z","2026-07-20T11:01:54Z","2026-07-20T11:01:55Z","2026-07-20T11:01:56Z","2026-07-20T11:01:57Z","2026-07-20T11:01:58Z","2026-07-20T11:01:59Z","2026-07-20T11:02:00Z","2026-07-20T11:02:01Z","2026-07-20T11:02:02Z","2026-07-20T11:02:03Z","2026-07-20T11:02:04Z","2026-07-20T11:02:05Z","2026-07-20T11:02:07Z","2026-07-20T11:02:08Z","2026-07-20T11:02:09Z","2026-07-20T11:02:10Z","2026-07-20T11:02:11Z","2026-07-20T11:02:12Z","2026-07-20T11:02:13Z","2026-07-20T11:02:14Z","2026-07-20T11:02:15Z","2026-07-20T11:02:16Z","2026-07-20T11:02:17Z","2026-07-20T11:02:18Z","2026-07-20T11:02:19Z","2026-07-20T11:02:20Z","2026-07-20T11:02:21Z","2026-07-20T11:02:22Z","2026-07-20T11:02:23Z","2026-07-20T11:02:24Z","2026-07-20T11:02:25Z","2026-07-20T11:02:26Z","2026-07-20T11:02:27Z","2026-07-20T11:02:28Z","2026-07-20T11:02:29Z","2026-07-20T11:02:30Z","2026-07-20T11:02:31Z","2026-07-20T11:02:32Z","2026-07-20T11:02:33Z","2026-07-20T11:02:34Z","2026-07-20T11:02:35Z","2026-07-20T11:02:36Z","2026-07-20T11:02:37Z","2026-07-20T11:02:38Z","2026-07-20T11:02:39Z","2026-07-20T11:02:40Z","2026-07-20T11:02:41Z","2026-07-20T11:02:42Z","2026-07-20T11:02:43Z","2026-07-20T11:02:44Z","2026-07-20T11:02:45Z","2026-07-20T11:02:46Z","2026-07-20T11:02:47Z","2026-07-20T11:02:48Z","2026-07-20T11:02:49Z","2026-07-20T11:02:50Z","2026-07-20T11:02:51Z","2026-07-20T11:02:52Z","2026-07-20T11:02:53Z","2026-07-20T11:02:54Z","2026-07-20T11:02:55Z","2026-07-20T11:02:56Z","2026-07-20T11:02:57Z","2026-07-20T11:02:58Z","2026-07-20T11:02:59Z","2026-07-20T11:03:00Z","2026-07-20T11:03:01Z","2026-07-20T11:03:02Z","2026-07-20T11:03:03Z","2026-07-20T11:03:04Z","2026-07-20T11:03:05Z","2026-07-20T11:03:06Z","2026-07-20T11:03:07Z","2026-07-20T11:03:08Z","2026-07-20T11:03:09Z","2026-07-20T11:03:10Z","2026-07-20T11:03:11Z","2026-07-20T11:03:12Z","2026-07-20T11:03:13Z","2026-07-20T11:03:14Z","2026-07-20T11:03:15Z","2026-07-20T11:03:16Z","2026-07-20T11:03:17Z","2026-07-20T11:03:18Z","2026-07-20T11:03:19Z","2026-07-20T11:03:20Z","2026-07-20T11:03:21Z","2026-07-20T11:03:22Z","2026-07-20T11:03:23Z","2026-07-20T11:03:24Z","2026-07-20T11:03:25Z","2026-07-20T11:03:26Z","2026-07-20T11:03:27Z","2026-07-20T11:03:28Z","2026-07-20T11:03:29Z","2026-07-20T11:03:30Z","2026-07-20T11:03:31Z","2026-07-20T11:03:32Z","2026-07-20T11:03:33Z","2026-07-20T11:03:34Z","2026-07-20T11:03:34Z","2026-07-20T11:03:35Z","2026-07-20T11:03:36Z","2026-07-20T11:03:37Z","2026-07-20T11:03:38Z","2026-07-20T11:03:39Z","2026-07-20T11:03:40Z","2026-07-20T11:03:41Z","2026-07-20T11:03:42Z","2026-07-20T11:03:43Z","2026-07-20T11:03:44Z","2026-07-20T11:03:45Z","2026-07-20T11:03:46Z","2026-07-20T11:03:47Z","2026-07-20T11:03:48Z","2026-07-20T11:03:49Z","2026-07-20T11:03:50Z","2026-07-20T11:03:51Z","2026-07-20T11:03:52Z","2026-07-20T11:03:53Z","2026-07-20T11:03:54Z","2026-07-20T11:03:55Z","2026-07-20T11:03:56Z","2026-07-20T11:03:57Z","2026-07-20T11:03:58Z","2026-07-20T11:03:59Z","2026-07-20T11:04:00Z","2026-07-20T11:04:01Z","2026-07-20T11:04:02Z","2026-07-20T11:04:03Z","2026-07-20T11:04:04Z","2026-07-20T11:04:05Z","2026-07-20T11:04:06Z","2026-07-20T11:04:07Z","2026-07-20T11:04:08Z","2026-07-20T11:04:09Z","2026-07-20T11:04:10Z","2026-07-20T11:04:11Z","2026-07-20T11:04:13Z","2026-07-20T11:04:14Z","2026-07-20T11:04:15Z","2026-07-20T11:04:16Z","2026-07-20T11:04:17Z","2026-07-20T11:04:18Z","2026-07-20T11:04:19Z","2026-07-20T11:04:20Z","2026-07-20T11:04:21Z","2026-07-20T11:04:22Z","2026-07-20T11:04:23Z","2026-07-20T11:04:24Z","2026-07-20T11:04:25Z","2026-07-20T11:04:26Z","2026-07-20T11:04:27Z","2026-07-20T11:04:28Z","2026-07-20T11:04:29Z","2026-07-20T11:04:30Z","2026-07-20T11:04:31Z","2026-07-20T11:04:32Z","2026-07-20T11:04:33Z","2026-07-20T11:04:34Z","2026-07-20T11:04:35Z","2026-07-20T11:04:36Z","2026-07-20T11:04:37Z","2026-07-20T11:04:38Z","2026-07-20T11:04:39Z","2026-07-20T11:04:40Z","2026-07-20T11:04:41Z","2026-07-20T11:04:42Z","2026-07-20T11:04:43Z","2026-07-20T11:04:44Z","2026-07-20T11:04:45Z","2026-07-20T11:04:46Z","2026-07-20T11:04:47Z","2026-07-20T11:04:48Z","2026-07-20T11:04:49Z","2026-07-20T11:04:50Z","2026-07-20T11:04:51Z","2026-07-20T11:04:52Z","2026-07-20T11:04:53Z","2026-07-20T11:04:54Z","2026-07-20T11:04:55Z","2026-07-20T11:04:56Z","2026-07-20T11:04:57Z","2026-07-20T11:04:58Z","2026-07-20T11:04:59Z","2026-07-20T11:05:00Z","2026-07-20T11:05:01Z","2026-07-20T11:05:02Z","2026-07-20T11:05:03Z","2026-07-20T11:05:04Z","2026-07-20T11:05:05Z","2026-07-20T11:05:06Z","2026-07-20T11:05:07Z","2026-07-20T11:05:08Z","2026-07-20T11:05:09Z","2026-07-20T11:05:10Z","2026-07-20T11:05:11Z","2026-07-20T11:05:12Z","2026-07-20T11:05:13Z","2026-07-20T11:05:14Z","2026-07-20T11:05:15Z","2026-07-20T11:05:16Z","2026-07-20T11:05:17Z","2026-07-20T11:05:18Z","2026-07-20T11:05:19Z","2026-07-20T11:05:20Z","2026-07-20T11:05:21Z","2026-07-20T11:05:22Z","2026-07-20T11:05:23Z","2026-07-20T11:05:24Z","2026-07-20T11:05:25Z","2026-07-20T11:05:26Z","2026-07-20T11:05:27Z","2026-07-20T11:05:28Z","2026-07-20T11:05:29Z","2026-07-20T11:05:30Z","2026-07-20T11:05:31Z","2026-07-20T11:05:32Z","2026-07-20T11:05:33Z","2026-07-20T11:05:33Z","2026-07-20T11:05:34Z","2026-07-20T11:05:35Z","2026-07-20T11:05:36Z","2026-07-20T11:05:37Z","2026-07-20T11:05:38Z","2026-07-20T11:05:39Z","2026-07-20T11:05:40Z","2026-07-20T11:05:41Z","2026-07-20T11:05:42Z","2026-07-20T11:05:43Z","2026-07-20T11:05:44Z","2026-07-20T11:05:45Z","2026-07-20T11:05:46Z","2026-07-20T11:05:47Z","2026-07-20T11:05:48Z","2026-07-20T11:05:49Z","2026-07-20T11:05:50Z","2026-07-20T11:05:51Z","2026-07-20T11:05:52Z","2026-07-20T11:05:53Z","2026-07-20T11:05:54Z","2026-07-20T11:05:55Z","2026-07-20T11:05:56Z","2026-07-20T11:05:57Z","2026-07-20T11:05:58Z","2026-07-20T11:05:59Z","2026-07-20T11:06:00Z","2026-07-20T11:06:01Z","2026-07-20T11:06:02Z","2026-07-20T11:06:03Z","2026-07-20T11:06:04Z","2026-07-20T11:06:05Z","2026-07-20T11:06:06Z","2026-07-20T11:06:07Z","2026-07-20T11:06:08Z","2026-07-20T11:06:09Z","2026-07-20T11:06:10Z","2026-07-20T11:06:11Z","2026-07-20T11:06:12Z","2026-07-20T11:06:13Z","2026-07-20T11:06:14Z","2026-07-20T11:06:15Z","2026-07-20T11:06:16Z","2026-07-20T11:06:17Z","2026-07-20T11:06:19Z","2026-07-20T11:06:20Z","2026-07-20T11:06:21Z","2026-07-20T11:06:22Z","2026-07-20T11:06:23Z","2026-07-20T11:06:24Z","2026-07-20T11:06:25Z","2026-07-20T11:06:26Z","2026-07-20T11:06:27Z","2026-07-20T11:06:28Z","2026-07-20T11:06:29Z","2026-07-20T11:06:30Z","2026-07-20T11:06:31Z","2026-07-20T11:06:32Z","2026-07-20T11:06:33Z","2026-07-20T11:06:34Z","2026-07-20T11:06:35Z","2026-07-20T11:06:36Z","2026-07-20T11:06:37Z","2026-07-20T11:06:38Z","2026-07-20T11:06:39Z","2026-07-20T11:06:40Z","2026-07-20T11:06:41Z","2026-07-20T11:06:42Z","2026-07-20T11:06:43Z","2026-07-20T11:06:44Z","2026-07-20T11:06:45Z","2026-07-20T11:06:46Z","2026-07-20T11:06:47Z","2026-07-20T11:06:48Z","2026-07-20T11:06:49Z","2026-07-20T11:06:50Z","2026-07-20T11:06:51Z","2026-07-20T11:06:52Z","2026-07-20T11:06:53Z","2026-07-20T11:06:54Z","2026-07-20T11:06:55Z","2026-07-20T11:06:56Z","2026-07-20T11:06:57Z","2026-07-20T11:06:58Z","2026-07-20T11:06:59Z","2026-07-20T11:07:00Z","2026-07-20T11:07:01Z","2026-07-20T11:07:02Z","2026-07-20T11:07:03Z","2026-07-20T11:07:04Z","2026-07-20T11:07:05Z","2026-07-20T11:07:06Z","2026-07-20T11:07:07Z","2026-07-20T11:07:08Z","2026-07-20T11:07:09Z","2026-07-20T11:07:10Z","2026-07-20T11:07:11Z","2026-07-20T11:07:12Z","2026-07-20T11:07:13Z","2026-07-20T11:07:14Z","2026-07-20T11:07:15Z","2026-07-20T11:07:16Z","2026-07-20T11:07:17Z","2026-07-20T11:07:18Z","2026-07-20T11:07:19Z","2026-07-20T11:07:20Z","2026-07-20T11:07:21Z","2026-07-20T11:07:22Z","2026-07-20T11:07:23Z","2026-07-20T11:07:24Z","2026-07-20T11:07:25Z","2026-07-20T11:07:26Z","2026-07-20T11:07:27Z","2026-07-20T11:07:28Z","2026-07-20T11:07:29Z","2026-07-20T11:07:30Z","2026-07-20T11:07:31Z","2026-07-20T11:07:32Z","2026-07-20T11:07:32Z","2026-07-20T11:07:33Z","2026-07-20T11:07:34Z","2026-07-20T11:07:35Z","2026-07-20T11:07:36Z","2026-07-20T11:07:37Z","2026-07-20T11:07:38Z","2026-07-20T11:07:39Z","2026-07-20T11:07:40Z","2026-07-20T11:07:41Z","2026-07-20T11:07:42Z","2026-07-20T11:07:43Z","2026-07-20T11:07:44Z","2026-07-20T11:07:45Z","2026-07-20T11:07:46Z","2026-07-20T11:07:47Z","2026-07-20T11:07:48Z","2026-07-20T11:07:49Z","2026-07-20T11:07:50Z","2026-07-20T11:07:51Z","2026-07-20T11:07:52Z","2026-07-20T11:07:53Z","2026-07-20T11:07:54Z","2026-07-20T11:07:55Z","2026-07-20T11:07:56Z","2026-07-20T11:07:57Z","2026-07-20T11:07:58Z","2026-07-20T11:07:59Z","2026-07-20T11:08:00Z","2026-07-20T11:08:01Z","2026-07-20T11:08:02Z","2026-07-20T11:08:03Z","2026-07-20T11:08:04Z","2026-07-20T11:08:05Z","2026-07-20T11:08:06Z","2026-07-20T11:08:07Z","2026-07-20T11:08:08Z","2026-07-20T11:08:09Z","2026-07-20T11:08:10Z","2026-07-20T11:08:11Z","2026-07-20T11:08:12Z","2026-07-20T11:08:13Z","2026-07-20T11:08:14Z","2026-07-20T11:08:15Z","2026-07-20T11:08:16Z","2026-07-20T11:08:17Z","2026-07-20T11:08:18Z","2026-07-20T11:08:19Z","2026-07-20T11:08:20Z","2026-07-20T11:08:21Z","2026-07-20T11:08:22Z","2026-07-20T11:08:23Z","2026-07-20T11:08:25Z","2026-07-20T11:08:26Z","2026-07-20T11:08:27Z","2026-07-20T11:08:28Z","2026-07-20T11:08:29Z","2026-07-20T11:08:30Z","2026-07-20T11:08:31Z","2026-07-20T11:08:32Z","2026-07-20T11:08:33Z","2026-07-20T11:08:34Z","2026-07-20T11:08:35Z","2026-07-20T11:08:36Z","2026-07-20T11:08:37Z","2026-07-20T11:08:38Z","2026-07-20T11:08:39Z","2026-07-20T11:08:40Z","2026-07-20T11:08:41Z","2026-07-20T11:08:42Z","2026-07-20T11:08:43Z","2026-07-20T11:08:44Z","2026-07-20T11:08:45Z","2026-07-20T11:08:46Z","2026-07-20T11:08:47Z","2026-07-20T11:08:48Z","2026-07-20T11:08:49Z","2026-07-20T11:08:50Z","2026-07-20T11:08:51Z","2026-07-20T11:08:52Z","2026-07-20T11:08:53Z","2026-07-20T11:08:54Z","2026-07-20T11:08:55Z","2026-07-20T11:08:56Z","2026-07-20T11:08:57Z","2026-07-20T11:08:58Z","2026-07-20T11:08:59Z","2026-07-20T11:09:00Z","2026-07-20T11:09:01Z","2026-07-20T11:09:02Z","2026-07-20T11:09:03Z","2026-07-20T11:09:04Z","2026-07-20T11:09:05Z","2026-07-20T11:09:06Z","2026-07-20T11:09:07Z","2026-07-20T11:09:08Z","2026-07-20T11:09:09Z","2026-07-20T11:09:10Z","2026-07-20T11:09:11Z","2026-07-20T11:09:12Z","2026-07-20T11:09:13Z","2026-07-20T11:09:14Z","2026-07-20T11:09:15Z","2026-07-20T11:09:16Z","2026-07-20T11:09:17Z","2026-07-20T11:09:18Z","2026-07-20T11:09:19Z","2026-07-20T11:09:20Z","2026-07-20T11:09:21Z","2026-07-20T11:09:22Z","2026-07-20T11:09:23Z","2026-07-20T11:09:24Z","2026-07-20T11:09:25Z","2026-07-20T11:09:26Z","2026-07-20T11:09:27Z","2026-07-20T11:09:28Z","2026-07-20T11:09:29Z","2026-07-20T11:09:30Z","2026-07-20T11:09:31Z","2026-07-20T11:09:32Z","2026-07-20T11:09:33Z","2026-07-20T11:09:34Z","2026-07-20T11:09:35Z","2026-07-20T11:09:36Z","2026-07-20T11:09:37Z","2026-07-20T11:09:37Z","2026-07-20T11:09:38Z","2026-07-20T11:09:39Z","2026-07-20T11:09:40Z","2026-07-20T11:09:41Z","2026-07-20T11:09:42Z","2026-07-20T11:09:43Z","2026-07-20T11:09:44Z","2026-07-20T11:09:45Z","2026-07-20T11:09:46Z","2026-07-20T11:09:47Z","2026-07-20T11:09:48Z","2026-07-20T11:09:49Z","2026-07-20T11:09:50Z","2026-07-20T11:09:51Z","2026-07-20T11:09:52Z","2026-07-20T11:09:53Z","2026-07-20T11:09:54Z","2026-07-20T11:09:55Z","2026-07-20T11:09:56Z","2026-07-20T11:09:57Z","2026-07-20T11:09:58Z","2026-07-20T11:09:59Z","2026-07-20T11:10:00Z","2026-07-20T11:10:01Z","2026-07-20T11:10:02Z","2026-07-20T11:10:03Z","2026-07-20T11:10:04Z","2026-07-20T11:10:05Z","2026-07-20T11:10:06Z","2026-07-20T11:10:07Z","2026-07-20T11:10:08Z","2026-07-20T11:10:09Z","2026-07-20T11:10:10Z","2026-07-20T11:10:11Z","2026-07-20T11:10:12Z","2026-07-20T11:10:13Z","2026-07-20T11:10:14Z","2026-07-20T11:10:15Z","2026-07-20T11:10:16Z","2026-07-20T11:10:17Z","2026-07-20T11:10:18Z","2026-07-20T11:10:19Z","2026-07-20T11:10:20Z","2026-07-20T11:10:21Z","2026-07-20T11:10:22Z","2026-07-20T11:10:23Z","2026-07-20T11:10:24Z","2026-07-20T11:10:25Z","2026-07-20T11:10:26Z","2026-07-20T11:10:27Z","2026-07-20T11:10:28Z","2026-07-20T11:10:29Z","2026-07-20T11:10:31Z","2026-07-20T11:10:32Z","2026-07-20T11:10:33Z","2026-07-20T11:10:34Z","2026-07-20T11:10:35Z","2026-07-20T11:10:36Z","2026-07-20T11:10:37Z","2026-07-20T11:10:38Z","2026-07-20T11:10:39Z","2026-07-20T11:10:40Z","2026-07-20T11:10:41Z","2026-07-20T11:10:42Z","2026-07-20T11:10:43Z","2026-07-20T11:10:44Z","2026-07-20T11:10:45Z","2026-07-20T11:10:46Z","2026-07-20T11:10:47Z","2026-07-20T11:10:48Z","2026-07-20T11:10:49Z","2026-07-20T11:10:50Z","2026-07-20T11:10:51Z","2026-07-20T11:10:52Z","2026-07-20T11:10:53Z","2026-07-20T11:10:54Z","2026-07-20T11:10:55Z","2026-07-20T11:10:56Z","2026-07-20T11:10:57Z","2026-07-20T11:10:58Z","2026-07-20T11:10:59Z","2026-07-20T11:11:00Z","2026-07-20T11:11:01Z","2026-07-20T11:11:02Z","2026-07-20T11:11:03Z","2026-07-20T11:11:04Z","2026-07-20T11:11:05Z","2026-07-20T11:11:06Z","2026-07-20T11:11:07Z","2026-07-20T11:11:08Z","2026-07-20T11:11:09Z","2026-07-20T11:11:10Z","2026-07-20T11:11:11Z","2026-07-20T11:11:12Z","2026-07-20T11:11:13Z","2026-07-20T11:11:14Z","2026-07-20T11:11:15Z","2026-07-20T11:11:16Z","2026-07-20T11:11:17Z","2026-07-20T11:11:18Z","2026-07-20T11:11:19Z","2026-07-20T11:11:20Z","2026-07-20T11:11:21Z","2026-07-20T11:11:22Z","2026-07-20T11:11:23Z","2026-07-20T11:11:24Z","2026-07-20T11:11:25Z","2026-07-20T11:11:26Z","2026-07-20T11:11:27Z","2026-07-20T11:11:28Z","2026-07-20T11:11:29Z","2026-07-20T11:11:30Z","2026-07-20T11:11:31Z","2026-07-20T11:11:32Z","2026-07-20T11:11:33Z","2026-07-20T11:11:34Z","2026-07-20T11:11:35Z","2026-07-20T11:11:36Z","2026-07-20T11:11:37Z","2026-07-20T11:11:38Z","2026-07-20T11:11:39Z","2026-07-20T11:11:39Z","2026-07-20T11:11:40Z","2026-07-20T11:11:41Z","2026-07-20T11:11:42Z","2026-07-20T11:11:43Z","2026-07-20T11:11:44Z","2026-07-20T11:11:45Z","2026-07-20T11:11:46Z","2026-07-20T11:11:47Z","2026-07-20T11:11:48Z","2026-07-20T11:11:49Z","2026-07-20T11:11:50Z","2026-07-20T11:11:51Z","2026-07-20T11:11:52Z","2026-07-20T11:11:53Z","2026-07-20T11:11:54Z","2026-07-20T11:11:55Z","2026-07-20T11:11:56Z","2026-07-20T11:11:57Z","2026-07-20T11:11:58Z","2026-07-20T11:11:59Z","2026-07-20T11:12:00Z","2026-07-20T11:12:01Z","2026-07-20T11:12:02Z","2026-07-20T11:12:03Z","2026-07-20T11:12:04Z","2026-07-20T11:12:05Z","2026-07-20T11:12:06Z","2026-07-20T11:12:07Z","2026-07-20T11:12:08Z","2026-07-20T11:12:09Z","2026-07-20T11:12:10Z","2026-07-20T11:12:11Z","2026-07-20T11:12:12Z","2026-07-20T11:12:13Z","2026-07-20T11:12:14Z","2026-07-20T11:12:15Z","2026-07-20T11:12:16Z","2026-07-20T11:12:17Z","2026-07-20T11:12:18Z","2026-07-20T11:12:19Z","2026-07-20T11:12:20Z","2026-07-20T11:12:21Z","2026-07-20T11:12:22Z","2026-07-20T11:12:23Z","2026-07-20T11:12:24Z","2026-07-20T11:12:25Z","2026-07-20T11:12:26Z","2026-07-20T11:12:27Z","2026-07-20T11:12:28Z","2026-07-20T11:12:29Z","2026-07-20T11:12:30Z","2026-07-20T11:12:31Z","2026-07-20T11:12:32Z","2026-07-20T11:12:33Z","2026-07-20T11:12:34Z","2026-07-20T11:12:35Z","2026-07-20T11:12:37Z","2026-07-20T11:12:38Z","2026-07-20T11:12:39Z","2026-07-20T11:12:40Z","2026-07-20T11:12:41Z","2026-07-20T11:12:42Z","2026-07-20T11:12:43Z","2026-07-20T11:12:44Z","2026-07-20T11:12:45Z","2026-07-20T11:12:46Z","2026-07-20T11:12:47Z","2026-07-20T11:12:48Z","2026-07-20T11:12:49Z","2026-07-20T11:12:50Z","2026-07-20T11:12:51Z","2026-07-20T11:12:52Z","2026-07-20T11:12:53Z","2026-07-20T11:12:54Z","2026-07-20T11:12:55Z","2026-07-20T11:12:56Z","2026-07-20T11:12:57Z","2026-07-20T11:12:58Z","2026-07-20T11:12:59Z","2026-07-20T11:13:00Z","2026-07-20T11:13:01Z","2026-07-20T11:13:02Z","2026-07-20T11:13:03Z","2026-07-20T11:13:04Z","2026-07-20T11:13:05Z","2026-07-20T11:13:06Z","2026-07-20T11:13:07Z","2026-07-20T11:13:08Z","2026-07-20T11:13:09Z","2026-07-20T11:13:10Z","2026-07-20T11:13:11Z","2026-07-20T11:13:12Z","2026-07-20T11:13:13Z","2026-07-20T11:13:14Z","2026-07-20T11:13:15Z","2026-07-20T11:13:16Z","2026-07-20T11:13:17Z","2026-07-20T11:13:18Z","2026-07-20T11:13:19Z","2026-07-20T11:13:20Z","2026-07-20T11:13:21Z","2026-07-20T11:13:22Z","2026-07-20T11:13:23Z","2026-07-20T11:13:24Z","2026-07-20T11:13:25Z","2026-07-20T11:13:26Z","2026-07-20T11:13:27Z","2026-07-20T11:13:28Z","2026-07-20T11:13:29Z","2026-07-20T11:13:30Z","2026-07-20T11:13:31Z","2026-07-20T11:13:32Z","2026-07-20T11:13:33Z","2026-07-20T11:13:34Z","2026-07-20T11:13:35Z","2026-07-20T11:13:36Z","2026-07-20T11:13:37Z","2026-07-20T11:13:38Z","2026-07-20T11:13:39Z","2026-07-20T11:13:40Z","2026-07-20T11:13:41Z","2026-07-20T11:13:42Z","2026-07-20T11:13:43Z","2026-07-20T11:13:44Z","2026-07-20T11:13:44Z","2026-07-20T11:13:45Z","2026-07-20T11:13:46Z","2026-07-20T11:13:47Z","2026-07-20T11:13:48Z","2026-07-20T11:13:49Z","2026-07-20T11:13:50Z","2026-07-20T11:13:51Z","2026-07-20T11:13:52Z","2026-07-20T11:13:53Z","2026-07-20T11:13:54Z","2026-07-20T11:13:55Z","2026-07-20T11:13:56Z","2026-07-20T11:13:57Z","2026-07-20T11:13:58Z","2026-07-20T11:13:59Z","2026-07-20T11:14:00Z","2026-07-20T11:14:01Z","2026-07-20T11:14:02Z","2026-07-20T11:14:03Z","2026-07-20T11:14:04Z","2026-07-20T11:14:05Z","2026-07-20T11:14:06Z","2026-07-20T11:14:07Z","2026-07-20T11:14:08Z","2026-07-20T11:14:09Z","2026-07-20T11:14:10Z","2026-07-20T11:14:11Z","2026-07-20T11:14:12Z","2026-07-20T11:14:13Z","2026-07-20T11:14:14Z","2026-07-20T11:14:15Z","2026-07-20T11:14:16Z","2026-07-20T11:14:17Z","2026-07-20T11:14:18Z","2026-07-20T11:14:19Z","2026-07-20T11:14:20Z","2026-07-20T11:14:21Z","2026-07-20T11:14:22Z","2026-07-20T11:14:23Z","2026-07-20T11:14:24Z","2026-07-20T11:14:25Z","2026-07-20T11:14:26Z","2026-07-20T11:14:27Z","2026-07-20T11:14:28Z","2026-07-20T11:14:29Z","2026-07-20T11:14:30Z","2026-07-20T11:14:31Z","2026-07-20T11:14:32Z","2026-07-20T11:14:33Z","2026-07-20T11:14:34Z","2026-07-20T11:14:35Z","2026-07-20T11:14:36Z","2026-07-20T11:14:37Z","2026-07-20T11:14:38Z","2026-07-20T11:14:39Z","2026-07-20T11:14:40Z","2026-07-20T11:14:41Z","2026-07-20T11:14:43Z","2026-07-20T11:14:44Z","2026-07-20T11:14:45Z","2026-07-20T11:14:46Z","2026-07-20T11:14:47Z","2026-07-20T11:14:48Z","2026-07-20T11:14:49Z","2026-07-20T11:14:50Z","2026-07-20T11:14:51Z","2026-07-20T11:14:52Z","2026-07-20T11:14:53Z","2026-07-20T11:14:54Z","2026-07-20T11:14:55Z","2026-07-20T11:14:56Z","2026-07-20T11:14:57Z","2026-07-20T11:14:58Z","2026-07-20T11:14:59Z","2026-07-20T11:15:00Z","2026-07-20T11:15:01Z","2026-07-20T11:15:02Z","2026-07-20T11:15:03Z","2026-07-20T11:15:04Z","2026-07-20T11:15:05Z","2026-07-20T11:15:06Z","2026-07-20T11:15:07Z","2026-07-20T11:15:08Z","2026-07-20T11:15:09Z","2026-07-20T11:15:10Z","2026-07-20T11:15:11Z","2026-07-20T11:15:12Z","2026-07-20T11:15:13Z","2026-07-20T11:15:14Z","2026-07-20T11:15:15Z","2026-07-20T11:15:16Z","2026-07-20T11:15:17Z","2026-07-20T11:15:18Z","2026-07-20T11:15:19Z","2026-07-20T11:15:20Z","2026-07-20T11:15:21Z","2026-07-20T11:15:22Z","2026-07-20T11:15:23Z","2026-07-20T11:15:24Z","2026-07-20T11:15:25Z","2026-07-20T11:15:26Z","2026-07-20T11:15:27Z","2026-07-20T11:15:28Z","2026-07-20T11:15:29Z","2026-07-20T11:15:30Z","2026-07-20T11:15:31Z","2026-07-20T11:15:32Z","2026-07-20T11:15:33Z","2026-07-20T11:15:34Z","2026-07-20T11:15:35Z","2026-07-20T11:15:36Z","2026-07-20T11:15:37Z","2026-07-20T11:15:38Z","2026-07-20T11:15:39Z","2026-07-20T11:15:40Z","2026-07-20T11:15:41Z","2026-07-20T11:15:42Z","2026-07-20T11:15:43Z","2026-07-20T11:15:44Z","2026-07-20T11:15:45Z","2026-07-20T11:15:46Z","2026-07-20T11:15:47Z","2026-07-20T11:15:48Z","2026-07-20T11:15:49Z","2026-07-20T11:15:50Z","2026-07-20T11:15:50Z","2026-07-20T11:15:51Z","2026-07-20T11:15:52Z","2026-07-20T11:15:53Z","2026-07-20T11:15:54Z","2026-07-20T11:15:55Z","2026-07-20T11:15:56Z","2026-07-20T11:15:57Z","2026-07-20T11:15:58Z","2026-07-20T11:15:59Z","2026-07-20T11:16:00Z","2026-07-20T11:16:01Z","2026-07-20T11:16:02Z","2026-07-20T11:16:03Z","2026-07-20T11:16:04Z","2026-07-20T11:16:05Z","2026-07-20T11:16:06Z","2026-07-20T11:16:07Z","2026-07-20T11:16:08Z","2026-07-20T11:16:09Z","2026-07-20T11:16:10Z","2026-07-20T11:16:11Z","2026-07-20T11:16:12Z","2026-07-20T11:16:13Z","2026-07-20T11:16:14Z","2026-07-20T11:16:15Z","2026-07-20T11:16:16Z","2026-07-20T11:16:17Z","2026-07-20T11:16:18Z","2026-07-20T11:16:19Z","2026-07-20T11:16:20Z","2026-07-20T11:16:21Z","2026-07-20T11:16:22Z","2026-07-20T11:16:23Z","2026-07-20T11:16:24Z","2026-07-20T11:16:25Z","2026-07-20T11:16:26Z","2026-07-20T11:16:27Z","2026-07-20T11:16:28Z","2026-07-20T11:16:29Z","2026-07-20T11:16:30Z","2026-07-20T11:16:31Z","2026-07-20T11:16:32Z","2026-07-20T11:16:33Z","2026-07-20T11:16:34Z","2026-07-20T11:16:35Z","2026-07-20T11:16:36Z","2026-07-20T11:16:37Z","2026-07-20T11:16:38Z","2026-07-20T11:16:39Z","2026-07-20T11:16:40Z","2026-07-20T11:16:41Z","2026-07-20T11:16:42Z","2026-07-20T11:16:43Z","2026-07-20T11:16:44Z","2026-07-20T11:16:45Z","2026-07-20T11:16:46Z","2026-07-20T11:16:47Z","2026-07-20T11:16:49Z","2026-07-20T11:16:50Z","2026-07-20T11:16:51Z","2026-07-20T11:16:52Z","2026-07-20T11:16:53Z","2026-07-20T11:16:54Z","2026-07-20T11:16:55Z","2026-07-20T11:16:56Z","2026-07-20T11:16:57Z","2026-07-20T11:16:58Z","2026-07-20T11:16:59Z","2026-07-20T11:17:00Z","2026-07-20T11:17:01Z","2026-07-20T11:17:02Z","2026-07-20T11:17:03Z","2026-07-20T11:17:04Z","2026-07-20T11:17:05Z","2026-07-20T11:17:06Z","2026-07-20T11:17:07Z","2026-07-20T11:17:08Z","2026-07-20T11:17:09Z","2026-07-20T11:17:10Z","2026-07-20T11:17:11Z","2026-07-20T11:17:12Z","2026-07-20T11:17:13Z","2026-07-20T11:17:14Z","2026-07-20T11:17:15Z","2026-07-20T11:17:16Z","2026-07-20T11:17:17Z","2026-07-20T11:17:18Z","2026-07-20T11:17:19Z","2026-07-20T11:17:20Z","2026-07-20T11:17:21Z","2026-07-20T11:17:22Z","2026-07-20T11:17:23Z","2026-07-20T11:17:24Z","2026-07-20T11:17:25Z","2026-07-20T11:17:26Z","2026-07-20T11:17:27Z","2026-07-20T11:17:28Z","2026-07-20T11:17:29Z","2026-07-20T11:17:30Z","2026-07-20T11:17:31Z","2026-07-20T11:17:32Z","2026-07-20T11:17:33Z","2026-07-20T11:17:34Z","2026-07-20T11:17:35Z","2026-07-20T11:17:36Z","2026-07-20T11:17:37Z","2026-07-20T11:17:38Z","2026-07-20T11:17:39Z","2026-07-20T11:17:40Z","2026-07-20T11:17:41Z","2026-07-20T11:17:42Z","2026-07-20T11:17:43Z","2026-07-20T11:17:44Z","2026-07-20T11:17:45Z","2026-07-20T11:17:46Z","2026-07-20T11:17:47Z","2026-07-20T11:17:48Z","2026-07-20T11:17:49Z","2026-07-20T11:17:50Z","2026-07-20T11:17:51Z","2026-07-20T11:17:52Z","2026-07-20T11:17:53Z","2026-07-20T11:17:54Z","2026-07-20T11:17:55Z","2026-07-20T11:17:56Z","2026-07-20T11:17:57Z","2026-07-20T11:17:58Z","2026-07-20T11:17:59Z","2026-07-20T11:18:00Z","2026-07-20T11:18:01Z","2026-07-20T11:18:02Z","2026-07-20T11:18:03Z","2026-07-20T11:18:04Z","2026-07-20T11:18:05Z","2026-07-20T11:18:06Z","2026-07-20T11:18:07Z","2026-07-20T11:18:08Z","2026-07-20T11:18:09Z","2026-07-20T11:18:10Z","2026-07-20T11:18:10Z","2026-07-20T11:18:11Z","2026-07-20T11:18:12Z","2026-07-20T11:18:13Z","2026-07-20T11:18:14Z","2026-07-20T11:18:15Z","2026-07-20T11:18:16Z","2026-07-20T11:18:17Z","2026-07-20T11:18:18Z","2026-07-20T11:18:19Z","2026-07-20T11:18:20Z","2026-07-20T11:18:21Z","2026-07-20T11:18:22Z","2026-07-20T11:18:23Z","2026-07-20T11:18:24Z","2026-07-20T11:18:25Z","2026-07-20T11:18:26Z","2026-07-20T11:18:27Z","2026-07-20T11:18:28Z","2026-07-20T11:18:29Z","2026-07-20T11:18:30Z","2026-07-20T11:18:31Z","2026-07-20T11:18:32Z","2026-07-20T11:18:33Z","2026-07-20T11:18:34Z","2026-07-20T11:18:35Z","2026-07-20T11:18:36Z","2026-07-20T11:18:37Z","2026-07-20T11:18:38Z","2026-07-20T11:18:39Z","2026-07-20T11:18:40Z","2026-07-20T11:18:41Z","2026-07-20T11:18:42Z","2026-07-20T11:18:43Z","2026-07-20T11:18:44Z","2026-07-20T11:18:45Z","2026-07-20T11:18:46Z","2026-07-20T11:18:47Z","2026-07-20T11:18:48Z","2026-07-20T11:18:49Z","2026-07-20T11:18:50Z","2026-07-20T11:18:51Z","2026-07-20T11:18:52Z","2026-07-20T11:18:53Z","2026-07-20T11:18:55Z","2026-07-20T11:18:56Z","2026-07-20T11:18:57Z","2026-07-20T11:18:58Z","2026-07-20T11:18:59Z","2026-07-20T11:19:00Z","2026-07-20T11:19:01Z","2026-07-20T11:19:02Z","2026-07-20T11:19:03Z","2026-07-20T11:19:04Z","2026-07-20T11:19:05Z","2026-07-20T11:19:06Z","2026-07-20T11:19:07Z","2026-07-20T11:19:08Z","2026-07-20T11:19:09Z","2026-07-20T11:19:10Z","2026-07-20T11:19:11Z","2026-07-20T11:19:12Z","2026-07-20T11:19:13Z","2026-07-20T11:19:14Z","2026-07-20T11:19:15Z","2026-07-20T11:19:16Z","2026-07-20T11:19:17Z","2026-07-20T11:19:18Z","2026-07-20T11:19:19Z","2026-07-20T11:19:20Z","2026-07-20T11:19:21Z","2026-07-20T11:19:22Z","2026-07-20T11:19:23Z","2026-07-20T11:19:24Z","2026-07-20T11:19:25Z","2026-07-20T11:19:26Z","2026-07-20T11:19:27Z","2026-07-20T11:19:28Z","2026-07-20T11:19:29Z","2026-07-20T11:19:30Z","2026-07-20T11:19:31Z","2026-07-20T11:19:32Z","2026-07-20T11:19:33Z","2026-07-20T11:19:34Z","2026-07-20T11:19:35Z","2026-07-20T11:19:36Z","2026-07-20T11:19:37Z","2026-07-20T11:19:38Z","2026-07-20T11:19:39Z","2026-07-20T11:19:40Z","2026-07-20T11:19:41Z","2026-07-20T11:19:42Z","2026-07-20T11:19:43Z","2026-07-20T11:19:44Z","2026-07-20T11:19:45Z","2026-07-20T11:19:46Z","2026-07-20T11:19:47Z","2026-07-20T11:19:48Z","2026-07-20T11:19:49Z","2026-07-20T11:19:50Z","2026-07-20T11:19:51Z","2026-07-20T11:19:52Z","2026-07-20T11:19:53Z","2026-07-20T11:19:54Z","2026-07-20T11:19:55Z","2026-07-20T11:19:56Z","2026-07-20T11:19:57Z","2026-07-20T11:19:58Z","2026-07-20T11:19:59Z","2026-07-20T11:20:00Z","2026-07-20T11:20:01Z","2026-07-20T11:20:02Z","2026-07-20T11:20:02Z","2026-07-20T11:20:03Z","2026-07-20T11:20:04Z","2026-07-20T11:20:05Z","2026-07-20T11:20:06Z","2026-07-20T11:20:07Z","2026-07-20T11:20:08Z","2026-07-20T11:20:09Z","2026-07-20T11:20:10Z","2026-07-20T11:20:11Z","2026-07-20T11:20:12Z","2026-07-20T11:20:13Z","2026-07-20T11:20:14Z","2026-07-20T11:20:15Z","2026-07-20T11:20:16Z","2026-07-20T11:20:17Z","2026-07-20T11:20:18Z","2026-07-20T11:20:19Z","2026-07-20T11:20:20Z","2026-07-20T11:20:21Z","2026-07-20T11:20:22Z","2026-07-20T11:20:23Z","2026-07-20T11:20:24Z","2026-07-20T11:20:25Z","2026-07-20T11:20:26Z","2026-07-20T11:20:27Z","2026-07-20T11:20:28Z","2026-07-20T11:20:29Z","2026-07-20T11:20:30Z","2026-07-20T11:20:31Z","2026-07-20T11:20:32Z","2026-07-20T11:20:33Z","2026-07-20T11:20:34Z","2026-07-20T11:20:35Z","2026-07-20T11:20:36Z","2026-07-20T11:20:37Z","2026-07-20T11:20:38Z","2026-07-20T11:20:39Z","2026-07-20T11:20:40Z","2026-07-20T11:20:41Z","2026-07-20T11:20:42Z","2026-07-20T11:20:43Z","2026-07-20T11:20:44Z","2026-07-20T11:20:45Z","2026-07-20T11:20:46Z","2026-07-20T11:20:47Z","2026-07-20T11:20:48Z","2026-07-20T11:20:49Z","2026-07-20T11:20:50Z","2026-07-20T11:20:51Z","2026-07-20T11:20:52Z","2026-07-20T11:20:53Z","2026-07-20T11:20:54Z","2026-07-20T11:20:55Z","2026-07-20T11:20:56Z","2026-07-20T11:20:57Z","2026-07-20T11:20:58Z","2026-07-20T11:20:59Z","2026-07-20T11:21:01Z","2026-07-20T11:21:02Z","2026-07-20T11:21:03Z","2026-07-20T11:21:04Z","2026-07-20T11:21:05Z","2026-07-20T11:21:06Z","2026-07-20T11:21:07Z","2026-07-20T11:21:08Z","2026-07-20T11:21:09Z","2026-07-20T11:21:10Z","2026-07-20T11:21:11Z","2026-07-20T11:21:12Z","2026-07-20T11:21:13Z","2026-07-20T11:21:14Z","2026-07-20T11:21:15Z","2026-07-20T11:21:16Z","2026-07-20T11:21:17Z","2026-07-20T11:21:18Z","2026-07-20T11:21:19Z","2026-07-20T11:21:20Z","2026-07-20T11:21:21Z","2026-07-20T11:21:22Z","2026-07-20T11:21:23Z","2026-07-20T11:21:24Z","2026-07-20T11:21:25Z","2026-07-20T11:21:26Z","2026-07-20T11:21:27Z","2026-07-20T11:21:28Z","2026-07-20T11:21:29Z","2026-07-20T11:21:30Z","2026-07-20T11:21:31Z","2026-07-20T11:21:32Z","2026-07-20T11:21:33Z","2026-07-20T11:21:34Z","2026-07-20T11:21:35Z","2026-07-20T11:21:36Z","2026-07-20T11:21:37Z","2026-07-20T11:21:38Z","2026-07-20T11:21:39Z","2026-07-20T11:21:40Z","2026-07-20T11:21:41Z","2026-07-20T11:21:42Z","2026-07-20T11:21:43Z","2026-07-20T11:21:44Z","2026-07-20T11:21:45Z","2026-07-20T11:21:46Z","2026-07-20T11:21:47Z","2026-07-20T11:21:48Z","2026-07-20T11:21:49Z","2026-07-20T11:21:50Z","2026-07-20T11:21:51Z","2026-07-20T11:21:52Z","2026-07-20T11:21:53Z","2026-07-20T11:21:54Z","2026-07-20T11:21:55Z","2026-07-20T11:21:56Z","2026-07-20T11:21:57Z","2026-07-20T11:21:58Z","2026-07-20T11:21:59Z","2026-07-20T11:22:00Z","2026-07-20T11:22:01Z","2026-07-20T11:22:02Z","2026-07-20T11:22:03Z","2026-07-20T11:22:04Z","2026-07-20T11:22:05Z","2026-07-20T11:22:06Z","2026-07-20T11:22:07Z","2026-07-20T11:22:08Z","2026-07-20T11:22:09Z","2026-07-20T11:22:09Z","2026-07-20T11:22:10Z","2026-07-20T11:22:11Z","2026-07-20T11:22:12Z","2026-07-20T11:22:13Z","2026-07-20T11:22:14Z","2026-07-20T11:22:15Z","2026-07-20T11:22:16Z","2026-07-20T11:22:17Z","2026-07-20T11:22:18Z","2026-07-20T11:22:19Z","2026-07-20T11:22:20Z","2026-07-20T11:22:21Z","2026-07-20T11:22:22Z","2026-07-20T11:22:23Z","2026-07-20T11:22:24Z","2026-07-20T11:22:25Z","2026-07-20T11:22:26Z","2026-07-20T11:22:27Z","2026-07-20T11:22:28Z","2026-07-20T11:22:29Z","2026-07-20T11:22:30Z","2026-07-20T11:22:31Z","2026-07-20T11:22:32Z","2026-07-20T11:22:33Z","2026-07-20T11:22:34Z","2026-07-20T11:22:35Z","2026-07-20T11:22:36Z","2026-07-20T11:22:37Z","2026-07-20T11:22:38Z","2026-07-20T11:22:39Z","2026-07-20T11:22:40Z","2026-07-20T11:22:41Z","2026-07-20T11:22:42Z","2026-07-20T11:22:43Z","2026-07-20T11:22:44Z","2026-07-20T11:22:45Z","2026-07-20T11:22:46Z","2026-07-20T11:22:47Z","2026-07-20T11:22:48Z","2026-07-20T11:22:49Z","2026-07-20T11:22:50Z","2026-07-20T11:22:51Z","2026-07-20T11:22:52Z","2026-07-20T11:22:53Z","2026-07-20T11:22:54Z","2026-07-20T11:22:55Z","2026-07-20T11:22:56Z","2026-07-20T11:22:57Z","2026-07-20T11:22:58Z","2026-07-20T11:22:59Z","2026-07-20T11:23:00Z","2026-07-20T11:23:01Z","2026-07-20T11:23:02Z","2026-07-20T11:23:03Z","2026-07-20T11:23:04Z","2026-07-20T11:23:05Z","2026-07-20T11:23:07Z","2026-07-20T11:23:08Z","2026-07-20T11:23:09Z","2026-07-20T11:23:10Z","2026-07-20T11:23:11Z","2026-07-20T11:23:12Z","2026-07-20T11:23:13Z","2026-07-20T11:23:14Z","2026-07-20T11:23:15Z","2026-07-20T11:23:16Z","2026-07-20T11:23:17Z","2026-07-20T11:23:18Z","2026-07-20T11:23:19Z","2026-07-20T11:23:20Z","2026-07-20T11:23:21Z","2026-07-20T11:23:22Z","2026-07-20T11:23:23Z","2026-07-20T11:23:24Z","2026-07-20T11:23:25Z","2026-07-20T11:23:26Z","2026-07-20T11:23:27Z","2026-07-20T11:23:28Z","2026-07-20T11:23:29Z","2026-07-20T11:23:30Z","2026-07-20T11:23:31Z","2026-07-20T11:23:32Z","2026-07-20T11:23:33Z","2026-07-20T11:23:34Z","2026-07-20T11:23:35Z","2026-07-20T11:23:36Z","2026-07-20T11:23:37Z","2026-07-20T11:23:38Z","2026-07-20T11:23:39Z","2026-07-20T11:23:40Z","2026-07-20T11:23:41Z","2026-07-20T11:23:42Z","2026-07-20T11:23:43Z","2026-07-20T11:23:44Z","2026-07-20T11:23:45Z","2026-07-20T11:23:46Z","2026-07-20T11:23:47Z","2026-07-20T11:23:48Z","2026-07-20T11:23:49Z","2026-07-20T11:23:50Z","2026-07-20T11:23:51Z","2026-07-20T11:23:52Z","2026-07-20T11:23:53Z","2026-07-20T11:23:54Z","2026-07-20T11:23:55Z","2026-07-20T11:23:56Z","2026-07-20T11:23:57Z","2026-07-20T11:23:58Z","2026-07-20T11:23:59Z","2026-07-20T11:24:00Z","2026-07-20T11:24:01Z","2026-07-20T11:24:02Z","2026-07-20T11:24:03Z","2026-07-20T11:24:04Z","2026-07-20T11:24:05Z","2026-07-20T11:24:06Z","2026-07-20T11:24:07Z","2026-07-20T11:24:08Z","2026-07-20T11:24:09Z","2026-07-20T11:24:10Z","2026-07-20T11:24:11Z","2026-07-20T11:24:12Z","2026-07-20T11:24:13Z","2026-07-20T11:24:14Z","2026-07-20T11:24:15Z","2026-07-20T11:24:15Z","2026-07-20T11:24:16Z","2026-07-20T11:24:17Z","2026-07-20T11:24:18Z","2026-07-20T11:24:19Z","2026-07-20T11:24:20Z","2026-07-20T11:24:21Z","2026-07-20T11:24:22Z","2026-07-20T11:24:23Z","2026-07-20T11:24:24Z","2026-07-20T11:24:25Z","2026-07-20T11:24:26Z","2026-07-20T11:24:27Z","2026-07-20T11:24:28Z","2026-07-20T11:24:29Z","2026-07-20T11:24:30Z","2026-07-20T11:24:31Z","2026-07-20T11:24:32Z","2026-07-20T11:24:33Z","2026-07-20T11:24:34Z","2026-07-20T11:24:35Z","2026-07-20T11:24:36Z","2026-07-20T11:24:37Z","2026-07-20T11:24:38Z","2026-07-20T11:24:39Z","2026-07-20T11:24:40Z","2026-07-20T11:24:41Z","2026-07-20T11:24:42Z","2026-07-20T11:24:43Z","2026-07-20T11:24:44Z","2026-07-20T11:24:45Z","2026-07-20T11:24:46Z","2026-07-20T11:24:47Z","2026-07-20T11:24:48Z","2026-07-20T11:24:49Z","2026-07-20T11:24:50Z","2026-07-20T11:24:51Z","2026-07-20T11:24:52Z","2026-07-20T11:24:53Z","2026-07-20T11:24:54Z","2026-07-20T11:24:55Z","2026-07-20T11:24:56Z","2026-07-20T11:24:57Z","2026-07-20T11:24:58Z","2026-07-20T11:24:59Z","2026-07-20T11:25:00Z","2026-07-20T11:25:01Z","2026-07-20T11:25:02Z","2026-07-20T11:25:03Z","2026-07-20T11:25:04Z","2026-07-20T11:25:05Z","2026-07-20T11:25:06Z","2026-07-20T11:25:07Z","2026-07-20T11:25:08Z","2026-07-20T11:25:09Z","2026-07-20T11:25:10Z","2026-07-20T11:25:11Z","2026-07-20T11:25:13Z","2026-07-20T11:25:14Z","2026-07-20T11:25:15Z","2026-07-20T11:25:16Z","2026-07-20T11:25:17Z","2026-07-20T11:25:18Z","2026-07-20T11:25:19Z","2026-07-20T11:25:20Z","2026-07-20T11:25:21Z","2026-07-20T11:25:22Z","2026-07-20T11:25:23Z","2026-07-20T11:25:24Z","2026-07-20T11:25:25Z","2026-07-20T11:25:26Z","2026-07-20T11:25:27Z","2026-07-20T11:25:28Z","2026-07-20T11:25:29Z","2026-07-20T11:25:30Z","2026-07-20T11:25:31Z","2026-07-20T11:25:32Z","2026-07-20T11:25:33Z","2026-07-20T11:25:34Z","2026-07-20T11:25:35Z","2026-07-20T11:25:36Z","2026-07-20T11:25:37Z","2026-07-20T11:25:38Z","2026-07-20T11:25:39Z","2026-07-20T11:25:40Z","2026-07-20T11:25:41Z","2026-07-20T11:25:42Z","2026-07-20T11:25:43Z","2026-07-20T11:25:44Z","2026-07-20T11:25:45Z","2026-07-20T11:25:46Z","2026-07-20T11:25:47Z","2026-07-20T11:25:48Z","2026-07-20T11:25:49Z","2026-07-20T11:25:50Z","2026-07-20T11:25:51Z","2026-07-20T11:25:52Z","2026-07-20T11:25:53Z","2026-07-20T11:25:54Z","2026-07-20T11:25:55Z","2026-07-20T11:25:56Z","2026-07-20T11:25:57Z","2026-07-20T11:25:58Z","2026-07-20T11:25:59Z","2026-07-20T11:26:00Z","2026-07-20T11:26:01Z","2026-07-20T11:26:02Z","2026-07-20T11:26:03Z","2026-07-20T11:26:04Z","2026-07-20T11:26:05Z","2026-07-20T11:26:06Z","2026-07-20T11:26:07Z","2026-07-20T11:26:08Z","2026-07-20T11:26:09Z","2026-07-20T11:26:10Z","2026-07-20T11:26:11Z","2026-07-20T11:26:12Z","2026-07-20T11:26:13Z","2026-07-20T11:26:14Z","2026-07-20T11:26:15Z","2026-07-20T11:26:16Z","2026-07-20T11:26:17Z","2026-07-20T11:26:18Z","2026-07-20T11:26:19Z","2026-07-20T11:26:20Z","2026-07-20T11:26:20Z","2026-07-20T11:26:21Z","2026-07-20T11:26:22Z","2026-07-20T11:26:23Z","2026-07-20T11:26:24Z","2026-07-20T11:26:25Z","2026-07-20T11:26:26Z","2026-07-20T11:26:27Z","2026-07-20T11:26:28Z","2026-07-20T11:26:29Z","2026-07-20T11:26:30Z","2026-07-20T11:26:31Z","2026-07-20T11:26:32Z","2026-07-20T11:26:33Z","2026-07-20T11:26:34Z","2026-07-20T11:26:35Z","2026-07-20T11:26:36Z","2026-07-20T11:26:37Z","2026-07-20T11:26:38Z","2026-07-20T11:26:39Z","2026-07-20T11:26:40Z","2026-07-20T11:26:41Z","2026-07-20T11:26:42Z","2026-07-20T11:26:43Z","2026-07-20T11:26:44Z","2026-07-20T11:26:45Z","2026-07-20T11:26:46Z","2026-07-20T11:26:47Z","2026-07-20T11:26:48Z","2026-07-20T11:26:49Z","2026-07-20T11:26:50Z","2026-07-20T11:26:51Z","2026-07-20T11:26:52Z","2026-07-20T11:26:53Z","2026-07-20T11:26:54Z","2026-07-20T11:26:55Z","2026-07-20T11:26:56Z","2026-07-20T11:26:57Z","2026-07-20T11:26:58Z","2026-07-20T11:26:59Z","2026-07-20T11:27:00Z","2026-07-20T11:27:01Z","2026-07-20T11:27:02Z","2026-07-20T11:27:03Z","2026-07-20T11:27:04Z","2026-07-20T11:27:05Z","2026-07-20T11:27:06Z","2026-07-20T11:27:07Z","2026-07-20T11:27:08Z","2026-07-20T11:27:09Z","2026-07-20T11:27:10Z","2026-07-20T11:27:11Z","2026-07-20T11:27:12Z","2026-07-20T11:27:13Z","2026-07-20T11:27:14Z","2026-07-20T11:27:15Z","2026-07-20T11:27:16Z","2026-07-20T11:27:18Z","2026-07-20T11:27:19Z","2026-07-20T11:27:20Z","2026-07-20T11:27:21Z","2026-07-20T11:27:22Z","2026-07-20T11:27:23Z","2026-07-20T11:27:24Z","2026-07-20T11:27:25Z","2026-07-20T11:27:26Z","2026-07-20T11:27:27Z","2026-07-20T11:27:28Z","2026-07-20T11:27:29Z","2026-07-20T11:27:30Z","2026-07-20T11:27:31Z","2026-07-20T11:27:32Z","2026-07-20T11:27:33Z","2026-07-20T11:27:34Z","2026-07-20T11:27:35Z","2026-07-20T11:27:36Z","2026-07-20T11:27:37Z","2026-07-20T11:27:38Z","2026-07-20T11:27:39Z","2026-07-20T11:27:40Z","2026-07-20T11:27:41Z","2026-07-20T11:27:42Z","2026-07-20T11:27:43Z","2026-07-20T11:27:44Z","2026-07-20T11:27:45Z","2026-07-20T11:27:46Z","2026-07-20T11:27:47Z","2026-07-20T11:27:48Z","2026-07-20T11:27:49Z","2026-07-20T11:27:50Z","2026-07-20T11:27:51Z","2026-07-20T11:27:52Z","2026-07-20T11:27:53Z","2026-07-20T11:27:54Z","2026-07-20T11:27:55Z","2026-07-20T11:27:56Z","2026-07-20T11:27:57Z","2026-07-20T11:27:58Z","2026-07-20T11:27:59Z","2026-07-20T11:28:00Z","2026-07-20T11:28:01Z","2026-07-20T11:28:02Z","2026-07-20T11:28:03Z","2026-07-20T11:28:04Z","2026-07-20T11:28:05Z","2026-07-20T11:28:06Z","2026-07-20T11:28:07Z","2026-07-20T11:28:08Z","2026-07-20T11:28:09Z","2026-07-20T11:28:10Z","2026-07-20T11:28:11Z","2026-07-20T11:28:12Z","2026-07-20T11:28:13Z","2026-07-20T11:28:14Z","2026-07-20T11:28:15Z","2026-07-20T11:28:16Z","2026-07-20T11:28:17Z","2026-07-20T11:28:18Z","2026-07-20T11:28:19Z","2026-07-20T11:28:20Z","2026-07-20T11:28:21Z","2026-07-20T11:28:22Z","2026-07-20T11:28:23Z","2026-07-20T11:28:24Z","2026-07-20T11:28:25Z","2026-07-20T11:28:26Z","2026-07-20T11:28:27Z","2026-07-20T11:28:27Z","2026-07-20T11:28:28Z","2026-07-20T11:28:29Z","2026-07-20T11:28:30Z","2026-07-20T11:28:31Z","2026-07-20T11:28:32Z","2026-07-20T11:28:33Z","2026-07-20T11:28:34Z","2026-07-20T11:28:35Z","2026-07-20T11:28:36Z","2026-07-20T11:28:37Z","2026-07-20T11:28:38Z","2026-07-20T11:28:39Z","2026-07-20T11:28:40Z","2026-07-20T11:28:41Z","2026-07-20T11:28:42Z","2026-07-20T11:28:43Z","2026-07-20T11:28:44Z","2026-07-20T11:28:45Z","2026-07-20T11:28:46Z","2026-07-20T11:28:47Z","2026-07-20T11:28:48Z","2026-07-20T11:28:49Z","2026-07-20T11:28:50Z","2026-07-20T11:28:51Z","2026-07-20T11:28:52Z","2026-07-20T11:28:53Z","2026-07-20T11:28:54Z","2026-07-20T11:28:55Z","2026-07-20T11:28:56Z","2026-07-20T11:28:57Z","2026-07-20T11:28:58Z","2026-07-20T11:28:59Z","2026-07-20T11:29:00Z","2026-07-20T11:29:01Z","2026-07-20T11:29:02Z","2026-07-20T11:29:03Z","2026-07-20T11:29:04Z","2026-07-20T11:29:05Z","2026-07-20T11:29:06Z","2026-07-20T11:29:07Z","2026-07-20T11:29:08Z","2026-07-20T11:29:09Z","2026-07-20T11:29:10Z","2026-07-20T11:29:11Z","2026-07-20T11:29:12Z","2026-07-20T11:29:13Z","2026-07-20T11:29:14Z","2026-07-20T11:29:15Z","2026-07-20T11:29:16Z","2026-07-20T11:29:17Z","2026-07-20T11:29:18Z","2026-07-20T11:29:19Z","2026-07-20T11:29:20Z","2026-07-20T11:29:21Z","2026-07-20T11:29:22Z","2026-07-20T11:29:24Z","2026-07-20T11:29:25Z","2026-07-20T11:29:26Z","2026-07-20T11:29:27Z","2026-07-20T11:29:28Z","2026-07-20T11:29:29Z","2026-07-20T11:29:30Z","2026-07-20T11:29:31Z","2026-07-20T11:29:32Z","2026-07-20T11:29:33Z","2026-07-20T11:29:34Z","2026-07-20T11:29:35Z","2026-07-20T11:29:36Z","2026-07-20T11:29:37Z","2026-07-20T11:29:38Z","2026-07-20T11:29:39Z","2026-07-20T11:29:40Z","2026-07-20T11:29:41Z","2026-07-20T11:29:42Z","2026-07-20T11:29:43Z","2026-07-20T11:29:44Z","2026-07-20T11:29:45Z","2026-07-20T11:29:46Z","2026-07-20T11:29:47Z","2026-07-20T11:29:48Z","2026-07-20T11:29:49Z","2026-07-20T11:29:50Z","2026-07-20T11:29:51Z","2026-07-20T11:29:52Z","2026-07-20T11:29:53Z","2026-07-20T11:29:54Z","2026-07-20T11:29:55Z","2026-07-20T11:29:56Z","2026-07-20T11:29:57Z","2026-07-20T11:29:58Z","2026-07-20T11:29:59Z","2026-07-20T11:30:00Z","2026-07-20T11:30:01Z","2026-07-20T11:30:02Z","2026-07-20T11:30:03Z","2026-07-20T11:30:04Z","2026-07-20T11:30:05Z","2026-07-20T11:30:06Z","2026-07-20T11:30:07Z","2026-07-20T11:30:08Z","2026-07-20T11:30:09Z","2026-07-20T11:30:10Z","2026-07-20T11:30:11Z","2026-07-20T11:30:12Z","2026-07-20T11:30:13Z","2026-07-20T11:30:14Z","2026-07-20T11:30:15Z","2026-07-20T11:30:16Z","2026-07-20T11:30:17Z","2026-07-20T11:30:18Z","2026-07-20T11:30:19Z","2026-07-20T11:30:20Z","2026-07-20T11:30:21Z","2026-07-20T11:30:22Z","2026-07-20T11:30:23Z","2026-07-20T11:30:24Z","2026-07-20T11:30:25Z","2026-07-20T11:30:26Z","2026-07-20T11:30:27Z","2026-07-20T11:30:28Z","2026-07-20T11:30:29Z","2026-07-20T11:30:30Z","2026-07-20T11:30:31Z","2026-07-20T11:30:32Z","2026-07-20T11:30:33Z","2026-07-20T11:30:34Z","2026-07-20T11:30:35Z","2026-07-20T11:30:36Z","2026-07-20T11:30:37Z","2026-07-20T11:30:38Z","2026-07-20T11:30:39Z","2026-07-20T11:30:40Z","2026-07-20T11:30:41Z","2026-07-20T11:30:41Z","2026-07-20T11:30:42Z","2026-07-20T11:30:43Z","2026-07-20T11:30:44Z","2026-07-20T11:30:45Z","2026-07-20T11:30:46Z","2026-07-20T11:30:47Z","2026-07-20T11:30:48Z","2026-07-20T11:30:49Z","2026-07-20T11:30:50Z","2026-07-20T11:30:51Z","2026-07-20T11:30:52Z","2026-07-20T11:30:53Z","2026-07-20T11:30:54Z","2026-07-20T11:30:55Z","2026-07-20T11:30:56Z","2026-07-20T11:30:57Z","2026-07-20T11:30:58Z","2026-07-20T11:30:59Z","2026-07-20T11:31:00Z","2026-07-20T11:31:01Z","2026-07-20T11:31:02Z","2026-07-20T11:31:03Z","2026-07-20T11:31:04Z","2026-07-20T11:31:05Z","2026-07-20T11:31:06Z","2026-07-20T11:31:07Z","2026-07-20T11:31:08Z","2026-07-20T11:31:09Z","2026-07-20T11:31:10Z","2026-07-20T11:31:11Z","2026-07-20T11:31:12Z","2026-07-20T11:31:13Z","2026-07-20T11:31:14Z","2026-07-20T11:31:15Z","2026-07-20T11:31:16Z","2026-07-20T11:31:17Z","2026-07-20T11:31:18Z","2026-07-20T11:31:19Z","2026-07-20T11:31:20Z","2026-07-20T11:31:21Z","2026-07-20T11:31:22Z","2026-07-20T11:31:23Z","2026-07-20T11:31:24Z","2026-07-20T11:31:25Z","2026-07-20T11:31:26Z","2026-07-20T11:31:27Z","2026-07-20T11:31:28Z","2026-07-20T11:31:30Z","2026-07-20T11:31:31Z","2026-07-20T11:31:32Z","2026-07-20T11:31:33Z","2026-07-20T11:31:34Z","2026-07-20T11:31:35Z","2026-07-20T11:31:36Z","2026-07-20T11:31:37Z","2026-07-20T11:31:38Z","2026-07-20T11:31:39Z","2026-07-20T11:31:40Z","2026-07-20T11:31:41Z","2026-07-20T11:31:42Z","2026-07-20T11:31:43Z","2026-07-20T11:31:44Z","2026-07-20T11:31:45Z","2026-07-20T11:31:46Z","2026-07-20T11:31:47Z","2026-07-20T11:31:48Z","2026-07-20T11:31:49Z","2026-07-20T11:31:50Z","2026-07-20T11:31:51Z","2026-07-20T11:31:52Z","2026-07-20T11:31:53Z","2026-07-20T11:31:54Z","2026-07-20T11:31:55Z","2026-07-20T11:31:56Z","2026-07-20T11:31:57Z","2026-07-20T11:31:58Z","2026-07-20T11:31:59Z","2026-07-20T11:32:00Z","2026-07-20T11:32:01Z","2026-07-20T11:32:02Z","2026-07-20T11:32:03Z","2026-07-20T11:32:04Z","2026-07-20T11:32:05Z","2026-07-20T11:32:06Z","2026-07-20T11:32:07Z","2026-07-20T11:32:08Z","2026-07-20T11:32:09Z","2026-07-20T11:32:10Z","2026-07-20T11:32:11Z","2026-07-20T11:32:12Z","2026-07-20T11:32:13Z","2026-07-20T11:32:14Z","2026-07-20T11:32:15Z","2026-07-20T11:32:16Z","2026-07-20T11:32:17Z","2026-07-20T11:32:18Z","2026-07-20T11:32:19Z","2026-07-20T11:32:20Z","2026-07-20T11:32:21Z","2026-07-20T11:32:22Z","2026-07-20T11:32:23Z","2026-07-20T11:32:24Z","2026-07-20T11:32:25Z","2026-07-20T11:32:26Z","2026-07-20T11:32:27Z","2026-07-20T11:32:28Z","2026-07-20T11:32:29Z","2026-07-20T11:32:30Z","2026-07-20T11:32:31Z","2026-07-20T11:32:32Z","2026-07-20T11:32:33Z","2026-07-20T11:32:34Z","2026-07-20T11:32:35Z","2026-07-20T11:32:36Z","2026-07-20T11:32:37Z","2026-07-20T11:32:38Z","2026-07-20T11:32:39Z","2026-07-20T11:32:40Z","2026-07-20T11:32:41Z","2026-07-20T11:32:42Z","2026-07-20T11:32:43Z","2026-07-20T11:32:44Z","2026-07-20T11:32:45Z","2026-07-20T11:32:46Z","2026-07-20T11:32:46Z","2026-07-20T11:32:47Z","2026-07-20T11:32:48Z","2026-07-20T11:32:49Z","2026-07-20T11:32:50Z","2026-07-20T11:32:51Z","2026-07-20T11:32:52Z","2026-07-20T11:32:53Z","2026-07-20T11:32:54Z","2026-07-20T11:32:55Z","2026-07-20T11:32:56Z","2026-07-20T11:32:57Z","2026-07-20T11:32:58Z","2026-07-20T11:32:59Z","2026-07-20T11:33:00Z","2026-07-20T11:33:01Z","2026-07-20T11:33:02Z","2026-07-20T11:33:03Z","2026-07-20T11:33:04Z","2026-07-20T11:33:05Z","2026-07-20T11:33:06Z","2026-07-20T11:33:07Z","2026-07-20T11:33:08Z","2026-07-20T11:33:09Z","2026-07-20T11:33:10Z","2026-07-20T11:33:11Z","2026-07-20T11:33:12Z","2026-07-20T11:33:13Z","2026-07-20T11:33:14Z","2026-07-20T11:33:15Z","2026-07-20T11:33:16Z","2026-07-20T11:33:17Z","2026-07-20T11:33:18Z","2026-07-20T11:33:19Z","2026-07-20T11:33:20Z","2026-07-20T11:33:21Z","2026-07-20T11:33:22Z","2026-07-20T11:33:23Z","2026-07-20T11:33:24Z","2026-07-20T11:33:25Z","2026-07-20T11:33:26Z","2026-07-20T11:33:27Z","2026-07-20T11:33:28Z","2026-07-20T11:33:29Z","2026-07-20T11:33:30Z","2026-07-20T11:33:31Z","2026-07-20T11:33:32Z","2026-07-20T11:33:33Z","2026-07-20T11:33:34Z","2026-07-20T11:33:36Z","2026-07-20T11:33:37Z","2026-07-20T11:33:38Z","2026-07-20T11:33:39Z","2026-07-20T11:33:40Z","2026-07-20T11:33:41Z","2026-07-20T11:33:42Z","2026-07-20T11:33:43Z","2026-07-20T11:33:44Z","2026-07-20T11:33:45Z","2026-07-20T11:33:46Z","2026-07-20T11:33:47Z","2026-07-20T11:33:48Z","2026-07-20T11:33:49Z","2026-07-20T11:33:50Z","2026-07-20T11:33:51Z","2026-07-20T11:33:52Z","2026-07-20T11:33:53Z","2026-07-20T11:33:54Z","2026-07-20T11:33:55Z","2026-07-20T11:33:56Z","2026-07-20T11:33:57Z","2026-07-20T11:33:58Z","2026-07-20T11:33:59Z","2026-07-20T11:34:00Z","2026-07-20T11:34:01Z","2026-07-20T11:34:02Z","2026-07-20T11:34:03Z","2026-07-20T11:34:04Z","2026-07-20T11:34:05Z","2026-07-20T11:34:06Z","2026-07-20T11:34:07Z","2026-07-20T11:34:08Z","2026-07-20T11:34:09Z","2026-07-20T11:34:10Z","2026-07-20T11:34:11Z","2026-07-20T11:34:12Z","2026-07-20T11:34:13Z","2026-07-20T11:34:14Z","2026-07-20T11:34:15Z","2026-07-20T11:34:16Z","2026-07-20T11:34:17Z","2026-07-20T11:34:18Z","2026-07-20T11:34:19Z","2026-07-20T11:34:20Z","2026-07-20T11:34:21Z","2026-07-20T11:34:22Z","2026-07-20T11:34:23Z","2026-07-20T11:34:24Z","2026-07-20T11:34:25Z","2026-07-20T11:34:26Z","2026-07-20T11:34:27Z","2026-07-20T11:34:28Z","2026-07-20T11:34:29Z","2026-07-20T11:34:30Z","2026-07-20T11:34:31Z","2026-07-20T11:34:32Z","2026-07-20T11:34:33Z","2026-07-20T11:34:34Z","2026-07-20T11:34:35Z","2026-07-20T11:34:36Z","2026-07-20T11:34:37Z","2026-07-20T11:34:38Z","2026-07-20T11:34:39Z","2026-07-20T11:34:40Z","2026-07-20T11:34:41Z","2026-07-20T11:34:42Z","2026-07-20T11:34:43Z","2026-07-20T11:34:44Z","2026-07-20T11:34:45Z","2026-07-20T11:34:46Z","2026-07-20T11:34:47Z","2026-07-20T11:34:47Z","2026-07-20T11:34:48Z","2026-07-20T11:34:49Z","2026-07-20T11:34:50Z","2026-07-20T11:34:51Z","2026-07-20T11:34:52Z","2026-07-20T11:34:53Z","2026-07-20T11:34:54Z","2026-07-20T11:34:55Z","2026-07-20T11:34:56Z","2026-07-20T11:34:57Z","2026-07-20T11:34:58Z","2026-07-20T11:34:59Z","2026-07-20T11:35:00Z","2026-07-20T11:35:01Z","2026-07-20T11:35:02Z","2026-07-20T11:35:03Z","2026-07-20T11:35:04Z","2026-07-20T11:35:05Z","2026-07-20T11:35:06Z","2026-07-20T11:35:07Z","2026-07-20T11:35:08Z","2026-07-20T11:35:09Z","2026-07-20T11:35:10Z","2026-07-20T11:35:11Z","2026-07-20T11:35:12Z","2026-07-20T11:35:13Z","2026-07-20T11:35:14Z","2026-07-20T11:35:15Z","2026-07-20T11:35:16Z","2026-07-20T11:35:17Z","2026-07-20T11:35:18Z","2026-07-20T11:35:19Z","2026-07-20T11:35:20Z","2026-07-20T11:35:21Z","2026-07-20T11:35:22Z","2026-07-20T11:35:23Z","2026-07-20T11:35:24Z","2026-07-20T11:35:25Z","2026-07-20T11:35:26Z","2026-07-20T11:35:27Z","2026-07-20T11:35:28Z","2026-07-20T11:35:29Z","2026-07-20T11:35:30Z","2026-07-20T11:35:31Z","2026-07-20T11:35:32Z","2026-07-20T11:35:33Z","2026-07-20T11:35:34Z","2026-07-20T11:35:35Z","2026-07-20T11:35:36Z","2026-07-20T11:35:37Z","2026-07-20T11:35:38Z","2026-07-20T11:35:39Z","2026-07-20T11:35:40Z","2026-07-20T11:35:42Z","2026-07-20T11:35:43Z","2026-07-20T11:35:44Z","2026-07-20T11:35:45Z","2026-07-20T11:35:46Z","2026-07-20T11:35:47Z","2026-07-20T11:35:48Z","2026-07-20T11:35:49Z","2026-07-20T11:35:50Z","2026-07-20T11:35:51Z","2026-07-20T11:35:52Z","2026-07-20T11:35:53Z","2026-07-20T11:35:54Z","2026-07-20T11:35:55Z","2026-07-20T11:35:56Z","2026-07-20T11:35:57Z","2026-07-20T11:35:58Z","2026-07-20T11:35:59Z","2026-07-20T11:36:00Z","2026-07-20T11:36:01Z","2026-07-20T11:36:02Z","2026-07-20T11:36:03Z","2026-07-20T11:36:04Z","2026-07-20T11:36:05Z","2026-07-20T11:36:06Z","2026-07-20T11:36:07Z","2026-07-20T11:36:08Z","2026-07-20T11:36:09Z","2026-07-20T11:36:10Z","2026-07-20T11:36:11Z","2026-07-20T11:36:12Z","2026-07-20T11:36:13Z","2026-07-20T11:36:14Z","2026-07-20T11:36:15Z","2026-07-20T11:36:16Z","2026-07-20T11:36:17Z","2026-07-20T11:36:18Z","2026-07-20T11:36:19Z","2026-07-20T11:36:20Z","2026-07-20T11:36:21Z","2026-07-20T11:36:22Z","2026-07-20T11:36:23Z","2026-07-20T11:36:24Z","2026-07-20T11:36:25Z","2026-07-20T11:36:26Z","2026-07-20T11:36:27Z","2026-07-20T11:36:28Z","2026-07-20T11:36:29Z","2026-07-20T11:36:30Z","2026-07-20T11:36:31Z","2026-07-20T11:36:32Z","2026-07-20T11:36:33Z","2026-07-20T11:36:34Z","2026-07-20T11:36:34Z","2026-07-20T11:36:35Z","2026-07-20T11:36:36Z","2026-07-20T11:36:37Z","2026-07-20T11:36:38Z","2026-07-20T11:36:39Z","2026-07-20T11:36:40Z","2026-07-20T11:36:41Z","2026-07-20T11:36:42Z","2026-07-20T11:36:43Z","2026-07-20T11:36:44Z","2026-07-20T11:36:45Z","2026-07-20T11:36:46Z","2026-07-20T11:36:47Z","2026-07-20T11:36:48Z","2026-07-20T11:36:49Z","2026-07-20T11:36:50Z","2026-07-20T11:36:51Z","2026-07-20T11:36:52Z","2026-07-20T11:36:53Z","2026-07-20T11:36:54Z","2026-07-20T11:36:55Z","2026-07-20T11:36:56Z","2026-07-20T11:36:57Z","2026-07-20T11:36:58Z","2026-07-20T11:36:59Z","2026-07-20T11:37:00Z","2026-07-20T11:37:01Z","2026-07-20T11:37:02Z","2026-07-20T11:37:03Z","2026-07-20T11:37:04Z","2026-07-20T11:37:05Z","2026-07-20T11:37:06Z","2026-07-20T11:37:07Z","2026-07-20T11:37:08Z","2026-07-20T11:37:09Z","2026-07-20T11:37:10Z","2026-07-20T11:37:11Z","2026-07-20T11:37:12Z","2026-07-20T11:37:13Z","2026-07-20T11:37:14Z","2026-07-20T11:37:15Z","2026-07-20T11:37:16Z","2026-07-20T11:37:17Z","2026-07-20T11:37:18Z","2026-07-20T11:37:19Z","2026-07-20T11:37:20Z","2026-07-20T11:37:21Z","2026-07-20T11:37:22Z","2026-07-20T11:37:23Z","2026-07-20T11:37:24Z","2026-07-20T11:37:25Z","2026-07-20T11:37:26Z","2026-07-20T11:37:27Z","2026-07-20T11:37:28Z","2026-07-20T11:37:29Z","2026-07-20T11:37:30Z","2026-07-20T11:37:31Z","2026-07-20T11:37:32Z","2026-07-20T11:37:33Z","2026-07-20T11:37:34Z","2026-07-20T11:37:35Z","2026-07-20T11:37:36Z","2026-07-20T11:37:37Z","2026-07-20T11:37:38Z","2026-07-20T11:37:39Z","2026-07-20T11:37:40Z","2026-07-20T11:37:41Z","2026-07-20T11:37:42Z","2026-07-20T11:37:43Z","2026-07-20T11:37:44Z","2026-07-20T11:37:45Z","2026-07-20T11:37:46Z","2026-07-20T11:37:48Z","2026-07-20T11:37:49Z","2026-07-20T11:37:50Z","2026-07-20T11:37:51Z","2026-07-20T11:37:52Z","2026-07-20T11:37:53Z","2026-07-20T11:37:54Z","2026-07-20T11:37:55Z","2026-07-20T11:37:56Z","2026-07-20T11:37:57Z","2026-07-20T11:37:58Z","2026-07-20T11:37:59Z","2026-07-20T11:38:00Z","2026-07-20T11:38:01Z","2026-07-20T11:38:02Z","2026-07-20T11:38:03Z","2026-07-20T11:38:04Z","2026-07-20T11:38:05Z","2026-07-20T11:38:06Z","2026-07-20T11:38:07Z","2026-07-20T11:38:08Z","2026-07-20T11:38:09Z","2026-07-20T11:38:10Z","2026-07-20T11:38:11Z","2026-07-20T11:38:12Z","2026-07-20T11:38:13Z","2026-07-20T11:38:14Z","2026-07-20T11:38:15Z","2026-07-20T11:38:16Z","2026-07-20T11:38:17Z","2026-07-20T11:38:18Z","2026-07-20T11:38:19Z","2026-07-20T11:38:20Z","2026-07-20T11:38:21Z","2026-07-20T11:38:22Z","2026-07-20T11:38:23Z","2026-07-20T11:38:24Z","2026-07-20T11:38:25Z","2026-07-20T11:38:26Z","2026-07-20T11:38:27Z","2026-07-20T11:38:28Z","2026-07-20T11:38:29Z","2026-07-20T11:38:30Z","2026-07-20T11:38:31Z","2026-07-20T11:38:32Z","2026-07-20T11:38:33Z","2026-07-20T11:38:34Z","2026-07-20T11:38:35Z","2026-07-20T11:38:36Z","2026-07-20T11:38:37Z","2026-07-20T11:38:38Z","2026-07-20T11:38:39Z","2026-07-20T11:38:40Z","2026-07-20T11:38:41Z","2026-07-20T11:38:42Z","2026-07-20T11:38:43Z","2026-07-20T11:38:44Z","2026-07-20T11:38:45Z","2026-07-20T11:38:46Z","2026-07-20T11:38:47Z","2026-07-20T11:38:48Z","2026-07-20T11:38:49Z","2026-07-20T11:38:50Z","2026-07-20T11:38:51Z","2026-07-20T11:38:52Z","2026-07-20T11:38:53Z","2026-07-20T11:38:53Z","2026-07-20T11:38:54Z","2026-07-20T11:38:55Z","2026-07-20T11:38:56Z","2026-07-20T11:38:57Z","2026-07-20T11:38:58Z","2026-07-20T11:38:59Z","2026-07-20T11:39:00Z","2026-07-20T11:39:01Z","2026-07-20T11:39:02Z","2026-07-20T11:39:03Z","2026-07-20T11:39:04Z","2026-07-20T11:39:05Z","2026-07-20T11:39:06Z","2026-07-20T11:39:07Z","2026-07-20T11:39:08Z","2026-07-20T11:39:09Z","2026-07-20T11:39:10Z","2026-07-20T11:39:11Z","2026-07-20T11:39:12Z","2026-07-20T11:39:13Z","2026-07-20T11:39:14Z","2026-07-20T11:39:15Z","2026-07-20T11:39:16Z","2026-07-20T11:39:17Z","2026-07-20T11:39:18Z","2026-07-20T11:39:19Z","2026-07-20T11:39:20Z","2026-07-20T11:39:21Z","2026-07-20T11:39:22Z","2026-07-20T11:39:23Z","2026-07-20T11:39:24Z","2026-07-20T11:39:25Z","2026-07-20T11:39:26Z","2026-07-20T11:39:27Z","2026-07-20T11:39:28Z","2026-07-20T11:39:29Z","2026-07-20T11:39:30Z","2026-07-20T11:39:31Z","2026-07-20T11:39:32Z","2026-07-20T11:39:33Z","2026-07-20T11:39:34Z","2026-07-20T11:39:35Z","2026-07-20T11:39:36Z","2026-07-20T11:39:37Z","2026-07-20T11:39:38Z","2026-07-20T11:39:39Z","2026-07-20T11:39:40Z","2026-07-20T11:39:41Z","2026-07-20T11:39:42Z","2026-07-20T11:39:43Z","2026-07-20T11:39:44Z","2026-07-20T11:39:45Z","2026-07-20T11:39:46Z","2026-07-20T11:39:47Z","2026-07-20T11:39:48Z","2026-07-20T11:39:49Z","2026-07-20T11:39:50Z","2026-07-20T11:39:51Z","2026-07-20T11:39:52Z","2026-07-20T11:39:54Z","2026-07-20T11:39:55Z","2026-07-20T11:39:56Z","2026-07-20T11:39:57Z","2026-07-20T11:39:58Z","2026-07-20T11:39:59Z","2026-07-20T11:40:00Z","2026-07-20T11:40:01Z","2026-07-20T11:40:02Z","2026-07-20T11:40:03Z","2026-07-20T11:40:04Z","2026-07-20T11:40:05Z","2026-07-20T11:40:06Z","2026-07-20T11:40:07Z","2026-07-20T11:40:08Z","2026-07-20T11:40:09Z","2026-07-20T11:40:10Z","2026-07-20T11:40:11Z","2026-07-20T11:40:12Z","2026-07-20T11:40:13Z","2026-07-20T11:40:14Z","2026-07-20T11:40:15Z","2026-07-20T11:40:16Z","2026-07-20T11:40:17Z","2026-07-20T11:40:18Z","2026-07-20T11:40:19Z","2026-07-20T11:40:20Z","2026-07-20T11:40:21Z","2026-07-20T11:40:22Z","2026-07-20T11:40:23Z","2026-07-20T11:40:24Z","2026-07-20T11:40:25Z","2026-07-20T11:40:26Z","2026-07-20T11:40:27Z","2026-07-20T11:40:28Z","2026-07-20T11:40:29Z","2026-07-20T11:40:30Z","2026-07-20T11:40:31Z","2026-07-20T11:40:32Z","2026-07-20T11:40:33Z","2026-07-20T11:40:34Z","2026-07-20T11:40:35Z","2026-07-20T11:40:36Z","2026-07-20T11:40:37Z","2026-07-20T11:40:38Z","2026-07-20T11:40:39Z","2026-07-20T11:40:40Z","2026-07-20T11:40:41Z","2026-07-20T11:40:42Z","2026-07-20T11:40:43Z","2026-07-20T11:40:44Z","2026-07-20T11:40:45Z","2026-07-20T11:40:46Z","2026-07-20T11:40:47Z","2026-07-20T11:40:48Z","2026-07-20T11:40:49Z","2026-07-20T11:40:50Z","2026-07-20T11:40:51Z","2026-07-20T11:40:52Z","2026-07-20T11:40:53Z","2026-07-20T11:40:54Z","2026-07-20T11:40:55Z","2026-07-20T11:40:56Z","2026-07-20T11:40:57Z","2026-07-20T11:40:58Z","2026-07-20T11:40:59Z","2026-07-20T11:41:00Z","2026-07-20T11:41:01Z","2026-07-20T11:41:02Z","2026-07-20T11:41:03Z","2026-07-20T11:41:04Z","2026-07-20T11:41:05Z","2026-07-20T11:41:06Z","2026-07-20T11:41:07Z","2026-07-20T11:41:08Z","2026-07-20T11:41:09Z","2026-07-20T11:41:10Z","2026-07-20T11:41:11Z","2026-07-20T11:41:12Z","2026-07-20T11:41:13Z","2026-07-20T11:41:14Z","2026-07-20T11:41:15Z","2026-07-20T11:41:16Z","2026-07-20T11:41:17Z","2026-07-20T11:41:18Z","2026-07-20T11:41:19Z","2026-07-20T11:41:20Z","2026-07-20T11:41:21Z","2026-07-20T11:41:22Z","2026-07-20T11:41:23Z","2026-07-20T11:41:24Z","2026-07-20T11:41:25Z","2026-07-20T11:41:26Z","2026-07-20T11:41:27Z","2026-07-20T11:41:28Z","2026-07-20T11:41:28Z","2026-07-20T11:41:29Z","2026-07-20T11:41:30Z","2026-07-20T11:41:31Z","2026-07-20T11:41:32Z","2026-07-20T11:41:33Z","2026-07-20T11:41:34Z","2026-07-20T11:41:35Z","2026-07-20T11:41:36Z","2026-07-20T11:41:37Z","2026-07-20T11:41:38Z","2026-07-20T11:41:39Z","2026-07-20T11:41:40Z","2026-07-20T11:41:41Z","2026-07-20T11:41:42Z","2026-07-20T11:41:43Z","2026-07-20T11:41:44Z","2026-07-20T11:41:45Z","2026-07-20T11:41:46Z","2026-07-20T11:41:47Z","2026-07-20T11:41:48Z","2026-07-20T11:41:49Z","2026-07-20T11:41:50Z","2026-07-20T11:41:51Z","2026-07-20T11:41:52Z","2026-07-20T11:41:53Z","2026-07-20T11:41:54Z","2026-07-20T11:41:55Z","2026-07-20T11:41:56Z","2026-07-20T11:41:57Z","2026-07-20T11:41:58Z","2026-07-20T11:42:00Z","2026-07-20T11:42:01Z","2026-07-20T11:42:02Z","2026-07-20T11:42:03Z","2026-07-20T11:42:04Z","2026-07-20T11:42:05Z","2026-07-20T11:42:06Z","2026-07-20T11:42:07Z","2026-07-20T11:42:08Z","2026-07-20T11:42:09Z","2026-07-20T11:42:10Z","2026-07-20T11:42:11Z","2026-07-20T11:42:12Z","2026-07-20T11:42:13Z","2026-07-20T11:42:14Z","2026-07-20T11:42:15Z","2026-07-20T11:42:16Z","2026-07-20T11:42:17Z","2026-07-20T11:42:18Z","2026-07-20T11:42:19Z","2026-07-20T11:42:20Z","2026-07-20T11:42:21Z","2026-07-20T11:42:22Z","2026-07-20T11:42:23Z","2026-07-20T11:42:24Z","2026-07-20T11:42:25Z","2026-07-20T11:42:26Z","2026-07-20T11:42:27Z","2026-07-20T11:42:28Z","2026-07-20T11:42:29Z","2026-07-20T11:42:30Z","2026-07-20T11:42:31Z","2026-07-20T11:42:32Z","2026-07-20T11:42:33Z","2026-07-20T11:42:34Z","2026-07-20T11:42:35Z","2026-07-20T11:42:36Z","2026-07-20T11:42:37Z","2026-07-20T11:42:38Z","2026-07-20T11:42:39Z","2026-07-20T11:42:40Z","2026-07-20T11:42:41Z","2026-07-20T11:42:42Z","2026-07-20T11:42:43Z","2026-07-20T11:42:44Z","2026-07-20T11:42:45Z","2026-07-20T11:42:46Z","2026-07-20T11:42:47Z","2026-07-20T11:42:48Z","2026-07-20T11:42:49Z","2026-07-20T11:42:50Z","2026-07-20T11:42:51Z","2026-07-20T11:42:52Z","2026-07-20T11:42:53Z","2026-07-20T11:42:54Z","2026-07-20T11:42:55Z","2026-07-20T11:42:56Z","2026-07-20T11:42:57Z","2026-07-20T11:42:58Z","2026-07-20T11:42:59Z","2026-07-20T11:43:00Z","2026-07-20T11:43:01Z","2026-07-20T11:43:02Z","2026-07-20T11:43:03Z","2026-07-20T11:43:04Z","2026-07-20T11:43:05Z","2026-07-20T11:43:06Z","2026-07-20T11:43:07Z","2026-07-20T11:43:08Z","2026-07-20T11:43:09Z","2026-07-20T11:43:10Z","2026-07-20T11:43:11Z","2026-07-20T11:43:12Z","2026-07-20T11:43:13Z","2026-07-20T11:43:14Z","2026-07-20T11:43:15Z","2026-07-20T11:43:16Z","2026-07-20T11:43:17Z","2026-07-20T11:43:18Z","2026-07-20T11:43:19Z","2026-07-20T11:43:20Z","2026-07-20T11:43:21Z","2026-07-20T11:43:22Z","2026-07-20T11:43:23Z","2026-07-20T11:43:24Z","2026-07-20T11:43:25Z","2026-07-20T11:43:25Z","2026-07-20T11:43:26Z","2026-07-20T11:43:27Z","2026-07-20T11:43:28Z","2026-07-20T11:43:29Z","2026-07-20T11:43:30Z","2026-07-20T11:43:31Z","2026-07-20T11:43:32Z","2026-07-20T11:43:33Z","2026-07-20T11:43:34Z","2026-07-20T11:43:35Z","2026-07-20T11:43:36Z","2026-07-20T11:43:37Z","2026-07-20T11:43:38Z","2026-07-20T11:43:39Z","2026-07-20T11:43:40Z","2026-07-20T11:43:41Z","2026-07-20T11:43:42Z","2026-07-20T11:43:43Z","2026-07-20T11:43:44Z","2026-07-20T11:43:45Z","2026-07-20T11:43:46Z","2026-07-20T11:43:47Z","2026-07-20T11:43:48Z","2026-07-20T11:43:49Z","2026-07-20T11:43:50Z","2026-07-20T11:43:51Z","2026-07-20T11:43:52Z","2026-07-20T11:43:53Z","2026-07-20T11:43:54Z","2026-07-20T11:43:55Z","2026-07-20T11:43:56Z","2026-07-20T11:43:57Z","2026-07-20T11:43:58Z","2026-07-20T11:43:59Z","2026-07-20T11:44:00Z","2026-07-20T11:44:01Z","2026-07-20T11:44:02Z","2026-07-20T11:44:03Z","2026-07-20T11:44:04Z","2026-07-20T11:44:06Z","2026-07-20T11:44:07Z","2026-07-20T11:44:08Z","2026-07-20T11:44:09Z","2026-07-20T11:44:10Z","2026-07-20T11:44:11Z","2026-07-20T11:44:12Z","2026-07-20T11:44:13Z","2026-07-20T11:44:14Z","2026-07-20T11:44:15Z","2026-07-20T11:44:16Z","2026-07-20T11:44:17Z","2026-07-20T11:44:18Z","2026-07-20T11:44:19Z","2026-07-20T11:44:20Z","2026-07-20T11:44:21Z","2026-07-20T11:44:22Z","2026-07-20T11:44:23Z","2026-07-20T11:44:24Z","2026-07-20T11:44:25Z","2026-07-20T11:44:26Z","2026-07-20T11:44:27Z","2026-07-20T11:44:28Z","2026-07-20T11:44:29Z","2026-07-20T11:44:30Z","2026-07-20T11:44:31Z","2026-07-20T11:44:32Z","2026-07-20T11:44:33Z","2026-07-20T11:44:34Z","2026-07-20T11:44:35Z","2026-07-20T11:44:36Z","2026-07-20T11:44:37Z","2026-07-20T11:44:38Z","2026-07-20T11:44:39Z","2026-07-20T11:44:40Z","2026-07-20T11:44:41Z","2026-07-20T11:44:42Z","2026-07-20T11:44:43Z","2026-07-20T11:44:44Z","2026-07-20T11:44:45Z","2026-07-20T11:44:46Z","2026-07-20T11:44:47Z","2026-07-20T11:44:48Z","2026-07-20T11:44:49Z","2026-07-20T11:44:50Z","2026-07-20T11:44:51Z","2026-07-20T11:44:52Z","2026-07-20T11:44:53Z","2026-07-20T11:44:54Z","2026-07-20T11:44:55Z","2026-07-20T11:44:56Z","2026-07-20T11:44:57Z","2026-07-20T11:44:58Z","2026-07-20T11:44:59Z","2026-07-20T11:45:00Z","2026-07-20T11:45:01Z","2026-07-20T11:45:02Z","2026-07-20T11:45:03Z","2026-07-20T11:45:04Z","2026-07-20T11:45:05Z","2026-07-20T11:45:06Z","2026-07-20T11:45:07Z","2026-07-20T11:45:08Z","2026-07-20T11:45:09Z","2026-07-20T11:45:10Z","2026-07-20T11:45:11Z","2026-07-20T11:45:12Z","2026-07-20T11:45:13Z","2026-07-20T11:45:14Z","2026-07-20T11:45:15Z","2026-07-20T11:45:16Z","2026-07-20T11:45:17Z","2026-07-20T11:45:18Z","2026-07-20T11:45:19Z","2026-07-20T11:45:20Z","2026-07-20T11:45:21Z","2026-07-20T11:45:22Z","2026-07-20T11:45:23Z","2026-07-20T11:45:24Z","2026-07-20T11:45:25Z","2026-07-20T11:45:26Z","2026-07-20T11:45:26Z","2026-07-20T11:45:27Z","2026-07-20T11:45:28Z","2026-07-20T11:45:29Z","2026-07-20T11:45:30Z","2026-07-20T11:45:31Z","2026-07-20T11:45:32Z","2026-07-20T11:45:33Z","2026-07-20T11:45:34Z","2026-07-20T11:45:35Z","2026-07-20T11:45:36Z","2026-07-20T11:45:37Z","2026-07-20T11:45:38Z","2026-07-20T11:45:39Z","2026-07-20T11:45:40Z","2026-07-20T11:45:41Z","2026-07-20T11:45:42Z","2026-07-20T11:45:43Z","2026-07-20T11:45:44Z","2026-07-20T11:45:45Z","2026-07-20T11:45:46Z","2026-07-20T11:45:47Z","2026-07-20T11:45:48Z","2026-07-20T11:45:49Z","2026-07-20T11:45:50Z","2026-07-20T11:45:51Z","2026-07-20T11:45:52Z","2026-07-20T11:45:53Z","2026-07-20T11:45:54Z","2026-07-20T11:45:55Z","2026-07-20T11:45:56Z","2026-07-20T11:45:57Z","2026-07-20T11:45:58Z","2026-07-20T11:45:59Z","2026-07-20T11:46:00Z","2026-07-20T11:46:01Z","2026-07-20T11:46:02Z","2026-07-20T11:46:03Z","2026-07-20T11:46:04Z","2026-07-20T11:46:05Z","2026-07-20T11:46:06Z","2026-07-20T11:46:07Z","2026-07-20T11:46:08Z","2026-07-20T11:46:09Z","2026-07-20T11:46:10Z","2026-07-20T11:46:12Z","2026-07-20T11:46:13Z","2026-07-20T11:46:14Z","2026-07-20T11:46:15Z","2026-07-20T11:46:16Z","2026-07-20T11:46:17Z","2026-07-20T11:46:18Z","2026-07-20T11:46:19Z","2026-07-20T11:46:20Z","2026-07-20T11:46:21Z","2026-07-20T11:46:22Z","2026-07-20T11:46:23Z","2026-07-20T11:46:24Z","2026-07-20T11:46:25Z","2026-07-20T11:46:26Z","2026-07-20T11:46:27Z","2026-07-20T11:46:28Z","2026-07-20T11:46:29Z","2026-07-20T11:46:30Z","2026-07-20T11:46:31Z","2026-07-20T11:46:32Z","2026-07-20T11:46:33Z","2026-07-20T11:46:34Z","2026-07-20T11:46:35Z","2026-07-20T11:46:36Z","2026-07-20T11:46:37Z","2026-07-20T11:46:38Z","2026-07-20T11:46:39Z","2026-07-20T11:46:40Z","2026-07-20T11:46:41Z","2026-07-20T11:46:42Z","2026-07-20T11:46:43Z","2026-07-20T11:46:44Z","2026-07-20T11:46:45Z","2026-07-20T11:46:46Z","2026-07-20T11:46:47Z","2026-07-20T11:46:48Z","2026-07-20T11:46:49Z","2026-07-20T11:46:50Z","2026-07-20T11:46:51Z","2026-07-20T11:46:52Z","2026-07-20T11:46:53Z","2026-07-20T11:46:54Z","2026-07-20T11:46:55Z","2026-07-20T11:46:56Z","2026-07-20T11:46:57Z","2026-07-20T11:46:58Z","2026-07-20T11:46:59Z","2026-07-20T11:47:00Z","2026-07-20T11:47:01Z","2026-07-20T11:47:02Z","2026-07-20T11:47:03Z","2026-07-20T11:47:04Z","2026-07-20T11:47:05Z","2026-07-20T11:47:06Z","2026-07-20T11:47:07Z","2026-07-20T11:47:08Z","2026-07-20T11:47:09Z","2026-07-20T11:47:10Z","2026-07-20T11:47:11Z","2026-07-20T11:47:12Z","2026-07-20T11:47:13Z","2026-07-20T11:47:14Z","2026-07-20T11:47:15Z","2026-07-20T11:47:16Z","2026-07-20T11:47:17Z","2026-07-20T11:47:18Z","2026-07-20T11:47:19Z","2026-07-20T11:47:20Z","2026-07-20T11:47:21Z","2026-07-20T11:47:22Z","2026-07-20T11:47:23Z","2026-07-20T11:47:24Z","2026-07-20T11:47:25Z","2026-07-20T11:47:26Z","2026-07-20T11:47:27Z","2026-07-20T11:47:28Z","2026-07-20T11:47:29Z","2026-07-20T11:47:30Z","2026-07-20T11:47:31Z","2026-07-20T11:47:32Z","2026-07-20T11:47:33Z","2026-07-20T11:47:34Z","2026-07-20T11:47:35Z","2026-07-20T11:47:36Z","2026-07-20T11:47:37Z","2026-07-20T11:47:38Z","2026-07-20T11:47:39Z","2026-07-20T11:47:40Z","2026-07-20T11:47:41Z","2026-07-20T11:47:41Z","2026-07-20T11:47:42Z","2026-07-20T11:47:43Z","2026-07-20T11:47:44Z","2026-07-20T11:47:45Z","2026-07-20T11:47:46Z","2026-07-20T11:47:47Z","2026-07-20T11:47:48Z","2026-07-20T11:47:49Z","2026-07-20T11:47:50Z","2026-07-20T11:47:51Z","2026-07-20T11:47:52Z","2026-07-20T11:47:53Z","2026-07-20T11:47:54Z","2026-07-20T11:47:55Z","2026-07-20T11:47:56Z","2026-07-20T11:47:57Z","2026-07-20T11:47:58Z","2026-07-20T11:47:59Z","2026-07-20T11:48:00Z","2026-07-20T11:48:01Z","2026-07-20T11:48:02Z","2026-07-20T11:48:03Z","2026-07-20T11:48:04Z","2026-07-20T11:48:05Z","2026-07-20T11:48:06Z","2026-07-20T11:48:07Z","2026-07-20T11:48:08Z","2026-07-20T11:48:09Z","2026-07-20T11:48:10Z","2026-07-20T11:48:11Z","2026-07-20T11:48:12Z","2026-07-20T11:48:13Z","2026-07-20T11:48:14Z","2026-07-20T11:48:15Z","2026-07-20T11:48:16Z","2026-07-20T11:48:18Z","2026-07-20T11:48:19Z","2026-07-20T11:48:20Z","2026-07-20T11:48:21Z","2026-07-20T11:48:22Z","2026-07-20T11:48:23Z","2026-07-20T11:48:24Z","2026-07-20T11:48:25Z","2026-07-20T11:48:26Z","2026-07-20T11:48:27Z","2026-07-20T11:48:28Z","2026-07-20T11:48:29Z","2026-07-20T11:48:30Z","2026-07-20T11:48:31Z","2026-07-20T11:48:32Z","2026-07-20T11:48:33Z","2026-07-20T11:48:34Z","2026-07-20T11:48:35Z","2026-07-20T11:48:36Z","2026-07-20T11:48:37Z","2026-07-20T11:48:38Z","2026-07-20T11:48:39Z","2026-07-20T11:48:40Z","2026-07-20T11:48:41Z","2026-07-20T11:48:42Z","2026-07-20T11:48:43Z","2026-07-20T11:48:44Z","2026-07-20T11:48:45Z","2026-07-20T11:48:46Z","2026-07-20T11:48:47Z","2026-07-20T11:48:48Z","2026-07-20T11:48:49Z","2026-07-20T11:48:50Z","2026-07-20T11:48:51Z","2026-07-20T11:48:52Z","2026-07-20T11:48:53Z","2026-07-20T11:48:54Z","2026-07-20T11:48:55Z","2026-07-20T11:48:56Z","2026-07-20T11:48:57Z","2026-07-20T11:48:58Z","2026-07-20T11:48:59Z","2026-07-20T11:49:00Z","2026-07-20T11:49:01Z","2026-07-20T11:49:02Z","2026-07-20T11:49:03Z","2026-07-20T11:49:04Z","2026-07-20T11:49:05Z","2026-07-20T11:49:06Z","2026-07-20T11:49:07Z","2026-07-20T11:49:08Z","2026-07-20T11:49:09Z","2026-07-20T11:49:10Z","2026-07-20T11:49:11Z","2026-07-20T11:49:12Z","2026-07-20T11:49:13Z","2026-07-20T11:49:14Z","2026-07-20T11:49:15Z","2026-07-20T11:49:16Z","2026-07-20T11:49:17Z","2026-07-20T11:49:18Z","2026-07-20T11:49:19Z","2026-07-20T11:49:20Z","2026-07-20T11:49:21Z","2026-07-20T11:49:22Z","2026-07-20T11:49:23Z","2026-07-20T11:49:24Z","2026-07-20T11:49:25Z","2026-07-20T11:49:26Z","2026-07-20T11:49:27Z","2026-07-20T11:49:28Z","2026-07-20T11:49:29Z","2026-07-20T11:49:30Z","2026-07-20T11:49:31Z","2026-07-20T11:49:32Z","2026-07-20T11:49:33Z","2026-07-20T11:49:34Z","2026-07-20T11:49:35Z","2026-07-20T11:49:36Z","2026-07-20T11:49:37Z","2026-07-20T11:49:38Z","2026-07-20T11:49:39Z","2026-07-20T11:49:40Z","2026-07-20T11:49:41Z","2026-07-20T11:49:42Z","2026-07-20T11:49:43Z","2026-07-20T11:49:44Z","2026-07-20T11:49:45Z","2026-07-20T11:49:46Z","2026-07-20T11:49:47Z","2026-07-20T11:49:47Z","2026-07-20T11:49:48Z","2026-07-20T11:49:49Z","2026-07-20T11:49:50Z","2026-07-20T11:49:51Z","2026-07-20T11:49:52Z","2026-07-20T11:49:53Z","2026-07-20T11:49:54Z","2026-07-20T11:49:55Z","2026-07-20T11:49:56Z","2026-07-20T11:49:57Z","2026-07-20T11:49:58Z","2026-07-20T11:49:59Z","2026-07-20T11:50:00Z","2026-07-20T11:50:01Z","2026-07-20T11:50:02Z","2026-07-20T11:50:03Z","2026-07-20T11:50:04Z","2026-07-20T11:50:05Z","2026-07-20T11:50:06Z","2026-07-20T11:50:07Z","2026-07-20T11:50:08Z","2026-07-20T11:50:09Z","2026-07-20T11:50:10Z","2026-07-20T11:50:11Z","2026-07-20T11:50:12Z","2026-07-20T11:50:13Z","2026-07-20T11:50:14Z","2026-07-20T11:50:15Z","2026-07-20T11:50:16Z","2026-07-20T11:50:17Z","2026-07-20T11:50:18Z","2026-07-20T11:50:19Z","2026-07-20T11:50:20Z","2026-07-20T11:50:21Z","2026-07-20T11:50:22Z","2026-07-20T11:50:24Z","2026-07-20T11:50:25Z","2026-07-20T11:50:26Z","2026-07-20T11:50:27Z","2026-07-20T11:50:28Z","2026-07-20T11:50:29Z","2026-07-20T11:50:30Z","2026-07-20T11:50:31Z","2026-07-20T11:50:32Z","2026-07-20T11:50:33Z","2026-07-20T11:50:34Z","2026-07-20T11:50:35Z","2026-07-20T11:50:36Z","2026-07-20T11:50:37Z","2026-07-20T11:50:38Z","2026-07-20T11:50:39Z","2026-07-20T11:50:40Z","2026-07-20T11:50:41Z","2026-07-20T11:50:42Z","2026-07-20T11:50:43Z","2026-07-20T11:50:44Z","2026-07-20T11:50:45Z","2026-07-20T11:50:46Z","2026-07-20T11:50:47Z","2026-07-20T11:50:48Z","2026-07-20T11:50:49Z","2026-07-20T11:50:50Z","2026-07-20T11:50:51Z","2026-07-20T11:50:52Z","2026-07-20T11:50:53Z","2026-07-20T11:50:54Z","2026-07-20T11:50:55Z","2026-07-20T11:50:56Z","2026-07-20T11:50:57Z","2026-07-20T11:50:58Z","2026-07-20T11:50:59Z","2026-07-20T11:51:00Z","2026-07-20T11:51:01Z","2026-07-20T11:51:02Z","2026-07-20T11:51:03Z","2026-07-20T11:51:04Z","2026-07-20T11:51:05Z","2026-07-20T11:51:06Z","2026-07-20T11:51:07Z","2026-07-20T11:51:08Z","2026-07-20T11:51:09Z","2026-07-20T11:51:10Z","2026-07-20T11:51:11Z","2026-07-20T11:51:12Z","2026-07-20T11:51:13Z","2026-07-20T11:51:14Z","2026-07-20T11:51:15Z","2026-07-20T11:51:16Z","2026-07-20T11:51:17Z","2026-07-20T11:51:18Z","2026-07-20T11:51:19Z","2026-07-20T11:51:20Z","2026-07-20T11:51:21Z","2026-07-20T11:51:22Z","2026-07-20T11:51:23Z","2026-07-20T11:51:24Z","2026-07-20T11:51:25Z","2026-07-20T11:51:26Z","2026-07-20T11:51:27Z","2026-07-20T11:51:28Z","2026-07-20T11:51:29Z","2026-07-20T11:51:30Z","2026-07-20T11:51:31Z","2026-07-20T11:51:32Z","2026-07-20T11:51:33Z","2026-07-20T11:51:34Z","2026-07-20T11:51:35Z","2026-07-20T11:51:36Z","2026-07-20T11:51:37Z","2026-07-20T11:51:38Z","2026-07-20T11:51:39Z","2026-07-20T11:51:39Z","2026-07-20T11:51:40Z","2026-07-20T11:51:41Z","2026-07-20T11:51:42Z","2026-07-20T11:51:43Z","2026-07-20T11:51:44Z","2026-07-20T11:51:45Z","2026-07-20T11:51:46Z","2026-07-20T11:51:47Z","2026-07-20T11:51:48Z","2026-07-20T11:51:49Z","2026-07-20T11:51:50Z","2026-07-20T11:51:51Z","2026-07-20T11:51:52Z","2026-07-20T11:51:53Z","2026-07-20T11:51:54Z","2026-07-20T11:51:55Z","2026-07-20T11:51:56Z","2026-07-20T11:51:57Z","2026-07-20T11:51:58Z","2026-07-20T11:51:59Z","2026-07-20T11:52:00Z","2026-07-20T11:52:01Z","2026-07-20T11:52:02Z","2026-07-20T11:52:03Z","2026-07-20T11:52:04Z","2026-07-20T11:52:05Z","2026-07-20T11:52:06Z","2026-07-20T11:52:07Z","2026-07-20T11:52:08Z","2026-07-20T11:52:09Z","2026-07-20T11:52:10Z","2026-07-20T11:52:11Z","2026-07-20T11:52:12Z","2026-07-20T11:52:13Z","2026-07-20T11:52:14Z","2026-07-20T11:52:15Z","2026-07-20T11:52:16Z","2026-07-20T11:52:17Z","2026-07-20T11:52:18Z","2026-07-20T11:52:19Z","2026-07-20T11:52:20Z","2026-07-20T11:52:21Z","2026-07-20T11:52:22Z","2026-07-20T11:52:23Z","2026-07-20T11:52:24Z","2026-07-20T11:52:25Z","2026-07-20T11:52:26Z","2026-07-20T11:52:27Z","2026-07-20T11:52:28Z","2026-07-20T11:52:30Z","2026-07-20T11:52:31Z","2026-07-20T11:52:32Z","2026-07-20T11:52:33Z","2026-07-20T11:52:34Z","2026-07-20T11:52:35Z","2026-07-20T11:52:36Z","2026-07-20T11:52:37Z","2026-07-20T11:52:38Z","2026-07-20T11:52:39Z","2026-07-20T11:52:40Z","2026-07-20T11:52:41Z","2026-07-20T11:52:42Z","2026-07-20T11:52:43Z","2026-07-20T11:52:44Z","2026-07-20T11:52:45Z","2026-07-20T11:52:46Z","2026-07-20T11:52:47Z","2026-07-20T11:52:48Z","2026-07-20T11:52:49Z","2026-07-20T11:52:50Z","2026-07-20T11:52:51Z","2026-07-20T11:52:52Z","2026-07-20T11:52:53Z","2026-07-20T11:52:54Z","2026-07-20T11:52:55Z","2026-07-20T11:52:56Z","2026-07-20T11:52:57Z","2026-07-20T11:52:58Z","2026-07-20T11:52:59Z","2026-07-20T11:53:00Z","2026-07-20T11:53:01Z","2026-07-20T11:53:02Z","2026-07-20T11:53:03Z","2026-07-20T11:53:04Z","2026-07-20T11:53:05Z","2026-07-20T11:53:06Z","2026-07-20T11:53:07Z","2026-07-20T11:53:08Z","2026-07-20T11:53:09Z","2026-07-20T11:53:10Z","2026-07-20T11:53:11Z","2026-07-20T11:53:12Z","2026-07-20T11:53:13Z","2026-07-20T11:53:14Z","2026-07-20T11:53:15Z","2026-07-20T11:53:16Z","2026-07-20T11:53:17Z","2026-07-20T11:53:18Z","2026-07-20T11:53:19Z","2026-07-20T11:53:20Z","2026-07-20T11:53:21Z","2026-07-20T11:53:22Z","2026-07-20T11:53:23Z","2026-07-20T11:53:24Z","2026-07-20T11:53:25Z","2026-07-20T11:53:26Z","2026-07-20T11:53:27Z","2026-07-20T11:53:28Z","2026-07-20T11:53:29Z","2026-07-20T11:53:30Z","2026-07-20T11:53:31Z","2026-07-20T11:53:32Z","2026-07-20T11:53:33Z","2026-07-20T11:53:34Z","2026-07-20T11:53:35Z","2026-07-20T11:53:36Z","2026-07-20T11:53:37Z","2026-07-20T11:53:38Z","2026-07-20T11:53:39Z","2026-07-20T11:53:40Z","2026-07-20T11:53:41Z","2026-07-20T11:53:42Z","2026-07-20T11:53:43Z","2026-07-20T11:53:44Z","2026-07-20T11:53:45Z","2026-07-20T11:53:46Z","2026-07-20T11:53:47Z","2026-07-20T11:53:48Z","2026-07-20T11:53:49Z","2026-07-20T11:53:50Z","2026-07-20T11:53:51Z","2026-07-20T11:53:52Z","2026-07-20T11:53:53Z","2026-07-20T11:53:54Z","2026-07-20T11:53:55Z","2026-07-20T11:53:56Z","2026-07-20T11:53:57Z","2026-07-20T11:53:58Z","2026-07-20T11:53:59Z","2026-07-20T11:54:00Z","2026-07-20T11:54:01Z","2026-07-20T11:54:01Z","2026-07-20T11:54:02Z","2026-07-20T11:54:03Z","2026-07-20T11:54:04Z","2026-07-20T11:54:05Z","2026-07-20T11:54:06Z","2026-07-20T11:54:07Z","2026-07-20T11:54:08Z","2026-07-20T11:54:09Z","2026-07-20T11:54:10Z","2026-07-20T11:54:11Z","2026-07-20T11:54:12Z","2026-07-20T11:54:13Z","2026-07-20T11:54:14Z","2026-07-20T11:54:15Z","2026-07-20T11:54:16Z","2026-07-20T11:54:17Z","2026-07-20T11:54:18Z","2026-07-20T11:54:19Z","2026-07-20T11:54:20Z","2026-07-20T11:54:21Z","2026-07-20T11:54:22Z","2026-07-20T11:54:23Z","2026-07-20T11:54:24Z","2026-07-20T11:54:25Z","2026-07-20T11:54:26Z","2026-07-20T11:54:27Z","2026-07-20T11:54:28Z","2026-07-20T11:54:29Z","2026-07-20T11:54:30Z","2026-07-20T11:54:31Z","2026-07-20T11:54:32Z","2026-07-20T11:54:33Z","2026-07-20T11:54:34Z","2026-07-20T11:54:36Z","2026-07-20T11:54:37Z","2026-07-20T11:54:38Z","2026-07-20T11:54:39Z","2026-07-20T11:54:40Z","2026-07-20T11:54:41Z","2026-07-20T11:54:42Z","2026-07-20T11:54:43Z","2026-07-20T11:54:44Z","2026-07-20T11:54:45Z","2026-07-20T11:54:46Z","2026-07-20T11:54:47Z","2026-07-20T11:54:48Z","2026-07-20T11:54:49Z","2026-07-20T11:54:50Z","2026-07-20T11:54:51Z","2026-07-20T11:54:52Z","2026-07-20T11:54:53Z","2026-07-20T11:54:54Z","2026-07-20T11:54:55Z","2026-07-20T11:54:56Z","2026-07-20T11:54:57Z","2026-07-20T11:54:58Z","2026-07-20T11:54:59Z","2026-07-20T11:55:00Z","2026-07-20T11:55:01Z","2026-07-20T11:55:02Z","2026-07-20T11:55:03Z","2026-07-20T11:55:04Z","2026-07-20T11:55:05Z","2026-07-20T11:55:06Z","2026-07-20T11:55:07Z","2026-07-20T11:55:08Z","2026-07-20T11:55:09Z","2026-07-20T11:55:10Z","2026-07-20T11:55:11Z","2026-07-20T11:55:12Z","2026-07-20T11:55:13Z","2026-07-20T11:55:14Z","2026-07-20T11:55:15Z","2026-07-20T11:55:16Z","2026-07-20T11:55:17Z","2026-07-20T11:55:18Z","2026-07-20T11:55:19Z","2026-07-20T11:55:20Z","2026-07-20T11:55:21Z","2026-07-20T11:55:22Z","2026-07-20T11:55:23Z","2026-07-20T11:55:24Z","2026-07-20T11:55:25Z","2026-07-20T11:55:26Z","2026-07-20T11:55:27Z","2026-07-20T11:55:28Z","2026-07-20T11:55:29Z","2026-07-20T11:55:30Z","2026-07-20T11:55:31Z","2026-07-20T11:55:32Z","2026-07-20T11:55:33Z","2026-07-20T11:55:34Z","2026-07-20T11:55:35Z","2026-07-20T11:55:36Z","2026-07-20T11:55:37Z","2026-07-20T11:55:38Z","2026-07-20T11:55:39Z","2026-07-20T11:55:40Z","2026-07-20T11:55:41Z","2026-07-20T11:55:42Z","2026-07-20T11:55:43Z","2026-07-20T11:55:44Z","2026-07-20T11:55:45Z","2026-07-20T11:55:46Z","2026-07-20T11:55:47Z","2026-07-20T11:55:48Z","2026-07-20T11:55:49Z","2026-07-20T11:55:50Z","2026-07-20T11:55:51Z","2026-07-20T11:55:52Z","2026-07-20T11:55:53Z","2026-07-20T11:55:53Z","2026-07-20T11:55:54Z","2026-07-20T11:55:55Z","2026-07-20T11:55:56Z","2026-07-20T11:55:57Z","2026-07-20T11:55:58Z","2026-07-20T11:55:59Z","2026-07-20T11:56:00Z","2026-07-20T11:56:01Z","2026-07-20T11:56:02Z","2026-07-20T11:56:03Z","2026-07-20T11:56:04Z","2026-07-20T11:56:05Z","2026-07-20T11:56:06Z","2026-07-20T11:56:07Z","2026-07-20T11:56:08Z","2026-07-20T11:56:09Z","2026-07-20T11:56:10Z","2026-07-20T11:56:11Z","2026-07-20T11:56:12Z","2026-07-20T11:56:13Z","2026-07-20T11:56:14Z","2026-07-20T11:56:15Z","2026-07-20T11:56:16Z","2026-07-20T11:56:17Z","2026-07-20T11:56:18Z","2026-07-20T11:56:19Z","2026-07-20T11:56:20Z","2026-07-20T11:56:21Z","2026-07-20T11:56:22Z","2026-07-20T11:56:23Z","2026-07-20T11:56:24Z","2026-07-20T11:56:25Z","2026-07-20T11:56:26Z","2026-07-20T11:56:27Z","2026-07-20T11:56:28Z","2026-07-20T11:56:29Z","2026-07-20T11:56:30Z","2026-07-20T11:56:31Z","2026-07-20T11:56:32Z","2026-07-20T11:56:33Z","2026-07-20T11:56:34Z","2026-07-20T11:56:35Z","2026-07-20T11:56:36Z","2026-07-20T11:56:37Z","2026-07-20T11:56:38Z","2026-07-20T11:56:39Z","2026-07-20T11:56:40Z","2026-07-20T11:56:42Z","2026-07-20T11:56:43Z","2026-07-20T11:56:44Z","2026-07-20T11:56:45Z","2026-07-20T11:56:46Z","2026-07-20T11:56:47Z","2026-07-20T11:56:48Z","2026-07-20T11:56:49Z","2026-07-20T11:56:50Z","2026-07-20T11:56:51Z","2026-07-20T11:56:52Z","2026-07-20T11:56:53Z","2026-07-20T11:56:54Z","2026-07-20T11:56:55Z","2026-07-20T11:56:56Z","2026-07-20T11:56:57Z","2026-07-20T11:56:58Z","2026-07-20T11:56:59Z","2026-07-20T11:57:00Z","2026-07-20T11:57:01Z","2026-07-20T11:57:02Z","2026-07-20T11:57:03Z","2026-07-20T11:57:04Z","2026-07-20T11:57:05Z","2026-07-20T11:57:06Z","2026-07-20T11:57:07Z","2026-07-20T11:57:08Z","2026-07-20T11:57:09Z","2026-07-20T11:57:10Z","2026-07-20T11:57:11Z","2026-07-20T11:57:12Z","2026-07-20T11:57:13Z","2026-07-20T11:57:14Z","2026-07-20T11:57:15Z","2026-07-20T11:57:16Z","2026-07-20T11:57:17Z","2026-07-20T11:57:18Z","2026-07-20T11:57:19Z","2026-07-20T11:57:20Z","2026-07-20T11:57:21Z","2026-07-20T11:57:22Z","2026-07-20T11:57:23Z","2026-07-20T11:57:24Z","2026-07-20T11:57:25Z","2026-07-20T11:57:26Z","2026-07-20T11:57:27Z","2026-07-20T11:57:28Z","2026-07-20T11:57:29Z","2026-07-20T11:57:30Z","2026-07-20T11:57:31Z","2026-07-20T11:57:32Z","2026-07-20T11:57:33Z","2026-07-20T11:57:34Z","2026-07-20T11:57:35Z","2026-07-20T11:57:36Z","2026-07-20T11:57:37Z","2026-07-20T11:57:38Z","2026-07-20T11:57:39Z","2026-07-20T11:57:40Z","2026-07-20T11:57:41Z","2026-07-20T11:57:41Z","2026-07-20T11:57:42Z","2026-07-20T11:57:43Z","2026-07-20T11:57:44Z","2026-07-20T11:57:45Z","2026-07-20T11:57:46Z","2026-07-20T11:57:47Z","2026-07-20T11:57:48Z","2026-07-20T11:57:49Z","2026-07-20T11:57:50Z","2026-07-20T11:57:51Z","2026-07-20T11:57:52Z","2026-07-20T11:57:53Z","2026-07-20T11:57:54Z","2026-07-20T11:57:55Z","2026-07-20T11:57:56Z","2026-07-20T11:57:57Z","2026-07-20T11:57:58Z","2026-07-20T11:57:59Z","2026-07-20T11:58:00Z","2026-07-20T11:58:01Z","2026-07-20T11:58:02Z","2026-07-20T11:58:03Z","2026-07-20T11:58:04Z","2026-07-20T11:58:05Z","2026-07-20T11:58:06Z","2026-07-20T11:58:07Z","2026-07-20T11:58:08Z","2026-07-20T11:58:09Z","2026-07-20T11:58:10Z","2026-07-20T11:58:11Z","2026-07-20T11:58:12Z","2026-07-20T11:58:13Z","2026-07-20T11:58:14Z","2026-07-20T11:58:15Z","2026-07-20T11:58:16Z","2026-07-20T11:58:17Z","2026-07-20T11:58:18Z","2026-07-20T11:58:19Z","2026-07-20T11:58:20Z","2026-07-20T11:58:21Z","2026-07-20T11:58:22Z","2026-07-20T11:58:23Z","2026-07-20T11:58:24Z","2026-07-20T11:58:25Z","2026-07-20T11:58:26Z","2026-07-20T11:58:27Z","2026-07-20T11:58:28Z","2026-07-20T11:58:29Z","2026-07-20T11:58:30Z","2026-07-20T11:58:31Z","2026-07-20T11:58:32Z","2026-07-20T11:58:33Z","2026-07-20T11:58:34Z","2026-07-20T11:58:35Z","2026-07-20T11:58:36Z","2026-07-20T11:58:37Z","2026-07-20T11:58:38Z","2026-07-20T11:58:39Z","2026-07-20T11:58:40Z","2026-07-20T11:58:41Z","2026-07-20T11:58:42Z","2026-07-20T11:58:43Z","2026-07-20T11:58:44Z","2026-07-20T11:58:45Z","2026-07-20T11:58:46Z","2026-07-20T11:58:48Z","2026-07-20T11:58:49Z","2026-07-20T11:58:50Z","2026-07-20T11:58:51Z","2026-07-20T11:58:52Z","2026-07-20T11:58:53Z","2026-07-20T11:58:54Z","2026-07-20T11:58:55Z","2026-07-20T11:58:56Z","2026-07-20T11:58:57Z","2026-07-20T11:58:58Z","2026-07-20T11:58:59Z","2026-07-20T11:59:00Z","2026-07-20T11:59:01Z","2026-07-20T11:59:02Z","2026-07-20T11:59:03Z","2026-07-20T11:59:04Z","2026-07-20T11:59:05Z","2026-07-20T11:59:06Z","2026-07-20T11:59:07Z","2026-07-20T11:59:08Z","2026-07-20T11:59:09Z","2026-07-20T11:59:10Z","2026-07-20T11:59:11Z","2026-07-20T11:59:12Z","2026-07-20T11:59:13Z","2026-07-20T11:59:14Z","2026-07-20T11:59:15Z","2026-07-20T11:59:16Z","2026-07-20T11:59:17Z","2026-07-20T11:59:18Z","2026-07-20T11:59:19Z","2026-07-20T11:59:20Z","2026-07-20T11:59:21Z","2026-07-20T11:59:22Z","2026-07-20T11:59:23Z","2026-07-20T11:59:24Z","2026-07-20T11:59:25Z","2026-07-20T11:59:26Z","2026-07-20T11:59:27Z","2026-07-20T11:59:28Z","2026-07-20T11:59:29Z","2026-07-20T11:59:30Z","2026-07-20T11:59:31Z","2026-07-20T11:59:32Z","2026-07-20T11:59:33Z","2026-07-20T11:59:34Z","2026-07-20T11:59:35Z","2026-07-20T11:59:36Z","2026-07-20T11:59:37Z","2026-07-20T11:59:38Z","2026-07-20T11:59:39Z","2026-07-20T11:59:40Z","2026-07-20T11:59:41Z","2026-07-20T11:59:42Z","2026-07-20T11:59:43Z","2026-07-20T11:59:44Z","2026-07-20T11:59:45Z","2026-07-20T11:59:46Z","2026-07-20T11:59:47Z","2026-07-20T11:59:48Z","2026-07-20T11:59:49Z","2026-07-20T11:59:50Z","2026-07-20T11:59:51Z","2026-07-20T11:59:52Z","2026-07-20T11:59:53Z","2026-07-20T11:59:54Z","2026-07-20T11:59:55Z","2026-07-20T11:59:56Z","2026-07-20T11:59:57Z","2026-07-20T11:59:58Z","2026-07-20T11:59:59Z","2026-07-20T12:00:00Z","2026-07-20T12:00:01Z","2026-07-20T12:00:02Z","2026-07-20T12:00:03Z","2026-07-20T12:00:04Z","2026-07-20T12:00:05Z","2026-07-20T12:00:06Z","2026-07-20T12:00:07Z","2026-07-20T12:00:08Z","2026-07-20T12:00:09Z","2026-07-20T12:00:10Z","2026-07-20T12:00:11Z","2026-07-20T12:00:12Z","2026-07-20T12:00:13Z","2026-07-20T12:00:14Z","2026-07-20T12:00:15Z","2026-07-20T12:00:16Z","2026-07-20T12:00:17Z","2026-07-20T12:00:18Z","2026-07-20T12:00:19Z","2026-07-20T12:00:20Z","2026-07-20T12:00:21Z","2026-07-20T12:00:22Z","2026-07-20T12:00:23Z","2026-07-20T12:00:24Z","2026-07-20T12:00:25Z","2026-07-20T12:00:26Z","2026-07-20T12:00:27Z","2026-07-20T12:00:28Z","2026-07-20T12:00:29Z","2026-07-20T12:00:30Z","2026-07-20T12:00:31Z","2026-07-20T12:00:32Z","2026-07-20T12:00:32Z","2026-07-20T12:00:33Z","2026-07-20T12:00:34Z","2026-07-20T12:00:35Z","2026-07-20T12:00:36Z","2026-07-20T12:00:37Z","2026-07-20T12:00:38Z","2026-07-20T12:00:39Z","2026-07-20T12:00:40Z","2026-07-20T12:00:41Z","2026-07-20T12:00:42Z","2026-07-20T12:00:43Z","2026-07-20T12:00:44Z","2026-07-20T12:00:45Z","2026-07-20T12:00:46Z","2026-07-20T12:00:47Z","2026-07-20T12:00:48Z","2026-07-20T12:00:49Z","2026-07-20T12:00:50Z","2026-07-20T12:00:51Z","2026-07-20T12:00:52Z","2026-07-20T12:00:54Z","2026-07-20T12:00:55Z","2026-07-20T12:00:56Z","2026-07-20T12:00:57Z","2026-07-20T12:00:58Z","2026-07-20T12:00:59Z","2026-07-20T12:01:00Z","2026-07-20T12:01:01Z","2026-07-20T12:01:02Z","2026-07-20T12:01:03Z","2026-07-20T12:01:04Z","2026-07-20T12:01:05Z","2026-07-20T12:01:06Z","2026-07-20T12:01:07Z","2026-07-20T12:01:08Z","2026-07-20T12:01:09Z","2026-07-20T12:01:10Z","2026-07-20T12:01:11Z","2026-07-20T12:01:12Z","2026-07-20T12:01:13Z","2026-07-20T12:01:14Z","2026-07-20T12:01:15Z","2026-07-20T12:01:16Z","2026-07-20T12:01:17Z","2026-07-20T12:01:18Z","2026-07-20T12:01:19Z","2026-07-20T12:01:20Z","2026-07-20T12:01:21Z","2026-07-20T12:01:22Z","2026-07-20T12:01:23Z","2026-07-20T12:01:24Z","2026-07-20T12:01:25Z","2026-07-20T12:01:26Z","2026-07-20T12:01:27Z","2026-07-20T12:01:28Z","2026-07-20T12:01:29Z","2026-07-20T12:01:30Z","2026-07-20T12:01:31Z","2026-07-20T12:01:32Z","2026-07-20T12:01:33Z","2026-07-20T12:01:34Z","2026-07-20T12:01:35Z","2026-07-20T12:01:36Z","2026-07-20T12:01:37Z","2026-07-20T12:01:38Z","2026-07-20T12:01:39Z","2026-07-20T12:01:40Z","2026-07-20T12:01:41Z","2026-07-20T12:01:42Z","2026-07-20T12:01:43Z","2026-07-20T12:01:44Z","2026-07-20T12:01:45Z","2026-07-20T12:01:46Z","2026-07-20T12:01:47Z","2026-07-20T12:01:48Z","2026-07-20T12:01:49Z","2026-07-20T12:01:50Z","2026-07-20T12:01:51Z","2026-07-20T12:01:52Z","2026-07-20T12:01:53Z","2026-07-20T12:01:54Z","2026-07-20T12:01:55Z","2026-07-20T12:01:56Z","2026-07-20T12:01:57Z","2026-07-20T12:01:58Z","2026-07-20T12:01:59Z","2026-07-20T12:02:00Z","2026-07-20T12:02:01Z","2026-07-20T12:02:02Z","2026-07-20T12:02:03Z","2026-07-20T12:02:04Z","2026-07-20T12:02:05Z","2026-07-20T12:02:06Z","2026-07-20T12:02:07Z","2026-07-20T12:02:08Z","2026-07-20T12:02:09Z","2026-07-20T12:02:10Z","2026-07-20T12:02:11Z","2026-07-20T12:02:12Z","2026-07-20T12:02:13Z","2026-07-20T12:02:14Z","2026-07-20T12:02:15Z","2026-07-20T12:02:16Z","2026-07-20T12:02:17Z","2026-07-20T12:02:18Z","2026-07-20T12:02:19Z","2026-07-20T12:02:20Z","2026-07-20T12:02:21Z","2026-07-20T12:02:22Z","2026-07-20T12:02:23Z","2026-07-20T12:02:24Z","2026-07-20T12:02:25Z","2026-07-20T12:02:26Z","2026-07-20T12:02:27Z","2026-07-20T12:02:28Z","2026-07-20T12:02:29Z","2026-07-20T12:02:30Z","2026-07-20T12:02:31Z","2026-07-20T12:02:32Z","2026-07-20T12:02:33Z","2026-07-20T12:02:34Z","2026-07-20T12:02:35Z","2026-07-20T12:02:36Z","2026-07-20T12:02:37Z","2026-07-20T12:02:38Z","2026-07-20T12:02:39Z","2026-07-20T12:02:40Z","2026-07-20T12:02:41Z","2026-07-20T12:02:42Z","2026-07-20T12:02:43Z","2026-07-20T12:02:44Z","2026-07-20T12:02:45Z","2026-07-20T12:02:46Z","2026-07-20T12:02:47Z","2026-07-20T12:02:48Z","2026-07-20T12:02:48Z","2026-07-20T12:02:49Z","2026-07-20T12:02:50Z","2026-07-20T12:02:51Z","2026-07-20T12:02:52Z","2026-07-20T12:02:53Z","2026-07-20T12:02:54Z","2026-07-20T12:02:55Z","2026-07-20T12:02:56Z","2026-07-20T12:02:57Z","2026-07-20T12:02:58Z","2026-07-20T12:03:00Z","2026-07-20T12:03:01Z","2026-07-20T12:03:02Z","2026-07-20T12:03:03Z","2026-07-20T12:03:04Z","2026-07-20T12:03:05Z","2026-07-20T12:03:06Z","2026-07-20T12:03:07Z","2026-07-20T12:03:08Z","2026-07-20T12:03:09Z","2026-07-20T12:03:10Z","2026-07-20T12:03:11Z","2026-07-20T12:03:12Z","2026-07-20T12:03:13Z","2026-07-20T12:03:14Z","2026-07-20T12:03:15Z","2026-07-20T12:03:16Z","2026-07-20T12:03:17Z","2026-07-20T12:03:18Z","2026-07-20T12:03:19Z","2026-07-20T12:03:20Z","2026-07-20T12:03:21Z","2026-07-20T12:03:22Z","2026-07-20T12:03:23Z","2026-07-20T12:03:24Z","2026-07-20T12:03:25Z","2026-07-20T12:03:26Z","2026-07-20T12:03:27Z","2026-07-20T12:03:28Z","2026-07-20T12:03:29Z","2026-07-20T12:03:30Z","2026-07-20T12:03:31Z","2026-07-20T12:03:32Z","2026-07-20T12:03:33Z","2026-07-20T12:03:34Z","2026-07-20T12:03:35Z","2026-07-20T12:03:36Z","2026-07-20T12:03:37Z","2026-07-20T12:03:38Z","2026-07-20T12:03:39Z","2026-07-20T12:03:40Z","2026-07-20T12:03:41Z","2026-07-20T12:03:42Z","2026-07-20T12:03:43Z","2026-07-20T12:03:44Z","2026-07-20T12:03:45Z","2026-07-20T12:03:46Z","2026-07-20T12:03:47Z","2026-07-20T12:03:48Z","2026-07-20T12:03:49Z","2026-07-20T12:03:50Z","2026-07-20T12:03:51Z","2026-07-20T12:03:52Z","2026-07-20T12:03:53Z","2026-07-20T12:03:54Z","2026-07-20T12:03:55Z","2026-07-20T12:03:56Z","2026-07-20T12:03:57Z","2026-07-20T12:03:58Z","2026-07-20T12:03:59Z","2026-07-20T12:04:00Z","2026-07-20T12:04:01Z","2026-07-20T12:04:02Z","2026-07-20T12:04:03Z","2026-07-20T12:04:04Z","2026-07-20T12:04:05Z","2026-07-20T12:04:06Z","2026-07-20T12:04:07Z","2026-07-20T12:04:08Z","2026-07-20T12:04:09Z","2026-07-20T12:04:10Z","2026-07-20T12:04:11Z","2026-07-20T12:04:12Z","2026-07-20T12:04:13Z","2026-07-20T12:04:14Z","2026-07-20T12:04:15Z","2026-07-20T12:04:16Z","2026-07-20T12:04:17Z","2026-07-20T12:04:18Z","2026-07-20T12:04:19Z","2026-07-20T12:04:20Z","2026-07-20T12:04:21Z","2026-07-20T12:04:22Z","2026-07-20T12:04:23Z","2026-07-20T12:04:24Z","2026-07-20T12:04:25Z","2026-07-20T12:04:26Z","2026-07-20T12:04:27Z","2026-07-20T12:04:28Z","2026-07-20T12:04:29Z","2026-07-20T12:04:30Z","2026-07-20T12:04:31Z","2026-07-20T12:04:32Z","2026-07-20T12:04:33Z","2026-07-20T12:04:34Z","2026-07-20T12:04:35Z","2026-07-20T12:04:36Z","2026-07-20T12:04:37Z","2026-07-20T12:04:38Z","2026-07-20T12:04:39Z","2026-07-20T12:04:40Z","2026-07-20T12:04:40Z","2026-07-20T12:04:41Z","2026-07-20T12:04:42Z","2026-07-20T12:04:43Z","2026-07-20T12:04:44Z","2026-07-20T12:04:45Z","2026-07-20T12:04:46Z","2026-07-20T12:04:47Z","2026-07-20T12:04:48Z","2026-07-20T12:04:49Z","2026-07-20T12:04:50Z","2026-07-20T12:04:51Z","2026-07-20T12:04:52Z","2026-07-20T12:04:53Z","2026-07-20T12:04:54Z","2026-07-20T12:04:55Z","2026-07-20T12:04:56Z","2026-07-20T12:04:57Z","2026-07-20T12:04:58Z","2026-07-20T12:04:59Z","2026-07-20T12:05:00Z","2026-07-20T12:05:01Z","2026-07-20T12:05:02Z","2026-07-20T12:05:03Z","2026-07-20T12:05:04Z","2026-07-20T12:05:06Z","2026-07-20T12:05:07Z","2026-07-20T12:05:08Z","2026-07-20T12:05:09Z","2026-07-20T12:05:10Z","2026-07-20T12:05:11Z","2026-07-20T12:05:12Z","2026-07-20T12:05:13Z","2026-07-20T12:05:14Z","2026-07-20T12:05:15Z","2026-07-20T12:05:16Z","2026-07-20T12:05:17Z","2026-07-20T12:05:18Z","2026-07-20T12:05:19Z","2026-07-20T12:05:20Z","2026-07-20T12:05:21Z","2026-07-20T12:05:22Z","2026-07-20T12:05:23Z","2026-07-20T12:05:24Z","2026-07-20T12:05:25Z","2026-07-20T12:05:26Z","2026-07-20T12:05:27Z","2026-07-20T12:05:28Z","2026-07-20T12:05:29Z","2026-07-20T12:05:30Z","2026-07-20T12:05:31Z","2026-07-20T12:05:32Z","2026-07-20T12:05:33Z","2026-07-20T12:05:34Z","2026-07-20T12:05:35Z","2026-07-20T12:05:36Z","2026-07-20T12:05:37Z","2026-07-20T12:05:38Z","2026-07-20T12:05:39Z","2026-07-20T12:05:40Z","2026-07-20T12:05:41Z","2026-07-20T12:05:42Z","2026-07-20T12:05:43Z","2026-07-20T12:05:44Z","2026-07-20T12:05:45Z","2026-07-20T12:05:46Z","2026-07-20T12:05:47Z","2026-07-20T12:05:48Z","2026-07-20T12:05:49Z","2026-07-20T12:05:50Z","2026-07-20T12:05:51Z","2026-07-20T12:05:52Z","2026-07-20T12:05:53Z","2026-07-20T12:05:54Z","2026-07-20T12:05:55Z","2026-07-20T12:05:56Z","2026-07-20T12:05:57Z","2026-07-20T12:05:58Z","2026-07-20T12:05:59Z","2026-07-20T12:06:00Z","2026-07-20T12:06:01Z","2026-07-20T12:06:02Z","2026-07-20T12:06:03Z","2026-07-20T12:06:04Z","2026-07-20T12:06:05Z","2026-07-20T12:06:06Z","2026-07-20T12:06:07Z","2026-07-20T12:06:08Z","2026-07-20T12:06:09Z","2026-07-20T12:06:10Z","2026-07-20T12:06:11Z","2026-07-20T12:06:12Z","2026-07-20T12:06:13Z","2026-07-20T12:06:14Z","2026-07-20T12:06:15Z","2026-07-20T12:06:16Z","2026-07-20T12:06:17Z","2026-07-20T12:06:18Z","2026-07-20T12:06:19Z","2026-07-20T12:06:20Z","2026-07-20T12:06:21Z","2026-07-20T12:06:22Z","2026-07-20T12:06:23Z","2026-07-20T12:06:24Z","2026-07-20T12:06:25Z","2026-07-20T12:06:26Z","2026-07-20T12:06:27Z","2026-07-20T12:06:28Z","2026-07-20T12:06:29Z","2026-07-20T12:06:30Z","2026-07-20T12:06:31Z","2026-07-20T12:06:32Z","2026-07-20T12:06:33Z","2026-07-20T12:06:34Z","2026-07-20T12:06:35Z","2026-07-20T12:06:36Z","2026-07-20T12:06:37Z","2026-07-20T12:06:38Z","2026-07-20T12:06:39Z","2026-07-20T12:06:40Z","2026-07-20T12:06:41Z","2026-07-20T12:06:42Z","2026-07-20T12:06:43Z","2026-07-20T12:06:44Z","2026-07-20T12:06:45Z","2026-07-20T12:06:46Z","2026-07-20T12:06:47Z","2026-07-20T12:06:48Z","2026-07-20T12:06:49Z","2026-07-20T12:06:50Z","2026-07-20T12:06:51Z","2026-07-20T12:06:52Z","2026-07-20T12:06:53Z","2026-07-20T12:06:54Z","2026-07-20T12:06:55Z","2026-07-20T12:06:56Z","2026-07-20T12:06:57Z","2026-07-20T12:06:58Z","2026-07-20T12:06:59Z","2026-07-20T12:07:00Z","2026-07-20T12:07:01Z","2026-07-20T12:07:02Z","2026-07-20T12:07:03Z","2026-07-20T12:07:04Z","2026-07-20T12:07:05Z","2026-07-20T12:07:06Z","2026-07-20T12:07:07Z","2026-07-20T12:07:08Z","2026-07-20T12:07:09Z","2026-07-20T12:07:10Z","2026-07-20T12:07:11Z","2026-07-20T12:07:12Z","2026-07-20T12:07:13Z","2026-07-20T12:07:14Z","2026-07-20T12:07:15Z","2026-07-20T12:07:16Z","2026-07-20T12:07:17Z","2026-07-20T12:07:18Z","2026-07-20T12:07:19Z","2026-07-20T12:07:20Z","2026-07-20T12:07:21Z","2026-07-20T12:07:22Z","2026-07-20T12:07:23Z","2026-07-20T12:07:24Z","2026-07-20T12:07:25Z","2026-07-20T12:07:26Z","2026-07-20T12:07:27Z","2026-07-20T12:07:28Z","2026-07-20T12:07:29Z","2026-07-20T12:07:30Z","2026-07-20T12:07:31Z","2026-07-20T12:07:32Z","2026-07-20T12:07:33Z","2026-07-20T12:07:34Z","2026-07-20T12:07:35Z","2026-07-20T12:07:36Z","2026-07-20T12:07:37Z","2026-07-20T12:07:38Z","2026-07-20T12:07:39Z","2026-07-20T12:07:40Z","2026-07-20T12:07:41Z","2026-07-20T12:07:42Z","2026-07-20T12:07:43Z","2026-07-20T12:07:44Z","2026-07-20T12:07:45Z","2026-07-20T12:07:46Z","2026-07-20T12:07:47Z","2026-07-20T12:07:48Z","2026-07-20T12:07:49Z","2026-07-20T12:07:50Z","2026-07-20T12:07:51Z","2026-07-20T12:07:52Z","2026-07-20T12:07:53Z","2026-07-20T12:07:54Z","2026-07-20T12:07:55Z","2026-07-20T12:07:56Z","2026-07-20T12:07:57Z","2026-07-20T12:07:58Z","2026-07-20T12:07:59Z","2026-07-20T12:08:00Z","2026-07-20T12:08:01Z","2026-07-20T12:08:02Z","2026-07-20T12:08:03Z","2026-07-20T12:08:04Z","2026-07-20T12:08:05Z","2026-07-20T12:08:06Z","2026-07-20T12:08:07Z","2026-07-20T12:08:08Z","2026-07-20T12:08:09Z","2026-07-20T12:08:10Z","2026-07-20T12:08:11Z","2026-07-20T12:08:12Z","2026-07-20T12:08:13Z","2026-07-20T12:08:14Z","2026-07-20T12:08:15Z","2026-07-20T12:08:16Z","2026-07-20T12:08:17Z","2026-07-20T12:08:18Z","2026-07-20T12:08:19Z","2026-07-20T12:08:20Z","2026-07-20T12:08:21Z","2026-07-20T12:08:22Z","2026-07-20T12:08:23Z","2026-07-20T12:08:24Z","2026-07-20T12:08:25Z","2026-07-20T12:08:26Z","2026-07-20T12:08:27Z","2026-07-20T12:08:28Z","2026-07-20T12:08:29Z","2026-07-20T12:08:30Z","2026-07-20T12:08:31Z","2026-07-20T12:08:32Z","2026-07-20T12:08:33Z","2026-07-20T12:08:34Z","2026-07-20T12:08:35Z","2026-07-20T12:08:36Z","2026-07-20T12:08:37Z","2026-07-20T12:08:38Z","2026-07-20T12:08:39Z","2026-07-20T12:08:40Z","2026-07-20T12:08:41Z","2026-07-20T12:08:42Z","2026-07-20T12:08:43Z","2026-07-20T12:08:44Z","2026-07-20T12:08:45Z","2026-07-20T12:08:46Z","2026-07-20T12:08:47Z","2026-07-20T12:08:48Z","2026-07-20T12:08:49Z","2026-07-20T12:08:50Z","2026-07-20T12:08:51Z","2026-07-20T12:08:52Z","2026-07-20T12:08:53Z","2026-07-20T12:08:54Z","2026-07-20T12:08:55Z","2026-07-20T12:08:56Z","2026-07-20T12:08:57Z","2026-07-20T12:08:58Z","2026-07-20T12:08:59Z","2026-07-20T12:09:00Z","2026-07-20T12:09:01Z","2026-07-20T12:09:02Z","2026-07-20T12:09:03Z","2026-07-20T12:09:04Z","2026-07-20T12:09:05Z","2026-07-20T12:09:06Z","2026-07-20T12:09:07Z","2026-07-20T12:09:08Z","2026-07-20T12:09:09Z","2026-07-20T12:09:10Z","2026-07-20T12:09:11Z","2026-07-20T12:09:12Z","2026-07-20T12:09:13Z","2026-07-20T12:09:14Z","2026-07-20T12:09:15Z","2026-07-20T12:09:16Z","2026-07-20T12:09:17Z","2026-07-20T12:09:18Z","2026-07-20T12:09:19Z","2026-07-20T12:09:20Z","2026-07-20T12:09:21Z","2026-07-20T12:09:22Z","2026-07-20T12:09:23Z","2026-07-20T12:09:24Z","2026-07-20T12:09:25Z","2026-07-20T12:09:26Z","2026-07-20T12:09:27Z","2026-07-20T12:09:28Z","2026-07-20T12:09:29Z","2026-07-20T12:09:30Z","2026-07-20T12:09:31Z","2026-07-20T12:09:32Z","2026-07-20T12:09:33Z","2026-07-20T12:09:34Z","2026-07-20T12:09:35Z","2026-07-20T12:09:36Z","2026-07-20T12:09:37Z","2026-07-20T12:09:38Z","2026-07-20T12:09:39Z","2026-07-20T12:09:40Z","2026-07-20T12:09:41Z","2026-07-20T12:09:42Z","2026-07-20T12:09:43Z","2026-07-20T12:09:44Z","2026-07-20T12:09:45Z","2026-07-20T12:09:46Z","2026-07-20T12:09:47Z","2026-07-20T12:09:48Z","2026-07-20T12:09:49Z","2026-07-20T12:09:50Z","2026-07-20T12:09:51Z","2026-07-20T12:09:52Z","2026-07-20T12:09:53Z","2026-07-20T12:09:54Z","2026-07-20T12:09:55Z","2026-07-20T12:09:56Z","2026-07-20T12:09:57Z","2026-07-20T12:09:58Z","2026-07-20T12:09:59Z","2026-07-20T12:10:00Z","2026-07-20T12:10:01Z","2026-07-20T12:10:02Z","2026-07-20T12:10:03Z","2026-07-20T12:10:04Z","2026-07-20T12:10:05Z","2026-07-20T12:10:06Z","2026-07-20T12:10:07Z","2026-07-20T12:10:08Z","2026-07-20T12:10:09Z","2026-07-20T12:10:10Z","2026-07-20T12:10:11Z","2026-07-20T12:10:12Z","2026-07-20T12:10:13Z","2026-07-20T12:10:14Z","2026-07-20T12:10:15Z","2026-07-20T12:10:16Z","2026-07-20T12:10:17Z","2026-07-20T12:10:18Z","2026-07-20T12:10:19Z","2026-07-20T12:10:20Z","2026-07-20T12:10:21Z","2026-07-20T12:10:22Z","2026-07-20T12:10:23Z","2026-07-20T12:10:24Z","2026-07-20T12:10:25Z","2026-07-20T12:10:26Z","2026-07-20T12:10:27Z","2026-07-20T12:10:28Z","2026-07-20T12:10:29Z","2026-07-20T12:10:30Z","2026-07-20T12:10:31Z","2026-07-20T12:10:32Z","2026-07-20T12:10:33Z","2026-07-20T12:10:34Z","2026-07-20T12:10:35Z","2026-07-20T12:10:36Z","2026-07-20T12:10:37Z","2026-07-20T12:10:38Z","2026-07-20T12:10:39Z","2026-07-20T12:10:40Z","2026-07-20T12:10:41Z","2026-07-20T12:10:42Z","2026-07-20T12:10:43Z","2026-07-20T12:10:44Z","2026-07-20T12:10:45Z","2026-07-20T12:10:46Z","2026-07-20T12:10:47Z","2026-07-20T12:10:48Z","2026-07-20T12:10:49Z","2026-07-20T12:10:50Z","2026-07-20T12:10:51Z","2026-07-20T12:10:52Z","2026-07-20T12:10:53Z","2026-07-20T12:10:54Z","2026-07-20T12:10:55Z","2026-07-20T12:10:56Z","2026-07-20T12:10:57Z","2026-07-20T12:10:58Z","2026-07-20T12:10:59Z","2026-07-20T12:11:00Z","2026-07-20T12:11:01Z","2026-07-20T12:11:02Z","2026-07-20T12:11:03Z","2026-07-20T12:11:04Z","2026-07-20T12:11:05Z","2026-07-20T12:11:06Z","2026-07-20T12:11:07Z","2026-07-20T12:11:08Z","2026-07-20T12:11:09Z","2026-07-20T12:11:10Z","2026-07-20T12:11:11Z","2026-07-20T12:11:12Z","2026-07-20T12:11:13Z","2026-07-20T12:11:14Z","2026-07-20T12:11:15Z","2026-07-20T12:11:16Z","2026-07-20T12:11:17Z","2026-07-20T12:11:18Z","2026-07-20T12:11:19Z","2026-07-20T12:11:20Z","2026-07-20T12:11:21Z","2026-07-20T12:11:22Z","2026-07-20T12:11:23Z","2026-07-20T12:11:24Z","2026-07-20T12:11:25Z","2026-07-20T12:11:26Z","2026-07-20T12:11:27Z","2026-07-20T12:11:28Z","2026-07-20T12:11:29Z","2026-07-20T12:11:30Z","2026-07-20T12:11:31Z","2026-07-20T12:11:32Z","2026-07-20T12:11:33Z","2026-07-20T12:11:34Z","2026-07-20T12:11:35Z","2026-07-20T12:11:36Z","2026-07-20T12:11:37Z","2026-07-20T12:11:38Z","2026-07-20T12:11:39Z","2026-07-20T12:11:40Z","2026-07-20T12:11:41Z","2026-07-20T12:11:42Z","2026-07-20T12:11:43Z","2026-07-20T12:11:44Z","2026-07-20T12:11:45Z","2026-07-20T12:11:46Z","2026-07-20T12:11:47Z","2026-07-20T12:11:48Z","2026-07-20T12:11:49Z","2026-07-20T12:11:50Z","2026-07-20T12:11:51Z","2026-07-20T12:11:52Z","2026-07-20T12:11:53Z","2026-07-20T12:11:54Z","2026-07-20T12:11:55Z","2026-07-20T12:11:56Z","2026-07-20T12:11:57Z","2026-07-20T12:11:58Z","2026-07-20T12:11:59Z","2026-07-20T12:12:00Z","2026-07-20T12:12:01Z","2026-07-20T12:12:02Z","2026-07-20T12:12:03Z","2026-07-20T12:12:04Z","2026-07-20T12:12:05Z","2026-07-20T12:12:06Z","2026-07-20T12:12:07Z","2026-07-20T12:12:08Z","2026-07-20T12:12:09Z","2026-07-20T12:12:10Z","2026-07-20T12:12:11Z","2026-07-20T12:12:12Z","2026-07-20T12:12:13Z","2026-07-20T12:12:14Z","2026-07-20T12:12:15Z","2026-07-20T12:12:16Z","2026-07-20T12:12:17Z","2026-07-20T12:12:18Z","2026-07-20T12:12:19Z","2026-07-20T12:12:20Z","2026-07-20T12:12:21Z","2026-07-20T12:12:22Z","2026-07-20T12:12:23Z","2026-07-20T12:12:24Z","2026-07-20T12:12:25Z","2026-07-20T12:12:26Z","2026-07-20T12:12:27Z","2026-07-20T12:12:28Z","2026-07-20T12:12:29Z","2026-07-20T12:12:30Z","2026-07-20T12:12:31Z","2026-07-20T12:12:32Z","2026-07-20T12:12:33Z","2026-07-20T12:12:34Z","2026-07-20T12:12:35Z","2026-07-20T12:12:36Z","2026-07-20T12:12:37Z","2026-07-20T12:12:38Z","2026-07-20T12:12:39Z","2026-07-20T12:12:40Z","2026-07-20T12:12:41Z","2026-07-20T12:12:42Z","2026-07-20T12:12:43Z","2026-07-20T12:12:44Z","2026-07-20T12:12:45Z","2026-07-20T12:12:46Z","2026-07-20T12:12:47Z","2026-07-20T12:12:48Z","2026-07-20T12:12:49Z","2026-07-20T12:12:50Z","2026-07-20T12:12:51Z","2026-07-20T12:12:52Z","2026-07-20T12:12:53Z","2026-07-20T12:12:54Z","2026-07-20T12:12:55Z","2026-07-20T12:12:56Z","2026-07-20T12:12:57Z","2026-07-20T12:12:58Z","2026-07-20T12:12:59Z","2026-07-20T12:13:00Z","2026-07-20T12:13:01Z","2026-07-20T12:13:02Z","2026-07-20T12:13:03Z","2026-07-20T12:13:04Z","2026-07-20T12:13:05Z","2026-07-20T12:13:06Z","2026-07-20T12:13:07Z","2026-07-20T12:13:08Z","2026-07-20T12:13:09Z","2026-07-20T12:13:10Z","2026-07-20T12:13:11Z","2026-07-20T12:13:12Z","2026-07-20T12:13:13Z","2026-07-20T12:13:14Z","2026-07-20T12:13:15Z","2026-07-20T12:13:16Z","2026-07-20T12:13:17Z","2026-07-20T12:13:18Z","2026-07-20T12:13:19Z","2026-07-20T12:13:20Z","2026-07-20T12:13:21Z","2026-07-20T12:13:22Z","2026-07-20T12:13:23Z","2026-07-20T12:13:24Z","2026-07-20T12:13:25Z","2026-07-20T12:13:26Z","2026-07-20T12:13:27Z","2026-07-20T12:13:28Z","2026-07-20T12:13:29Z","2026-07-20T12:13:30Z","2026-07-20T12:13:31Z","2026-07-20T12:13:32Z","2026-07-20T12:13:33Z","2026-07-20T12:13:34Z","2026-07-20T12:13:35Z","2026-07-20T12:13:36Z","2026-07-20T12:13:37Z","2026-07-20T12:13:38Z","2026-07-20T12:13:39Z","2026-07-20T12:13:40Z","2026-07-20T12:13:41Z","2026-07-20T12:13:42Z","2026-07-20T12:13:43Z","2026-07-20T12:13:44Z","2026-07-20T12:13:45Z","2026-07-20T12:13:46Z","2026-07-20T12:13:47Z","2026-07-20T12:13:48Z","2026-07-20T12:13:49Z","2026-07-20T12:13:50Z","2026-07-20T12:13:51Z","2026-07-20T12:13:52Z","2026-07-20T12:13:53Z","2026-07-20T12:13:54Z","2026-07-20T12:13:55Z","2026-07-20T12:13:56Z","2026-07-20T12:13:57Z","2026-07-20T12:13:58Z","2026-07-20T12:13:59Z","2026-07-20T12:14:00Z","2026-07-20T12:14:01Z","2026-07-20T12:14:02Z","2026-07-20T12:14:03Z","2026-07-20T12:14:04Z","2026-07-20T12:14:05Z","2026-07-20T12:14:06Z","2026-07-20T12:14:07Z","2026-07-20T12:14:08Z","2026-07-20T12:14:09Z","2026-07-20T12:14:10Z","2026-07-20T12:14:11Z","2026-07-20T12:14:12Z","2026-07-20T12:14:13Z","2026-07-20T12:14:14Z","2026-07-20T12:14:15Z","2026-07-20T12:14:16Z","2026-07-20T12:14:17Z","2026-07-20T12:14:18Z","2026-07-20T12:14:19Z","2026-07-20T12:14:20Z","2026-07-20T12:14:22Z","2026-07-20T12:14:24Z","2026-07-20T12:14:26Z","2026-07-20T12:14:28Z","2026-07-20T12:14:29Z","2026-07-20T12:14:30Z","2026-07-20T12:14:31Z","2026-07-20T12:14:32Z","2026-07-20T12:14:33Z","2026-07-20T12:14:34Z","2026-07-20T12:14:35Z","2026-07-20T12:14:36Z","2026-07-20T12:14:37Z","2026-07-20T12:14:38Z","2026-07-20T12:14:39Z","2026-07-20T12:14:40Z","2026-07-20T12:14:41Z","2026-07-20T12:14:42Z","2026-07-20T12:14:43Z","2026-07-20T12:14:44Z","2026-07-20T12:14:45Z","2026-07-20T12:14:46Z","2026-07-20T12:14:47Z","2026-07-20T12:14:48Z","2026-07-20T12:14:49Z","2026-07-20T12:14:50Z","2026-07-20T12:14:51Z","2026-07-20T12:14:52Z","2026-07-20T12:14:53Z","2026-07-20T12:14:54Z","2026-07-20T12:14:55Z","2026-07-20T12:14:56Z","2026-07-20T12:14:57Z","2026-07-20T12:14:58Z","2026-07-20T12:14:59Z","2026-07-20T12:15:00Z","2026-07-20T12:15:01Z","2026-07-20T12:15:02Z","2026-07-20T12:15:03Z","2026-07-20T12:15:04Z","2026-07-20T12:15:05Z","2026-07-20T12:15:06Z","2026-07-20T12:15:07Z","2026-07-20T12:15:08Z","2026-07-20T12:15:09Z","2026-07-20T12:15:10Z","2026-07-20T12:15:11Z","2026-07-20T12:15:12Z","2026-07-20T12:15:13Z","2026-07-20T12:15:14Z","2026-07-20T12:15:15Z","2026-07-20T12:15:16Z","2026-07-20T12:15:17Z","2026-07-20T12:15:18Z","2026-07-20T12:15:19Z","2026-07-20T12:15:20Z","2026-07-20T12:15:21Z","2026-07-20T12:15:22Z","2026-07-20T12:15:23Z","2026-07-20T12:15:24Z","2026-07-20T12:15:25Z","2026-07-20T12:15:26Z","2026-07-20T12:15:27Z","2026-07-20T12:15:28Z","2026-07-20T12:15:29Z","2026-07-20T12:15:30Z","2026-07-20T12:15:31Z","2026-07-20T12:15:32Z","2026-07-20T12:15:33Z","2026-07-20T12:15:34Z","2026-07-20T12:15:35Z","2026-07-20T12:15:36Z","2026-07-20T12:15:37Z","2026-07-20T12:15:38Z","2026-07-20T12:15:39Z","2026-07-20T12:15:40Z","2026-07-20T12:15:41Z","2026-07-20T12:15:42Z","2026-07-20T12:15:43Z","2026-07-20T12:15:44Z","2026-07-20T12:15:45Z","2026-07-20T12:15:46Z","2026-07-20T12:15:47Z","2026-07-20T12:15:48Z","2026-07-20T12:15:49Z","2026-07-20T12:15:50Z","2026-07-20T12:15:51Z","2026-07-20T12:15:52Z","2026-07-20T12:15:53Z","2026-07-20T12:15:54Z","2026-07-20T12:15:55Z","2026-07-20T12:15:56Z","2026-07-20T12:15:57Z","2026-07-20T12:15:58Z","2026-07-20T12:15:59Z","2026-07-20T12:16:00Z","2026-07-20T12:16:01Z","2026-07-20T12:16:02Z","2026-07-20T12:16:03Z","2026-07-20T12:16:04Z","2026-07-20T12:16:05Z","2026-07-20T12:16:06Z","2026-07-20T12:16:07Z","2026-07-20T12:16:08Z","2026-07-20T12:16:09Z","2026-07-20T12:16:10Z","2026-07-20T12:16:11Z","2026-07-20T12:16:12Z","2026-07-20T12:16:13Z","2026-07-20T12:16:14Z","2026-07-20T12:16:15Z","2026-07-20T12:16:16Z","2026-07-20T12:16:17Z","2026-07-20T12:16:18Z","2026-07-20T12:16:19Z","2026-07-20T12:16:20Z","2026-07-20T12:16:21Z","2026-07-20T12:16:22Z","2026-07-20T12:16:23Z","2026-07-20T12:16:24Z","2026-07-20T12:16:25Z","2026-07-20T12:16:26Z","2026-07-20T12:16:27Z","2026-07-20T12:16:28Z","2026-07-20T12:16:29Z","2026-07-20T12:16:30Z","2026-07-20T12:16:31Z","2026-07-20T12:16:32Z","2026-07-20T12:16:33Z","2026-07-20T12:16:34Z","2026-07-20T12:16:35Z","2026-07-20T12:16:36Z","2026-07-20T12:16:37Z","2026-07-20T12:16:38Z","2026-07-20T12:16:39Z","2026-07-20T12:16:40Z","2026-07-20T12:16:41Z","2026-07-20T12:16:42Z","2026-07-20T12:16:43Z","2026-07-20T12:16:44Z","2026-07-20T12:16:45Z","2026-07-20T12:16:46Z","2026-07-20T12:16:47Z","2026-07-20T12:16:48Z","2026-07-20T12:16:49Z","2026-07-20T12:16:50Z","2026-07-20T12:16:51Z","2026-07-20T12:16:52Z","2026-07-20T12:16:53Z","2026-07-20T12:16:54Z","2026-07-20T12:16:55Z","2026-07-20T12:16:56Z","2026-07-20T12:16:57Z","2026-07-20T12:16:58Z","2026-07-20T12:16:59Z","2026-07-20T12:17:00Z","2026-07-20T12:17:01Z","2026-07-20T12:17:02Z","2026-07-20T12:17:03Z","2026-07-20T12:17:04Z","2026-07-20T12:17:05Z","2026-07-20T12:17:06Z","2026-07-20T12:17:07Z","2026-07-20T12:17:08Z","2026-07-20T12:17:09Z","2026-07-20T12:17:10Z","2026-07-20T12:17:11Z","2026-07-20T12:17:12Z","2026-07-20T12:17:13Z","2026-07-20T12:17:14Z","2026-07-20T12:17:15Z","2026-07-20T12:17:16Z","2026-07-20T12:17:17Z","2026-07-20T12:17:18Z","2026-07-20T12:17:19Z","2026-07-20T12:17:20Z","2026-07-20T12:17:21Z","2026-07-20T12:17:22Z","2026-07-20T12:17:23Z","2026-07-20T12:17:24Z","2026-07-20T12:17:25Z","2026-07-20T12:17:26Z","2026-07-20T12:17:27Z","2026-07-20T12:17:28Z","2026-07-20T12:17:29Z","2026-07-20T12:17:30Z","2026-07-20T12:17:31Z","2026-07-20T12:17:32Z","2026-07-20T12:17:33Z","2026-07-20T12:17:34Z","2026-07-20T12:17:35Z","2026-07-20T12:17:36Z","2026-07-20T12:17:37Z","2026-07-20T12:17:38Z","2026-07-20T12:17:39Z","2026-07-20T12:17:39Z","2026-07-20T12:17:40Z","2026-07-20T12:17:42Z","2026-07-20T12:17:43Z","2026-07-20T12:17:44Z","2026-07-20T12:17:45Z","2026-07-20T12:17:46Z","2026-07-20T12:17:47Z","2026-07-20T12:17:48Z","2026-07-20T12:17:49Z","2026-07-20T12:17:50Z","2026-07-20T12:17:51Z","2026-07-20T12:17:52Z","2026-07-20T12:17:53Z","2026-07-20T12:17:54Z","2026-07-20T12:17:55Z","2026-07-20T12:17:56Z","2026-07-20T12:17:57Z","2026-07-20T12:17:58Z","2026-07-20T12:17:59Z","2026-07-20T12:18:00Z","2026-07-20T12:18:01Z","2026-07-20T12:18:02Z","2026-07-20T12:18:03Z","2026-07-20T12:18:04Z","2026-07-20T12:18:05Z","2026-07-20T12:18:06Z","2026-07-20T12:18:07Z","2026-07-20T12:18:08Z","2026-07-20T12:18:09Z","2026-07-20T12:18:10Z","2026-07-20T12:18:11Z","2026-07-20T12:18:12Z","2026-07-20T12:18:13Z","2026-07-20T12:18:14Z","2026-07-20T12:18:15Z","2026-07-20T12:18:16Z","2026-07-20T12:18:17Z","2026-07-20T12:18:18Z","2026-07-20T12:18:19Z","2026-07-20T12:18:20Z","2026-07-20T12:18:21Z","2026-07-20T12:18:22Z","2026-07-20T12:18:23Z","2026-07-20T12:18:24Z","2026-07-20T12:18:25Z","2026-07-20T12:18:26Z","2026-07-20T12:18:27Z","2026-07-20T12:18:28Z","2026-07-20T12:18:29Z","2026-07-20T12:18:30Z","2026-07-20T12:18:31Z","2026-07-20T12:18:32Z","2026-07-20T12:18:33Z","2026-07-20T12:18:34Z","2026-07-20T12:18:35Z","2026-07-20T12:18:36Z","2026-07-20T12:18:37Z","2026-07-20T12:18:38Z","2026-07-20T12:18:39Z","2026-07-20T12:18:40Z","2026-07-20T12:18:41Z","2026-07-20T12:18:42Z","2026-07-20T12:18:43Z","2026-07-20T12:18:44Z","2026-07-20T12:18:45Z","2026-07-20T12:18:46Z","2026-07-20T12:18:47Z","2026-07-20T12:18:48Z","2026-07-20T12:18:49Z","2026-07-20T12:18:50Z","2026-07-20T12:18:51Z","2026-07-20T12:18:52Z","2026-07-20T12:18:53Z","2026-07-20T12:18:54Z","2026-07-20T12:18:55Z","2026-07-20T12:18:56Z","2026-07-20T12:18:57Z","2026-07-20T12:18:58Z","2026-07-20T12:18:59Z","2026-07-20T12:19:00Z","2026-07-20T12:19:01Z","2026-07-20T12:19:02Z","2026-07-20T12:19:03Z","2026-07-20T12:19:04Z","2026-07-20T12:19:05Z","2026-07-20T12:19:06Z","2026-07-20T12:19:07Z","2026-07-20T12:19:08Z","2026-07-20T12:19:09Z","2026-07-20T12:19:10Z","2026-07-20T12:19:11Z","2026-07-20T12:19:12Z","2026-07-20T12:19:13Z","2026-07-20T12:19:14Z","2026-07-20T12:19:15Z","2026-07-20T12:19:16Z","2026-07-20T12:19:17Z","2026-07-20T12:19:18Z","2026-07-20T12:19:19Z","2026-07-20T12:19:20Z","2026-07-20T12:19:21Z","2026-07-20T12:19:22Z","2026-07-20T12:19:23Z","2026-07-20T12:19:24Z","2026-07-20T12:19:24Z","2026-07-20T12:19:25Z","2026-07-20T12:19:26Z","2026-07-20T12:19:27Z","2026-07-20T12:19:28Z","2026-07-20T12:19:29Z","2026-07-20T12:19:30Z","2026-07-20T12:19:31Z","2026-07-20T12:19:32Z","2026-07-20T12:19:34Z","2026-07-20T12:19:35Z","2026-07-20T12:19:36Z","2026-07-20T12:19:37Z","2026-07-20T12:19:38Z","2026-07-20T12:19:39Z","2026-07-20T12:19:40Z","2026-07-20T12:19:41Z","2026-07-20T12:19:42Z","2026-07-20T12:19:43Z","2026-07-20T12:19:44Z","2026-07-20T12:19:45Z","2026-07-20T12:19:46Z","2026-07-20T12:19:48Z","2026-07-20T12:19:49Z","2026-07-20T12:19:50Z","2026-07-20T12:19:51Z","2026-07-20T12:19:52Z","2026-07-20T12:19:53Z","2026-07-20T12:19:54Z","2026-07-20T12:19:55Z","2026-07-20T12:19:56Z","2026-07-20T12:19:57Z","2026-07-20T12:19:58Z","2026-07-20T12:19:59Z","2026-07-20T12:20:00Z","2026-07-20T12:20:01Z","2026-07-20T12:20:02Z","2026-07-20T12:20:03Z","2026-07-20T12:20:04Z","2026-07-20T12:20:05Z","2026-07-20T12:20:06Z","2026-07-20T12:20:07Z","2026-07-20T12:20:08Z","2026-07-20T12:20:09Z","2026-07-20T12:20:10Z","2026-07-20T12:20:11Z","2026-07-20T12:20:12Z","2026-07-20T12:20:13Z","2026-07-20T12:20:14Z","2026-07-20T12:20:15Z","2026-07-20T12:20:16Z","2026-07-20T12:20:17Z","2026-07-20T12:20:18Z","2026-07-20T12:20:19Z","2026-07-20T12:20:20Z","2026-07-20T12:20:21Z","2026-07-20T12:20:22Z","2026-07-20T12:20:23Z","2026-07-20T12:20:24Z","2026-07-20T12:20:25Z","2026-07-20T12:20:26Z","2026-07-20T12:20:27Z","2026-07-20T12:20:28Z","2026-07-20T12:20:29Z","2026-07-20T12:20:30Z","2026-07-20T12:20:31Z","2026-07-20T12:20:32Z","2026-07-20T12:20:33Z","2026-07-20T12:20:34Z","2026-07-20T12:20:35Z","2026-07-20T12:20:36Z","2026-07-20T12:20:37Z","2026-07-20T12:20:38Z","2026-07-20T12:20:39Z","2026-07-20T12:20:40Z","2026-07-20T12:20:41Z","2026-07-20T12:20:42Z","2026-07-20T12:20:43Z","2026-07-20T12:20:44Z","2026-07-20T12:20:45Z","2026-07-20T12:20:46Z","2026-07-20T12:20:47Z","2026-07-20T12:20:48Z","2026-07-20T12:20:49Z","2026-07-20T12:20:50Z","2026-07-20T12:20:51Z","2026-07-20T12:20:52Z","2026-07-20T12:20:54Z","2026-07-20T12:20:56Z","2026-07-20T12:20:58Z","2026-07-20T12:21:00Z","2026-07-20T12:21:01Z","2026-07-20T12:21:03Z","2026-07-20T12:21:04Z","2026-07-20T12:21:05Z","2026-07-20T12:21:07Z","2026-07-20T12:21:09Z","2026-07-20T12:21:11Z","2026-07-20T12:21:12Z","2026-07-20T12:21:13Z","2026-07-20T12:21:14Z","2026-07-20T12:21:16Z","2026-07-20T12:21:18Z","2026-07-20T12:21:20Z","2026-07-20T12:21:22Z","2026-07-20T12:21:23Z","2026-07-20T12:21:24Z","2026-07-20T12:21:25Z","2026-07-20T12:21:26Z","2026-07-20T12:21:28Z","2026-07-20T12:21:29Z","2026-07-20T12:21:30Z","2026-07-20T12:21:31Z","2026-07-20T12:21:33Z","2026-07-20T12:21:34Z","2026-07-20T12:21:35Z","2026-07-20T12:21:36Z","2026-07-20T12:21:37Z","2026-07-20T12:21:38Z","2026-07-20T12:21:39Z","2026-07-20T12:21:40Z","2026-07-20T12:21:41Z","2026-07-20T12:21:42Z","2026-07-20T12:21:43Z","2026-07-20T12:21:44Z","2026-07-20T12:21:45Z","2026-07-20T12:21:46Z","2026-07-20T12:21:47Z","2026-07-20T12:21:48Z","2026-07-20T12:21:49Z","2026-07-20T12:21:50Z","2026-07-20T12:21:51Z","2026-07-20T12:21:52Z","2026-07-20T12:21:54Z","2026-07-20T12:21:55Z","2026-07-20T12:21:56Z","2026-07-20T12:21:57Z","2026-07-20T12:21:58Z","2026-07-20T12:21:59Z","2026-07-20T12:22:00Z","2026-07-20T12:22:01Z","2026-07-20T12:22:02Z","2026-07-20T12:22:03Z","2026-07-20T12:22:04Z","2026-07-20T12:22:05Z","2026-07-20T12:22:06Z","2026-07-20T12:22:07Z","2026-07-20T12:22:08Z","2026-07-20T12:22:09Z","2026-07-20T12:22:10Z","2026-07-20T12:22:11Z","2026-07-20T12:22:12Z","2026-07-20T12:22:13Z","2026-07-20T12:22:14Z","2026-07-20T12:22:15Z","2026-07-20T12:22:16Z","2026-07-20T12:22:17Z","2026-07-20T12:22:18Z","2026-07-20T12:22:19Z","2026-07-20T12:22:20Z","2026-07-20T12:22:21Z","2026-07-20T12:22:22Z","2026-07-20T12:22:23Z","2026-07-20T12:22:24Z","2026-07-20T12:22:25Z","2026-07-20T12:22:26Z","2026-07-20T12:22:27Z","2026-07-20T12:22:28Z","2026-07-20T12:22:29Z","2026-07-20T12:22:30Z","2026-07-20T12:22:31Z","2026-07-20T12:22:32Z","2026-07-20T12:22:33Z","2026-07-20T12:22:34Z","2026-07-20T12:22:35Z","2026-07-20T12:22:36Z","2026-07-20T12:22:37Z","2026-07-20T12:22:38Z","2026-07-20T12:22:39Z","2026-07-20T12:22:40Z","2026-07-20T12:22:41Z","2026-07-20T12:22:42Z","2026-07-20T12:22:43Z","2026-07-20T12:22:44Z","2026-07-20T12:22:45Z","2026-07-20T12:22:46Z","2026-07-20T12:22:47Z","2026-07-20T12:22:48Z","2026-07-20T12:22:49Z","2026-07-20T12:22:50Z","2026-07-20T12:22:51Z","2026-07-20T12:22:52Z","2026-07-20T12:22:53Z","2026-07-20T12:22:54Z","2026-07-20T12:22:55Z","2026-07-20T12:22:56Z","2026-07-20T12:22:57Z","2026-07-20T12:22:58Z","2026-07-20T12:22:59Z","2026-07-20T12:23:00Z","2026-07-20T12:23:01Z","2026-07-20T12:23:02Z","2026-07-20T12:23:03Z","2026-07-20T12:23:04Z","2026-07-20T12:23:05Z","2026-07-20T12:23:06Z","2026-07-20T12:23:06Z","2026-07-20T12:23:07Z","2026-07-20T12:23:08Z","2026-07-20T12:23:09Z","2026-07-20T12:23:10Z","2026-07-20T12:23:11Z","2026-07-20T12:23:12Z","2026-07-20T12:23:13Z","2026-07-20T12:23:14Z","2026-07-20T12:23:15Z","2026-07-20T12:23:16Z","2026-07-20T12:23:17Z","2026-07-20T12:23:18Z","2026-07-20T12:23:19Z","2026-07-20T12:23:20Z","2026-07-20T12:23:21Z","2026-07-20T12:23:22Z","2026-07-20T12:23:23Z","2026-07-20T12:23:24Z","2026-07-20T12:23:25Z","2026-07-20T12:23:26Z","2026-07-20T12:23:27Z","2026-07-20T12:23:28Z","2026-07-20T12:23:29Z","2026-07-20T12:23:30Z","2026-07-20T12:23:31Z","2026-07-20T12:23:32Z","2026-07-20T12:23:33Z","2026-07-20T12:23:34Z","2026-07-20T12:23:35Z","2026-07-20T12:23:36Z","2026-07-20T12:23:37Z","2026-07-20T12:23:38Z","2026-07-20T12:23:39Z","2026-07-20T12:23:40Z","2026-07-20T12:23:41Z","2026-07-20T12:23:42Z","2026-07-20T12:23:43Z","2026-07-20T12:23:44Z","2026-07-20T12:23:45Z","2026-07-20T12:23:46Z","2026-07-20T12:23:47Z","2026-07-20T12:23:48Z","2026-07-20T12:23:49Z","2026-07-20T12:23:50Z","2026-07-20T12:23:51Z","2026-07-20T12:23:52Z","2026-07-20T12:23:53Z","2026-07-20T12:23:54Z","2026-07-20T12:23:55Z","2026-07-20T12:23:56Z","2026-07-20T12:23:57Z","2026-07-20T12:23:58Z","2026-07-20T12:24:01Z","2026-07-20T12:24:02Z","2026-07-20T12:24:07Z","2026-07-20T12:24:09Z","2026-07-20T12:24:11Z","2026-07-20T12:24:13Z","2026-07-20T12:24:15Z","2026-07-20T12:24:17Z","2026-07-20T12:24:19Z","2026-07-20T12:24:21Z","2026-07-20T12:24:23Z","2026-07-20T12:24:25Z","2026-07-20T12:24:27Z","2026-07-20T12:24:29Z","2026-07-20T12:24:31Z","2026-07-20T12:24:37Z","2026-07-20T12:34:20Z","2026-07-20T12:34:22Z","2026-07-20T12:34:44Z","2026-07-20T12:34:48Z","2026-07-20T12:34:51Z","2026-07-20T12:34:52Z","2026-07-20T12:34:54Z","2026-07-20T12:34:56Z","2026-07-20T12:34:57Z","2026-07-20T12:34:59Z","2026-07-20T12:35:01Z","2026-07-20T12:35:03Z","2026-07-20T12:35:05Z","2026-07-20T12:35:07Z","2026-07-20T12:35:09Z","2026-07-20T12:35:20Z","2026-07-20T12:35:23Z","2026-07-20T12:35:24Z","2026-07-20T12:35:26Z","2026-07-20T12:35:28Z","2026-07-20T12:35:29Z","2026-07-20T12:35:30Z","2026-07-20T12:35:31Z","2026-07-20T12:35:32Z","2026-07-20T12:35:33Z","2026-07-20T12:35:34Z","2026-07-20T12:35:35Z","2026-07-20T12:35:36Z","2026-07-20T12:35:37Z","2026-07-20T12:35:38Z","2026-07-20T12:35:39Z","2026-07-20T12:35:40Z","2026-07-20T12:35:41Z","2026-07-20T12:35:41Z","2026-07-20T12:35:42Z","2026-07-20T12:35:43Z","2026-07-20T12:35:44Z","2026-07-20T12:35:45Z","2026-07-20T12:35:46Z","2026-07-20T12:35:47Z","2026-07-20T12:35:48Z","2026-07-20T12:35:49Z","2026-07-20T12:35:51Z","2026-07-20T12:35:53Z","2026-07-20T12:35:55Z","2026-07-20T12:35:57Z","2026-07-20T12:35:58Z","2026-07-20T12:36:00Z","2026-07-20T12:36:02Z","2026-07-20T12:36:06Z","2026-07-20T12:36:08Z","2026-07-20T12:36:09Z","2026-07-20T12:36:11Z","2026-07-20T12:36:12Z","2026-07-20T12:36:13Z","2026-07-20T12:36:14Z","2026-07-20T12:36:15Z","2026-07-20T12:36:16Z","2026-07-20T12:36:17Z","2026-07-20T12:36:18Z","2026-07-20T12:36:19Z","2026-07-20T12:36:20Z","2026-07-20T12:36:21Z","2026-07-20T12:36:22Z","2026-07-20T12:36:23Z","2026-07-20T12:36:24Z","2026-07-20T12:36:25Z","2026-07-20T12:36:26Z","2026-07-20T12:36:27Z","2026-07-20T12:36:28Z","2026-07-20T12:36:29Z","2026-07-20T12:36:30Z","2026-07-20T12:36:31Z","2026-07-20T12:36:32Z","2026-07-20T12:36:33Z","2026-07-20T12:36:34Z","2026-07-20T12:36:36Z","2026-07-20T12:36:37Z","2026-07-20T12:36:38Z","2026-07-20T12:36:39Z","2026-07-20T12:36:40Z","2026-07-20T12:36:41Z","2026-07-20T12:36:42Z","2026-07-20T12:36:43Z","2026-07-20T12:36:44Z","2026-07-20T12:36:45Z","2026-07-20T12:36:46Z","2026-07-20T12:36:47Z","2026-07-20T12:36:48Z","2026-07-20T12:36:49Z","2026-07-20T12:36:50Z","2026-07-20T12:36:51Z","2026-07-20T12:36:52Z","2026-07-20T12:36:53Z","2026-07-20T12:36:54Z","2026-07-20T12:36:55Z","2026-07-20T12:36:56Z","2026-07-20T12:36:57Z","2026-07-20T12:36:58Z","2026-07-20T12:36:59Z","2026-07-20T12:37:00Z","2026-07-20T12:37:01Z","2026-07-20T12:37:02Z","2026-07-20T12:37:03Z","2026-07-20T12:37:04Z","2026-07-20T12:37:05Z","2026-07-20T12:37:06Z","2026-07-20T12:37:07Z","2026-07-20T12:37:08Z","2026-07-20T12:37:09Z","2026-07-20T12:37:10Z","2026-07-20T12:37:11Z","2026-07-20T12:37:12Z","2026-07-20T12:37:13Z","2026-07-20T12:37:14Z","2026-07-20T12:37:15Z","2026-07-20T12:37:16Z","2026-07-20T12:37:17Z","2026-07-20T12:37:18Z","2026-07-20T12:37:19Z","2026-07-20T12:37:20Z","2026-07-20T12:37:21Z","2026-07-20T12:37:22Z","2026-07-20T12:37:23Z","2026-07-20T12:37:24Z","2026-07-20T12:37:25Z","2026-07-20T12:37:26Z","2026-07-20T12:37:27Z","2026-07-20T12:37:28Z","2026-07-20T12:37:29Z","2026-07-20T12:37:30Z","2026-07-20T12:37:31Z","2026-07-20T12:37:32Z","2026-07-20T12:37:33Z","2026-07-20T12:37:34Z","2026-07-20T12:37:35Z","2026-07-20T12:37:36Z","2026-07-20T12:37:37Z","2026-07-20T12:37:38Z","2026-07-20T12:37:39Z","2026-07-20T12:37:40Z","2026-07-20T12:37:41Z","2026-07-20T12:37:41Z","2026-07-20T12:37:42Z","2026-07-20T12:37:43Z","2026-07-20T12:37:44Z","2026-07-20T12:37:45Z","2026-07-20T12:37:46Z","2026-07-20T12:37:47Z","2026-07-20T12:37:48Z","2026-07-20T12:37:49Z","2026-07-20T12:37:50Z","2026-07-20T12:37:51Z","2026-07-20T12:37:52Z","2026-07-20T12:37:53Z","2026-07-20T12:37:54Z","2026-07-20T12:37:55Z","2026-07-20T12:37:56Z","2026-07-20T12:37:57Z","2026-07-20T12:37:58Z","2026-07-20T12:37:59Z","2026-07-20T12:38:00Z","2026-07-20T12:38:01Z","2026-07-20T12:38:02Z","2026-07-20T12:38:03Z","2026-07-20T12:38:04Z","2026-07-20T12:38:05Z","2026-07-20T12:38:06Z","2026-07-20T12:38:07Z","2026-07-20T12:38:08Z","2026-07-20T12:38:09Z","2026-07-20T12:38:10Z","2026-07-20T12:38:11Z","2026-07-20T12:38:12Z","2026-07-20T12:38:13Z","2026-07-20T12:38:14Z","2026-07-20T12:38:15Z","2026-07-20T12:38:16Z","2026-07-20T12:38:17Z","2026-07-20T12:38:18Z","2026-07-20T12:38:19Z","2026-07-20T12:38:20Z","2026-07-20T12:38:21Z","2026-07-20T12:38:22Z","2026-07-20T12:38:23Z","2026-07-20T12:38:24Z","2026-07-20T12:38:25Z","2026-07-20T12:38:26Z","2026-07-20T12:38:27Z","2026-07-20T12:38:28Z","2026-07-20T12:38:29Z","2026-07-20T12:38:30Z","2026-07-20T12:38:31Z","2026-07-20T12:38:32Z","2026-07-20T12:38:33Z","2026-07-20T12:38:34Z","2026-07-20T12:38:35Z","2026-07-20T12:38:36Z","2026-07-20T12:38:37Z","2026-07-20T12:38:38Z","2026-07-20T12:38:39Z","2026-07-20T12:38:40Z","2026-07-20T12:38:42Z","2026-07-20T12:38:43Z","2026-07-20T12:38:44Z","2026-07-20T12:38:45Z","2026-07-20T12:38:46Z","2026-07-20T12:38:47Z","2026-07-20T12:38:48Z","2026-07-20T12:38:49Z","2026-07-20T12:38:50Z","2026-07-20T12:38:51Z","2026-07-20T12:38:52Z","2026-07-20T12:38:53Z","2026-07-20T12:38:54Z","2026-07-20T12:38:55Z","2026-07-20T12:38:56Z","2026-07-20T12:38:57Z","2026-07-20T12:38:58Z","2026-07-20T12:38:59Z","2026-07-20T12:39:00Z","2026-07-20T12:39:01Z","2026-07-20T12:39:02Z","2026-07-20T12:39:03Z","2026-07-20T12:39:04Z","2026-07-20T12:39:05Z","2026-07-20T12:39:06Z","2026-07-20T12:39:07Z","2026-07-20T12:39:08Z","2026-07-20T12:39:09Z","2026-07-20T12:39:10Z","2026-07-20T12:39:11Z","2026-07-20T12:39:12Z","2026-07-20T12:39:13Z","2026-07-20T12:39:14Z","2026-07-20T12:39:15Z","2026-07-20T12:39:16Z","2026-07-20T12:39:17Z","2026-07-20T12:39:18Z","2026-07-20T12:39:19Z","2026-07-20T12:39:20Z","2026-07-20T12:39:21Z","2026-07-20T12:39:22Z","2026-07-20T12:39:23Z","2026-07-20T12:39:24Z","2026-07-20T12:39:25Z","2026-07-20T12:39:26Z","2026-07-20T12:39:27Z","2026-07-20T12:39:28Z","2026-07-20T12:39:29Z","2026-07-20T12:39:30Z","2026-07-20T12:39:31Z","2026-07-20T12:39:32Z","2026-07-20T12:39:33Z","2026-07-20T12:39:34Z","2026-07-20T12:39:35Z","2026-07-20T12:39:36Z","2026-07-20T12:39:37Z","2026-07-20T12:39:38Z","2026-07-20T12:39:39Z","2026-07-20T12:39:40Z","2026-07-20T12:39:41Z","2026-07-20T12:39:42Z","2026-07-20T12:39:43Z","2026-07-20T12:39:44Z","2026-07-20T12:39:45Z","2026-07-20T12:39:45Z","2026-07-20T12:39:46Z","2026-07-20T12:39:47Z","2026-07-20T12:39:48Z","2026-07-20T12:39:49Z","2026-07-20T12:39:50Z","2026-07-20T12:39:51Z","2026-07-20T12:39:52Z","2026-07-20T12:39:53Z","2026-07-20T12:39:54Z","2026-07-20T12:39:55Z","2026-07-20T12:39:56Z","2026-07-20T12:39:57Z","2026-07-20T12:39:58Z","2026-07-20T12:39:59Z","2026-07-20T12:40:00Z","2026-07-20T12:40:01Z","2026-07-20T12:40:02Z","2026-07-20T12:40:03Z","2026-07-20T12:40:04Z","2026-07-20T12:40:05Z","2026-07-20T12:40:06Z","2026-07-20T12:40:07Z","2026-07-20T12:40:08Z","2026-07-20T12:40:09Z","2026-07-20T12:40:10Z","2026-07-20T12:40:11Z","2026-07-20T12:40:12Z","2026-07-20T12:40:13Z","2026-07-20T12:40:14Z","2026-07-20T12:40:15Z","2026-07-20T12:40:16Z","2026-07-20T12:40:17Z","2026-07-20T12:40:18Z","2026-07-20T12:40:19Z","2026-07-20T12:40:20Z","2026-07-20T12:40:21Z","2026-07-20T12:40:22Z","2026-07-20T12:40:23Z","2026-07-20T12:40:24Z","2026-07-20T12:40:25Z","2026-07-20T12:40:26Z","2026-07-20T12:40:27Z","2026-07-20T12:40:28Z","2026-07-20T12:40:29Z","2026-07-20T12:40:30Z","2026-07-20T12:40:31Z","2026-07-20T12:40:32Z","2026-07-20T12:40:33Z","2026-07-20T12:40:34Z","2026-07-20T12:40:35Z","2026-07-20T12:40:36Z","2026-07-20T12:40:37Z","2026-07-20T12:40:39Z","2026-07-20T12:40:40Z","2026-07-20T12:40:41Z","2026-07-20T12:40:42Z","2026-07-20T12:40:43Z","2026-07-20T12:40:44Z","2026-07-20T12:40:45Z","2026-07-20T12:40:46Z","2026-07-20T12:40:48Z","2026-07-20T12:40:49Z","2026-07-20T12:40:50Z","2026-07-20T12:40:51Z","2026-07-20T12:40:52Z","2026-07-20T12:40:53Z","2026-07-20T12:40:54Z","2026-07-20T12:40:55Z","2026-07-20T12:40:56Z","2026-07-20T12:40:57Z","2026-07-20T12:40:58Z","2026-07-20T12:40:59Z","2026-07-20T12:41:00Z","2026-07-20T12:41:01Z","2026-07-20T12:41:02Z","2026-07-20T12:41:03Z","2026-07-20T12:41:04Z","2026-07-20T12:41:05Z","2026-07-20T12:41:06Z","2026-07-20T12:41:07Z","2026-07-20T12:41:08Z","2026-07-20T12:41:09Z","2026-07-20T12:41:10Z","2026-07-20T12:41:11Z","2026-07-20T12:41:12Z","2026-07-20T12:41:13Z","2026-07-20T12:41:14Z","2026-07-20T12:41:15Z","2026-07-20T12:41:16Z","2026-07-20T12:41:17Z","2026-07-20T12:41:18Z","2026-07-20T12:41:19Z","2026-07-20T12:41:20Z","2026-07-20T12:41:21Z","2026-07-20T12:41:22Z","2026-07-20T12:41:23Z","2026-07-20T12:41:24Z","2026-07-20T12:41:25Z","2026-07-20T12:41:26Z","2026-07-20T12:41:27Z","2026-07-20T12:41:28Z","2026-07-20T12:41:29Z","2026-07-20T12:41:30Z","2026-07-20T12:41:31Z","2026-07-20T12:41:32Z","2026-07-20T12:41:33Z","2026-07-20T12:41:34Z","2026-07-20T12:41:35Z","2026-07-20T12:41:36Z","2026-07-20T12:41:37Z","2026-07-20T12:41:38Z","2026-07-20T12:41:39Z","2026-07-20T12:41:40Z","2026-07-20T12:41:41Z","2026-07-20T12:41:42Z","2026-07-20T12:41:43Z","2026-07-20T12:41:44Z","2026-07-20T12:41:45Z","2026-07-20T12:41:46Z","2026-07-20T12:41:47Z","2026-07-20T12:41:48Z","2026-07-20T12:41:49Z","2026-07-20T12:41:50Z","2026-07-20T12:41:51Z","2026-07-20T12:41:52Z","2026-07-20T12:41:53Z","2026-07-20T12:41:54Z","2026-07-20T12:41:55Z","2026-07-20T12:41:56Z","2026-07-20T12:41:57Z","2026-07-20T12:41:57Z","2026-07-20T12:41:58Z","2026-07-20T12:41:59Z","2026-07-20T12:42:00Z","2026-07-20T12:42:01Z","2026-07-20T12:42:02Z","2026-07-20T12:42:03Z","2026-07-20T12:42:04Z","2026-07-20T12:42:05Z","2026-07-20T12:42:06Z","2026-07-20T12:42:07Z","2026-07-20T12:42:08Z","2026-07-20T12:42:09Z","2026-07-20T12:42:10Z","2026-07-20T12:42:11Z","2026-07-20T12:42:12Z","2026-07-20T12:42:13Z","2026-07-20T12:42:14Z","2026-07-20T12:42:15Z","2026-07-20T12:42:16Z","2026-07-20T12:42:17Z","2026-07-20T12:42:18Z","2026-07-20T12:42:19Z","2026-07-20T12:42:20Z","2026-07-20T12:42:21Z","2026-07-20T12:42:22Z","2026-07-20T12:42:23Z","2026-07-20T12:42:24Z","2026-07-20T12:42:25Z","2026-07-20T12:42:26Z","2026-07-20T12:42:27Z","2026-07-20T12:42:28Z","2026-07-20T12:42:29Z","2026-07-20T12:42:30Z","2026-07-20T12:42:31Z","2026-07-20T12:42:32Z","2026-07-20T12:42:33Z","2026-07-20T12:42:34Z","2026-07-20T12:42:35Z","2026-07-20T12:42:36Z","2026-07-20T12:42:37Z","2026-07-20T12:42:38Z","2026-07-20T12:42:39Z","2026-07-20T12:42:40Z","2026-07-20T12:42:41Z","2026-07-20T12:42:42Z","2026-07-20T12:42:43Z","2026-07-20T12:42:44Z","2026-07-20T12:42:45Z","2026-07-20T12:42:46Z","2026-07-20T12:42:47Z","2026-07-20T12:42:48Z","2026-07-20T12:42:49Z","2026-07-20T12:42:50Z","2026-07-20T12:42:51Z","2026-07-20T12:42:52Z","2026-07-20T12:42:54Z","2026-07-20T12:42:55Z","2026-07-20T12:42:56Z","2026-07-20T12:42:57Z","2026-07-20T12:42:58Z","2026-07-20T12:42:59Z","2026-07-20T12:43:00Z","2026-07-20T12:43:01Z","2026-07-20T12:43:02Z","2026-07-20T12:43:03Z","2026-07-20T12:43:04Z","2026-07-20T12:43:05Z","2026-07-20T12:43:06Z","2026-07-20T12:43:07Z","2026-07-20T12:43:08Z","2026-07-20T12:43:09Z","2026-07-20T12:43:10Z","2026-07-20T12:43:11Z","2026-07-20T12:43:12Z","2026-07-20T12:43:13Z","2026-07-20T12:43:14Z","2026-07-20T12:43:15Z","2026-07-20T12:43:16Z","2026-07-20T12:43:17Z","2026-07-20T12:43:18Z","2026-07-20T12:43:19Z","2026-07-20T12:43:20Z","2026-07-20T12:43:21Z","2026-07-20T12:43:22Z","2026-07-20T12:43:23Z","2026-07-20T12:43:24Z","2026-07-20T12:43:25Z","2026-07-20T12:43:26Z","2026-07-20T12:43:27Z","2026-07-20T12:43:28Z","2026-07-20T12:43:29Z","2026-07-20T12:43:30Z","2026-07-20T12:43:31Z","2026-07-20T12:43:32Z","2026-07-20T12:43:33Z","2026-07-20T12:43:34Z","2026-07-20T12:43:35Z","2026-07-20T12:43:36Z","2026-07-20T12:43:37Z","2026-07-20T12:43:38Z","2026-07-20T12:43:39Z","2026-07-20T12:43:40Z","2026-07-20T12:43:41Z","2026-07-20T12:43:42Z","2026-07-20T12:43:43Z","2026-07-20T12:43:44Z","2026-07-20T12:43:45Z","2026-07-20T12:43:46Z","2026-07-20T12:43:47Z","2026-07-20T12:43:48Z","2026-07-20T12:43:49Z","2026-07-20T12:43:50Z","2026-07-20T12:43:51Z","2026-07-20T12:43:52Z","2026-07-20T12:43:53Z","2026-07-20T12:43:54Z","2026-07-20T12:43:54Z","2026-07-20T12:43:55Z","2026-07-20T12:43:56Z","2026-07-20T12:43:57Z","2026-07-20T12:43:58Z","2026-07-20T12:43:59Z","2026-07-20T12:44:00Z","2026-07-20T12:44:01Z","2026-07-20T12:44:02Z","2026-07-20T12:44:03Z","2026-07-20T12:44:04Z","2026-07-20T12:44:05Z","2026-07-20T12:44:06Z","2026-07-20T12:44:07Z","2026-07-20T12:44:08Z","2026-07-20T12:44:09Z","2026-07-20T12:44:10Z","2026-07-20T12:44:11Z","2026-07-20T12:44:12Z","2026-07-20T12:44:13Z","2026-07-20T12:44:14Z","2026-07-20T12:44:15Z","2026-07-20T12:44:16Z","2026-07-20T12:44:17Z","2026-07-20T12:44:18Z","2026-07-20T12:44:19Z","2026-07-20T12:44:20Z","2026-07-20T12:44:21Z","2026-07-20T12:44:22Z","2026-07-20T12:44:23Z","2026-07-20T12:44:24Z","2026-07-20T12:44:25Z","2026-07-20T12:44:26Z","2026-07-20T12:44:27Z","2026-07-20T12:44:28Z","2026-07-20T12:44:29Z","2026-07-20T12:44:30Z","2026-07-20T12:44:31Z","2026-07-20T12:44:32Z","2026-07-20T12:44:33Z","2026-07-20T12:44:34Z","2026-07-20T12:44:35Z","2026-07-20T12:44:36Z","2026-07-20T12:44:37Z","2026-07-20T12:44:38Z","2026-07-20T12:44:39Z","2026-07-20T12:44:40Z","2026-07-20T12:44:41Z","2026-07-20T12:44:42Z","2026-07-20T12:44:43Z","2026-07-20T12:44:44Z","2026-07-20T12:44:45Z","2026-07-20T12:44:46Z","2026-07-20T12:44:47Z","2026-07-20T12:44:48Z","2026-07-20T12:44:49Z","2026-07-20T12:44:50Z","2026-07-20T12:44:51Z","2026-07-20T12:44:52Z","2026-07-20T12:44:53Z","2026-07-20T12:44:54Z","2026-07-20T12:44:55Z","2026-07-20T12:44:56Z","2026-07-20T12:44:57Z","2026-07-20T12:44:58Z","2026-07-20T12:45:00Z","2026-07-20T12:45:01Z","2026-07-20T12:45:02Z","2026-07-20T12:45:03Z","2026-07-20T12:45:04Z","2026-07-20T12:45:05Z","2026-07-20T12:45:06Z","2026-07-20T12:45:07Z","2026-07-20T12:45:08Z","2026-07-20T12:45:09Z","2026-07-20T12:45:10Z","2026-07-20T12:45:11Z","2026-07-20T12:45:12Z","2026-07-20T12:45:13Z","2026-07-20T12:45:14Z","2026-07-20T12:45:15Z","2026-07-20T12:45:16Z","2026-07-20T12:45:17Z","2026-07-20T12:45:18Z","2026-07-20T12:45:19Z","2026-07-20T12:45:20Z","2026-07-20T12:45:21Z","2026-07-20T12:45:22Z","2026-07-20T12:45:23Z","2026-07-20T12:45:24Z","2026-07-20T12:45:25Z","2026-07-20T12:45:26Z","2026-07-20T12:45:27Z","2026-07-20T12:45:28Z","2026-07-20T12:45:29Z","2026-07-20T12:45:30Z","2026-07-20T12:45:31Z","2026-07-20T12:45:32Z","2026-07-20T12:45:33Z","2026-07-20T12:45:34Z","2026-07-20T12:45:35Z","2026-07-20T12:45:36Z","2026-07-20T12:45:37Z","2026-07-20T12:45:38Z","2026-07-20T12:45:39Z","2026-07-20T12:45:40Z","2026-07-20T12:45:41Z","2026-07-20T12:45:42Z","2026-07-20T12:45:43Z","2026-07-20T12:45:44Z","2026-07-20T12:45:45Z","2026-07-20T12:45:46Z","2026-07-20T12:45:47Z","2026-07-20T12:45:48Z","2026-07-20T12:45:49Z","2026-07-20T12:45:50Z","2026-07-20T12:45:51Z","2026-07-20T12:45:52Z","2026-07-20T12:45:53Z","2026-07-20T12:45:54Z","2026-07-20T12:45:55Z","2026-07-20T12:45:56Z","2026-07-20T12:45:57Z","2026-07-20T12:45:58Z","2026-07-20T12:45:59Z","2026-07-20T12:46:00Z","2026-07-20T12:46:01Z","2026-07-20T12:46:02Z","2026-07-20T12:46:03Z","2026-07-20T12:46:04Z","2026-07-20T12:46:05Z","2026-07-20T12:46:06Z","2026-07-20T12:46:07Z","2026-07-20T12:46:08Z","2026-07-20T12:46:09Z","2026-07-20T12:46:10Z","2026-07-20T12:46:11Z","2026-07-20T12:46:12Z","2026-07-20T12:46:13Z","2026-07-20T12:46:14Z","2026-07-20T12:46:15Z","2026-07-20T12:46:16Z","2026-07-20T12:46:16Z","2026-07-20T12:46:17Z","2026-07-20T12:46:18Z","2026-07-20T12:46:19Z","2026-07-20T12:46:20Z","2026-07-20T12:46:21Z","2026-07-20T12:46:22Z","2026-07-20T12:46:23Z","2026-07-20T12:46:24Z","2026-07-20T12:46:25Z","2026-07-20T12:46:26Z","2026-07-20T12:46:27Z","2026-07-20T12:46:28Z","2026-07-20T12:46:29Z","2026-07-20T12:46:30Z","2026-07-20T12:46:31Z","2026-07-20T12:46:32Z","2026-07-20T12:46:33Z","2026-07-20T12:46:34Z","2026-07-20T12:46:35Z","2026-07-20T12:46:36Z","2026-07-20T12:46:37Z","2026-07-20T12:46:38Z","2026-07-20T12:46:39Z","2026-07-20T12:46:40Z","2026-07-20T12:46:41Z","2026-07-20T12:46:42Z","2026-07-20T12:46:43Z","2026-07-20T12:46:44Z","2026-07-20T12:46:45Z","2026-07-20T12:46:46Z","2026-07-20T12:46:47Z","2026-07-20T12:46:48Z","2026-07-20T12:46:49Z","2026-07-20T12:46:50Z","2026-07-20T12:46:51Z","2026-07-20T12:46:52Z","2026-07-20T12:46:53Z","2026-07-20T12:46:54Z","2026-07-20T12:46:55Z","2026-07-20T12:46:56Z","2026-07-20T12:46:57Z","2026-07-20T12:46:58Z","2026-07-20T12:46:59Z","2026-07-20T12:47:00Z","2026-07-20T12:47:01Z","2026-07-20T12:47:02Z","2026-07-20T12:47:03Z","2026-07-20T12:47:04Z","2026-07-20T12:47:06Z","2026-07-20T12:47:07Z","2026-07-20T12:47:08Z","2026-07-20T12:47:09Z","2026-07-20T12:47:10Z","2026-07-20T12:47:11Z","2026-07-20T12:47:12Z","2026-07-20T12:47:13Z","2026-07-20T12:47:14Z","2026-07-20T12:47:15Z","2026-07-20T12:47:16Z","2026-07-20T12:47:17Z","2026-07-20T12:47:18Z","2026-07-20T12:47:19Z","2026-07-20T12:47:20Z","2026-07-20T12:47:21Z","2026-07-20T12:47:22Z","2026-07-20T12:47:23Z","2026-07-20T12:47:24Z","2026-07-20T12:47:25Z","2026-07-20T12:47:26Z","2026-07-20T12:47:27Z","2026-07-20T12:47:28Z","2026-07-20T12:47:29Z","2026-07-20T12:47:30Z","2026-07-20T12:47:31Z","2026-07-20T12:47:32Z","2026-07-20T12:47:33Z","2026-07-20T12:47:34Z","2026-07-20T12:47:35Z","2026-07-20T12:47:36Z","2026-07-20T12:47:37Z","2026-07-20T12:47:38Z","2026-07-20T12:47:39Z","2026-07-20T12:47:40Z","2026-07-20T12:47:41Z","2026-07-20T12:47:42Z","2026-07-20T12:47:43Z","2026-07-20T12:47:44Z","2026-07-20T12:47:45Z","2026-07-20T12:47:46Z","2026-07-20T12:47:47Z","2026-07-20T12:47:48Z","2026-07-20T12:47:49Z","2026-07-20T12:47:50Z","2026-07-20T12:47:51Z","2026-07-20T12:47:52Z","2026-07-20T12:47:53Z","2026-07-20T12:47:54Z","2026-07-20T12:47:55Z","2026-07-20T12:47:56Z","2026-07-20T12:47:57Z","2026-07-20T12:47:58Z","2026-07-20T12:47:59Z","2026-07-20T12:48:00Z","2026-07-20T12:48:02Z","2026-07-20T12:48:03Z","2026-07-20T12:48:04Z","2026-07-20T12:48:05Z","2026-07-20T12:48:06Z","2026-07-20T12:48:08Z","2026-07-20T12:48:09Z","2026-07-20T12:48:11Z","2026-07-20T12:48:12Z","2026-07-20T12:48:14Z","2026-07-20T12:48:15Z","2026-07-20T12:48:16Z","2026-07-20T12:48:17Z","2026-07-20T12:48:18Z","2026-07-20T12:48:19Z","2026-07-20T12:48:19Z","2026-07-20T12:48:20Z","2026-07-20T12:48:21Z","2026-07-20T12:48:22Z","2026-07-20T12:48:23Z","2026-07-20T12:48:24Z","2026-07-20T12:48:25Z","2026-07-20T12:48:26Z","2026-07-20T12:48:27Z","2026-07-20T12:48:28Z","2026-07-20T12:48:29Z","2026-07-20T12:48:30Z","2026-07-20T12:48:31Z","2026-07-20T12:48:32Z","2026-07-20T12:48:33Z","2026-07-20T12:48:34Z","2026-07-20T12:48:35Z","2026-07-20T12:48:36Z","2026-07-20T12:48:37Z","2026-07-20T12:48:38Z","2026-07-20T12:48:39Z","2026-07-20T12:48:40Z","2026-07-20T12:48:41Z","2026-07-20T12:48:42Z","2026-07-20T12:48:43Z","2026-07-20T12:48:44Z","2026-07-20T12:48:45Z","2026-07-20T12:48:46Z","2026-07-20T12:48:47Z","2026-07-20T12:48:48Z","2026-07-20T12:48:49Z","2026-07-20T12:48:50Z","2026-07-20T12:48:51Z","2026-07-20T12:48:52Z","2026-07-20T12:48:53Z","2026-07-20T12:48:54Z","2026-07-20T12:48:55Z","2026-07-20T12:48:56Z","2026-07-20T12:48:57Z","2026-07-20T12:48:58Z","2026-07-20T12:48:59Z","2026-07-20T12:49:00Z","2026-07-20T12:49:01Z","2026-07-20T12:49:02Z","2026-07-20T12:49:03Z","2026-07-20T12:49:04Z","2026-07-20T12:49:05Z","2026-07-20T12:49:06Z","2026-07-20T12:49:07Z","2026-07-20T12:49:08Z","2026-07-20T12:49:09Z","2026-07-20T12:49:10Z","2026-07-20T12:49:12Z","2026-07-20T12:49:13Z","2026-07-20T12:49:14Z","2026-07-20T12:49:15Z","2026-07-20T12:49:16Z","2026-07-20T12:49:17Z","2026-07-20T12:49:18Z","2026-07-20T12:49:19Z","2026-07-20T12:49:20Z","2026-07-20T12:49:21Z","2026-07-20T12:49:22Z","2026-07-20T12:49:23Z","2026-07-20T12:49:24Z","2026-07-20T12:49:25Z","2026-07-20T12:49:26Z","2026-07-20T12:49:27Z","2026-07-20T12:49:28Z","2026-07-20T12:49:29Z","2026-07-20T12:49:30Z","2026-07-20T12:49:31Z","2026-07-20T12:49:32Z","2026-07-20T12:49:33Z","2026-07-20T12:49:34Z","2026-07-20T12:49:35Z","2026-07-20T12:49:36Z","2026-07-20T12:49:37Z","2026-07-20T12:49:38Z","2026-07-20T12:49:39Z","2026-07-20T12:49:40Z","2026-07-20T12:49:41Z","2026-07-20T12:49:42Z","2026-07-20T12:49:43Z","2026-07-20T12:49:44Z","2026-07-20T12:49:45Z","2026-07-20T12:49:46Z","2026-07-20T12:49:47Z","2026-07-20T12:49:48Z","2026-07-20T12:49:49Z","2026-07-20T12:49:50Z","2026-07-20T12:49:51Z","2026-07-20T12:49:52Z","2026-07-20T12:49:53Z","2026-07-20T12:49:54Z","2026-07-20T12:49:55Z","2026-07-20T12:49:56Z","2026-07-20T12:49:57Z","2026-07-20T12:49:58Z","2026-07-20T12:49:59Z","2026-07-20T12:50:00Z","2026-07-20T12:50:01Z","2026-07-20T12:50:02Z","2026-07-20T12:50:03Z","2026-07-20T12:50:04Z","2026-07-20T12:50:05Z","2026-07-20T12:50:06Z","2026-07-20T12:50:07Z","2026-07-20T12:50:08Z","2026-07-20T12:50:09Z","2026-07-20T12:50:10Z","2026-07-20T12:50:11Z","2026-07-20T12:50:12Z","2026-07-20T12:50:13Z","2026-07-20T12:50:14Z","2026-07-20T12:50:15Z","2026-07-20T12:50:16Z","2026-07-20T12:50:17Z","2026-07-20T12:50:18Z","2026-07-20T12:50:18Z","2026-07-20T12:50:19Z","2026-07-20T12:50:20Z","2026-07-20T12:50:21Z","2026-07-20T12:50:22Z","2026-07-20T12:50:23Z","2026-07-20T12:50:24Z","2026-07-20T12:50:25Z","2026-07-20T12:50:26Z","2026-07-20T12:50:27Z","2026-07-20T12:50:28Z","2026-07-20T12:50:29Z","2026-07-20T12:50:30Z","2026-07-20T12:50:31Z","2026-07-20T12:50:32Z","2026-07-20T12:50:33Z","2026-07-20T12:50:34Z","2026-07-20T12:50:35Z","2026-07-20T12:50:36Z","2026-07-20T12:50:37Z","2026-07-20T12:50:38Z","2026-07-20T12:50:39Z","2026-07-20T12:50:40Z","2026-07-20T12:50:41Z","2026-07-20T12:50:42Z","2026-07-20T12:50:43Z","2026-07-20T12:50:44Z","2026-07-20T12:50:45Z","2026-07-20T12:50:46Z","2026-07-20T12:50:47Z","2026-07-20T12:50:48Z","2026-07-20T12:50:49Z","2026-07-20T12:50:50Z","2026-07-20T12:50:51Z","2026-07-20T12:50:52Z","2026-07-20T12:50:53Z","2026-07-20T12:50:54Z","2026-07-20T12:50:55Z","2026-07-20T12:50:56Z","2026-07-20T12:50:57Z","2026-07-20T12:50:58Z","2026-07-20T12:50:59Z","2026-07-20T12:51:00Z","2026-07-20T12:51:01Z","2026-07-20T12:51:02Z","2026-07-20T12:51:03Z","2026-07-20T12:51:04Z","2026-07-20T12:51:05Z","2026-07-20T12:51:06Z","2026-07-20T12:51:07Z","2026-07-20T12:51:08Z","2026-07-20T12:51:09Z","2026-07-20T12:51:10Z","2026-07-20T12:51:11Z","2026-07-20T12:51:12Z","2026-07-20T12:51:14Z","2026-07-20T12:51:16Z","2026-07-20T12:52:15Z","2026-07-20T12:52:18Z","2026-07-20T12:52:20Z","2026-07-20T12:52:23Z","2026-07-20T12:52:31Z","2026-07-20T12:53:50Z","2026-07-20T12:53:52Z","2026-07-20T12:53:54Z","2026-07-20T12:53:56Z","2026-07-20T12:53:58Z","2026-07-20T12:53:59Z","2026-07-20T12:54:00Z","2026-07-20T12:54:01Z","2026-07-20T12:54:02Z","2026-07-20T12:54:03Z","2026-07-20T12:54:04Z","2026-07-20T12:54:05Z","2026-07-20T12:54:06Z","2026-07-20T12:54:07Z","2026-07-20T12:54:08Z","2026-07-20T12:54:09Z","2026-07-20T12:54:10Z","2026-07-20T12:54:11Z","2026-07-20T12:54:12Z","2026-07-20T12:54:13Z","2026-07-20T12:54:14Z","2026-07-20T12:54:15Z","2026-07-20T12:54:16Z","2026-07-20T12:54:17Z","2026-07-20T12:54:18Z","2026-07-20T12:54:19Z","2026-07-20T12:54:20Z","2026-07-20T12:54:21Z","2026-07-20T12:54:23Z","2026-07-20T12:54:26Z","2026-07-20T12:54:30Z","2026-07-20T12:54:41Z","2026-07-20T12:54:43Z","2026-07-20T12:54:45Z","2026-07-20T12:54:47Z","2026-07-20T12:54:48Z","2026-07-20T12:54:49Z","2026-07-20T12:54:50Z","2026-07-20T12:54:51Z","2026-07-20T12:54:52Z","2026-07-20T12:54:53Z","2026-07-20T12:54:54Z","2026-07-20T12:54:55Z","2026-07-20T12:54:56Z","2026-07-20T12:54:57Z","2026-07-20T12:54:58Z","2026-07-20T12:54:59Z","2026-07-20T12:55:00Z","2026-07-20T12:55:01Z","2026-07-20T12:55:02Z","2026-07-20T12:55:03Z","2026-07-20T12:55:04Z","2026-07-20T12:55:05Z","2026-07-20T12:55:06Z","2026-07-20T12:55:07Z","2026-07-20T12:55:08Z","2026-07-20T12:55:09Z","2026-07-20T12:55:10Z","2026-07-20T12:55:11Z","2026-07-20T12:55:12Z","2026-07-20T12:55:13Z","2026-07-20T12:55:14Z","2026-07-20T12:55:15Z","2026-07-20T12:55:16Z","2026-07-20T12:55:17Z","2026-07-20T12:55:18Z","2026-07-20T12:55:19Z","2026-07-20T12:55:20Z","2026-07-20T12:55:21Z","2026-07-20T12:55:22Z","2026-07-20T12:55:23Z","2026-07-20T12:55:24Z","2026-07-20T12:55:25Z","2026-07-20T12:55:26Z","2026-07-20T12:55:27Z","2026-07-20T12:55:28Z","2026-07-20T12:55:30Z","2026-07-20T12:55:31Z","2026-07-20T12:55:32Z","2026-07-20T12:55:33Z","2026-07-20T12:55:34Z","2026-07-20T12:55:35Z","2026-07-20T12:55:36Z","2026-07-20T12:55:37Z","2026-07-20T12:55:38Z","2026-07-20T12:55:39Z","2026-07-20T12:55:40Z","2026-07-20T12:55:41Z","2026-07-20T12:55:42Z","2026-07-20T12:55:43Z","2026-07-20T12:55:44Z","2026-07-20T12:55:45Z","2026-07-20T12:55:46Z","2026-07-20T12:55:47Z","2026-07-20T12:55:48Z","2026-07-20T12:55:49Z","2026-07-20T12:55:50Z","2026-07-20T12:55:51Z","2026-07-20T12:55:52Z","2026-07-20T12:55:53Z","2026-07-20T12:55:54Z","2026-07-20T12:55:55Z","2026-07-20T12:55:56Z","2026-07-20T12:55:57Z","2026-07-20T12:55:58Z","2026-07-20T12:55:59Z","2026-07-20T12:56:00Z","2026-07-20T12:56:01Z","2026-07-20T12:56:02Z","2026-07-20T12:56:03Z","2026-07-20T12:56:04Z","2026-07-20T12:56:05Z","2026-07-20T12:56:06Z","2026-07-20T12:56:07Z","2026-07-20T12:56:08Z","2026-07-20T12:56:09Z","2026-07-20T12:56:10Z","2026-07-20T12:56:11Z","2026-07-20T12:56:12Z","2026-07-20T12:56:13Z","2026-07-20T12:56:14Z","2026-07-20T12:56:15Z","2026-07-20T12:56:16Z","2026-07-20T12:56:17Z","2026-07-20T12:56:18Z","2026-07-20T12:56:19Z","2026-07-20T12:56:20Z","2026-07-20T12:56:21Z","2026-07-20T12:56:22Z","2026-07-20T12:56:23Z","2026-07-20T12:56:24Z","2026-07-20T12:56:25Z","2026-07-20T12:56:26Z","2026-07-20T12:56:27Z","2026-07-20T12:56:28Z","2026-07-20T12:56:29Z","2026-07-20T12:56:30Z","2026-07-20T12:56:31Z","2026-07-20T12:56:32Z","2026-07-20T12:56:33Z","2026-07-20T12:56:34Z","2026-07-20T12:56:35Z","2026-07-20T12:56:36Z","2026-07-20T12:56:37Z","2026-07-20T12:56:38Z","2026-07-20T12:56:38Z","2026-07-20T12:56:39Z","2026-07-20T12:56:40Z","2026-07-20T12:56:41Z","2026-07-20T12:56:42Z","2026-07-20T12:56:43Z","2026-07-20T12:56:44Z","2026-07-20T12:56:45Z","2026-07-20T12:56:46Z","2026-07-20T12:56:47Z","2026-07-20T12:56:48Z","2026-07-20T12:56:49Z","2026-07-20T12:56:50Z","2026-07-20T12:56:51Z","2026-07-20T12:56:52Z","2026-07-20T12:56:53Z","2026-07-20T12:56:54Z","2026-07-20T12:56:55Z","2026-07-20T12:56:56Z","2026-07-20T12:56:57Z","2026-07-20T12:56:58Z","2026-07-20T12:56:59Z","2026-07-20T12:57:00Z","2026-07-20T12:57:01Z","2026-07-20T12:57:02Z","2026-07-20T12:57:03Z","2026-07-20T12:57:04Z","2026-07-20T12:57:05Z","2026-07-20T12:57:06Z","2026-07-20T12:57:07Z","2026-07-20T12:57:08Z","2026-07-20T12:57:09Z","2026-07-20T12:57:10Z","2026-07-20T12:57:11Z","2026-07-20T12:57:12Z","2026-07-20T12:57:13Z","2026-07-20T12:57:14Z","2026-07-20T12:57:15Z","2026-07-20T12:57:16Z","2026-07-20T12:57:17Z","2026-07-20T12:57:18Z","2026-07-20T12:57:19Z","2026-07-20T12:57:20Z","2026-07-20T12:57:21Z","2026-07-20T12:57:22Z","2026-07-20T12:57:23Z","2026-07-20T12:57:24Z","2026-07-20T12:57:25Z","2026-07-20T12:57:26Z","2026-07-20T12:57:27Z","2026-07-20T12:57:28Z","2026-07-20T12:57:29Z","2026-07-20T12:57:30Z","2026-07-20T12:57:31Z","2026-07-20T12:57:32Z","2026-07-20T12:57:33Z","2026-07-20T12:57:34Z","2026-07-20T12:57:36Z","2026-07-20T12:57:37Z","2026-07-20T12:57:38Z","2026-07-20T12:57:39Z","2026-07-20T12:57:40Z","2026-07-20T12:57:41Z","2026-07-20T12:57:42Z","2026-07-20T12:57:43Z","2026-07-20T12:57:44Z","2026-07-20T12:57:45Z","2026-07-20T12:57:46Z","2026-07-20T12:57:47Z","2026-07-20T12:57:48Z","2026-07-20T12:57:49Z","2026-07-20T12:57:50Z","2026-07-20T12:57:51Z","2026-07-20T12:57:52Z","2026-07-20T12:57:53Z","2026-07-20T12:57:54Z","2026-07-20T12:57:55Z","2026-07-20T12:57:56Z","2026-07-20T12:57:57Z","2026-07-20T12:57:58Z","2026-07-20T12:57:59Z","2026-07-20T12:58:00Z","2026-07-20T12:58:01Z","2026-07-20T12:58:02Z","2026-07-20T12:58:03Z","2026-07-20T12:58:04Z","2026-07-20T12:58:05Z","2026-07-20T12:58:06Z","2026-07-20T12:58:07Z","2026-07-20T12:58:08Z","2026-07-20T12:58:09Z","2026-07-20T12:58:10Z","2026-07-20T12:58:11Z","2026-07-20T12:58:12Z","2026-07-20T12:58:13Z","2026-07-20T12:58:14Z","2026-07-20T12:58:15Z","2026-07-20T12:58:16Z","2026-07-20T12:58:17Z","2026-07-20T12:58:18Z","2026-07-20T12:58:19Z","2026-07-20T12:58:20Z","2026-07-20T12:58:21Z","2026-07-20T12:58:22Z","2026-07-20T12:58:23Z","2026-07-20T12:58:24Z","2026-07-20T12:58:25Z","2026-07-20T12:58:26Z","2026-07-20T12:58:27Z","2026-07-20T12:58:28Z","2026-07-20T12:58:29Z","2026-07-20T12:58:30Z","2026-07-20T12:58:31Z","2026-07-20T12:58:32Z","2026-07-20T12:58:33Z","2026-07-20T12:58:34Z","2026-07-20T12:58:35Z","2026-07-20T12:58:36Z","2026-07-20T12:58:37Z","2026-07-20T12:58:38Z","2026-07-20T12:58:39Z","2026-07-20T12:58:40Z","2026-07-20T12:58:41Z","2026-07-20T12:58:42Z","2026-07-20T12:58:43Z","2026-07-20T12:58:44Z","2026-07-20T12:58:45Z","2026-07-20T12:58:46Z","2026-07-20T12:58:47Z","2026-07-20T12:58:47Z","2026-07-20T12:58:48Z","2026-07-20T12:58:49Z","2026-07-20T12:58:50Z","2026-07-20T12:58:51Z","2026-07-20T12:58:52Z","2026-07-20T12:58:53Z","2026-07-20T12:59:13Z","2026-07-20T12:59:14Z","2026-07-20T12:59:15Z","2026-07-20T12:59:16Z","2026-07-20T12:59:17Z","2026-07-20T12:59:18Z","2026-07-20T12:59:19Z","2026-07-20T12:59:20Z","2026-07-20T12:59:21Z","2026-07-20T12:59:22Z","2026-07-20T12:59:23Z","2026-07-20T12:59:24Z","2026-07-20T12:59:25Z","2026-07-20T12:59:26Z","2026-07-20T12:59:27Z","2026-07-20T12:59:28Z","2026-07-20T12:59:29Z","2026-07-20T12:59:30Z","2026-07-20T12:59:31Z","2026-07-20T12:59:32Z","2026-07-20T12:59:33Z","2026-07-20T12:59:34Z","2026-07-20T12:59:35Z","2026-07-20T12:59:36Z","2026-07-20T12:59:37Z","2026-07-20T12:59:38Z","2026-07-20T12:59:39Z","2026-07-20T12:59:40Z","2026-07-20T12:59:42Z","2026-07-20T12:59:43Z","2026-07-20T12:59:44Z","2026-07-20T12:59:45Z","2026-07-20T12:59:46Z","2026-07-20T12:59:47Z","2026-07-20T12:59:48Z","2026-07-20T12:59:49Z","2026-07-20T12:59:50Z","2026-07-20T12:59:51Z","2026-07-20T12:59:52Z","2026-07-20T12:59:53Z","2026-07-20T12:59:54Z","2026-07-20T12:59:55Z","2026-07-20T12:59:56Z","2026-07-20T12:59:57Z","2026-07-20T12:59:58Z","2026-07-20T12:59:59Z","2026-07-20T13:00:00Z","2026-07-20T13:00:01Z","2026-07-20T13:00:02Z","2026-07-20T13:00:03Z","2026-07-20T13:00:04Z","2026-07-20T13:00:05Z","2026-07-20T13:00:06Z","2026-07-20T13:00:07Z","2026-07-20T13:00:08Z","2026-07-20T13:00:09Z","2026-07-20T13:00:10Z","2026-07-20T13:00:11Z","2026-07-20T13:00:12Z","2026-07-20T13:00:13Z","2026-07-20T13:00:14Z","2026-07-20T13:00:15Z","2026-07-20T13:00:16Z","2026-07-20T13:00:17Z","2026-07-20T13:00:18Z","2026-07-20T13:00:19Z","2026-07-20T13:00:20Z","2026-07-20T13:00:21Z","2026-07-20T13:00:22Z","2026-07-20T13:00:23Z","2026-07-20T13:00:24Z","2026-07-20T13:00:25Z","2026-07-20T13:00:26Z","2026-07-20T13:00:27Z","2026-07-20T13:00:28Z","2026-07-20T13:00:29Z","2026-07-20T13:00:30Z","2026-07-20T13:00:31Z","2026-07-20T13:00:32Z","2026-07-20T13:00:33Z","2026-07-20T13:00:34Z","2026-07-20T13:00:35Z","2026-07-20T13:00:36Z","2026-07-20T13:00:37Z","2026-07-20T13:00:38Z","2026-07-20T13:00:39Z","2026-07-20T13:00:40Z","2026-07-20T13:00:41Z","2026-07-20T13:00:42Z","2026-07-20T13:00:43Z","2026-07-20T13:00:44Z","2026-07-20T13:00:45Z","2026-07-20T13:00:46Z","2026-07-20T13:00:47Z","2026-07-20T13:00:48Z","2026-07-20T13:00:49Z","2026-07-20T13:00:50Z","2026-07-20T13:00:51Z","2026-07-20T13:00:52Z","2026-07-20T13:00:53Z","2026-07-20T13:00:54Z","2026-07-20T13:00:55Z","2026-07-20T13:00:56Z","2026-07-20T13:00:57Z","2026-07-20T13:00:58Z","2026-07-20T13:00:59Z","2026-07-20T13:00:59Z","2026-07-20T13:01:00Z","2026-07-20T13:01:01Z","2026-07-20T13:01:02Z","2026-07-20T13:01:03Z","2026-07-20T13:01:04Z","2026-07-20T13:01:05Z","2026-07-20T13:01:06Z","2026-07-20T13:01:07Z","2026-07-20T13:01:08Z","2026-07-20T13:01:09Z","2026-07-20T13:01:10Z","2026-07-20T13:01:11Z","2026-07-20T13:01:12Z","2026-07-20T13:01:13Z","2026-07-20T13:01:14Z","2026-07-20T13:01:16Z","2026-07-20T13:01:17Z","2026-07-20T13:01:18Z","2026-07-20T13:01:19Z","2026-07-20T13:01:20Z","2026-07-20T13:01:21Z","2026-07-20T13:01:22Z","2026-07-20T13:01:23Z","2026-07-20T13:01:24Z","2026-07-20T13:01:25Z","2026-07-20T13:01:26Z","2026-07-20T13:01:27Z","2026-07-20T13:01:28Z","2026-07-20T13:01:29Z","2026-07-20T13:01:30Z","2026-07-20T13:01:31Z","2026-07-20T13:01:32Z","2026-07-20T13:01:33Z","2026-07-20T13:01:34Z","2026-07-20T13:01:35Z","2026-07-20T13:01:36Z","2026-07-20T13:01:37Z","2026-07-20T13:01:38Z","2026-07-20T13:01:39Z","2026-07-20T13:01:40Z","2026-07-20T13:01:41Z","2026-07-20T13:01:42Z","2026-07-20T13:01:43Z","2026-07-20T13:01:44Z","2026-07-20T13:01:45Z","2026-07-20T13:01:46Z","2026-07-20T13:01:48Z","2026-07-20T13:01:49Z","2026-07-20T13:01:50Z","2026-07-20T13:01:51Z","2026-07-20T13:01:52Z","2026-07-20T13:01:53Z","2026-07-20T13:01:54Z","2026-07-20T13:01:55Z","2026-07-20T13:01:56Z","2026-07-20T13:01:57Z","2026-07-20T13:01:58Z","2026-07-20T13:01:59Z","2026-07-20T13:02:00Z","2026-07-20T13:02:01Z","2026-07-20T13:02:02Z","2026-07-20T13:02:03Z","2026-07-20T13:02:04Z","2026-07-20T13:02:05Z","2026-07-20T13:02:06Z","2026-07-20T13:02:07Z","2026-07-20T13:02:08Z","2026-07-20T13:02:09Z","2026-07-20T13:02:10Z","2026-07-20T13:02:11Z","2026-07-20T13:02:12Z","2026-07-20T13:02:13Z","2026-07-20T13:02:14Z","2026-07-20T13:02:15Z","2026-07-20T13:02:16Z","2026-07-20T13:02:17Z","2026-07-20T13:02:18Z","2026-07-20T13:02:19Z","2026-07-20T13:02:20Z","2026-07-20T13:02:21Z","2026-07-20T13:02:22Z","2026-07-20T13:02:23Z","2026-07-20T13:02:24Z","2026-07-20T13:02:25Z","2026-07-20T13:02:26Z","2026-07-20T13:02:27Z","2026-07-20T13:02:28Z","2026-07-20T13:02:29Z","2026-07-20T13:02:30Z","2026-07-20T13:02:31Z","2026-07-20T13:02:32Z","2026-07-20T13:02:33Z","2026-07-20T13:02:34Z","2026-07-20T13:02:35Z","2026-07-20T13:02:36Z","2026-07-20T13:02:37Z","2026-07-20T13:02:38Z","2026-07-20T13:02:39Z","2026-07-20T13:02:40Z","2026-07-20T13:02:41Z","2026-07-20T13:02:42Z","2026-07-20T13:02:43Z","2026-07-20T13:02:44Z","2026-07-20T13:02:45Z","2026-07-20T13:02:46Z","2026-07-20T13:02:47Z","2026-07-20T13:02:48Z","2026-07-20T13:02:49Z","2026-07-20T13:02:50Z","2026-07-20T13:02:51Z","2026-07-20T13:02:52Z","2026-07-20T13:02:53Z","2026-07-20T13:02:54Z","2026-07-20T13:02:55Z","2026-07-20T13:02:56Z","2026-07-20T13:02:57Z","2026-07-20T13:02:58Z","2026-07-20T13:02:59Z","2026-07-20T13:02:59Z","2026-07-20T13:03:00Z","2026-07-20T13:03:01Z","2026-07-20T13:03:02Z","2026-07-20T13:03:03Z","2026-07-20T13:03:04Z","2026-07-20T13:03:05Z","2026-07-20T13:03:06Z","2026-07-20T13:03:07Z","2026-07-20T13:03:08Z","2026-07-20T13:03:09Z","2026-07-20T13:03:10Z","2026-07-20T13:03:11Z","2026-07-20T13:03:12Z","2026-07-20T13:03:13Z","2026-07-20T13:03:14Z","2026-07-20T13:03:15Z","2026-07-20T13:03:17Z","2026-07-20T13:03:18Z","2026-07-20T13:03:19Z","2026-07-20T13:03:20Z","2026-07-20T13:03:21Z","2026-07-20T13:03:22Z","2026-07-20T13:03:23Z","2026-07-20T13:03:24Z","2026-07-20T13:03:25Z","2026-07-20T13:03:26Z","2026-07-20T13:03:27Z","2026-07-20T13:03:28Z","2026-07-20T13:03:29Z","2026-07-20T13:03:30Z","2026-07-20T13:03:31Z","2026-07-20T13:03:32Z","2026-07-20T13:03:33Z","2026-07-20T13:03:34Z","2026-07-20T13:03:35Z","2026-07-20T13:03:36Z","2026-07-20T13:03:37Z","2026-07-20T13:03:38Z","2026-07-20T13:03:39Z","2026-07-20T13:03:40Z","2026-07-20T13:03:41Z","2026-07-20T13:03:42Z","2026-07-20T13:03:43Z","2026-07-20T13:03:44Z","2026-07-20T13:03:45Z","2026-07-20T13:03:46Z","2026-07-20T13:03:47Z","2026-07-20T13:03:48Z","2026-07-20T13:03:49Z","2026-07-20T13:03:50Z","2026-07-20T13:03:51Z","2026-07-20T13:03:52Z","2026-07-20T13:03:54Z","2026-07-20T13:03:55Z","2026-07-20T13:03:56Z","2026-07-20T13:03:57Z","2026-07-20T13:03:58Z","2026-07-20T13:03:59Z","2026-07-20T13:04:00Z","2026-07-20T13:04:01Z","2026-07-20T13:04:02Z","2026-07-20T13:04:03Z","2026-07-20T13:04:04Z","2026-07-20T13:04:05Z","2026-07-20T13:04:06Z","2026-07-20T13:04:07Z","2026-07-20T13:04:08Z","2026-07-20T13:04:09Z","2026-07-20T13:04:10Z","2026-07-20T13:04:11Z","2026-07-20T13:04:12Z","2026-07-20T13:04:13Z","2026-07-20T13:04:14Z","2026-07-20T13:04:15Z","2026-07-20T13:04:16Z","2026-07-20T13:04:17Z","2026-07-20T13:04:18Z","2026-07-20T13:04:19Z","2026-07-20T13:04:20Z","2026-07-20T13:04:21Z","2026-07-20T13:04:22Z","2026-07-20T13:04:23Z","2026-07-20T13:04:24Z","2026-07-20T13:04:25Z","2026-07-20T13:04:26Z","2026-07-20T13:04:27Z","2026-07-20T13:04:28Z","2026-07-20T13:04:29Z","2026-07-20T13:04:30Z","2026-07-20T13:04:31Z","2026-07-20T13:04:32Z","2026-07-20T13:04:33Z","2026-07-20T13:04:34Z","2026-07-20T13:04:35Z","2026-07-20T13:04:36Z","2026-07-20T13:04:37Z","2026-07-20T13:04:38Z","2026-07-20T13:04:39Z","2026-07-20T13:04:40Z","2026-07-20T13:04:41Z","2026-07-20T13:04:42Z","2026-07-20T13:04:43Z","2026-07-20T13:04:44Z","2026-07-20T13:04:45Z","2026-07-20T13:04:46Z","2026-07-20T13:04:47Z","2026-07-20T13:04:48Z","2026-07-20T13:04:49Z","2026-07-20T13:04:50Z","2026-07-20T13:04:51Z","2026-07-20T13:04:52Z","2026-07-20T13:04:53Z","2026-07-20T13:04:54Z","2026-07-20T13:04:55Z","2026-07-20T13:04:56Z","2026-07-20T13:04:57Z","2026-07-20T13:04:58Z","2026-07-20T13:04:59Z","2026-07-20T13:05:00Z","2026-07-20T13:05:01Z","2026-07-20T13:05:02Z","2026-07-20T13:05:03Z","2026-07-20T13:05:05Z","2026-07-20T13:05:10Z","2026-07-20T13:05:12Z","2026-07-20T13:05:13Z","2026-07-20T13:05:15Z","2026-07-20T13:05:16Z","2026-07-20T13:05:17Z","2026-07-20T13:05:18Z","2026-07-20T13:05:19Z","2026-07-20T13:05:20Z","2026-07-20T13:05:21Z","2026-07-20T13:05:22Z","2026-07-20T13:05:23Z","2026-07-20T13:05:24Z","2026-07-20T13:05:25Z","2026-07-20T13:05:26Z","2026-07-20T13:05:27Z","2026-07-20T13:05:28Z","2026-07-20T13:05:29Z","2026-07-20T13:05:30Z","2026-07-20T13:05:31Z","2026-07-20T13:05:32Z","2026-07-20T13:05:33Z","2026-07-20T13:05:34Z","2026-07-20T13:05:35Z","2026-07-20T13:05:36Z","2026-07-20T13:05:37Z","2026-07-20T13:05:38Z","2026-07-20T13:05:39Z","2026-07-20T13:05:40Z","2026-07-20T13:05:41Z","2026-07-20T13:05:42Z","2026-07-20T13:05:43Z","2026-07-20T13:05:44Z","2026-07-20T13:05:45Z","2026-07-20T13:05:47Z","2026-07-20T13:05:49Z","2026-07-20T13:05:52Z","2026-07-20T13:05:54Z","2026-07-20T13:05:56Z","2026-07-20T13:05:57Z","2026-07-20T13:05:58Z","2026-07-20T13:06:00Z","2026-07-20T13:06:01Z","2026-07-20T13:06:02Z","2026-07-20T13:06:03Z","2026-07-20T13:06:04Z","2026-07-20T13:06:05Z","2026-07-20T13:06:06Z","2026-07-20T13:06:07Z","2026-07-20T13:06:08Z","2026-07-20T13:06:09Z","2026-07-20T13:06:10Z","2026-07-20T13:06:11Z","2026-07-20T13:06:12Z","2026-07-20T13:06:13Z","2026-07-20T13:06:14Z","2026-07-20T13:06:15Z","2026-07-20T13:06:16Z","2026-07-20T13:06:17Z","2026-07-20T13:06:18Z","2026-07-20T13:06:19Z","2026-07-20T13:06:20Z","2026-07-20T13:06:21Z","2026-07-20T13:06:22Z","2026-07-20T13:06:23Z","2026-07-20T13:06:24Z","2026-07-20T13:06:25Z","2026-07-20T13:06:26Z","2026-07-20T13:06:27Z","2026-07-20T13:06:28Z","2026-07-20T13:06:29Z","2026-07-20T13:06:30Z","2026-07-20T13:06:31Z","2026-07-20T13:06:32Z","2026-07-20T13:06:33Z","2026-07-20T13:06:34Z","2026-07-20T13:06:35Z","2026-07-20T13:06:36Z","2026-07-20T13:06:37Z","2026-07-20T13:06:38Z","2026-07-20T13:06:39Z","2026-07-20T13:06:40Z","2026-07-20T13:06:41Z","2026-07-20T13:06:42Z","2026-07-20T13:06:43Z","2026-07-20T13:06:44Z","2026-07-20T13:06:45Z","2026-07-20T13:06:46Z","2026-07-20T13:06:47Z","2026-07-20T13:06:48Z","2026-07-20T13:06:49Z","2026-07-20T13:06:50Z","2026-07-20T13:06:51Z","2026-07-20T13:06:52Z","2026-07-20T13:06:53Z","2026-07-20T13:06:54Z","2026-07-20T13:06:55Z","2026-07-20T13:06:56Z","2026-07-20T13:06:57Z","2026-07-20T13:06:58Z","2026-07-20T13:06:59Z","2026-07-20T13:07:00Z","2026-07-20T13:07:01Z","2026-07-20T13:07:02Z","2026-07-20T13:07:03Z","2026-07-20T13:07:04Z","2026-07-20T13:07:05Z","2026-07-20T13:07:06Z","2026-07-20T13:07:07Z","2026-07-20T13:07:08Z","2026-07-20T13:07:08Z","2026-07-20T13:07:09Z","2026-07-20T13:07:10Z","2026-07-20T13:07:11Z","2026-07-20T13:07:12Z","2026-07-20T13:07:13Z","2026-07-20T13:07:14Z","2026-07-20T13:07:15Z","2026-07-20T13:07:16Z","2026-07-20T13:07:17Z","2026-07-20T13:07:18Z","2026-07-20T13:07:19Z","2026-07-20T13:07:20Z","2026-07-20T13:07:21Z","2026-07-20T13:07:22Z","2026-07-20T13:07:23Z","2026-07-20T13:07:24Z","2026-07-20T13:07:25Z","2026-07-20T13:07:26Z","2026-07-20T13:07:27Z","2026-07-20T13:07:28Z","2026-07-20T13:07:29Z","2026-07-20T13:07:30Z","2026-07-20T13:07:31Z","2026-07-20T13:07:32Z","2026-07-20T13:07:33Z","2026-07-20T13:07:34Z","2026-07-20T13:07:35Z","2026-07-20T13:07:36Z","2026-07-20T13:07:37Z","2026-07-20T13:07:38Z","2026-07-20T13:07:39Z","2026-07-20T13:07:40Z","2026-07-20T13:07:41Z","2026-07-20T13:07:42Z","2026-07-20T13:07:44Z","2026-07-20T13:07:46Z","2026-07-20T13:07:48Z","2026-07-20T13:07:57Z","2026-07-20T13:07:59Z","2026-07-20T13:08:01Z","2026-07-20T13:08:02Z","2026-07-20T13:08:03Z","2026-07-20T13:08:04Z","2026-07-20T13:08:06Z","2026-07-20T13:08:07Z","2026-07-20T13:08:08Z","2026-07-20T13:08:09Z","2026-07-20T13:08:10Z","2026-07-20T13:08:11Z","2026-07-20T13:08:12Z","2026-07-20T13:08:13Z","2026-07-20T13:08:14Z","2026-07-20T13:08:15Z","2026-07-20T13:08:16Z","2026-07-20T13:08:17Z","2026-07-20T13:08:18Z","2026-07-20T13:08:19Z","2026-07-20T13:08:20Z","2026-07-20T13:08:21Z","2026-07-20T13:08:22Z","2026-07-20T13:08:23Z","2026-07-20T13:08:24Z","2026-07-20T13:08:25Z","2026-07-20T13:08:26Z","2026-07-20T13:08:27Z","2026-07-20T13:08:28Z","2026-07-20T13:08:29Z","2026-07-20T13:08:30Z","2026-07-20T13:08:31Z","2026-07-20T13:08:32Z","2026-07-20T13:08:33Z","2026-07-20T13:08:34Z","2026-07-20T13:08:35Z","2026-07-20T13:08:36Z","2026-07-20T13:08:37Z","2026-07-20T13:08:38Z","2026-07-20T13:08:39Z","2026-07-20T13:08:40Z","2026-07-20T13:08:41Z","2026-07-20T13:08:42Z","2026-07-20T13:08:43Z","2026-07-20T13:08:44Z","2026-07-20T13:08:45Z","2026-07-20T13:08:46Z","2026-07-20T13:08:47Z","2026-07-20T13:08:48Z","2026-07-20T13:08:49Z","2026-07-20T13:08:50Z","2026-07-20T13:08:51Z","2026-07-20T13:08:52Z","2026-07-20T13:08:53Z","2026-07-20T13:08:54Z","2026-07-20T13:08:55Z","2026-07-20T13:08:56Z","2026-07-20T13:08:57Z","2026-07-20T13:08:58Z","2026-07-20T13:08:59Z","2026-07-20T13:09:00Z","2026-07-20T13:09:01Z","2026-07-20T13:09:02Z","2026-07-20T13:09:03Z","2026-07-20T13:09:04Z","2026-07-20T13:09:05Z","2026-07-20T13:09:06Z","2026-07-20T13:09:06Z","2026-07-20T13:09:08Z","2026-07-20T13:09:10Z","2026-07-20T13:09:13Z","2026-07-20T13:09:14Z","2026-07-20T13:09:16Z","2026-07-20T13:09:19Z","2026-07-20T13:09:20Z","2026-07-20T13:09:21Z","2026-07-20T13:09:22Z","2026-07-20T13:09:23Z","2026-07-20T13:09:24Z","2026-07-20T13:09:25Z","2026-07-20T13:09:26Z","2026-07-20T13:09:27Z","2026-07-20T13:09:28Z","2026-07-20T13:09:29Z","2026-07-20T13:09:30Z","2026-07-20T13:09:31Z","2026-07-20T13:09:32Z","2026-07-20T13:09:33Z","2026-07-20T13:09:34Z","2026-07-20T13:09:35Z","2026-07-20T13:09:36Z","2026-07-20T13:09:37Z","2026-07-20T13:09:38Z","2026-07-20T13:09:39Z","2026-07-20T13:09:40Z","2026-07-20T13:09:41Z","2026-07-20T13:09:42Z","2026-07-20T13:09:43Z","2026-07-20T13:09:44Z","2026-07-20T13:09:45Z","2026-07-20T13:09:46Z","2026-07-20T13:09:47Z","2026-07-20T13:09:48Z","2026-07-20T13:09:49Z","2026-07-20T13:09:50Z","2026-07-20T13:09:51Z","2026-07-20T13:09:52Z","2026-07-20T13:09:53Z","2026-07-20T13:09:54Z","2026-07-20T13:09:55Z","2026-07-20T13:09:56Z","2026-07-20T13:09:57Z","2026-07-20T13:09:58Z","2026-07-20T13:09:59Z","2026-07-20T13:10:00Z","2026-07-20T13:10:01Z","2026-07-20T13:10:02Z","2026-07-20T13:10:03Z","2026-07-20T13:10:04Z","2026-07-20T13:10:05Z","2026-07-20T13:10:06Z","2026-07-20T13:10:07Z","2026-07-20T13:10:08Z","2026-07-20T13:10:09Z","2026-07-20T13:10:10Z","2026-07-20T13:10:12Z","2026-07-20T13:10:13Z","2026-07-20T13:10:14Z","2026-07-20T13:10:15Z","2026-07-20T13:10:16Z","2026-07-20T13:10:17Z","2026-07-20T13:10:18Z","2026-07-20T13:10:19Z","2026-07-20T13:10:20Z","2026-07-20T13:10:21Z","2026-07-20T13:10:22Z","2026-07-20T13:10:23Z","2026-07-20T13:10:24Z","2026-07-20T13:10:25Z","2026-07-20T13:10:26Z","2026-07-20T13:10:27Z","2026-07-20T13:10:28Z","2026-07-20T13:10:29Z","2026-07-20T13:10:30Z","2026-07-20T13:10:31Z","2026-07-20T13:10:32Z","2026-07-20T13:10:34Z","2026-07-20T13:10:36Z","2026-07-20T13:10:38Z","2026-07-20T13:10:40Z","2026-07-20T13:10:41Z","2026-07-20T13:10:43Z","2026-07-20T13:10:44Z","2026-07-20T13:10:45Z","2026-07-20T13:10:46Z","2026-07-20T13:10:47Z","2026-07-20T13:10:48Z","2026-07-20T13:10:49Z","2026-07-20T13:10:50Z","2026-07-20T13:10:51Z","2026-07-20T13:10:52Z","2026-07-20T13:10:53Z","2026-07-20T13:10:54Z","2026-07-20T13:10:55Z","2026-07-20T13:10:56Z","2026-07-20T13:10:57Z","2026-07-20T13:10:58Z","2026-07-20T13:10:59Z","2026-07-20T13:11:00Z","2026-07-20T13:11:01Z","2026-07-20T13:11:02Z","2026-07-20T13:11:03Z","2026-07-20T13:11:04Z","2026-07-20T13:11:05Z","2026-07-20T13:11:06Z","2026-07-20T13:11:07Z","2026-07-20T13:11:08Z","2026-07-20T13:11:09Z","2026-07-20T13:11:10Z","2026-07-20T13:11:10Z","2026-07-20T13:11:11Z","2026-07-20T13:11:12Z","2026-07-20T13:11:13Z","2026-07-20T13:11:14Z","2026-07-20T13:11:15Z","2026-07-20T13:11:16Z","2026-07-20T13:11:17Z","2026-07-20T13:11:18Z","2026-07-20T13:11:19Z","2026-07-20T13:11:20Z","2026-07-20T13:11:21Z","2026-07-20T13:11:22Z","2026-07-20T13:11:23Z","2026-07-20T13:11:24Z","2026-07-20T13:11:25Z","2026-07-20T13:11:26Z","2026-07-20T13:11:27Z","2026-07-20T13:11:28Z","2026-07-20T13:11:29Z","2026-07-20T13:11:30Z","2026-07-20T13:11:31Z","2026-07-20T13:11:32Z","2026-07-20T13:11:33Z","2026-07-20T13:11:34Z","2026-07-20T13:11:35Z","2026-07-20T13:11:36Z","2026-07-20T13:11:37Z","2026-07-20T13:11:38Z","2026-07-20T13:11:39Z","2026-07-20T13:11:40Z","2026-07-20T13:11:41Z","2026-07-20T13:11:42Z","2026-07-20T13:11:43Z","2026-07-20T13:11:44Z","2026-07-20T13:11:45Z","2026-07-20T13:11:46Z","2026-07-20T13:11:47Z","2026-07-20T13:11:48Z","2026-07-20T13:11:49Z","2026-07-20T13:11:50Z","2026-07-20T13:11:51Z","2026-07-20T13:11:52Z","2026-07-20T13:11:53Z","2026-07-20T13:11:54Z","2026-07-20T13:11:55Z","2026-07-20T13:11:56Z","2026-07-20T13:11:57Z","2026-07-20T13:11:58Z","2026-07-20T13:11:59Z","2026-07-20T13:12:00Z","2026-07-20T13:12:01Z","2026-07-20T13:12:02Z","2026-07-20T13:12:03Z","2026-07-20T13:12:04Z","2026-07-20T13:12:05Z","2026-07-20T13:12:06Z","2026-07-20T13:12:07Z","2026-07-20T13:12:08Z","2026-07-20T13:12:09Z","2026-07-20T13:12:10Z","2026-07-20T13:12:11Z","2026-07-20T13:12:12Z","2026-07-20T13:12:13Z","2026-07-20T13:12:14Z","2026-07-20T13:12:15Z","2026-07-20T13:12:16Z","2026-07-20T13:12:18Z","2026-07-20T13:12:19Z","2026-07-20T13:12:20Z","2026-07-20T13:12:21Z","2026-07-20T13:12:22Z","2026-07-20T13:12:24Z","2026-07-20T13:12:27Z","2026-07-20T13:12:29Z","2026-07-20T13:12:31Z","2026-07-20T13:12:32Z","2026-07-20T13:12:34Z","2026-07-20T13:12:35Z","2026-07-20T13:12:36Z","2026-07-20T13:12:37Z","2026-07-20T13:12:38Z","2026-07-20T13:12:39Z","2026-07-20T13:12:40Z","2026-07-20T13:12:41Z","2026-07-20T13:12:42Z","2026-07-20T13:12:43Z","2026-07-20T13:12:44Z","2026-07-20T13:12:45Z","2026-07-20T13:12:46Z","2026-07-20T13:12:47Z","2026-07-20T13:12:48Z","2026-07-20T13:12:49Z","2026-07-20T13:12:50Z","2026-07-20T13:12:51Z","2026-07-20T13:12:52Z","2026-07-20T13:12:53Z","2026-07-20T13:12:54Z","2026-07-20T13:12:55Z","2026-07-20T13:12:56Z","2026-07-20T13:12:57Z","2026-07-20T13:12:58Z","2026-07-20T13:12:59Z","2026-07-20T13:13:00Z","2026-07-20T13:13:01Z","2026-07-20T13:13:02Z","2026-07-20T13:13:03Z","2026-07-20T13:13:04Z","2026-07-20T13:13:05Z","2026-07-20T13:13:06Z","2026-07-20T13:13:07Z","2026-07-20T13:13:08Z","2026-07-20T13:13:10Z","2026-07-20T13:13:12Z","2026-07-20T13:13:12Z","2026-07-20T13:13:13Z","2026-07-20T13:13:14Z","2026-07-20T13:13:16Z","2026-07-20T13:13:18Z","2026-07-20T13:13:20Z","2026-07-20T13:13:21Z","2026-07-20T13:13:23Z","2026-07-20T13:13:25Z","2026-07-20T13:13:26Z","2026-07-20T13:13:27Z","2026-07-20T13:13:28Z","2026-07-20T13:13:29Z","2026-07-20T13:13:30Z","2026-07-20T13:13:31Z","2026-07-20T13:13:32Z","2026-07-20T13:13:33Z","2026-07-20T13:13:34Z","2026-07-20T13:13:35Z","2026-07-20T13:13:36Z","2026-07-20T13:13:37Z","2026-07-20T13:13:38Z","2026-07-20T13:13:39Z","2026-07-20T13:13:40Z","2026-07-20T13:13:41Z","2026-07-20T13:13:42Z","2026-07-20T13:13:43Z","2026-07-20T13:13:44Z","2026-07-20T13:13:45Z","2026-07-20T13:13:46Z","2026-07-20T13:13:47Z","2026-07-20T13:13:48Z","2026-07-20T13:13:49Z","2026-07-20T13:13:50Z","2026-07-20T13:13:51Z","2026-07-20T13:13:52Z","2026-07-20T13:13:53Z","2026-07-20T13:13:54Z","2026-07-20T13:13:55Z","2026-07-20T13:13:56Z","2026-07-20T13:13:57Z","2026-07-20T13:13:58Z","2026-07-20T13:13:59Z","2026-07-20T13:14:00Z","2026-07-20T13:14:01Z","2026-07-20T13:14:02Z","2026-07-20T13:14:03Z","2026-07-20T13:14:04Z","2026-07-20T13:14:05Z","2026-07-20T13:14:06Z","2026-07-20T13:14:07Z","2026-07-20T13:14:08Z","2026-07-20T13:14:09Z","2026-07-20T13:14:10Z","2026-07-20T13:14:11Z","2026-07-20T13:14:12Z","2026-07-20T13:14:13Z","2026-07-20T13:14:14Z","2026-07-20T13:14:16Z","2026-07-20T13:14:17Z","2026-07-20T13:14:20Z","2026-07-20T13:14:49Z","2026-07-20T13:14:51Z","2026-07-20T13:14:53Z","2026-07-20T13:14:55Z","2026-07-20T13:14:56Z","2026-07-20T13:14:57Z","2026-07-20T13:14:58Z","2026-07-20T13:14:59Z","2026-07-20T13:15:00Z","2026-07-20T13:15:01Z","2026-07-20T13:15:02Z","2026-07-20T13:15:03Z","2026-07-20T13:15:04Z","2026-07-20T13:15:05Z","2026-07-20T13:15:06Z","2026-07-20T13:15:07Z","2026-07-20T13:15:08Z","2026-07-20T13:15:09Z","2026-07-20T13:15:10Z","2026-07-20T13:15:11Z","2026-07-20T13:15:12Z","2026-07-20T13:15:13Z","2026-07-20T13:15:14Z","2026-07-20T13:15:15Z","2026-07-20T13:15:16Z","2026-07-20T13:15:17Z","2026-07-20T13:15:18Z","2026-07-20T13:15:19Z","2026-07-20T13:15:21Z","2026-07-20T13:15:26Z","2026-07-20T13:15:50Z","2026-07-20T13:15:52Z","2026-07-20T13:15:54Z","2026-07-20T13:15:55Z","2026-07-20T13:15:56Z","2026-07-20T13:15:57Z","2026-07-20T13:15:58Z","2026-07-20T13:15:59Z","2026-07-20T13:16:01Z","2026-07-20T13:16:03Z","2026-07-20T13:16:04Z","2026-07-20T13:16:05Z","2026-07-20T13:16:06Z","2026-07-20T13:16:07Z","2026-07-20T13:16:08Z","2026-07-20T13:16:09Z","2026-07-20T13:16:10Z","2026-07-20T13:16:11Z","2026-07-20T13:16:12Z","2026-07-20T13:16:13Z","2026-07-20T13:16:14Z","2026-07-20T13:16:15Z","2026-07-20T13:16:16Z","2026-07-20T13:16:17Z","2026-07-20T13:16:18Z","2026-07-20T13:16:19Z","2026-07-20T13:16:20Z","2026-07-20T13:16:21Z","2026-07-20T13:16:22Z","2026-07-20T13:16:23Z","2026-07-20T13:16:24Z","2026-07-20T13:16:25Z","2026-07-20T13:16:26Z","2026-07-20T13:16:27Z","2026-07-20T13:16:28Z","2026-07-20T13:16:30Z","2026-07-20T13:16:31Z","2026-07-20T13:16:32Z","2026-07-20T13:16:33Z","2026-07-20T13:16:34Z","2026-07-20T13:16:35Z","2026-07-20T13:16:36Z","2026-07-20T13:16:37Z","2026-07-20T13:16:38Z","2026-07-20T13:16:39Z","2026-07-20T13:16:40Z","2026-07-20T13:16:41Z","2026-07-20T13:16:42Z","2026-07-20T13:16:43Z","2026-07-20T13:16:44Z","2026-07-20T13:16:45Z","2026-07-20T13:16:46Z","2026-07-20T13:16:47Z","2026-07-20T13:16:48Z","2026-07-20T13:16:49Z","2026-07-20T13:16:50Z","2026-07-20T13:16:51Z","2026-07-20T13:16:52Z","2026-07-20T13:16:53Z","2026-07-20T13:16:54Z","2026-07-20T13:16:55Z","2026-07-20T13:16:56Z","2026-07-20T13:16:57Z","2026-07-20T13:16:58Z","2026-07-20T13:16:59Z","2026-07-20T13:17:00Z","2026-07-20T13:17:01Z","2026-07-20T13:17:02Z","2026-07-20T13:17:03Z","2026-07-20T13:17:04Z","2026-07-20T13:17:05Z","2026-07-20T13:17:06Z","2026-07-20T13:17:07Z","2026-07-20T13:17:08Z","2026-07-20T13:17:09Z","2026-07-20T13:17:10Z","2026-07-20T13:17:11Z","2026-07-20T13:17:12Z","2026-07-20T13:17:13Z","2026-07-20T13:17:14Z","2026-07-20T13:17:15Z","2026-07-20T13:17:16Z","2026-07-20T13:17:17Z","2026-07-20T13:17:18Z","2026-07-20T13:17:19Z","2026-07-20T13:17:20Z","2026-07-20T13:17:21Z","2026-07-20T13:17:22Z","2026-07-20T13:17:23Z","2026-07-20T13:17:24Z","2026-07-20T13:17:25Z","2026-07-20T13:17:26Z","2026-07-20T13:17:27Z","2026-07-20T13:17:28Z","2026-07-20T13:17:29Z","2026-07-20T13:17:30Z","2026-07-20T13:17:31Z","2026-07-20T13:17:32Z","2026-07-20T13:17:33Z","2026-07-20T13:17:33Z","2026-07-20T13:17:34Z","2026-07-20T13:17:35Z","2026-07-20T13:17:36Z","2026-07-20T13:17:37Z","2026-07-20T13:17:38Z","2026-07-20T13:17:39Z","2026-07-20T13:17:40Z","2026-07-20T13:17:41Z","2026-07-20T13:17:42Z","2026-07-20T13:17:43Z","2026-07-20T13:17:44Z","2026-07-20T13:17:45Z","2026-07-20T13:17:46Z","2026-07-20T13:17:47Z","2026-07-20T13:17:48Z","2026-07-20T13:17:49Z","2026-07-20T13:17:50Z","2026-07-20T13:17:51Z","2026-07-20T13:17:52Z","2026-07-20T13:17:53Z","2026-07-20T13:17:54Z","2026-07-20T13:17:55Z","2026-07-20T13:17:56Z","2026-07-20T13:17:57Z","2026-07-20T13:17:58Z","2026-07-20T13:17:59Z","2026-07-20T13:18:00Z","2026-07-20T13:18:01Z","2026-07-20T13:18:02Z","2026-07-20T13:18:03Z","2026-07-20T13:18:04Z","2026-07-20T13:18:05Z","2026-07-20T13:18:06Z","2026-07-20T13:18:07Z","2026-07-20T13:18:08Z","2026-07-20T13:18:09Z","2026-07-20T13:18:10Z","2026-07-20T13:18:11Z","2026-07-20T13:18:12Z","2026-07-20T13:18:13Z","2026-07-20T13:18:14Z","2026-07-20T13:18:15Z","2026-07-20T13:18:16Z","2026-07-20T13:18:17Z","2026-07-20T13:18:18Z","2026-07-20T13:18:19Z","2026-07-20T13:18:20Z","2026-07-20T13:18:21Z","2026-07-20T13:18:22Z","2026-07-20T13:18:23Z","2026-07-20T13:18:24Z","2026-07-20T13:18:25Z","2026-07-20T13:18:26Z","2026-07-20T13:18:27Z","2026-07-20T13:18:28Z","2026-07-20T13:18:29Z","2026-07-20T13:18:30Z","2026-07-20T13:18:31Z","2026-07-20T13:18:32Z","2026-07-20T13:18:33Z","2026-07-20T13:18:34Z","2026-07-20T13:18:36Z","2026-07-20T13:18:37Z","2026-07-20T13:18:38Z","2026-07-20T13:18:39Z","2026-07-20T13:18:40Z","2026-07-20T13:18:41Z","2026-07-20T13:18:42Z","2026-07-20T13:18:43Z","2026-07-20T13:18:44Z","2026-07-20T13:18:45Z","2026-07-20T13:18:46Z","2026-07-20T13:18:47Z","2026-07-20T13:18:48Z","2026-07-20T13:18:49Z","2026-07-20T13:18:50Z","2026-07-20T13:18:51Z","2026-07-20T13:18:52Z","2026-07-20T13:18:53Z","2026-07-20T13:18:54Z","2026-07-20T13:18:55Z","2026-07-20T13:18:56Z","2026-07-20T13:18:57Z","2026-07-20T13:18:58Z","2026-07-20T13:18:59Z","2026-07-20T13:19:00Z","2026-07-20T13:19:01Z","2026-07-20T13:19:02Z","2026-07-20T13:19:03Z","2026-07-20T13:19:04Z","2026-07-20T13:19:05Z","2026-07-20T13:19:06Z","2026-07-20T13:19:07Z","2026-07-20T13:19:08Z","2026-07-20T13:19:09Z","2026-07-20T13:19:10Z","2026-07-20T13:19:11Z","2026-07-20T13:19:12Z","2026-07-20T13:19:13Z","2026-07-20T13:19:14Z","2026-07-20T13:19:15Z","2026-07-20T13:19:16Z","2026-07-20T13:19:17Z","2026-07-20T13:19:18Z","2026-07-20T13:19:19Z","2026-07-20T13:19:20Z","2026-07-20T13:19:21Z","2026-07-20T13:19:22Z","2026-07-20T13:19:23Z","2026-07-20T13:19:24Z","2026-07-20T13:19:25Z","2026-07-20T13:19:26Z","2026-07-20T13:19:27Z","2026-07-20T13:19:28Z","2026-07-20T13:19:29Z","2026-07-20T13:19:30Z","2026-07-20T13:19:31Z","2026-07-20T13:19:32Z","2026-07-20T13:19:33Z","2026-07-20T13:19:34Z","2026-07-20T13:19:35Z","2026-07-20T13:19:36Z","2026-07-20T13:19:37Z","2026-07-20T13:19:38Z","2026-07-20T13:19:39Z","2026-07-20T13:19:40Z","2026-07-20T13:19:41Z","2026-07-20T13:19:42Z","2026-07-20T13:19:43Z","2026-07-20T13:19:43Z","2026-07-20T13:19:44Z","2026-07-20T13:19:45Z","2026-07-20T13:19:46Z","2026-07-20T13:19:47Z","2026-07-20T13:19:48Z","2026-07-20T13:19:49Z","2026-07-20T13:19:50Z","2026-07-20T13:19:51Z","2026-07-20T13:19:52Z","2026-07-20T13:19:53Z","2026-07-20T13:19:54Z","2026-07-20T13:19:55Z","2026-07-20T13:19:56Z","2026-07-20T13:19:57Z","2026-07-20T13:19:58Z","2026-07-20T13:19:59Z","2026-07-20T13:20:00Z","2026-07-20T13:20:01Z","2026-07-20T13:20:02Z","2026-07-20T13:20:03Z","2026-07-20T13:20:04Z","2026-07-20T13:20:05Z","2026-07-20T13:20:06Z","2026-07-20T13:20:07Z","2026-07-20T13:20:08Z","2026-07-20T13:20:09Z","2026-07-20T13:20:10Z","2026-07-20T13:20:11Z","2026-07-20T13:20:12Z","2026-07-20T13:20:13Z","2026-07-20T13:20:14Z","2026-07-20T13:20:15Z","2026-07-20T13:20:16Z","2026-07-20T13:20:17Z","2026-07-20T13:20:19Z","2026-07-20T13:20:21Z","2026-07-20T13:20:23Z","2026-07-20T13:20:25Z","2026-07-20T13:20:27Z","2026-07-20T13:20:28Z","2026-07-20T13:20:29Z","2026-07-20T13:20:30Z","2026-07-20T13:20:31Z","2026-07-20T13:20:32Z","2026-07-20T13:20:33Z","2026-07-20T13:20:34Z","2026-07-20T13:20:35Z","2026-07-20T13:20:36Z","2026-07-20T13:20:37Z","2026-07-20T13:20:38Z","2026-07-20T13:20:39Z","2026-07-20T13:20:40Z","2026-07-20T13:20:42Z","2026-07-20T13:20:43Z","2026-07-20T13:20:44Z","2026-07-20T13:20:45Z","2026-07-20T13:20:46Z","2026-07-20T13:20:47Z","2026-07-20T13:20:48Z","2026-07-20T13:20:49Z","2026-07-20T13:20:50Z","2026-07-20T13:20:51Z","2026-07-20T13:20:52Z","2026-07-20T13:20:53Z","2026-07-20T13:20:54Z","2026-07-20T13:20:55Z","2026-07-20T13:20:56Z","2026-07-20T13:20:57Z","2026-07-20T13:20:58Z","2026-07-20T13:20:59Z","2026-07-20T13:21:00Z","2026-07-20T13:21:01Z","2026-07-20T13:21:02Z","2026-07-20T13:21:03Z","2026-07-20T13:21:04Z","2026-07-20T13:21:05Z","2026-07-20T13:21:06Z","2026-07-20T13:21:07Z","2026-07-20T13:21:08Z","2026-07-20T13:21:09Z","2026-07-20T13:21:10Z","2026-07-20T13:21:11Z","2026-07-20T13:21:12Z","2026-07-20T13:21:13Z","2026-07-20T13:21:14Z","2026-07-20T13:21:15Z","2026-07-20T13:21:16Z","2026-07-20T13:21:17Z","2026-07-20T13:21:18Z","2026-07-20T13:21:20Z","2026-07-20T13:21:22Z","2026-07-20T13:21:24Z","2026-07-20T13:21:27Z","2026-07-20T13:21:34Z","2026-07-20T13:21:40Z","2026-07-20T13:21:43Z","2026-07-20T13:21:45Z","2026-07-20T13:21:46Z","2026-07-20T13:21:48Z","2026-07-20T13:21:49Z","2026-07-20T13:21:50Z","2026-07-20T13:21:51Z","2026-07-20T13:21:52Z","2026-07-20T13:21:53Z","2026-07-20T13:21:54Z","2026-07-20T13:21:55Z","2026-07-20T13:21:56Z","2026-07-20T13:21:57Z","2026-07-20T13:21:58Z","2026-07-20T13:21:59Z","2026-07-20T13:22:00Z","2026-07-20T13:22:01Z","2026-07-20T13:22:02Z","2026-07-20T13:22:03Z","2026-07-20T13:22:04Z","2026-07-20T13:22:05Z","2026-07-20T13:22:06Z","2026-07-20T13:22:07Z","2026-07-20T13:22:08Z","2026-07-20T13:22:09Z","2026-07-20T13:22:10Z","2026-07-20T13:22:11Z","2026-07-20T13:22:12Z","2026-07-20T13:22:13Z","2026-07-20T13:22:14Z","2026-07-20T13:22:15Z","2026-07-20T13:22:16Z","2026-07-20T13:22:17Z","2026-07-20T13:22:18Z","2026-07-20T13:22:19Z","2026-07-20T13:22:20Z","2026-07-20T13:22:21Z","2026-07-20T13:22:22Z","2026-07-20T13:22:23Z","2026-07-20T13:22:24Z","2026-07-20T13:22:25Z","2026-07-20T13:22:26Z","2026-07-20T13:22:27Z","2026-07-20T13:22:28Z","2026-07-20T13:22:29Z","2026-07-20T13:22:30Z","2026-07-20T13:22:31Z","2026-07-20T13:22:32Z","2026-07-20T13:22:33Z","2026-07-20T13:22:34Z","2026-07-20T13:22:35Z","2026-07-20T13:22:36Z","2026-07-20T13:22:37Z","2026-07-20T13:22:38Z","2026-07-20T13:22:39Z","2026-07-20T13:22:40Z","2026-07-20T13:22:41Z","2026-07-20T13:22:42Z","2026-07-20T13:22:43Z","2026-07-20T13:22:44Z","2026-07-20T13:22:45Z","2026-07-20T13:22:46Z","2026-07-20T13:22:48Z","2026-07-20T13:22:49Z","2026-07-20T13:22:50Z","2026-07-20T13:22:51Z","2026-07-20T13:22:52Z","2026-07-20T13:22:53Z","2026-07-20T13:22:54Z","2026-07-20T13:22:55Z","2026-07-20T13:22:56Z","2026-07-20T13:22:57Z","2026-07-20T13:22:58Z","2026-07-20T13:22:59Z","2026-07-20T13:23:00Z","2026-07-20T13:23:01Z","2026-07-20T13:23:02Z","2026-07-20T13:23:03Z","2026-07-20T13:23:04Z","2026-07-20T13:23:05Z","2026-07-20T13:23:06Z","2026-07-20T13:23:07Z","2026-07-20T13:23:08Z","2026-07-20T13:23:09Z","2026-07-20T13:23:10Z","2026-07-20T13:23:11Z","2026-07-20T13:23:12Z","2026-07-20T13:23:13Z","2026-07-20T13:23:14Z","2026-07-20T13:23:15Z","2026-07-20T13:23:16Z","2026-07-20T13:23:17Z","2026-07-20T13:23:18Z","2026-07-20T13:23:19Z","2026-07-20T13:23:20Z","2026-07-20T13:23:21Z","2026-07-20T13:23:22Z","2026-07-20T13:23:23Z","2026-07-20T13:23:24Z","2026-07-20T13:23:25Z","2026-07-20T13:23:26Z","2026-07-20T13:23:27Z","2026-07-20T13:23:28Z","2026-07-20T13:23:29Z","2026-07-20T13:23:30Z","2026-07-20T13:23:31Z","2026-07-20T13:23:32Z","2026-07-20T13:23:33Z","2026-07-20T13:23:34Z","2026-07-20T13:23:35Z","2026-07-20T13:23:36Z","2026-07-20T13:23:37Z","2026-07-20T13:23:38Z","2026-07-20T13:23:39Z","2026-07-20T13:23:40Z","2026-07-20T13:23:41Z","2026-07-20T13:23:42Z","2026-07-20T13:23:43Z","2026-07-20T13:23:44Z","2026-07-20T13:23:45Z","2026-07-20T13:23:46Z","2026-07-20T13:23:47Z","2026-07-20T13:23:48Z","2026-07-20T13:23:49Z","2026-07-20T13:23:50Z","2026-07-20T13:23:50Z","2026-07-20T13:23:51Z","2026-07-20T13:23:52Z","2026-07-20T13:23:53Z","2026-07-20T13:23:54Z","2026-07-20T13:23:55Z","2026-07-20T13:23:56Z","2026-07-20T13:23:57Z","2026-07-20T13:23:58Z","2026-07-20T13:23:59Z","2026-07-20T13:24:00Z","2026-07-20T13:24:01Z","2026-07-20T13:24:02Z","2026-07-20T13:24:03Z","2026-07-20T13:24:04Z","2026-07-20T13:24:05Z","2026-07-20T13:24:06Z","2026-07-20T13:24:07Z","2026-07-20T13:24:08Z","2026-07-20T13:24:09Z","2026-07-20T13:24:10Z","2026-07-20T13:24:11Z","2026-07-20T13:24:12Z","2026-07-20T13:24:13Z","2026-07-20T13:24:14Z","2026-07-20T13:24:15Z","2026-07-20T13:24:16Z","2026-07-20T13:24:17Z","2026-07-20T13:24:18Z","2026-07-20T13:24:19Z","2026-07-20T13:24:20Z","2026-07-20T13:24:21Z","2026-07-20T13:24:22Z","2026-07-20T13:24:23Z","2026-07-20T13:24:24Z","2026-07-20T13:24:25Z","2026-07-20T13:24:26Z","2026-07-20T13:24:27Z","2026-07-20T13:24:28Z","2026-07-20T13:24:29Z","2026-07-20T13:24:30Z","2026-07-20T13:24:31Z","2026-07-20T13:24:32Z","2026-07-20T13:24:33Z","2026-07-20T13:24:34Z","2026-07-20T13:24:35Z","2026-07-20T13:24:36Z","2026-07-20T13:24:37Z","2026-07-20T13:24:38Z","2026-07-20T13:24:39Z","2026-07-20T13:24:40Z","2026-07-20T13:24:41Z","2026-07-20T13:24:43Z","2026-07-20T13:25:05Z","2026-07-20T13:25:17Z","2026-07-20T13:25:19Z","2026-07-20T13:25:20Z","2026-07-20T13:25:21Z","2026-07-20T13:25:22Z","2026-07-20T13:25:23Z","2026-07-20T13:25:24Z","2026-07-20T13:25:25Z","2026-07-20T13:25:26Z","2026-07-20T13:25:27Z","2026-07-20T13:25:28Z","2026-07-20T13:25:29Z","2026-07-20T13:25:30Z","2026-07-20T13:25:31Z","2026-07-20T13:25:32Z","2026-07-20T13:25:33Z","2026-07-20T13:25:34Z","2026-07-20T13:25:35Z","2026-07-20T13:25:36Z","2026-07-20T13:25:37Z","2026-07-20T13:25:38Z","2026-07-20T13:25:39Z","2026-07-20T13:25:40Z","2026-07-20T13:25:41Z","2026-07-20T13:25:42Z","2026-07-20T13:25:43Z","2026-07-20T13:25:44Z","2026-07-20T13:25:45Z","2026-07-20T13:25:46Z","2026-07-20T13:25:47Z","2026-07-20T13:25:48Z","2026-07-20T13:25:49Z","2026-07-20T13:25:50Z","2026-07-20T13:25:51Z","2026-07-20T13:25:52Z","2026-07-20T13:25:53Z","2026-07-20T13:25:54Z","2026-07-20T13:25:55Z","2026-07-20T13:25:56Z","2026-07-20T13:25:57Z","2026-07-20T13:25:58Z","2026-07-20T13:25:59Z","2026-07-20T13:26:00Z","2026-07-20T13:26:01Z","2026-07-20T13:26:02Z","2026-07-20T13:26:03Z","2026-07-20T13:26:04Z","2026-07-20T13:26:05Z","2026-07-20T13:26:06Z","2026-07-20T13:26:06Z","2026-07-20T13:26:07Z","2026-07-20T13:26:08Z","2026-07-20T13:26:09Z","2026-07-20T13:26:10Z","2026-07-20T13:26:11Z","2026-07-20T13:26:12Z","2026-07-20T13:26:13Z","2026-07-20T13:26:14Z","2026-07-20T13:26:15Z","2026-07-20T13:26:16Z","2026-07-20T13:26:17Z","2026-07-20T13:26:18Z","2026-07-20T13:26:19Z","2026-07-20T13:26:20Z","2026-07-20T13:26:21Z","2026-07-20T13:26:22Z","2026-07-20T13:26:23Z","2026-07-20T13:26:24Z","2026-07-20T13:26:25Z","2026-07-20T13:26:26Z","2026-07-20T13:26:27Z","2026-07-20T13:26:28Z","2026-07-20T13:26:29Z","2026-07-20T13:26:30Z","2026-07-20T13:26:31Z","2026-07-20T13:26:32Z","2026-07-20T13:26:33Z","2026-07-20T13:26:34Z","2026-07-20T13:26:35Z","2026-07-20T13:26:36Z","2026-07-20T13:26:37Z","2026-07-20T13:26:38Z","2026-07-20T13:26:39Z","2026-07-20T13:26:40Z","2026-07-20T13:26:41Z","2026-07-20T13:26:42Z","2026-07-20T13:26:43Z","2026-07-20T13:26:44Z","2026-07-20T13:26:45Z","2026-07-20T13:26:46Z","2026-07-20T13:26:47Z","2026-07-20T13:26:48Z","2026-07-20T13:26:49Z","2026-07-20T13:26:50Z","2026-07-20T13:26:51Z","2026-07-20T13:26:52Z","2026-07-20T13:26:53Z","2026-07-20T13:26:55Z","2026-07-20T13:26:57Z","2026-07-20T13:27:00Z","2026-07-20T13:27:12Z","2026-07-20T13:27:15Z","2026-07-20T13:27:17Z","2026-07-20T13:27:19Z","2026-07-20T13:27:20Z","2026-07-20T13:27:21Z","2026-07-20T13:27:22Z","2026-07-20T13:27:23Z","2026-07-20T13:27:24Z","2026-07-20T13:27:25Z","2026-07-20T13:27:26Z","2026-07-20T13:27:27Z","2026-07-20T13:27:28Z","2026-07-20T13:27:29Z","2026-07-20T13:27:30Z","2026-07-20T13:27:31Z","2026-07-20T13:27:32Z","2026-07-20T13:27:33Z","2026-07-20T13:27:34Z","2026-07-20T13:27:35Z","2026-07-20T13:27:36Z","2026-07-20T13:27:37Z","2026-07-20T13:27:38Z","2026-07-20T13:27:39Z","2026-07-20T13:27:40Z","2026-07-20T13:27:41Z","2026-07-20T13:27:42Z","2026-07-20T13:27:43Z","2026-07-20T13:27:44Z","2026-07-20T13:27:45Z","2026-07-20T13:27:46Z","2026-07-20T13:27:47Z","2026-07-20T13:27:48Z","2026-07-20T13:27:49Z","2026-07-20T13:27:50Z","2026-07-20T13:27:51Z","2026-07-20T13:27:52Z","2026-07-20T13:27:53Z","2026-07-20T13:27:54Z","2026-07-20T13:27:55Z","2026-07-20T13:27:56Z","2026-07-20T13:27:57Z","2026-07-20T13:27:58Z","2026-07-20T13:27:59Z","2026-07-20T13:28:00Z","2026-07-20T13:28:01Z","2026-07-20T13:28:02Z","2026-07-20T13:28:03Z","2026-07-20T13:28:04Z","2026-07-20T13:28:05Z","2026-07-20T13:28:06Z","2026-07-20T13:28:07Z","2026-07-20T13:28:08Z","2026-07-20T13:28:08Z","2026-07-20T13:28:09Z","2026-07-20T13:28:10Z","2026-07-20T13:28:11Z","2026-07-20T13:28:12Z","2026-07-20T13:28:13Z","2026-07-20T13:28:14Z","2026-07-20T13:28:15Z","2026-07-20T13:28:16Z","2026-07-20T13:28:17Z","2026-07-20T13:28:18Z","2026-07-20T13:28:19Z","2026-07-20T13:28:20Z","2026-07-20T13:28:21Z","2026-07-20T13:28:22Z","2026-07-20T13:28:23Z","2026-07-20T13:28:24Z","2026-07-20T13:28:25Z","2026-07-20T13:28:26Z","2026-07-20T13:28:27Z","2026-07-20T13:28:28Z","2026-07-20T13:28:29Z","2026-07-20T13:28:30Z","2026-07-20T13:28:31Z","2026-07-20T13:28:32Z","2026-07-20T13:28:33Z","2026-07-20T13:28:34Z","2026-07-20T13:28:35Z","2026-07-20T13:28:36Z","2026-07-20T13:28:37Z","2026-07-20T13:28:38Z","2026-07-20T13:28:39Z","2026-07-20T13:28:40Z","2026-07-20T13:28:41Z","2026-07-20T13:28:42Z","2026-07-20T13:28:43Z","2026-07-20T13:28:44Z","2026-07-20T13:28:45Z","2026-07-20T13:28:46Z","2026-07-20T13:28:47Z","2026-07-20T13:28:48Z","2026-07-20T13:28:49Z","2026-07-20T13:28:50Z","2026-07-20T13:28:51Z","2026-07-20T13:28:52Z","2026-07-20T13:28:53Z","2026-07-20T13:28:54Z","2026-07-20T13:28:55Z","2026-07-20T13:28:56Z","2026-07-20T13:28:57Z","2026-07-20T13:28:58Z","2026-07-20T13:28:59Z","2026-07-20T13:29:00Z","2026-07-20T13:29:01Z","2026-07-20T13:29:02Z","2026-07-20T13:29:03Z","2026-07-20T13:29:04Z","2026-07-20T13:29:06Z","2026-07-20T13:29:07Z","2026-07-20T13:29:08Z","2026-07-20T13:29:09Z","2026-07-20T13:29:10Z","2026-07-20T13:29:11Z","2026-07-20T13:29:12Z","2026-07-20T13:29:13Z","2026-07-20T13:29:14Z","2026-07-20T13:29:15Z","2026-07-20T13:29:16Z","2026-07-20T13:29:17Z","2026-07-20T13:29:18Z","2026-07-20T13:29:19Z","2026-07-20T13:29:20Z","2026-07-20T13:29:21Z","2026-07-20T13:29:22Z","2026-07-20T13:29:23Z","2026-07-20T13:29:24Z","2026-07-20T13:29:25Z","2026-07-20T13:29:26Z","2026-07-20T13:29:27Z","2026-07-20T13:29:28Z","2026-07-20T13:29:29Z","2026-07-20T13:29:30Z","2026-07-20T13:29:31Z","2026-07-20T13:29:32Z","2026-07-20T13:29:33Z","2026-07-20T13:29:34Z","2026-07-20T13:29:35Z","2026-07-20T13:29:37Z","2026-07-20T13:29:39Z","2026-07-20T13:29:41Z","2026-07-20T13:29:43Z","2026-07-20T13:29:45Z","2026-07-20T13:29:47Z","2026-07-20T13:29:48Z","2026-07-20T13:29:49Z","2026-07-20T13:29:50Z","2026-07-20T13:29:51Z","2026-07-20T13:29:52Z","2026-07-20T13:29:53Z","2026-07-20T13:29:54Z","2026-07-20T13:29:55Z","2026-07-20T13:29:56Z","2026-07-20T13:29:57Z","2026-07-20T13:29:58Z","2026-07-20T13:29:59Z","2026-07-20T13:30:00Z","2026-07-20T13:30:01Z","2026-07-20T13:30:02Z","2026-07-20T13:30:03Z","2026-07-20T13:30:04Z","2026-07-20T13:30:05Z","2026-07-20T13:30:06Z","2026-07-20T13:30:07Z","2026-07-20T13:30:08Z","2026-07-20T13:30:09Z","2026-07-20T13:30:10Z","2026-07-20T13:30:11Z","2026-07-20T13:30:12Z","2026-07-20T13:30:13Z","2026-07-20T13:30:14Z","2026-07-20T13:30:15Z","2026-07-20T13:30:16Z","2026-07-20T13:30:17Z","2026-07-20T13:30:18Z","2026-07-20T13:30:19Z","2026-07-20T13:30:20Z","2026-07-20T13:30:21Z","2026-07-20T13:30:21Z","2026-07-20T13:30:22Z","2026-07-20T13:30:23Z","2026-07-20T13:30:24Z","2026-07-20T13:30:25Z","2026-07-20T13:30:26Z","2026-07-20T13:30:27Z","2026-07-20T13:30:28Z","2026-07-20T13:30:29Z","2026-07-20T13:30:30Z","2026-07-20T13:30:31Z","2026-07-20T13:30:32Z","2026-07-20T13:30:33Z","2026-07-20T13:30:34Z","2026-07-20T13:30:35Z","2026-07-20T13:30:36Z","2026-07-20T13:30:37Z","2026-07-20T13:30:38Z","2026-07-20T13:30:39Z","2026-07-20T13:30:40Z","2026-07-20T13:30:41Z","2026-07-20T13:30:42Z","2026-07-20T13:30:43Z","2026-07-20T13:30:44Z","2026-07-20T13:30:45Z","2026-07-20T13:30:46Z","2026-07-20T13:30:47Z","2026-07-20T13:30:48Z","2026-07-20T13:30:49Z","2026-07-20T13:30:50Z","2026-07-20T13:30:51Z","2026-07-20T13:30:52Z","2026-07-20T13:30:53Z","2026-07-20T13:30:54Z","2026-07-20T13:30:55Z","2026-07-20T13:30:56Z","2026-07-20T13:30:57Z","2026-07-20T13:30:58Z","2026-07-20T13:30:59Z","2026-07-20T13:31:00Z","2026-07-20T13:31:01Z","2026-07-20T13:31:02Z","2026-07-20T13:31:03Z","2026-07-20T13:31:04Z","2026-07-20T13:31:05Z","2026-07-20T13:31:06Z","2026-07-20T13:31:07Z","2026-07-20T13:31:08Z","2026-07-20T13:31:09Z","2026-07-20T13:31:10Z","2026-07-20T13:31:12Z","2026-07-20T13:31:13Z","2026-07-20T13:31:14Z","2026-07-20T13:31:15Z","2026-07-20T13:31:16Z","2026-07-20T13:31:17Z","2026-07-20T13:31:18Z","2026-07-20T13:31:19Z","2026-07-20T13:31:20Z","2026-07-20T13:31:21Z","2026-07-20T13:31:22Z","2026-07-20T13:31:23Z","2026-07-20T13:31:24Z","2026-07-20T13:31:25Z","2026-07-20T13:31:26Z","2026-07-20T13:31:27Z","2026-07-20T13:31:28Z","2026-07-20T13:31:29Z","2026-07-20T13:31:30Z","2026-07-20T13:31:31Z","2026-07-20T13:31:32Z","2026-07-20T13:31:33Z","2026-07-20T13:31:34Z","2026-07-20T13:31:35Z","2026-07-20T13:31:36Z","2026-07-20T13:31:37Z","2026-07-20T13:31:38Z","2026-07-20T13:31:39Z","2026-07-20T13:31:40Z","2026-07-20T13:31:41Z","2026-07-20T13:31:42Z","2026-07-20T13:31:43Z","2026-07-20T13:31:44Z","2026-07-20T13:31:45Z","2026-07-20T13:31:46Z","2026-07-20T13:31:47Z","2026-07-20T13:31:48Z","2026-07-20T13:31:49Z","2026-07-20T13:31:50Z","2026-07-20T13:31:51Z","2026-07-20T13:31:52Z","2026-07-20T13:31:53Z","2026-07-20T13:31:54Z","2026-07-20T13:31:55Z","2026-07-20T13:31:56Z","2026-07-20T13:31:57Z","2026-07-20T13:31:58Z","2026-07-20T13:31:59Z","2026-07-20T13:32:00Z","2026-07-20T13:32:01Z","2026-07-20T13:32:02Z","2026-07-20T13:32:03Z","2026-07-20T13:32:04Z","2026-07-20T13:32:05Z","2026-07-20T13:32:06Z","2026-07-20T13:32:07Z","2026-07-20T13:32:08Z","2026-07-20T13:32:09Z","2026-07-20T13:32:10Z","2026-07-20T13:32:11Z","2026-07-20T13:32:12Z","2026-07-20T13:32:13Z","2026-07-20T13:32:14Z","2026-07-20T13:32:15Z","2026-07-20T13:32:16Z","2026-07-20T13:32:17Z","2026-07-20T13:32:18Z","2026-07-20T13:32:19Z","2026-07-20T13:32:20Z","2026-07-20T13:32:21Z","2026-07-20T13:32:22Z","2026-07-20T13:32:23Z","2026-07-20T13:32:24Z","2026-07-20T13:32:25Z","2026-07-20T13:32:26Z","2026-07-20T13:32:27Z","2026-07-20T13:32:28Z","2026-07-20T13:32:29Z","2026-07-20T13:32:30Z","2026-07-20T13:32:31Z","2026-07-20T13:32:32Z","2026-07-20T13:32:33Z","2026-07-20T13:32:34Z","2026-07-20T13:32:35Z","2026-07-20T13:32:36Z","2026-07-20T13:32:37Z","2026-07-20T13:32:38Z","2026-07-20T13:32:39Z","2026-07-20T13:32:40Z","2026-07-20T13:32:41Z","2026-07-20T13:32:42Z","2026-07-20T13:32:43Z","2026-07-20T13:32:44Z","2026-07-20T13:32:45Z","2026-07-20T13:32:46Z","2026-07-20T13:32:46Z","2026-07-20T13:32:47Z","2026-07-20T13:32:48Z","2026-07-20T13:32:49Z","2026-07-20T13:32:50Z","2026-07-20T13:32:51Z","2026-07-20T13:32:52Z","2026-07-20T13:32:53Z","2026-07-20T13:32:54Z","2026-07-20T13:32:55Z","2026-07-20T13:32:56Z","2026-07-20T13:32:57Z","2026-07-20T13:32:58Z","2026-07-20T13:32:59Z","2026-07-20T13:33:00Z","2026-07-20T13:33:01Z","2026-07-20T13:33:02Z","2026-07-20T13:33:03Z","2026-07-20T13:33:04Z","2026-07-20T13:33:05Z","2026-07-20T13:33:06Z","2026-07-20T13:33:07Z","2026-07-20T13:33:08Z","2026-07-20T13:33:09Z","2026-07-20T13:33:10Z","2026-07-20T13:33:11Z","2026-07-20T13:33:12Z","2026-07-20T13:33:13Z","2026-07-20T13:33:14Z","2026-07-20T13:33:15Z","2026-07-20T13:33:16Z","2026-07-20T13:33:18Z","2026-07-20T13:33:19Z","2026-07-20T13:33:20Z","2026-07-20T13:33:21Z","2026-07-20T13:33:22Z","2026-07-20T13:33:23Z","2026-07-20T13:33:24Z","2026-07-20T13:33:25Z","2026-07-20T13:33:26Z","2026-07-20T13:33:27Z","2026-07-20T13:33:28Z","2026-07-20T13:33:29Z","2026-07-20T13:33:30Z","2026-07-20T13:33:31Z","2026-07-20T13:33:32Z","2026-07-20T13:33:33Z","2026-07-20T13:33:34Z","2026-07-20T13:33:35Z","2026-07-20T13:33:36Z","2026-07-20T13:33:37Z","2026-07-20T13:33:38Z","2026-07-20T13:33:39Z","2026-07-20T13:33:40Z","2026-07-20T13:33:41Z","2026-07-20T13:33:42Z","2026-07-20T13:33:43Z","2026-07-20T13:33:44Z","2026-07-20T13:33:45Z","2026-07-20T13:33:46Z","2026-07-20T13:33:47Z","2026-07-20T13:33:48Z","2026-07-20T13:33:49Z","2026-07-20T13:33:50Z","2026-07-20T13:33:51Z","2026-07-20T13:33:52Z","2026-07-20T13:33:53Z","2026-07-20T13:33:54Z","2026-07-20T13:33:55Z","2026-07-20T13:33:56Z","2026-07-20T13:33:57Z","2026-07-20T13:33:58Z","2026-07-20T13:33:59Z","2026-07-20T13:34:00Z","2026-07-20T13:34:01Z","2026-07-20T13:34:02Z","2026-07-20T13:34:03Z","2026-07-20T13:34:04Z","2026-07-20T13:34:05Z","2026-07-20T13:34:06Z","2026-07-20T13:34:07Z","2026-07-20T13:34:08Z","2026-07-20T13:34:09Z","2026-07-20T13:34:10Z","2026-07-20T13:34:11Z","2026-07-20T13:34:12Z","2026-07-20T13:34:13Z","2026-07-20T13:34:14Z","2026-07-20T13:34:15Z","2026-07-20T13:34:16Z","2026-07-20T13:34:17Z","2026-07-20T13:34:18Z","2026-07-20T13:34:19Z","2026-07-20T13:34:20Z","2026-07-20T13:34:21Z","2026-07-20T13:34:22Z","2026-07-20T13:34:23Z","2026-07-20T13:34:24Z","2026-07-20T13:34:25Z","2026-07-20T13:34:26Z","2026-07-20T13:34:27Z","2026-07-20T13:34:28Z","2026-07-20T13:34:29Z","2026-07-20T13:34:30Z","2026-07-20T13:34:31Z","2026-07-20T13:34:32Z","2026-07-20T13:34:33Z","2026-07-20T13:34:34Z","2026-07-20T13:34:35Z","2026-07-20T13:34:36Z","2026-07-20T13:34:37Z","2026-07-20T13:34:38Z","2026-07-20T13:34:39Z","2026-07-20T13:34:40Z","2026-07-20T13:34:42Z","2026-07-20T13:34:44Z","2026-07-20T13:34:52Z","2026-07-20T13:34:54Z","2026-07-20T13:35:06Z","2026-07-20T13:35:08Z","2026-07-20T13:35:10Z","2026-07-20T13:35:11Z","2026-07-20T13:35:12Z","2026-07-20T13:35:13Z","2026-07-20T13:35:14Z","2026-07-20T13:35:15Z","2026-07-20T13:35:16Z","2026-07-20T13:35:17Z","2026-07-20T13:35:18Z","2026-07-20T13:35:19Z","2026-07-20T13:35:20Z","2026-07-20T13:35:21Z","2026-07-20T13:35:22Z","2026-07-20T13:35:24Z","2026-07-20T13:35:25Z","2026-07-20T13:35:26Z","2026-07-20T13:35:27Z","2026-07-20T13:35:28Z","2026-07-20T13:35:29Z","2026-07-20T13:35:30Z","2026-07-20T13:35:31Z","2026-07-20T13:35:32Z","2026-07-20T13:35:33Z","2026-07-20T13:35:34Z","2026-07-20T13:35:35Z","2026-07-20T13:35:36Z","2026-07-20T13:35:37Z","2026-07-20T13:35:38Z","2026-07-20T13:35:39Z","2026-07-20T13:35:40Z","2026-07-20T13:35:41Z","2026-07-20T13:35:42Z","2026-07-20T13:35:43Z","2026-07-20T13:35:44Z","2026-07-20T13:35:45Z","2026-07-20T13:35:46Z","2026-07-20T13:35:47Z","2026-07-20T13:35:48Z","2026-07-20T13:35:49Z","2026-07-20T13:35:50Z","2026-07-20T13:35:51Z","2026-07-20T13:35:52Z","2026-07-20T13:35:53Z","2026-07-20T13:35:54Z","2026-07-20T13:35:55Z","2026-07-20T13:35:56Z","2026-07-20T13:35:57Z","2026-07-20T13:35:58Z","2026-07-20T13:35:59Z","2026-07-20T13:36:00Z","2026-07-20T13:36:01Z","2026-07-20T13:36:02Z","2026-07-20T13:36:03Z","2026-07-20T13:36:04Z","2026-07-20T13:36:05Z","2026-07-20T13:36:06Z","2026-07-20T13:36:07Z","2026-07-20T13:36:08Z","2026-07-20T13:36:09Z","2026-07-20T13:36:10Z","2026-07-20T13:36:11Z","2026-07-20T13:36:12Z","2026-07-20T13:36:13Z","2026-07-20T13:36:14Z","2026-07-20T13:36:15Z","2026-07-20T13:36:16Z","2026-07-20T13:36:17Z","2026-07-20T13:36:18Z","2026-07-20T13:36:19Z","2026-07-20T13:36:20Z","2026-07-20T13:36:21Z","2026-07-20T13:36:22Z","2026-07-20T13:36:23Z","2026-07-20T13:36:24Z","2026-07-20T13:36:25Z","2026-07-20T13:36:26Z","2026-07-20T13:36:27Z","2026-07-20T13:36:28Z","2026-07-20T13:36:29Z","2026-07-20T13:36:30Z","2026-07-20T13:36:31Z","2026-07-20T13:36:32Z","2026-07-20T13:36:33Z","2026-07-20T13:36:34Z","2026-07-20T13:36:35Z","2026-07-20T13:36:37Z","2026-07-20T13:36:38Z","2026-07-20T13:36:39Z","2026-07-20T13:36:40Z","2026-07-20T13:36:41Z","2026-07-20T13:36:42Z","2026-07-20T13:36:43Z","2026-07-20T13:36:45Z","2026-07-20T13:36:46Z","2026-07-20T13:36:47Z","2026-07-20T13:36:48Z","2026-07-20T13:36:50Z","2026-07-20T13:36:51Z","2026-07-20T13:36:52Z","2026-07-20T13:36:53Z","2026-07-20T13:36:54Z","2026-07-20T13:36:55Z","2026-07-20T13:36:56Z","2026-07-20T13:36:57Z","2026-07-20T13:36:58Z","2026-07-20T13:36:59Z","2026-07-20T13:37:00Z","2026-07-20T13:37:01Z","2026-07-20T13:37:02Z","2026-07-20T13:37:02Z","2026-07-20T13:37:03Z","2026-07-20T13:37:04Z","2026-07-20T13:37:06Z","2026-07-20T13:37:07Z","2026-07-20T13:37:08Z","2026-07-20T13:37:09Z","2026-07-20T13:37:10Z","2026-07-20T13:37:11Z","2026-07-20T13:37:12Z","2026-07-20T13:37:13Z","2026-07-20T13:37:14Z","2026-07-20T13:37:15Z","2026-07-20T13:37:16Z","2026-07-20T13:37:17Z","2026-07-20T13:37:18Z","2026-07-20T13:37:19Z","2026-07-20T13:37:20Z","2026-07-20T13:37:21Z","2026-07-20T13:37:22Z","2026-07-20T13:37:23Z","2026-07-20T13:37:24Z","2026-07-20T13:37:25Z","2026-07-20T13:37:26Z","2026-07-20T13:37:28Z","2026-07-20T13:37:30Z","2026-07-20T13:37:31Z","2026-07-20T13:37:32Z","2026-07-20T13:37:33Z","2026-07-20T13:37:34Z","2026-07-20T13:37:35Z","2026-07-20T13:37:42Z","2026-07-20T13:38:07Z","2026-07-20T13:38:13Z","2026-07-20T13:38:15Z","2026-07-20T13:38:17Z","2026-07-20T13:38:19Z","2026-07-20T13:38:21Z","2026-07-20T13:38:23Z","2026-07-20T13:38:25Z","2026-07-20T13:38:26Z","2026-07-20T13:38:28Z","2026-07-20T13:38:29Z","2026-07-20T13:38:30Z","2026-07-20T13:38:31Z","2026-07-20T13:38:32Z","2026-07-20T13:38:33Z","2026-07-20T13:38:34Z","2026-07-20T13:38:35Z","2026-07-20T13:38:36Z","2026-07-20T13:38:37Z","2026-07-20T13:38:38Z","2026-07-20T13:38:39Z","2026-07-20T13:38:40Z","2026-07-20T13:38:41Z","2026-07-20T13:38:42Z","2026-07-20T13:38:43Z","2026-07-20T13:38:44Z","2026-07-20T13:38:45Z","2026-07-20T13:38:46Z","2026-07-20T13:38:47Z","2026-07-20T13:38:48Z","2026-07-20T13:38:49Z","2026-07-20T13:38:50Z","2026-07-20T13:38:51Z","2026-07-20T13:38:52Z","2026-07-20T13:38:53Z","2026-07-20T13:38:54Z","2026-07-20T13:38:55Z","2026-07-20T13:38:56Z","2026-07-20T13:38:57Z","2026-07-20T13:38:58Z","2026-07-20T13:38:59Z","2026-07-20T13:39:00Z","2026-07-20T13:39:01Z","2026-07-20T13:39:02Z","2026-07-20T13:39:03Z","2026-07-20T13:39:04Z","2026-07-20T13:39:05Z","2026-07-20T13:39:06Z","2026-07-20T13:39:07Z","2026-07-20T13:39:07Z","2026-07-20T13:39:08Z","2026-07-20T13:39:09Z","2026-07-20T13:39:10Z","2026-07-20T13:39:11Z","2026-07-20T13:39:12Z","2026-07-20T13:39:13Z","2026-07-20T13:39:14Z","2026-07-20T13:39:15Z","2026-07-20T13:39:16Z","2026-07-20T13:39:17Z","2026-07-20T13:39:18Z","2026-07-20T13:39:19Z","2026-07-20T13:39:20Z","2026-07-20T13:39:21Z","2026-07-20T13:39:22Z","2026-07-20T13:39:23Z","2026-07-20T13:39:24Z","2026-07-20T13:39:25Z","2026-07-20T13:39:26Z","2026-07-20T13:39:27Z","2026-07-20T13:39:28Z","2026-07-20T13:39:29Z","2026-07-20T13:39:30Z","2026-07-20T13:39:31Z","2026-07-20T13:39:32Z","2026-07-20T13:39:33Z","2026-07-20T13:39:34Z","2026-07-20T13:39:36Z","2026-07-20T13:39:37Z","2026-07-20T13:39:38Z","2026-07-20T13:39:39Z","2026-07-20T13:39:40Z","2026-07-20T13:39:41Z","2026-07-20T13:39:42Z","2026-07-20T13:39:43Z","2026-07-20T13:39:44Z","2026-07-20T13:39:45Z","2026-07-20T13:39:46Z","2026-07-20T13:39:47Z","2026-07-20T13:39:48Z","2026-07-20T13:39:49Z","2026-07-20T13:39:50Z","2026-07-20T13:39:51Z","2026-07-20T13:39:52Z","2026-07-20T13:39:53Z","2026-07-20T13:39:54Z","2026-07-20T13:39:55Z","2026-07-20T13:39:56Z","2026-07-20T13:39:57Z","2026-07-20T13:39:58Z","2026-07-20T13:39:59Z","2026-07-20T13:40:00Z","2026-07-20T13:40:01Z","2026-07-20T13:40:02Z","2026-07-20T13:40:03Z","2026-07-20T13:40:04Z","2026-07-20T13:40:05Z","2026-07-20T13:40:06Z","2026-07-20T13:40:07Z","2026-07-20T13:40:08Z","2026-07-20T13:40:09Z","2026-07-20T13:40:10Z","2026-07-20T13:40:11Z","2026-07-20T13:40:12Z","2026-07-20T13:40:13Z","2026-07-20T13:40:14Z","2026-07-20T13:40:15Z","2026-07-20T13:40:16Z","2026-07-20T13:40:17Z","2026-07-20T13:40:18Z","2026-07-20T13:40:19Z","2026-07-20T13:40:20Z","2026-07-20T13:40:21Z","2026-07-20T13:40:22Z","2026-07-20T13:40:23Z","2026-07-20T13:40:24Z","2026-07-20T13:40:25Z","2026-07-20T13:40:26Z","2026-07-20T13:40:27Z","2026-07-20T13:40:28Z","2026-07-20T13:40:29Z","2026-07-20T13:40:30Z","2026-07-20T13:40:31Z","2026-07-20T13:40:32Z","2026-07-20T13:40:33Z","2026-07-20T13:40:34Z","2026-07-20T13:40:35Z","2026-07-20T13:40:36Z","2026-07-20T13:40:37Z","2026-07-20T13:40:38Z","2026-07-20T13:40:39Z","2026-07-20T13:40:40Z","2026-07-20T13:40:41Z","2026-07-20T13:40:43Z","2026-07-20T13:40:44Z","2026-07-20T13:40:47Z","2026-07-20T13:40:49Z","2026-07-20T13:40:51Z","2026-07-20T13:40:53Z","2026-07-20T13:41:02Z","2026-07-20T13:41:04Z","2026-07-20T13:41:05Z","2026-07-20T13:41:06Z","2026-07-20T13:41:07Z","2026-07-20T13:41:08Z","2026-07-20T13:41:09Z","2026-07-20T13:41:10Z","2026-07-20T13:41:11Z","2026-07-20T13:41:12Z","2026-07-20T13:41:13Z","2026-07-20T13:41:14Z","2026-07-20T13:41:15Z","2026-07-20T13:41:15Z","2026-07-20T13:41:16Z","2026-07-20T13:41:17Z","2026-07-20T13:41:18Z","2026-07-20T13:41:19Z","2026-07-20T13:41:20Z","2026-07-20T13:41:21Z","2026-07-20T13:41:22Z","2026-07-20T13:41:23Z","2026-07-20T13:41:24Z","2026-07-20T13:41:25Z","2026-07-20T13:41:26Z","2026-07-20T13:41:27Z","2026-07-20T13:41:28Z","2026-07-20T13:41:29Z","2026-07-20T13:41:30Z","2026-07-20T13:41:31Z","2026-07-20T13:41:32Z","2026-07-20T13:41:33Z","2026-07-20T13:41:34Z","2026-07-20T13:41:35Z","2026-07-20T13:41:36Z","2026-07-20T13:41:37Z","2026-07-20T13:41:38Z","2026-07-20T13:41:39Z","2026-07-20T13:41:40Z","2026-07-20T13:41:42Z","2026-07-20T13:41:43Z","2026-07-20T13:41:44Z","2026-07-20T13:41:45Z","2026-07-20T13:41:46Z","2026-07-20T13:41:47Z","2026-07-20T13:41:48Z","2026-07-20T13:41:49Z","2026-07-20T13:41:50Z","2026-07-20T13:41:51Z","2026-07-20T13:41:52Z","2026-07-20T13:41:53Z","2026-07-20T13:41:54Z","2026-07-20T13:41:55Z","2026-07-20T13:41:56Z","2026-07-20T13:41:57Z","2026-07-20T13:41:58Z","2026-07-20T13:41:59Z","2026-07-20T13:42:00Z","2026-07-20T13:42:01Z","2026-07-20T13:42:02Z","2026-07-20T13:42:03Z","2026-07-20T13:42:04Z","2026-07-20T13:42:05Z","2026-07-20T13:42:06Z","2026-07-20T13:42:07Z","2026-07-20T13:42:08Z","2026-07-20T13:42:09Z","2026-07-20T13:42:10Z","2026-07-20T13:42:11Z","2026-07-20T13:42:12Z","2026-07-20T13:42:13Z","2026-07-20T13:42:14Z","2026-07-20T13:42:15Z","2026-07-20T13:42:16Z","2026-07-20T13:42:17Z","2026-07-20T13:42:18Z","2026-07-20T13:42:19Z","2026-07-20T13:42:20Z","2026-07-20T13:42:21Z","2026-07-20T13:42:22Z","2026-07-20T13:42:23Z","2026-07-20T13:42:24Z","2026-07-20T13:42:25Z","2026-07-20T13:42:26Z","2026-07-20T13:42:27Z","2026-07-20T13:42:28Z","2026-07-20T13:42:29Z","2026-07-20T13:42:30Z","2026-07-20T13:42:31Z","2026-07-20T13:42:32Z","2026-07-20T13:42:33Z","2026-07-20T13:42:34Z","2026-07-20T13:42:35Z","2026-07-20T13:42:36Z","2026-07-20T13:42:37Z","2026-07-20T13:42:38Z","2026-07-20T13:42:39Z","2026-07-20T13:42:40Z","2026-07-20T13:42:41Z","2026-07-20T13:42:42Z","2026-07-20T13:42:43Z","2026-07-20T13:42:44Z","2026-07-20T13:42:45Z","2026-07-20T13:42:46Z","2026-07-20T13:42:48Z","2026-07-20T13:42:50Z","2026-07-20T13:42:52Z","2026-07-20T13:43:26Z","2026-07-20T13:43:28Z","2026-07-20T13:43:30Z","2026-07-20T13:43:33Z","2026-07-20T13:43:35Z","2026-07-20T13:43:36Z","2026-07-20T13:43:37Z","2026-07-20T13:43:38Z","2026-07-20T13:43:39Z","2026-07-20T13:43:40Z","2026-07-20T13:43:41Z","2026-07-20T13:43:42Z","2026-07-20T13:43:43Z","2026-07-20T13:43:44Z","2026-07-20T13:43:45Z","2026-07-20T13:43:46Z","2026-07-20T13:43:48Z","2026-07-20T13:43:49Z","2026-07-20T13:43:50Z","2026-07-20T13:43:51Z","2026-07-20T13:43:52Z","2026-07-20T13:43:53Z","2026-07-20T13:43:54Z","2026-07-20T13:43:55Z","2026-07-20T13:43:56Z","2026-07-20T13:43:57Z","2026-07-20T13:43:58Z","2026-07-20T13:43:59Z","2026-07-20T13:44:00Z","2026-07-20T13:44:01Z","2026-07-20T13:44:02Z","2026-07-20T13:44:03Z","2026-07-20T13:44:04Z","2026-07-20T13:44:05Z","2026-07-20T13:44:06Z","2026-07-20T13:44:07Z","2026-07-20T13:44:08Z","2026-07-20T13:44:09Z","2026-07-20T13:44:10Z","2026-07-20T13:44:11Z","2026-07-20T13:44:12Z","2026-07-20T13:44:14Z","2026-07-20T13:44:16Z","2026-07-20T13:44:18Z","2026-07-20T13:44:20Z","2026-07-20T13:44:23Z","2026-07-20T13:44:26Z","2026-07-20T13:44:28Z","2026-07-20T13:44:30Z","2026-07-20T13:44:32Z","2026-07-20T13:44:33Z","2026-07-20T13:44:34Z","2026-07-20T13:44:35Z","2026-07-20T13:44:36Z","2026-07-20T13:44:37Z","2026-07-20T13:44:38Z","2026-07-20T13:44:39Z","2026-07-20T13:44:40Z","2026-07-20T13:44:41Z","2026-07-20T13:44:42Z","2026-07-20T13:44:43Z","2026-07-20T13:44:44Z","2026-07-20T13:44:45Z","2026-07-20T13:44:46Z","2026-07-20T13:44:47Z","2026-07-20T13:44:48Z","2026-07-20T13:44:49Z","2026-07-20T13:44:50Z","2026-07-20T13:44:51Z","2026-07-20T13:44:52Z","2026-07-20T13:44:53Z","2026-07-20T13:44:54Z","2026-07-20T13:44:55Z","2026-07-20T13:44:56Z","2026-07-20T13:44:57Z","2026-07-20T13:44:58Z","2026-07-20T13:44:59Z","2026-07-20T13:45:00Z","2026-07-20T13:45:01Z","2026-07-20T13:45:02Z","2026-07-20T13:45:03Z","2026-07-20T13:45:04Z","2026-07-20T13:45:05Z","2026-07-20T13:45:06Z","2026-07-20T13:45:07Z","2026-07-20T13:45:08Z","2026-07-20T13:45:09Z","2026-07-20T13:45:10Z","2026-07-20T13:45:12Z","2026-07-20T13:45:14Z","2026-07-20T13:45:17Z","2026-07-20T13:45:19Z","2026-07-20T13:45:21Z","2026-07-20T13:45:23Z","2026-07-20T13:45:26Z","2026-07-20T13:45:27Z","2026-07-20T13:45:30Z","2026-07-20T13:45:32Z","2026-07-20T13:45:34Z","2026-07-20T13:45:36Z","2026-07-20T13:45:38Z","2026-07-20T13:45:40Z","2026-07-20T13:45:42Z","2026-07-20T13:45:44Z","2026-07-20T13:45:46Z","2026-07-20T13:45:48Z","2026-07-20T13:45:50Z","2026-07-20T13:45:52Z","2026-07-20T13:45:54Z","2026-07-20T13:45:55Z","2026-07-20T13:45:56Z","2026-07-20T13:45:57Z","2026-07-20T13:45:58Z","2026-07-20T13:45:59Z","2026-07-20T13:46:00Z","2026-07-20T13:46:01Z","2026-07-20T13:46:02Z","2026-07-20T13:46:03Z","2026-07-20T13:46:04Z","2026-07-20T13:46:05Z","2026-07-20T13:46:06Z","2026-07-20T13:46:07Z","2026-07-20T13:46:08Z","2026-07-20T13:46:09Z","2026-07-20T13:46:10Z","2026-07-20T13:46:11Z","2026-07-20T13:46:12Z","2026-07-20T13:46:13Z","2026-07-20T13:46:15Z","2026-07-20T13:46:17Z","2026-07-20T13:46:19Z","2026-07-20T13:46:21Z","2026-07-20T13:46:23Z","2026-07-20T13:46:24Z","2026-07-20T13:46:25Z","2026-07-20T13:46:26Z","2026-07-20T13:46:27Z","2026-07-20T13:46:28Z","2026-07-20T13:46:30Z","2026-07-20T13:46:31Z","2026-07-20T13:46:32Z","2026-07-20T13:46:33Z","2026-07-20T13:46:34Z","2026-07-20T13:46:35Z","2026-07-20T13:46:36Z","2026-07-20T13:46:37Z","2026-07-20T13:46:38Z","2026-07-20T13:46:39Z","2026-07-20T13:46:40Z","2026-07-20T13:46:41Z","2026-07-20T13:46:42Z","2026-07-20T13:46:43Z","2026-07-20T13:46:44Z","2026-07-20T13:46:45Z","2026-07-20T13:46:46Z","2026-07-20T13:46:47Z","2026-07-20T13:46:48Z","2026-07-20T13:46:49Z","2026-07-20T13:46:50Z","2026-07-20T13:46:51Z","2026-07-20T13:46:52Z","2026-07-20T13:46:53Z","2026-07-20T13:46:54Z","2026-07-20T13:46:55Z","2026-07-20T13:46:57Z","2026-07-20T13:46:59Z","2026-07-20T13:47:01Z","2026-07-20T13:47:03Z","2026-07-20T13:47:05Z","2026-07-20T13:47:07Z","2026-07-20T13:47:09Z","2026-07-20T13:47:10Z","2026-07-20T13:47:12Z","2026-07-20T13:47:14Z","2026-07-20T13:47:15Z","2026-07-20T13:47:21Z","2026-07-20T13:47:22Z","2026-07-20T13:47:23Z","2026-07-20T13:47:24Z","2026-07-20T13:47:25Z","2026-07-20T13:47:26Z","2026-07-20T13:47:27Z","2026-07-20T13:47:28Z","2026-07-20T13:47:29Z","2026-07-20T13:47:30Z","2026-07-20T13:47:31Z","2026-07-20T13:47:32Z","2026-07-20T13:47:33Z","2026-07-20T13:47:34Z","2026-07-20T13:47:35Z","2026-07-20T13:47:36Z","2026-07-20T13:47:37Z","2026-07-20T13:47:38Z","2026-07-20T13:47:39Z","2026-07-20T13:47:40Z","2026-07-20T13:47:41Z","2026-07-20T13:47:42Z","2026-07-20T13:47:43Z","2026-07-20T13:47:44Z","2026-07-20T13:47:45Z","2026-07-20T13:47:46Z","2026-07-20T13:47:47Z","2026-07-20T13:47:48Z","2026-07-20T13:47:49Z","2026-07-20T13:47:50Z","2026-07-20T13:47:51Z","2026-07-20T13:47:52Z","2026-07-20T13:47:53Z","2026-07-20T13:47:54Z","2026-07-20T13:47:55Z","2026-07-20T13:47:56Z","2026-07-20T13:47:57Z","2026-07-20T13:47:58Z","2026-07-20T13:47:59Z","2026-07-20T13:48:00Z","2026-07-20T13:48:01Z","2026-07-20T13:48:02Z","2026-07-20T13:48:03Z","2026-07-20T13:48:04Z","2026-07-20T13:48:05Z","2026-07-20T13:48:06Z","2026-07-20T13:48:07Z","2026-07-20T13:48:08Z","2026-07-20T13:48:09Z","2026-07-20T13:48:10Z","2026-07-20T13:48:12Z","2026-07-20T13:48:15Z","2026-07-20T13:48:19Z","2026-07-20T13:48:42Z","2026-07-20T13:48:44Z","2026-07-20T13:48:46Z","2026-07-20T13:48:48Z","2026-07-20T13:48:50Z","2026-07-20T13:48:51Z","2026-07-20T13:48:53Z","2026-07-20T13:48:55Z","2026-07-20T13:48:57Z","2026-07-20T13:48:59Z","2026-07-20T13:49:01Z","2026-07-20T13:49:03Z","2026-07-20T13:49:05Z","2026-07-20T13:49:07Z","2026-07-20T13:49:09Z","2026-07-20T13:49:11Z","2026-07-20T13:49:13Z","2026-07-20T13:49:15Z","2026-07-20T13:49:17Z","2026-07-20T13:49:19Z","2026-07-20T13:49:21Z","2026-07-20T13:49:22Z","2026-07-20T13:49:23Z","2026-07-20T13:49:24Z","2026-07-20T13:49:25Z","2026-07-20T13:49:26Z","2026-07-20T13:49:27Z","2026-07-20T13:49:28Z","2026-07-20T13:49:29Z","2026-07-20T13:49:30Z","2026-07-20T13:49:31Z","2026-07-20T13:49:32Z","2026-07-20T13:49:33Z","2026-07-20T13:49:34Z","2026-07-20T13:49:35Z","2026-07-20T13:49:36Z","2026-07-20T13:49:37Z","2026-07-20T13:49:38Z","2026-07-20T13:49:39Z","2026-07-20T13:49:40Z","2026-07-20T13:49:41Z","2026-07-20T13:49:42Z","2026-07-20T13:49:43Z","2026-07-20T13:49:44Z","2026-07-20T13:49:45Z","2026-07-20T13:49:46Z","2026-07-20T13:49:48Z","2026-07-20T13:49:50Z","2026-07-20T13:51:02Z","2026-07-20T13:51:11Z","2026-07-20T13:51:38Z","2026-07-20T13:51:44Z","2026-07-20T13:51:50Z","2026-07-20T13:51:51Z","2026-07-20T13:51:52Z","2026-07-20T13:51:53Z","2026-07-20T13:51:54Z","2026-07-20T13:51:55Z","2026-07-20T13:51:56Z","2026-07-20T13:51:57Z","2026-07-20T13:51:58Z","2026-07-20T13:51:59Z","2026-07-20T13:52:00Z","2026-07-20T13:52:01Z","2026-07-20T13:52:02Z","2026-07-20T13:52:03Z","2026-07-20T13:52:04Z","2026-07-20T13:52:05Z","2026-07-20T13:52:06Z","2026-07-20T13:52:07Z","2026-07-20T13:52:08Z","2026-07-20T13:52:09Z","2026-07-20T13:52:10Z","2026-07-20T13:52:12Z","2026-07-20T13:52:13Z","2026-07-20T13:52:14Z","2026-07-20T13:52:15Z","2026-07-20T13:52:16Z","2026-07-20T13:52:17Z","2026-07-20T13:52:18Z","2026-07-20T13:52:19Z","2026-07-20T13:52:20Z","2026-07-20T13:52:22Z","2026-07-20T13:52:24Z","2026-07-20T13:52:28Z","2026-07-20T13:52:32Z","2026-07-20T13:52:36Z","2026-07-20T13:52:38Z","2026-07-20T13:52:40Z","2026-07-20T13:52:41Z","2026-07-20T13:52:43Z","2026-07-20T13:52:45Z","2026-07-20T13:52:47Z","2026-07-20T13:52:48Z","2026-07-20T13:52:49Z","2026-07-20T13:52:50Z","2026-07-20T13:52:51Z","2026-07-20T13:52:52Z","2026-07-20T13:52:53Z","2026-07-20T13:52:54Z","2026-07-20T13:52:55Z","2026-07-20T13:52:56Z","2026-07-20T13:52:57Z","2026-07-20T13:52:58Z","2026-07-20T13:52:59Z","2026-07-20T13:53:00Z","2026-07-20T13:53:01Z","2026-07-20T13:53:02Z","2026-07-20T13:53:03Z","2026-07-20T13:53:04Z","2026-07-20T13:53:05Z","2026-07-20T13:53:07Z","2026-07-20T13:53:09Z","2026-07-20T13:53:11Z","2026-07-20T13:53:12Z","2026-07-20T13:53:13Z","2026-07-20T13:53:14Z","2026-07-20T13:53:15Z","2026-07-20T13:53:16Z","2026-07-20T13:53:17Z","2026-07-20T13:53:18Z","2026-07-20T13:53:19Z","2026-07-20T13:53:20Z","2026-07-20T13:53:21Z","2026-07-20T13:53:22Z","2026-07-20T13:53:23Z","2026-07-20T13:53:24Z","2026-07-20T13:53:25Z","2026-07-20T13:53:26Z","2026-07-20T13:53:27Z","2026-07-20T13:53:28Z","2026-07-20T13:53:29Z","2026-07-20T13:53:30Z","2026-07-20T13:53:31Z","2026-07-20T13:53:32Z","2026-07-20T13:53:33Z","2026-07-20T13:53:34Z","2026-07-20T13:53:35Z","2026-07-20T13:53:36Z","2026-07-20T13:53:37Z","2026-07-20T13:53:38Z","2026-07-20T13:53:39Z","2026-07-20T13:53:40Z","2026-07-20T13:53:41Z","2026-07-20T13:53:42Z","2026-07-20T13:53:43Z","2026-07-20T13:53:44Z","2026-07-20T13:53:45Z","2026-07-20T13:53:46Z","2026-07-20T13:53:47Z","2026-07-20T13:53:48Z","2026-07-20T13:53:49Z","2026-07-20T13:53:50Z","2026-07-20T13:53:51Z","2026-07-20T13:53:52Z","2026-07-20T13:53:52Z","2026-07-20T13:53:53Z","2026-07-20T13:53:54Z","2026-07-20T13:53:55Z","2026-07-20T13:53:56Z","2026-07-20T13:53:57Z","2026-07-20T13:53:58Z","2026-07-20T13:53:59Z","2026-07-20T13:54:00Z","2026-07-20T13:54:01Z","2026-07-20T13:54:03Z","2026-07-20T13:54:05Z","2026-07-20T13:54:08Z","2026-07-20T13:54:12Z","2026-07-20T13:54:25Z","2026-07-20T13:54:27Z","2026-07-20T13:54:29Z","2026-07-20T13:54:30Z","2026-07-20T13:54:32Z","2026-07-20T13:54:33Z","2026-07-20T13:54:34Z","2026-07-20T13:54:35Z","2026-07-20T13:54:36Z","2026-07-20T13:54:37Z","2026-07-20T13:54:38Z","2026-07-20T13:54:39Z","2026-07-20T13:54:40Z","2026-07-20T13:54:41Z","2026-07-20T13:54:42Z","2026-07-20T13:54:43Z","2026-07-20T13:54:44Z","2026-07-20T13:54:45Z","2026-07-20T13:54:46Z","2026-07-20T13:54:47Z","2026-07-20T13:54:48Z","2026-07-20T13:54:49Z","2026-07-20T13:54:50Z","2026-07-20T13:54:51Z","2026-07-20T13:54:52Z","2026-07-20T13:54:53Z","2026-07-20T13:54:54Z","2026-07-20T13:54:55Z","2026-07-20T13:54:56Z","2026-07-20T13:54:57Z","2026-07-20T13:54:58Z","2026-07-20T13:54:59Z","2026-07-20T13:55:01Z","2026-07-20T13:55:04Z","2026-07-20T13:55:06Z","2026-07-20T13:55:08Z","2026-07-20T13:55:10Z","2026-07-20T13:55:12Z","2026-07-20T13:55:14Z","2026-07-20T13:55:16Z","2026-07-20T13:55:17Z","2026-07-20T13:55:18Z","2026-07-20T13:55:19Z","2026-07-20T13:55:20Z","2026-07-20T13:55:21Z","2026-07-20T13:55:22Z","2026-07-20T13:55:23Z","2026-07-20T13:55:24Z","2026-07-20T13:55:25Z","2026-07-20T13:55:26Z","2026-07-20T13:55:28Z","2026-07-20T13:55:31Z","2026-07-20T13:55:35Z","2026-07-20T13:55:37Z","2026-07-20T13:55:38Z","2026-07-20T13:55:39Z","2026-07-20T13:55:40Z","2026-07-20T13:55:41Z","2026-07-20T13:55:42Z","2026-07-20T13:55:43Z","2026-07-20T13:55:44Z","2026-07-20T13:55:45Z","2026-07-20T13:55:46Z","2026-07-20T13:55:47Z","2026-07-20T13:55:50Z","2026-07-20T13:55:52Z","2026-07-20T13:55:54Z","2026-07-20T13:55:58Z","2026-07-20T13:56:00Z","2026-07-20T13:56:03Z","2026-07-20T13:56:06Z","2026-07-20T13:56:08Z","2026-07-20T13:56:10Z","2026-07-20T13:56:12Z","2026-07-20T13:56:15Z","2026-07-20T13:56:17Z","2026-07-20T13:56:22Z","2026-07-20T13:56:26Z","2026-07-20T13:56:46Z"]}},"geometry":{"type":"LineString","coordinates":[[21.030277,52.236741,98.47744],[21.030279,52.236737,98.253319],[21.030301,52.236839,89.901336],[21.030207,52.236766,91.355775],[21.030343,52.236674,90.146388],[21.030493,52.236565,89.740388],[21.030617,52.236474,89.484627],[21.030796,52.236424,89.199581],[21.030918,52.236341,88.838174],[21.031043,52.236258,88.915402],[21.031152,52.236185,88.703993],[21.031112,52.236097,88.491021],[21.031129,52.236004,88.768214],[21.031158,52.235889,88.616585],[21.03123,52.23579,88.673506],[21.031415,52.235748,88.435825],[21.031617,52.235693,88.480364],[21.031792,52.235596,88.681382],[21.032005,52.23551,88.850667],[21.032109,52.235443,88.607253],[21.032337,52.235349,88.885447],[21.032452,52.235292,88.669135],[21.03257,52.235236,88.480922],[21.032698,52.235184,88.539519],[21.032923,52.235089,89.012701],[21.033124,52.234995,89.408026],[21.033315,52.234878,89.682027],[21.033513,52.234801,89.86781],[21.03369,52.234713,90.106061],[21.033865,52.234623,90.00849],[21.034053,52.23453,89.888444],[21.034242,52.234432,89.930316],[21.034425,52.234329,89.247144],[21.034644,52.234241,89.146348],[21.03486,52.234143,89.055883],[21.034977,52.234083,89.057392],[21.035177,52.233978,88.80794],[21.03536,52.233887,88.818988],[21.03554,52.233791,88.789894],[21.035735,52.233693,88.713914],[21.035932,52.233592,88.610988],[21.036152,52.233482,88.504648],[21.036371,52.233371,88.217791],[21.036594,52.233258,87.897755],[21.036804,52.23315,88.002802],[21.036993,52.233062,88.322594],[21.037164,52.232978,88.259179],[21.037304,52.232912,88.240606],[21.037421,52.232847,88.69126],[21.037537,52.232788,88.521302],[21.037683,52.232715,89.106564],[21.037846,52.23278,89.270827],[21.037964,52.232861,89.112812],[21.038101,52.232952,89.503497],[21.038239,52.233046,89.58808],[21.03836,52.233138,88.983689],[21.038463,52.233207,87.004552],[21.038653,52.233123,87.046289],[21.038806,52.233041,86.758496],[21.039005,52.232943,86.690165],[21.039214,52.232827,86.830638],[21.03932,52.232757,86.700751],[21.039422,52.232682,86.618935],[21.039518,52.232597,86.358787],[21.039603,52.232511,85.962099],[21.039701,52.232422,86.129051],[21.039792,52.232328,86.326473],[21.039889,52.232228,86.473771],[21.039977,52.232127,86.439586],[21.040073,52.232026,86.235321],[21.040175,52.23192,86.356596],[21.040275,52.231811,86.487982],[21.040378,52.231702,86.097582],[21.040479,52.231589,86.289064],[21.040588,52.231476,86.363536],[21.04069,52.231364,86.173822],[21.040787,52.231249,86.248185],[21.040881,52.231133,86.18633],[21.040972,52.231014,86.243683],[21.041058,52.230892,86.358407],[21.041134,52.230766,86.268035],[21.041203,52.230638,86.16641],[21.04127,52.230512,86.252671],[21.041333,52.230386,86.090414],[21.041379,52.230253,85.90249],[21.041429,52.230124,85.838346],[21.041485,52.229997,86.496309],[21.04153,52.229875,86.224134],[21.041573,52.229757,86.056428],[21.041615,52.229639,85.802054],[21.04166,52.229523,85.818526],[21.041699,52.229404,85.898306],[21.041743,52.229285,85.917179],[21.041785,52.22917,85.739982],[21.041828,52.229057,85.646972],[21.04187,52.228946,85.601774],[21.041916,52.228831,85.815617],[21.041964,52.22871,86.438034],[21.042,52.22859,86.282236],[21.042043,52.228464,86.205738],[21.042089,52.228342,86.016578],[21.042139,52.228216,85.975083],[21.042178,52.228085,86.620149],[21.042224,52.227957,86.440055],[21.042266,52.227821,86.886876],[21.042316,52.227686,86.749555],[21.042362,52.227558,86.578261],[21.042415,52.227426,86.764566],[21.042458,52.227288,86.970564],[21.042511,52.227147,86.630024],[21.04255,52.227011,86.683674],[21.042588,52.226876,86.732816],[21.042647,52.226754,85.50994],[21.042692,52.226645,84.976426],[21.042739,52.226539,84.835859],[21.042789,52.226421,84.723945],[21.042838,52.226311,84.655706],[21.042874,52.226209,84.522779],[21.042894,52.226114,84.567551],[21.042944,52.226003,84.563504],[21.042985,52.225898,84.586365],[21.04302,52.225796,84.483319],[21.043055,52.225696,84.5753],[21.043075,52.225594,84.662398],[21.043079,52.225492,84.80416],[21.043053,52.225394,84.750828],[21.043006,52.225296,84.984457],[21.042924,52.225197,85.512548],[21.042774,52.225127,86.137468],[21.042659,52.225046,86.770245],[21.042538,52.224962,87.357274],[21.042403,52.224867,88.042688],[21.04228,52.22477,88.487151],[21.042136,52.224675,89.168354],[21.041991,52.224576,89.372053],[21.041847,52.224478,90.050173],[21.041705,52.224381,90.564091],[21.041563,52.224283,90.867682],[21.041428,52.224188,90.835055],[21.041291,52.224098,90.755576],[21.04119,52.224018,90.104045],[21.041084,52.223947,90.088271],[21.040976,52.223879,89.977077],[21.040825,52.223828,89.844973],[21.040627,52.223752,89.827053],[21.040381,52.223627,89.943354],[21.040227,52.223555,89.824508],[21.040091,52.223495,89.56435],[21.039917,52.223415,88.588763],[21.039756,52.22334,88.926856],[21.039582,52.223264,89.08863],[21.039411,52.223125,89.164406],[21.039262,52.22312,89.146528],[21.039069,52.223013,89.087406],[21.038868,52.222889,89.155271],[21.038742,52.222817,89.162647],[21.038554,52.222784,89.205431],[21.038391,52.222722,89.608023],[21.038244,52.222667,89.427631],[21.038063,52.2226,89.341007],[21.037872,52.222533,89.511726],[21.037661,52.222461,90.213188],[21.03744,52.22239,90.076729],[21.037231,52.222323,90.363076],[21.037007,52.222267,90.822484],[21.036783,52.222214,91.401174],[21.036546,52.22216,91.662413],[21.036323,52.222107,92.140846],[21.036058,52.222046,92.448262],[21.035808,52.221984,92.97782],[21.035547,52.221918,93.609724],[21.035297,52.221858,94.215596],[21.035054,52.221793,95.109584],[21.034821,52.221735,95.192622],[21.034573,52.221669,95.530592],[21.034317,52.221611,96.1435],[21.034062,52.221547,97.09407],[21.033814,52.221485,97.712021],[21.033578,52.221427,98.428402],[21.03335,52.221374,98.97444],[21.033143,52.221327,97.431831],[21.032919,52.221266,97.703993],[21.032663,52.221212,98.574164],[21.032431,52.221154,99.042636],[21.032203,52.221084,99.975886],[21.031978,52.221046,100.771373],[21.031755,52.220978,100.84705],[21.031521,52.220934,101.380954],[21.031298,52.220877,101.640674],[21.031097,52.220828,102.16002],[21.030883,52.22077,102.3042],[21.030668,52.220719,103.049254],[21.030448,52.220663,103.773943],[21.030236,52.22061,103.754133],[21.030026,52.220555,103.803725],[21.029807,52.220494,103.983508],[21.029599,52.220441,103.715026],[21.029386,52.220389,103.993488],[21.029174,52.220341,104.673782],[21.028967,52.220288,104.841351],[21.028779,52.220244,104.074207],[21.028561,52.22019,106.473994],[21.028357,52.220141,107.603404],[21.028165,52.220101,107.661329],[21.02796,52.220054,108.619495],[21.027754,52.220001,108.658015],[21.027526,52.219948,109.29338],[21.027317,52.219895,109.664774],[21.027086,52.21984,109.898523],[21.026829,52.219779,110.831187],[21.026602,52.219718,110.881247],[21.026357,52.219658,111.064859],[21.026089,52.219592,111.339091],[21.025868,52.219533,111.628681],[21.025608,52.219465,111.767773],[21.025363,52.2194,111.687208],[21.02511,52.219337,111.916282],[21.024852,52.219272,112.751315],[21.024601,52.219209,112.84468],[21.024356,52.219148,112.381578],[21.024112,52.219086,112.212342],[21.023881,52.21903,107.083763],[21.023608,52.218956,112.689634],[21.023369,52.218889,112.669223],[21.023135,52.218844,112.698805],[21.022929,52.218792,113.26526],[21.02274,52.218747,112.632138],[21.022495,52.218694,113.04121],[21.022265,52.218634,112.549802],[21.022051,52.218578,112.298916],[21.021843,52.21852,112.624586],[21.021645,52.218459,113.970663],[21.021428,52.218405,114.889671],[21.021189,52.218353,115.435808],[21.02094,52.218294,115.747386],[21.0207,52.218237,116.004363],[21.020467,52.218193,116.225387],[21.020211,52.218142,116.540715],[21.019993,52.218098,116.751772],[21.019788,52.218041,116.91816],[21.019533,52.217995,117.164277],[21.0193,52.217938,117.544085],[21.019081,52.217887,117.618312],[21.01886,52.217838,117.811828],[21.018647,52.217792,117.520616],[21.018431,52.217744,117.479298],[21.018146,52.217706,117.678824],[21.017896,52.217658,117.924645],[21.017703,52.217621,118.030496],[21.017524,52.217574,118.002534],[21.017276,52.217511,118.218611],[21.017049,52.21746,118.367994],[21.016875,52.217415,118.225582],[21.016663,52.217368,118.730661],[21.016455,52.217311,118.431957],[21.01625,52.217268,117.786574],[21.016074,52.21722,118.189386],[21.015874,52.217173,118.736305],[21.015684,52.217147,117.568469],[21.015474,52.217113,118.648343],[21.015258,52.21712,118.590222],[21.015048,52.21711,117.909717],[21.014832,52.217109,117.364375],[21.01457,52.217122,117.274882],[21.014369,52.217132,116.584553],[21.014066,52.217119,109.966957],[21.0137,52.217138,109.768355],[21.013426,52.21715,110.341537],[21.013205,52.217182,121.056303],[21.012963,52.217188,121.544542],[21.012763,52.217195,121.228535],[21.012532,52.217202,121.720012],[21.01233,52.217208,122.263299],[21.012078,52.21723,121.690069],[21.011855,52.217247,122.685039],[21.011609,52.217254,118.597186],[21.011357,52.217245,117.109614],[21.011117,52.217261,116.44477],[21.01086,52.217282,116.291339],[21.010582,52.217279,116.253196],[21.010299,52.217284,116.195382],[21.010038,52.217298,115.989222],[21.009791,52.217309,115.848592],[21.009516,52.217298,115.760776],[21.009284,52.217305,115.747883],[21.00898,52.217313,115.743821],[21.008729,52.217322,115.671905],[21.008459,52.217337,115.328552],[21.008202,52.217344,114.838138],[21.007953,52.217349,114.452977],[21.007697,52.217358,113.700633],[21.007429,52.217356,113.210424],[21.007147,52.217354,112.881171],[21.006874,52.217353,112.910067],[21.006599,52.217342,113.001408],[21.00633,52.217328,113.149895],[21.006067,52.217315,113.907031],[21.005802,52.217308,115.059512],[21.005507,52.217292,115.408215],[21.006234,52.217309,114.342624],[21.003941,52.217182,115.745581],[21.003414,52.217136,117.355055],[21.003124,52.217142,118.55307],[21.002839,52.217095,119.227896],[21.002636,52.217076,121.169272],[21.00242,52.217065,121.507199],[21.0022,52.217056,120.776661],[21.001998,52.217038,121.252524],[21.001767,52.217033,120.94223],[21.001505,52.217017,121.032109],[21.001243,52.217008,119.554677],[21.000987,52.217,118.939191],[21.000741,52.216999,118.581569],[21.000507,52.216997,118.321677],[21.00025,52.216983,118.188515],[21.000001,52.216978,118.018501],[20.999747,52.216979,117.932764],[20.999518,52.216967,117.983578],[20.999272,52.216946,117.837981],[20.999032,52.216933,117.812035],[20.998782,52.216916,117.597535],[20.998537,52.216901,117.458687],[20.998316,52.216907,117.333802],[20.998075,52.216905,117.332057],[20.997835,52.216878,117.449393],[20.997595,52.216859,117.469223],[20.997347,52.216842,117.590014],[20.997137,52.21683,117.565948],[20.99696,52.216819,117.658882],[20.996709,52.216809,117.915964],[20.996522,52.2168,117.76077],[20.996313,52.216788,117.836763],[20.996166,52.216776,117.900251],[20.99598,52.216767,117.912409],[20.995678,52.216744,117.701368],[20.995319,52.216728,117.415723],[20.995143,52.216715,117.371988],[20.994973,52.216707,117.27591],[20.996095,52.216795,117.026403],[20.995903,52.216787,117.34386],[20.995747,52.216779,117.304908],[20.995585,52.216773,117.200471],[20.995422,52.216768,117.211349],[20.995279,52.216743,117.282637],[20.995114,52.216743,117.347926],[20.994922,52.216739,117.005314],[20.994767,52.216727,117.110471],[20.994574,52.216716,117.25715],[20.994426,52.216707,117.458838],[20.994255,52.216694,117.099173],[20.994106,52.21669,117.17715],[20.993959,52.216684,117.252902],[20.993754,52.216665,116.963886],[20.993595,52.216655,117.383068],[20.993355,52.216641,117.57406],[20.993032,52.216625,116.898991],[20.992871,52.216615,117.527682],[20.99262,52.2166,117.124495],[20.992434,52.21659,117.547025],[20.992211,52.21658,116.978315],[20.991934,52.216564,117.515903],[20.991769,52.216557,118.022193],[20.99162,52.216552,117.6153],[20.991452,52.216544,117.513119],[20.991294,52.216537,117.584931],[20.99151,52.216534,119.06634],[20.990539,52.216487,118.241031],[20.990292,52.216477,117.765877],[20.990089,52.216467,117.362722],[20.989941,52.21646,117.423946],[20.989742,52.216448,117.094344],[20.98959,52.216449,117.535198],[20.989443,52.216442,117.475444],[20.989255,52.216449,117.329638],[20.989035,52.216464,117.607835],[20.988778,52.216487,117.67113],[20.988567,52.216509,117.452113],[20.988381,52.216527,117.028415],[20.988178,52.216532,117.648994],[20.988014,52.216474,117.610578],[20.987774,52.216411,118.137618],[20.987632,52.216385,118.580998],[20.98748,52.216372,118.694961],[20.987301,52.216362,118.266502],[20.987075,52.216343,118.144611],[20.986883,52.216338,118.325609],[20.986712,52.216302,118.235525],[20.986525,52.216295,118.092841],[20.986323,52.216281,118.00605],[20.986131,52.21627,117.825649],[20.985938,52.216259,117.430394],[20.985751,52.216251,117.95543],[20.985563,52.216242,117.822622],[20.98538,52.216232,118.041737],[20.985215,52.216226,117.726474],[20.985051,52.21622,117.888356],[20.984894,52.216214,117.871851],[20.984744,52.216211,117.845024],[20.984578,52.216205,118.230974],[20.984422,52.216196,118.086047],[20.98415,52.216179,118.474623],[20.9839,52.216163,118.372207],[20.983672,52.216146,118.431216],[20.983505,52.216134,118.23404],[20.983311,52.216093,120.876715],[20.983106,52.216093,118.765614],[20.9829,52.216082,119.264818],[20.982631,52.216069,118.859496],[20.98248,52.216064,118.371261],[20.982193,52.216052,118.542093],[20.982041,52.216063,118.588844],[20.981899,52.216106,118.805868],[20.981733,52.216149,119.153134],[20.981475,52.21625,117.898055],[20.981344,52.216299,118.539684],[20.981213,52.216347,119.200837],[20.981067,52.216387,118.476996],[20.980909,52.21644,119.118122],[20.980727,52.216501,118.762973],[20.98057,52.216554,118.560301],[20.980418,52.216608,118.51233],[20.980248,52.216669,118.36758],[20.980081,52.216725,118.773742],[20.979934,52.216769,118.296128],[20.97978,52.216816,118.448703],[20.979623,52.216874,118.323889],[20.97944,52.216933,118.446139],[20.979259,52.216993,118.228656],[20.979064,52.217048,118.325183],[20.978907,52.217105,117.996578],[20.978754,52.217151,117.909592],[20.978626,52.217197,117.739831],[20.978408,52.217272,117.960811],[20.978256,52.217343,117.534436],[20.978104,52.217397,117.714343],[20.977929,52.21748,118.490982],[20.977767,52.21753,118.194967],[20.977588,52.217599,118.687588],[20.977422,52.21766,118.624096],[20.977267,52.217696,118.550867],[20.977091,52.217751,118.312608],[20.976917,52.217798,118.364977],[20.976701,52.217855,118.356697],[20.976541,52.217922,118.432072],[20.976369,52.217977,118.766296],[20.976189,52.218036,118.597603],[20.976017,52.218092,118.516624],[20.975784,52.218195,118.283032],[20.975602,52.218256,118.130095],[20.975423,52.21832,117.591306],[20.975258,52.218378,117.4186],[20.975123,52.21842,117.003074],[20.974967,52.218456,117.074554],[20.974735,52.218535,116.517194],[20.97458,52.218589,116.049974],[20.974441,52.218636,115.719234],[20.974299,52.218682,115.393508],[20.974165,52.218723,115.50313],[20.974028,52.218766,115.56896],[20.973807,52.218839,115.843558],[20.973596,52.218918,116.667496],[20.973388,52.218997,115.08482],[20.97326,52.219043,115.651885],[20.972994,52.219138,115.481855],[20.972713,52.219227,114.214799],[20.972579,52.219272,114.332213],[20.972442,52.219317,113.503378],[20.972206,52.219396,113.386187],[20.971982,52.219472,113.978303],[20.971851,52.219517,114.08878],[20.97162,52.2196,114.29336],[20.971406,52.219692,113.878816],[20.97117,52.219769,114.006678],[20.970867,52.219788,114.260487],[20.9707,52.219778,113.647443],[20.970563,52.219737,113.525551],[20.970277,52.219663,113.449025],[20.970127,52.219597,113.360344],[20.96997,52.219522,113.288151],[20.969803,52.219459,113.178912],[20.969644,52.219401,113.072026],[20.969465,52.219335,113.095175],[20.969322,52.219271,113.074516],[20.96915,52.219214,113.090017],[20.968963,52.219147,113.654932],[20.968802,52.219077,113.640653],[20.96863,52.219009,113.371287],[20.968452,52.218939,113.159093],[20.968281,52.218869,113.21356],[20.968111,52.218801,113.174419],[20.967938,52.218728,113.440139],[20.96773,52.218659,113.296115],[20.967547,52.218593,113.349707],[20.967366,52.218535,113.240711],[20.967196,52.218474,112.453545],[20.967036,52.218409,112.239094],[20.966903,52.218353,111.763433],[20.966768,52.218297,111.411231],[20.966629,52.218234,111.646805],[20.966511,52.218166,111.765946],[20.966298,52.218069,111.60598],[20.96608,52.217998,111.66381],[20.9659,52.21794,112.097223],[20.965686,52.217871,112.016506],[20.965512,52.217814,112.388134],[20.965301,52.217728,112.112338],[20.96505,52.217678,111.737973],[20.964897,52.21766,111.930738],[20.964738,52.217633,111.825301],[20.964444,52.217563,112.321659],[20.964287,52.21751,112.680038],[20.964097,52.217475,113.084496],[20.963917,52.217427,113.125451],[20.96376,52.21733,113.070805],[20.963565,52.217261,112.720182],[20.963346,52.217188,113.423023],[20.963118,52.217113,114.535564],[20.962889,52.217039,113.808549],[20.962678,52.216964,114.537733],[20.962444,52.216882,116.104247],[20.962196,52.216805,116.953787],[20.961963,52.216728,117.432317],[20.961728,52.216653,117.491596],[20.961499,52.216575,118.205271],[20.961264,52.216501,118.7693],[20.961028,52.216421,119.316898],[20.960804,52.216338,119.398171],[20.960554,52.216266,119.76313],[20.960299,52.216184,119.8488],[20.960059,52.216116,118.691343],[20.959819,52.216045,118.598701],[20.959576,52.215974,118.061512],[20.959342,52.215897,116.868719],[20.95911,52.21582,116.486706],[20.958891,52.215734,115.368399],[20.95865,52.215657,115.672933],[20.958443,52.215581,117.135387],[20.958228,52.215512,115.489397],[20.957986,52.215439,113.452059],[20.957753,52.215365,114.212136],[20.957498,52.215282,114.260612],[20.957294,52.21521,113.26376],[20.957102,52.215122,113.372678],[20.956927,52.215032,113.91566],[20.956746,52.214945,112.871629],[20.956555,52.214852,113.119124],[20.956359,52.214754,114.519844],[20.956185,52.214647,114.654365],[20.956008,52.214541,115.204048],[20.955841,52.214424,115.380392],[20.955675,52.214319,115.285301],[20.955524,52.214214,114.459278],[20.955347,52.214109,112.969726],[20.95518,52.214005,113.935218],[20.954993,52.213896,115.932974],[20.954823,52.213798,113.886357],[20.954694,52.213695,112.841676],[20.954559,52.21359,113.20169],[20.954412,52.213481,113.731996],[20.954244,52.213397,113.259093],[20.95408,52.21328,114.271401],[20.953912,52.213183,114.773187],[20.953766,52.213072,113.841253],[20.953638,52.212977,113.267366],[20.953506,52.212891,112.479406],[20.953358,52.212792,112.978213],[20.95323,52.212709,112.97187],[20.953108,52.212612,112.433513],[20.952981,52.212534,112.658463],[20.952845,52.212436,113.383509],[20.952715,52.212342,112.224431],[20.952581,52.212253,112.001148],[20.952441,52.212157,112.677514],[20.952301,52.21207,112.843875],[20.952133,52.211982,113.360922],[20.951976,52.211903,113.106899],[20.951805,52.211782,113.601054],[20.95159,52.211687,113.997822],[20.951433,52.211587,114.344319],[20.951277,52.211481,114.882399],[20.951106,52.211368,114.579545],[20.950922,52.211249,115.231689],[20.950776,52.211134,115.989128],[20.950597,52.211016,116.154269],[20.950462,52.21091,117.121475],[20.950295,52.210791,117.845803],[20.950135,52.210682,120.482903],[20.950002,52.210584,120.951044],[20.949865,52.210485,120.128263],[20.949718,52.210381,119.637309],[20.949595,52.210303,119.744775],[20.949442,52.210187,120.466495],[20.949303,52.21009,120.494093],[20.94917,52.209998,120.170907],[20.948973,52.209942,120.557509],[20.948841,52.209853,120.379887],[20.948706,52.209762,120.854682],[20.948513,52.209653,120.908834],[20.948345,52.209543,120.713441],[20.948185,52.209435,120.465993],[20.948034,52.209335,120.111702],[20.947889,52.209239,119.797616],[20.947715,52.209122,119.090788],[20.947541,52.209002,118.438178],[20.94737,52.208884,117.683325],[20.947201,52.208766,116.919521],[20.946994,52.208635,116.660139],[20.946819,52.208519,116.585793],[20.946624,52.208399,117.298112],[20.946447,52.208283,116.541754],[20.946275,52.208167,116.507644],[20.946106,52.208052,115.175414],[20.945933,52.207934,115.112641],[20.945759,52.20781,115.267707],[20.945577,52.207683,116.456704],[20.945399,52.207568,116.440368],[20.945232,52.207452,115.746408],[20.945053,52.207337,116.539096],[20.94489,52.207221,116.504174],[20.944726,52.20711,116.129815],[20.944551,52.206991,116.645465],[20.944376,52.206875,116.739518],[20.944205,52.206755,115.061138],[20.944034,52.206645,114.729908],[20.943873,52.206529,114.787895],[20.943711,52.206417,115.047426],[20.943557,52.206299,115.278339],[20.943385,52.206171,115.357117],[20.943219,52.206055,115.541021],[20.943049,52.205941,115.639149],[20.94288,52.205832,115.714543],[20.942718,52.205726,115.891589],[20.942557,52.205613,116.369529],[20.942389,52.205518,116.662128],[20.942236,52.205402,116.761684],[20.942077,52.205283,116.803602],[20.941931,52.205181,116.400906],[20.941762,52.205063,116.548838],[20.941601,52.204959,116.342223],[20.941429,52.204857,115.889312],[20.941268,52.204737,115.341191],[20.941095,52.204608,114.799108],[20.940924,52.204486,114.673035],[20.940748,52.204345,114.568258],[20.94058,52.204224,114.113875],[20.940378,52.20411,113.960518],[20.940221,52.203989,113.916228],[20.940039,52.203868,112.900429],[20.939858,52.203744,111.877232],[20.939662,52.203628,111.619156],[20.93946,52.203497,111.706063],[20.939258,52.20337,111.814469],[20.939069,52.203243,111.163976],[20.938886,52.203105,112.31929],[20.938697,52.202975,112.617343],[20.93852,52.202844,112.739366],[20.938328,52.202714,112.849773],[20.938138,52.202582,112.980296],[20.937948,52.202454,113.448263],[20.937762,52.202331,113.967415],[20.937567,52.202215,114.472505],[20.937383,52.202085,114.873618],[20.93718,52.201969,115.605734],[20.936999,52.201873,115.911404],[20.936834,52.201763,116.695567],[20.936669,52.201649,116.957723],[20.936491,52.201535,117.200889],[20.936314,52.201425,117.975367],[20.936147,52.201312,117.827076],[20.935987,52.201192,117.744379],[20.935816,52.201083,117.176748],[20.935645,52.200967,117.212451],[20.935472,52.200849,116.737438],[20.935303,52.200726,116.542832],[20.935126,52.200606,115.847539],[20.934953,52.200483,116.098433],[20.934781,52.200373,115.346797],[20.934613,52.200244,114.34512],[20.934432,52.20013,113.585641],[20.934255,52.200008,112.398018],[20.934056,52.199891,110.906038],[20.933875,52.199766,110.538329],[20.933676,52.199644,110.167131],[20.933476,52.199519,109.382766],[20.933291,52.199396,109.907428],[20.933142,52.199283,110.867669],[20.932949,52.199192,109.497618],[20.932779,52.199085,108.90216],[20.93259,52.19898,109.007562],[20.93242,52.198875,109.371481],[20.932265,52.198764,109.36526],[20.932098,52.19866,110.295798],[20.931916,52.198541,110.951199],[20.931737,52.198425,111.22731],[20.931573,52.198283,111.388067],[20.931389,52.198153,111.646907],[20.931227,52.19802,111.574764],[20.931017,52.197882,111.826293],[20.930856,52.197748,111.720562],[20.930659,52.197626,111.972334],[20.930404,52.197546,112.039002],[20.930195,52.197426,111.99541],[20.930096,52.197254,112.014247],[20.929935,52.19712,112.082438],[20.929759,52.196983,111.471716],[20.929505,52.196846,111.046617],[20.92927,52.196707,110.878617],[20.929078,52.196562,110.385361],[20.928882,52.196403,109.101334],[20.928694,52.196253,108.859176],[20.928502,52.196105,108.223572],[20.928299,52.195956,107.779682],[20.928082,52.195806,107.347325],[20.927878,52.195658,107.430854],[20.927658,52.195514,107.380438],[20.92743,52.195372,107.388044],[20.927275,52.195223,108.252769],[20.927089,52.19508,109.560972],[20.926917,52.194967,110.164376],[20.926729,52.194836,110.446316],[20.926547,52.194699,112.932964],[20.926339,52.194571,114.097687],[20.926112,52.194439,115.103614],[20.925898,52.194316,115.615861],[20.925711,52.194187,115.38407],[20.925519,52.194066,114.995702],[20.925335,52.193941,114.430908],[20.925122,52.193824,114.833224],[20.924913,52.193703,114.880751],[20.924698,52.193557,116.357385],[20.924515,52.193442,115.246867],[20.924312,52.193316,115.423703],[20.924134,52.193194,114.43369],[20.923945,52.193061,114.22784],[20.923739,52.19293,113.992085],[20.923544,52.192795,113.926702],[20.923332,52.192664,114.385772],[20.923125,52.192531,114.457748],[20.922927,52.192403,113.84069],[20.922726,52.192264,113.988094],[20.922513,52.192138,113.685832],[20.922297,52.192005,113.569542],[20.922063,52.191875,113.883563],[20.921852,52.191753,113.61784],[20.921633,52.191627,112.424045],[20.921448,52.191507,110.864421],[20.921241,52.19138,110.053856],[20.921026,52.191241,109.874141],[20.920826,52.191104,109.767407],[20.920615,52.190971,109.461275],[20.920401,52.190827,109.41938],[20.920207,52.190686,109.492384],[20.919999,52.190548,109.567378],[20.919781,52.190411,109.930622],[20.919572,52.19027,109.185857],[20.919366,52.19013,109.378968],[20.919176,52.19,110.091899],[20.918967,52.189878,108.279254],[20.918789,52.189743,107.812637],[20.918615,52.189599,108.164876],[20.918452,52.189452,108.041172],[20.918299,52.189302,108.063552],[20.918152,52.189138,108.190587],[20.918024,52.188971,108.181528],[20.917923,52.188793,108.136219],[20.917823,52.18862,107.734063],[20.917743,52.188443,107.215473],[20.917664,52.188259,106.66506],[20.917588,52.188066,106.985782],[20.917529,52.187871,106.21544],[20.917458,52.187675,106.593728],[20.917396,52.187479,105.962879],[20.917335,52.187288,106.287784],[20.917268,52.187112,106.687307],[20.91719,52.186949,108.161459],[20.91713,52.186783,108.494923],[20.917074,52.186614,109.468033],[20.917021,52.186447,110.739156],[20.91697,52.186279,110.350347],[20.916905,52.186121,111.379281],[20.916848,52.185966,111.422079],[20.916788,52.1858,113.183902],[20.916726,52.185646,113.466474],[20.916663,52.185492,114.590405],[20.91661,52.185329,115.554959],[20.916561,52.185163,115.906047],[20.91651,52.185003,115.848539],[20.916457,52.184832,115.704451],[20.916399,52.18467,115.889003],[20.916354,52.184511,116.318584],[20.916272,52.184361,116.677104],[20.916227,52.1842,116.905923],[20.916179,52.184041,116.255716],[20.916146,52.18388,114.148803],[20.916104,52.183708,115.541845],[20.916046,52.183552,114.957804],[20.915991,52.183391,114.991208],[20.91594,52.183245,114.757723],[20.915884,52.183094,114.508929],[20.915836,52.182935,113.387676],[20.915772,52.18277,113.887852],[20.915713,52.182605,113.675392],[20.91565,52.182453,111.797192],[20.915571,52.182293,111.258012],[20.915506,52.182122,112.009219],[20.915461,52.181936,110.852755],[20.915376,52.181782,110.172719],[20.915304,52.18161,109.568834],[20.915208,52.181436,109.987623],[20.915111,52.181275,109.435915],[20.915046,52.181088,109.570765],[20.914987,52.180906,109.3714],[20.914931,52.180727,108.832411],[20.914872,52.180552,108.673456],[20.914793,52.180384,108.444451],[20.914729,52.180209,108.458488],[20.914669,52.180039,108.587771],[20.914615,52.179855,109.46457],[20.914536,52.179681,109.123336],[20.914457,52.179498,109.98633],[20.914379,52.179323,109.935661],[20.9143,52.179169,109.722876],[20.914221,52.178992,109.886762],[20.914155,52.178825,109.774624],[20.914087,52.17866,109.761137],[20.914035,52.178489,110.094685],[20.913979,52.178332,109.621865],[20.913926,52.17817,109.805784],[20.913878,52.177998,109.941909],[20.913832,52.177836,109.527644],[20.913787,52.177668,109.424355],[20.913722,52.177511,109.719219],[20.913661,52.17736,109.096158],[20.913592,52.177203,109.049558],[20.913542,52.177045,108.964095],[20.913475,52.176891,108.686539],[20.913394,52.176733,108.686379],[20.913301,52.176586,108.271876],[20.913198,52.176436,108.135892],[20.913081,52.176281,108.087761],[20.912947,52.176138,108.343149],[20.912787,52.175994,108.891916],[20.912608,52.17586,108.924652],[20.912407,52.175753,108.941216],[20.912189,52.175647,109.522611],[20.911981,52.17554,110.035373],[20.911752,52.175455,110.282576],[20.911508,52.175399,110.693091],[20.911258,52.175328,111.253553],[20.911017,52.175255,111.201619],[20.910724,52.175193,111.079972],[20.910461,52.175121,111.07641],[20.910201,52.175066,111.449922],[20.909917,52.174999,111.866245],[20.909601,52.17495,111.705272],[20.909303,52.174912,111.898234],[20.909021,52.174884,111.503604],[20.908749,52.174869,111.576069],[20.908478,52.174867,111.686526],[20.908183,52.174858,111.207195],[20.907891,52.174864,110.942446],[20.907609,52.174887,111.099531],[20.90736,52.174932,109.808186],[20.907077,52.174972,111.761742],[20.906789,52.175033,111.829505],[20.9065,52.175103,112.008959],[20.906209,52.175175,112.046134],[20.905911,52.175252,112.26934],[20.905608,52.175318,113.617305],[20.905302,52.175387,113.695514],[20.904967,52.175451,113.354456],[20.904628,52.175518,114.256415],[20.904294,52.175591,114.053574],[20.903958,52.175657,113.838336],[20.903626,52.175725,114.145135],[20.903296,52.175792,114.314563],[20.902951,52.175853,113.226616],[20.902605,52.175913,113.139384],[20.902259,52.175967,112.402846],[20.901915,52.176032,112.913683],[20.901569,52.176091,111.741012],[20.901239,52.176154,113.213236],[20.900906,52.176212,113.271162],[20.900579,52.176269,113.04921],[20.900252,52.176334,113.933026],[20.89992,52.176389,113.15406],[20.899605,52.176447,112.919191],[20.899302,52.176505,112.992348],[20.898988,52.176567,112.666229],[20.898676,52.176635,113.497718],[20.898356,52.176691,113.472206],[20.898017,52.176756,114.108],[20.897695,52.176816,114.418237],[20.897371,52.176882,114.556724],[20.897038,52.176948,115.712454],[20.896717,52.177016,116.128299],[20.896397,52.17709,116.487843],[20.896067,52.177156,117.231774],[20.89576,52.177225,117.013932],[20.895441,52.177296,117.309738],[20.895126,52.177364,117.361218],[20.894815,52.177433,117.880074],[20.894514,52.177507,118.39464],[20.894202,52.177563,118.561031],[20.893908,52.17763,118.662988],[20.893595,52.177704,118.903424],[20.893312,52.177771,118.607769],[20.89299,52.17785,118.513888],[20.892701,52.177923,119.059018],[20.892389,52.178002,118.661765],[20.892095,52.178079,118.342472],[20.891818,52.178151,118.554412],[20.891526,52.178228,118.35574],[20.891248,52.178303,118.193505],[20.89095,52.178385,118.303094],[20.890691,52.178458,118.344315],[20.890404,52.178542,118.596641],[20.890097,52.178634,118.822183],[20.889801,52.178723,119.183077],[20.889495,52.178815,118.774002],[20.889185,52.178907,118.097547],[20.888885,52.178995,117.575976],[20.888526,52.179084,117.383757],[20.888253,52.179191,117.355827],[20.88791,52.179308,117.402426],[20.887667,52.179516,116.686241],[20.887343,52.179612,116.714548],[20.887016,52.179734,116.710558],[20.886679,52.179847,117.218971],[20.886344,52.179999,116.561815],[20.88601,52.180108,116.719823],[20.885635,52.180173,117.081574],[20.885278,52.180295,117.175028],[20.884941,52.180407,117.07575],[20.884573,52.180516,117.910456],[20.884241,52.18062,119.00735],[20.883869,52.180747,119.280716],[20.883558,52.180855,117.894263],[20.883234,52.180974,118.100455],[20.882917,52.181093,119.31673],[20.882598,52.181214,119.391112],[20.88226,52.181324,119.78822],[20.881984,52.181456,118.933972],[20.881659,52.181563,118.237723],[20.881363,52.181707,118.578818],[20.881032,52.18179,119.105117],[20.880722,52.181904,118.687459],[20.880432,52.182022,118.872988],[20.880148,52.182137,119.339726],[20.879815,52.182264,119.092724],[20.879523,52.182409,118.734807],[20.879234,52.182518,118.622506],[20.878954,52.182671,117.756429],[20.878665,52.182801,118.597287],[20.878379,52.182916,118.84911],[20.878058,52.183039,118.173847],[20.877743,52.183174,118.615155],[20.8774,52.183284,118.154037],[20.877085,52.183422,117.905212],[20.876777,52.183546,118.029754],[20.876464,52.183674,118.142817],[20.876153,52.183796,118.156515],[20.875839,52.183926,116.926944],[20.875551,52.184047,117.050208],[20.87526,52.184183,117.659242],[20.874955,52.184313,117.436599],[20.874649,52.18444,116.426378],[20.87435,52.184561,116.521111],[20.874049,52.184694,117.053409],[20.87373,52.184814,117.26964],[20.873443,52.184945,116.481107],[20.873148,52.185075,115.933707],[20.872862,52.185196,116.218061],[20.872586,52.185314,116.420498],[20.872289,52.185442,117.175449],[20.872008,52.185572,117.073265],[20.871707,52.185685,115.643913],[20.871404,52.185803,115.960038],[20.871113,52.18593,115.790256],[20.870797,52.18606,116.167416],[20.870497,52.186187,115.065114],[20.870206,52.186332,114.675268],[20.869913,52.186473,114.558784],[20.869609,52.186599,113.191382],[20.869316,52.186725,112.855584],[20.869045,52.186842,112.441723],[20.868731,52.186976,112.238061],[20.868455,52.187093,110.422893],[20.868134,52.187207,110.390232],[20.867838,52.187351,110.801597],[20.867546,52.187478,111.094395],[20.867244,52.18762,111.010275],[20.866978,52.187703,109.219687],[20.866723,52.18783,108.910305],[20.866451,52.187939,109.100963],[20.866159,52.188072,109.760563],[20.86588,52.188154,110.629906],[20.865596,52.18828,112.891325],[20.865325,52.188406,110.912134],[20.865019,52.188533,110.789577],[20.864751,52.188649,111.485584],[20.864472,52.18877,111.892025],[20.864188,52.188892,113.24476],[20.863905,52.189015,113.174435],[20.863634,52.189132,113.091883],[20.863333,52.189263,111.391043],[20.863034,52.189392,111.174281],[20.862725,52.189531,110.902217],[20.862451,52.18966,110.616036],[20.862175,52.18979,110.535692],[20.86188,52.18993,112.072385],[20.861607,52.190058,113.334302],[20.8613,52.190208,111.662083],[20.861001,52.190364,112.239332],[20.860723,52.190509,111.991502],[20.860438,52.190658,112.092916],[20.860153,52.190807,111.838838],[20.859889,52.190954,111.894508],[20.859688,52.191076,111.710245],[20.859439,52.191228,111.488664],[20.859186,52.191382,111.05042],[20.85894,52.191532,111.232879],[20.858652,52.191716,112.942902],[20.858399,52.191885,112.985774],[20.858139,52.192059,112.836416],[20.857942,52.192191,113.70335],[20.8577,52.192353,114.418921],[20.857441,52.192528,114.217307],[20.857201,52.192709,112.981419],[20.856989,52.19287,113.203038],[20.856763,52.19304,113.252039],[20.856496,52.193244,112.905175],[20.856286,52.19342,112.024748],[20.856069,52.193602,111.630594],[20.855871,52.193769,110.869062],[20.855655,52.193952,110.430865],[20.855459,52.194131,111.111453],[20.855252,52.194312,111.804225],[20.855066,52.194498,112.149316],[20.854842,52.194672,113.372708],[20.854615,52.194848,112.894767],[20.854403,52.195034,112.746262],[20.854188,52.195214,113.116311],[20.853979,52.195389,112.713349],[20.853792,52.195573,113.747581],[20.853584,52.195752,113.195034],[20.853383,52.195931,114.25583],[20.853182,52.19611,114.152497],[20.852978,52.196287,114.262787],[20.852755,52.196462,114.690785],[20.852555,52.196648,116.01844],[20.852339,52.196826,115.727153],[20.852135,52.197001,114.491946],[20.85194,52.19717,113.522632],[20.851723,52.19734,113.685533],[20.851485,52.197513,113.331766],[20.851254,52.197674,112.932641],[20.85101,52.197835,112.621125],[20.85076,52.197988,112.074027],[20.850531,52.198144,111.621227],[20.850278,52.198288,110.685422],[20.85002,52.198438,109.848436],[20.84975,52.198596,110.338592],[20.849465,52.198742,110.773569],[20.849187,52.198885,110.55031],[20.848923,52.199027,109.717182],[20.848648,52.199161,109.034862],[20.848315,52.199267,108.86875],[20.847979,52.199376,108.697336],[20.847663,52.199468,108.156506],[20.847358,52.199552,107.813235],[20.847009,52.199665,108.034483],[20.846657,52.199756,107.053327],[20.846307,52.199854,107.214815],[20.845972,52.199921,107.044755],[20.845617,52.19999,107.006611],[20.845258,52.200061,106.90777],[20.844908,52.20012,107.14894],[20.844524,52.20018,106.353152],[20.844151,52.200229,105.48467],[20.843804,52.200263,105.021702],[20.843432,52.200288,104.658405],[20.843076,52.200308,103.772317],[20.842708,52.200319,103.37479],[20.842329,52.200323,101.311652],[20.841949,52.200347,101.122221],[20.841662,52.200382,100.386566],[20.841292,52.200366,101.015319],[20.84093,52.200361,100.653603],[20.840599,52.200328,101.262743],[20.840254,52.200293,101.144451],[20.83994,52.200256,102.339385],[20.83957,52.200219,102.259495],[20.839278,52.200188,102.44657],[20.838959,52.200142,102.25633],[20.838639,52.200095,101.579236],[20.838288,52.20003,101.294343],[20.83798,52.199965,101.694962],[20.837681,52.199906,101.266668],[20.837404,52.19986,102.139936],[20.83717,52.199812,101.624444],[20.836881,52.199744,101.71985],[20.83658,52.199658,101.679729],[20.836297,52.199586,101.472984],[20.835952,52.199498,101.25331],[20.835642,52.199401,102.549111],[20.835345,52.199298,101.650659],[20.835034,52.199198,101.562609],[20.83473,52.199101,101.155449],[20.834394,52.199009,101.170915],[20.834118,52.198898,101.043475],[20.83379,52.198795,100.586573],[20.833495,52.198691,101.050905],[20.83321,52.198594,101.575053],[20.832886,52.198499,101.117647],[20.832578,52.198386,101.173505],[20.832281,52.198276,99.800686],[20.831957,52.198179,99.639952],[20.831674,52.198083,98.432845],[20.83136,52.197987,97.977112],[20.831015,52.197868,98.728847],[20.830689,52.197761,97.915087],[20.83035,52.197664,98.394339],[20.830035,52.197544,98.578845],[20.829741,52.197435,98.714282],[20.829431,52.19734,97.875436],[20.829128,52.197231,97.429217],[20.828816,52.197123,97.816347],[20.828502,52.197033,97.257339],[20.828166,52.196921,98.353122],[20.827855,52.196825,97.551169],[20.827566,52.196725,97.837819],[20.827248,52.196618,97.904462],[20.826912,52.196523,98.407695],[20.826594,52.196424,98.601094],[20.826303,52.196323,98.118111],[20.826012,52.196229,98.129006],[20.825692,52.196136,98.743852],[20.825427,52.196039,98.958362],[20.825168,52.195951,98.671011],[20.824913,52.195854,98.835435],[20.824655,52.19576,99.245228],[20.824388,52.195657,100.255529],[20.824114,52.195573,99.829744],[20.823829,52.195505,99.771488],[20.82356,52.19543,100.929936],[20.82333,52.195357,99.889936],[20.823095,52.195285,99.309627],[20.82286,52.195213,99.253702],[20.822633,52.195142,99.481239],[20.822435,52.195078,99.420056],[20.822227,52.195015,99.190685],[20.822055,52.194955,99.656172],[20.821898,52.194909,99.879945],[20.821712,52.194856,102.391592],[20.821537,52.194811,102.622826],[20.821384,52.194757,102.810719],[20.821233,52.194718,102.762157],[20.821024,52.194641,102.882893],[20.820864,52.194587,102.925788],[20.820717,52.194547,103.124856],[20.820575,52.194515,103.188368],[20.820413,52.194478,103.257463],[20.820224,52.194429,103.925208],[20.820084,52.194381,104.059907],[20.819924,52.194331,103.782083],[20.819745,52.194287,103.530922],[20.819528,52.194228,103.263279],[20.819295,52.194167,103.146807],[20.819045,52.194101,103.048307],[20.818781,52.19404,102.83704],[20.818522,52.193976,102.782532],[20.818253,52.193911,102.944711],[20.818116,52.193875,103.011539],[20.817969,52.193844,103.091037],[20.817832,52.193811,102.977463],[20.817687,52.193773,103.141863],[20.817533,52.193746,103.155127],[20.817368,52.193715,103.110639],[20.817171,52.19369,103.203857],[20.817008,52.193654,103.320242],[20.816844,52.193621,103.017484],[20.816662,52.193587,102.972471],[20.816482,52.193554,102.919073],[20.81631,52.193524,102.803595],[20.816125,52.193493,102.884391],[20.815939,52.19346,102.944623],[20.815767,52.193429,102.898383],[20.815575,52.193402,102.706229],[20.815398,52.19337,102.711778],[20.815196,52.193336,102.626244],[20.814973,52.193307,102.574515],[20.814773,52.193276,102.467839],[20.81459,52.193244,102.39878],[20.814399,52.193208,102.604847],[20.814202,52.193188,102.473532],[20.814012,52.193156,102.582414],[20.813795,52.193127,102.530131],[20.813581,52.193103,102.607767],[20.813374,52.193075,102.622718],[20.813152,52.193049,102.66366],[20.812917,52.193023,102.721265],[20.81269,52.193,102.774787],[20.812443,52.192979,102.938606],[20.812216,52.192961,103.048756],[20.811957,52.192944,103.290507],[20.81169,52.192927,103.088102],[20.811434,52.192907,103.03957],[20.811171,52.192897,102.863],[20.81091,52.192881,102.736024],[20.810661,52.192868,102.696586],[20.810388,52.192861,102.590821],[20.810115,52.192847,102.892185],[20.809859,52.192828,102.729262],[20.809602,52.192809,102.751773],[20.809341,52.192789,102.513178],[20.809092,52.192787,102.565706],[20.808863,52.192772,102.442466],[20.808612,52.192767,102.6039],[20.808343,52.192754,102.556445],[20.808079,52.192741,102.628263],[20.807789,52.192722,102.80616],[20.807508,52.19271,102.927893],[20.807268,52.192693,103.01635],[20.807008,52.192681,103.076478],[20.806754,52.192674,103.093284],[20.806487,52.192663,103.193729],[20.806253,52.192654,103.115602],[20.806035,52.192645,103.426422],[20.80585,52.192633,103.569427],[20.80568,52.192627,103.527748],[20.805504,52.19262,103.654504],[20.805324,52.192614,103.891988],[20.805173,52.192596,104.266806],[20.805018,52.192589,104.212057],[20.804869,52.19258,104.067094],[20.804676,52.192572,103.595993],[20.804485,52.19256,103.358074],[20.80429,52.192555,102.731766],[20.804117,52.19255,102.439034],[20.803942,52.192531,102.706413],[20.803749,52.192515,102.993791],[20.803591,52.192488,103.280501],[20.803418,52.192462,103.689153],[20.803255,52.192453,103.710928],[20.803097,52.192439,104.325696],[20.802937,52.192422,104.789084],[20.80277,52.192404,104.626673],[20.802598,52.192383,104.682015],[20.802429,52.192362,104.362001],[20.802273,52.192343,104.347015],[20.802099,52.192325,104.259174],[20.801909,52.192308,104.123259],[20.801717,52.192282,104.128372],[20.801522,52.192255,103.808539],[20.801261,52.192222,103.384302],[20.801049,52.192201,102.898188],[20.800822,52.192172,102.497715],[20.800611,52.192146,102.298246],[20.800423,52.192132,102.343765],[20.800247,52.192115,102.288799],[20.800088,52.192095,102.24936],[20.799931,52.192078,102.21826],[20.799745,52.192061,101.872748],[20.799573,52.192033,101.729191],[20.799429,52.192008,101.645388],[20.79925,52.19199,101.939599],[20.799089,52.191958,102.01377],[20.798933,52.191927,101.81858],[20.798763,52.191909,101.65087],[20.798597,52.191878,100.828498],[20.798434,52.191852,101.05188],[20.798255,52.191841,101.356959],[20.798105,52.191822,100.835719],[20.797933,52.191786,100.931919],[20.797754,52.191751,100.664755],[20.797608,52.191718,100.158135],[20.797411,52.191676,100.19554],[20.797253,52.191647,99.992266],[20.797107,52.191624,100.114407],[20.79694,52.191594,99.897392],[20.796736,52.191556,98.519059],[20.796519,52.19154,98.097934],[20.796299,52.191501,97.532154],[20.79475,52.191381,97.338133],[20.794548,52.191351,97.762314],[20.794358,52.191324,97.632192],[20.794153,52.191295,97.15616],[20.793949,52.191267,97.358263],[20.793735,52.191236,97.410036],[20.793523,52.191204,97.731884],[20.793308,52.191173,97.847778],[20.793085,52.191141,97.838536],[20.79285,52.191108,99.521782],[20.79261,52.191075,100.001307],[20.792357,52.19104,100.285517],[20.792112,52.191006,100.370485],[20.791873,52.190971,100.1329],[20.791636,52.190937,100.543512],[20.791395,52.1909,100.657481],[20.791156,52.190868,100.69926],[20.790916,52.190835,100.805211],[20.790679,52.190802,100.780813],[20.790446,52.190768,100.441438],[20.790218,52.190737,100.411748],[20.789986,52.190704,100.214165],[20.789745,52.190672,100.147435],[20.789503,52.190638,100.43014],[20.789255,52.190598,100.481792],[20.78903,52.190523,100.791533],[20.788788,52.190491,100.604042],[20.78854,52.190461,100.408084],[20.788286,52.190428,100.491138],[20.788018,52.190394,100.88015],[20.787747,52.19036,101.87655],[20.787491,52.190331,100.086539],[20.787225,52.190298,100.074805],[20.786955,52.190268,99.675682],[20.786678,52.190236,99.310006],[20.786398,52.190201,99.565518],[20.786105,52.190171,99.523011],[20.785827,52.190134,99.461826],[20.78554,52.190104,99.444762],[20.785247,52.190075,99.026772],[20.784973,52.190042,99.261612],[20.7847,52.190009,99.182207],[20.784433,52.189981,98.608796],[20.784161,52.189948,98.712513],[20.783885,52.189914,98.530436],[20.78361,52.189878,98.898612],[20.783344,52.189852,98.194717],[20.783083,52.189822,98.319441],[20.782823,52.189796,99.418209],[20.782569,52.189784,99.834399],[20.78232,52.189776,98.974736],[20.782053,52.189773,98.953247],[20.781802,52.18978,99.757953],[20.781547,52.189795,99.665715],[20.781302,52.189835,99.734535],[20.781054,52.189859,99.710443],[20.780802,52.189879,99.258946],[20.780571,52.189901,98.912311],[20.780344,52.189917,99.7922],[20.780117,52.189924,99.948994],[20.779897,52.189919,99.604666],[20.77967,52.189901,99.299852],[20.779473,52.189871,99.631889],[20.779255,52.189828,99.749939],[20.779053,52.189775,99.931991],[20.778852,52.189711,99.914255],[20.778649,52.189641,100.690627],[20.778457,52.189567,100.847394],[20.778256,52.189488,100.991411],[20.778061,52.189412,101.825181],[20.777873,52.18934,102.176423],[20.777714,52.189271,102.011582],[20.777566,52.189213,100.294247],[20.777411,52.189154,100.549724],[20.777274,52.189099,100.866868],[20.77703,52.189007,100.81048],[20.77685,52.188982,100.934832],[20.776703,52.189032,101.098092],[20.776551,52.189192,99.987556],[20.776444,52.189283,99.964079],[20.776347,52.189417,99.767483],[20.776238,52.189527,99.334143],[20.776116,52.189659,98.490831],[20.775987,52.189781,98.997317],[20.775851,52.189908,98.61188],[20.775686,52.190025,98.750049],[20.775552,52.190158,98.587989],[20.775411,52.190287,97.057044],[20.775272,52.190424,96.482569],[20.775141,52.190563,97.002747],[20.775005,52.190697,96.505773],[20.774873,52.190847,98.765096],[20.774757,52.19099,99.753201],[20.77463,52.19113,99.834847],[20.77455,52.191289,100.173758],[20.77443,52.191423,99.469108],[20.774309,52.19154,97.521801],[20.774192,52.191667,97.882514],[20.774077,52.191795,97.794629],[20.773967,52.191929,98.037298],[20.773863,52.192057,96.433978],[20.773761,52.19219,98.434723],[20.773656,52.192329,98.989009],[20.773563,52.192489,97.546408],[20.773469,52.192653,101.074217],[20.773369,52.192799,99.920902],[20.77327,52.192933,98.695067],[20.773177,52.193085,100.150402],[20.773086,52.19322,98.768095],[20.772989,52.193365,99.170124],[20.772896,52.193503,98.947808],[20.772801,52.193632,97.951415],[20.772704,52.193764,98.64107],[20.772594,52.193886,98.481038],[20.772517,52.194027,98.288426],[20.772403,52.194154,99.233194],[20.772274,52.194289,99.529606],[20.772144,52.194414,98.984658],[20.772008,52.194547,99.912084],[20.771857,52.194683,98.776878],[20.771713,52.194814,98.744984],[20.771566,52.194945,99.083555],[20.771412,52.195066,98.7191],[20.771268,52.195198,98.751221],[20.771129,52.195324,98.634649],[20.770969,52.195469,97.215844],[20.770849,52.195599,97.059776],[20.770714,52.19573,96.97909],[20.770581,52.195865,95.757046],[20.770443,52.195994,96.967043],[20.770302,52.196125,97.779069],[20.770172,52.196263,96.607524],[20.770031,52.196405,96.472553],[20.769919,52.196525,96.467909],[20.769803,52.196664,97.717612],[20.769695,52.19679,97.250317],[20.769579,52.196907,98.028403],[20.769458,52.197029,98.259991],[20.769349,52.197152,97.846378],[20.769253,52.197272,98.33395],[20.769159,52.197384,98.385058],[20.769059,52.197501,98.125295],[20.76897,52.197625,99.701904],[20.768861,52.197738,97.957114],[20.768819,52.197837,97.499469],[20.768656,52.197972,97.360658],[20.768569,52.198081,98.415408],[20.768483,52.198205,98.264538],[20.768409,52.198296,97.503438],[20.768316,52.198408,97.506224],[20.768229,52.198512,97.216669],[20.768131,52.19864,97.118898],[20.768044,52.198759,98.006904],[20.76796,52.198887,98.188156],[20.767936,52.198992,97.968695],[20.767864,52.19907,98.238231],[20.767812,52.199161,98.025539],[20.767747,52.199263,98.38054],[20.767742,52.199359,98.272485],[20.767702,52.19946,98.211954],[20.767665,52.19956,98.147914],[20.767635,52.199654,97.973162],[20.767617,52.199759,97.937372],[20.767602,52.199866,98.195298],[20.767588,52.19997,97.970468],[20.767574,52.200076,98.933238],[20.767572,52.20017,98.290212],[20.767574,52.200267,98.168561],[20.767583,52.200434,98.219473],[20.76761,52.200572,99.167208],[20.767447,52.200679,99.328472],[20.767265,52.200734,99.305825],[20.767076,52.200811,99.364787],[20.766835,52.200949,98.765774],[20.766604,52.201065,98.666307],[20.766476,52.201131,98.805852],[20.766342,52.201199,98.728784],[20.766197,52.201268,98.76174],[20.766051,52.201338,98.852894],[20.765885,52.201397,98.919634],[20.765733,52.20147,98.996367],[20.765582,52.201544,98.808052],[20.765446,52.20163,98.886032],[20.765294,52.201703,98.912599],[20.765137,52.201773,98.941383],[20.764962,52.201832,98.827573],[20.764788,52.201923,98.930968],[20.764627,52.20199,98.794314],[20.764466,52.202055,98.723152],[20.764303,52.202118,98.801191],[20.764136,52.20218,98.843411],[20.763951,52.202249,98.947801],[20.76377,52.202313,98.84851],[20.763592,52.202379,98.581771],[20.763415,52.202439,98.60057],[20.763234,52.202505,98.522829],[20.763058,52.202559,98.567663],[20.762882,52.202619,98.421748],[20.762695,52.202682,98.295849],[20.762508,52.202743,98.264759],[20.762343,52.202819,98.447696],[20.762159,52.202876,98.400588],[20.76196,52.202931,98.331331],[20.761771,52.202981,98.40366],[20.76158,52.203031,98.48854],[20.761402,52.203077,98.422423],[20.761219,52.203117,98.302386],[20.761046,52.203156,98.412186],[20.760875,52.20319,98.368636],[20.760725,52.203219,98.092354],[20.760472,52.203261,97.994931],[20.760306,52.203292,97.963182],[20.760148,52.203319,98.06112],[20.759926,52.203377,98.334935],[20.759693,52.203454,98.277149],[20.759567,52.203504,98.541337],[20.759463,52.203575,98.286329],[20.75926,52.203691,98.379909],[20.759095,52.203787,98.452625],[20.758967,52.203854,98.440518],[20.75881,52.203957,98.556775],[20.758637,52.204066,98.773921],[20.758437,52.204186,98.64587],[20.758326,52.20425,98.724197],[20.758199,52.204319,98.633415],[20.758088,52.204394,98.546921],[20.757982,52.20446,98.504412],[20.757861,52.204534,98.23238],[20.757716,52.204616,98.169702],[20.757592,52.204694,98.331333],[20.757378,52.204821,98.188457],[20.757243,52.204924,97.911649],[20.757116,52.205027,97.813766],[20.757011,52.205157,98.036206],[20.756937,52.20524,98.096907],[20.756862,52.205324,97.994502],[20.75678,52.205411,97.897718],[20.756702,52.205493,97.816327],[20.75661,52.205582,97.669448],[20.756508,52.205673,97.388343],[20.756411,52.20577,97.348726],[20.756324,52.205872,97.342192],[20.75625,52.205955,97.430697],[20.756165,52.206055,97.520383],[20.756087,52.206151,97.388714],[20.755963,52.206301,97.272587],[20.755854,52.206421,97.203064],[20.755737,52.206486,97.29174],[20.755615,52.206589,97.815281],[20.755458,52.206695,98.030291],[20.755301,52.206817,98.249477],[20.7552,52.206925,98.350009],[20.755228,52.207081,98.337627],[20.75525,52.207241,98.405378],[20.755285,52.207407,98.362889],[20.755301,52.20753,98.449728],[20.755315,52.207625,98.374232],[20.755134,52.207675,98.652751],[20.75498,52.207658,98.430122],[20.754782,52.207644,98.148322],[20.754622,52.207626,98.032848],[20.754414,52.207604,98.000742],[20.754198,52.207584,97.887099],[20.754,52.207551,97.792937],[20.753823,52.20752,97.815747],[20.753637,52.207488,97.518868],[20.753425,52.207459,97.676799],[20.753206,52.207443,97.59544],[20.752977,52.207424,97.388171],[20.752732,52.207402,97.329579],[20.752511,52.207375,97.213488],[20.752296,52.207348,97.011487],[20.752138,52.207327,96.860816],[20.75196,52.207305,96.654441],[20.751733,52.207263,96.742759],[20.751528,52.207238,96.600904],[20.7513,52.20721,96.63951],[20.751064,52.207186,96.604032],[20.750838,52.207159,96.52943],[20.750618,52.207134,96.557465],[20.750431,52.207107,96.664545],[20.750236,52.207076,96.647302],[20.750057,52.207045,96.618564],[20.749897,52.207005,96.577035],[20.749744,52.206987,96.603918],[20.749546,52.206975,96.543699],[20.749381,52.20696,96.42147],[20.749192,52.206936,96.292603],[20.748985,52.2069,96.504731],[20.748732,52.206864,96.544365],[20.7485,52.206823,96.549689],[20.74831,52.206785,96.526269],[20.748107,52.206748,96.542814],[20.747956,52.206746,96.677377],[20.747805,52.206722,96.635064],[20.74766,52.2067,96.595973],[20.747504,52.206676,96.612199],[20.747347,52.206657,96.639979],[20.747183,52.206629,96.58861],[20.747034,52.206606,96.672812],[20.746878,52.206583,96.65784],[20.746709,52.20656,96.748059],[20.74655,52.206536,96.753772],[20.746391,52.206511,96.710339],[20.74625,52.206487,96.758082],[20.746099,52.206463,96.812847],[20.745953,52.206441,96.901736],[20.745685,52.206408,96.722134],[20.745492,52.20638,96.705141],[20.74533,52.206362,96.635489],[20.745181,52.206352,96.71272],[20.745029,52.206328,96.734947],[20.745166,52.206447,96.379942],[20.745188,52.206562,96.358023],[20.745209,52.206666,96.36715],[20.745239,52.206823,95.976807],[20.745257,52.206922,96.1194],[20.745275,52.207026,96.032603],[20.745294,52.207134,96.152147],[20.745314,52.207239,96.325138],[20.745334,52.207345,96.29517],[20.745356,52.207457,96.348342],[20.745372,52.207575,96.4685],[20.745399,52.207697,96.495669],[20.745427,52.207822,96.346601],[20.74545,52.207939,96.186501],[20.745477,52.208048,96.235437],[20.745495,52.208153,96.283938],[20.745516,52.208255,96.301288],[20.745534,52.208347,96.368659],[20.745548,52.208511,96.475555],[20.745556,52.208667,96.852337],[20.745576,52.208797,97.183751],[20.745604,52.208946,97.418058],[20.745662,52.209108,97.754199],[20.745693,52.209257,97.55466],[20.745722,52.209398,97.485408],[20.745719,52.209515,97.427943],[20.745739,52.209613,97.387842],[20.74576,52.209711,97.239952],[20.745795,52.209822,97.03089],[20.745812,52.209917,96.842107],[20.745824,52.210013,96.734517],[20.74584,52.210105,96.567011],[20.745899,52.210253,96.122568],[20.74595,52.210361,96.150195],[20.746203,52.210338,96.439908],[20.746459,52.210315,96.969482],[20.746729,52.210288,97.274334],[20.74701,52.210259,97.565788],[20.747253,52.210235,97.695293],[20.747442,52.210242,97.613711],[20.747598,52.210271,97.63501],[20.747643,52.210407,97.558085],[20.747666,52.210554,97.747253],[20.747712,52.210742,97.6036],[20.747762,52.210929,97.592481],[20.747788,52.211026,97.401614],[20.747812,52.211122,97.308905],[20.747854,52.211292,97.248037],[20.7479,52.211415,97.185636],[20.747915,52.211513,97.647601],[20.747907,52.211616,97.745209],[20.747927,52.211526,97.425366],[20.747758,52.211665,98.115511],[20.747566,52.21168,98.507174],[20.747405,52.21169,98.490002],[20.747256,52.211704,98.459815],[20.747078,52.211721,98.32954],[20.74689,52.211721,98.126284],[20.746674,52.211716,97.975224],[20.746456,52.21173,97.791832],[20.746243,52.211734,97.680367],[20.746026,52.211736,97.414764],[20.745813,52.211732,97.40031],[20.745575,52.21173,97.234397],[20.745322,52.211731,97.146973],[20.745089,52.211732,97.122299],[20.744853,52.211734,97.038287],[20.744589,52.211734,97.016537],[20.744345,52.211739,97.390107],[20.744102,52.211771,97.28061],[20.743855,52.211779,97.637],[20.743642,52.211782,97.362554],[20.743404,52.211786,97.355809],[20.743157,52.211791,97.046989],[20.742928,52.21179,97.417795],[20.742706,52.211793,97.125828],[20.742495,52.211799,97.011876],[20.742274,52.211804,96.820974],[20.742056,52.211807,97.085441],[20.741834,52.211812,96.990435],[20.741638,52.211823,96.48643],[20.741427,52.211828,96.360923],[20.741206,52.211835,96.57141],[20.740997,52.211844,96.197901],[20.740787,52.211848,96.132861],[20.740553,52.211844,96.553303],[20.740336,52.211852,96.930714],[20.740119,52.211865,96.444773],[20.739898,52.211871,96.026667],[20.739673,52.211876,96.029546],[20.739444,52.211879,96.086675],[20.739244,52.211888,96.044503],[20.739025,52.211895,95.912249],[20.738799,52.211909,95.729481],[20.738577,52.21191,95.584981],[20.738348,52.211903,95.493774],[20.738103,52.211909,95.674086],[20.737865,52.211915,95.40767],[20.737632,52.211911,95.439039],[20.73741,52.211917,95.416395],[20.73714,52.211914,95.320322],[20.736914,52.211919,95.264363],[20.736672,52.211923,95.181619],[20.736441,52.211931,95.272557],[20.736221,52.21193,95.071647],[20.736021,52.211942,94.949755],[20.735795,52.211939,94.978687],[20.735571,52.211947,94.767135],[20.735332,52.211955,94.881898],[20.735103,52.21196,94.92407],[20.734857,52.211967,95.132706],[20.734615,52.211983,95.104054],[20.734363,52.211995,95.024239],[20.734104,52.212,95.195994],[20.733861,52.212008,95.082331],[20.733632,52.212007,95.231955],[20.733385,52.212007,95.072677],[20.733135,52.212012,95.173831],[20.732887,52.212013,95.022243],[20.732631,52.212013,94.826158],[20.732393,52.212025,94.837723],[20.732152,52.212023,94.928944],[20.731891,52.212031,94.930266],[20.731655,52.212039,95.173976],[20.731374,52.212044,95.10763],[20.731097,52.212047,94.969118],[20.730841,52.212055,94.735382],[20.730585,52.212056,94.990749],[20.730321,52.212058,95.251767],[20.730051,52.212063,95.138504],[20.729812,52.212067,94.975566],[20.729561,52.212073,94.681977],[20.729215,52.212076,94.856182],[20.728955,52.21212,94.966373],[20.728646,52.212126,95.025942],[20.728363,52.212131,94.988515],[20.728094,52.212137,95.485508],[20.727822,52.212142,95.918628],[20.727516,52.21216,96.227828],[20.727223,52.212165,96.635129],[20.726943,52.212172,96.69427],[20.726655,52.212175,96.739499],[20.72637,52.212185,96.737889],[20.726049,52.212192,96.787631],[20.725737,52.212191,96.67084],[20.725376,52.212221,96.73989],[20.725103,52.212234,96.602957],[20.724784,52.212246,96.666416],[20.7245,52.212257,96.578606],[20.724196,52.212267,96.46812],[20.723928,52.212274,96.431696],[20.723632,52.212282,96.286541],[20.723345,52.212278,96.066824],[20.723055,52.21227,96.400009],[20.722743,52.212266,96.454731],[20.722448,52.212271,96.119012],[20.722179,52.212281,96.113297],[20.721883,52.212291,96.034133],[20.721601,52.212301,95.681328],[20.721296,52.212309,95.448464],[20.721002,52.212319,95.36085],[20.720685,52.212319,95.02223],[20.720351,52.212317,94.763978],[20.720066,52.21233,94.757642],[20.719766,52.212326,94.820721],[20.71947,52.212333,94.683777],[20.71913,52.212341,94.768416],[20.718825,52.212352,94.866605],[20.718485,52.21236,94.903864],[20.718184,52.212354,94.849666],[20.717907,52.212357,94.848349],[20.717627,52.212361,95.099628],[20.717349,52.212381,95.040425],[20.717048,52.212386,95.016229],[20.716745,52.212384,94.963978],[20.716449,52.212401,94.918394],[20.716161,52.212415,95.263897],[20.715875,52.212435,95.028589],[20.715595,52.21244,94.904362],[20.715326,52.212443,94.629681],[20.715018,52.212468,94.599919],[20.714743,52.212459,94.45125],[20.714461,52.212472,94.363179],[20.71419,52.212483,94.495794],[20.71392,52.212503,94.552783],[20.713655,52.212503,94.706451],[20.71337,52.212512,94.584448],[20.71309,52.212515,94.635332],[20.712817,52.212516,94.745031],[20.712539,52.212536,94.802263],[20.712302,52.212526,94.569979],[20.711992,52.212534,94.837458],[20.711721,52.21254,94.786804],[20.71145,52.212547,94.639121],[20.711195,52.212553,94.172536],[20.710933,52.212559,93.972811],[20.710667,52.212565,93.733607],[20.710388,52.212588,93.574316],[20.710128,52.212578,93.448493],[20.709852,52.212585,93.320265],[20.709519,52.212603,93.441732],[20.709267,52.212605,93.542839],[20.709004,52.212598,93.432716],[20.708701,52.212604,93.724909],[20.708455,52.212604,93.664888],[20.708177,52.212603,93.55257],[20.707942,52.212611,93.552704],[20.707696,52.212622,93.072232],[20.707459,52.212624,93.204752],[20.707211,52.212625,93.126442],[20.706968,52.212636,93.266948],[20.706719,52.212644,93.182611],[20.706482,52.212654,93.145132],[20.706238,52.212659,93.112345],[20.705985,52.212669,93.001531],[20.705731,52.212676,93.217609],[20.705473,52.21268,93.260038],[20.705219,52.21269,93.16868],[20.704967,52.2127,93.181092],[20.704717,52.212708,93.265181],[20.704456,52.212712,93.364986],[20.70419,52.212718,93.543172],[20.703918,52.212726,93.556442],[20.703656,52.21272,93.881629],[20.703399,52.212725,93.949777],[20.703129,52.212731,93.902561],[20.702853,52.212738,93.602222],[20.702586,52.212744,93.907703],[20.702334,52.212749,94.136648],[20.702074,52.212755,94.405288],[20.701817,52.212761,94.580929],[20.701562,52.212767,94.626057],[20.701284,52.212773,94.817049],[20.701046,52.212778,94.926976],[20.700779,52.212784,94.685095],[20.700547,52.212789,94.548288],[20.700288,52.212794,94.445615],[20.70001,52.212797,94.784042],[20.699732,52.2128,94.940401],[20.69946,52.212803,95.041141],[20.699182,52.212809,95.194939],[20.698902,52.212815,95.414843],[20.69864,52.212821,95.255741],[20.698372,52.212827,95.272168],[20.698107,52.212833,95.137083],[20.697846,52.212838,95.175795],[20.697593,52.212842,94.91339],[20.697341,52.212841,94.937732],[20.697058,52.212854,94.670239],[20.69682,52.212843,94.418993],[20.69657,52.212836,94.226254],[20.696285,52.212815,94.381798],[20.696077,52.212781,94.295427],[20.695778,52.212758,94.301133],[20.695474,52.212725,94.397281],[20.695171,52.212684,94.110493],[20.69491,52.212661,93.419744],[20.694629,52.212629,94.235906],[20.694376,52.212596,93.697206],[20.694127,52.21257,93.182036],[20.693877,52.212533,92.942717],[20.693627,52.212504,92.469524],[20.693375,52.212469,92.650921],[20.693119,52.212442,92.45554],[20.692899,52.212414,92.118815],[20.692685,52.212392,92.073366],[20.692474,52.212362,92.136075],[20.69229,52.212337,91.540933],[20.692097,52.212307,92.825643],[20.691914,52.212288,93.138296],[20.691762,52.212271,93.111309],[20.691602,52.212254,93.196055],[20.691433,52.212232,93.355806],[20.691265,52.212213,93.433202],[20.691098,52.212184,93.271318],[20.690889,52.212164,93.435031],[20.690695,52.212138,93.155455],[20.69047,52.21211,92.712182],[20.690252,52.212082,92.699655],[20.690029,52.212053,92.715125],[20.689802,52.212025,92.402335],[20.689553,52.211996,92.426849],[20.689324,52.211964,91.992834],[20.689085,52.211935,91.860133],[20.688855,52.211904,91.995736],[20.688604,52.211874,92.183043],[20.68835,52.211841,92.554728],[20.688109,52.21181,92.975901],[20.687862,52.211776,93.18762],[20.687613,52.211745,93.403939],[20.687356,52.211716,93.462212],[20.687093,52.21168,93.717991],[20.686826,52.211652,93.996192],[20.686557,52.211619,94.230195],[20.686296,52.211592,94.345257],[20.686037,52.211564,94.653792],[20.685776,52.211534,94.875522],[20.685515,52.211505,94.969847],[20.685251,52.211475,94.909676],[20.684984,52.211445,94.958606],[20.684724,52.211415,95.030863],[20.684478,52.211387,95.212987],[20.684226,52.211361,94.890452],[20.683964,52.211337,95.145517],[20.683721,52.211306,95.032357],[20.683465,52.211276,94.591023],[20.683204,52.211243,94.668765],[20.682946,52.211215,94.61787],[20.682696,52.211185,94.597684],[20.682449,52.211156,94.539833],[20.682203,52.211129,94.419907],[20.68196,52.2111,94.285808],[20.681714,52.211068,94.184827],[20.681474,52.211042,93.89869],[20.68125,52.211011,93.844694],[20.681033,52.210978,93.672977],[20.680807,52.210952,93.561698],[20.680587,52.210925,93.588624],[20.680361,52.210899,93.514263],[20.680129,52.210873,93.377306],[20.679907,52.210849,93.28194],[20.679685,52.210823,93.351272],[20.679458,52.210795,93.244434],[20.679243,52.210766,93.074325],[20.679018,52.210742,92.938517],[20.678792,52.210717,92.978519],[20.67857,52.21069,93.070325],[20.678337,52.210664,93.07011],[20.678117,52.210637,92.925742],[20.677877,52.210611,93.088647],[20.67765,52.210584,93.256562],[20.677432,52.210556,93.348947],[20.677216,52.210532,93.320314],[20.677,52.210502,93.494325],[20.676789,52.210478,93.724564],[20.676592,52.210452,93.605258],[20.676395,52.210433,93.726381],[20.676203,52.210411,93.504248],[20.676004,52.210383,93.503462],[20.675801,52.21036,93.436494],[20.675586,52.210329,93.414431],[20.675383,52.210307,93.393463],[20.675166,52.210278,93.39306],[20.674948,52.21025,93.305099],[20.674722,52.210224,93.19211],[20.674506,52.210202,93.305254],[20.67429,52.210181,93.102846],[20.674084,52.210155,93.220845],[20.673869,52.210126,92.994148],[20.673665,52.210106,92.751638],[20.673462,52.210085,92.753047],[20.673252,52.210064,92.874597],[20.673055,52.210041,92.827408],[20.672864,52.210015,92.775574],[20.67267,52.20999,92.82109],[20.672465,52.20997,93.061601],[20.672262,52.209951,93.158771],[20.672066,52.209927,93.426931],[20.671862,52.209905,93.798511],[20.67166,52.209884,93.835455],[20.671453,52.209858,94.002403],[20.671254,52.209833,93.907274],[20.671056,52.209809,94.020876],[20.670857,52.209789,94.244072],[20.670643,52.209763,94.355581],[20.670415,52.209734,94.487654],[20.670188,52.20971,94.643079],[20.669977,52.20969,94.777977],[20.669741,52.209663,94.86345],[20.669522,52.209636,94.892953],[20.669304,52.209607,94.603582],[20.66909,52.209579,94.61892],[20.668881,52.20955,94.816667],[20.668661,52.209522,94.425888],[20.66844,52.20949,94.541895],[20.668216,52.209471,94.635427],[20.668005,52.209443,94.790374],[20.6678,52.209419,94.710338],[20.667584,52.209393,94.862083],[20.667365,52.20936,94.973499],[20.667132,52.209332,95.343328],[20.666916,52.209308,95.450464],[20.666703,52.209285,95.216592],[20.666483,52.209261,95.075791],[20.666265,52.209234,95.345767],[20.66605,52.209209,94.867299],[20.665836,52.209181,94.873099],[20.665616,52.209155,94.686236],[20.665404,52.209128,94.250712],[20.665186,52.2091,94.037368],[20.664967,52.209077,93.750913],[20.664757,52.209055,93.355781],[20.664556,52.209029,93.059866],[20.664347,52.209006,92.837312],[20.664133,52.208981,92.500419],[20.663924,52.208959,92.258577],[20.66371,52.208937,92.11402],[20.663504,52.208912,92.021604],[20.663309,52.20889,91.874095],[20.663124,52.208869,91.784306],[20.662927,52.208849,91.67439],[20.662735,52.208823,91.681034],[20.662539,52.208795,91.774705],[20.662337,52.208771,91.938156],[20.662131,52.208746,92.027832],[20.661928,52.208713,92.118737],[20.661719,52.208681,92.401452],[20.661507,52.208657,92.646829],[20.661286,52.208631,92.785892],[20.661058,52.208605,92.864354],[20.660836,52.20859,93.100589],[20.660603,52.208581,93.253876],[20.660364,52.208553,93.383695],[20.66013,52.208525,93.468581],[20.659884,52.208495,93.351241],[20.659656,52.208449,93.160709],[20.659412,52.208416,93.096806],[20.65916,52.208385,93.098585],[20.658912,52.208353,93.067753],[20.658661,52.20832,93.014272],[20.658429,52.208285,93.061205],[20.658202,52.208249,93.148338],[20.657968,52.20821,93.292145],[20.657741,52.208165,93.313368],[20.657515,52.208116,92.847546],[20.657283,52.208065,92.839703],[20.65706,52.20801,92.730729],[20.656839,52.207958,92.286409],[20.656611,52.207902,92.068058],[20.656369,52.207847,91.91879],[20.656141,52.20779,91.526108],[20.655905,52.207737,91.365721],[20.65566,52.207683,91.648411],[20.655413,52.207625,91.970125],[20.655152,52.207566,92.070181],[20.654903,52.207506,92.132783],[20.654653,52.207444,92.363732],[20.654432,52.207371,91.870332],[20.654178,52.207331,91.982615],[20.653939,52.207277,92.219442],[20.653714,52.207222,91.663909],[20.653495,52.20717,91.476375],[20.653275,52.207116,91.426994],[20.653063,52.207063,91.414889],[20.652852,52.207013,91.633578],[20.652644,52.206965,91.91211],[20.652438,52.206913,92.045817],[20.652245,52.206858,91.959728],[20.652053,52.206815,91.955582],[20.651862,52.206769,91.805693],[20.651668,52.206721,91.628867],[20.65148,52.206673,91.607662],[20.651293,52.206623,91.455854],[20.651103,52.206578,91.399168],[20.65092,52.206533,91.371329],[20.65074,52.206492,91.051646],[20.650553,52.206447,91.138908],[20.650359,52.206406,91.116516],[20.650167,52.206356,90.91728],[20.649976,52.20631,91.000353],[20.649796,52.206265,90.98699],[20.649609,52.206215,91.068084],[20.649403,52.206172,91.217681],[20.6492,52.206121,91.338616],[20.648989,52.206071,91.267403],[20.648773,52.206018,91.627512],[20.648561,52.205967,91.550589],[20.648345,52.205914,91.569899],[20.648136,52.205858,91.572868],[20.647917,52.205808,91.435162],[20.647707,52.20576,91.378471],[20.647504,52.205706,91.205513],[20.647293,52.205656,91.121653],[20.64708,52.205614,91.13544],[20.646858,52.205563,91.1011],[20.646635,52.20551,91.16585],[20.646413,52.205454,91.461296],[20.646189,52.205396,91.277822],[20.64595,52.205339,91.286742],[20.645709,52.205282,90.943503],[20.645473,52.205227,90.947719],[20.645245,52.205173,91.072605],[20.645025,52.205116,91.160112],[20.644798,52.205064,91.047323],[20.644575,52.205008,91.235299],[20.64435,52.204954,91.367938],[20.644124,52.2049,91.268964],[20.6439,52.20484,91.401027],[20.643681,52.204785,91.525684],[20.643469,52.204726,91.607818],[20.643259,52.204668,91.633658],[20.643039,52.204606,91.848485],[20.642815,52.20455,91.89561],[20.642588,52.204495,91.908524],[20.642373,52.204445,91.7442],[20.642157,52.204392,91.630767],[20.641942,52.20434,91.620382],[20.641724,52.204289,91.405507],[20.641509,52.204236,91.372562],[20.64129,52.204183,91.568834],[20.641078,52.204129,91.455821],[20.640865,52.204076,91.578542],[20.640652,52.204026,91.623731],[20.640429,52.203971,91.873051],[20.640205,52.203918,91.897833],[20.639991,52.203866,91.820227],[20.639781,52.203812,91.85996],[20.639561,52.203764,92.005775],[20.639335,52.203713,92.114016],[20.639111,52.203665,92.463876],[20.63888,52.203611,92.375134],[20.638654,52.203554,92.27973],[20.638433,52.203497,92.36264],[20.638195,52.203446,92.215372],[20.63797,52.203389,92.093917],[20.63774,52.203335,92.172209],[20.63752,52.203275,92.188494],[20.637292,52.203213,92.129058],[20.637039,52.203182,92.216477],[20.63681,52.203128,92.174092],[20.636583,52.203073,92.186345],[20.636361,52.203019,92.097201],[20.63614,52.202967,92.094663],[20.635916,52.202913,91.98292],[20.635701,52.202863,92.051522],[20.635476,52.202813,92.308547],[20.635253,52.202762,92.457125],[20.635033,52.202706,92.434088],[20.634804,52.202649,92.417036],[20.634577,52.202593,92.637965],[20.634355,52.202539,92.55271],[20.634135,52.202483,92.786285],[20.63391,52.202432,92.783052],[20.633696,52.202373,92.857622],[20.63348,52.202317,92.851505],[20.633262,52.202265,92.720562],[20.63305,52.202207,92.821803],[20.632832,52.202151,92.855203],[20.632626,52.202099,92.626918],[20.632424,52.20205,92.892173],[20.632229,52.201997,93.096525],[20.632023,52.201948,93.384775],[20.631822,52.2019,93.005355],[20.631615,52.201851,93.637126],[20.631409,52.201801,93.69474],[20.631199,52.201752,93.754173],[20.630992,52.201701,93.508741],[20.630789,52.201647,93.126794],[20.630587,52.201595,92.843123],[20.630364,52.20155,92.645176],[20.63016,52.201496,92.415285],[20.629956,52.201451,92.388325],[20.629761,52.201404,92.195884],[20.629568,52.201356,92.026051],[20.629372,52.201312,91.812545],[20.629194,52.201265,91.584585],[20.62901,52.201225,91.7029],[20.628837,52.201179,91.753889],[20.628647,52.201137,91.832743],[20.628469,52.201095,91.781742],[20.628292,52.201056,91.7293],[20.628105,52.201012,91.815191],[20.627932,52.20097,91.641855],[20.627752,52.200923,91.704701],[20.627564,52.200885,91.761051],[20.627381,52.200843,91.740478],[20.62722,52.200799,91.79337],[20.627063,52.200756,91.782095],[20.626888,52.200719,91.832372],[20.626727,52.200675,91.89105],[20.626558,52.200633,91.942213],[20.626388,52.200595,91.913814],[20.626214,52.200552,91.964172],[20.626044,52.200519,91.909204],[20.625871,52.20048,92.07367],[20.625717,52.200439,91.986022],[20.625514,52.200398,91.985847],[20.625377,52.200364,92.698184],[20.625202,52.200302,91.988338],[20.624943,52.200234,92.083593],[20.62466,52.200164,92.27124],[20.624504,52.20013,92.41916],[20.624313,52.200097,92.530283],[20.624156,52.200057,92.186803],[20.624021,52.200015,92.026357],[20.623777,52.199933,91.618532],[20.623559,52.199871,91.201169],[20.623375,52.199831,91.108846],[20.623222,52.199792,90.387215],[20.62308,52.199756,90.324189],[20.62291,52.199713,90.493218],[20.622885,52.19951,90.720116],[20.622868,52.199364,90.724732],[20.622847,52.19921,90.892487],[20.622831,52.199052,90.677893],[20.622786,52.198877,91.145879],[20.622732,52.198696,91.189632],[20.622715,52.198548,90.921647],[20.622712,52.198445,90.927338],[20.622701,52.198345,91.15278],[20.62271,52.198245,91.368857],[20.622718,52.198142,90.64462],[20.622718,52.198024,90.802592],[20.622702,52.197865,91.094841],[20.622694,52.197674,91.288264],[20.62261,52.197569,91.238226],[20.622599,52.197452,91.181573],[20.622589,52.197339,91.181786],[20.622576,52.197238,91.119547],[20.622559,52.197145,91.124103],[20.622533,52.19704,91.008106],[20.622505,52.196925,90.900305],[20.622481,52.196805,90.883026],[20.622459,52.196693,90.954228],[20.622437,52.196579,91.082314],[20.62244,52.19646,91.352516],[20.622403,52.19634,91.458883],[20.622378,52.196221,91.517652],[20.622354,52.196107,91.71816],[20.622332,52.195998,92.024405],[20.622311,52.195876,92.179861],[20.622291,52.195769,92.551475],[20.622271,52.195658,92.615463],[20.622249,52.195543,92.859241],[20.622227,52.195434,93.123939],[20.622207,52.195328,93.180323],[20.622189,52.195225,93.307821],[20.622167,52.195118,93.306621],[20.622142,52.195016,93.390998],[20.622123,52.194914,93.463844],[20.622104,52.194814,93.508198],[20.622091,52.194712,93.424729],[20.622078,52.194609,93.360366],[20.62206,52.194514,93.312724],[20.622014,52.194347,93.27874],[20.621978,52.194219,93.356681],[20.621944,52.194122,93.739112],[20.621827,52.19403,93.991325],[20.6218,52.193905,94.090197],[20.621834,52.193815,93.978165],[20.621846,52.193684,93.877582],[20.621828,52.193533,93.650501],[20.621803,52.193375,93.60816],[20.621815,52.193279,93.517952],[20.621778,52.193141,93.234046],[20.621755,52.193018,92.89502],[20.621734,52.192912,92.69626],[20.621736,52.192763,92.8565],[20.621709,52.192602,92.750647],[20.621662,52.192442,92.746908],[20.621656,52.192351,92.577931],[20.621659,52.192246,92.518758],[20.621666,52.192139,92.292392],[20.621675,52.192031,92.077599],[20.621685,52.191919,91.922003],[20.621695,52.191812,91.603702],[20.621704,52.191702,91.343992],[20.621714,52.191595,91.322536],[20.621724,52.191475,91.394566],[20.621733,52.191368,91.295016],[20.621744,52.191243,91.1107],[20.621758,52.191108,90.946806],[20.621773,52.190974,90.671029],[20.621788,52.19085,90.627619],[20.621802,52.190741,90.412239],[20.621815,52.190637,90.130274],[20.621828,52.190546,90.123827],[20.621842,52.190452,90.103586],[20.621867,52.190292,90.261031],[20.621918,52.190151,90.1186],[20.621936,52.18999,89.895225],[20.62202,52.189829,89.974191],[20.622103,52.189754,89.920605],[20.62219,52.189671,90.082414],[20.622276,52.189589,90.236604],[20.622367,52.189501,90.290645],[20.622453,52.189421,90.540764],[20.622532,52.189337,90.47048],[20.622617,52.189255,90.031385],[20.622694,52.189175,89.92058],[20.622781,52.189101,89.733918],[20.622858,52.189022,89.743074],[20.622992,52.188869,90.191565],[20.623087,52.188773,90.555626],[20.623196,52.188667,90.563119],[20.623318,52.18854,90.752621],[20.623425,52.18839,91.122528],[20.623568,52.188237,91.080436],[20.623649,52.188154,91.118215],[20.62373,52.188072,91.248164],[20.623814,52.187987,91.183608],[20.623902,52.187901,91.039881],[20.62398,52.187807,90.871719],[20.624056,52.187715,90.966279],[20.624132,52.187626,90.760814],[20.624204,52.187539,90.655535],[20.624282,52.187451,90.635112],[20.624361,52.187365,90.518233],[20.624435,52.187281,90.394434],[20.62451,52.187201,90.531512],[20.624588,52.187123,90.602464],[20.624719,52.186986,90.209896],[20.624804,52.186874,90.201853],[20.624882,52.186769,90.079369],[20.624966,52.186673,89.690207],[20.624728,52.186667,89.204776],[20.624459,52.186656,89.122386],[20.624223,52.186647,89.445699],[20.624068,52.18664,89.614251],[20.623904,52.186634,89.756361],[20.623725,52.186612,90.057683],[20.623521,52.186608,90.225284],[20.623325,52.186605,90.183211],[20.62312,52.186603,90.28876],[20.622896,52.186596,90.152735],[20.622684,52.186609,90.255707],[20.622448,52.186605,90.334218],[20.622221,52.186601,90.358021],[20.621992,52.186597,90.267224],[20.62176,52.186592,89.87304],[20.621505,52.186576,89.989495],[20.621237,52.186571,89.664988],[20.620983,52.18658,89.690213],[20.620733,52.186562,89.83271],[20.620462,52.186562,90.077869],[20.620223,52.186552,90.213911],[20.619971,52.186565,90.200452],[20.619721,52.186565,90.131037],[20.619474,52.186564,90.137171],[20.619238,52.186562,89.985917],[20.619021,52.186562,89.789708],[20.618811,52.186558,89.600396],[20.61861,52.186551,89.561936],[20.618415,52.186546,89.393303],[20.618231,52.186532,89.38652],[20.618068,52.186521,89.355462],[20.617871,52.186522,89.142488],[20.617724,52.186523,89.040054],[20.61749,52.186511,89.100462],[20.617304,52.186505,89.563406],[20.617047,52.186495,89.775356],[20.61682,52.186486,89.879108],[20.616603,52.186468,90.316367],[20.616279,52.18644,90.403792],[20.61613,52.186426,90.567223],[20.615963,52.186413,90.709319],[20.6158,52.186399,90.883757],[20.615638,52.186389,90.950441],[20.615461,52.18638,91.024857],[20.615306,52.186371,91.107518],[20.615144,52.186384,91.165424],[20.614887,52.186381,91.089133],[20.614714,52.186379,90.89429],[20.614537,52.186377,91.107066],[20.614308,52.186374,91.650284],[20.614133,52.186371,91.750333],[20.613977,52.186369,91.832656],[20.61372,52.186365,92.121683],[20.613572,52.186363,92.271267],[20.613423,52.186362,92.383769],[20.613159,52.186359,92.103782],[20.612907,52.186355,91.557965],[20.61269,52.186352,91.705755],[20.612411,52.186352,91.982625],[20.612166,52.186354,92.206512],[20.611931,52.18636,91.966045],[20.611742,52.186362,91.854866],[20.611689,52.186235,92.490303],[20.611682,52.186076,92.059402],[20.611684,52.185907,92.280073],[20.611686,52.185808,92.331072],[20.611676,52.185703,92.102821],[20.611683,52.185594,92.181942],[20.611677,52.185489,92.044091],[20.611675,52.185385,91.952934],[20.611671,52.185285,92.008401],[20.611667,52.185194,92.000022],[20.611669,52.185087,92.433014],[20.611669,52.184989,92.013379],[20.611663,52.184895,91.875556],[20.611656,52.184726,92.061384],[20.611673,52.184565,92.267504],[20.611655,52.184417,92.325039],[20.611659,52.18429,92.451347],[20.611669,52.18411,92.767706],[20.611664,52.184013,92.950432],[20.611671,52.183913,93.270255],[20.611673,52.183804,93.253532],[20.61167,52.18369,93.364279],[20.61165,52.183568,93.407526],[20.611634,52.183471,93.633629],[20.611657,52.18335,93.684152],[20.611652,52.183237,93.648007],[20.611621,52.183136,93.410156],[20.611617,52.183032,93.176953],[20.611622,52.182857,92.495754],[20.611571,52.182767,92.136993],[20.611376,52.182749,92.456728],[20.611214,52.182733,92.155102],[20.61115,52.182533,92.037745],[20.611104,52.18242,91.924135],[20.611145,52.182331,91.779733],[20.610926,52.182269,91.328353],[20.611148,52.182296,91.372799],[20.610913,52.182288,91.430343],[20.610763,52.18234,91.534685],[20.61093,52.182341,91.57429],[20.611091,52.182342,91.629467],[20.611157,52.182429,91.862751],[20.611123,52.182521,91.889071],[20.611109,52.18263,92.1662],[20.611125,52.182507,92.889765],[20.611142,52.182366,92.836921],[20.611153,52.182197,92.651213],[20.611156,52.182099,92.48947],[20.611151,52.181981,92.295143],[20.611149,52.181856,92.220834],[20.611146,52.181725,92.228341],[20.611146,52.181592,92.057088],[20.611145,52.181454,91.925841],[20.611144,52.181311,91.907658],[20.611143,52.181163,91.994875],[20.611142,52.18101,92.045757],[20.611513,52.180851,92.124726],[20.611508,52.18069,92.161479],[20.611502,52.180528,92.302954],[20.611497,52.180366,92.395653],[20.61149,52.180204,92.358682],[20.611489,52.180042,92.324324],[20.611486,52.179879,92.306041],[20.611483,52.179718,92.364541],[20.611485,52.179556,92.140558],[20.611454,52.179401,92.038803],[20.61145,52.179247,92.240622],[20.611446,52.179075,92.208335],[20.611441,52.178901,92.364208],[20.611436,52.178733,92.357535],[20.61143,52.178582,92.288568],[20.611422,52.17842,92.223088],[20.611415,52.178265,92.32283],[20.61141,52.178088,92.517351],[20.611405,52.177929,92.546715],[20.6114,52.177752,92.899368],[20.611395,52.177603,92.797077],[20.611389,52.177443,93.092778],[20.611382,52.177286,93.686259],[20.611374,52.177131,93.787306],[20.611366,52.176971,93.936797],[20.61136,52.176804,93.82675],[20.611354,52.176639,93.77483],[20.611345,52.176395,93.807611],[20.611337,52.176205,94.131793],[20.61133,52.176034,93.971164],[20.611321,52.175877,94.351664],[20.611314,52.17568,94.428748],[20.611308,52.175506,94.016784],[20.611318,52.17533,93.724808],[20.611256,52.175067,94.028222],[20.611245,52.174884,94.194434],[20.611239,52.174707,94.374603],[20.611233,52.174535,94.288642],[20.611229,52.174368,94.323667],[20.611235,52.174194,94.374408],[20.61125,52.174004,94.427214],[20.611259,52.173851,94.332999],[20.611269,52.17368,94.774407],[20.611297,52.173514,94.085425],[20.611303,52.173348,94.032863],[20.611317,52.173198,94.212065],[20.611321,52.173047,94.271467],[20.611346,52.172899,94.347491],[20.611351,52.172742,94.483712],[20.611358,52.172599,94.39533],[20.611374,52.172452,94.237408],[20.611375,52.17231,94.004631],[20.611373,52.172178,93.844423],[20.611367,52.172036,93.915483],[20.611377,52.171912,93.651374],[20.611395,52.171794,93.708485],[20.611413,52.171677,93.889269],[20.611445,52.171554,93.843152],[20.611448,52.171442,93.823731],[20.611454,52.171333,93.801388],[20.611463,52.171216,94.055434],[20.611478,52.171096,94.304866],[20.611495,52.170973,94.474458],[20.611497,52.17086,94.49601],[20.611513,52.17076,94.849795],[20.61151,52.170649,95.064266],[20.611517,52.170533,95.200609],[20.611526,52.170418,95.345583],[20.611532,52.170299,95.464294],[20.611539,52.170182,95.645763],[20.611539,52.170055,95.544998],[20.611542,52.169932,95.70608],[20.611547,52.169811,95.597026],[20.611552,52.169678,95.497546],[20.611553,52.169549,95.451819],[20.611558,52.169419,95.252599],[20.611555,52.169283,95.40731],[20.611554,52.169148,95.304734],[20.611555,52.16901,95.200533],[20.611562,52.168877,95.162946],[20.611583,52.168743,95.161544],[20.611586,52.1686,95.190665],[20.611629,52.168449,95.309922],[20.611631,52.168299,95.33436],[20.611644,52.168138,95.193405],[20.611652,52.167977,95.650615],[20.611665,52.167809,95.424594],[20.611682,52.167636,95.137778],[20.611695,52.167454,94.924792],[20.611711,52.167278,95.265422],[20.611726,52.1671,94.811254],[20.611745,52.166923,94.62956],[20.611755,52.166747,94.568483],[20.611771,52.166565,94.560665],[20.611763,52.166384,94.192783],[20.611773,52.166213,94.222365],[20.611784,52.16604,94.200399],[20.611795,52.165855,94.299832],[20.611806,52.165675,94.439065],[20.611817,52.165493,94.512283],[20.61183,52.165285,94.615306],[20.611841,52.165104,94.83205],[20.611854,52.164898,94.938467],[20.611866,52.164705,95.194587],[20.611888,52.164521,95.256304],[20.611902,52.164352,95.500942],[20.611916,52.164175,95.506296],[20.611935,52.164011,95.483955],[20.611924,52.163846,95.500708],[20.611948,52.163673,95.488859],[20.611952,52.163493,95.400387],[20.611946,52.163322,95.354403],[20.611947,52.163151,95.405956],[20.611934,52.16298,95.391558],[20.611932,52.162808,95.441123],[20.611943,52.162632,95.482619],[20.611941,52.162444,95.42616],[20.611953,52.162264,95.288468],[20.611983,52.162085,95.433285],[20.612006,52.161911,95.380524],[20.612019,52.161738,95.406477],[20.612029,52.161571,95.559521],[20.612038,52.161405,95.583192],[20.612051,52.161248,95.893042],[20.612065,52.161095,95.83818],[20.612071,52.160933,96.033432],[20.612062,52.160778,96.115084],[20.612061,52.160626,96.311172],[20.612063,52.160479,96.224429],[20.612074,52.160339,96.558815],[20.612089,52.160203,96.533257],[20.612114,52.160063,96.502655],[20.612121,52.159926,96.765415],[20.612142,52.159781,96.283085],[20.612164,52.159633,96.58414],[20.612167,52.159489,96.726633],[20.612182,52.159337,96.726482],[20.612211,52.159192,97.099709],[20.612206,52.159052,96.912187],[20.61222,52.158918,97.098701],[20.612228,52.158776,97.196134],[20.612239,52.15864,97.509766],[20.612243,52.158498,97.441861],[20.612258,52.158354,97.563101],[20.61226,52.158211,97.712339],[20.612263,52.158068,97.800126],[20.612267,52.157922,97.793451],[20.612274,52.15778,97.653344],[20.61228,52.157634,97.545509],[20.612295,52.157481,97.384791],[20.612303,52.157327,97.389166],[20.612315,52.157173,97.453142],[20.61233,52.157021,97.441307],[20.612338,52.156872,97.550549],[20.612353,52.156719,97.382227],[20.612365,52.156568,97.559208],[20.612381,52.156416,97.200488],[20.61239,52.156269,96.985597],[20.612392,52.156121,96.983714],[20.612405,52.155975,96.795229],[20.61241,52.155829,96.60651],[20.612407,52.155689,96.348858],[20.612416,52.155554,96.177263],[20.612415,52.155418,96.12879],[20.612421,52.155278,96.167412],[20.612437,52.15514,96.320884],[20.612466,52.155006,96.141547],[20.612489,52.15487,96.354772],[20.612544,52.154739,96.479648],[20.612594,52.154607,96.535986],[20.612653,52.15448,96.52203],[20.612725,52.154354,96.46618],[20.612806,52.154221,96.402438],[20.612897,52.154101,96.23858],[20.612989,52.153983,96.385128],[20.613083,52.153865,96.229753],[20.613175,52.153746,96.258216],[20.613268,52.153622,96.440553],[20.613363,52.1535,96.477934],[20.613458,52.153378,96.533015],[20.613552,52.153255,96.674223],[20.613654,52.153131,96.771562],[20.613752,52.153005,96.865181],[20.613839,52.152888,96.842573],[20.613926,52.152772,96.657977],[20.614021,52.152649,96.489607],[20.614113,52.15253,96.439125],[20.614206,52.152407,96.449792],[20.61429,52.152291,96.36584],[20.614378,52.152181,96.404956],[20.614466,52.152067,96.395807],[20.614555,52.151952,96.521494],[20.614644,52.151837,96.592329],[20.61473,52.151726,96.415161],[20.61481,52.151623,96.580818],[20.614897,52.151515,96.731137],[20.614982,52.151413,96.625487],[20.615061,52.15131,96.876817],[20.615133,52.151206,96.808119],[20.615203,52.151108,96.740001],[20.615287,52.151007,96.780167],[20.615401,52.150842,96.503739],[20.61546,52.150759,96.451696],[20.615525,52.150672,96.400009],[20.615618,52.150539,96.060967],[20.615635,52.150403,96.010223],[20.615508,52.150316,95.793861],[20.615358,52.150247,95.75396],[20.615141,52.150218,95.775745],[20.614858,52.150209,95.781523],[20.614701,52.150205,95.891581],[20.614535,52.150188,96.064485],[20.614345,52.150203,95.947719],[20.614182,52.150202,96.2365],[20.61403,52.1502,96.469236],[20.61386,52.150198,96.288114],[20.613696,52.150195,96.34374],[20.613531,52.150186,96.297568],[20.613376,52.150179,96.249314],[20.6132,52.150173,96.232038],[20.613033,52.150171,96.391853],[20.612865,52.150159,96.450077],[20.612694,52.150168,96.4693],[20.612527,52.150134,96.385963],[20.612255,52.150126,96.460304],[20.612071,52.150119,96.416329],[20.611923,52.150111,96.49505],[20.611629,52.150098,96.604254],[20.611366,52.150065,96.553918],[20.6112,52.150041,96.404952],[20.610987,52.150023,96.587604],[20.610742,52.150008,96.830691],[20.610546,52.15001,97.154196],[20.610295,52.149987,97.488027],[20.610164,52.149906,97.789305],[20.610075,52.149822,97.833345],[20.609983,52.149686,98.017481],[20.60995,52.149498,98.166176],[20.609932,52.149394,98.316792],[20.609902,52.149292,98.306132],[20.609878,52.149196,98.337503],[20.609844,52.149096,98.272231],[20.609811,52.148999,98.229745],[20.609758,52.148901,98.245126],[20.60975,52.148783,98.182575],[20.609712,52.148666,98.179604],[20.609661,52.148528,98.302604],[20.609615,52.148399,98.34057],[20.609574,52.148275,98.215355],[20.609537,52.148152,98.100823],[20.60951,52.148017,97.982279],[20.609481,52.147886,97.975324],[20.609456,52.14776,97.981888],[20.609424,52.147622,98.187859],[20.609406,52.147501,98.58339],[20.609383,52.14738,98.896733],[20.609373,52.147274,98.844418],[20.609362,52.147181,98.977114],[20.609344,52.147011,99.757521],[20.609323,52.146856,100.355993],[20.609298,52.14669,101.572942],[20.609286,52.14655,102.438094],[20.609277,52.146432,103.145912],[20.609258,52.146314,101.312914],[20.609234,52.146188,99.851696],[20.609124,52.146059,98.901867],[20.609112,52.145958,98.427378],[20.60897,52.145855,97.994116],[20.609084,52.145763,97.842311],[20.609342,52.145907,97.523691],[20.609549,52.145951,97.033474],[20.60983,52.146014,96.30297],[20.610096,52.146012,95.70609],[20.610242,52.146007,95.60019],[20.610396,52.146008,95.38411],[20.610566,52.146006,95.113244],[20.610727,52.146039,94.488994],[20.610891,52.146083,94.102533],[20.611112,52.14611,95.909507],[20.611292,52.146143,96.632368],[20.611485,52.146169,97.010794],[20.61171,52.146185,97.287049],[20.611892,52.146241,97.337047],[20.612094,52.146277,97.405956],[20.612309,52.146313,97.502454],[20.612512,52.146346,97.581417],[20.61272,52.146383,97.603201],[20.612929,52.146421,97.767136],[20.61316,52.146476,97.926817],[20.613346,52.146522,98.084085],[20.613538,52.146576,98.169374],[20.613727,52.146627,97.872436],[20.613908,52.146685,97.886555],[20.6141,52.146732,97.700371],[20.61428,52.146788,97.487716],[20.614466,52.146838,97.35605],[20.614637,52.146889,97.194853],[20.614835,52.146924,97.087458],[20.615016,52.146955,96.690233],[20.615193,52.146997,96.353843],[20.61538,52.147017,96.176536],[20.615563,52.147023,95.85817],[20.615738,52.147001,95.590076],[20.615898,52.146961,95.408115],[20.616055,52.146902,95.265484],[20.616169,52.146827,95.359499],[20.616288,52.146679,95.513474],[20.616282,52.146525,95.409176],[20.616186,52.146355,95.308832],[20.616095,52.146278,95.453528],[20.615976,52.146219,95.686981],[20.615827,52.146169,95.870218],[20.615661,52.146122,95.787553],[20.615489,52.146094,95.773798],[20.615297,52.146055,95.894146],[20.615098,52.146035,95.942417],[20.614895,52.146017,95.94792],[20.614703,52.145984,96.043328],[20.614464,52.145966,96.595249],[20.614234,52.145931,97.027382],[20.613999,52.14587,97.255566],[20.613763,52.145823,96.853025],[20.613539,52.145771,96.957189],[20.613297,52.145725,97.021648],[20.613066,52.145689,97.173746],[20.612809,52.145655,97.328247],[20.612543,52.145629,97.391884],[20.612294,52.145591,97.601518],[20.612063,52.145553,97.565414],[20.611834,52.145525,97.246374],[20.611608,52.145486,97.157255],[20.611373,52.145451,96.825659],[20.611144,52.14541,96.824442],[20.610896,52.145366,96.916781],[20.610645,52.145328,97.019971],[20.610396,52.145293,97.129032],[20.610152,52.145254,97.178664],[20.609885,52.145208,97.245108],[20.609644,52.145156,97.266458],[20.609392,52.145116,97.406106],[20.609153,52.145074,97.349318],[20.608912,52.145027,97.529582],[20.608652,52.144998,97.937603],[20.608403,52.14495,97.671555],[20.608151,52.144896,97.51424],[20.607866,52.144851,97.653775],[20.607598,52.144809,98.024534],[20.60729,52.144777,97.975001],[20.607017,52.144729,98.132334],[20.606759,52.144667,98.166679],[20.60646,52.144622,98.855911],[20.6062,52.144568,98.821469],[20.605919,52.144513,98.635318],[20.605634,52.144467,98.477504],[20.605318,52.14441,98.390312],[20.604997,52.144362,98.396425],[20.604695,52.144309,98.078522],[20.604396,52.144256,97.940205],[20.604095,52.144201,97.541632],[20.603784,52.144157,97.533729],[20.603486,52.144097,97.674325],[20.603167,52.144043,97.425167],[20.602861,52.14399,97.100234],[20.602552,52.14392,96.717434],[20.602241,52.143853,96.662667],[20.601897,52.143807,96.430038],[20.601596,52.143731,95.987236],[20.601258,52.14368,96.017173],[20.600942,52.143617,94.898886],[20.600614,52.143541,94.492186],[20.600295,52.143494,94.428105],[20.599967,52.143422,94.592524],[20.599663,52.143355,94.661286],[20.599298,52.143279,94.926913],[20.598954,52.143196,95.452191],[20.598621,52.143127,94.860421],[20.598319,52.143062,94.596036],[20.597989,52.142991,94.360268],[20.597681,52.142908,94.249245],[20.597359,52.142862,93.781577],[20.597047,52.142801,93.468759],[20.59675,52.142743,93.168193],[20.596443,52.142679,92.826375],[20.59607,52.142606,92.454971],[20.595728,52.14255,92.16012],[20.595368,52.14248,91.617468],[20.594981,52.142379,91.661354],[20.594633,52.142292,92.028427],[20.594295,52.142223,92.433779],[20.593951,52.142154,91.561167],[20.593606,52.142084,91.61305],[20.593198,52.141994,91.72364],[20.592816,52.141914,91.269935],[20.592404,52.141832,92.66851],[20.591967,52.141727,92.742746],[20.5915,52.141629,91.946591],[20.591104,52.14154,89.743897],[20.590716,52.141443,90.440314],[20.590336,52.141331,89.545078],[20.589978,52.141244,87.821538],[20.589585,52.141133,88.480006],[20.589193,52.141044,88.68787],[20.588785,52.140951,89.828564],[20.588405,52.140857,90.337139],[20.588011,52.140758,90.385401],[20.587643,52.140665,89.445556],[20.587256,52.140576,89.65062],[20.586875,52.140481,89.762494],[20.586528,52.140394,87.264206],[20.586154,52.140314,86.457346],[20.585718,52.140211,88.894329],[20.585275,52.140117,90.777591],[20.584859,52.140016,90.755707],[20.584474,52.139912,90.682948],[20.584089,52.139817,90.915693],[20.583723,52.139718,90.678877],[20.583354,52.139624,90.426303],[20.582976,52.139536,90.561741],[20.5826,52.139441,90.659772],[20.582173,52.139339,91.297194],[20.581767,52.139239,91.499135],[20.581356,52.139142,91.330782],[20.580953,52.139036,91.705508],[20.58054,52.138936,91.962915],[20.580141,52.138831,93.032264],[20.579715,52.138744,93.237121],[20.579301,52.138643,93.064872],[20.578863,52.138557,94.555447],[20.578477,52.138467,94.876488],[20.578088,52.138369,95.254966],[20.577697,52.138285,95.398885],[20.577306,52.13819,95.571606],[20.576914,52.1381,95.53766],[20.576532,52.138003,95.636187],[20.576153,52.137919,95.408921],[20.575767,52.137838,95.234973],[20.575403,52.137749,94.022338],[20.575029,52.137651,94.42398],[20.574643,52.137566,94.659732],[20.574276,52.137488,93.930243],[20.573901,52.137404,93.778127],[20.573522,52.137327,93.049581],[20.573169,52.137235,92.991625],[20.572839,52.137143,92.425661],[20.572495,52.137053,91.929701],[20.572148,52.136961,92.151933],[20.5718,52.136882,92.19163],[20.571452,52.13679,93.019545],[20.571114,52.136704,92.521949],[20.570747,52.136627,93.211453],[20.570407,52.136553,92.841965],[20.570027,52.136477,93.36658],[20.569652,52.13641,93.14775],[20.569288,52.136327,93.420775],[20.568925,52.136243,93.373175],[20.568537,52.136171,93.378911],[20.56817,52.136081,93.348778],[20.567803,52.135985,93.57474],[20.56742,52.1359,93.67258],[20.567058,52.135801,93.816089],[20.566692,52.135716,93.299853],[20.566321,52.135617,92.676877],[20.565937,52.135515,93.769053],[20.565563,52.135402,94.363351],[20.565155,52.135309,93.853877],[20.56475,52.135229,93.837798],[20.56435,52.135131,93.698871],[20.563956,52.135035,93.5472],[20.563549,52.13493,94.082789],[20.563146,52.134831,94.153368],[20.562743,52.134728,93.887294],[20.56234,52.134636,93.409427],[20.561952,52.134534,92.807955],[20.561533,52.134421,93.588077],[20.561108,52.134321,94.386054],[20.560688,52.134227,95.365062],[20.560289,52.134125,95.397762],[20.559905,52.134017,95.359143],[20.559492,52.133922,96.290052],[20.559092,52.13382,96.7151],[20.558681,52.133719,97.355425],[20.558292,52.133619,96.914536],[20.557898,52.133516,96.792416],[20.55749,52.133419,97.334898],[20.557095,52.133324,96.980487],[20.556674,52.133224,97.455775],[20.556236,52.133126,98.775129],[20.555801,52.133024,99.433258],[20.555385,52.132923,99.861911],[20.554966,52.132826,99.598101],[20.554569,52.13273,98.565324],[20.554149,52.132641,98.967491],[20.553759,52.132546,97.799965],[20.553323,52.13246,97.976836],[20.552919,52.132359,97.925334],[20.552515,52.132269,97.145458],[20.552074,52.132164,100.042891],[20.551653,52.132068,100.257751],[20.551225,52.131957,101.18274],[20.550809,52.131861,101.226112],[20.550377,52.131748,102.437514],[20.549959,52.131635,103.279915],[20.549538,52.131538,102.662091],[20.549123,52.131436,101.81193],[20.548698,52.131332,102.079665],[20.548277,52.13123,102.066767],[20.547871,52.131122,101.66066],[20.54745,52.131034,100.781634],[20.547042,52.130919,100.907291],[20.546645,52.130809,100.858771],[20.546231,52.130704,101.512629],[20.545815,52.130606,101.1274],[20.545396,52.130505,101.329258],[20.544986,52.130395,101.859546],[20.5446,52.130282,101.171034],[20.544204,52.130172,101.113126],[20.543803,52.130061,100.958421],[20.543399,52.129944,101.509306],[20.543,52.129842,101.018258],[20.54262,52.129735,100.045488],[20.542233,52.129617,100.37925],[20.541857,52.129505,100.004057],[20.541484,52.129396,99.482834],[20.541114,52.129277,99.405685],[20.540739,52.129161,99.016226],[20.540357,52.129041,99.404301],[20.539985,52.128919,99.300667],[20.53961,52.128802,98.888562],[20.539202,52.128678,99.570273],[20.538822,52.128557,99.061434],[20.538436,52.128437,98.837551],[20.538041,52.128311,99.495066],[20.537659,52.128181,99.729957],[20.537282,52.128056,99.367958],[20.536884,52.127926,100.233155],[20.536507,52.127794,99.783852],[20.53612,52.127665,100.101255],[20.535733,52.127534,99.974764],[20.53535,52.127398,100.582973],[20.534956,52.127271,100.868304],[20.534574,52.127137,100.589217],[20.534193,52.127011,100.648245],[20.533777,52.126881,102.882708],[20.533399,52.126754,102.901602],[20.533018,52.126619,103.166898],[20.532636,52.126488,103.518287],[20.532258,52.126361,103.66094],[20.531876,52.126232,104.419844],[20.531486,52.126103,104.908322],[20.531089,52.125971,106.106554],[20.530699,52.125842,106.444496],[20.530307,52.125711,106.693576],[20.529926,52.125585,105.773993],[20.529547,52.125457,105.519324],[20.529153,52.125327,106.21583],[20.528771,52.125207,105.320253],[20.528386,52.125073,105.307841],[20.527997,52.124951,104.839424],[20.527614,52.124836,103.619665],[20.527233,52.124706,102.855914],[20.526853,52.12458,102.499873],[20.526471,52.124466,101.609539],[20.526081,52.124348,101.345225],[20.5257,52.124231,100.76702],[20.525326,52.124119,100.222687],[20.524948,52.124001,99.999088],[20.524579,52.123884,99.49966],[20.524192,52.123773,99.62936],[20.523817,52.123662,99.312536],[20.523449,52.123553,98.759482],[20.523094,52.123443,98.276853],[20.522737,52.123325,98.447491],[20.522366,52.12322,98.412677],[20.522007,52.123104,98.046736],[20.521642,52.122988,98.552466],[20.521284,52.12288,98.136598],[20.52092,52.122759,98.501036],[20.520534,52.122661,98.673069],[20.520166,52.122554,98.40558],[20.519818,52.122444,97.582715],[20.519439,52.122345,97.547836],[20.51906,52.122255,97.351146],[20.518707,52.122138,97.17903],[20.518341,52.122031,96.855617],[20.517951,52.121939,96.534939],[20.517583,52.121837,96.049461],[20.517186,52.121731,97.640319],[20.516778,52.121632,98.124889],[20.516404,52.121526,98.809369],[20.516018,52.121428,98.727996],[20.515631,52.121323,99.55932],[20.515256,52.121218,98.970692],[20.514864,52.121117,99.064445],[20.514476,52.121016,99.513712],[20.514091,52.120906,100.505751],[20.513696,52.120808,100.545957],[20.513293,52.120702,101.431296],[20.512897,52.12059,101.807432],[20.512486,52.120489,102.070488],[20.51208,52.120398,101.903103],[20.511698,52.120299,101.570018],[20.511298,52.120195,101.806469],[20.510889,52.120096,102.255516],[20.510475,52.119995,102.643562],[20.51007,52.119895,102.777797],[20.509672,52.119799,103.098603],[20.509263,52.119694,104.104714],[20.508845,52.119604,104.447639],[20.508435,52.119513,104.785185],[20.508027,52.119418,104.833045],[20.507596,52.119333,104.595886],[20.507227,52.119245,104.064975],[20.506845,52.119154,104.151046],[20.506465,52.119079,103.993536],[20.506074,52.119008,104.059504],[20.505714,52.118928,102.933893],[20.505334,52.118838,102.835662],[20.504956,52.118751,103.145894],[20.504573,52.11868,102.601772],[20.504197,52.118594,103.40958],[20.503798,52.118522,103.997948],[20.503395,52.118454,103.776545],[20.503037,52.118354,103.788353],[20.502654,52.118271,104.385625],[20.502273,52.118181,104.705035],[20.501891,52.118107,104.361391],[20.501505,52.118032,104.202574],[20.501125,52.117948,104.730813],[20.500746,52.117873,104.776004],[20.500358,52.117792,104.934712],[20.499967,52.117723,105.005296],[20.499583,52.117646,105.396045],[20.499189,52.117557,106.050956],[20.498793,52.117484,106.553861],[20.498401,52.117406,106.854832],[20.498021,52.117314,107.804584],[20.49763,52.117236,107.890672],[20.497254,52.117151,106.795501],[20.496861,52.11707,107.739708],[20.496476,52.116999,106.692126],[20.496077,52.116927,106.236039],[20.495682,52.116847,106.017212],[20.495279,52.116762,106.190982],[20.494878,52.116681,105.943902],[20.49449,52.116598,105.373909],[20.494082,52.116528,104.669162],[20.49368,52.116451,104.213014],[20.493276,52.116385,103.452918],[20.49286,52.116297,103.880434],[20.492448,52.116224,104.044465],[20.492043,52.116153,103.255693],[20.491636,52.116073,102.786286],[20.491238,52.115998,101.639461],[20.490818,52.115914,102.277671],[20.490411,52.115836,101.88338],[20.489998,52.11576,101.439393],[20.489573,52.11568,101.735456],[20.489168,52.1156,100.52359],[20.48875,52.115526,100.842015],[20.48833,52.115453,101.299418],[20.487923,52.115378,100.963746],[20.48751,52.115301,100.81321],[20.487103,52.115229,101.764623],[20.486691,52.115151,102.356137],[20.486289,52.115071,102.4578],[20.485899,52.115001,101.377391],[20.485511,52.114925,101.010752],[20.485124,52.11485,100.493193],[20.484728,52.114776,101.482082],[20.484336,52.114701,101.452031],[20.483947,52.114627,100.239576],[20.483549,52.114561,100.717229],[20.483156,52.114489,100.787664],[20.482756,52.114411,101.431775],[20.482363,52.114337,100.523512],[20.481969,52.114273,100.319673],[20.481565,52.114207,100.309938],[20.481165,52.114139,100.661426],[20.480778,52.114064,100.340033],[20.480392,52.113988,101.586397],[20.48001,52.113918,101.187542],[20.479639,52.113848,100.45561],[20.479264,52.113777,100.746284],[20.478892,52.113706,100.032502],[20.478517,52.113637,100.56603],[20.478138,52.113571,101.045665],[20.477764,52.113493,101.272927],[20.477382,52.113431,101.576619],[20.477005,52.113363,100.864405],[20.47664,52.113288,100.959527],[20.476265,52.113222,101.002217],[20.475893,52.113157,100.990557],[20.475521,52.113086,100.382979],[20.475158,52.113022,100.10506],[20.474787,52.112951,100.04353],[20.474418,52.112876,100.443892],[20.474045,52.112807,99.988215],[20.473675,52.112737,100.297709],[20.473301,52.112673,100.999884],[20.472928,52.112604,100.05577],[20.472552,52.112535,100.043686],[20.472184,52.112467,99.999464],[20.47182,52.112396,100.304708],[20.471446,52.112318,101.86166],[20.471082,52.112249,101.119099],[20.470708,52.112171,100.942814],[20.470324,52.112099,101.446365],[20.469945,52.112039,101.675647],[20.469567,52.111968,101.751386],[20.469192,52.111896,101.574446],[20.468816,52.111816,101.746424],[20.468442,52.11175,101.63595],[20.468067,52.111676,102.478836],[20.467689,52.111598,102.147444],[20.467307,52.111536,102.138337],[20.466929,52.111455,101.132175],[20.466559,52.111386,101.275505],[20.46619,52.11131,101.408528],[20.46583,52.111227,101.127367],[20.465476,52.111158,100.399928],[20.465131,52.111085,101.016484],[20.46478,52.11101,100.950037],[20.464426,52.110943,101.035034],[20.464077,52.110875,100.902754],[20.463723,52.110801,101.320497],[20.463372,52.110725,101.092823],[20.463032,52.110638,100.302066],[20.462677,52.110567,100.444016],[20.462322,52.110488,101.70194],[20.461984,52.110413,100.613797],[20.461644,52.110341,100.290934],[20.461299,52.110262,101.818077],[20.460971,52.110191,101.860475],[20.460652,52.110107,101.183182],[20.460329,52.11004,100.893788],[20.460024,52.109974,100.631441],[20.459708,52.109905,99.796705],[20.459373,52.10984,100.413182],[20.459046,52.109764,100.252585],[20.458726,52.109684,100.068286],[20.458384,52.109599,100.524878],[20.458035,52.109518,100.923929],[20.457694,52.109431,100.675323],[20.457371,52.109353,100.736385],[20.457027,52.109268,100.832995],[20.456691,52.109181,100.715883],[20.456366,52.109097,100.431175],[20.45602,52.109018,100.341459],[20.455668,52.108934,101.107961],[20.455325,52.108866,100.725277],[20.454974,52.108796,100.454453],[20.454625,52.108714,100.224257],[20.454276,52.108622,100.225926],[20.453926,52.108535,100.089114],[20.453605,52.10844,100.465005],[20.453258,52.108361,100.173043],[20.452906,52.108277,100.919647],[20.452572,52.108202,100.353994],[20.452239,52.108129,100.145241],[20.451927,52.108043,99.828751],[20.451567,52.107941,102.987428],[20.45126,52.107866,101.270357],[20.450951,52.107785,101.119238],[20.45062,52.107722,100.952687],[20.450293,52.107642,101.232457],[20.449994,52.107554,100.611644],[20.449691,52.107467,101.512676],[20.449397,52.107383,100.74554],[20.449107,52.107302,100.211877],[20.448791,52.107211,100.262837],[20.448481,52.107128,100.376558],[20.44816,52.107052,100.335637],[20.447852,52.106981,99.932079],[20.447548,52.106908,98.929037],[20.447235,52.106823,99.077224],[20.446918,52.106736,98.961167],[20.446596,52.106645,99.269283],[20.446272,52.106562,100.025403],[20.445941,52.106478,100.280284],[20.445603,52.106392,100.376756],[20.445259,52.106292,102.033649],[20.444933,52.10621,101.847203],[20.44461,52.106127,102.18826],[20.444291,52.106043,102.299078],[20.443952,52.105949,103.947653],[20.443628,52.105863,104.198185],[20.4433,52.105773,104.906501],[20.442974,52.105692,104.894092],[20.44265,52.105608,104.966435],[20.442326,52.105524,104.601491],[20.441996,52.105438,105.019427],[20.441667,52.105352,104.986641],[20.441331,52.105265,105.544107],[20.44098,52.105172,107.487037],[20.440653,52.105093,106.668696],[20.440321,52.10501,106.796155],[20.439994,52.104926,106.59768],[20.439664,52.104842,106.425398],[20.439333,52.104758,106.392822],[20.438998,52.104672,106.327659],[20.438662,52.104588,106.233343],[20.438324,52.104504,106.352949],[20.437979,52.104414,106.999478],[20.437652,52.104331,106.00773],[20.437318,52.104237,105.207377],[20.436961,52.104158,104.996219],[20.436614,52.104069,104.535411],[20.436269,52.103986,104.266172],[20.435933,52.1039,104.893351],[20.435575,52.10382,105.152931],[20.43522,52.103764,104.013372],[20.434879,52.103674,103.2224],[20.43453,52.103583,103.43501],[20.434197,52.103485,103.772347],[20.433871,52.103397,103.593572],[20.433522,52.103314,104.70552],[20.43321,52.103248,102.966237],[20.432856,52.103171,103.235398],[20.432534,52.103092,102.727526],[20.432195,52.103007,102.503827],[20.431842,52.102929,102.641917],[20.431503,52.102846,102.827472],[20.431152,52.102773,102.670136],[20.430804,52.102702,102.324161],[20.430459,52.102627,102.530791],[20.430109,52.102558,102.727488],[20.429758,52.102485,102.844359],[20.429413,52.102407,102.861201],[20.42907,52.102334,102.704022],[20.428715,52.102253,103.598995],[20.428367,52.102176,103.742084],[20.428023,52.102109,103.313309],[20.427683,52.10203,103.003253],[20.42733,52.101946,103.966809],[20.427,52.101875,103.424772],[20.426663,52.101795,103.394727],[20.42631,52.101724,103.753751],[20.425963,52.101643,104.467923],[20.425634,52.101563,104.325075],[20.42529,52.101492,104.304631],[20.424943,52.10142,104.027285],[20.424601,52.101348,103.863465],[20.42426,52.101272,103.827922],[20.423914,52.101205,103.523496],[20.423575,52.101139,103.044035],[20.423231,52.101062,103.653475],[20.42289,52.100998,103.624288],[20.422544,52.100932,103.106123],[20.422198,52.100862,103.062002],[20.421859,52.100789,102.460678],[20.4215,52.100727,102.992548],[20.421153,52.100662,102.982847],[20.420809,52.100594,104.17054],[20.420468,52.100525,104.217972],[20.420146,52.10046,103.519486],[20.41981,52.100396,103.564451],[20.419474,52.100333,102.964208],[20.419133,52.10027,103.763685],[20.418798,52.10021,103.834343],[20.418466,52.100146,103.849327],[20.418134,52.100082,102.960523],[20.417793,52.100022,102.925468],[20.417465,52.099959,103.275652],[20.417132,52.099902,103.52138],[20.416808,52.099843,104.138526],[20.416473,52.099785,104.27071],[20.416147,52.099724,104.109428],[20.415827,52.099668,103.825617],[20.415507,52.099613,103.434917],[20.415176,52.099562,103.450981],[20.414854,52.099508,102.997143],[20.414521,52.099452,103.492616],[20.414186,52.099397,103.596162],[20.413858,52.09934,103.048444],[20.413528,52.099286,103.432413],[20.413191,52.099231,102.985042],[20.412849,52.099178,102.957218],[20.412507,52.099126,102.899409],[20.412174,52.09907,102.685699],[20.411832,52.099017,103.774473],[20.411493,52.098962,103.567324],[20.411142,52.098913,102.501932],[20.4108,52.098856,102.779873],[20.41046,52.098801,102.327447],[20.410114,52.098745,102.604725],[20.409764,52.098687,102.23939],[20.409403,52.098638,102.284667],[20.409061,52.098577,102.596413],[20.408704,52.098528,102.516836],[20.408352,52.098472,103.45628],[20.407996,52.098423,102.938056],[20.407652,52.098366,102.115914],[20.407302,52.09832,101.571545],[20.406948,52.098265,101.777342],[20.406612,52.098213,101.518813],[20.406263,52.098158,101.135881],[20.405901,52.09811,101.158954],[20.405533,52.098059,100.706919],[20.405175,52.098006,100.881798],[20.404808,52.097957,100.78298],[20.404445,52.097909,99.416144],[20.404096,52.097854,98.340332],[20.40374,52.0978,98.961274],[20.403374,52.097749,99.083362],[20.403016,52.097692,99.005888],[20.402657,52.097643,98.656977],[20.402299,52.097593,98.970911],[20.401938,52.097538,99.151894],[20.401591,52.097485,98.943631],[20.40123,52.097436,99.333867],[20.400866,52.097384,99.997104],[20.400504,52.097336,98.994869],[20.400149,52.097292,98.866168],[20.399799,52.097245,98.494828],[20.399456,52.097193,98.422563],[20.399112,52.097136,98.154029],[20.39876,52.09709,99.258127],[20.398415,52.097042,99.374065],[20.39807,52.096992,98.706687],[20.39773,52.096945,99.415675],[20.397389,52.096899,99.918171],[20.39706,52.096845,100.524302],[20.396709,52.096796,101.404818],[20.396369,52.096747,101.801868],[20.396028,52.0967,102.147883],[20.395687,52.09666,102.549982],[20.395348,52.096613,103.338016],[20.395005,52.096564,103.372237],[20.394664,52.096522,103.575121],[20.39431,52.096476,104.050124],[20.393969,52.096424,105.50156],[20.393631,52.096374,105.749973],[20.393289,52.096326,105.18584],[20.392922,52.09628,105.534827],[20.392557,52.096227,105.970667],[20.392197,52.096169,106.422356],[20.391832,52.09612,106.546733],[20.391475,52.096072,105.888851],[20.391112,52.096024,105.550023],[20.390755,52.095967,107.740669],[20.39039,52.095917,107.828196],[20.390032,52.095864,108.064582],[20.38968,52.095809,107.70533],[20.389316,52.095764,107.725618],[20.388973,52.095711,107.133071],[20.388627,52.095659,106.894808],[20.388289,52.095605,106.632409],[20.387936,52.095552,107.20197],[20.387587,52.0955,106.803539],[20.387256,52.095445,106.179449],[20.386901,52.09539,105.8316],[20.386549,52.095335,105.522629],[20.386207,52.095276,105.201868],[20.385855,52.095218,104.685236],[20.385516,52.095163,103.602849],[20.385181,52.095105,102.844423],[20.384837,52.09505,103.306241],[20.384506,52.094991,103.674269],[20.384172,52.094927,102.272037],[20.383836,52.094866,101.913555],[20.383484,52.094803,101.714936],[20.383131,52.094737,101.341984],[20.38279,52.094671,101.528167],[20.382446,52.094606,101.32234],[20.382107,52.094539,101.142267],[20.38177,52.09447,101.007268],[20.381423,52.0944,101.196847],[20.381077,52.09433,101.162046],[20.380742,52.094257,100.379558],[20.380406,52.094184,100.209824],[20.380071,52.094114,100.52361],[20.379742,52.094042,100.344482],[20.37941,52.09397,100.091165],[20.379077,52.093897,100.603699],[20.378744,52.093823,100.407694],[20.378414,52.093748,100.846703],[20.378086,52.093671,101.129956],[20.377763,52.093597,100.921957],[20.377441,52.093521,100.642379],[20.377118,52.093441,100.730303],[20.376794,52.093359,100.961529],[20.376472,52.093277,100.887712],[20.376156,52.093196,100.43285],[20.375836,52.093114,100.536941],[20.375511,52.09303,101.025839],[20.37519,52.092949,100.73268],[20.374867,52.092865,100.686553],[20.374546,52.09278,100.627624],[20.374208,52.092703,100.806928],[20.373895,52.092609,100.492711],[20.373578,52.092519,100.640901],[20.373271,52.092423,100.946694],[20.372959,52.09233,100.98561],[20.372628,52.092241,101.182035],[20.372308,52.092148,101.276571],[20.371976,52.092057,101.863593],[20.371666,52.091964,100.986895],[20.371347,52.091865,100.987247],[20.371024,52.091763,101.353041],[20.37069,52.091666,101.938909],[20.370362,52.091574,101.323922],[20.370032,52.09148,101.326562],[20.369682,52.091388,101.616003],[20.369354,52.091288,101.878359],[20.369026,52.091189,101.670775],[20.368701,52.091084,101.627998],[20.368361,52.090988,101.757922],[20.368032,52.090876,102.375962],[20.367714,52.090757,101.718796],[20.367381,52.090642,101.458256],[20.367037,52.09053,101.570641],[20.366694,52.090395,101.369261],[20.36635,52.090264,101.315381],[20.365999,52.090129,101.134082],[20.365641,52.089994,101.626832],[20.365262,52.089866,102.760509],[20.364896,52.089731,101.887017],[20.36454,52.089591,102.237294],[20.364168,52.08946,102.361196],[20.363797,52.089324,102.258226],[20.363427,52.089189,102.367543],[20.363053,52.089049,101.910461],[20.362686,52.088903,101.935772],[20.362323,52.088754,101.711781],[20.361956,52.088594,101.737702],[20.361586,52.088445,102.745432],[20.36121,52.088294,103.246313],[20.360836,52.088143,103.102739],[20.360462,52.088004,103.882387],[20.360114,52.087855,103.002621],[20.359749,52.087704,102.628548],[20.359375,52.087552,103.046807],[20.358998,52.087402,102.853023],[20.358617,52.08725,103.210535],[20.358255,52.087101,103.146435],[20.357893,52.086952,103.085127],[20.357551,52.086806,102.843142],[20.357225,52.086662,102.348067],[20.356915,52.086526,103.550357],[20.356609,52.0864,103.608512],[20.356335,52.086274,103.084353],[20.356066,52.086144,102.936479],[20.355791,52.086022,103.778507],[20.355523,52.085891,102.825636],[20.355239,52.085764,102.420333],[20.354947,52.085635,102.39983],[20.354658,52.085502,102.467859],[20.354371,52.085373,102.765003],[20.354078,52.085246,102.767953],[20.353806,52.085116,102.836821],[20.353512,52.084984,102.623468],[20.35321,52.08485,102.24494],[20.352901,52.084718,102.216342],[20.352601,52.084582,102.317194],[20.352289,52.084455,102.386968],[20.351975,52.084325,102.782211],[20.351658,52.084192,102.804628],[20.351347,52.084059,102.86702],[20.351034,52.083926,103.323455],[20.350719,52.083792,103.393254],[20.3504,52.083656,103.482891],[20.350077,52.083524,103.538991],[20.349758,52.083388,103.44082],[20.349434,52.083256,103.207223],[20.349102,52.083118,103.376228],[20.34876,52.082986,104.2437],[20.348428,52.082853,103.762628],[20.348101,52.082723,103.588771],[20.347772,52.082598,103.43961],[20.347451,52.082472,103.286992],[20.347127,52.082346,103.691007],[20.346805,52.082221,104.705423],[20.346481,52.082104,104.765064],[20.346165,52.081986,103.523317],[20.345841,52.081864,103.323022],[20.345521,52.08174,103.183743],[20.345209,52.081624,103.385217],[20.3449,52.081509,103.515892],[20.34459,52.081407,103.121504],[20.344284,52.08129,103.372777],[20.34399,52.081173,102.876099],[20.34367,52.081065,102.855489],[20.343362,52.080951,103.110249],[20.343039,52.080842,102.694205],[20.34272,52.080741,102.282712],[20.342403,52.080625,103.369118],[20.342071,52.080529,103.638026],[20.341742,52.080416,103.002186],[20.341435,52.080296,103.985551],[20.341116,52.08019,103.251546],[20.340789,52.080085,103.5568],[20.340473,52.079983,103.518479],[20.340158,52.079865,105.51867],[20.339844,52.079763,104.844671],[20.339512,52.079668,104.574239],[20.339193,52.079565,104.534723],[20.338877,52.079471,104.98514],[20.338558,52.079372,105.175134],[20.338237,52.079283,104.415175],[20.337924,52.079192,106.100216],[20.337612,52.079107,105.446528],[20.337298,52.079015,105.357475],[20.336984,52.078923,106.076021],[20.336679,52.078829,106.343124],[20.336354,52.07874,107.025225],[20.336028,52.078661,106.72075],[20.335694,52.078578,106.758598],[20.33537,52.078483,106.510087],[20.335047,52.078391,106.55661],[20.334717,52.078293,107.642371],[20.334377,52.078215,108.356601],[20.334058,52.078126,107.583341],[20.333731,52.078035,107.071095],[20.3334,52.077939,108.092276],[20.333073,52.077859,107.223364],[20.332742,52.077764,107.371752],[20.3324,52.07768,107.385298],[20.332065,52.07759,107.269854],[20.331729,52.0775,107.250478],[20.331385,52.077405,108.151633],[20.33107,52.077316,107.325807],[20.330736,52.077245,106.328265],[20.330403,52.077161,106.277504],[20.330064,52.077068,106.738775],[20.32974,52.076996,105.801228],[20.329395,52.076927,105.471764],[20.329059,52.076847,105.322619],[20.32873,52.076774,104.712915],[20.328406,52.076696,104.506624],[20.328086,52.076622,104.012871],[20.327767,52.076544,104.079208],[20.327452,52.076473,103.600605],[20.327132,52.076402,103.624063],[20.326807,52.076326,104.132989],[20.326479,52.076263,103.613951],[20.326147,52.076188,103.72117],[20.325809,52.076106,104.227605],[20.325469,52.076034,104.247731],[20.325122,52.075966,104.624918],[20.324799,52.075906,103.888888],[20.324461,52.075827,104.894342],[20.324123,52.075763,104.651434],[20.323783,52.075691,104.802358],[20.323448,52.07562,104.605772],[20.323104,52.075552,105.173864],[20.32277,52.075486,104.742195],[20.322421,52.075419,105.041089],[20.322088,52.075355,104.990979],[20.321757,52.075293,103.458814],[20.321415,52.075231,103.704205],[20.321053,52.075168,105.170307],[20.320717,52.075105,103.882854],[20.320374,52.075043,104.311376],[20.320046,52.074984,104.061367],[20.31971,52.074926,104.344191],[20.319381,52.07487,104.755498],[20.31905,52.074812,104.583452],[20.318733,52.074758,104.324845],[20.318405,52.074704,104.123916],[20.318068,52.07465,104.705212],[20.317746,52.074596,104.927938],[20.317424,52.074546,105.345527],[20.317114,52.074493,104.717254],[20.316791,52.074442,105.166361],[20.316468,52.074396,104.922936],[20.316136,52.074345,105.272889],[20.315798,52.074295,105.695459],[20.315462,52.074248,105.016496],[20.315107,52.074201,106.664194],[20.314776,52.074157,105.434655],[20.314426,52.074113,105.896373],[20.314089,52.074067,106.037167],[20.313732,52.074018,107.207986],[20.313391,52.073977,106.659686],[20.313035,52.07393,106.50781],[20.312689,52.073886,106.659281],[20.312336,52.073845,107.301952],[20.311987,52.073802,105.916923],[20.311638,52.073761,106.10881],[20.311286,52.073722,106.430328],[20.310929,52.07368,106.683442],[20.310565,52.073642,106.266749],[20.310218,52.073606,105.790803],[20.309873,52.073568,105.261457],[20.309532,52.073537,105.006783],[20.309196,52.073504,105.143906],[20.308847,52.073475,106.157526],[20.308511,52.073442,105.288084],[20.308185,52.073412,104.897491],[20.307854,52.073383,104.94316],[20.307524,52.073354,104.927981],[20.307193,52.073327,105.007814],[20.30686,52.073297,105.179312],[20.306521,52.073274,105.323983],[20.30618,52.073243,105.810519],[20.305829,52.073219,106.227343],[20.305484,52.073192,106.178884],[20.305144,52.073169,105.440573],[20.304791,52.073148,105.240646],[20.304444,52.073123,105.434458],[20.30408,52.073097,105.763507],[20.303717,52.073075,105.739149],[20.30335,52.073055,105.966219],[20.302986,52.073033,105.836619],[20.302616,52.073008,106.001088],[20.302252,52.072986,105.728003],[20.301889,52.072966,105.490245],[20.301517,52.072946,105.309999],[20.301139,52.072928,105.637274],[20.300767,52.072907,105.172045],[20.300395,52.072884,105.028569],[20.300013,52.072869,105.33375],[20.299641,52.072854,103.619182],[20.299263,52.072838,103.622543],[20.29888,52.072823,103.71935],[20.298495,52.072806,103.739795],[20.29812,52.072794,103.599267],[20.297746,52.072784,103.378723],[20.297363,52.072774,103.180617],[20.296983,52.072762,103.285216],[20.29661,52.072751,102.858806],[20.296231,52.072744,102.871071],[20.295864,52.072737,102.71457],[20.295494,52.072731,102.725464],[20.295124,52.072722,102.900145],[20.294759,52.072718,103.09671],[20.294396,52.072713,103.147079],[20.294034,52.072708,103.381914],[20.293668,52.072704,103.536579],[20.293307,52.072703,103.77644],[20.292949,52.072701,103.9191],[20.292582,52.0727,103.672965],[20.292221,52.072703,103.833252],[20.29186,52.072703,104.05944],[20.291502,52.072703,104.081237],[20.291141,52.072705,104.382561],[20.290787,52.072711,104.301844],[20.29044,52.07272,104.767554],[20.29009,52.072724,104.05845],[20.289744,52.072733,104.34879],[20.289389,52.07274,104.252709],[20.289039,52.07275,104.20731],[20.288686,52.072755,104.535267],[20.288336,52.072764,103.968737],[20.28799,52.072775,103.673141],[20.287629,52.072788,103.920104],[20.28728,52.072799,103.881667],[20.286922,52.072814,103.639398],[20.286566,52.072824,103.555301],[20.286217,52.072836,103.34131],[20.285861,52.072851,103.384725],[20.285506,52.072869,103.874628],[20.28516,52.072882,103.574476],[20.284813,52.072901,103.801238],[20.284477,52.072918,103.439665],[20.28412,52.072939,103.510201],[20.283781,52.072953,102.932619],[20.28343,52.072973,103.015788],[20.283076,52.072989,103.477333],[20.282729,52.073008,103.454243],[20.28238,52.073027,103.292773],[20.282034,52.073045,103.692214],[20.281681,52.073061,103.601691],[20.281323,52.073082,103.76034],[20.280967,52.073101,104.199912],[20.280619,52.073122,104.033856],[20.280274,52.073144,104.060154],[20.279917,52.073167,104.111945],[20.279565,52.073184,104.075415],[20.279201,52.073201,105.044048],[20.278842,52.073219,105.424992],[20.278488,52.073241,105.233672],[20.278126,52.073261,105.400489],[20.277779,52.073282,105.239234],[20.277433,52.073312,104.874696],[20.277074,52.073333,105.754023],[20.276725,52.073361,104.449393],[20.276369,52.073382,104.013122],[20.276012,52.073405,103.887379],[20.275628,52.073444,105.00215],[20.275269,52.07347,104.779645],[20.274923,52.073495,104.406312],[20.274563,52.073516,104.202421],[20.274208,52.073542,104.135307],[20.273861,52.07357,104.120747],[20.273517,52.073593,103.864009],[20.273166,52.073608,103.571486],[20.272803,52.07364,103.727645],[20.272451,52.07366,103.567044],[20.272079,52.073676,103.777821],[20.271723,52.073706,103.767641],[20.271369,52.073735,103.298466],[20.271037,52.07376,102.819165],[20.270681,52.073779,101.701461],[20.270334,52.073797,102.072957],[20.269977,52.073822,102.63524],[20.269638,52.073841,101.999706],[20.269286,52.07386,101.717246],[20.268953,52.073878,101.587927],[20.268614,52.073902,101.37003],[20.268245,52.073931,102.062425],[20.267901,52.07395,101.770052],[20.267547,52.073971,101.777342],[20.267184,52.073995,102.550867],[20.26684,52.074027,102.401163],[20.266476,52.074052,103.782879],[20.266125,52.074075,104.11266],[20.265784,52.074101,104.250731],[20.265443,52.074119,103.944517],[20.265085,52.074147,104.993261],[20.264745,52.074162,106.121656],[20.264425,52.074183,105.301705],[20.264109,52.074207,104.706808],[20.263792,52.074228,104.66309],[20.263473,52.074254,104.541923],[20.263148,52.074271,104.821589],[20.262828,52.074291,105.211362],[20.26252,52.074309,105.019893],[20.262208,52.074332,105.368883],[20.261889,52.074354,105.641372],[20.261576,52.074375,105.410222],[20.261264,52.074395,105.432468],[20.260944,52.074411,105.760434],[20.260634,52.07443,105.8454],[20.260306,52.074458,106.084803],[20.259987,52.074482,106.112185],[20.259668,52.074505,106.197849],[20.259334,52.074526,106.51918],[20.259006,52.074542,106.448578],[20.258655,52.074567,106.141948],[20.258307,52.074587,106.864116],[20.257956,52.074605,107.261505],[20.257607,52.074622,106.940647],[20.257256,52.07464,106.800237],[20.256917,52.074665,105.865037],[20.256562,52.07469,106.568103],[20.256192,52.074723,107.985907],[20.255831,52.074746,108.199788],[20.255472,52.074772,108.222614],[20.255134,52.074797,108.227176],[20.254812,52.074821,106.595548],[20.254492,52.074842,105.773771],[20.254159,52.074866,105.58928],[20.253816,52.074887,105.834568],[20.253482,52.074904,106.231354],[20.253159,52.074901,105.752131],[20.252805,52.074923,105.662527],[20.252439,52.074948,106.304823],[20.252103,52.074965,106.014055],[20.25176,52.074987,105.469674],[20.251418,52.075002,105.347644],[20.251068,52.07502,104.838769],[20.25071,52.07504,105.060962],[20.25036,52.075062,104.876292],[20.250013,52.07508,104.872087],[20.249667,52.075097,104.886662],[20.24932,52.075112,104.885024],[20.248973,52.075128,104.757048],[20.248624,52.075142,104.240556],[20.24827,52.075159,104.432784],[20.247909,52.075172,104.56751],[20.247555,52.075187,104.614133],[20.247199,52.075195,104.962124],[20.246849,52.075206,105.133785],[20.246509,52.075216,105.112827],[20.246171,52.075224,104.912608],[20.245833,52.075234,104.763616],[20.245488,52.075241,104.890346],[20.245141,52.075248,105.343995],[20.244796,52.075253,105.336079],[20.244448,52.075262,105.303654],[20.244085,52.07527,105.72423],[20.243724,52.075279,106.005434],[20.243362,52.075285,106.143169],[20.243005,52.075291,105.547746],[20.242639,52.075296,105.43775],[20.242257,52.075303,105.986117],[20.241881,52.075307,105.93931],[20.241516,52.075312,105.81918],[20.241162,52.075315,105.180904],[20.24079,52.075314,105.070328],[20.240427,52.075314,104.386288],[20.240053,52.075315,104.615432],[20.239679,52.075315,104.241554],[20.239308,52.075314,103.664633],[20.238929,52.075314,103.812792],[20.23856,52.075312,103.611141],[20.238197,52.075314,102.838903],[20.237825,52.075312,102.539772],[20.237451,52.075311,102.764051],[20.237074,52.075307,103.002041],[20.236692,52.0753,102.909136],[20.236313,52.075294,102.360009],[20.235931,52.07529,102.776096],[20.235554,52.075285,102.495765],[20.235196,52.075281,102.318514],[20.234836,52.075272,102.919555],[20.234464,52.075255,102.551439],[20.234099,52.075247,102.728139],[20.233731,52.075238,102.934287],[20.23336,52.075225,102.832903],[20.232987,52.075214,102.941678],[20.232608,52.075202,103.29853],[20.232237,52.075194,103.421333],[20.231868,52.075182,103.302835],[20.231502,52.075169,103.476657],[20.231134,52.075155,103.558294],[20.230758,52.075137,103.619708],[20.230384,52.075119,103.801931],[20.230003,52.075098,103.990704],[20.229633,52.075085,103.434085],[20.229252,52.075065,103.856927],[20.228898,52.075056,103.966353],[20.228549,52.075033,102.841871],[20.228197,52.075013,102.93443],[20.227843,52.074985,101.834648],[20.227495,52.074972,102.507827],[20.227133,52.074955,103.737352],[20.226767,52.074936,103.83427],[20.226411,52.074913,103.602758],[20.226051,52.074897,103.55362],[20.225687,52.074877,103.396905],[20.225328,52.074854,103.295989],[20.224976,52.074833,103.315873],[20.224626,52.074807,103.262852],[20.224267,52.074783,103.310488],[20.223913,52.07476,103.442065],[20.223559,52.074735,103.988224],[20.223215,52.074713,103.420694],[20.222869,52.074687,102.450401],[20.222505,52.074662,103.504661],[20.22216,52.074636,102.45891],[20.221813,52.074606,102.292148],[20.221454,52.07458,102.276424],[20.221097,52.074547,101.176173],[20.220744,52.074512,100.205972],[20.220388,52.074483,100.407439],[20.220032,52.074449,100.184514],[20.219672,52.074417,100.659369],[20.219315,52.074387,100.392696],[20.218957,52.074354,100.325621],[20.218593,52.074321,100.63179],[20.21823,52.074288,100.465056],[20.217867,52.074253,100.56789],[20.217517,52.074213,100.403103],[20.217154,52.074179,100.495788],[20.216787,52.074144,101.054821],[20.216432,52.0741,100.746611],[20.216079,52.074063,100.967712],[20.215721,52.074027,102.123008],[20.215379,52.073984,101.29661],[20.215027,52.073948,101.244711],[20.214664,52.073908,101.690481],[20.214316,52.073863,101.953442],[20.213969,52.073824,102.169559],[20.213619,52.073779,102.813149],[20.213277,52.073737,102.3914],[20.212936,52.073694,102.491537],[20.212592,52.073652,102.772989],[20.212252,52.073611,103.00496],[20.211906,52.073565,102.907094],[20.211567,52.073521,102.688231],[20.211219,52.073477,102.853462],[20.210877,52.07343,102.648743],[20.210535,52.073387,102.574361],[20.210191,52.073342,102.779537],[20.209848,52.073295,102.829544],[20.209507,52.073247,103.02697],[20.209164,52.073196,102.996398],[20.208813,52.073147,103.14503],[20.208475,52.073096,102.596125],[20.208133,52.073045,102.618361],[20.207789,52.072994,102.718109],[20.20744,52.072943,103.030242],[20.207093,52.072889,103.247335],[20.206748,52.072836,103.304335],[20.206403,52.072785,103.064798],[20.206045,52.072729,103.951391],[20.205696,52.072674,104.026399],[20.205351,52.072619,103.497879],[20.204998,52.072562,103.60982],[20.204642,52.072506,103.734191],[20.204287,52.072448,103.963895],[20.203942,52.072392,103.185864],[20.203586,52.072333,103.64235],[20.203229,52.072275,103.584586],[20.202876,52.072214,103.439713],[20.202529,52.072154,103.170631],[20.202181,52.072091,103.438732],[20.201834,52.072029,103.424273],[20.201493,52.071967,102.972465],[20.201145,52.071906,102.795979],[20.200802,52.071843,102.598079],[20.200455,52.071778,103.010415],[20.200111,52.071713,102.770886],[20.19977,52.071651,102.909291],[20.199426,52.071586,102.93356],[20.199078,52.071519,102.770949],[20.198739,52.071453,102.613864],[20.19839,52.071385,103.607281],[20.198055,52.071317,102.490003],[20.197711,52.07125,102.873894],[20.197374,52.071186,102.528862],[20.197034,52.071119,102.12829],[20.196689,52.071051,102.658518],[20.196354,52.070983,101.5467],[20.19601,52.070911,101.311617],[20.195661,52.070843,101.405734],[20.195317,52.070771,101.843462],[20.194986,52.0707,101.481354],[20.194647,52.070627,101.492086],[20.194302,52.070552,101.944502],[20.193963,52.070474,101.661826],[20.193615,52.070396,102.44455],[20.193275,52.07032,102.246751],[20.192922,52.070241,102.960585],[20.19258,52.070168,103.026271],[20.192228,52.07009,103.622309],[20.191882,52.070008,103.763941],[20.191528,52.069931,104.194901],[20.191179,52.06985,104.728849],[20.190849,52.069771,104.045594],[20.190508,52.069689,104.246101],[20.190169,52.069609,104.518043],[20.189825,52.069527,105.27285],[20.189493,52.069448,104.788052],[20.189161,52.069367,105.005758],[20.188827,52.069285,105.221027],[20.188497,52.069207,105.032603],[20.188186,52.06913,104.031272],[20.187861,52.069052,103.992389],[20.187539,52.068974,103.664134],[20.187204,52.068895,104.577317],[20.186886,52.068812,103.97399],[20.186564,52.068726,103.651868],[20.186236,52.068646,103.939929],[20.185911,52.06856,103.777728],[20.185587,52.068476,103.610788],[20.185261,52.068395,103.520924],[20.184936,52.068311,103.584066],[20.184606,52.068231,103.971583],[20.184279,52.068147,103.517282],[20.183945,52.068064,103.76001],[20.183614,52.06798,103.882478],[20.183285,52.067897,103.67023],[20.182954,52.067813,103.932739],[20.182627,52.067728,103.92098],[20.182307,52.067643,102.937854],[20.181977,52.067556,103.067012],[20.181647,52.067472,102.930945],[20.181335,52.067385,101.821844],[20.181006,52.067298,101.823733],[20.180671,52.067213,102.212732],[20.180345,52.067131,101.649555],[20.18001,52.067045,101.98584],[20.179672,52.066959,102.516977],[20.17935,52.066873,101.872525],[20.179033,52.066788,100.988916],[20.178702,52.066705,101.439135],[20.17839,52.066623,100.141934],[20.178068,52.066538,99.964368],[20.177733,52.066454,100.35384],[20.177409,52.066371,99.789584],[20.177084,52.066289,99.519311],[20.176765,52.066203,99.080089],[20.176428,52.066121,99.565058],[20.176098,52.066036,98.828765],[20.175753,52.065955,98.101426],[20.175419,52.065869,97.81246],[20.175099,52.065788,96.254247],[20.174755,52.065703,97.520338],[20.174424,52.065611,97.479143],[20.174093,52.065524,97.771317],[20.173744,52.065442,98.747092],[20.173407,52.065356,98.36813],[20.173062,52.065267,98.738757],[20.172718,52.065183,98.522905],[20.172388,52.065097,98.170115],[20.172056,52.065012,98.060824],[20.171718,52.064922,98.837265],[20.171383,52.064838,98.952991],[20.171057,52.064756,98.625082],[20.170719,52.064679,98.352702],[20.170389,52.064593,98.742823],[20.170065,52.064507,98.926306],[20.169747,52.064428,98.603802],[20.169423,52.064337,99.527108],[20.169102,52.064246,99.44744],[20.168797,52.064157,99.75291],[20.168489,52.064073,99.576459],[20.168172,52.063995,99.7987],[20.167865,52.063913,99.508796],[20.16755,52.063831,99.452502],[20.167239,52.063751,99.139237],[20.166906,52.06367,99.777622],[20.166575,52.063587,99.919224],[20.166247,52.063502,100.080983],[20.165919,52.063416,100.123039],[20.165597,52.063328,100.432284],[20.165277,52.063244,100.496521],[20.164956,52.06316,100.4499],[20.164627,52.063076,101.439506],[20.164309,52.062993,100.601978],[20.163988,52.062911,101.022973],[20.163665,52.062827,100.88828],[20.163343,52.062744,100.916705],[20.163025,52.062662,100.583544],[20.162695,52.062579,100.943537],[20.16237,52.062497,100.913898],[20.162051,52.062417,101.120117],[20.161737,52.06234,101.467992],[20.161427,52.062262,101.562219],[20.161116,52.062183,101.70263],[20.160809,52.062105,101.545518],[20.1605,52.062026,101.311001],[20.160189,52.061948,101.364858],[20.15987,52.061871,101.496164],[20.15955,52.061793,101.689685],[20.159205,52.061746,102.30731],[20.158893,52.06165,103.03359],[20.158579,52.061571,102.656632],[20.15825,52.06149,103.020858],[20.157912,52.061406,103.493916],[20.157592,52.061332,103.160994],[20.157259,52.06125,104.142307],[20.156929,52.06117,103.50603],[20.156598,52.061087,103.602024],[20.156272,52.061005,103.297264],[20.155949,52.060923,103.183383],[20.155608,52.060841,104.197593],[20.155281,52.060764,103.310212],[20.154944,52.060683,103.390871],[20.154595,52.060607,103.558573],[20.154255,52.060527,103.669878],[20.153904,52.060444,104.215376],[20.153562,52.060361,103.921375],[20.153212,52.060279,103.71106],[20.152868,52.060198,103.639848],[20.152519,52.060116,104.118181],[20.152184,52.060034,103.833516],[20.151846,52.059951,103.465304],[20.151503,52.059866,103.134936],[20.151167,52.059787,102.657987],[20.150836,52.05971,102.213375],[20.150499,52.059635,101.084449],[20.150177,52.059565,100.461052],[20.14984,52.059494,99.8338],[20.149501,52.059417,99.095612],[20.149168,52.059335,98.809468],[20.148826,52.059257,99.183245],[20.148488,52.059177,98.759469],[20.148145,52.059095,98.222294],[20.147789,52.059014,98.736719],[20.147437,52.05893,98.733034],[20.147084,52.058844,98.531756],[20.146719,52.058763,99.191838],[20.146352,52.058681,99.263897],[20.145987,52.058593,99.831666],[20.14562,52.058506,100.172436],[20.145253,52.058418,99.960384],[20.144879,52.05833,100.232529],[20.144485,52.058241,101.628411],[20.144114,52.058155,101.431484],[20.143742,52.05807,101.030151],[20.143359,52.057982,100.949739],[20.142978,52.057898,100.620412],[20.142592,52.057812,100.629661],[20.1422,52.057726,100.7913],[20.141802,52.057641,101.135544],[20.141391,52.057557,102.528322],[20.140981,52.057472,103.614135],[20.140579,52.057385,104.312703],[20.14018,52.057301,104.57231],[20.139799,52.057223,103.812403],[20.139403,52.057141,104.086199],[20.139003,52.05706,104.823911],[20.138607,52.056979,105.328099],[20.138211,52.056898,105.482509],[20.137814,52.056818,105.494336],[20.137418,52.056739,105.699489],[20.137018,52.056658,106.175917],[20.136619,52.05658,106.485807],[20.136222,52.0565,106.846365],[20.135827,52.056416,106.739975],[20.135438,52.056334,106.233631],[20.135047,52.056254,106.453622],[20.134658,52.056176,106.48999],[20.134266,52.0561,106.639973],[20.133872,52.056025,106.427817],[20.133476,52.055948,106.5772],[20.133071,52.055872,106.453277],[20.13266,52.055792,107.702937],[20.132272,52.055715,106.617579],[20.131873,52.055639,106.226579],[20.131455,52.055564,106.588142],[20.131023,52.055485,107.493059],[20.130598,52.055405,107.863068],[20.130189,52.055328,107.336546],[20.129774,52.05525,107.424903],[20.129376,52.055172,106.440176],[20.128966,52.055094,106.124185],[20.12856,52.055018,105.664551],[20.128148,52.054943,105.55375],[20.127733,52.054867,105.253487],[20.127316,52.05479,105.928174],[20.126898,52.054717,105.43692],[20.126479,52.054643,105.138641],[20.126059,52.054567,105.128568],[20.125633,52.054491,104.967601],[20.125207,52.054417,105.191751],[20.124783,52.054342,104.820191],[20.124364,52.054268,103.958771],[20.123937,52.054196,103.680976],[20.123498,52.054119,103.798667],[20.123072,52.054046,103.56314],[20.122639,52.053973,103.604509],[20.122203,52.0539,103.700925],[20.121766,52.053824,103.494536],[20.121317,52.05375,104.120871],[20.120882,52.053675,104.627554],[20.12044,52.053605,104.473187],[20.120003,52.053533,104.197163],[20.119565,52.053463,104.238962],[20.119118,52.053392,104.14153],[20.118673,52.053317,105.398743],[20.118246,52.053248,105.546038],[20.117829,52.053178,105.462234],[20.117403,52.053107,105.769596],[20.116988,52.053038,105.546156],[20.116573,52.052973,104.658828],[20.116151,52.052903,105.342878],[20.11573,52.052837,105.00153],[20.115303,52.052771,105.134349],[20.114874,52.052703,104.585067],[20.114445,52.052635,104.547556],[20.114012,52.052569,104.957755],[20.113587,52.052504,104.158337],[20.11316,52.052438,104.563545],[20.112739,52.052375,104.024745],[20.112311,52.052313,104.343452],[20.111894,52.052251,103.556187],[20.111466,52.05219,103.809817],[20.111046,52.05213,103.286037],[20.110621,52.052066,103.178344],[20.110191,52.052005,103.634257],[20.10976,52.051943,102.84702],[20.109322,52.051878,102.787713],[20.108883,52.051816,102.989778],[20.108438,52.051753,102.633142],[20.10799,52.051691,102.694215],[20.107542,52.05163,103.02655],[20.107104,52.051568,103.102195],[20.106659,52.051503,102.348761],[20.106208,52.05144,102.595804],[20.105764,52.051383,103.481118],[20.105313,52.051321,103.912409],[20.104874,52.051262,104.251303],[20.104427,52.051206,104.464663],[20.103961,52.051144,105.793253],[20.103495,52.051087,107.185794],[20.103036,52.051029,107.088148],[20.10258,52.050969,107.3392],[20.102122,52.05091,107.413642],[20.101657,52.050851,107.233923],[20.101193,52.050797,106.820062],[20.10073,52.050753,107.354593],[20.100281,52.050702,106.661245],[20.099831,52.050648,106.681556],[20.099401,52.050597,104.824651],[20.098961,52.050546,105.098776],[20.098533,52.050492,104.094452],[20.098097,52.05044,104.186767],[20.097667,52.050386,104.700212],[20.097233,52.050332,104.770537],[20.096805,52.050282,104.594139],[20.096378,52.050227,104.379011],[20.095948,52.050179,103.99942],[20.095509,52.050124,103.857014],[20.095077,52.050068,104.491925],[20.094645,52.05002,104.279942],[20.094227,52.049969,104.156782],[20.093802,52.049914,103.778402],[20.093385,52.049867,103.075732],[20.092968,52.049817,103.310545],[20.092555,52.049769,102.899747],[20.092155,52.049725,103.372005],[20.091764,52.049674,103.361383],[20.091384,52.049625,101.859735],[20.090998,52.049579,102.124719],[20.090614,52.049532,102.598293],[20.090237,52.049491,102.129785],[20.089856,52.049446,103.606863],[20.089474,52.049401,104.102625],[20.089095,52.04936,104.076565],[20.088725,52.049317,104.130093],[20.088343,52.049277,105.019351],[20.087972,52.049236,104.228636],[20.087599,52.049195,105.472488],[20.087241,52.049155,105.338935],[20.086877,52.049115,105.730005],[20.086527,52.049072,105.054688],[20.086168,52.049029,105.378598],[20.08581,52.048989,105.901525],[20.08546,52.048949,105.828476],[20.085113,52.04891,105.882838],[20.084775,52.048869,105.462953],[20.084434,52.048833,105.624066],[20.084101,52.048795,105.349087],[20.083763,52.048759,105.070709],[20.083425,52.048721,105.255362],[20.083086,52.04868,105.433535],[20.082749,52.048642,105.281162],[20.08241,52.048604,105.859543],[20.082076,52.048569,106.020426],[20.08174,52.048532,105.694047],[20.0814,52.048494,104.961216],[20.08106,52.048456,105.019581],[20.080713,52.048416,104.998086],[20.080358,52.048378,105.663491],[20.080007,52.04834,105.501482],[20.079662,52.048297,105.038799],[20.079307,52.048258,104.873748],[20.078952,52.048217,104.965557],[20.078595,52.048179,104.593926],[20.078239,52.048137,103.951694],[20.077877,52.048097,104.05827],[20.07751,52.048058,104.065484],[20.077142,52.048016,104.067656],[20.076773,52.047976,103.974662],[20.076408,52.047934,103.845717],[20.076036,52.047892,104.236164],[20.07566,52.047849,104.213245],[20.075286,52.047808,103.956052],[20.074919,52.047768,103.42576],[20.074562,52.047731,103.375918],[20.074207,52.047692,103.027995],[20.073853,52.047654,102.622768],[20.073512,52.047615,102.431624],[20.073169,52.047576,102.121348],[20.072824,52.047537,102.051362],[20.072489,52.047499,101.616158],[20.072148,52.047461,101.696863],[20.071805,52.047423,101.419293],[20.071472,52.047386,101.402967],[20.07113,52.04735,101.194751],[20.070781,52.047309,101.21691],[20.070442,52.047268,100.985646],[20.070104,52.047227,100.842076],[20.069757,52.047187,101.140653],[20.069419,52.047149,100.554321],[20.069076,52.047106,100.641229],[20.068739,52.047069,100.643713],[20.068408,52.04703,100.683613],[20.068078,52.046992,100.74879],[20.067747,52.046954,100.446477],[20.067419,52.046913,100.435524],[20.067083,52.046873,100.845788],[20.066747,52.046831,100.734306],[20.066414,52.046788,99.703066],[20.066067,52.046746,99.863718],[20.065717,52.046703,98.979716],[20.065363,52.04666,98.329992],[20.065003,52.046615,98.846661],[20.064644,52.04657,98.921766],[20.064283,52.046527,99.971741],[20.063941,52.046479,98.918447],[20.063597,52.046435,99.08411],[20.063239,52.04639,99.332494],[20.062897,52.046342,99.33643],[20.062545,52.046291,100.323167],[20.062196,52.046245,100.570515],[20.061848,52.046198,100.623559],[20.061497,52.046149,100.710039],[20.061142,52.046102,101.319283],[20.060778,52.046048,101.767365],[20.060419,52.045993,100.986765],[20.06007,52.045944,101.610802],[20.059733,52.04589,101.533257],[20.05939,52.045836,101.483986],[20.059038,52.04578,101.615272],[20.058683,52.045727,102.229271],[20.058334,52.045671,101.428114],[20.057993,52.045613,100.428588],[20.057662,52.045562,100.915449],[20.057317,52.045504,100.354197],[20.056963,52.045447,100.673917],[20.056611,52.045389,100.683492],[20.056253,52.045329,100.315577],[20.055903,52.045267,100.307724],[20.055562,52.045208,101.022908],[20.055214,52.045148,101.155894],[20.054877,52.04509,100.323399],[20.054543,52.04503,100.426458],[20.054204,52.044968,100.42508],[20.053867,52.044908,100.014641],[20.053543,52.044849,100.050646],[20.053204,52.044787,100.075096],[20.052864,52.044727,100.411601],[20.052523,52.044664,101.351024],[20.052169,52.044596,101.694198],[20.051838,52.04453,101.194602],[20.051501,52.044464,100.831969],[20.05116,52.044393,101.318454],[20.050826,52.044327,101.588829],[20.050503,52.044264,101.478486],[20.050171,52.044194,101.794896],[20.049835,52.044125,102.714343],[20.049509,52.044056,102.976524],[20.049183,52.043985,102.225131],[20.048839,52.043913,102.663649],[20.048503,52.043844,102.642844],[20.048171,52.043775,103.027256],[20.047841,52.043705,103.181963],[20.047502,52.043633,103.412402],[20.047177,52.043559,103.46017],[20.046842,52.043486,103.511445],[20.046507,52.043411,104.250685],[20.046191,52.043336,103.992246],[20.045865,52.043261,104.038115],[20.045547,52.043186,103.875668],[20.045222,52.043108,104.132698],[20.0449,52.043032,104.245498],[20.044585,52.042957,104.182317],[20.044271,52.042884,104.522034],[20.04396,52.04281,104.452092],[20.043641,52.042729,104.734277],[20.043323,52.042652,104.770729],[20.042999,52.042571,105.04168],[20.042676,52.042491,105.031312],[20.042349,52.042411,105.52215],[20.042031,52.042332,105.291767],[20.041702,52.042253,105.804959],[20.041374,52.042169,106.182593],[20.041052,52.042086,106.648327],[20.040728,52.042005,107.317825],[20.040411,52.041921,107.107062],[20.040093,52.041834,106.907293],[20.039777,52.04175,106.595527],[20.039448,52.041664,107.516404],[20.039135,52.041578,107.177857],[20.038803,52.041486,107.706703],[20.038478,52.041398,107.655182],[20.038158,52.04131,107.801962],[20.037842,52.041223,106.853019],[20.037518,52.041135,107.121432],[20.037194,52.041047,107.64994],[20.03688,52.040959,107.647157],[20.036567,52.040867,107.90861],[20.036255,52.040776,108.155699],[20.035944,52.040684,108.386184],[20.035641,52.040596,108.143206],[20.035336,52.040505,107.771304],[20.035031,52.040413,107.613708],[20.034722,52.04032,107.527666],[20.034411,52.040227,107.084911],[20.034114,52.04013,106.002124],[20.03379,52.040032,106.773639],[20.033477,52.039932,106.942753],[20.033153,52.039836,107.179975],[20.032825,52.039739,107.891391],[20.032503,52.03964,108.541904],[20.032197,52.039541,108.200161],[20.031882,52.039443,108.371434],[20.031566,52.039344,108.57304],[20.03125,52.039244,108.56948],[20.030933,52.039145,108.662011],[20.030624,52.039044,109.014465],[20.030295,52.038943,110.277005],[20.029985,52.03884,110.093062],[20.029677,52.038736,109.944852],[20.02936,52.038637,110.717249],[20.029042,52.038536,111.083548],[20.02873,52.038436,111.515243],[20.028423,52.038334,111.589359],[20.028107,52.038229,111.960848],[20.027791,52.038125,112.092188],[20.027475,52.038022,112.138233],[20.027151,52.037919,112.534196],[20.026837,52.037813,112.475769],[20.026525,52.037707,112.169937],[20.026218,52.037606,112.359463],[20.025913,52.037503,113.218833],[20.025616,52.037402,112.787847],[20.025313,52.037299,112.311144],[20.025011,52.037197,112.072743],[20.024707,52.037093,112.039626],[20.024397,52.036988,112.30836],[20.024088,52.036885,112.532399],[20.02378,52.036778,112.372542],[20.023474,52.036678,112.689284],[20.023166,52.036576,112.78535],[20.022861,52.036473,112.757955],[20.02254,52.03637,113.673189],[20.02223,52.036267,113.459947],[20.021922,52.036165,113.132172],[20.021616,52.03606,112.866832],[20.021299,52.035957,113.518089],[20.021,52.035852,113.029701],[20.020698,52.035753,112.916175],[20.020393,52.035653,114.050476],[20.020104,52.035554,112.990116],[20.019804,52.03545,112.956409],[20.019495,52.035346,113.168802],[20.019186,52.035244,113.691393],[20.018883,52.035143,113.736163],[20.01858,52.035042,113.938249],[20.018285,52.03494,113.651482],[20.017984,52.034839,113.524854],[20.017674,52.034733,113.750068],[20.017378,52.034628,112.773017],[20.017081,52.034526,112.386954],[20.016784,52.034416,112.52589],[20.016483,52.034306,112.667783],[20.016187,52.034202,112.076572],[20.015887,52.034097,112.125535],[20.015588,52.033986,112.15428],[20.015295,52.03388,111.655092],[20.015,52.033771,110.986643],[20.014707,52.033656,110.77994],[20.014418,52.033544,110.781785],[20.01413,52.033434,111.230682],[20.013841,52.033321,111.827891],[20.013562,52.033208,110.981155],[20.013277,52.033093,110.84258],[20.012987,52.032972,111.230602],[20.012692,52.03285,111.047571],[20.012408,52.032728,111.23579],[20.01212,52.032607,110.425746],[20.011847,52.032475,111.169881],[20.011572,52.03235,110.572436],[20.011302,52.032221,110.575766],[20.011018,52.032096,110.924159],[20.010743,52.031971,111.324921],[20.010471,52.031846,110.585367],[20.010206,52.031723,110.533321],[20.009932,52.031592,110.733018],[20.009661,52.031464,111.379564],[20.009392,52.031338,110.674603],[20.009121,52.031206,110.780584],[20.008855,52.031075,110.660557],[20.00858,52.030944,110.022672],[20.008317,52.030803,110.429],[20.008048,52.030665,110.561116],[20.007766,52.030526,110.328475],[20.007497,52.030381,111.114822],[20.007226,52.030248,109.632392],[20.006938,52.030096,110.410592],[20.006656,52.029953,109.545321],[20.006383,52.029806,109.339461],[20.006107,52.029659,108.286463],[20.005832,52.029507,107.144193],[20.005556,52.02934,107.401081],[20.005271,52.029172,107.518148],[20.004969,52.029002,107.616057],[20.004663,52.028835,107.864867],[20.004352,52.028669,107.876017],[20.004033,52.028505,107.635982],[20.003713,52.028335,107.669917],[20.003406,52.028166,108.731027],[20.003094,52.027998,108.595334],[20.002778,52.027828,108.718323],[20.002454,52.027661,109.455845],[20.002132,52.027492,109.534009],[20.001806,52.027324,109.47618],[20.001484,52.027154,110.25238],[20.001161,52.026984,110.016502],[20.000837,52.026818,109.496232],[20.000512,52.026648,109.236983],[20.000185,52.02648,109.304911],[19.999856,52.026311,109.1143],[19.999527,52.026146,108.86268],[19.999208,52.02598,109.202295],[19.998875,52.025817,109.437191],[19.99854,52.025655,109.916804],[19.998207,52.025492,110.817916],[19.997881,52.025335,111.000517],[19.997544,52.025179,110.773396],[19.9972,52.025024,111.244523],[19.996857,52.024869,111.70297],[19.996514,52.024713,113.02439],[19.996178,52.024565,113.350701],[19.995832,52.024418,113.131976],[19.995477,52.024268,114.315694],[19.995132,52.024123,112.569324],[19.99479,52.023981,113.078662],[19.99444,52.023838,113.26803],[19.994098,52.023701,113.382446],[19.993768,52.023565,112.140103],[19.993433,52.023424,111.423506],[19.99309,52.023291,112.567803],[19.992751,52.023151,113.127319],[19.992403,52.023013,113.441943],[19.992054,52.022883,113.998756],[19.9917,52.022752,113.969962],[19.991342,52.022624,113.24319],[19.990986,52.022493,113.692281],[19.990637,52.022368,114.30462],[19.990294,52.022242,114.403261],[19.989949,52.022119,113.661159],[19.989606,52.022002,113.500557],[19.989265,52.021887,113.096822],[19.98893,52.021772,113.318861],[19.988593,52.021658,112.99906],[19.988252,52.021541,113.162438],[19.987911,52.021429,113.197284],[19.987568,52.021315,113.056229],[19.987226,52.021205,113.16735],[19.986867,52.021094,113.537211],[19.986515,52.020984,113.695238],[19.986163,52.020876,113.609648],[19.985808,52.020767,113.742776],[19.985451,52.020655,113.586467],[19.985095,52.020545,113.491135],[19.984737,52.020436,112.868769],[19.984386,52.020333,112.526084],[19.984044,52.020229,112.348866],[19.983704,52.020127,112.768823],[19.983367,52.020028,112.32885],[19.983037,52.019932,112.154155],[19.982719,52.019836,111.82902],[19.982397,52.019743,111.862709],[19.982077,52.019653,111.579121],[19.981758,52.019559,111.701441],[19.981435,52.019464,111.526649],[19.981112,52.019368,111.658587],[19.980787,52.019278,111.488368],[19.980456,52.01918,111.545678],[19.980123,52.019085,111.707281],[19.979794,52.018988,111.713529],[19.979463,52.018892,111.49664],[19.979124,52.018795,111.461487],[19.978777,52.018698,111.266796],[19.978429,52.018596,111.216556],[19.978081,52.018493,110.950071],[19.977721,52.018391,110.941942],[19.977357,52.018285,111.123809],[19.976992,52.018177,111.068072],[19.976632,52.018071,110.87299],[19.976275,52.017966,110.485238],[19.97592,52.01786,110.382424],[19.97557,52.017755,110.251994],[19.975223,52.017651,109.908507],[19.974875,52.017541,109.916321],[19.974525,52.017432,109.939711],[19.974179,52.017321,109.852407],[19.973833,52.017208,109.698913],[19.97348,52.017097,109.928137],[19.973141,52.016984,109.563318],[19.972777,52.016868,109.973591],[19.972421,52.016751,110.800243],[19.972062,52.016632,111.686637],[19.971711,52.01651,112.128412],[19.971349,52.016387,112.676021],[19.970991,52.016261,112.776006],[19.970647,52.016133,112.434203],[19.970284,52.016002,112.883425],[19.969924,52.015866,113.670568],[19.96957,52.015727,113.449386],[19.969206,52.015587,114.050694],[19.968846,52.015447,114.1366],[19.968492,52.015306,113.464577],[19.968137,52.015162,113.51161],[19.967778,52.015013,113.899001],[19.967426,52.01486,113.204559],[19.967072,52.014704,113.218045],[19.966711,52.014553,113.745596],[19.96636,52.014401,112.465534],[19.966006,52.014241,113.252273],[19.965653,52.014084,112.535714],[19.965308,52.013919,112.445029],[19.964959,52.013751,113.490716],[19.964618,52.013588,112.782668],[19.964273,52.013422,112.767562],[19.963926,52.013253,113.425247],[19.963588,52.013087,112.97943],[19.963257,52.012913,113.703998],[19.962923,52.01274,114.177164],[19.962592,52.012569,114.397525],[19.962262,52.012393,115.050684],[19.961934,52.012218,115.115767],[19.961599,52.012041,116.563721],[19.961275,52.011859,116.983577],[19.96096,52.011685,116.982009],[19.96064,52.011505,116.158181],[19.960309,52.011324,116.544633],[19.959983,52.011139,117.062573],[19.959668,52.010962,117.057105],[19.95935,52.010778,117.639556],[19.959038,52.010591,117.326989],[19.958701,52.010406,116.140719],[19.958375,52.010217,115.851767],[19.958031,52.010026,116.52558],[19.957693,52.009828,116.885501],[19.957367,52.009638,116.994742],[19.957032,52.00945,116.165485],[19.956701,52.00926,116.086003],[19.956362,52.00907,115.824416],[19.956032,52.008881,115.799727],[19.955692,52.008691,115.959917],[19.955348,52.008503,114.193823],[19.955003,52.008315,114.754901],[19.954652,52.008123,115.121403],[19.954299,52.007934,114.714105],[19.953941,52.007744,114.853743],[19.953595,52.007558,115.412555],[19.953235,52.007375,114.647637],[19.952904,52.007193,114.180586],[19.952552,52.007009,114.216333],[19.952206,52.006829,113.635537],[19.951858,52.006646,114.47836],[19.95149,52.006463,114.641641],[19.951127,52.006278,114.48006],[19.950759,52.006097,114.531836],[19.950395,52.00592,113.78936],[19.95005,52.005749,113.370925],[19.949681,52.005575,113.709716],[19.949315,52.005405,114.58491],[19.948959,52.005238,113.758378],[19.948584,52.00507,114.090902],[19.948217,52.004904,114.310321],[19.947863,52.004745,114.452703],[19.9475,52.004588,114.384274],[19.947134,52.004434,114.159537],[19.946759,52.004277,114.578341],[19.946389,52.004121,113.926698],[19.946015,52.003969,114.083802],[19.945643,52.003818,113.715249],[19.945273,52.003668,113.479714],[19.944897,52.003524,114.06659],[19.944541,52.003381,113.635967],[19.944197,52.003247,113.311997],[19.943867,52.00312,113.356376],[19.943542,52.002993,112.780924],[19.943214,52.00287,112.783844],[19.942887,52.002744,113.088151],[19.942564,52.002625,113.346768],[19.942239,52.002508,113.802551],[19.941896,52.00239,114.153796],[19.941551,52.002273,114.982346],[19.941196,52.00215,114.621015],[19.940843,52.002029,115.143414],[19.940496,52.00191,115.303151],[19.94014,52.001789,115.530491],[19.939769,52.001668,116.683899],[19.939398,52.001549,117.291552],[19.939015,52.001427,117.600454],[19.93864,52.001315,117.36782],[19.938262,52.001193,116.752547],[19.937884,52.001082,117.240715],[19.93751,52.00097,118.651131],[19.937127,52.000856,119.241953],[19.936743,52.000741,120.083004],[19.93639,52.000629,119.520588],[19.936009,52.000516,120.239612],[19.935634,52.000404,120.48665],[19.935254,52.000294,120.620694],[19.93487,52.000182,120.616343],[19.93448,52.000067,120.888617],[19.934099,51.999961,120.882677],[19.933702,51.99985,122.421262],[19.933311,51.999739,122.892462],[19.932921,51.99963,123.431239],[19.93254,51.999522,123.188383],[19.932163,51.999417,123.144411],[19.931774,51.99931,124.028196],[19.931393,51.999204,124.066124],[19.93102,51.999096,124.668902],[19.930651,51.998989,125.275426],[19.9303,51.998889,125.226946],[19.929951,51.998788,125.304786],[19.929612,51.998693,124.614368],[19.92927,51.998598,124.59817],[19.928933,51.998503,124.623621],[19.928596,51.99841,124.779988],[19.928277,51.998318,124.745413],[19.927954,51.998226,124.987757],[19.92763,51.998136,124.99625],[19.927306,51.998049,124.948616],[19.926985,51.997958,124.410907],[19.926653,51.997864,124.774992],[19.92633,51.997774,124.952889],[19.926005,51.997684,124.763397],[19.925681,51.997592,124.908263],[19.925362,51.997502,124.999735],[19.925047,51.997413,125.168668],[19.924733,51.997323,125.056718],[19.924411,51.997229,125.241171],[19.924083,51.997139,125.642364],[19.923768,51.99705,125.233009],[19.923456,51.996961,125.20248],[19.923129,51.996872,126.127006],[19.922812,51.996782,126.164591],[19.922493,51.996692,126.420002],[19.922166,51.996604,127.280932],[19.921852,51.996517,127.543013],[19.921537,51.996429,127.619955],[19.921224,51.996341,127.85674],[19.920917,51.996253,127.710451],[19.920611,51.996171,127.137734],[19.920301,51.996087,126.979606],[19.91998,51.996,127.594237],[19.919662,51.995911,127.745517],[19.919344,51.995822,127.496942],[19.919006,51.995729,128.055568],[19.91868,51.995635,128.2417],[19.918351,51.995541,128.631954],[19.918031,51.995448,128.476579],[19.917704,51.995353,128.718342],[19.91737,51.995261,129.320352],[19.917041,51.995169,129.338412],[19.916722,51.995078,128.504064],[19.916393,51.994988,128.439841],[19.916066,51.994899,128.342021],[19.915737,51.994809,127.931993],[19.915406,51.994718,127.838628],[19.915066,51.994625,127.699869],[19.914721,51.994532,128.064405],[19.914378,51.994437,128.112869],[19.914035,51.994343,127.5817],[19.913688,51.994246,127.417554],[19.913343,51.994148,127.668041],[19.91301,51.994053,127.503671],[19.912686,51.993959,126.846978],[19.91236,51.993866,126.996734],[19.912041,51.993771,126.564608],[19.911722,51.993679,126.736037],[19.911398,51.99359,127.066984],[19.911079,51.993499,127.121552],[19.910762,51.993411,127.036889],[19.910442,51.993321,127.169564],[19.910116,51.993228,127.895818],[19.909789,51.993133,128.982495],[19.909465,51.993039,129.157161],[19.909137,51.992943,129.467079],[19.90881,51.992845,129.66794],[19.908481,51.992745,129.839906],[19.908144,51.992643,130.805428],[19.907826,51.992543,130.570637],[19.907503,51.992443,130.307941],[19.907167,51.992339,130.400984],[19.906834,51.992237,130.659064],[19.906513,51.992135,129.635589],[19.906173,51.992024,130.433113],[19.905833,51.991914,130.763622],[19.905501,51.991807,129.959151],[19.905157,51.991689,130.633786],[19.904812,51.991571,130.552362],[19.904457,51.991449,131.381186],[19.904114,51.991327,131.420041],[19.903777,51.991207,131.354165],[19.903431,51.991083,132.367284],[19.9031,51.990958,132.248998],[19.902764,51.990836,132.158043],[19.902418,51.990707,132.238587],[19.902066,51.990575,132.136185],[19.901722,51.990447,132.898095],[19.901369,51.990315,132.796496],[19.901039,51.990184,132.770959],[19.900687,51.990051,133.807452],[19.900343,51.989916,134.070347],[19.900015,51.989777,133.170842],[19.899685,51.989642,133.92591],[19.899352,51.989507,134.076874],[19.899017,51.989369,134.14533],[19.898682,51.989232,134.091448],[19.898345,51.989087,133.658252],[19.898014,51.988945,133.44372],[19.897692,51.988802,132.343962],[19.897364,51.988657,132.525341],[19.897046,51.988509,132.407441],[19.896735,51.988366,133.060138],[19.896412,51.988215,133.085138],[19.896092,51.988068,132.420365],[19.895783,51.987921,131.333618],[19.89548,51.987772,130.627941],[19.89516,51.987617,131.256061],[19.894842,51.987461,131.16334],[19.894535,51.987307,131.496573],[19.894236,51.987153,131.923572],[19.893943,51.987005,129.795383],[19.893627,51.986842,130.44455],[19.893311,51.986682,131.327627],[19.89298,51.986516,131.588158],[19.892662,51.986347,131.330026],[19.89235,51.986181,131.227676],[19.892045,51.986014,132.389327],[19.891738,51.985844,132.354552],[19.891432,51.985675,133.216337],[19.891119,51.985504,133.866275],[19.890812,51.985333,133.965491],[19.890505,51.985159,133.282079],[19.890207,51.984989,133.658454],[19.88991,51.984813,134.123807],[19.889609,51.984636,133.876398],[19.889304,51.984456,133.496374],[19.889008,51.984278,133.552185],[19.888715,51.984101,133.44803],[19.888434,51.983926,134.037878],[19.888152,51.983752,133.147594],[19.887884,51.983578,133.165514],[19.887616,51.983404,132.817532],[19.887345,51.983234,132.845648],[19.887082,51.983063,133.243136],[19.886813,51.98289,133.474194],[19.886545,51.982713,133.637472],[19.886282,51.982533,133.801865],[19.886017,51.982352,134.658942],[19.885747,51.982168,134.723214],[19.885478,51.981982,134.488411],[19.885214,51.981798,135.175082],[19.884939,51.981612,135.128788],[19.884669,51.98142,135.124942],[19.8844,51.981235,134.674279],[19.884138,51.98105,136.057595],[19.883887,51.980866,136.546989],[19.883625,51.980681,137.278237],[19.883363,51.980496,137.265108],[19.883106,51.98031,137.520151],[19.88284,51.980126,137.820496],[19.882574,51.979944,138.247056],[19.882297,51.979755,138.299261],[19.882029,51.979565,138.34152],[19.881762,51.979374,138.266318],[19.881494,51.979184,139.71794],[19.881226,51.978997,140.275911],[19.88096,51.978811,139.618175],[19.880703,51.97863,139.593125],[19.880446,51.978448,141.409453],[19.880194,51.978266,142.150722],[19.879932,51.97808,141.67702],[19.879677,51.977895,142.216439],[19.879414,51.977714,143.137345],[19.879191,51.977556,143.220534],[19.878999,51.977421,142.167142],[19.878832,51.977305,141.58202],[19.878682,51.977204,140.730492],[19.878548,51.977114,140.419378],[19.878427,51.977031,141.23184],[19.878309,51.976951,138.165021],[19.878198,51.976876,137.120264],[19.878084,51.9768,136.464708],[19.877985,51.976728,136.129512],[19.877883,51.976659,135.797291],[19.877776,51.976588,135.684417],[19.877678,51.976518,135.62298],[19.877587,51.976445,135.703273],[19.877471,51.976365,135.782004],[19.877347,51.976276,136.105142],[19.877218,51.976181,136.411613],[19.877078,51.976074,136.772437],[19.876925,51.975966,137.025898],[19.876766,51.975852,137.435792],[19.876596,51.975735,137.773295],[19.876427,51.975615,137.791633],[19.876244,51.975487,138.281659],[19.876055,51.975358,138.500658],[19.87586,51.975229,138.705527],[19.875663,51.97509,138.873584],[19.875457,51.974949,138.905754],[19.875256,51.974807,138.985184],[19.87505,51.974663,139.194817],[19.874832,51.974515,139.392863],[19.874617,51.974363,139.587994],[19.874393,51.974211,139.26714],[19.874172,51.974059,139.204213],[19.873943,51.9739,139.936169],[19.873705,51.973734,140.425775],[19.873457,51.973563,140.792096],[19.873211,51.973396,140.953359],[19.872966,51.973231,141.435221],[19.872717,51.973069,141.662532],[19.872467,51.972906,141.784367],[19.872235,51.972753,142.004229],[19.871995,51.972602,142.251061],[19.87175,51.972448,142.310284],[19.871518,51.972298,142.632226],[19.87129,51.972147,143.037175],[19.871062,51.972004,143.656773],[19.870836,51.97186,144.10576],[19.870619,51.971721,144.354705],[19.870397,51.971581,144.658344],[19.87017,51.971442,144.788218],[19.869938,51.971302,145.156915],[19.869699,51.971159,145.719393],[19.869466,51.971013,146.490585],[19.869227,51.970873,146.668768],[19.868985,51.970732,147.243707],[19.868735,51.970591,147.318633],[19.868484,51.970446,147.710013],[19.868223,51.970301,148.386833],[19.867976,51.970158,148.723902],[19.86772,51.970014,149.204745],[19.867465,51.969873,149.222966],[19.867206,51.969732,149.871901],[19.866948,51.96959,150.283677],[19.866681,51.969446,151.098486],[19.866413,51.969301,151.160066],[19.866134,51.969153,151.600121],[19.865851,51.969003,151.625157],[19.86556,51.968851,151.594101],[19.865268,51.968697,152.166658],[19.864971,51.968542,152.485879],[19.864668,51.968385,153.136727],[19.86436,51.968227,153.656407],[19.864052,51.968072,153.502231],[19.863748,51.96792,153.633612],[19.863466,51.967771,154.31946],[19.863171,51.967623,154.336817],[19.862877,51.967474,154.467159],[19.862563,51.967321,155.227298],[19.862264,51.967173,155.848476],[19.861969,51.967029,156.08545],[19.861675,51.966883,156.351651],[19.861384,51.966738,156.571151],[19.861092,51.966591,157.19416],[19.860804,51.966442,158.105115],[19.860514,51.966294,158.786663],[19.86022,51.966141,159.011816],[19.859923,51.965993,159.372544],[19.859613,51.965839,160.435802],[19.859311,51.965686,160.77476],[19.858998,51.965531,160.853099],[19.858686,51.965374,160.682345],[19.85836,51.965218,160.823575],[19.858033,51.96506,161.219851],[19.857716,51.964906,160.909348],[19.857408,51.964748,161.19734],[19.857096,51.964588,161.458344],[19.856799,51.964427,161.504554],[19.856507,51.964264,161.709323],[19.856216,51.964103,161.924017],[19.855924,51.963942,161.577441],[19.855628,51.963781,161.147719],[19.855345,51.963615,161.35438],[19.855071,51.963452,161.765671],[19.854796,51.963287,162.065762],[19.854516,51.96312,161.869324],[19.854232,51.962954,162.223148],[19.85396,51.962786,162.155824],[19.853707,51.962623,162.4712],[19.853435,51.962459,162.451278],[19.853189,51.962301,162.575292],[19.852934,51.962137,162.465386],[19.852685,51.961972,162.401548],[19.852437,51.961808,162.408724],[19.852177,51.961642,162.358554],[19.851924,51.961476,162.344313],[19.851681,51.961307,162.387702],[19.851432,51.96114,162.376594],[19.851178,51.960966,162.068729],[19.850931,51.960792,162.227747],[19.850688,51.960615,162.054121],[19.850445,51.96044,162.079684],[19.850199,51.960262,162.233685],[19.849946,51.960082,162.3039],[19.849696,51.959899,162.17752],[19.849455,51.959713,162.149706],[19.849212,51.959525,161.948461],[19.848974,51.959334,161.807311],[19.848746,51.959151,162.066064],[19.848519,51.958967,161.984532],[19.848293,51.95878,161.604464],[19.848069,51.958591,162.016972],[19.847836,51.958396,161.964285],[19.847589,51.958192,162.192198],[19.847362,51.957996,161.587421],[19.847135,51.957804,160.164162],[19.846924,51.957612,159.509199],[19.846706,51.957418,158.996579],[19.8465,51.957227,158.101967],[19.846297,51.957035,157.936106],[19.846087,51.956841,158.234454],[19.845874,51.956655,157.773476],[19.84567,51.956465,158.072841],[19.84547,51.956274,158.039096],[19.845276,51.956083,158.157542],[19.84508,51.955898,157.833676],[19.844894,51.955713,157.600261],[19.844705,51.955533,157.271172],[19.844518,51.955349,157.599392],[19.844328,51.955166,157.640786],[19.84414,51.954981,157.578179],[19.843946,51.954798,157.580568],[19.843757,51.954614,157.021603],[19.843566,51.954426,157.193034],[19.843374,51.954243,157.394754],[19.843177,51.954057,157.459744],[19.842982,51.953878,157.481732],[19.842792,51.953698,157.50908],[19.8426,51.95352,157.719452],[19.842406,51.953344,157.539726],[19.842208,51.953165,157.986894],[19.842016,51.952989,157.940566],[19.841822,51.95281,158.020583],[19.841631,51.952637,158.10273],[19.841431,51.952463,158.348374],[19.841236,51.952291,158.14867],[19.84104,51.952118,158.309815],[19.840846,51.951947,158.582329],[19.840652,51.951777,158.947226],[19.840448,51.951609,158.929833],[19.84025,51.951443,159.038311],[19.840051,51.951282,160.031146],[19.839859,51.95112,159.737514],[19.83966,51.950964,159.909759],[19.839454,51.950805,159.540016],[19.839249,51.950646,159.737467],[19.839043,51.950489,159.495226],[19.838847,51.950331,159.419634],[19.838624,51.950174,159.078243],[19.838405,51.950018,159.092415],[19.838186,51.949864,158.324118],[19.83797,51.949709,158.36469],[19.837753,51.949553,158.66499],[19.837532,51.949398,158.803687],[19.83731,51.949241,159.070043],[19.837072,51.949081,159.210325],[19.836847,51.948926,159.7341],[19.836618,51.948774,159.547436],[19.836383,51.948623,159.478351],[19.83616,51.948478,159.414916],[19.835928,51.948324,160.360159],[19.835695,51.948176,159.851824],[19.835463,51.948022,160.104802],[19.835228,51.947868,159.823686],[19.834992,51.947718,160.32946],[19.834747,51.947571,159.910727],[19.834517,51.947422,160.426433],[19.834274,51.947279,159.942737],[19.834032,51.947136,159.991457],[19.833784,51.946991,159.766055],[19.833544,51.946847,159.759259],[19.833301,51.946705,160.174125],[19.833059,51.946564,160.171995],[19.832817,51.946426,159.645503],[19.832568,51.94629,159.045625],[19.832313,51.946158,158.289214],[19.83207,51.946021,158.326155],[19.831822,51.945882,158.444599],[19.831575,51.945747,158.403516],[19.831323,51.945611,158.316795],[19.831086,51.945477,158.518893],[19.830833,51.945349,157.63922],[19.83058,51.945218,158.031017],[19.830325,51.94509,157.669981],[19.830055,51.944958,157.895796],[19.829781,51.94483,157.669548],[19.829519,51.9447,157.991895],[19.829253,51.944569,158.043232],[19.828994,51.94444,158.419559],[19.828726,51.94432,158.143465],[19.828462,51.9442,157.722909],[19.828204,51.944084,157.657953],[19.827943,51.943966,157.869147],[19.827689,51.943851,157.919805],[19.82743,51.943733,157.163168],[19.827173,51.943613,158.239717],[19.826916,51.943502,157.338817],[19.826669,51.943386,157.669051],[19.826412,51.943271,157.781589],[19.826153,51.943152,157.524305],[19.825896,51.943033,157.534894],[19.82564,51.94292,157.409071],[19.825385,51.942816,157.269105],[19.825125,51.942704,157.245254],[19.824858,51.942587,157.248089],[19.824594,51.942473,157.179396],[19.82433,51.942367,157.316641],[19.824071,51.942257,157.12068],[19.823818,51.942147,156.920386],[19.823563,51.942035,156.354511],[19.823305,51.94192,156.282389],[19.823043,51.941804,155.94394],[19.822778,51.941689,156.028798],[19.822519,51.94157,155.697704],[19.822262,51.941456,155.633412],[19.822004,51.941343,155.652466],[19.821748,51.941228,155.527479],[19.821485,51.941112,155.043154],[19.821207,51.940993,155.350876],[19.82094,51.940874,155.341374],[19.820658,51.940755,154.92021],[19.820378,51.940636,155.121108],[19.82011,51.940522,155.312319],[19.819831,51.940401,155.052701],[19.819552,51.940279,154.885913],[19.819287,51.940159,154.660511],[19.819019,51.940044,154.484547],[19.818746,51.939927,153.701492],[19.818478,51.939808,154.127095],[19.818207,51.939689,153.529606],[19.817941,51.939576,153.555042],[19.817675,51.939459,153.586713],[19.817394,51.939337,152.713605],[19.81712,51.939222,152.986772],[19.816845,51.939108,153.017938],[19.816585,51.938993,152.643594],[19.816303,51.938866,151.763287],[19.816024,51.938749,151.449812],[19.815746,51.938634,151.049564],[19.815477,51.938521,150.454517],[19.815207,51.938399,150.179902],[19.814928,51.938282,150.49942],[19.814665,51.938169,151.058331],[19.814401,51.938053,150.87224],[19.814121,51.937934,150.56562],[19.813851,51.937813,150.635192],[19.813573,51.937696,150.714172],[19.813315,51.937579,150.538436],[19.813037,51.937463,150.442076],[19.812782,51.937352,151.090844],[19.812513,51.937235,151.502461],[19.812244,51.937119,151.719208],[19.811964,51.936999,151.758682],[19.8117,51.936883,151.431311],[19.81142,51.936763,151.665526],[19.811144,51.936647,152.045178],[19.810875,51.936534,152.29361],[19.810601,51.936415,152.423688],[19.810333,51.936296,152.686698],[19.810072,51.936185,153.105392],[19.809796,51.93607,152.504109],[19.809522,51.935954,153.257257],[19.809254,51.935833,153.607622],[19.808976,51.935716,153.436063],[19.808708,51.935596,153.743502],[19.808439,51.935479,154.38322],[19.80817,51.935363,154.581981],[19.807906,51.935246,154.487079],[19.807626,51.935126,154.219303],[19.807357,51.935008,153.630969],[19.807085,51.934892,154.430123],[19.80681,51.934773,154.062959],[19.806532,51.934655,154.390844],[19.806261,51.934539,154.470989],[19.805991,51.93442,154.533046],[19.80571,51.934302,154.400893],[19.80543,51.93418,154.677017],[19.805161,51.934065,154.686005],[19.804882,51.933946,155.016599],[19.804607,51.933827,155.341431],[19.804326,51.933707,155.320086],[19.804047,51.933588,155.677983],[19.803768,51.933475,155.108348],[19.803495,51.933357,155.391417],[19.803232,51.93324,156.367337],[19.802957,51.933125,155.913971],[19.802681,51.933006,155.952122],[19.802404,51.932887,155.983163],[19.802128,51.932767,155.962078],[19.801851,51.932652,155.916936],[19.801588,51.932538,155.864406],[19.801313,51.932419,156.264762],[19.801037,51.932308,155.746067],[19.800752,51.932189,155.591033],[19.800473,51.93207,156.310367],[19.800196,51.931956,156.07809],[19.799911,51.931836,156.312659],[19.799632,51.931716,156.157051],[19.799362,51.931601,156.087421],[19.799084,51.931483,155.87384],[19.798799,51.931365,156.228176],[19.798514,51.931254,156.273656],[19.798227,51.93114,156.03383],[19.797938,51.93102,155.862439],[19.797655,51.930905,156.334131],[19.797374,51.930789,156.392312],[19.797099,51.930674,155.793148],[19.796824,51.930562,156.403477],[19.796545,51.930456,155.938665],[19.796261,51.930346,155.457519],[19.795976,51.930234,156.14087],[19.795696,51.930129,154.930982],[19.795416,51.930018,155.933397],[19.795134,51.929907,155.50056],[19.794856,51.9298,155.096856],[19.794578,51.929691,155.728785],[19.794296,51.929585,156.226851],[19.794014,51.929483,155.23413],[19.793736,51.929382,155.300609],[19.793456,51.929278,155.118848],[19.793178,51.929179,155.128616],[19.792903,51.929078,155.533129],[19.792612,51.928976,155.420719],[19.792343,51.92887,155.837803],[19.792058,51.928767,155.733622],[19.791764,51.928666,155.087922],[19.791463,51.928564,155.589382],[19.791166,51.928465,154.70846],[19.790875,51.928367,154.753314],[19.79058,51.928267,154.587022],[19.790284,51.928165,154.570574],[19.789997,51.928071,154.734281],[19.789706,51.927973,153.770274],[19.789406,51.927876,153.993512],[19.789106,51.927776,154.940166],[19.788796,51.927674,154.356442],[19.788486,51.927577,154.289987],[19.788185,51.927481,154.655113],[19.787868,51.927381,154.205042],[19.787565,51.927283,153.904308],[19.787266,51.92719,153.082887],[19.786974,51.927098,152.660462],[19.78667,51.927,152.856659],[19.78638,51.926908,152.721866],[19.786096,51.926817,152.782222],[19.78581,51.926724,152.940086],[19.785512,51.926632,152.947799],[19.785214,51.926538,152.996433],[19.784918,51.926446,153.433066],[19.784621,51.926353,153.505098],[19.784334,51.926266,152.814642],[19.784032,51.926175,153.345911],[19.783716,51.926079,154.126703],[19.783405,51.925986,154.439314],[19.783106,51.925896,154.610127],[19.782806,51.925802,154.548879],[19.782515,51.925713,154.349767],[19.782208,51.925621,154.561893],[19.781914,51.925531,154.776778],[19.78161,51.92544,154.670121],[19.781307,51.925345,154.503873],[19.781005,51.925253,155.06351],[19.780699,51.925158,154.377409],[19.780404,51.925067,153.694032],[19.780101,51.924971,153.928491],[19.779804,51.92488,153.944169],[19.779508,51.924788,153.743748],[19.77921,51.924699,153.584194],[19.778914,51.924606,153.296771],[19.778614,51.924512,153.368552],[19.778313,51.924418,153.044676],[19.778002,51.924322,153.229457],[19.777711,51.92423,153.078225],[19.777422,51.924137,152.93627],[19.777131,51.924044,152.667104],[19.776832,51.923947,152.251248],[19.776534,51.923853,150.79299],[19.776247,51.92376,150.475107],[19.775947,51.923666,150.633526],[19.775642,51.923567,150.469269],[19.77534,51.923468,150.158198],[19.775046,51.923374,150.098605],[19.774746,51.923277,149.292823],[19.774451,51.923181,149.243898],[19.774151,51.923086,149.227023],[19.773847,51.92299,148.868689],[19.773553,51.922893,148.988355],[19.773262,51.922795,149.78846],[19.772971,51.922702,149.000014],[19.772685,51.922607,148.328979],[19.772396,51.922509,147.8998],[19.772128,51.922415,148.166539],[19.771848,51.922319,148.14221],[19.771561,51.922221,148.259973],[19.771265,51.922119,148.690637],[19.770975,51.922022,148.463104],[19.770695,51.921923,149.418855],[19.770408,51.921824,149.837853],[19.770124,51.921726,149.945573],[19.769857,51.921628,149.928363],[19.769567,51.921523,150.597575],[19.769282,51.921421,150.621745],[19.768995,51.921318,150.856506],[19.768711,51.921214,151.453054],[19.768423,51.92111,151.288934],[19.768144,51.921005,151.819361],[19.767863,51.920901,151.997764],[19.767584,51.920797,152.493147],[19.767294,51.92069,152.699827],[19.767019,51.920587,153.258611],[19.766746,51.920483,153.670166],[19.766468,51.920376,153.796443],[19.766181,51.920269,155.170826],[19.765902,51.920162,154.811437],[19.765618,51.920056,154.810126],[19.765341,51.91995,156.182662],[19.76506,51.919846,157.11636],[19.764796,51.919745,157.889006],[19.764529,51.919639,158.200295],[19.764252,51.91953,159.163849],[19.763978,51.91942,159.705104],[19.763706,51.919307,159.985325],[19.763435,51.919196,161.132151],[19.763168,51.919086,161.131542],[19.762883,51.918975,161.485087],[19.762625,51.91886,161.479724],[19.762349,51.918743,161.756673],[19.762075,51.918627,161.413467],[19.761798,51.91851,161.883155],[19.761521,51.918397,161.006841],[19.761247,51.918281,161.316076],[19.760972,51.918165,161.289166],[19.760685,51.918049,161.232286],[19.760398,51.917933,158.661881],[19.760119,51.917821,156.116631],[19.759847,51.917707,156.08803],[19.75957,51.917587,156.956337],[19.759289,51.917465,156.792046],[19.75902,51.917349,157.111138],[19.75875,51.917227,158.195405],[19.758476,51.917109,157.792245],[19.758213,51.916988,157.798426],[19.757944,51.916865,158.305189],[19.757688,51.916748,158.453061],[19.75742,51.916631,158.279036],[19.757153,51.916511,158.890161],[19.756894,51.916389,159.033311],[19.756636,51.916272,159.356674],[19.756377,51.916155,159.238848],[19.756119,51.916034,160.532957],[19.755852,51.91591,160.725558],[19.75559,51.915788,161.000547],[19.75533,51.915667,161.52616],[19.755075,51.915549,162.351871],[19.754811,51.915428,162.299187],[19.754547,51.915309,162.1722],[19.754298,51.91519,162.7386],[19.754032,51.915066,162.817502],[19.753765,51.914944,163.133673],[19.753499,51.91482,163.726028],[19.753234,51.914697,163.781615],[19.752971,51.914575,163.395142],[19.752717,51.914452,163.902806],[19.75245,51.914325,164.380903],[19.752179,51.914201,164.279738],[19.751912,51.914075,164.705193],[19.751646,51.913946,165.382819],[19.751375,51.913819,165.390958],[19.751101,51.91369,165.456049],[19.750816,51.913558,165.392005],[19.750551,51.913431,165.607945],[19.75029,51.913307,165.797547],[19.750025,51.913182,165.838822],[19.749759,51.913055,165.832738],[19.749492,51.912931,165.29313],[19.749225,51.912805,165.428365],[19.748953,51.91268,165.591901],[19.748693,51.912557,165.505136],[19.748432,51.912431,165.879985],[19.748167,51.912302,166.957204],[19.7479,51.912178,166.411985],[19.747633,51.912053,166.203355],[19.747366,51.911929,166.078642],[19.747102,51.911802,166.109947],[19.746834,51.911679,165.9627],[19.746564,51.911554,165.85537],[19.746297,51.91143,165.435538],[19.746034,51.911306,165.713329],[19.745779,51.911185,165.576362],[19.745514,51.911063,165.445188],[19.745258,51.910944,165.350474],[19.74499,51.91082,165.211828],[19.744727,51.910698,165.251975],[19.744464,51.910576,165.377053],[19.7442,51.910454,165.596871],[19.743934,51.910332,165.6147],[19.743662,51.910206,165.5268],[19.743394,51.910081,165.666389],[19.743129,51.909957,165.94273],[19.742858,51.909834,166.113977],[19.742594,51.909713,166.328977],[19.742324,51.909592,166.2372],[19.742061,51.909473,166.175142],[19.741789,51.909353,166.066689],[19.741526,51.909233,166.675713],[19.741251,51.909114,166.536497],[19.740983,51.908994,166.866641],[19.740713,51.908875,166.671728],[19.740441,51.908756,166.834141],[19.740176,51.908639,167.301749],[19.739901,51.908519,167.513999],[19.739623,51.908399,167.489649],[19.739345,51.90828,167.466651],[19.739076,51.908164,167.875479],[19.738801,51.908045,167.884943],[19.738528,51.907927,167.652255],[19.738238,51.907807,167.743757],[19.737962,51.907692,168.348448],[19.737686,51.907579,167.821345],[19.737404,51.907461,167.999714],[19.737124,51.907345,167.850474],[19.736843,51.907229,168.111278],[19.736565,51.907116,168.026215],[19.736287,51.907007,168.409779],[19.736017,51.906895,168.443168],[19.735746,51.906787,168.655365],[19.73548,51.90668,168.292044],[19.735201,51.90657,168.701818],[19.734922,51.906463,168.774964],[19.734636,51.906355,169.070281],[19.734348,51.90625,169.408789],[19.734072,51.906144,169.271615],[19.733789,51.906039,169.703548],[19.733501,51.905934,171.126895],[19.733222,51.90583,171.558572],[19.732945,51.905728,171.850041],[19.732665,51.905626,171.961466],[19.732387,51.905524,171.661178],[19.732116,51.905424,171.699492],[19.731833,51.905321,170.836903],[19.731547,51.905219,171.325327],[19.731255,51.905118,171.605952],[19.73096,51.905015,171.559416],[19.730658,51.90491,171.665089],[19.730352,51.9048,171.293164],[19.730047,51.904684,170.993482],[19.729729,51.904568,170.910974],[19.729395,51.90445,170.829631],[19.729051,51.904331,170.58267],[19.728696,51.90421,170.800543],[19.728337,51.904088,169.980896],[19.727972,51.90397,169.783983],[19.727592,51.903853,169.55016],[19.727204,51.903731,169.336257],[19.72682,51.903616,168.794455],[19.726436,51.903499,166.969777],[19.726031,51.903381,166.944404],[19.725624,51.903271,166.733347],[19.725215,51.903158,165.944071],[19.724813,51.903048,165.939114],[19.724418,51.902935,165.292394],[19.724016,51.90282,165.0582],[19.723626,51.90271,164.200739],[19.723245,51.9026,163.487638],[19.722855,51.90249,163.449623],[19.722468,51.902382,162.837569],[19.72208,51.902275,162.899344],[19.721699,51.902169,163.007158],[19.721307,51.902062,163.275848],[19.720922,51.901959,162.361776],[19.720526,51.901856,162.365494],[19.72012,51.901755,162.303273],[19.719719,51.901655,162.449673],[19.719308,51.901556,163.672418],[19.718912,51.901457,163.783793],[19.718518,51.901358,163.70586],[19.718121,51.901261,163.922345],[19.717733,51.901166,163.447164],[19.71733,51.901071,163.914447],[19.716941,51.900979,163.633005],[19.716542,51.900887,163.745487],[19.716147,51.900794,164.00128],[19.715745,51.900704,164.126429],[19.715334,51.900613,164.909317],[19.714928,51.900525,163.92636],[19.714511,51.900435,164.507772],[19.714088,51.900348,164.3654],[19.713663,51.900259,164.348109],[19.713242,51.900174,164.852539],[19.712819,51.900087,165.39098],[19.71239,51.900002,165.38103],[19.711974,51.899921,164.42356],[19.711554,51.899838,163.898339],[19.711138,51.899759,163.615963],[19.71071,51.899681,163.721375],[19.710289,51.899605,163.07249],[19.709865,51.899527,162.997258],[19.70944,51.89945,162.643177],[19.709016,51.899376,162.517797],[19.70859,51.899301,162.215446],[19.708164,51.899227,162.219662],[19.707748,51.899158,161.727073],[19.707317,51.899091,162.374228],[19.70689,51.899026,161.991196],[19.706477,51.898961,161.520196],[19.706055,51.898897,161.41658],[19.705632,51.898832,161.645265],[19.705218,51.898767,161.651963],[19.704801,51.898704,161.015371],[19.704388,51.89864,160.656502],[19.703969,51.898579,160.794493],[19.703556,51.898523,160.283721],[19.703131,51.898464,159.911698],[19.702703,51.898411,159.863257],[19.702281,51.898354,159.772309],[19.701857,51.898299,159.48161],[19.701432,51.898243,159.293922],[19.701004,51.898188,159.170108],[19.700578,51.898136,158.493791],[19.700151,51.898085,158.347188],[19.699721,51.898038,158.330813],[19.699291,51.89799,159.216035],[19.698873,51.89794,158.054004],[19.69844,51.897896,158.187913],[19.698016,51.897852,158.610522],[19.697602,51.897811,158.246094],[19.697184,51.897771,157.281341],[19.696765,51.89773,157.104159],[19.696345,51.897692,156.680604],[19.695928,51.897656,156.330664],[19.695508,51.897619,156.826273],[19.695086,51.897587,156.353998],[19.694659,51.897552,156.063127],[19.694231,51.897518,156.133248],[19.693803,51.897486,156.014084],[19.693373,51.897455,155.705577],[19.692959,51.897424,154.283966],[19.692537,51.897394,153.794956],[19.692115,51.897367,154.128519],[19.691694,51.897339,153.703287],[19.691277,51.897313,153.108583],[19.690851,51.897289,153.191555],[19.690434,51.897263,152.489124],[19.690003,51.89724,152.880054],[19.689583,51.897212,152.49242],[19.689147,51.897187,152.560245],[19.688712,51.897166,152.918962],[19.68828,51.897144,152.804771],[19.687853,51.897125,151.908298],[19.687413,51.897103,152.003245],[19.686972,51.897082,152.070285],[19.686537,51.897064,151.87546],[19.686102,51.897042,151.752673],[19.685665,51.897029,151.854408],[19.685217,51.897019,152.104798],[19.684776,51.897003,151.878748],[19.68432,51.896993,153.393689],[19.683891,51.896976,152.989],[19.683446,51.896962,153.055665],[19.682994,51.896963,154.473492],[19.682572,51.896947,154.084142],[19.682123,51.89693,155.009317],[19.681682,51.896914,155.128207],[19.681252,51.896905,155.008251],[19.680813,51.89689,155.26795],[19.680376,51.896877,155.805592],[19.679944,51.896861,156.175924],[19.679504,51.89685,157.303406],[19.679087,51.89683,157.780033],[19.678687,51.896812,156.806731],[19.678289,51.896794,156.992141],[19.677902,51.89678,156.54584],[19.67751,51.896765,156.90344],[19.67711,51.896755,157.380521],[19.676709,51.896742,158.139458],[19.676314,51.896733,158.566909],[19.675915,51.89672,158.909692],[19.675517,51.896706,159.254881],[19.67513,51.896695,159.199546],[19.674743,51.89668,159.736392],[19.674351,51.896664,160.116195],[19.673954,51.896648,160.423909],[19.673552,51.896625,160.653712],[19.673142,51.896602,161.258825],[19.672727,51.896579,161.724968],[19.672326,51.896545,161.601891],[19.671923,51.896507,161.916385],[19.671505,51.896493,162.546356],[19.67109,51.896465,163.264894],[19.670685,51.896436,163.653822],[19.670273,51.896396,163.971315],[19.669861,51.896353,164.290938],[19.669456,51.896305,165.027724],[19.669038,51.896258,165.501603],[19.66861,51.896214,166.280452],[19.668195,51.896168,166.179709],[19.667777,51.89612,166.271147],[19.667353,51.896069,166.84911],[19.666936,51.896019,166.6558],[19.666517,51.895963,167.377454],[19.666097,51.895908,168.225185],[19.665682,51.895853,168.174166],[19.665271,51.895794,167.991566],[19.66485,51.895734,167.927059],[19.664423,51.895668,168.037992],[19.663992,51.895603,168.188975],[19.663552,51.895531,169.548539],[19.663132,51.895462,169.389987],[19.662702,51.895389,170.172332],[19.662282,51.895313,170.040529],[19.661859,51.895239,170.296055],[19.661443,51.895163,170.436008],[19.661059,51.895093,170.116938],[19.660683,51.895024,171.067684],[19.660335,51.894955,170.0997],[19.659951,51.894876,171.160046],[19.659566,51.894795,171.879165],[19.659169,51.894715,173.100522],[19.658789,51.894638,173.303075],[19.658392,51.894563,174.034197],[19.657994,51.894489,174.308244],[19.657591,51.894409,174.673418],[19.657178,51.894334,175.316045],[19.656772,51.894255,175.910383],[19.656354,51.894179,176.461746],[19.655951,51.894103,175.751188],[19.655535,51.894026,176.092682],[19.655117,51.893948,176.726114],[19.654694,51.89387,176.544109],[19.654264,51.893792,177.17139],[19.653822,51.893719,177.485042],[19.65338,51.893646,177.51045],[19.652934,51.893576,177.928459],[19.652496,51.893505,177.589422],[19.652067,51.893433,177.266415],[19.651637,51.893359,176.6606],[19.651212,51.893287,176.511388],[19.65078,51.893216,176.54996],[19.650334,51.893151,177.867207],[19.649897,51.893087,178.176974],[19.649455,51.893025,178.370967],[19.649019,51.892964,178.448032],[19.64857,51.892909,180.09604],[19.648129,51.892853,180.656092],[19.647695,51.892801,180.05923],[19.647254,51.892747,180.858696],[19.646813,51.892696,180.967675],[19.646379,51.892647,180.935469],[19.645939,51.892599,180.773294],[19.645488,51.892553,181.520963],[19.64505,51.892509,180.60398],[19.64459,51.892465,181.147217],[19.644141,51.892423,181.195036],[19.643698,51.892387,180.934243],[19.643253,51.892344,182.620132],[19.64282,51.892311,182.596098],[19.642369,51.892271,182.919429],[19.64193,51.892237,182.190308],[19.641491,51.892195,181.613497],[19.641035,51.892166,182.481557],[19.640588,51.892133,182.900762],[19.640161,51.892096,182.921198],[19.639717,51.892051,182.428051],[19.639277,51.892022,182.264068],[19.638832,51.891979,181.972371],[19.638398,51.891935,181.331404],[19.637967,51.891902,182.154182],[19.637514,51.891872,181.693241],[19.637089,51.891842,182.441503],[19.636648,51.891802,183.134607],[19.636187,51.891762,182.001166],[19.635764,51.891721,181.228698],[19.635293,51.891691,180.995806],[19.634816,51.891669,180.730261],[19.634385,51.891626,180.744374],[19.633947,51.891583,181.732973],[19.633529,51.891541,181.974323],[19.633074,51.891529,181.910681],[19.632674,51.891514,181.839133],[19.632244,51.891491,182.537019],[19.631825,51.891489,182.161605],[19.63139,51.891464,181.867048],[19.630952,51.891427,181.639765],[19.630531,51.891389,182.279857],[19.630102,51.891357,182.207291],[19.629658,51.891321,181.947071],[19.62924,51.89129,181.8864],[19.628819,51.891261,181.978869],[19.628411,51.891233,181.606554],[19.627989,51.891202,181.622689],[19.627576,51.891177,181.196904],[19.627167,51.891149,181.132249],[19.626748,51.891126,181.099351],[19.626325,51.891107,181.269338],[19.625887,51.89108,181.710596],[19.625466,51.891048,181.474135],[19.625034,51.891009,181.071215],[19.624592,51.89097,180.996702],[19.624166,51.890942,181.615842],[19.623754,51.890913,179.994016],[19.623323,51.890881,180.263936],[19.622906,51.890863,178.802007],[19.622473,51.89083,178.285018],[19.622032,51.890797,179.263807],[19.621588,51.890763,179.41437],[19.621149,51.890732,178.872488],[19.620705,51.8907,178.747539],[19.620283,51.890669,177.366661],[19.619846,51.890644,177.836447],[19.619404,51.890626,177.91739],[19.618963,51.890595,178.039358],[19.618527,51.890562,177.846072],[19.618097,51.890519,177.081487],[19.617649,51.89049,177.60324],[19.617189,51.890456,176.837279],[19.61673,51.890416,176.387019],[19.616276,51.890386,176.039101],[19.615826,51.890356,175.781373],[19.615376,51.890317,176.022736],[19.614904,51.890277,176.919335],[19.614498,51.890243,175.40423],[19.614055,51.890208,175.152003],[19.613643,51.890181,173.864754],[19.613233,51.890151,173.766836],[19.612827,51.89012,173.469907],[19.612416,51.890095,173.512984],[19.612004,51.890066,173.330324],[19.611605,51.890038,171.862808],[19.611197,51.890007,171.913846],[19.610805,51.889973,170.576299],[19.610397,51.889941,170.882345],[19.609989,51.889915,170.779159],[19.609587,51.889886,170.383183],[19.609212,51.889871,170.344141],[19.608862,51.889826,170.201359],[19.608471,51.889798,170.111422],[19.608104,51.889775,169.809666],[19.607731,51.889752,170.036932],[19.607356,51.889729,171.39718],[19.607002,51.889706,171.019177],[19.606637,51.88968,171.389437],[19.606261,51.889651,171.590365],[19.605891,51.88962,171.66596],[19.605508,51.889591,171.847914],[19.605125,51.889558,171.663194],[19.604724,51.889519,171.734589],[19.604333,51.889486,170.539193],[19.603912,51.889466,170.361565],[19.603507,51.889435,170.539296],[19.603097,51.889403,170.762683],[19.60268,51.889369,170.739351],[19.60226,51.889337,170.936868],[19.601851,51.889306,171.15039],[19.601433,51.889288,169.76818],[19.601014,51.889264,169.372232],[19.600562,51.889231,171.229515],[19.60013,51.889201,172.113991],[19.599692,51.889175,173.730488],[19.599265,51.889143,173.916764],[19.598825,51.889115,174.659279],[19.598404,51.889087,175.115666],[19.597973,51.88906,175.920666],[19.597532,51.889032,176.999125],[19.597115,51.889004,176.822884],[19.596692,51.888972,176.690294],[19.596272,51.888942,176.379251],[19.595829,51.888907,178.537934],[19.595417,51.888873,178.866438],[19.59499,51.888844,179.867518],[19.594561,51.888817,180.606386],[19.594134,51.888798,181.2531],[19.593696,51.888776,182.267252],[19.593278,51.888764,181.868932],[19.592851,51.888753,182.036542],[19.592436,51.88874,181.403367],[19.592039,51.888732,181.420561],[19.591626,51.888713,181.956302],[19.591222,51.888697,183.236127],[19.590815,51.888692,183.679283],[19.590415,51.888688,183.564305],[19.590015,51.888688,184.147505],[19.589612,51.888688,185.347297],[19.589209,51.888688,185.893736],[19.588811,51.888704,185.208722],[19.588397,51.888713,185.677823],[19.588005,51.888733,186.045516],[19.587603,51.888737,186.829435],[19.587202,51.888739,186.937457],[19.586806,51.888749,186.941231],[19.586418,51.888754,185.986646],[19.586021,51.888764,186.852273],[19.585623,51.888774,187.380644],[19.585233,51.888785,186.485273],[19.584836,51.888802,186.577691],[19.584428,51.888817,185.83439],[19.584014,51.888841,185.743757],[19.583658,51.888845,185.338759],[19.583268,51.888871,184.892479],[19.582839,51.888899,184.783234],[19.582417,51.888914,185.683141],[19.581977,51.888969,186.359799],[19.581521,51.889011,185.544796],[19.581086,51.88904,185.38029],[19.580642,51.889082,185.593621],[19.580214,51.889118,186.576334],[19.579778,51.889158,186.426607],[19.579332,51.889186,187.950116],[19.578908,51.889228,187.98335],[19.578479,51.889265,189.496688],[19.578023,51.889318,189.713197],[19.577554,51.889372,189.692279],[19.577122,51.889413,188.268351],[19.576702,51.889477,188.532686],[19.576278,51.889517,189.297812],[19.575844,51.889588,189.658106],[19.575409,51.889633,188.867285],[19.574984,51.889711,189.95141],[19.574536,51.889782,187.784866],[19.574144,51.889854,185.723805],[19.573753,51.889913,185.948736],[19.573392,51.889973,183.679314],[19.573034,51.890036,181.802864],[19.572663,51.890092,180.980542],[19.572296,51.890163,180.833324],[19.571972,51.890232,179.601395],[19.57163,51.890295,178.378429],[19.571286,51.89037,178.505125],[19.570977,51.890429,177.704523],[19.570663,51.890487,176.589402],[19.570347,51.890551,175.773478],[19.570051,51.890607,173.698138],[19.569732,51.890669,172.756564],[19.569416,51.890727,172.455598],[19.569098,51.890785,172.778205],[19.568778,51.890844,172.280605],[19.568462,51.890902,172.010151],[19.568156,51.89096,172.109388],[19.567863,51.891023,170.748034],[19.56757,51.891082,170.09362],[19.567279,51.891138,169.551546],[19.566985,51.891191,169.599473],[19.566693,51.891247,169.354272],[19.566405,51.891304,169.117556],[19.566115,51.891361,169.15803],[19.565823,51.891418,168.6714],[19.565543,51.891471,168.29687],[19.565267,51.89153,167.713627],[19.565004,51.891583,167.376629],[19.564719,51.891635,167.313657],[19.56445,51.891685,167.862611],[19.564171,51.891739,167.912409],[19.563929,51.891797,167.69573],[19.563662,51.891857,167.201972],[19.563437,51.891892,166.467013],[19.563235,51.891941,166.335506],[19.563021,51.891985,166.256544],[19.56278,51.892043,165.828068],[19.562564,51.892101,165.820659],[19.562384,51.892139,165.465171],[19.562226,51.892187,165.197803],[19.562054,51.892228,163.540261],[19.561867,51.892283,164.734976],[19.561685,51.892328,165.147757],[19.561487,51.892379,165.281754],[19.561279,51.892435,165.179787],[19.561082,51.892496,165.012968],[19.560895,51.892539,164.920621],[19.560686,51.892601,165.140506],[19.560488,51.892662,164.953302],[19.560289,51.892729,164.626555],[19.560071,51.892726,164.272386],[19.559869,51.892776,164.085977],[19.559678,51.892819,163.789962],[19.559481,51.892863,163.536436],[19.559279,51.892909,163.405585],[19.559081,51.892953,163.167495],[19.558879,51.892999,163.210654],[19.558685,51.893042,162.945439],[19.558499,51.893078,162.90548],[19.558298,51.893106,162.842627],[19.558078,51.893138,162.752579],[19.557855,51.89317,162.6991],[19.557636,51.893201,162.635266],[19.557419,51.893232,162.345419],[19.557193,51.893265,162.440371],[19.556953,51.893299,162.239767],[19.556695,51.893336,162.376644],[19.556427,51.893374,162.382962],[19.556168,51.893411,162.328352],[19.555911,51.893462,162.162893],[19.555652,51.893499,162.294277],[19.555352,51.893532,162.30141],[19.555083,51.893562,162.116289],[19.554806,51.893598,161.906603],[19.554515,51.893625,161.759276],[19.554238,51.89366,161.710402],[19.553939,51.8937,161.74584],[19.553661,51.893753,161.686447],[19.553273,51.893804,161.314709],[19.55298,51.893858,160.975176],[19.552688,51.893915,161.280142],[19.55241,51.893947,161.177238],[19.552132,51.893995,160.767467],[19.551851,51.89405,161.054287],[19.551574,51.89412,160.525891],[19.551278,51.894167,160.51421],[19.550984,51.894217,160.365138],[19.550689,51.894279,160.273065],[19.550398,51.894339,160.411219],[19.550098,51.894392,159.995191],[19.549799,51.894452,160.093332],[19.5495,51.89451,160.264551],[19.549195,51.894569,160.35598],[19.548898,51.89463,160.45257],[19.548587,51.894684,160.599844],[19.54829,51.894738,160.811029],[19.547994,51.894794,160.852009],[19.547691,51.89486,160.996574],[19.547378,51.894914,161.452076],[19.547068,51.894962,161.649326],[19.54675,51.895019,161.748799],[19.546422,51.895079,162.169653],[19.546073,51.895141,162.148051],[19.545746,51.895197,162.361182],[19.545421,51.895253,162.305981],[19.545103,51.895314,162.583029],[19.544783,51.895362,162.822207],[19.544456,51.895415,163.153584],[19.544135,51.895482,162.882339],[19.543821,51.895542,163.021563],[19.543498,51.895595,162.971272],[19.54318,51.895649,163.457271],[19.54286,51.895703,163.350853],[19.542542,51.895756,163.651902],[19.542224,51.895805,163.937483],[19.541904,51.895857,164.162901],[19.541583,51.895911,164.362104],[19.541268,51.895968,164.309812],[19.540957,51.896021,164.118669],[19.540635,51.896077,164.001567],[19.540312,51.896123,163.959849],[19.539983,51.896179,164.136648],[19.539662,51.896234,163.741344],[19.539333,51.896287,163.898754],[19.539011,51.896338,163.873999],[19.538667,51.896387,164.639495],[19.538305,51.89644,164.872583],[19.537954,51.896494,164.719193],[19.537602,51.896545,164.738224],[19.537254,51.896594,164.274181],[19.536901,51.896643,163.561398],[19.536531,51.89669,163.70513],[19.536155,51.896733,164.138053],[19.535781,51.896779,164.325568],[19.535394,51.896823,164.441931],[19.535011,51.896875,164.842847],[19.534627,51.896921,164.862125],[19.534251,51.89697,165.230857],[19.533857,51.897022,165.427636],[19.53346,51.897072,165.729466],[19.533058,51.897118,165.828242],[19.532662,51.897165,166.430527],[19.532266,51.897213,166.44326],[19.531883,51.897261,166.737405],[19.531486,51.897306,166.502818],[19.531082,51.897343,166.694773],[19.530685,51.897382,166.817308],[19.530285,51.897423,167.762779],[19.529882,51.897462,168.243264],[19.529484,51.897502,168.179053],[19.529085,51.897544,168.299529],[19.528686,51.897585,168.102283],[19.528289,51.897629,168.314194],[19.527884,51.897668,168.592195],[19.527486,51.897706,169.405737],[19.527106,51.897737,169.451366],[19.526726,51.897773,169.727859],[19.526337,51.897807,170.111374],[19.525942,51.897839,170.371783],[19.525568,51.897869,170.778837],[19.525199,51.8979,170.917027],[19.524832,51.897929,171.38783],[19.524455,51.897961,172.072374],[19.524077,51.897993,172.421474],[19.523691,51.898025,173.12197],[19.523304,51.898055,173.608347],[19.522915,51.898089,174.409351],[19.522523,51.898116,174.84367],[19.522144,51.898145,174.615731],[19.521749,51.89817,174.85669],[19.521358,51.89819,174.869412],[19.520976,51.898208,174.697901],[19.520577,51.898232,174.692459],[19.52019,51.898257,174.265242],[19.519796,51.898285,174.183336],[19.519399,51.898297,174.084229],[19.518992,51.898325,173.850316],[19.518615,51.89834,173.401806],[19.518222,51.898347,172.719742],[19.517835,51.898374,172.924664],[19.517438,51.898391,172.541346],[19.517057,51.898408,172.158078],[19.516665,51.898405,171.68557],[19.516262,51.898423,171.239679],[19.515902,51.898441,171.189986],[19.51553,51.898458,171.928556],[19.515114,51.898476,171.460515],[19.514719,51.898475,170.338322],[19.514327,51.898482,168.53534],[19.51391,51.898487,167.846694],[19.513471,51.898485,167.561512],[19.513065,51.898485,166.334571],[19.512654,51.898487,165.818017],[19.512235,51.898483,164.558793],[19.511798,51.898486,164.334623],[19.511405,51.898492,163.448243],[19.510981,51.898493,162.813471],[19.51056,51.898489,162.330985],[19.510155,51.898488,162.284334],[19.509739,51.898491,161.524675],[19.509292,51.89848,161.139605],[19.508775,51.898474,160.916526],[19.508259,51.898448,161.833771],[19.507786,51.898433,161.631822],[19.507337,51.89842,161.198347],[19.506881,51.898403,161.285442],[19.506422,51.898394,161.385806],[19.505997,51.89839,161.254344],[19.505562,51.898376,161.342199],[19.505122,51.898359,161.461921],[19.504694,51.898349,161.240393],[19.504259,51.898334,161.303421],[19.503822,51.89832,161.246936],[19.503388,51.898307,161.176837],[19.502954,51.898294,161.120556],[19.502519,51.89828,160.910613],[19.502083,51.898268,160.778257],[19.501635,51.898255,161.361724],[19.50118,51.89824,161.200474],[19.500736,51.89823,160.832439],[19.500291,51.898203,161.047545],[19.499839,51.898188,160.990309],[19.499393,51.898175,160.688602],[19.498945,51.898151,160.99932],[19.498495,51.898129,160.480228],[19.498042,51.898117,160.126752],[19.497604,51.898105,160.354043],[19.497158,51.898095,159.941722],[19.496711,51.898083,159.808859],[19.496265,51.898071,159.745687],[19.495811,51.898065,159.655072],[19.495336,51.898051,159.863949],[19.494876,51.898035,160.31635],[19.49443,51.89802,159.856146],[19.493924,51.897998,159.748842],[19.493426,51.897986,161.351082],[19.492971,51.897973,161.313003],[19.492514,51.897967,159.635159],[19.492039,51.897956,159.347962],[19.491585,51.897959,159.158411],[19.4911,51.89796,158.952428],[19.490619,51.897943,159.643179],[19.490141,51.897946,159.875784],[19.489669,51.897953,160.277432],[19.489207,51.897962,159.806331],[19.488758,51.897971,160.03828],[19.488294,51.897981,159.553941],[19.48782,51.897982,159.592826],[19.487359,51.897984,159.167959],[19.486899,51.898007,158.335234],[19.486419,51.898028,158.914283],[19.485951,51.89805,159.004308],[19.485477,51.898077,159.038265],[19.485012,51.8981,159.26449],[19.484563,51.898127,160.123078],[19.484104,51.898159,159.710336],[19.483652,51.89817,159.224542],[19.483167,51.898191,161.429711],[19.482674,51.898222,161.90857],[19.482196,51.898243,163.286756],[19.481742,51.898271,164.226285],[19.481281,51.898313,164.63348],[19.480823,51.898342,165.597537],[19.48036,51.898384,166.86597],[19.479909,51.898424,166.842898],[19.479454,51.898468,167.910798],[19.479011,51.898511,166.699079],[19.478569,51.89856,167.326052],[19.478107,51.898613,169.506597],[19.477659,51.898661,170.56005],[19.47721,51.89871,171.163782],[19.476762,51.898771,171.847993],[19.476307,51.898827,172.539388],[19.475846,51.898883,172.921582],[19.475402,51.898938,173.450312],[19.474954,51.898999,173.249305],[19.474511,51.899058,173.31375],[19.47407,51.899122,173.418286],[19.473633,51.899181,173.953541],[19.473192,51.899249,174.056593],[19.472754,51.899317,173.841614],[19.472309,51.899383,174.627483],[19.471885,51.899452,174.088987],[19.471461,51.89952,173.781125],[19.47104,51.899588,173.927367],[19.47061,51.899659,174.220732],[19.470184,51.899733,174.269965],[19.469768,51.899811,173.973125],[19.469361,51.899888,173.730869],[19.468945,51.89997,173.557146],[19.46853,51.900051,173.350612],[19.468115,51.900135,173.155696],[19.467696,51.900221,173.111081],[19.467288,51.900302,173.047307],[19.466879,51.900387,172.698613],[19.466475,51.900474,171.793031],[19.466061,51.900567,171.997123],[19.465655,51.900658,171.961435],[19.465249,51.900755,172.10243],[19.464835,51.900853,172.437677],[19.464429,51.900955,172.48544],[19.464008,51.901053,173.654099],[19.463593,51.901157,174.098109],[19.463182,51.901258,174.180107],[19.462763,51.901366,174.281605],[19.462356,51.901479,174.340577],[19.461949,51.90159,173.434459],[19.461543,51.901709,172.725316],[19.461127,51.901815,172.701909],[19.460724,51.901928,172.490619],[19.460334,51.902035,172.406286],[19.459935,51.902139,172.043848],[19.459528,51.902258,171.363526],[19.459119,51.902377,171.72645],[19.458721,51.902505,171.685627],[19.458314,51.902626,170.875493],[19.457914,51.902747,170.419684],[19.457534,51.902881,170.208018],[19.457144,51.903,170.61984],[19.456748,51.903123,170.372624],[19.456368,51.903254,170.264849],[19.455981,51.903381,170.133001],[19.455593,51.903521,169.909912],[19.455201,51.903654,169.66278],[19.454837,51.903792,169.345809],[19.454471,51.903925,168.547516],[19.454088,51.904051,168.094178],[19.453742,51.904154,167.735835],[19.453397,51.904295,167.57555],[19.45302,51.904427,167.005526],[19.452663,51.904552,167.04131],[19.452308,51.904695,166.235589],[19.451944,51.904824,165.850031],[19.451627,51.904943,165.601222],[19.451301,51.905085,165.119266],[19.450973,51.905215,164.38686],[19.45066,51.905376,164.083003],[19.450349,51.905507,163.668484],[19.450049,51.905616,160.922627],[19.449721,51.905739,161.097283],[19.449403,51.905855,160.260644],[19.449081,51.90599,159.811972],[19.448759,51.906114,160.590892],[19.448444,51.906249,159.189019],[19.448134,51.906373,159.272896],[19.447823,51.906514,159.412711],[19.447512,51.906635,158.988108],[19.447211,51.906765,158.494672],[19.446914,51.906893,158.629991],[19.446616,51.907031,158.351204],[19.446289,51.907158,158.649295],[19.445967,51.907293,158.782054],[19.44564,51.907434,157.651715],[19.445295,51.907557,158.436523],[19.444988,51.907693,157.904545],[19.444697,51.907828,158.116821],[19.444365,51.907944,157.916957],[19.444079,51.908074,157.692018],[19.443782,51.908202,158.107422],[19.443478,51.908336,157.785679],[19.443178,51.908457,157.879337],[19.442869,51.908579,157.993199],[19.442587,51.908702,158.038116],[19.442299,51.908826,158.052954],[19.441965,51.908941,157.784668],[19.441667,51.909056,157.717637],[19.441383,51.909174,158.251887],[19.441096,51.909276,158.725596],[19.440805,51.909399,158.852887],[19.440513,51.909504,159.667328],[19.440216,51.909627,159.155996],[19.439908,51.909739,159.137709],[19.439594,51.909863,159.58332],[19.439293,51.909982,159.756854],[19.438976,51.910108,160.136687],[19.43867,51.910234,159.873597],[19.43837,51.910349,159.371532],[19.43806,51.910468,159.820893],[19.437769,51.910583,160.282126],[19.437471,51.910703,159.982652],[19.437162,51.910826,160.140303],[19.43687,51.910943,160.184116],[19.436574,51.911062,160.568166],[19.436285,51.911181,160.315762],[19.435991,51.911299,160.912745],[19.435688,51.911419,161.194391],[19.435373,51.911541,161.704473],[19.435048,51.911666,161.289311],[19.434732,51.911788,161.520549],[19.434401,51.911916,161.984916],[19.434067,51.912042,162.673603],[19.433722,51.912168,163.163357],[19.43335,51.912293,163.615646],[19.432994,51.912422,163.793669],[19.432633,51.91255,164.388544],[19.432268,51.912688,164.60685],[19.431916,51.912817,164.38083],[19.43155,51.912949,164.346157],[19.431181,51.913087,164.29172],[19.4308,51.913222,165.051775],[19.430433,51.913355,165.588363],[19.430067,51.913485,164.892819],[19.4297,51.913614,165.227501],[19.429342,51.913738,164.825187],[19.42898,51.913862,164.498814],[19.428606,51.913989,164.005998],[19.428227,51.91412,165.348198],[19.427847,51.914255,165.519529],[19.427471,51.914383,165.326734],[19.42708,51.914508,165.801246],[19.426686,51.914642,166.122685],[19.426293,51.914765,166.385971],[19.425902,51.914885,165.775985],[19.425504,51.915017,165.725626],[19.425105,51.915145,165.666835],[19.42471,51.915266,165.504172],[19.42431,51.915394,165.846796],[19.423921,51.915517,164.813759],[19.423526,51.915635,164.896744],[19.423136,51.915754,164.851901],[19.422745,51.915869,164.88147],[19.422355,51.915981,164.524031],[19.421955,51.916094,164.421423],[19.421555,51.916208,164.060427],[19.421155,51.916316,164.446752],[19.420759,51.916424,164.403581],[19.420365,51.916527,164.092896],[19.419981,51.916628,163.656673],[19.419603,51.916729,162.87452],[19.419222,51.916838,162.800441],[19.41886,51.916936,162.120233],[19.418494,51.917029,161.853229],[19.418131,51.917123,162.654555],[19.417777,51.917216,161.997389],[19.417427,51.917305,161.448346],[19.417085,51.91739,160.905571],[19.416758,51.917475,159.702181],[19.416412,51.917566,159.110952],[19.416063,51.91765,159.032615],[19.415722,51.917735,158.473763],[19.415374,51.917813,158.642218],[19.415023,51.917894,158.669521],[19.414681,51.917975,158.344603],[19.414325,51.91805,158.190246],[19.413975,51.918132,157.732234],[19.413621,51.918206,157.771859],[19.413261,51.918282,157.513629],[19.412909,51.918359,157.231282],[19.412556,51.918432,157.274757],[19.412198,51.9185,157.275065],[19.411836,51.918569,157.026377],[19.411483,51.918641,156.86193],[19.411129,51.918706,156.463973],[19.410776,51.918771,156.00024],[19.410431,51.918837,155.867816],[19.410105,51.918901,154.973061],[19.409772,51.918964,154.614899],[19.409434,51.919023,154.569083],[19.40909,51.919075,154.348061],[19.408739,51.919123,154.073352],[19.408375,51.919178,153.945937],[19.408016,51.919239,154.258398],[19.407648,51.919299,153.971302],[19.407274,51.919357,153.993457],[19.406902,51.919415,153.716491],[19.406517,51.919478,153.709576],[19.40613,51.919535,153.39654],[19.405733,51.919593,153.495816],[19.405329,51.919656,153.848555],[19.404919,51.919714,154.165378],[19.404511,51.919777,153.412774],[19.404094,51.919834,153.791539],[19.40368,51.919892,153.208554],[19.40327,51.91995,152.903527],[19.402869,51.920004,152.757338],[19.402465,51.920053,153.293936],[19.402069,51.920104,152.78662],[19.401674,51.920152,152.595086],[19.401281,51.920201,151.144494],[19.400881,51.920251,152.00108],[19.400478,51.920296,152.604317],[19.400079,51.920344,152.699441],[19.399694,51.920389,151.309941],[19.399294,51.920429,151.321943],[19.39889,51.920473,151.170076],[19.398486,51.920518,149.640014],[19.39808,51.920557,149.213857],[19.39767,51.9206,150.196606],[19.397273,51.920641,150.018344],[19.396875,51.920674,151.129139],[19.396488,51.920708,151.193786],[19.396118,51.920739,150.965403],[19.395742,51.920772,150.321188],[19.395374,51.920806,149.811817],[19.394996,51.920835,149.674634],[19.394613,51.920864,150.124684],[19.394222,51.920891,150.576225],[19.39384,51.920921,150.204294],[19.393442,51.920949,150.524243],[19.393052,51.920972,150.612765],[19.392648,51.920995,151.521676],[19.39224,51.921019,152.078305],[19.391839,51.921041,151.602529],[19.391422,51.921064,152.878703],[19.391006,51.921085,153.610317],[19.390602,51.921104,153.381089],[19.390194,51.921124,153.747548],[19.389783,51.921143,154.078985],[19.389374,51.921158,154.01289],[19.388969,51.921174,153.403817],[19.388553,51.921188,153.919775],[19.38815,51.921205,153.978061],[19.387749,51.921222,153.628047],[19.387344,51.921231,153.349981],[19.386931,51.92124,152.626012],[19.386524,51.921249,152.709168],[19.386119,51.921255,152.050111],[19.385715,51.921264,152.128595],[19.385295,51.921264,152.018979],[19.384876,51.921271,152.014433],[19.384458,51.921273,151.611795],[19.384034,51.921281,151.792222],[19.383631,51.921282,152.007224],[19.38324,51.921286,151.504146],[19.382838,51.921285,151.218779],[19.38243,51.921287,150.569159],[19.38202,51.921285,150.804846],[19.381604,51.921287,150.520756],[19.381206,51.921287,150.101165],[19.38079,51.921287,149.547278],[19.380392,51.921284,149.984782],[19.379981,51.921278,151.481338],[19.379575,51.921277,151.882263],[19.379163,51.921268,151.971461],[19.37872,51.92126,152.923417],[19.378292,51.921272,153.429378],[19.377861,51.921268,153.602459],[19.377426,51.921272,154.610536],[19.376981,51.921265,154.557921],[19.376571,51.921263,154.941362],[19.37614,51.92126,156.121267],[19.375715,51.921263,156.383665],[19.375258,51.92126,156.758672],[19.374814,51.921255,156.471839],[19.374399,51.921249,156.40518],[19.373965,51.921237,156.272623],[19.373538,51.921233,156.076035],[19.373078,51.921236,155.825205],[19.372637,51.921235,156.412301],[19.372215,51.921242,155.925794],[19.371775,51.921244,156.033816],[19.371331,51.921248,156.198454],[19.370891,51.921246,156.960377],[19.370469,51.921254,156.542319],[19.370037,51.921256,156.496258],[19.369596,51.921265,157.61324],[19.369138,51.921269,158.31217],[19.368728,51.921276,158.344433],[19.368299,51.92128,158.200734],[19.367871,51.921288,157.532959],[19.36745,51.9213,157.784288],[19.367013,51.921313,157.575698],[19.366571,51.921328,158.167541],[19.366133,51.921342,158.175642],[19.365707,51.921361,157.960867],[19.365285,51.921384,157.930664],[19.364878,51.921405,157.569461],[19.364491,51.921422,157.344609],[19.364079,51.921438,157.366618],[19.363674,51.921453,157.105174],[19.363274,51.921472,157.138935],[19.362873,51.921492,156.978056],[19.362464,51.92151,157.052568],[19.362045,51.921531,157.043748],[19.361631,51.921552,157.02937],[19.361232,51.921579,156.56702],[19.360829,51.921597,155.619505],[19.360418,51.921614,155.285305],[19.359999,51.921638,155.587315],[19.359585,51.921661,155.384526],[19.359183,51.921684,154.295222],[19.358773,51.921711,153.672285],[19.35836,51.92174,153.272167],[19.35796,51.921773,152.664866],[19.357557,51.921801,152.138645],[19.357154,51.92183,151.786219],[19.356755,51.92186,151.510318],[19.35635,51.921889,151.312859],[19.355949,51.921919,150.696906],[19.355546,51.92195,150.439242],[19.355144,51.921983,149.452585],[19.354737,51.922018,149.001218],[19.354333,51.922049,148.356239],[19.353923,51.922086,148.002201],[19.353506,51.922122,147.669646],[19.353096,51.922159,147.449728],[19.352684,51.922193,147.520813],[19.352266,51.922233,147.19197],[19.351848,51.922276,146.478434],[19.351429,51.922316,146.357544],[19.351014,51.922363,146.337249],[19.350603,51.922409,145.917898],[19.350157,51.922453,146.101001],[19.349725,51.922498,145.523616],[19.349304,51.922543,145.401182],[19.348879,51.92259,144.688048],[19.34846,51.922638,144.764401],[19.348045,51.922688,144.391022],[19.347632,51.922736,144.68802],[19.347222,51.922783,144.338203],[19.346809,51.922835,144.801752],[19.346408,51.922881,144.488194],[19.346006,51.92293,144.187644],[19.345608,51.922981,143.811984],[19.345214,51.923034,144.223889],[19.344814,51.923084,144.330795],[19.344422,51.923135,144.399562],[19.344027,51.923188,144.434651],[19.343634,51.923245,144.221288],[19.343244,51.9233,144.260071],[19.342851,51.923353,144.219436],[19.342468,51.923407,144.156473],[19.342067,51.923466,144.354411],[19.341677,51.923517,144.335458],[19.341285,51.923576,144.120042],[19.340876,51.923634,144.731756],[19.340477,51.923694,145.121114],[19.34008,51.923757,144.090913],[19.339673,51.92382,144.061849],[19.339274,51.923885,143.864016],[19.33887,51.923951,144.374675],[19.338458,51.924016,144.32491],[19.338045,51.924086,144.540505],[19.337637,51.924154,143.835231],[19.337234,51.924223,143.801596],[19.336825,51.924294,143.974729],[19.336421,51.924365,143.761075],[19.336025,51.924434,144.081191],[19.335624,51.924507,144.105478],[19.335219,51.92458,143.987827],[19.334814,51.924654,144.540257],[19.334409,51.924732,144.228112],[19.33401,51.924802,144.150777],[19.333622,51.924879,143.903238],[19.333221,51.924949,143.076295],[19.332836,51.925024,143.185669],[19.332446,51.925102,143.192238],[19.332072,51.925174,141.560815],[19.331684,51.925253,141.524358],[19.331302,51.925324,141.125858],[19.330931,51.925413,140.855269],[19.330549,51.92548,140.881775],[19.330173,51.925566,140.197372],[19.329793,51.925644,140.447843],[19.329419,51.925724,140.783186],[19.329045,51.925805,141.136848],[19.328659,51.925886,141.241545],[19.328284,51.925957,140.887782],[19.327923,51.926035,141.001901],[19.327551,51.926104,141.170349],[19.327181,51.926184,141.481886],[19.32682,51.926254,140.967902],[19.326449,51.926321,141.165185],[19.326079,51.926392,141.426453],[19.325701,51.926466,141.564753],[19.325328,51.926538,141.945549],[19.324948,51.926613,142.363983],[19.324565,51.926682,142.772042],[19.324186,51.926752,143.084747],[19.323801,51.926816,143.988181],[19.323417,51.926878,144.537483],[19.323038,51.926944,144.984265],[19.32265,51.927006,144.514561],[19.322265,51.927069,144.753816],[19.32189,51.927137,143.508696],[19.321519,51.927197,143.366078],[19.321137,51.927252,143.509722],[19.320763,51.927313,142.906118],[19.320376,51.927367,143.19612],[19.320008,51.927417,143.395014],[19.319629,51.927469,143.445713],[19.319239,51.927516,143.731181],[19.318871,51.927565,143.555879],[19.318493,51.927608,143.736229],[19.318112,51.927653,143.728672],[19.317728,51.927696,143.910399],[19.317348,51.92774,144.192389],[19.316966,51.927787,143.251405],[19.316588,51.92783,143.456833],[19.316208,51.92787,143.109499],[19.315823,51.927906,144.259094],[19.315442,51.927945,143.7541],[19.315057,51.927983,143.707566],[19.31466,51.92802,143.880758],[19.314263,51.928055,144.076704],[19.313868,51.92809,143.776358],[19.313474,51.928122,143.75329],[19.313077,51.928153,143.556888],[19.312682,51.92818,143.280562],[19.312284,51.928211,143.331639],[19.311882,51.928239,143.289215],[19.311479,51.928267,143.830377],[19.311076,51.928297,143.73571],[19.310679,51.928321,143.980468],[19.310276,51.928346,143.881954],[19.309875,51.928369,144.037037],[19.309479,51.928392,143.568776],[19.30908,51.928413,143.753084],[19.308682,51.928435,143.920559],[19.308281,51.928457,143.653397],[19.307859,51.928474,144.464724],[19.30744,51.928487,145.057383],[19.30702,51.928505,144.950342],[19.306582,51.928519,146.029713],[19.30615,51.928539,145.74969],[19.305708,51.92856,146.073298],[19.305263,51.928582,146.336563],[19.304817,51.928609,146.748399],[19.304355,51.928632,147.168345],[19.303886,51.928662,147.853775],[19.303427,51.92869,147.570367],[19.302956,51.928717,148.579886],[19.302496,51.928749,148.888932],[19.302049,51.928783,148.362058],[19.301596,51.928813,148.537087],[19.301135,51.928848,148.600113],[19.300674,51.928886,149.180233],[19.300219,51.928924,148.64275],[19.299764,51.928965,148.539264],[19.299299,51.929005,149.053608],[19.29884,51.92905,148.963992],[19.298387,51.929097,148.567347],[19.297938,51.929141,148.207811],[19.297496,51.929187,147.861847],[19.29706,51.929236,147.677931],[19.296617,51.929288,147.961844],[19.296179,51.92934,147.57802],[19.295738,51.929392,147.161317],[19.295295,51.929449,148.251155],[19.294842,51.929511,148.730146],[19.294393,51.929571,148.877034],[19.293948,51.929632,148.074127],[19.293507,51.929694,148.405749],[19.293065,51.929757,148.711253],[19.292624,51.929824,148.100857],[19.292182,51.929892,147.875646],[19.291736,51.929968,148.49987],[19.291292,51.930039,148.405707],[19.290848,51.930113,147.429234],[19.290403,51.930191,147.201465],[19.289961,51.930273,147.846809],[19.289518,51.930354,147.739269],[19.289075,51.93044,146.709534],[19.288631,51.930528,146.456986],[19.288187,51.93062,145.730061],[19.287738,51.930706,145.597032],[19.287293,51.930792,144.796158],[19.286859,51.930882,144.01857],[19.286427,51.930977,143.220925],[19.285987,51.93107,142.860162],[19.28554,51.931168,142.242735],[19.285098,51.931272,141.753958],[19.284653,51.931369,141.594945],[19.284213,51.931468,141.720146],[19.283777,51.931562,141.111796],[19.283337,51.931659,140.64421],[19.282896,51.931754,140.811595],[19.282463,51.931856,140.216075],[19.28204,51.931948,139.613661],[19.28162,51.932044,139.616586],[19.281197,51.932144,139.503196],[19.280783,51.932242,139.357684],[19.280365,51.932334,138.808887],[19.279976,51.932423,138.341634],[19.279588,51.932517,138.147096],[19.2792,51.932606,137.954655],[19.278814,51.932695,137.867566],[19.278434,51.932781,137.392492],[19.278055,51.932871,138.154246],[19.277681,51.932956,138.238712],[19.277309,51.933039,138.197083],[19.276937,51.933123,137.765441],[19.276565,51.933203,137.845492],[19.276196,51.933285,137.6282],[19.275821,51.933375,137.396346],[19.275457,51.933458,137.194326],[19.275083,51.933544,137.22505],[19.274725,51.933625,136.757423],[19.274373,51.933706,136.323171],[19.274021,51.933782,135.864198],[19.273673,51.93386,135.857711],[19.273317,51.933937,135.927402],[19.272971,51.934015,136.131529],[19.272615,51.934091,136.088058],[19.272259,51.93417,135.834243],[19.271906,51.934247,135.722862],[19.271572,51.934322,135.82524],[19.271219,51.934394,135.627719],[19.270867,51.934467,135.831191],[19.270511,51.934543,135.559571],[19.270174,51.934608,135.408672],[19.269835,51.934674,135.454771],[19.269477,51.934746,135.428535],[19.269128,51.934804,135.392002],[19.268775,51.934875,135.224037],[19.268408,51.934944,135.19739],[19.268048,51.935009,135.112803],[19.26768,51.93508,135.461815],[19.267309,51.935146,135.688266],[19.266945,51.935194,134.847562],[19.266602,51.93525,134.87005],[19.266249,51.935307,135.533813],[19.265905,51.935364,134.607477],[19.265543,51.935419,134.853613],[19.265216,51.935474,134.952747],[19.264869,51.935525,135.186247],[19.264522,51.935577,134.850182],[19.264193,51.935627,134.88928],[19.26385,51.93568,135.188894],[19.263513,51.935733,135.322685],[19.263187,51.935785,136.60584],[19.262861,51.935832,137.1116],[19.262531,51.935885,137.588096],[19.262216,51.935931,137.88966],[19.261883,51.93599,138.245684],[19.261559,51.936036,138.08452],[19.261226,51.936081,138.314832],[19.2609,51.936128,138.896442],[19.260571,51.936168,137.927658],[19.260239,51.936214,138.10914],[19.259905,51.936263,138.901785],[19.259563,51.936311,139.129441],[19.259222,51.936363,139.230287],[19.258888,51.93641,140.315583],[19.258545,51.936457,139.701635],[19.258201,51.936508,139.979216],[19.257858,51.936557,139.859248],[19.257508,51.936608,139.956399],[19.257159,51.936655,140.139086],[19.256803,51.936704,140.413264],[19.25645,51.936755,141.041132],[19.256093,51.936806,141.122553],[19.255732,51.936858,141.332779],[19.255374,51.936908,142.835278],[19.254999,51.93696,142.041614],[19.254623,51.937002,142.015967],[19.254234,51.937044,142.715051],[19.253843,51.937095,143.287823],[19.25345,51.937148,143.362022],[19.253059,51.937201,144.001854],[19.252667,51.937258,143.754678],[19.252263,51.937315,144.122942],[19.251862,51.937373,143.998588],[19.251452,51.937433,143.51208],[19.251042,51.937494,144.551314],[19.250632,51.937554,145.918088],[19.250217,51.937615,145.976465],[19.249784,51.937676,146.497807],[19.249354,51.937737,146.992669],[19.248922,51.937799,147.439627],[19.248489,51.937863,146.965426],[19.248063,51.937923,147.936085],[19.247628,51.93799,148.017247],[19.247183,51.938057,148.132252],[19.246739,51.938119,148.454393],[19.246296,51.938179,147.595786],[19.245848,51.938239,148.238386],[19.2454,51.938302,148.223543],[19.244955,51.938367,148.32686],[19.244498,51.938429,148.1621],[19.244049,51.938491,148.219691],[19.243592,51.938553,148.567898],[19.243136,51.938616,148.60521],[19.24268,51.938681,149.059869],[19.242228,51.938743,149.105857],[19.241757,51.938803,149.185555],[19.24129,51.938861,149.969686],[19.240825,51.938924,148.769557],[19.240359,51.938988,148.902855],[19.239897,51.939054,148.673239],[19.239446,51.939113,147.879556],[19.239005,51.939169,147.199546],[19.238569,51.939224,147.282503],[19.238116,51.939269,146.530784],[19.237667,51.939317,146.669817],[19.237221,51.939367,145.805819],[19.236769,51.93941,145.288334],[19.236325,51.939452,144.475949],[19.235881,51.939489,144.328716],[19.23544,51.93953,144.521886],[19.235002,51.939569,144.965321],[19.234562,51.939602,144.637373],[19.234132,51.939633,144.246752],[19.233702,51.939663,144.100444],[19.233273,51.93969,143.458207],[19.232846,51.939719,144.065058],[19.232411,51.939748,144.526932],[19.231981,51.939768,144.113132],[19.231549,51.939789,144.322586],[19.231127,51.939811,143.734883],[19.230696,51.939833,144.236069],[19.230263,51.939848,144.490408],[19.229832,51.939862,144.351602],[19.229395,51.93988,144.96182],[19.22897,51.93989,144.793096],[19.228533,51.939901,144.634718],[19.228102,51.939915,144.357521],[19.22767,51.939918,144.145516],[19.227239,51.939924,144.265429],[19.226811,51.939932,144.393816],[19.226393,51.939935,144.144195],[19.22597,51.939938,144.262064],[19.225544,51.939939,144.684695],[19.225126,51.939942,144.123347],[19.22471,51.939944,143.995717],[19.224289,51.939944,143.757643],[19.223871,51.939943,143.978963],[19.223452,51.939945,144.740289],[19.223032,51.939945,144.020593],[19.222612,51.939945,144.274583],[19.222197,51.939943,144.143691],[19.221789,51.939941,144.328292],[19.221383,51.939937,144.286781],[19.220989,51.939937,143.991811],[19.220603,51.939933,143.577911],[19.220218,51.939928,143.371334],[19.219834,51.939926,143.360877],[19.219461,51.939923,143.505926],[19.219089,51.93992,143.282508],[19.218707,51.939913,143.366617],[19.218345,51.939907,143.194993],[19.217984,51.939907,143.02807],[19.217614,51.939904,143.087121],[19.217266,51.939901,143.078016],[19.216886,51.939895,143.052564],[19.21651,51.939886,142.447136],[19.216121,51.939873,142.0573],[19.215724,51.939864,143.011334],[19.215317,51.939855,142.625209],[19.214902,51.939852,143.637183],[19.214478,51.93985,143.702284],[19.214056,51.939848,144.022116],[19.213621,51.939847,145.116375],[19.213185,51.939853,146.496106],[19.212743,51.939856,147.070341],[19.212323,51.939859,147.918934],[19.211869,51.939864,147.323105],[19.211413,51.939863,148.323448],[19.210964,51.939868,148.457987],[19.21052,51.939874,148.888147],[19.210084,51.939881,149.70935],[19.209625,51.939889,148.22109],[19.209181,51.939901,148.769982],[19.208717,51.939912,149.663798],[19.208261,51.93993,150.367808],[19.207808,51.939948,150.487776],[19.207347,51.939971,150.332008],[19.206889,51.939991,150.199124],[19.206437,51.940011,150.317834],[19.205988,51.940036,149.681703],[19.205532,51.940059,149.95553],[19.205094,51.940083,149.690397],[19.204636,51.940104,149.607536],[19.204178,51.94013,150.175551],[19.203739,51.940155,149.635419],[19.20331,51.940183,150.312443],[19.20287,51.940212,149.597066],[19.202443,51.940243,149.097219],[19.20201,51.940273,149.416887],[19.201578,51.940307,148.931126],[19.201162,51.940348,148.286194],[19.200737,51.940377,149.100733],[19.200315,51.940413,148.427185],[19.199879,51.940455,149.158771],[19.199447,51.940492,149.165265],[19.199031,51.940537,148.911559],[19.198608,51.940577,149.390477],[19.19819,51.940626,149.132291],[19.197761,51.940672,148.761361],[19.197329,51.940722,148.164575],[19.196911,51.940773,146.608211],[19.196489,51.940828,147.246954],[19.196074,51.940879,146.852289],[19.195645,51.940931,147.003946],[19.195239,51.940977,147.298986],[19.194824,51.941034,146.496971],[19.194414,51.941092,146.055828],[19.193996,51.941154,145.506838],[19.193578,51.941215,145.088327],[19.193165,51.941274,144.492323],[19.192759,51.941338,144.323311],[19.192351,51.941405,144.111639],[19.191941,51.941476,144.135636],[19.191534,51.941545,144.040749],[19.191128,51.941617,144.185769],[19.19073,51.941688,143.656634],[19.190316,51.94176,142.382279],[19.189913,51.941834,142.35145],[19.189506,51.941912,143.099644],[19.189096,51.941991,142.810745],[19.188696,51.942076,142.687973],[19.188293,51.942154,142.975295],[19.187891,51.942236,142.729899],[19.187485,51.942319,142.732377],[19.18708,51.942407,142.964201],[19.186679,51.942504,142.682402],[19.186286,51.942594,142.863894],[19.185881,51.942683,143.816699],[19.185485,51.942769,143.631376],[19.185086,51.942858,143.611112],[19.18469,51.942949,143.21145],[19.184291,51.943048,142.968268],[19.183887,51.943144,142.913907],[19.183485,51.943246,143.842668],[19.18307,51.943345,143.95712],[19.182654,51.943441,144.177042],[19.182231,51.943545,144.315595],[19.181816,51.94365,144.941902],[19.181401,51.94376,145.162407],[19.180985,51.943872,145.055571],[19.180565,51.943986,145.110586],[19.180144,51.944099,144.563722],[19.179726,51.94422,144.829042],[19.179307,51.944339,145.023299],[19.178898,51.944471,145.495784],[19.178482,51.9446,146.311748],[19.178062,51.944727,146.207223],[19.177654,51.944862,146.500137],[19.177243,51.944988,146.957631],[19.176836,51.945119,146.352839],[19.176421,51.94525,146.868973],[19.176015,51.945384,146.847325],[19.175594,51.945511,146.625894],[19.175175,51.945639,146.189848],[19.17477,51.94577,147.210828],[19.174354,51.94591,147.256497],[19.173941,51.946045,147.019161],[19.173529,51.946182,146.781781],[19.173118,51.946314,146.458925],[19.172711,51.946453,146.712466],[19.172301,51.946598,146.17158],[19.17188,51.946747,145.262411],[19.171476,51.946901,145.721621],[19.171056,51.947041,145.506458],[19.170634,51.947186,145.28558],[19.170213,51.94733,145.701474],[19.1698,51.947478,145.602969],[19.169397,51.947625,145.351014],[19.169002,51.947772,144.559861],[19.168598,51.947918,144.376208],[19.168209,51.94806,143.133877],[19.167834,51.948189,142.840984],[19.167454,51.948317,142.709726],[19.16708,51.948448,141.726095],[19.166701,51.948574,141.274521],[19.166332,51.948702,140.966901],[19.165959,51.948829,140.815862],[19.165606,51.948947,140.065638],[19.165251,51.949077,139.558004],[19.164898,51.949194,138.726661],[19.164554,51.949314,138.178015],[19.164199,51.949436,136.23157],[19.16385,51.949558,136.900316],[19.163499,51.949677,136.51354],[19.163129,51.949797,134.513301],[19.162765,51.949914,133.926682],[19.1624,51.950028,133.179656],[19.162024,51.950142,131.54177],[19.161649,51.950251,131.725411],[19.161274,51.950367,131.86949],[19.160908,51.950479,132.215383],[19.160537,51.950593,131.74382],[19.160162,51.950702,132.092977],[19.159783,51.950811,132.402208],[19.159402,51.950917,131.974777],[19.159025,51.951026,131.677224],[19.158642,51.951128,132.286339],[19.158252,51.951236,132.20987],[19.157872,51.951337,132.079477],[19.157487,51.951436,131.67224],[19.157106,51.951532,131.489277],[19.156716,51.951635,131.330563],[19.15633,51.951727,131.326068],[19.155942,51.951819,131.996021],[19.155556,51.95191,131.659404],[19.155167,51.952002,131.399829],[19.154772,51.952094,130.971981],[19.154379,51.952186,131.571196],[19.153996,51.952274,132.833572],[19.153604,51.95236,132.561129],[19.15322,51.952437,131.754262],[19.152836,51.95252,132.925579],[19.152444,51.952606,132.479545],[19.152048,51.952692,132.197015],[19.151651,51.952777,132.782173],[19.151256,51.952864,133.841123],[19.150854,51.952945,133.764501],[19.150451,51.953032,133.378652],[19.150048,51.953121,133.686621],[19.149643,51.953205,134.114773],[19.149232,51.953296,133.959867],[19.148816,51.953384,134.170029],[19.148392,51.953473,134.608691],[19.147965,51.953571,135.308217],[19.14753,51.953647,135.303059],[19.14711,51.953728,136.369655],[19.146688,51.953818,136.456216],[19.146266,51.953902,136.345404],[19.145845,51.953989,135.952354],[19.145427,51.954072,136.29925],[19.145013,51.954156,137.041972],[19.144591,51.954245,137.064092],[19.144174,51.954331,136.880771],[19.143752,51.95442,137.464604],[19.143329,51.954507,137.572032],[19.142916,51.9546,138.037974],[19.1425,51.95469,138.04761],[19.142093,51.954782,137.36226],[19.141682,51.954872,137.30027],[19.141265,51.954963,137.083709],[19.140855,51.955062,136.541507],[19.140447,51.955159,137.349999],[19.140032,51.955259,136.726799],[19.13962,51.955356,136.488017],[19.139214,51.955455,136.2618],[19.138804,51.955562,135.872806],[19.138393,51.95565,135.189349],[19.138,51.955771,134.439366],[19.137594,51.955865,134.746024],[19.137193,51.955965,134.143655],[19.136796,51.95607,133.733648],[19.136402,51.956182,134.010907],[19.136005,51.956292,133.984288],[19.135618,51.9564,133.550792],[19.135231,51.956509,133.117495],[19.134845,51.95662,133.380568],[19.134451,51.95674,133.17671],[19.134065,51.95685,132.585987],[19.133677,51.956965,132.783548],[19.133301,51.957081,132.991709],[19.132925,51.957196,132.686512],[19.132543,51.957317,132.689077],[19.132146,51.957443,132.37531],[19.131765,51.957568,132.44894],[19.131378,51.957695,132.435789],[19.130997,51.957826,131.788775],[19.130608,51.957962,131.42927],[19.130233,51.958095,131.972928],[19.129855,51.958224,132.024876],[19.129476,51.958357,132.8307],[19.129088,51.958495,132.50279],[19.12869,51.958636,132.694088],[19.128277,51.95878,132.429096],[19.127869,51.95892,132.068369],[19.127469,51.95906,132.948977],[19.127075,51.959212,131.435213],[19.126693,51.959363,132.037929],[19.126284,51.959523,131.403183],[19.125899,51.959684,131.179927],[19.125516,51.959837,131.364815],[19.125126,51.960001,130.992572],[19.12473,51.960159,130.494663],[19.124332,51.960315,130.069949],[19.12394,51.960473,130.224954],[19.123518,51.960651,129.749467],[19.123129,51.960817,129.224148],[19.122746,51.960982,129.507737],[19.122356,51.961153,129.755547],[19.121966,51.961326,129.307342],[19.121554,51.961495,129.113078],[19.121165,51.961667,129.020545],[19.120769,51.961834,128.728527],[19.120354,51.962,129.088342],[19.119949,51.96217,128.848756],[19.119543,51.962346,128.491919],[19.119142,51.962518,128.544107],[19.118738,51.962688,126.709577],[19.118335,51.962858,126.472319],[19.117933,51.963036,125.811669],[19.117532,51.963201,125.112865],[19.117123,51.963352,125.226866],[19.116713,51.963509,124.999319],[19.116305,51.963665,123.902819],[19.115901,51.963823,123.087277],[19.115493,51.963969,123.448555],[19.115084,51.964117,123.26587],[19.114689,51.964268,123.270208],[19.114296,51.964417,122.148174],[19.113887,51.96456,121.955113],[19.113484,51.964704,122.45719],[19.113076,51.964842,121.776627],[19.112685,51.964981,121.98853],[19.112284,51.965118,120.848543],[19.11189,51.965254,120.554941],[19.111494,51.965381,120.877857],[19.111118,51.965513,119.61859],[19.110703,51.965633,119.417937],[19.110298,51.965752,120.653242],[19.109906,51.965872,120.457278],[19.10951,51.965998,120.500763],[19.109116,51.96612,119.971084],[19.108722,51.966241,119.655981],[19.108342,51.966361,119.517715],[19.107951,51.966482,119.597806],[19.107547,51.966597,119.315396],[19.107149,51.966715,119.815401],[19.106749,51.966821,119.639599],[19.106344,51.966936,119.042206],[19.105942,51.967046,118.906153],[19.105548,51.96716,119.657131],[19.105157,51.967272,118.806031],[19.104763,51.967388,119.509098],[19.104373,51.967499,119.545203],[19.10399,51.96761,119.403014],[19.103617,51.967725,119.138865],[19.103226,51.967834,119.087692],[19.10285,51.967941,118.133965],[19.102469,51.968056,117.396041],[19.102099,51.968173,117.007537],[19.10172,51.968271,116.933367],[19.101329,51.968382,115.875253],[19.100942,51.968509,116.408836],[19.100532,51.968607,117.223567],[19.100129,51.968717,117.096389],[19.099715,51.968835,117.734904],[19.099287,51.968952,118.057172],[19.09887,51.969065,118.896733],[19.098441,51.969179,118.39967],[19.098002,51.969304,119.602458],[19.097593,51.969431,120.449951],[19.097174,51.969571,119.357983],[19.09674,51.969693,120.402347],[19.096296,51.969825,120.283638],[19.095873,51.969957,120.540823],[19.095444,51.970081,121.333241],[19.095005,51.970213,122.127269],[19.094576,51.970352,122.715603],[19.094145,51.970497,121.469137],[19.093715,51.970639,120.060762],[19.093294,51.970777,120.43392],[19.092876,51.970919,120.100502],[19.092477,51.971065,120.076629],[19.092083,51.971208,119.145536],[19.091684,51.971351,119.430628],[19.091279,51.971503,117.858245],[19.090871,51.971639,118.273575],[19.090484,51.971786,119.463558],[19.090086,51.971936,119.456442],[19.0897,51.972092,117.580341],[19.089311,51.97225,115.151459],[19.088929,51.972399,114.90591],[19.088547,51.972545,114.819063],[19.088181,51.9727,114.445647],[19.087802,51.972844,115.022148],[19.087426,51.972986,116.633648],[19.087045,51.973132,116.629813],[19.086674,51.973277,116.767573],[19.086311,51.973433,115.852562],[19.085937,51.973579,116.027921],[19.085584,51.973731,116.417144],[19.085213,51.973889,115.70623],[19.084847,51.974063,115.662356],[19.084475,51.974205,117.561919],[19.084093,51.974367,117.390475],[19.083751,51.974525,117.954529],[19.083398,51.974701,118.00593],[19.083054,51.974866,117.434014],[19.082698,51.975018,118.660494],[19.082338,51.975185,118.844801],[19.082001,51.975341,119.132219],[19.081655,51.975511,119.960145],[19.081323,51.975687,119.913683],[19.08099,51.975854,120.155474],[19.080664,51.976026,120.017222],[19.080332,51.976196,119.432046],[19.079997,51.976364,119.021888],[19.079663,51.976529,119.34294],[19.07933,51.976698,119.647724],[19.078994,51.976867,119.780069],[19.078679,51.977036,119.494883],[19.078364,51.977204,119.952356],[19.078042,51.977373,119.476438],[19.077729,51.977542,118.835442],[19.077402,51.977711,118.917218],[19.077105,51.977883,119.065482],[19.076793,51.978056,119.328179],[19.07648,51.978231,118.316573],[19.076158,51.978404,118.94022],[19.075833,51.978581,119.654238],[19.075521,51.978763,119.775164],[19.075197,51.97894,119.961516],[19.07488,51.979126,119.831086],[19.074547,51.979307,120.245987],[19.074238,51.979494,120.437945],[19.073914,51.979682,119.952485],[19.0736,51.979874,119.840679],[19.073284,51.980062,119.833445],[19.072957,51.980254,119.712309],[19.072631,51.980445,118.46811],[19.072316,51.980636,118.30523],[19.071995,51.980822,117.906994],[19.071678,51.981005,116.291425],[19.071362,51.981185,116.762445],[19.071044,51.981364,117.0446],[19.070735,51.981551,117.554888],[19.070416,51.981736,116.672849],[19.070096,51.981927,116.902739],[19.069775,51.982117,117.735625],[19.069456,51.982306,117.198711],[19.069137,51.982495,116.935002],[19.068809,51.982684,116.234626],[19.068486,51.982873,116.34441],[19.068158,51.983065,117.108151],[19.06783,51.983256,116.757583],[19.067501,51.983454,116.919618],[19.067167,51.98365,116.634493],[19.066836,51.98384,115.325719],[19.066503,51.984029,115.907026],[19.066173,51.984217,114.571684],[19.065853,51.984406,114.269599],[19.065522,51.984595,114.955187],[19.065187,51.984787,114.678984],[19.064855,51.984972,114.279585],[19.064521,51.985157,113.962431],[19.064184,51.985344,113.432083],[19.06385,51.985529,113.116445],[19.063515,51.985714,112.084196],[19.063182,51.985899,111.595189],[19.062844,51.986082,111.306663],[19.062498,51.986267,110.149777],[19.062155,51.98645,109.922979],[19.061809,51.986629,110.155984],[19.061463,51.986811,108.55695],[19.061113,51.986996,109.67343],[19.060768,51.987177,109.627329],[19.060412,51.98737,109.148406],[19.060066,51.987549,109.656076],[19.0597,51.987733,109.736621],[19.059349,51.98791,110.215439],[19.058999,51.988078,110.342297],[19.058641,51.988254,109.713501],[19.058294,51.988423,110.768211],[19.057946,51.988594,111.302265],[19.057597,51.988763,111.61294],[19.057248,51.988925,111.143015],[19.056898,51.989092,110.871184],[19.05654,51.989254,110.818299],[19.05618,51.989406,111.087594],[19.055815,51.989555,111.266126],[19.055443,51.989706,111.903566],[19.055076,51.989859,112.558919],[19.054707,51.990012,112.836255],[19.054327,51.990159,114.19464],[19.053948,51.99031,114.957835],[19.053565,51.990456,115.544304],[19.053184,51.990614,115.600885],[19.052787,51.990766,115.53011],[19.052399,51.99091,116.446145],[19.052024,51.991061,116.868058],[19.051637,51.991207,117.595252],[19.051254,51.991349,118.174308],[19.050863,51.991491,118.115877],[19.050475,51.991633,117.649223],[19.050087,51.991771,117.356584],[19.049697,51.991906,117.817193],[19.049301,51.992038,117.689833],[19.048926,51.992176,117.292324],[19.048537,51.992308,116.606583],[19.048147,51.992437,116.782807],[19.047771,51.992558,117.802465],[19.04737,51.992688,117.553042],[19.046979,51.992803,119.265403],[19.046602,51.992931,118.92566],[19.046215,51.993049,118.617754],[19.04583,51.99316,119.18528],[19.045429,51.993285,119.081508],[19.045026,51.993404,118.310404],[19.044628,51.99351,118.891574],[19.044234,51.99362,118.620061],[19.043843,51.993733,117.730686],[19.043444,51.993839,117.309756],[19.043047,51.993942,117.014783],[19.042669,51.994045,116.863059],[19.042277,51.994146,116.530171],[19.041883,51.994245,116.23506],[19.041491,51.99435,115.122088],[19.04111,51.994445,114.852965],[19.040696,51.994548,113.730229],[19.040304,51.994641,114.331713],[19.039893,51.994732,115.176545],[19.039489,51.994818,115.37786],[19.039083,51.994913,114.83585],[19.038667,51.99501,114.648147],[19.038253,51.995098,114.528028],[19.037851,51.995182,115.144692],[19.037433,51.995273,116.037087],[19.037023,51.995358,115.875612],[19.036607,51.99544,114.764117],[19.036196,51.995519,114.830514],[19.035787,51.995591,113.672398],[19.035379,51.995672,113.047624],[19.034981,51.995754,113.422537],[19.034589,51.995823,113.118186],[19.034205,51.995888,113.649354],[19.033814,51.995949,112.60123],[19.033422,51.99602,113.095484],[19.033034,51.996087,113.043381],[19.03265,51.996147,112.424607],[19.032274,51.996203,111.642974],[19.031896,51.996263,111.262063],[19.031522,51.996319,110.921864],[19.031164,51.996378,110.527068],[19.03081,51.996435,109.8536],[19.030446,51.996497,110.04012],[19.030088,51.996554,110.115084],[19.029732,51.996621,110.241462],[19.02937,51.996681,110.105606],[19.029003,51.996743,110.544718],[19.028617,51.996799,111.189056],[19.028215,51.996848,111.495289],[19.027815,51.996908,112.149752],[19.027411,51.996967,112.586717],[19.026983,51.997013,112.95723],[19.026562,51.997059,112.250821],[19.026138,51.9971,113.782883],[19.025716,51.997159,113.713379],[19.025298,51.997226,111.409993],[19.024867,51.997286,111.312423],[19.024444,51.997342,112.467539],[19.023988,51.997396,112.256205],[19.023545,51.997446,113.194337],[19.023108,51.997499,112.839326],[19.022669,51.997557,113.905668],[19.022233,51.997622,114.505446],[19.02179,51.997683,113.791223],[19.021334,51.997742,113.455041],[19.020896,51.997793,113.516487],[19.02046,51.997849,113.458786],[19.02001,51.997904,113.719712],[19.019562,51.99796,114.35028],[19.0191,51.998026,113.644652],[19.018639,51.998087,112.7044],[19.018186,51.99815,112.468837],[19.017744,51.998217,111.616564],[19.017313,51.998281,111.012204],[19.016885,51.998342,110.819849],[19.016459,51.998398,110.673606],[19.016035,51.998453,110.303005],[19.015617,51.998499,110.302454],[19.015209,51.998551,110.840583],[19.014793,51.998592,111.824341],[19.014362,51.998643,111.509769],[19.013934,51.998699,111.718357],[19.013501,51.998755,111.790284],[19.013058,51.998821,111.15487],[19.012633,51.998886,111.556128],[19.012195,51.998948,112.203202],[19.011771,51.999008,114.252255],[19.011314,51.999079,112.864344],[19.01088,51.999146,113.179324],[19.010443,51.999211,113.723922],[19.010001,51.999281,114.248403],[19.009559,51.999348,114.913907],[19.009115,51.999423,114.948858],[19.008674,51.999497,115.736617],[19.008239,51.999571,115.369572],[19.007806,51.999656,115.462568],[19.007349,51.999711,116.592951],[19.006904,51.999803,117.021174],[19.006447,51.999896,117.537002],[19.005996,51.999979,117.950995],[19.005549,52.000055,120.034819],[19.005092,52.000137,120.568145],[19.004667,52.000219,122.729719],[19.004199,52.000322,121.893368],[19.003756,52.000416,121.112901],[19.003296,52.000521,120.674504],[19.002853,52.000613,121.704758],[19.002406,52.000709,122.641413],[19.001967,52.000801,123.477434],[19.001534,52.000904,125.875568],[19.001091,52.000988,125.978568],[19.000665,52.001078,126.339791],[19.00022,52.001182,128.91413],[18.999766,52.001272,129.334798],[18.999299,52.001362,129.29356],[18.998854,52.001459,129.831264],[18.998416,52.001559,128.981273],[18.997973,52.001667,128.365384],[18.997525,52.001774,129.621607],[18.997073,52.001867,130.105524],[18.996643,52.001975,129.454204],[18.996191,52.002081,129.322151],[18.995756,52.002179,129.802676],[18.995308,52.002277,131.258012],[18.994854,52.002387,131.734072],[18.994416,52.002496,132.66958],[18.993951,52.002597,132.12651],[18.993482,52.002722,132.219327],[18.993043,52.002853,131.78844],[18.992611,52.002999,131.765963],[18.992169,52.003128,132.029172],[18.991736,52.003256,131.1136],[18.991297,52.003401,129.890914],[18.990875,52.003546,127.848748],[18.99045,52.003685,126.485722],[18.990038,52.003812,125.419456],[18.98963,52.003938,124.927128],[18.989219,52.004071,124.505021],[18.988806,52.004195,123.855517],[18.98838,52.004322,123.056007],[18.987963,52.004439,122.767037],[18.987576,52.004564,121.634394],[18.987165,52.004701,121.321043],[18.986768,52.004831,121.163585],[18.986371,52.004957,120.756096],[18.985951,52.005097,119.614273],[18.98556,52.005244,118.011031],[18.985173,52.00538,118.053193],[18.984764,52.005511,117.032209],[18.984367,52.005663,116.278818],[18.983972,52.005795,115.726373],[18.983566,52.005943,114.801347],[18.983152,52.006082,115.615367],[18.982754,52.00622,115.953556],[18.982364,52.006354,115.201427],[18.981965,52.006497,113.841416],[18.981573,52.006631,114.746608],[18.981188,52.006772,114.761695],[18.980801,52.006909,114.84591],[18.980398,52.007041,116.081505],[18.979995,52.007182,115.87982],[18.979596,52.007324,115.873564],[18.9792,52.007468,115.695094],[18.978792,52.007611,116.098799],[18.978385,52.007757,116.861591],[18.97798,52.007903,116.656986],[18.977579,52.008047,116.887114],[18.977179,52.008189,116.983783],[18.976783,52.008336,116.794193],[18.976394,52.008469,117.854086],[18.976015,52.008618,116.784674],[18.975631,52.008764,115.663216],[18.975248,52.008896,115.743588],[18.974857,52.009034,115.663628],[18.974479,52.009165,115.374216],[18.974092,52.0093,115.134695],[18.973716,52.009426,115.831108],[18.973336,52.00955,116.116213],[18.972956,52.009675,116.531905],[18.972582,52.009795,117.099143],[18.97221,52.009927,115.631541],[18.971841,52.010046,114.919507],[18.971483,52.010161,115.453157],[18.971112,52.01028,115.831224],[18.970739,52.010397,116.005003],[18.970367,52.010516,116.390825],[18.969996,52.01063,116.051743],[18.969621,52.010744,116.95591],[18.969255,52.010845,116.479799],[18.968887,52.010961,116.849453],[18.96852,52.01106,117.139768],[18.968147,52.011171,117.095603],[18.967775,52.011275,116.461584],[18.967398,52.011386,115.738982],[18.967028,52.011489,115.637101],[18.966661,52.011591,114.188134],[18.9663,52.01168,115.496132],[18.965928,52.011772,115.89201],[18.965571,52.011849,115.373232],[18.965206,52.011934,114.87948],[18.964851,52.012022,116.043038],[18.96448,52.012112,116.17439],[18.964126,52.012197,117.430574],[18.963772,52.012281,117.603974],[18.963407,52.012359,117.387974],[18.96305,52.01244,118.480484],[18.962702,52.012519,117.696983],[18.962358,52.012592,117.424642],[18.962026,52.012677,117.01894],[18.961694,52.012747,116.020513],[18.961361,52.01282,115.523072],[18.961019,52.01289,115.894994],[18.960686,52.012961,115.818439],[18.960348,52.013028,115.796438],[18.960002,52.013111,113.759928],[18.959654,52.013197,113.46726],[18.959318,52.013268,114.955452],[18.958966,52.013338,115.374672],[18.958616,52.013404,115.469906],[18.958259,52.013481,115.978553],[18.957904,52.013557,116.402182],[18.957569,52.013635,114.926781],[18.957225,52.013708,115.669159],[18.956873,52.013779,116.658723],[18.956525,52.01385,116.687924],[18.956176,52.013913,116.604383],[18.955824,52.013983,117.608089],[18.955491,52.014045,117.755347],[18.955143,52.014124,119.748303],[18.954799,52.014197,120.77836],[18.954466,52.014271,119.071224],[18.954155,52.014351,120.202249],[18.953841,52.014422,119.079119],[18.953533,52.014493,117.920237],[18.953231,52.014552,117.168213],[18.952934,52.014609,116.89382],[18.952662,52.014679,116.783489],[18.952372,52.014735,116.939038],[18.952087,52.014798,116.222689],[18.951816,52.014865,116.072725],[18.951533,52.014931,117.115678],[18.951249,52.014996,116.692731],[18.950956,52.015062,116.652237],[18.950685,52.015129,117.662752],[18.950404,52.01519,116.315977],[18.950123,52.015256,115.897601],[18.949846,52.015325,116.900049],[18.949567,52.015393,117.164118],[18.949284,52.01547,116.239217],[18.949002,52.01555,117.303842],[18.948719,52.015631,116.511971],[18.948437,52.015705,117.172106],[18.948149,52.015772,117.885117],[18.947856,52.015849,118.043019],[18.94756,52.01592,116.993232],[18.947263,52.016008,116.807605],[18.946975,52.016083,117.004462],[18.946685,52.016168,116.253853],[18.94638,52.016252,116.181395],[18.946069,52.016341,116.746049],[18.945774,52.016415,117.997587],[18.945462,52.016517,117.317295],[18.945141,52.016607,117.56274],[18.944833,52.016706,118.394172],[18.944508,52.016802,118.992594],[18.94418,52.016897,119.461879],[18.943846,52.017,119.935423],[18.943528,52.017098,123.480469],[18.943194,52.017204,124.038427],[18.942847,52.017311,123.480046],[18.942496,52.017425,123.530049],[18.942131,52.017518,122.449188],[18.941762,52.01764,122.169182],[18.941391,52.017764,120.140563],[18.941036,52.017885,121.208836],[18.940679,52.018,121.526461],[18.940326,52.018129,121.551667],[18.939974,52.018242,122.287348],[18.939629,52.018367,121.182729],[18.939279,52.018487,121.125678],[18.938929,52.018603,122.658383],[18.938556,52.018731,122.865432],[18.938192,52.018846,123.034929],[18.937837,52.018971,124.329116],[18.937468,52.019094,123.447805],[18.937106,52.019217,123.403463],[18.936736,52.01934,123.466218],[18.936384,52.019457,124.676868],[18.936023,52.019573,124.918292],[18.935644,52.019698,124.283237],[18.935265,52.019812,124.251822],[18.934886,52.019933,125.46509],[18.934509,52.02006,125.590627],[18.934132,52.020187,124.400019],[18.933766,52.020311,124.628611],[18.933411,52.020443,123.83461],[18.933054,52.020564,124.259347],[18.932691,52.020688,124.332016],[18.932334,52.020802,124.49062],[18.931976,52.020918,126.143453],[18.931618,52.021039,126.778801],[18.931248,52.021166,125.938578],[18.930881,52.021296,126.253725],[18.930506,52.021415,125.690253],[18.930143,52.021535,125.509831],[18.929783,52.021664,125.722126],[18.929411,52.021792,125.335546],[18.92905,52.021917,124.892781],[18.928677,52.02204,124.834968],[18.928309,52.022159,124.025294],[18.927947,52.022281,123.898413],[18.92757,52.0224,123.728334],[18.927202,52.022522,123.57293],[18.926832,52.022643,123.021562],[18.926454,52.02276,122.711112],[18.926078,52.022885,122.613198],[18.925708,52.023018,122.076997],[18.925337,52.023147,121.888191],[18.92496,52.023275,121.950476],[18.924594,52.023413,121.337996],[18.924208,52.023537,121.46957],[18.923839,52.023665,121.695331],[18.923474,52.023787,122.262228],[18.923115,52.023911,121.282898],[18.922751,52.024034,121.738415],[18.922397,52.024164,121.811176],[18.922027,52.024291,121.61503],[18.921675,52.024415,121.398608],[18.921322,52.024536,121.447933],[18.920973,52.02465,122.332169],[18.920643,52.02477,123.19556],[18.920308,52.024884,123.247544],[18.919971,52.024993,123.109677],[18.919629,52.025092,124.314537],[18.91929,52.025193,125.75057],[18.918951,52.025295,124.757403],[18.918603,52.025393,124.439604],[18.918248,52.025491,125.763325],[18.917898,52.025589,125.030331],[18.917536,52.025691,125.12294],[18.917172,52.025792,123.973478],[18.916834,52.025897,124.740911],[18.916491,52.025989,125.30568],[18.916116,52.026092,125.257387],[18.915746,52.026196,125.944785],[18.915383,52.026286,126.708341],[18.91501,52.026374,126.627176],[18.91463,52.026479,125.886679],[18.914273,52.026568,126.325382],[18.913893,52.026663,125.958722],[18.913522,52.026764,126.222221],[18.913138,52.026854,126.824316],[18.912762,52.026941,126.19815],[18.912392,52.027031,127.323808],[18.912,52.027127,126.056719],[18.91162,52.027211,125.568064],[18.911259,52.027288,125.504483],[18.910886,52.027371,124.823079],[18.9105,52.027458,124.207643],[18.910118,52.027539,124.80806],[18.909727,52.02762,122.741064],[18.909355,52.027693,123.458152],[18.908976,52.027775,123.001892],[18.908612,52.027853,122.393636],[18.908246,52.027931,122.284771],[18.907869,52.028012,121.656063],[18.907492,52.028082,121.662383],[18.907116,52.028161,121.550714],[18.906747,52.028232,120.015422],[18.906369,52.028301,118.596674],[18.905996,52.028377,117.891371],[18.905623,52.028451,117.893387],[18.905249,52.028523,117.048678],[18.904871,52.02859,117.678459],[18.904491,52.028672,116.450007],[18.904123,52.028744,116.515059],[18.903765,52.028822,117.290433],[18.90339,52.028897,117.2233],[18.903018,52.028969,116.687279],[18.902653,52.029051,114.539873],[18.902287,52.029119,114.049937],[18.901921,52.02919,112.701386],[18.901565,52.029254,113.288747],[18.901211,52.029324,114.323739],[18.900856,52.029395,113.940612],[18.900496,52.029472,113.461423],[18.900138,52.029542,114.349083],[18.899771,52.029624,114.626513],[18.899411,52.029692,114.906409],[18.899038,52.02976,114.361105],[18.898682,52.02983,114.497923],[18.898335,52.029902,114.67883],[18.897984,52.029973,114.364696],[18.897641,52.030044,114.324911],[18.897299,52.030112,114.427021],[18.896947,52.030182,114.425624],[18.896619,52.030254,114.369349],[18.896285,52.030331,114.352197],[18.895953,52.030402,115.423403],[18.895632,52.030476,115.138831],[18.895298,52.030546,115.547888],[18.894974,52.030623,114.62685],[18.894638,52.030687,115.04011],[18.894319,52.030754,115.1496],[18.893991,52.030826,115.815087],[18.89366,52.030893,116.215441],[18.893333,52.03097,116.087034],[18.893003,52.031041,116.135298],[18.892661,52.031111,116.18266],[18.89232,52.031181,117.203751],[18.891981,52.03125,117.38306],[18.891639,52.03132,117.089184],[18.891299,52.03139,116.880795],[18.890969,52.031462,116.902162],[18.890621,52.03153,116.588494],[18.89029,52.031599,116.744834],[18.889944,52.031669,115.865052],[18.889617,52.031741,115.990857],[18.889277,52.031818,115.949716],[18.888946,52.031918,116.355415],[18.888599,52.032001,115.46594],[18.888259,52.032084,115.241324],[18.887919,52.032161,114.534334],[18.887594,52.032252,114.292572],[18.887245,52.032333,114.160481],[18.886903,52.032415,113.793604],[18.886569,52.032501,113.544564],[18.886228,52.032585,112.5624],[18.885899,52.032681,112.960391],[18.885576,52.03276,113.225471],[18.885262,52.032841,112.972139],[18.884935,52.032938,112.07],[18.884611,52.033027,111.892801],[18.884287,52.033108,111.819893],[18.883964,52.03319,110.917988],[18.883632,52.033284,111.548431],[18.883319,52.033372,111.9849],[18.883006,52.033456,112.141363],[18.882687,52.033536,112.203796],[18.882366,52.033618,112.362882],[18.882034,52.033693,112.650744],[18.881689,52.033788,112.536358],[18.881342,52.033886,112.851182],[18.880974,52.034006,113.501495],[18.880615,52.034118,113.392726],[18.880247,52.034226,114.042242],[18.879879,52.034335,114.051382],[18.879505,52.034448,114.13112],[18.879124,52.03457,113.927471],[18.87874,52.034689,113.875451],[18.878377,52.034839,114.924851],[18.878005,52.034953,114.959231],[18.877633,52.035086,115.437401],[18.877265,52.035207,115.740238],[18.876878,52.035347,112.902671],[18.876498,52.035481,112.954593],[18.876126,52.035617,112.340192],[18.875751,52.035756,112.372093],[18.875362,52.035887,112.757529],[18.874988,52.036024,112.953111],[18.874593,52.036165,112.831193],[18.87421,52.036305,112.949646],[18.873828,52.036452,112.300438],[18.873438,52.0366,111.866405],[18.87306,52.036748,112.202512],[18.872683,52.03689,113.152412],[18.872288,52.037056,111.704855],[18.87192,52.037192,112.783055],[18.87154,52.03734,114.007177],[18.871177,52.037486,114.254511],[18.870795,52.037642,114.018208],[18.870416,52.037803,113.010919],[18.870039,52.037962,112.943231],[18.869652,52.038119,113.050492],[18.869276,52.03828,112.41528],[18.868911,52.038443,112.16253],[18.868541,52.038609,112.174209],[18.868165,52.038775,111.920476],[18.867791,52.038952,111.126182],[18.86743,52.039119,110.964233],[18.867066,52.039284,110.715374],[18.866709,52.039452,109.63894],[18.866348,52.039621,110.077232],[18.865988,52.039796,110.2373],[18.865632,52.03997,109.877261],[18.865287,52.040141,109.502711],[18.864931,52.040319,110.239487],[18.864583,52.040496,110.607321],[18.864228,52.040673,110.411006],[18.863871,52.040852,111.175775],[18.863519,52.041025,112.09605],[18.863168,52.041203,111.931528],[18.862823,52.041385,111.839931],[18.862478,52.041568,110.847223],[18.862149,52.041746,110.847686],[18.861826,52.041934,110.746745],[18.861477,52.042115,110.866316],[18.861146,52.042303,110.830038],[18.860794,52.042481,110.820638],[18.860466,52.042677,110.148833],[18.860131,52.042868,110.098444],[18.859795,52.043059,111.083471],[18.85946,52.043257,111.033487],[18.859127,52.043459,110.647752],[18.858788,52.043663,109.903607],[18.858458,52.04387,109.7578],[18.858122,52.044079,110.213143],[18.857784,52.044284,109.480988],[18.857448,52.044494,110.047919],[18.857113,52.044702,109.886937],[18.856786,52.044922,110.100877],[18.856455,52.045135,108.999524],[18.856124,52.045344,109.182898],[18.855785,52.045558,109.693803],[18.855454,52.045772,109.779903],[18.855127,52.045973,109.976167],[18.854791,52.04618,109.880258],[18.854455,52.046388,109.802157],[18.854127,52.046603,109.927499],[18.853802,52.046823,110.199598],[18.853484,52.04703,109.573813],[18.85316,52.047236,109.582953],[18.852841,52.047439,108.484007],[18.85252,52.047649,108.139041],[18.852206,52.047859,108.175523],[18.851888,52.048075,108.593474],[18.851588,52.04826,107.945058],[18.851272,52.048471,107.847405],[18.85095,52.048684,107.270098],[18.850615,52.04893,107.120135],[18.850298,52.049136,106.978756],[18.849973,52.049336,106.910881],[18.849639,52.049572,107.336185],[18.849312,52.049811,105.932795],[18.849018,52.050032,107.560699],[18.848726,52.050249,106.791009],[18.848391,52.050484,107.48145],[18.848059,52.05071,107.733665],[18.847736,52.050917,107.771111],[18.847419,52.051133,107.821452],[18.847104,52.051342,110.145827],[18.846791,52.051559,108.991848],[18.846469,52.051777,110.073474],[18.846154,52.051987,111.074961],[18.845828,52.052207,111.25997],[18.845527,52.052418,111.44997],[18.845225,52.052631,111.381737],[18.844913,52.052853,110.774958],[18.844602,52.053073,110.879279],[18.844298,52.053293,111.075589],[18.843994,52.053509,110.641028],[18.843685,52.053727,110.111649],[18.843398,52.053935,109.757982],[18.843107,52.05413,109.42147],[18.842822,52.054327,109.591004],[18.842525,52.054521,107.990418],[18.84224,52.054717,108.065346],[18.841962,52.054899,108.330855],[18.841672,52.055077,108.041054],[18.841395,52.055267,109.283932],[18.84113,52.055467,108.495664],[18.84088,52.055641,107.186563],[18.840636,52.055813,106.325882],[18.840385,52.055983,105.586754],[18.840121,52.056152,105.241348],[18.83987,52.056326,104.902935],[18.839609,52.056497,104.656228],[18.839357,52.056668,104.0994],[18.83907,52.056849,105.104821],[18.83879,52.057038,105.689896],[18.838507,52.057223,105.550467],[18.838214,52.057413,105.819672],[18.83793,52.057601,106.056965],[18.837648,52.057785,106.194824],[18.837381,52.057962,105.158844],[18.837109,52.058138,105.333704],[18.836819,52.058331,105.116375],[18.836539,52.058516,105.843961],[18.836266,52.058697,106.693036],[18.835993,52.058879,106.329425],[18.835717,52.059062,105.623741],[18.835436,52.059249,105.148714],[18.835197,52.059436,104.709797],[18.834962,52.059591,103.651202],[18.834705,52.059755,103.863674],[18.834445,52.059938,104.134694],[18.834198,52.060109,104.231785],[18.833943,52.060284,104.308528],[18.833692,52.060442,104.333121],[18.833437,52.060607,104.108587],[18.833181,52.060775,103.756331],[18.832919,52.060944,103.56651],[18.83264,52.061133,104.229815],[18.832377,52.061313,104.028299],[18.832104,52.061496,104.501323],[18.831836,52.061686,104.703622],[18.83156,52.06186,104.946392],[18.831286,52.062038,105.131773],[18.831012,52.062213,105.191693],[18.830745,52.062394,105.295914],[18.830447,52.062589,106.040205],[18.830126,52.062803,105.644561],[18.829823,52.063002,106.257504],[18.829514,52.063203,105.154561],[18.829194,52.063406,105.102602],[18.828883,52.063598,104.192032],[18.828579,52.06379,104.10454],[18.828288,52.063986,105.121074],[18.827988,52.06419,104.946162],[18.827668,52.064373,105.514116],[18.82736,52.06455,106.54493],[18.82704,52.064744,106.64518],[18.826718,52.064929,105.764747],[18.826396,52.065115,105.347359],[18.826064,52.065302,105.954403],[18.825743,52.065479,105.545054],[18.825418,52.065664,105.128472],[18.825092,52.065842,105.129204],[18.824749,52.066022,104.841654],[18.82442,52.066194,105.52903],[18.824082,52.066367,105.740351],[18.823726,52.066559,105.489247],[18.823391,52.066733,105.920438],[18.823065,52.066903,107.143035],[18.822735,52.067085,107.172133],[18.822388,52.067261,106.735994],[18.822041,52.067442,106.231026],[18.821696,52.067623,105.363182],[18.821344,52.067797,104.305008],[18.820991,52.067961,105.778266],[18.82064,52.06813,106.448507],[18.820292,52.068303,107.470043],[18.819935,52.068483,107.861578],[18.819574,52.068655,108.175824],[18.819224,52.068824,108.693356],[18.818869,52.068991,108.811193],[18.818517,52.069166,108.377864],[18.818157,52.069336,107.702694],[18.817804,52.069498,109.307556],[18.817437,52.069669,109.362344],[18.817069,52.069847,109.714211],[18.816703,52.070029,108.191152],[18.81634,52.070205,109.528404],[18.815972,52.070377,109.621255],[18.815609,52.070551,108.733644],[18.815245,52.070727,108.490646],[18.814883,52.070896,108.435993],[18.814524,52.071075,107.611392],[18.814159,52.071253,106.551289],[18.813797,52.07143,106.652835],[18.81344,52.071599,107.853483],[18.813074,52.071772,108.343727],[18.812711,52.071951,108.41789],[18.812344,52.07213,108.258318],[18.811992,52.072316,107.877302],[18.811624,52.072491,108.564497],[18.811275,52.072665,107.798799],[18.810917,52.07285,107.947227],[18.810557,52.073031,109.515534],[18.810205,52.07322,109.19517],[18.80983,52.073407,108.348434],[18.809494,52.073611,107.645958],[18.809147,52.0738,108.519069],[18.808795,52.073999,108.526659],[18.808451,52.07418,108.984567],[18.808103,52.074372,109.087815],[18.807736,52.074561,110.55737],[18.807464,52.074735,110.888898],[18.807117,52.074933,110.050521],[18.806772,52.07513,110.247901],[18.806424,52.07533,110.603687],[18.806091,52.075519,110.08979],[18.805752,52.075722,109.280941],[18.805417,52.075928,109.56232],[18.80509,52.076128,109.098195],[18.804759,52.076339,110.742055],[18.804426,52.076548,110.92632],[18.804096,52.076746,110.538851],[18.803773,52.076947,110.859914],[18.80346,52.077172,110.766408],[18.803145,52.077393,111.517712],[18.802845,52.077603,110.164207],[18.802555,52.077808,109.62889],[18.802272,52.07802,109.791011],[18.801985,52.078225,108.485128],[18.801719,52.078422,108.103104],[18.80147,52.078588,107.802405],[18.801213,52.078776,107.672782],[18.80095,52.078975,107.516019],[18.800699,52.079165,106.867196],[18.800465,52.079337,105.932204],[18.800225,52.079514,106.088952],[18.799991,52.079689,106.249941],[18.799751,52.07985,106.026387],[18.79951,52.080035,105.564097],[18.799259,52.080244,104.950389],[18.799021,52.080425,104.049082],[18.798788,52.080605,103.215071],[18.798561,52.080782,102.682994],[18.798328,52.080967,102.57873],[18.798086,52.081154,102.544351],[18.797842,52.081338,102.563304],[18.797586,52.081527,102.298711],[18.797349,52.081708,102.114151],[18.7971,52.081901,101.839301],[18.796875,52.082094,102.976756],[18.796645,52.082277,102.213563],[18.796438,52.082475,102.347105],[18.796222,52.082655,102.392935],[18.796014,52.082815,102.444084],[18.795798,52.083011,103.688574],[18.795569,52.0832,101.70601],[18.795336,52.08338,103.310409],[18.795102,52.083558,102.25785],[18.79488,52.083767,103.225275],[18.794664,52.083953,104.570741],[18.794429,52.08414,103.14608],[18.794204,52.084338,103.028398],[18.793972,52.084532,103.679843],[18.79375,52.084723,103.330062],[18.793531,52.084911,103.420033],[18.793315,52.085089,103.620182],[18.793086,52.085283,103.503294],[18.792878,52.085458,103.472422],[18.792657,52.085642,103.402701],[18.792425,52.08583,103.093075],[18.792198,52.086001,102.642084],[18.791976,52.086183,103.024009],[18.791745,52.086359,102.663689],[18.791524,52.086543,102.491634],[18.791281,52.086722,101.807869],[18.791044,52.086904,102.158885],[18.790825,52.087068,102.357175],[18.790573,52.087258,101.99813],[18.790345,52.087441,101.800398],[18.79012,52.087629,102.868915],[18.789875,52.087819,102.652145],[18.789649,52.087996,102.65321],[18.789429,52.088166,102.472075],[18.789202,52.08833,102.278571],[18.788972,52.08849,102.737255],[18.788753,52.088656,102.134066],[18.78852,52.088828,101.661123],[18.78829,52.088994,103.273852],[18.788056,52.089144,101.919649],[18.787809,52.089306,101.777476],[18.787553,52.089481,101.225481],[18.787321,52.089639,101.612168],[18.787079,52.089791,102.079969],[18.786842,52.08995,100.802917],[18.786587,52.09012,101.053875],[18.786331,52.090298,101.751635],[18.786058,52.090483,102.106974],[18.785768,52.090665,101.831568],[18.785485,52.090832,101.659874],[18.785204,52.090987,102.246313],[18.784904,52.091167,102.489032],[18.784597,52.091358,102.030423],[18.784303,52.091532,103.171835],[18.784001,52.091711,103.3385],[18.783692,52.09189,102.902369],[18.783371,52.092077,102.001186],[18.783049,52.092269,101.474549],[18.78273,52.092455,102.069828],[18.782395,52.092643,102.212319],[18.782071,52.092834,102.833049],[18.781748,52.093005,102.744133],[18.781419,52.093185,102.728451],[18.781087,52.093365,103.484502],[18.78076,52.093539,103.584985],[18.780422,52.093703,105.021886],[18.780076,52.093884,103.377589],[18.779742,52.094052,104.085377],[18.779406,52.094231,103.732519],[18.779064,52.094399,103.651972],[18.778715,52.094569,103.331381],[18.778364,52.094735,103.226212],[18.778015,52.094898,103.396094],[18.77766,52.095063,103.115221],[18.777304,52.095234,102.55595],[18.77695,52.095394,103.236163],[18.776581,52.095558,103.101883],[18.776215,52.095716,104.542145],[18.775852,52.095875,104.850384],[18.775484,52.096031,105.555794],[18.77511,52.096188,106.222998],[18.774735,52.096347,106.449327],[18.77437,52.096499,107.1219],[18.773991,52.09666,106.366316],[18.773608,52.096813,106.167097],[18.773226,52.096963,106.473928],[18.772847,52.097115,106.492147],[18.772475,52.097273,105.942502],[18.772093,52.097425,105.81231],[18.771716,52.097579,105.472255],[18.771332,52.097727,105.360945],[18.770943,52.097873,105.386781],[18.770555,52.098023,105.068203],[18.770174,52.098171,104.891445],[18.769798,52.09832,104.661537],[18.769413,52.098469,104.497959],[18.769024,52.098612,104.847261],[18.768644,52.09876,104.609608],[18.768254,52.098908,104.034786],[18.767861,52.099054,103.470249],[18.767468,52.0992,103.522381],[18.767081,52.099351,101.942089],[18.766687,52.0995,102.020519],[18.766293,52.099648,101.979362],[18.765901,52.099792,102.608598],[18.765512,52.099939,102.866478],[18.765119,52.100079,104.525832],[18.764721,52.100227,104.393503],[18.764319,52.100378,104.265642],[18.76392,52.100526,104.934044],[18.763525,52.100679,105.240717],[18.763134,52.100838,104.613641],[18.762741,52.100996,104.174279],[18.762344,52.101152,103.758094],[18.761953,52.101308,103.941211],[18.761559,52.101468,103.509503],[18.761182,52.101628,103.658866],[18.760805,52.101792,103.25535],[18.760423,52.101952,103.093016],[18.76004,52.102123,101.77415],[18.759656,52.102289,101.437155],[18.759265,52.102453,101.856306],[18.758881,52.102613,103.520119],[18.758502,52.102786,103.283169],[18.758127,52.102962,102.518168],[18.757745,52.103132,102.766842],[18.757367,52.103306,102.645989],[18.756995,52.103482,102.859825],[18.756622,52.103659,102.293688],[18.756251,52.103833,102.970049],[18.75588,52.10401,103.12231],[18.755509,52.104189,102.865173],[18.755133,52.104371,102.847668],[18.754763,52.104553,102.328169],[18.754392,52.104731,102.915919],[18.754025,52.104912,102.787055],[18.753662,52.105095,102.428186],[18.7533,52.105284,101.299906],[18.752934,52.105467,101.767999],[18.752571,52.105655,101.62161],[18.752209,52.105843,101.203842],[18.751845,52.106029,101.087787],[18.751488,52.106218,101.501428],[18.751126,52.106399,102.709375],[18.750762,52.106586,103.014628],[18.750408,52.106771,103.802016],[18.750048,52.106955,103.973608],[18.749682,52.107139,105.072441],[18.749315,52.107329,105.187712],[18.748948,52.107515,105.873514],[18.748587,52.107702,106.612269],[18.748225,52.1079,105.377356],[18.747852,52.108093,104.943947],[18.747495,52.108278,105.424463],[18.747142,52.108464,105.993303],[18.746783,52.108658,105.152644],[18.746422,52.108846,104.977934],[18.746058,52.109031,105.233316],[18.745692,52.109225,103.446958],[18.745335,52.10941,103.826809],[18.744969,52.109598,103.048554],[18.74461,52.109785,102.595268],[18.744243,52.109967,102.873829],[18.743877,52.11015,102.753227],[18.743502,52.110335,102.097286],[18.743126,52.110516,102.055497],[18.742744,52.110693,102.198593],[18.742358,52.110869,102.555219],[18.741979,52.111044,102.589706],[18.7416,52.111218,102.286692],[18.741222,52.111392,101.992463],[18.740836,52.111562,101.982364],[18.740447,52.111724,102.738248],[18.740064,52.111899,101.288758],[18.739674,52.112068,101.003263],[18.739275,52.112228,101.593883],[18.738878,52.112398,100.093374],[18.738472,52.112562,99.647151],[18.738065,52.112724,99.371085],[18.737661,52.112894,97.562783],[18.737253,52.113051,97.346656],[18.736839,52.113207,97.433647],[18.736439,52.113364,97.203611],[18.736025,52.113522,96.517919],[18.735598,52.113675,96.328475],[18.73518,52.113828,95.761332],[18.734761,52.113978,95.905969],[18.734333,52.114127,95.658265],[18.733913,52.114276,95.158413],[18.733495,52.114419,95.452467],[18.733079,52.114567,94.618842],[18.732667,52.114713,94.50126],[18.732246,52.114848,95.344698],[18.731832,52.114986,94.912328],[18.731419,52.11512,94.687843],[18.731003,52.11525,94.513812],[18.73058,52.115374,95.131673],[18.730158,52.115501,95.371166],[18.729734,52.11563,94.967575],[18.729319,52.115755,95.043368],[18.728888,52.115877,95.274608],[18.728457,52.116001,95.259445],[18.728026,52.116117,95.618736],[18.727593,52.116249,95.865284],[18.727174,52.116364,96.322196],[18.726748,52.11648,95.746693],[18.72633,52.116583,95.839755],[18.72592,52.116679,95.838981],[18.725512,52.116799,94.917769],[18.725129,52.116893,95.070633],[18.724731,52.116976,95.442032],[18.724351,52.117081,95.225573],[18.723963,52.11717,95.003762],[18.72357,52.11725,95.618367],[18.723197,52.117338,96.546341],[18.72281,52.117417,96.439657],[18.722423,52.117502,97.509821],[18.722032,52.117576,97.172688],[18.721662,52.117667,97.468148],[18.721293,52.117742,95.900045],[18.720918,52.117813,96.02462],[18.720533,52.117888,96.258625],[18.720149,52.117948,99.142432],[18.719765,52.118024,95.985876],[18.719384,52.118089,96.743397],[18.718989,52.118172,96.914755],[18.718593,52.118237,97.394396],[18.7182,52.118303,96.842384],[18.717811,52.118365,97.489339],[18.717418,52.118424,97.448476],[18.717015,52.118495,97.047658],[18.71661,52.118559,96.986572],[18.716204,52.118632,97.02425],[18.715803,52.118704,97.543188],[18.715379,52.11877,97.301534],[18.714976,52.118835,96.993938],[18.714572,52.118896,97.200275],[18.714187,52.118951,97.023069],[18.713822,52.118994,96.230775],[18.713423,52.119034,95.49568],[18.713048,52.11909,97.072289],[18.712636,52.11915,95.956075],[18.712249,52.119205,96.633374],[18.711839,52.119252,97.222313],[18.711457,52.11929,97.14045],[18.711059,52.119343,96.768038],[18.710665,52.119402,96.831424],[18.710275,52.119444,97.254101],[18.709893,52.119501,97.462533],[18.70949,52.11956,97.994827],[18.709097,52.119604,98.036765],[18.708704,52.119671,98.213771],[18.708347,52.119721,98.263955],[18.707967,52.11973,98.234552],[18.707599,52.119772,97.088131],[18.707211,52.119825,97.16588],[18.706853,52.119834,97.245199],[18.706509,52.119864,96.428235],[18.706124,52.119922,96.837309],[18.705763,52.119947,96.362263],[18.705382,52.119997,95.853209],[18.705004,52.120044,96.35168],[18.704628,52.120082,96.091332],[18.704263,52.120114,96.280226],[18.703884,52.120158,97.234169],[18.703509,52.120195,97.166467],[18.703136,52.12024,96.899404],[18.702767,52.120287,96.747092],[18.702409,52.120325,97.085955],[18.702029,52.120371,96.803929],[18.701685,52.120417,97.498275],[18.70132,52.120466,97.330338],[18.700963,52.120516,98.291744],[18.700603,52.120563,98.543733],[18.700249,52.120605,99.476458],[18.699901,52.120644,99.334584],[18.69956,52.12068,99.211907],[18.699222,52.120721,99.623976],[18.698887,52.120756,99.830497],[18.698554,52.120796,100.242574],[18.698218,52.120834,100.724401],[18.697881,52.120872,100.445352],[18.69754,52.120917,100.380799],[18.697208,52.120956,100.894324],[18.696861,52.121001,101.717673],[18.696527,52.12105,102.153678],[18.696193,52.121069,103.279691],[18.695873,52.121122,103.084844],[18.695535,52.121173,102.363625],[18.695196,52.121218,102.20515],[18.694855,52.121249,102.014347],[18.694523,52.121299,103.67279],[18.694183,52.121351,104.681023],[18.693831,52.121401,105.075102],[18.693483,52.121459,105.298349],[18.693119,52.121512,105.215796],[18.692758,52.121565,105.80269],[18.692417,52.121617,107.171964],[18.692057,52.121672,107.66826],[18.691712,52.121727,107.177992],[18.691372,52.121783,107.806132],[18.691044,52.121852,106.9185],[18.690697,52.121905,107.414094],[18.690338,52.121961,106.506597],[18.689994,52.122018,106.544421],[18.689652,52.122071,106.563695],[18.689305,52.122125,106.508853],[18.688975,52.122187,106.500409],[18.688634,52.122244,107.496044],[18.688301,52.12231,107.075032],[18.687987,52.12237,106.601353],[18.687641,52.122428,107.125826],[18.687317,52.122495,106.915408],[18.686987,52.122563,106.183171],[18.68665,52.122627,106.0231],[18.686304,52.122692,105.818964],[18.68595,52.122766,105.75183],[18.685628,52.122845,105.856403],[18.68526,52.122923,106.713121],[18.684887,52.123003,106.095394],[18.684507,52.123071,106.857205],[18.684114,52.123151,106.989281],[18.683735,52.12323,107.649994],[18.68334,52.123313,107.719384],[18.682946,52.123403,107.878231],[18.682552,52.123489,108.241842],[18.682175,52.123594,107.953274],[18.681781,52.123682,108.748846],[18.681395,52.123784,108.918785],[18.680997,52.123893,108.737827],[18.680608,52.123996,109.049474],[18.680199,52.124107,109.458984],[18.679795,52.124221,109.540764],[18.67937,52.124343,109.426186],[18.678975,52.124459,110.3402],[18.678587,52.124574,110.195335],[18.678185,52.1247,108.741605],[18.677802,52.124827,108.602412],[18.677413,52.124941,107.636352],[18.677034,52.125051,107.540804],[18.67666,52.125148,107.126117],[18.676291,52.125253,107.509871],[18.675921,52.125359,107.688848],[18.675552,52.125459,107.3303],[18.675174,52.125581,105.88707],[18.674806,52.125692,105.860041],[18.674439,52.125814,105.934742],[18.674078,52.125919,104.563685],[18.673722,52.126032,104.302273],[18.673357,52.126143,104.5328],[18.673003,52.12625,103.980741],[18.672638,52.126375,103.974913],[18.672276,52.126495,103.794081],[18.67192,52.126606,103.063265],[18.67156,52.126721,102.032388],[18.671211,52.126831,101.827019],[18.670838,52.126938,103.774718],[18.670469,52.127053,103.544866],[18.670103,52.127168,104.095336],[18.669742,52.127273,103.658356],[18.66938,52.127377,104.281142],[18.669006,52.127479,103.597721],[18.66864,52.127584,103.505129],[18.668266,52.127683,102.954568],[18.667899,52.127783,103.268951],[18.667519,52.12788,103.306502],[18.667145,52.127993,103.520442],[18.666764,52.128098,103.369798],[18.666387,52.128202,103.185724],[18.666001,52.128296,102.865708],[18.665606,52.128386,102.854869],[18.665213,52.128477,104.005682],[18.664828,52.128575,102.925788],[18.664439,52.128672,103.407863],[18.664038,52.128768,102.069526],[18.66364,52.128856,102.340696],[18.663243,52.128942,102.100774],[18.662838,52.129025,101.648411],[18.66242,52.129126,101.560534],[18.662024,52.129214,101.329725],[18.661602,52.129308,100.303825],[18.661175,52.129394,100.457115],[18.660759,52.129471,100.120154],[18.660336,52.129553,99.907822],[18.659913,52.129631,99.335771],[18.659505,52.129707,98.667166],[18.659094,52.129784,98.665355],[18.65868,52.129857,99.10558],[18.658272,52.129928,98.310215],[18.657851,52.129998,99.096686],[18.657431,52.130075,98.881679],[18.65702,52.130152,98.97165],[18.656606,52.130226,99.451575],[18.656197,52.130301,99.419682],[18.655776,52.130373,99.754211],[18.655364,52.130445,99.338853],[18.65495,52.130517,99.290993],[18.654542,52.130589,99.322087],[18.654126,52.130658,99.860679],[18.653714,52.130729,99.891463],[18.653306,52.130802,100.07346],[18.652902,52.130874,99.437742],[18.652497,52.130945,98.970748],[18.65209,52.131015,98.80787],[18.651687,52.131085,98.771275],[18.651286,52.13115,98.168987],[18.650876,52.131229,98.210625],[18.650462,52.131312,98.629034],[18.650057,52.131392,99.445759],[18.649657,52.131473,98.915312],[18.649264,52.131544,99.283188],[18.648878,52.131626,98.695745],[18.648482,52.131702,99.117485],[18.648084,52.131795,98.911849],[18.647676,52.131881,99.446686],[18.647276,52.131969,99.201184],[18.646884,52.13206,98.869871],[18.64648,52.132153,99.542286],[18.646075,52.132234,99.170229],[18.645673,52.132321,99.091524],[18.645275,52.132414,98.511163],[18.644886,52.132502,98.318113],[18.644492,52.132594,97.907339],[18.644087,52.132681,98.166967],[18.643696,52.132775,98.950679],[18.643297,52.132866,98.667746],[18.642904,52.132955,98.546841],[18.642513,52.133043,98.375777],[18.642137,52.133138,97.742299],[18.641764,52.133219,97.526094],[18.641406,52.133303,97.670364],[18.641042,52.133389,97.163073],[18.640665,52.133483,96.826886],[18.640291,52.133571,96.901424],[18.639921,52.133662,97.174912],[18.639541,52.133764,96.85016],[18.639169,52.133856,97.213614],[18.638805,52.133952,97.991702],[18.638441,52.134051,98.358271],[18.638083,52.134146,98.543531],[18.637722,52.134241,98.085436],[18.637364,52.134332,98.372889],[18.637006,52.134432,98.118839],[18.636644,52.13454,97.937668],[18.636273,52.134637,97.966378],[18.635902,52.134742,97.613376],[18.635531,52.134849,97.660385],[18.635155,52.134952,97.834302],[18.634786,52.135054,97.862895],[18.634411,52.135157,97.784383],[18.634036,52.135269,98.349808],[18.633648,52.135383,97.630779],[18.633261,52.135489,97.450674],[18.632881,52.135596,97.798874],[18.632508,52.135709,97.532322],[18.632143,52.135811,97.387412],[18.631758,52.135905,96.867573],[18.631374,52.135999,97.803321],[18.630986,52.136102,97.293063],[18.630591,52.136205,96.661154],[18.630209,52.136322,97.016889],[18.629822,52.136434,96.88429],[18.62943,52.136554,96.646735],[18.629047,52.136654,96.692372],[18.628641,52.136752,95.988663],[18.628244,52.136842,96.566219],[18.627842,52.13694,96.990478],[18.627441,52.137036,97.325809],[18.627035,52.137132,97.0878],[18.626636,52.137228,97.111343],[18.626238,52.137314,97.554322],[18.625848,52.137406,97.289271],[18.625455,52.137502,96.833501],[18.625069,52.137597,96.605281],[18.624681,52.137692,95.646989],[18.624291,52.137776,96.418368],[18.623897,52.137865,96.360949],[18.623519,52.137949,96.133089],[18.623125,52.138036,95.660457],[18.622726,52.138119,95.427704],[18.622346,52.138207,95.51425],[18.621955,52.138288,95.350284],[18.621561,52.138369,95.58849],[18.621169,52.138452,95.49978],[18.62078,52.138544,95.347295],[18.620379,52.138625,94.989463],[18.619984,52.138702,94.891993],[18.619586,52.138784,93.998059],[18.619196,52.138864,93.870128],[18.6188,52.138946,93.737628],[18.618413,52.139011,93.494981],[18.618021,52.139079,93.8436],[18.61763,52.139154,94.13982],[18.617232,52.139231,94.384124],[18.616835,52.13931,93.515244],[18.616454,52.139383,93.278495],[18.616072,52.139443,93.143497],[18.615694,52.139508,93.45314],[18.615319,52.139569,93.875616],[18.614943,52.139637,93.184504],[18.614564,52.139702,93.179166],[18.61417,52.139766,93.75782],[18.613782,52.139839,93.542299],[18.61339,52.139912,92.758427],[18.612998,52.139975,93.7289],[18.612614,52.140037,93.633965],[18.612215,52.140096,93.96429],[18.611811,52.140165,93.747848],[18.611405,52.140225,93.880545],[18.61099,52.140292,93.850253],[18.610583,52.140354,93.788891],[18.61017,52.140411,93.541545],[18.609757,52.140467,93.135879],[18.609338,52.14052,92.990007],[18.608919,52.14057,93.220564],[18.608501,52.140619,93.488346],[18.608085,52.140675,93.226387],[18.607669,52.140725,93.328156],[18.607243,52.140777,93.734226],[18.606829,52.140821,93.929576],[18.606418,52.140863,94.0783],[18.606003,52.140917,93.808476],[18.605591,52.140968,93.237787],[18.605175,52.141022,94.618734],[18.604762,52.141065,94.637865],[18.604349,52.141116,94.232333],[18.603931,52.141166,94.644744],[18.60351,52.141214,94.537133],[18.603089,52.141261,94.435071],[18.602668,52.141307,94.505198],[18.602249,52.141355,94.616744],[18.601832,52.141399,94.713514],[18.601428,52.141438,94.167278],[18.601015,52.14149,94.238242],[18.600608,52.141532,94.684156],[18.600197,52.141574,94.533809],[18.599789,52.141612,94.797496],[18.599383,52.141653,95.06324],[18.598978,52.141684,95.410982],[18.598565,52.14172,95.181835],[18.598158,52.141755,96.103287],[18.59775,52.141788,96.957702],[18.59734,52.14182,96.545998],[18.59693,52.14185,96.620649],[18.596522,52.141876,96.943832],[18.596111,52.141908,98.129141],[18.5957,52.141928,98.141702],[18.595285,52.141964,98.388101],[18.594878,52.141992,99.299234],[18.594475,52.142017,99.5406],[18.594072,52.142034,100.058943],[18.593668,52.142055,99.899456],[18.593261,52.142084,100.723952],[18.592857,52.142103,101.191767],[18.592453,52.14212,101.160051],[18.592041,52.14214,101.459132],[18.591631,52.142167,101.86386],[18.591221,52.142182,102.241054],[18.590813,52.142211,103.81714],[18.590407,52.142211,103.806473],[18.590003,52.142217,104.196608],[18.58961,52.142232,105.016674],[18.589221,52.142243,104.599038],[18.588831,52.142259,104.818611],[18.588446,52.142262,104.86239],[18.588065,52.142271,105.389031],[18.587685,52.142282,106.021082],[18.587301,52.142296,106.500504],[18.586918,52.14231,106.298817],[18.586533,52.142312,107.027599],[18.586149,52.142321,107.52698],[18.585759,52.142311,107.972092],[18.585366,52.142318,108.478728],[18.584972,52.142334,108.571585],[18.584596,52.142337,109.503113],[18.58421,52.142343,109.953673],[18.583823,52.142353,109.849707],[18.583432,52.14235,110.655422],[18.583045,52.14236,110.742824],[18.582663,52.142346,110.653861],[18.582285,52.142344,111.044612],[18.581905,52.142346,111.766142],[18.581536,52.142346,112.459253],[18.581159,52.142351,112.45082],[18.58078,52.142355,113.129441],[18.580409,52.142352,113.363616],[18.580033,52.14235,114.302437],[18.579647,52.142338,114.912961],[18.579265,52.14233,114.932994],[18.57887,52.14231,116.013718],[18.57847,52.14231,116.58384],[18.578073,52.142296,117.126214],[18.577683,52.142275,117.551407],[18.577275,52.142249,118.83226],[18.576867,52.142231,118.992695],[18.57645,52.14222,119.766015],[18.576033,52.142217,120.7059],[18.575611,52.142211,120.695052],[18.575179,52.142224,121.934765],[18.574745,52.142217,122.571558],[18.574307,52.142212,123.5277],[18.57387,52.142197,124.112761],[18.573427,52.142173,123.68942],[18.572974,52.142159,125.928784],[18.572522,52.142153,126.606877],[18.57206,52.142153,128.626104],[18.571593,52.142135,128.869768],[18.571125,52.14212,130.760639],[18.570672,52.142124,131.189781],[18.570239,52.142122,130.347146],[18.569796,52.142107,131.017772],[18.56935,52.142101,130.773119],[18.568914,52.142091,130.638281],[18.568474,52.14205,130.462318],[18.568025,52.142027,131.654888],[18.567581,52.142017,131.869845],[18.567143,52.141999,132.631657],[18.566704,52.14198,133.340251],[18.566267,52.141973,134.047651],[18.565821,52.14195,134.628781],[18.565381,52.141932,136.417473],[18.564943,52.141921,137.22684],[18.564525,52.141903,136.232875],[18.564093,52.141886,136.90606],[18.563671,52.141878,136.589028],[18.563234,52.141864,137.533159],[18.56282,52.141864,137.476199],[18.562342,52.141868,137.341594],[18.561935,52.14187,136.562759],[18.56152,52.141863,136.208153],[18.561103,52.141853,136.556156],[18.560673,52.141847,137.317319],[18.560262,52.14184,136.603633],[18.55984,52.141832,136.395893],[18.55942,52.141822,136.388045],[18.558999,52.141814,136.838827],[18.558578,52.141802,137.067515],[18.558156,52.141785,137.22487],[18.557726,52.141778,137.727958],[18.557292,52.141768,137.894185],[18.556868,52.14176,138.580649],[18.556441,52.141749,138.861896],[18.556008,52.141732,139.15591],[18.555575,52.14172,139.76669],[18.55514,52.14171,139.595895],[18.554716,52.141705,139.57138],[18.554278,52.141697,139.750846],[18.553841,52.141685,139.569723],[18.5534,52.141678,140.316997],[18.552955,52.141667,140.522915],[18.552528,52.141672,140.679323],[18.552065,52.141667,140.629256],[18.551592,52.141632,140.838163],[18.551141,52.141628,140.698617],[18.550695,52.141637,140.412626],[18.550262,52.141646,139.864073],[18.549799,52.141656,140.91091],[18.549336,52.141643,140.13537],[18.548867,52.14163,140.440391],[18.548409,52.141623,139.795583],[18.547953,52.141614,139.563954],[18.547495,52.141621,140.113935],[18.54704,52.141624,139.760849],[18.546579,52.141613,139.465829],[18.546111,52.141605,139.3083],[18.545633,52.141611,139.204546],[18.545156,52.141593,138.952575],[18.544692,52.141606,139.249821],[18.544223,52.141625,138.861034],[18.543764,52.14163,138.422234],[18.543297,52.141637,137.536752],[18.542833,52.141653,136.718252],[18.542364,52.141669,135.713581],[18.541902,52.141689,135.156226],[18.541428,52.141704,134.64563],[18.540964,52.141709,134.403359],[18.540506,52.141715,133.545286],[18.540031,52.141742,133.190287],[18.539567,52.141768,132.02795],[18.5391,52.141792,132.188539],[18.538642,52.141814,131.641841],[18.538176,52.141833,131.852135],[18.537712,52.141859,130.782269],[18.537247,52.141882,130.638054],[18.536779,52.141906,130.313402],[18.53631,52.141942,130.111928],[18.535851,52.141974,129.074523],[18.53538,52.142011,128.960127],[18.534918,52.142044,128.74878],[18.534453,52.142077,127.953802],[18.533993,52.142107,128.147584],[18.533523,52.142154,128.147848],[18.533055,52.142197,127.714552],[18.532592,52.142233,127.004071],[18.532129,52.142273,127.104749],[18.531672,52.142307,127.636679],[18.531216,52.142339,127.338384],[18.530754,52.14239,127.665951],[18.530294,52.142439,127.852407],[18.529846,52.142484,127.551168],[18.529402,52.14252,127.297156],[18.528955,52.142564,127.402439],[18.528519,52.142608,127.608142],[18.528087,52.142664,128.420706],[18.527666,52.14271,128.703298],[18.527241,52.142763,129.044144],[18.52682,52.142815,129.216533],[18.526398,52.142871,129.134621],[18.52598,52.142923,128.913281],[18.52557,52.142972,129.677451],[18.525156,52.143026,129.287599],[18.524744,52.143088,129.463573],[18.524338,52.14314,129.308793],[18.523932,52.143196,129.574333],[18.523523,52.143254,129.487508],[18.523116,52.143312,129.84811],[18.522711,52.143369,130.611341],[18.522295,52.143435,131.713989],[18.521881,52.143499,131.70546],[18.52148,52.143563,130.699366],[18.521081,52.143621,130.2129],[18.52067,52.143682,130.000898],[18.520262,52.143744,129.973012],[18.519851,52.143803,129.991372],[18.519435,52.143873,130.318624],[18.519021,52.143941,130.182453],[18.518605,52.144019,129.643688],[18.518183,52.144099,129.809205],[18.517771,52.144175,129.572144],[18.517346,52.144244,129.635323],[18.516921,52.144325,129.812684],[18.516494,52.144406,129.623792],[18.516062,52.144491,129.138464],[18.515627,52.144574,129.718889],[18.51519,52.144665,130.091051],[18.514748,52.144762,130.024433],[18.514314,52.144851,130.308284],[18.513883,52.14494,129.846808],[18.513453,52.145027,129.162951],[18.513022,52.145112,128.594338],[18.512593,52.145203,128.38925],[18.51217,52.145296,127.765708],[18.511739,52.145389,127.021589],[18.511315,52.145479,126.73424],[18.510893,52.145566,126.501537],[18.510468,52.145659,126.268307],[18.510046,52.145752,126.219823],[18.509625,52.145858,125.771715],[18.509198,52.145953,125.778502],[18.50878,52.146044,125.697322],[18.508368,52.146134,125.191549],[18.50795,52.14623,124.481556],[18.507541,52.146334,124.335066],[18.507124,52.146428,123.586867],[18.5067,52.146515,123.671167],[18.506267,52.14661,123.854021],[18.505832,52.146721,123.83232],[18.505389,52.146823,123.480081],[18.504958,52.146926,123.237979],[18.504533,52.147032,123.056239],[18.504113,52.147129,123.051737],[18.503688,52.147234,122.49225],[18.503265,52.147346,122.114594],[18.502838,52.147444,121.681538],[18.502423,52.14755,121.53667],[18.501995,52.147656,121.008905],[18.50157,52.147755,120.825404],[18.501141,52.14787,120.341031],[18.500721,52.147978,120.239797],[18.500297,52.148089,119.973195],[18.499879,52.148182,120.794585],[18.499456,52.148298,118.741789],[18.499042,52.148395,117.823775],[18.498621,52.148493,117.31168],[18.498199,52.148596,116.626485],[18.497784,52.148696,116.52779],[18.497374,52.148792,116.086887],[18.49696,52.1489,115.820923],[18.496551,52.148993,115.61779],[18.496137,52.149087,115.229709],[18.495721,52.149182,115.677867],[18.495311,52.149277,115.181609],[18.494893,52.149381,115.081216],[18.494477,52.149479,114.941699],[18.49405,52.149569,115.383309],[18.49363,52.149662,115.250383],[18.493224,52.149755,114.61042],[18.492818,52.149848,114.279257],[18.492409,52.149941,113.747791],[18.491988,52.150031,114.418093],[18.491575,52.150119,114.108325],[18.491156,52.15021,114.039451],[18.490735,52.150296,113.891968],[18.490311,52.15038,113.884252],[18.489881,52.150467,113.81868],[18.489453,52.15055,113.661299],[18.489025,52.150639,113.074831],[18.488596,52.150723,112.934783],[18.48817,52.150798,113.377178],[18.487743,52.150881,113.382679],[18.48732,52.150962,112.885004],[18.486894,52.151044,112.854771],[18.486458,52.151125,113.286381],[18.486033,52.151192,112.344121],[18.485614,52.151263,112.837829],[18.485198,52.151326,112.446807],[18.484785,52.151393,112.244382],[18.484377,52.151458,111.604255],[18.483961,52.15152,112.120425],[18.483557,52.151584,111.15078],[18.48316,52.151647,110.391333],[18.482765,52.1517,110.121052],[18.482376,52.151757,110.055524],[18.481975,52.151809,110.36226],[18.481565,52.151858,110.76907],[18.481144,52.151915,110.269516],[18.480714,52.151961,110.724994],[18.480284,52.15201,110.866416],[18.479845,52.152053,110.800241],[18.479402,52.152099,110.595961],[18.47896,52.152136,110.375056],[18.478507,52.152188,110.717634],[18.478057,52.152235,110.254189],[18.477596,52.152283,110.011864],[18.477132,52.152326,109.967347],[18.476678,52.152359,108.31674],[18.476223,52.152397,108.423939],[18.475764,52.152438,108.46539],[18.475303,52.152474,108.232912],[18.474842,52.152515,108.731519],[18.474378,52.152549,108.632336],[18.473905,52.152581,108.469348],[18.473443,52.152599,108.462402],[18.472978,52.152627,108.793056],[18.472507,52.152651,108.590363],[18.472033,52.152667,107.886773],[18.471555,52.152703,107.962614],[18.471075,52.15272,108.61486],[18.470582,52.152742,108.551606],[18.470092,52.152752,108.433044],[18.46959,52.152767,108.743583],[18.469085,52.152781,108.83763],[18.468586,52.152779,108.392542],[18.468089,52.152787,108.550085],[18.467586,52.152798,108.137021],[18.467079,52.152815,109.238719],[18.46658,52.152819,109.99957],[18.466079,52.152819,109.916519],[18.46558,52.152824,109.926337],[18.465076,52.152827,110.547299],[18.46457,52.152825,110.534201],[18.464062,52.152813,110.469837],[18.463558,52.152808,110.286446],[18.463067,52.152798,109.396376],[18.462582,52.152806,109.225488],[18.462095,52.152789,109.192448],[18.461613,52.152768,108.942051],[18.461146,52.15275,108.07267],[18.460685,52.152729,107.690809],[18.460237,52.152706,106.339061],[18.459807,52.152679,105.900166],[18.459383,52.15265,105.479258],[18.458964,52.152619,104.924023],[18.458554,52.152585,104.931183],[18.458132,52.152546,104.825354],[18.457713,52.15251,104.704663],[18.457293,52.152474,104.644093],[18.456877,52.152435,104.282716],[18.456466,52.152403,103.945165],[18.456051,52.152369,103.563925],[18.455643,52.152332,102.458914],[18.455239,52.152294,102.147014],[18.454829,52.152254,102.041825],[18.454426,52.152209,102.058101],[18.454029,52.15217,101.035943],[18.453642,52.152128,101.487422],[18.453263,52.152082,101.091485],[18.452884,52.152035,101.305383],[18.45252,52.151988,100.988837],[18.452151,52.151945,100.989745],[18.451799,52.1519,101.399894],[18.451456,52.151855,101.205104],[18.451106,52.151809,101.162247],[18.45077,52.151764,101.062789],[18.45036,52.151727,103.229951],[18.450108,52.151672,104.284028],[18.449796,52.151626,104.201801],[18.449473,52.151583,104.096467],[18.449169,52.15154,103.824703],[18.448861,52.151493,103.880301],[18.448548,52.151448,104.191718],[18.448245,52.151406,102.818375],[18.447933,52.151355,102.871269],[18.447617,52.151305,102.713166],[18.447306,52.151253,102.677692],[18.446993,52.1512,102.775625],[18.446678,52.15115,102.567687],[18.446361,52.151095,102.71407],[18.446043,52.15104,102.299471],[18.445723,52.150987,102.168052],[18.445397,52.150929,102.020131],[18.44507,52.15087,101.834347],[18.444735,52.150814,102.14796],[18.444391,52.150752,102.049223],[18.444063,52.150693,101.902512],[18.443727,52.150632,102.128954],[18.443388,52.150573,101.72964],[18.443046,52.150509,101.696054],[18.442706,52.150448,101.357461],[18.442363,52.150386,101.177083],[18.442038,52.15033,99.621159],[18.44172,52.150267,99.512064],[18.441387,52.150197,99.764668],[18.441054,52.150131,99.638026],[18.440726,52.150064,99.644633],[18.440402,52.149998,99.601038],[18.440075,52.14994,99.140256],[18.439733,52.14987,99.824],[18.439402,52.149805,99.685158],[18.439065,52.149738,100.204638],[18.438755,52.149678,99.774175],[18.438438,52.149614,99.201816],[18.43812,52.149548,99.456519],[18.437797,52.149481,99.424202],[18.437488,52.14942,99.163049],[18.437182,52.149358,99.128264],[18.436868,52.149289,99.040412],[18.43657,52.149224,99.344187],[18.436278,52.149163,99.258924],[18.435984,52.149103,99.348916],[18.435685,52.149041,99.424662],[18.43539,52.148978,99.383714],[18.435082,52.148912,99.211036],[18.434766,52.148846,99.43926],[18.434447,52.148779,99.324892],[18.434126,52.148711,99.181695],[18.433787,52.148639,99.267161],[18.433442,52.148562,99.367623],[18.433086,52.148482,99.458851],[18.432726,52.148394,99.53075],[18.432365,52.148308,99.989355],[18.431981,52.148225,100.544099],[18.431602,52.148143,100.400078],[18.431202,52.148058,100.615444],[18.430806,52.147977,100.479002],[18.430401,52.147896,100.061418],[18.429998,52.147813,100.611626],[18.429578,52.147727,100.354665],[18.429162,52.147639,100.240685],[18.42874,52.147548,100.988204],[18.428306,52.147463,100.719738],[18.427867,52.147378,101.247109],[18.42743,52.147295,101.352277],[18.426993,52.147215,100.975047],[18.426552,52.147129,101.423894],[18.42612,52.147052,100.966896],[18.425694,52.146967,100.607441],[18.425269,52.14688,99.691963],[18.424839,52.14679,99.618128],[18.424412,52.1467,98.984993],[18.423984,52.146613,98.74031],[18.423557,52.146527,98.257965],[18.423134,52.146436,98.090751],[18.422704,52.146345,97.988085],[18.422275,52.146255,97.774514],[18.42184,52.146165,97.38537],[18.421412,52.146077,97.218403],[18.420976,52.145985,97.143314],[18.420546,52.145895,97.390983],[18.420114,52.145804,96.988733],[18.41968,52.145714,97.449972],[18.419248,52.145628,96.62762],[18.418808,52.14554,96.784128],[18.41837,52.145451,96.623182],[18.417931,52.145361,96.704277],[18.417489,52.145272,97.413472],[18.417048,52.14518,97.064097],[18.416607,52.145093,96.707622],[18.416172,52.145002,96.297113],[18.415732,52.144916,96.164619],[18.415297,52.144833,95.870332],[18.414865,52.144749,95.656431],[18.414423,52.144667,95.882021],[18.413979,52.144587,95.954588],[18.413541,52.144512,95.244129],[18.413097,52.144434,95.488013],[18.412651,52.144358,95.33667],[18.412201,52.144285,95.97708],[18.411752,52.14421,96.718726],[18.411305,52.144138,96.91175],[18.410843,52.144065,97.478774],[18.410399,52.143998,97.003173],[18.409945,52.143929,97.43439],[18.409495,52.143868,97.373155],[18.409045,52.143807,97.410014],[18.408591,52.143749,97.565118],[18.408128,52.143689,97.834525],[18.407675,52.143632,97.981976],[18.407226,52.143575,98.181624],[18.406782,52.143526,97.948743],[18.406337,52.14348,97.935839],[18.405885,52.14343,98.835712],[18.40544,52.143383,99.238753],[18.404987,52.143337,98.857985],[18.404535,52.143292,98.595795],[18.404082,52.14325,98.720606],[18.403623,52.143211,99.002202],[18.403166,52.143175,98.579558],[18.402712,52.143135,98.677003],[18.402262,52.143103,98.616967],[18.401807,52.143067,99.213713],[18.401356,52.143034,99.380845],[18.400909,52.143001,99.222194],[18.400455,52.142967,99.521307],[18.400003,52.142935,99.581617],[18.399552,52.142903,99.568732],[18.399093,52.142871,99.649128],[18.398638,52.142843,100.247193],[18.398176,52.142819,100.087416],[18.397713,52.142796,100.299362],[18.397244,52.142782,100.477263],[18.396776,52.142767,100.618698],[18.39631,52.142752,100.845589],[18.395838,52.142735,101.470973],[18.395361,52.142722,101.601913],[18.394881,52.142712,102.480544],[18.394404,52.142696,102.625646],[18.393934,52.142689,102.714458],[18.39347,52.142683,102.690655],[18.392997,52.142677,103.005327],[18.392535,52.14266,102.776208],[18.39207,52.142652,102.865996],[18.39161,52.142649,102.368706],[18.39115,52.142633,102.683105],[18.390687,52.142613,102.829491],[18.39023,52.142596,103.107196],[18.389771,52.142586,102.644379],[18.389308,52.142582,103.221332],[18.388853,52.142567,102.826728],[18.388395,52.142552,103.126205],[18.387945,52.142535,103.407632],[18.387499,52.142517,103.668651],[18.387061,52.142501,103.247609],[18.386619,52.142485,103.432647],[18.386174,52.142469,103.387515],[18.385736,52.142449,103.863966],[18.385302,52.142432,104.203989],[18.384867,52.142424,104.85264],[18.384432,52.142397,104.915194],[18.383998,52.142372,104.963345],[18.383575,52.142347,105.140223],[18.383151,52.142325,105.587474],[18.382732,52.142301,105.559845],[18.382318,52.142275,105.772206],[18.3819,52.14224,105.932133],[18.381475,52.142217,106.514034],[18.381054,52.142187,106.871743],[18.380636,52.142163,107.771421],[18.380215,52.142136,107.58854],[18.379785,52.142102,108.036902],[18.379343,52.142073,108.736549],[18.378915,52.14204,109.861617],[18.3785,52.141999,109.738826],[18.378065,52.141968,110.089012],[18.377648,52.141937,110.155369],[18.377236,52.141899,110.548386],[18.376816,52.141864,111.278162],[18.376403,52.141837,112.332448],[18.375994,52.1418,112.434498],[18.375582,52.14176,113.136309],[18.375185,52.141725,113.514167],[18.374784,52.141685,114.152163],[18.374383,52.141649,114.587779],[18.373985,52.141613,115.112039],[18.373584,52.141577,115.470899],[18.373188,52.14154,115.956252],[18.372791,52.141501,116.223672],[18.372399,52.141464,116.773523],[18.37201,52.141428,117.131908],[18.371633,52.141391,117.470115],[18.371264,52.141349,117.449787],[18.370889,52.141312,117.820348],[18.37052,52.141276,117.520161],[18.370144,52.141239,118.31754],[18.369781,52.141207,119.039045],[18.369412,52.141174,119.891371],[18.369046,52.141141,120.01416],[18.368678,52.141105,120.449712],[18.368311,52.141072,120.853927],[18.367948,52.141036,121.392878],[18.367585,52.140999,121.99043],[18.367218,52.140965,122.509843],[18.366848,52.140931,123.231661],[18.366483,52.140891,123.621297],[18.366112,52.140858,124.136782],[18.365742,52.140824,124.879333],[18.365375,52.140793,125.534358],[18.365008,52.140754,126.254558],[18.36463,52.140719,127.009968],[18.364252,52.140688,127.721573],[18.36387,52.140659,128.387765],[18.363487,52.140629,128.917885],[18.363098,52.140597,129.377582],[18.362705,52.140569,130.075933],[18.362311,52.140542,130.682618],[18.361907,52.140504,131.69913],[18.361494,52.140473,132.884824],[18.361086,52.140443,133.617994],[18.36067,52.140416,133.852277],[18.360256,52.140388,134.96866],[18.359833,52.140366,135.325089],[18.359404,52.140343,136.205061],[18.358974,52.140323,136.730973],[18.358547,52.1403,136.953722],[18.358122,52.140279,138.463081],[18.357684,52.140267,140.1816],[18.357257,52.140252,140.986865],[18.356819,52.140248,141.480006],[18.356382,52.140248,142.773263],[18.355936,52.140243,143.358982],[18.355482,52.140247,144.078271],[18.355032,52.14024,144.985417],[18.354574,52.140249,145.411019],[18.35411,52.140269,146.133076],[18.353644,52.140279,147.598776],[18.353178,52.14029,148.67986],[18.352709,52.140294,149.384971],[18.352243,52.140301,150.860632],[18.351783,52.140307,151.461806],[18.351315,52.140325,151.363703],[18.350848,52.140336,151.659973],[18.350379,52.140348,151.743796],[18.349902,52.140363,152.024202],[18.349436,52.140381,152.230116],[18.348967,52.140399,152.799646],[18.348501,52.140415,153.158925],[18.348023,52.140442,153.64379],[18.34755,52.140471,153.978734],[18.347088,52.140497,153.93872],[18.346626,52.140527,154.313941],[18.346164,52.140554,154.401898],[18.345706,52.140585,155.088244],[18.345251,52.140615,155.260681],[18.344799,52.140644,155.60057],[18.344345,52.140677,155.446116],[18.343884,52.140721,155.845103],[18.343425,52.140764,155.668955],[18.342975,52.140807,155.689011],[18.342524,52.140859,156.186716],[18.342071,52.140909,156.394588],[18.341621,52.140961,156.980169],[18.341172,52.141008,156.857631],[18.340723,52.141058,157.208082],[18.340275,52.141111,156.663576],[18.33983,52.14117,156.791611],[18.339387,52.141224,156.483242],[18.338941,52.141282,157.424804],[18.338509,52.141344,156.796498],[18.338076,52.141411,156.82222],[18.337653,52.141476,156.474497],[18.337233,52.141533,157.158865],[18.336809,52.141602,156.680961],[18.3364,52.141669,155.826145],[18.335979,52.141732,156.169654],[18.335565,52.141803,155.86344],[18.335145,52.141875,155.553096],[18.334729,52.14195,155.797658],[18.334311,52.142019,156.318779],[18.333902,52.142093,156.272055],[18.333483,52.14217,156.267983],[18.33306,52.142253,155.972017],[18.332642,52.142332,156.359708],[18.332229,52.142413,155.410418],[18.331809,52.142498,156.070463],[18.33141,52.142584,155.366419],[18.330991,52.142664,156.756283],[18.330581,52.142748,156.617701],[18.330171,52.142828,156.598032],[18.329762,52.142912,156.25624],[18.329349,52.143005,156.119317],[18.328939,52.143091,156.306796],[18.328533,52.143179,156.70295],[18.328125,52.143276,156.598197],[18.327714,52.143371,156.599164],[18.327307,52.143465,156.019104],[18.326891,52.143564,155.579471],[18.326464,52.143658,155.36929],[18.326037,52.143754,155.225324],[18.325609,52.143851,154.962066],[18.325181,52.143956,155.168018],[18.324758,52.144059,154.485492],[18.324335,52.144161,154.107877],[18.323911,52.144265,153.673494],[18.323478,52.144368,153.505888],[18.323054,52.144476,153.319605],[18.322618,52.144582,153.688059],[18.322186,52.14469,153.464156],[18.32175,52.144798,153.327523],[18.3213,52.144909,154.083959],[18.320849,52.145019,154.122576],[18.320404,52.145133,153.391371],[18.319948,52.145251,153.958057],[18.319496,52.145365,153.762664],[18.319047,52.145476,153.258885],[18.318588,52.145588,153.810111],[18.318143,52.145689,152.666144],[18.317688,52.145792,152.539815],[18.317235,52.14589,152.772387],[18.316785,52.145986,151.915466],[18.316345,52.146082,152.256593],[18.315913,52.146168,150.800699],[18.31548,52.146259,150.039079],[18.315037,52.146348,149.752868],[18.314585,52.14643,149.497298],[18.314148,52.146512,148.180848],[18.313708,52.146594,147.938269],[18.313278,52.146674,146.518947],[18.312841,52.146752,145.571149],[18.312401,52.146829,145.536106],[18.311964,52.146906,145.29213],[18.311521,52.146978,144.90278],[18.311077,52.147049,144.674363],[18.310635,52.147119,144.180296],[18.310192,52.147185,143.348315],[18.309734,52.147251,143.420459],[18.309275,52.147313,143.3043],[18.308818,52.147378,142.919581],[18.308345,52.14744,143.761323],[18.307891,52.147498,143.814225],[18.307447,52.147554,143.584944],[18.307008,52.147607,143.073084],[18.306576,52.147659,142.704673],[18.306139,52.147712,142.271067],[18.305702,52.147764,141.794668],[18.305261,52.147815,141.517974],[18.304825,52.147865,141.197184],[18.30439,52.147913,140.855818],[18.303958,52.147959,140.518658],[18.303529,52.148006,140.204003],[18.303101,52.148052,140.034697],[18.302677,52.1481,139.883711],[18.302254,52.148145,140.079581],[18.301833,52.148189,139.722879],[18.301406,52.148231,139.257049],[18.300983,52.148275,138.706003],[18.300559,52.148323,138.492278],[18.300131,52.148368,138.091249],[18.299693,52.148412,138.385644],[18.299267,52.148457,137.051305],[18.298836,52.148505,136.7525],[18.2984,52.148553,136.007542],[18.297961,52.148602,135.803152],[18.29752,52.148649,135.435765],[18.297084,52.148696,135.242387],[18.296645,52.148747,135.051666],[18.296209,52.148799,134.775612],[18.295769,52.148853,135.2183],[18.29534,52.148908,134.969012],[18.294917,52.148967,134.358637],[18.294488,52.149025,134.076975],[18.294068,52.149085,133.375728],[18.293647,52.149145,132.937552],[18.293228,52.149206,132.272153],[18.292804,52.149268,131.884779],[18.292384,52.149334,131.625982],[18.291968,52.149397,131.308034],[18.291556,52.149462,131.06625],[18.291146,52.149531,130.86704],[18.290732,52.149598,131.440888],[18.290331,52.149674,130.580853],[18.28992,52.149743,130.967763],[18.289517,52.149819,130.498031],[18.289111,52.149891,129.932936],[18.288707,52.149968,129.156972],[18.288302,52.150051,128.616035],[18.287897,52.150131,128.45948],[18.287508,52.150205,128.154272],[18.287101,52.15029,127.958877],[18.286714,52.150372,127.16518],[18.286354,52.150453,126.90771],[18.285979,52.150533,126.665803],[18.285616,52.150609,126.445305],[18.285264,52.15069,125.725157],[18.284926,52.15076,125.628125],[18.284573,52.150835,124.987438],[18.284244,52.15091,124.817035],[18.283924,52.150998,124.009612],[18.283609,52.151072,123.539498],[18.283312,52.15115,123.514579],[18.283028,52.151222,123.171465],[18.282748,52.151294,123.444654],[18.282476,52.151361,123.457932],[18.282208,52.151428,123.708536],[18.281936,52.151503,124.024711],[18.281679,52.15158,124.115425],[18.281438,52.15166,124.208349],[18.281189,52.151739,124.379342],[18.280942,52.151802,124.366933],[18.280687,52.151871,124.347675],[18.280447,52.151937,124.184383],[18.280204,52.152004,123.976197],[18.279962,52.152071,123.769188],[18.279729,52.152135,123.670843],[18.279497,52.152197,123.438525],[18.279275,52.152258,123.389692],[18.279053,52.15232,123.429008],[18.278835,52.152381,123.19269],[18.278624,52.15244,123.148624],[18.278408,52.152501,123.37079],[18.278203,52.152561,123.214984],[18.277983,52.152626,123.097021],[18.277756,52.152695,122.92298],[18.277532,52.152763,122.863118],[18.277297,52.152835,123.039733],[18.27707,52.152906,122.79832],[18.27688,52.152981,122.853093],[18.276625,52.153006,122.961956],[18.276397,52.153063,122.840177],[18.276147,52.153129,122.79335],[18.275902,52.153191,122.703322],[18.27564,52.153256,122.589751],[18.275355,52.153337,122.620681],[18.275082,52.153404,122.464314],[18.274812,52.153487,122.543262],[18.274546,52.153561,122.380645],[18.274284,52.153641,122.363149],[18.274003,52.153722,122.145205],[18.273723,52.153821,121.631827],[18.273431,52.153912,121.431691],[18.273149,52.15401,121.710348],[18.272845,52.154119,121.118875],[18.272534,52.154223,121.174011],[18.272216,52.154319,121.373573],[18.271894,52.154424,121.492535],[18.271558,52.154532,121.29173],[18.271213,52.154646,121.646592],[18.270858,52.154766,121.914841],[18.270493,52.154884,121.95885],[18.270123,52.155006,122.744601],[18.26976,52.155125,122.727984],[18.269376,52.155244,122.474432],[18.269007,52.155352,122.448254],[18.268632,52.155467,122.5051],[18.268259,52.155572,121.473712],[18.267882,52.155681,121.305644],[18.2675,52.155788,121.110168],[18.267121,52.1559,120.495678],[18.266727,52.156014,119.938831],[18.266336,52.156123,119.91147],[18.265953,52.156231,119.843924],[18.265565,52.15633,119.589587],[18.265189,52.156442,119.260126],[18.264809,52.156544,118.622109],[18.264441,52.156641,118.414547],[18.264076,52.156733,118.246829],[18.263686,52.15683,118.606961],[18.263289,52.156928,117.937748],[18.262874,52.157032,117.271394],[18.262485,52.157124,116.016092],[18.26209,52.157222,116.267434],[18.261706,52.157319,115.234929],[18.261295,52.15743,114.609171],[18.260898,52.157524,114.217515],[18.260508,52.157625,113.997844],[18.260105,52.15771,113.548083],[18.259704,52.157792,112.618857],[18.259317,52.157877,112.355453],[18.258932,52.157953,112.311393],[18.258547,52.158033,111.929554],[18.258161,52.158109,111.254026],[18.257783,52.15819,111.219723],[18.257404,52.158267,110.426857],[18.257044,52.158334,109.972121],[18.256683,52.158406,109.483286],[18.256337,52.158469,109.612637],[18.255989,52.158531,108.941975],[18.255637,52.158596,108.501542],[18.255274,52.158657,108.831868],[18.25492,52.158714,107.762841],[18.25456,52.158779,108.137737],[18.254196,52.158839,107.561992],[18.253824,52.1589,107.447301],[18.253447,52.158965,106.806763],[18.253091,52.15902,107.564661],[18.252723,52.159079,106.709163],[18.25237,52.159136,105.97759],[18.252017,52.159188,105.931848],[18.251678,52.159243,105.487874],[18.251325,52.159292,105.14718],[18.250984,52.159343,104.95636],[18.250637,52.15939,105.289183],[18.250299,52.15944,105.215546],[18.24995,52.159484,105.111673],[18.249621,52.159529,105.201003],[18.249296,52.159571,105.145446],[18.24896,52.159613,105.118405],[18.248642,52.15965,105.039436],[18.248315,52.159687,104.828046],[18.248001,52.159728,104.853323],[18.247666,52.159762,104.855795],[18.247324,52.159799,104.557906],[18.246981,52.159839,104.490047],[18.246635,52.159876,104.461585],[18.246282,52.159914,104.533681],[18.245924,52.15995,104.389091],[18.245559,52.159983,104.652031],[18.245202,52.160018,104.616824],[18.24483,52.160051,104.553088],[18.244473,52.160084,104.070937],[18.244126,52.160114,103.730615],[18.243777,52.160145,103.664157],[18.243438,52.160174,103.695303],[18.243093,52.160204,103.517454],[18.242753,52.160226,103.16216],[18.242416,52.160253,103.116419],[18.242084,52.160282,103.263509],[18.241755,52.160306,102.980703],[18.241419,52.160337,103.109177],[18.241084,52.16036,103.307247],[18.240747,52.160385,103.453318],[18.2404,52.160417,103.376986],[18.240053,52.160441,103.329588],[18.239716,52.160467,102.870688],[18.239384,52.160487,102.816254],[18.239046,52.160512,103.118622],[18.238707,52.160533,103.141171],[18.238368,52.160551,103.03181],[18.238027,52.160574,102.797502],[18.237672,52.1606,102.891237],[18.237335,52.160615,102.780555],[18.236989,52.160642,102.722928],[18.236642,52.160668,102.538992],[18.236294,52.16069,102.45437],[18.235947,52.160715,102.51595],[18.235599,52.16074,102.643011],[18.235255,52.160768,102.198298],[18.23492,52.160787,102.228495],[18.234581,52.160814,102.242794],[18.234243,52.160836,102.026941],[18.233902,52.160863,101.677191],[18.233567,52.160891,101.880539],[18.233224,52.160918,101.715383],[18.232886,52.160939,101.742385],[18.232548,52.160966,101.918346],[18.232205,52.160991,101.583895],[18.23185,52.161018,101.528404],[18.231501,52.16104,101.130175],[18.23116,52.161066,100.972898],[18.230819,52.161085,100.537251],[18.23048,52.161107,100.17961],[18.230142,52.161136,100.319269],[18.229797,52.161154,99.956826],[18.229443,52.161176,99.734761],[18.2291,52.161203,99.867566],[18.228754,52.16123,99.871055],[18.228412,52.161254,99.464617],[18.228049,52.16128,99.179024],[18.227691,52.161306,98.78028],[18.22733,52.161322,98.769181],[18.226992,52.161355,98.755263],[18.226645,52.16137,98.594924],[18.2263,52.161391,98.277008],[18.225965,52.161416,99.037146],[18.225628,52.161445,98.153473],[18.225278,52.161468,98.252305],[18.224934,52.161507,98.014606],[18.224594,52.161537,98.16687],[18.224238,52.161561,98.217265],[18.223888,52.161589,98.237497],[18.22354,52.161612,97.776469],[18.223191,52.161637,98.244544],[18.222853,52.161665,98.19095],[18.222509,52.161685,98.561464],[18.222174,52.161706,98.58212],[18.221846,52.16173,98.642556],[18.221531,52.161751,98.461942],[18.221228,52.161776,98.606729],[18.22092,52.161806,98.150972],[18.220588,52.161823,97.665277],[18.220272,52.161844,97.460286],[18.219966,52.161871,97.545229],[18.219651,52.161895,97.51801],[18.219349,52.161913,97.353398],[18.219038,52.16193,97.155676],[18.218724,52.161952,96.811014],[18.218412,52.161976,96.362953],[18.218088,52.162006,96.422042],[18.217759,52.162031,96.520443],[18.217428,52.162049,96.483104],[18.217084,52.162076,96.297293],[18.216733,52.162102,96.479806],[18.216374,52.162129,96.448925],[18.216011,52.162156,96.346172],[18.215654,52.162177,96.265311],[18.215275,52.162208,96.255802],[18.214898,52.162232,96.303078],[18.214511,52.162258,96.239154],[18.214132,52.162288,96.917446],[18.213755,52.16233,97.214336],[18.213385,52.162358,97.451818],[18.213012,52.162387,97.758463],[18.212628,52.162424,97.879733],[18.212243,52.162454,98.215579],[18.21185,52.162491,98.605896],[18.211468,52.162528,98.775043],[18.211097,52.16256,98.839092],[18.210731,52.162599,98.662881],[18.210352,52.162632,99.401245],[18.209984,52.162673,99.706114],[18.209613,52.162711,99.538775],[18.209237,52.162753,99.819037],[18.208859,52.162791,100.074638],[18.208484,52.162832,100.263985],[18.208126,52.162878,100.184951],[18.207758,52.162918,99.796848],[18.207405,52.162963,99.907159],[18.207042,52.163002,100.396817],[18.206695,52.163048,99.983781],[18.206354,52.163093,99.430339],[18.206019,52.163133,99.422451],[18.205693,52.163166,100.475327],[18.205376,52.163208,99.039892],[18.205053,52.163255,99.459896],[18.204721,52.163303,99.272924],[18.204405,52.163345,99.616817],[18.204096,52.163398,99.278296],[18.203759,52.163439,99.638947],[18.203427,52.163479,99.822883],[18.2031,52.163535,99.965643],[18.202751,52.163584,99.948512],[18.202415,52.163638,100.245454],[18.202087,52.163693,100.405258],[18.201759,52.16374,100.585842],[18.20143,52.163786,101.056219],[18.201089,52.163837,100.447506],[18.200765,52.163891,100.421543],[18.200425,52.163936,100.607882],[18.200096,52.163984,100.663451],[18.199781,52.164035,100.792946],[18.199458,52.164086,101.058242],[18.199136,52.164138,101.211546],[18.198805,52.164193,101.261355],[18.198475,52.164237,101.628198],[18.198159,52.164291,101.492687],[18.197839,52.16434,101.404274],[18.19751,52.164386,101.361976],[18.197178,52.164432,101.407608],[18.196839,52.164484,101.506751],[18.196509,52.16454,101.484196],[18.196171,52.164593,101.879654],[18.19584,52.164646,101.852075],[18.195501,52.164708,101.748952],[18.195156,52.16475,101.843065],[18.194811,52.164802,101.545161],[18.194474,52.164867,101.442969],[18.194158,52.164914,101.739229],[18.193836,52.16497,102.074015],[18.193509,52.165031,101.574582],[18.193177,52.165081,101.835184],[18.192859,52.165131,101.508467],[18.192524,52.165175,101.250324],[18.192186,52.165224,101.043239],[18.191853,52.165284,101.443484],[18.191518,52.165327,101.470941],[18.191176,52.165383,101.499948],[18.190847,52.165438,101.249935],[18.190503,52.16549,101.256519],[18.190174,52.16554,101.361131],[18.189832,52.165592,101.302],[18.18949,52.165653,101.220275],[18.189163,52.165714,101.131299],[18.188821,52.165766,101.532729],[18.188481,52.165821,101.226534],[18.188153,52.165889,101.36531],[18.187817,52.16597,101.175086],[18.187482,52.166022,101.421179],[18.18714,52.166074,100.968169],[18.186814,52.166127,100.770378],[18.186484,52.166192,100.648771],[18.186148,52.16622,100.169266],[18.185822,52.166274,100.137674],[18.185496,52.166332,100.656581],[18.185171,52.166389,100.740995],[18.184838,52.166452,100.6718],[18.184502,52.166508,100.880791],[18.184165,52.166562,101.550176],[18.183838,52.166617,101.325271],[18.1835,52.16667,101.458071],[18.183167,52.166728,101.30496],[18.182827,52.166784,101.462495],[18.182493,52.166842,101.689751],[18.182162,52.166905,101.781505],[18.181824,52.16696,102.099825],[18.181488,52.167025,101.701758],[18.181167,52.167087,102.027292],[18.18084,52.16715,102.089208],[18.180519,52.167203,102.001329],[18.180188,52.167265,101.69685],[18.179863,52.167328,101.68264],[18.179537,52.167383,101.734702],[18.179211,52.167441,101.681174],[18.178882,52.167498,101.703913],[18.178544,52.167559,101.86181],[18.178196,52.167618,102.006419],[18.177828,52.167678,101.923008],[18.177463,52.167738,101.856422],[18.17708,52.167805,102.419812],[18.176694,52.167871,103.233112],[18.176297,52.167943,103.198936],[18.175909,52.168015,102.862395],[18.175502,52.168088,102.99926],[18.175095,52.168172,103.062232],[18.174688,52.168252,103.599618],[18.174267,52.16833,103.869039],[18.173853,52.168411,104.001351],[18.173425,52.168495,103.915011],[18.172991,52.168588,103.874698],[18.172565,52.168666,103.960895],[18.172135,52.168758,104.118478],[18.171701,52.168839,105.404235],[18.171271,52.168925,104.851994],[18.170833,52.169014,105.059286],[18.170391,52.169102,106.231668],[18.169949,52.16919,106.342999],[18.169505,52.169279,107.453374],[18.169054,52.169371,107.816107],[18.168608,52.16947,107.976003],[18.168158,52.169569,107.725912],[18.16773,52.169661,106.641584],[18.167297,52.169754,105.628326],[18.166876,52.169845,105.898064],[18.166464,52.169933,105.45144],[18.166054,52.170017,104.929211],[18.16565,52.170092,104.75536],[18.165252,52.17018,104.390077],[18.164861,52.170263,104.172427],[18.164474,52.170355,103.466455],[18.164106,52.170422,103.320996],[18.163729,52.170495,102.585724],[18.163345,52.170568,102.195961],[18.16294,52.170662,102.288423],[18.162531,52.170747,102.083464],[18.162121,52.170829,102.404582],[18.161708,52.170908,102.145157],[18.161276,52.170987,101.969719],[18.160841,52.171077,102.230027],[18.160413,52.171175,102.18077],[18.159972,52.171272,101.973869],[18.159538,52.171357,101.851334],[18.159093,52.171448,101.693229],[18.158648,52.171539,102.784718],[18.158213,52.171627,102.401531],[18.157772,52.171725,102.155672],[18.157328,52.171831,102.864118],[18.156885,52.171936,102.626795],[18.15644,52.172042,101.644327],[18.155994,52.172136,101.301945],[18.15555,52.172247,101.495574],[18.155114,52.172347,101.260099],[18.154666,52.172451,101.041637],[18.154223,52.172552,100.638123],[18.15378,52.172656,100.254133],[18.153341,52.172758,100.567382],[18.152902,52.172858,100.362824],[18.15245,52.172965,100.947353],[18.152012,52.173073,101.671176],[18.151617,52.173183,100.670704],[18.151182,52.173311,101.237279],[18.150761,52.17342,100.822311],[18.150352,52.173511,99.573194],[18.149934,52.173614,99.358688],[18.149511,52.173709,99.588332],[18.149089,52.173822,99.023826],[18.148678,52.173917,98.842898],[18.148263,52.17402,98.672762],[18.147845,52.174114,98.53782],[18.147436,52.174222,97.912697],[18.147014,52.174333,98.307543],[18.146599,52.174438,98.036356],[18.146187,52.174545,97.899084],[18.145776,52.17463,97.838817],[18.145356,52.174731,96.291778],[18.144943,52.174835,95.712393],[18.144523,52.174961,95.048188],[18.144115,52.175057,94.383749],[18.143709,52.175143,95.027751],[18.1433,52.17523,95.954275],[18.142883,52.175328,96.681887],[18.142484,52.175438,95.204592],[18.142081,52.17554,95.142124],[18.141672,52.175645,95.028476],[18.141271,52.175741,94.36415],[18.140861,52.175856,94.891063],[18.140452,52.175947,94.599127],[18.140048,52.17604,94.66578],[18.13964,52.176134,94.86456],[18.139242,52.176237,94.955624],[18.138839,52.176329,94.678649],[18.13845,52.176421,94.747501],[18.138048,52.176512,95.486211],[18.137649,52.176589,94.844896],[18.137236,52.176697,94.824552],[18.136834,52.176795,95.108072],[18.136437,52.17688,95.115401],[18.136028,52.176983,95.439899],[18.135632,52.177091,95.717315],[18.135237,52.177188,95.775339],[18.134845,52.17728,95.163418],[18.134452,52.177379,95.482538],[18.134052,52.177473,95.466458],[18.133661,52.177565,95.490426],[18.133269,52.177655,95.903689],[18.13288,52.17776,95.840663],[18.132492,52.17786,96.150843],[18.132102,52.177951,96.519436],[18.1317,52.178052,96.909052],[18.1313,52.178129,97.185773],[18.1309,52.178214,97.615514],[18.130489,52.1783,97.525527],[18.130097,52.178379,97.505101],[18.129706,52.178469,97.301455],[18.129321,52.178546,97.516374],[18.128939,52.178626,97.671527],[18.128552,52.178697,97.180316],[18.128176,52.178779,97.718196],[18.12781,52.178852,97.480506],[18.127453,52.178928,97.475684],[18.127084,52.179001,97.663072],[18.126725,52.179071,97.040981],[18.12636,52.179139,97.203887],[18.125989,52.179207,96.949382],[18.125617,52.179279,96.928513],[18.125228,52.179345,97.110533],[18.124843,52.179411,97.009406],[18.12446,52.179485,97.197396],[18.124068,52.179552,97.620952],[18.123673,52.179626,97.128259],[18.123271,52.179694,97.73565],[18.122864,52.179751,97.642576],[18.122456,52.179822,97.49866],[18.122041,52.179886,97.242406],[18.121626,52.179954,97.450111],[18.12122,52.180018,97.341204],[18.120796,52.180085,97.385152],[18.120372,52.180146,97.280165],[18.119939,52.180211,97.235307],[18.119518,52.180272,96.825928],[18.119085,52.180329,97.083713],[18.118668,52.180387,96.760216],[18.11823,52.180452,96.487745],[18.117805,52.180503,96.325837],[18.117374,52.180571,95.748643],[18.11695,52.180629,95.747505],[18.116528,52.180694,95.353801],[18.116109,52.180758,95.036543],[18.1157,52.180816,95.179244],[18.115292,52.180875,94.951179],[18.114882,52.180938,94.296255],[18.11445,52.181005,93.657835],[18.114016,52.181073,94.129488],[18.113591,52.181132,94.129418],[18.113142,52.181195,93.50918],[18.1127,52.181261,92.893525],[18.112264,52.181329,92.470506],[18.11182,52.181395,92.40379],[18.111386,52.181468,91.13844],[18.110944,52.181538,91.245331],[18.110503,52.181609,90.306334],[18.110058,52.181688,89.597995],[18.109629,52.181755,88.863625],[18.109185,52.181823,88.278949],[18.108745,52.181884,88.490559],[18.108305,52.18196,88.126211],[18.10786,52.182033,87.332832],[18.107407,52.182107,86.962538],[18.106953,52.182184,86.709256],[18.106505,52.182257,86.280814],[18.106055,52.182339,85.779891],[18.105598,52.182427,85.120467],[18.105143,52.182509,84.806643],[18.104706,52.182591,84.51661],[18.104254,52.182675,84.079493],[18.103786,52.18276,83.212216],[18.10332,52.182855,83.119095],[18.102857,52.18295,82.234453],[18.102407,52.183022,82.030811],[18.101948,52.183114,81.657781],[18.101493,52.183205,81.903656],[18.101032,52.18331,82.017076],[18.100568,52.183407,82.222855],[18.100109,52.183518,81.822882],[18.099668,52.183622,80.708483],[18.099219,52.183723,81.651553],[18.098757,52.183844,82.956668],[18.09831,52.183951,83.637031],[18.09786,52.184058,83.59459],[18.097424,52.184172,82.415721],[18.096988,52.18427,82.968789],[18.096532,52.184381,83.56228],[18.096082,52.184496,82.834308],[18.095632,52.184617,82.326722],[18.09518,52.184718,82.212755],[18.094736,52.184827,82.063415],[18.094293,52.184932,81.954236],[18.093835,52.185049,81.915289],[18.093391,52.185165,82.001776],[18.092958,52.185267,81.88397],[18.092519,52.185384,82.191879],[18.09208,52.185492,82.323665],[18.091642,52.185603,82.883762],[18.091202,52.185721,83.082004],[18.090775,52.185841,82.95092],[18.090343,52.185946,83.15803],[18.08992,52.186059,82.916174],[18.089494,52.186178,83.869303],[18.089068,52.186299,84.851266],[18.08863,52.186414,85.208115],[18.08821,52.18651,85.333099],[18.087788,52.186622,86.412062],[18.087357,52.186742,86.639495],[18.086937,52.186868,86.050896],[18.086521,52.186973,86.003037],[18.086117,52.187081,85.687896],[18.085691,52.187191,85.549145],[18.085272,52.187315,85.34041],[18.084866,52.187433,85.014774],[18.084446,52.187546,84.859338],[18.084039,52.18767,84.601043],[18.083646,52.187804,84.287302],[18.083223,52.18792,84.951002],[18.08282,52.188041,84.507075],[18.082436,52.188164,83.535],[18.082047,52.188293,83.469795],[18.081657,52.188418,83.596242],[18.081282,52.188544,82.992332],[18.080889,52.188669,82.943097],[18.080513,52.188795,82.789685],[18.080137,52.188919,82.252231],[18.079763,52.189049,82.018062],[18.079388,52.189174,82.29019],[18.07901,52.189296,82.257051],[18.078628,52.189424,82.466129],[18.078258,52.189549,82.124412],[18.077875,52.189673,81.863282],[18.077495,52.189806,81.378614],[18.077113,52.189922,81.045716],[18.076728,52.190052,81.701719],[18.076347,52.190172,81.64536],[18.075971,52.190285,81.645674],[18.075592,52.190398,81.327748],[18.07522,52.190508,80.727059],[18.074844,52.190615,80.616077],[18.07446,52.190725,80.663118],[18.074086,52.19084,80.295887],[18.073712,52.190945,80.438541],[18.073341,52.191052,79.803807],[18.072976,52.191154,80.036184],[18.07261,52.191255,80.399861],[18.072236,52.191362,80.225799],[18.071853,52.191463,80.549831],[18.071464,52.191563,80.458143],[18.071078,52.19166,81.032974],[18.070679,52.19176,81.564992],[18.070286,52.191858,81.18598],[18.069893,52.191947,80.614724],[18.069495,52.192031,80.544181],[18.069092,52.192129,80.548013],[18.068688,52.192231,79.674098],[18.068289,52.192326,79.749285],[18.067893,52.192423,79.204876],[18.067497,52.192503,79.767732],[18.067089,52.192591,79.674946],[18.066695,52.192678,79.191947],[18.066294,52.192776,79.853378],[18.065891,52.192857,79.923806],[18.065495,52.192943,77.901479],[18.065098,52.193018,78.334785],[18.064689,52.19308,78.827729],[18.06429,52.193163,78.789914],[18.063895,52.193233,79.580452],[18.0635,52.193307,79.160602],[18.063108,52.193385,79.073587],[18.062724,52.193459,79.657427],[18.062337,52.193521,78.989223],[18.061955,52.193589,79.096921],[18.061562,52.193661,79.37802],[18.061179,52.19373,79.237208],[18.060796,52.193799,80.33734],[18.060424,52.193874,80.387331],[18.060042,52.193943,80.212869],[18.059658,52.194024,80.353968],[18.05928,52.194086,80.794886],[18.058903,52.194156,80.891848],[18.058527,52.194224,81.506111],[18.058153,52.194304,81.512303],[18.057785,52.194375,81.759477],[18.057422,52.194442,82.135145],[18.057075,52.194492,82.307606],[18.056716,52.194566,82.782359],[18.056349,52.194647,83.226296],[18.055981,52.194728,83.79747],[18.055615,52.194803,84.141563],[18.055257,52.194873,84.08721],[18.054881,52.194952,84.432478],[18.054523,52.195012,84.030215],[18.054144,52.195102,84.304331],[18.053774,52.195179,84.36395],[18.053402,52.195266,84.519032],[18.053038,52.195347,85.113855],[18.052674,52.195429,85.469136],[18.052309,52.195518,85.177481],[18.051939,52.195607,85.633438],[18.05156,52.195682,85.845918],[18.051195,52.195778,85.23117],[18.050826,52.19587,85.216559],[18.050448,52.195967,85.352534],[18.05009,52.196054,85.718605],[18.049727,52.196146,85.645297],[18.049384,52.196233,85.101534],[18.049014,52.19632,85.155476],[18.048643,52.196424,84.794231],[18.048282,52.196519,84.65259],[18.04791,52.196612,84.60281],[18.047544,52.196713,84.022344],[18.047178,52.196809,84.097367],[18.046816,52.196909,83.665759],[18.046455,52.197021,83.172958],[18.046089,52.197125,83.635614],[18.045732,52.197237,83.501489],[18.045384,52.19735,82.671001],[18.045034,52.197463,82.114874],[18.044686,52.197571,81.988694],[18.044335,52.19769,81.60518],[18.043986,52.197799,81.535449],[18.043637,52.197915,81.247189],[18.043296,52.198038,81.020109],[18.042947,52.198155,80.841683],[18.042594,52.198274,80.888177],[18.042237,52.198387,80.870848],[18.041882,52.198504,81.721252],[18.041535,52.198626,81.149147],[18.041193,52.19875,80.868909],[18.040851,52.198866,79.917353],[18.040512,52.198966,79.43138],[18.040172,52.199071,80.295114],[18.039835,52.1992,79.377961],[18.03949,52.199322,79.977096],[18.039143,52.199449,79.07558],[18.038777,52.199581,79.059901],[18.038421,52.19971,79.194163],[18.038067,52.19982,79.354711],[18.037711,52.199943,79.419768],[18.03737,52.200048,79.559408],[18.037025,52.200163,79.832344],[18.036683,52.200286,79.905055],[18.03634,52.200404,79.966055],[18.036007,52.20052,80.104613],[18.035678,52.200639,80.422641],[18.035343,52.200762,80.794223],[18.035011,52.200882,80.584884],[18.034684,52.201,80.924039],[18.034363,52.201105,81.477124],[18.034023,52.201231,81.929165],[18.033692,52.201351,81.63513],[18.033361,52.201477,81.574728],[18.033025,52.201591,81.330643],[18.032681,52.201717,82.07879],[18.032337,52.201836,82.172787],[18.031996,52.201955,82.531817],[18.031647,52.202077,82.538593],[18.031283,52.202191,82.908753],[18.030926,52.202319,82.719109],[18.030563,52.202445,82.972111],[18.030203,52.202557,83.620009],[18.029848,52.202676,83.708487],[18.029505,52.202779,83.439386],[18.029146,52.202892,84.410731],[18.028791,52.203009,84.521033],[18.028427,52.203137,84.720107],[18.02807,52.203246,84.625075],[18.027714,52.203358,85.443304],[18.027363,52.20347,85.568577],[18.027014,52.203556,86.395827],[18.026663,52.203659,86.333523],[18.026323,52.203756,86.223037],[18.025973,52.203862,86.613374],[18.025639,52.203953,86.436228],[18.025285,52.204075,87.206102],[18.024949,52.204178,87.722495],[18.024614,52.204283,87.777725],[18.02429,52.204371,88.002361],[18.023977,52.204465,88.10606],[18.023661,52.204564,88.754898],[18.023354,52.204649,89.0989],[18.023037,52.20473,89.773222],[18.022731,52.204815,89.857303],[18.022446,52.204893,90.102223],[18.022181,52.204957,90.903492],[18.021936,52.205016,91.613131],[18.021709,52.205079,91.902553],[18.021514,52.205136,92.132906],[18.021325,52.205187,91.900642],[18.021175,52.205247,91.717542],[18.021069,52.205317,91.555452],[18.021,52.205426,90.866289],[18.020946,52.205517,90.988741],[18.02094,52.205634,90.85081],[18.021067,52.205739,91.020656],[18.021147,52.205836,90.873968],[18.021272,52.205926,91.241384],[18.021422,52.205977,91.103083],[18.021601,52.206033,92.415482],[18.021796,52.20603,92.370996],[18.022009,52.206055,92.652473],[18.022222,52.20608,93.139025],[18.02245,52.206106,93.362706],[18.022653,52.206146,93.86998],[18.022865,52.206154,94.372426],[18.023014,52.206164,94.488125],[18.023203,52.206195,94.630287],[18.023361,52.206112,94.680483],[18.023356,52.205983,94.270503],[18.023156,52.205866,94.454803],[18.023002,52.205825,94.875169],[18.022851,52.205777,95.006841],[18.022698,52.205721,95.31449],[18.022549,52.205651,95.831544],[18.022392,52.20556,96.371661],[18.022233,52.205465,96.787393],[18.022063,52.205366,97.092846],[18.021898,52.205265,97.668385],[18.021727,52.205164,98.032743],[18.021559,52.205058,98.535312],[18.021385,52.204959,98.665186],[18.021217,52.204864,98.743895],[18.021053,52.204763,98.805843],[18.020889,52.204667,98.546461],[18.020723,52.204573,98.124477],[18.020546,52.204474,98.18868],[18.02037,52.204364,98.307309],[18.02019,52.204262,97.45287],[18.020012,52.204162,96.986803],[18.019837,52.20406,96.619605],[18.01965,52.203968,96.224982],[18.019456,52.203881,96.059917],[18.019253,52.203803,96.180747],[18.019048,52.203736,95.245327],[18.018839,52.203676,95.189384],[18.018629,52.203633,94.07706],[18.018414,52.203599,93.530321],[18.018187,52.203571,93.150143],[18.017953,52.203549,92.877683],[18.017713,52.203537,92.886209],[18.017468,52.203534,92.885714],[18.017211,52.203532,93.092355],[18.016965,52.203542,93.337176],[18.016729,52.203555,93.403889],[18.016482,52.203575,93.20147],[18.016257,52.203588,92.892994],[18.016023,52.203605,92.639789],[18.015786,52.203624,92.535363],[18.015553,52.203642,92.374178],[18.015313,52.203662,92.162309],[18.015084,52.203686,91.859622],[18.014877,52.203694,91.847576],[18.014648,52.203701,92.117638],[18.014426,52.20371,92.150421],[18.014195,52.203702,92.135179],[18.013948,52.203688,92.193489],[18.013695,52.203663,92.14445],[18.013454,52.203638,92.201954],[18.013217,52.203604,92.155959],[18.012988,52.203563,92.0697],[18.012768,52.203515,92.22307],[18.01256,52.203462,92.371408],[18.01237,52.203415,92.501329],[18.01218,52.203367,92.222867],[18.012013,52.203322,92.248822],[18.011861,52.20328,92.288298],[18.011727,52.203238,92.470514],[18.011592,52.203201,92.739638],[18.011454,52.203165,93.109052],[18.01131,52.203123,93.364879],[18.011143,52.203078,93.609832],[18.01097,52.203032,93.672842],[18.010778,52.202981,93.826089],[18.01058,52.202927,93.976496],[18.010371,52.202868,94.021715],[18.010157,52.202808,94.035579],[18.00993,52.202747,93.911587],[18.009692,52.202683,93.910328],[18.009448,52.202619,93.773407],[18.009193,52.20255,93.769964],[18.00893,52.202477,93.824754],[18.008675,52.202406,93.589705],[18.008415,52.202336,93.375368],[18.008142,52.202263,93.238241],[18.007872,52.20219,92.931239],[18.007595,52.202115,92.807568],[18.007315,52.202043,92.496394],[18.007038,52.201972,92.257254],[18.006762,52.201897,92.096639],[18.006487,52.20182,91.898218],[18.006209,52.201744,91.504624],[18.005923,52.201664,91.354416],[18.005647,52.201589,91.06989],[18.00537,52.201515,90.952011],[18.005091,52.201436,90.78085],[18.004812,52.201362,90.459376],[18.00453,52.201288,90.160385],[18.004243,52.20121,90.224343],[18.003949,52.201131,90.420014],[18.003661,52.20105,90.596512],[18.003372,52.20097,90.23663],[18.003087,52.200893,89.961776],[18.002797,52.200815,89.801988],[18.002498,52.200733,89.589675],[18.002206,52.200653,88.970713],[18.001911,52.200572,88.92847],[18.001616,52.200489,88.661301],[18.001327,52.20041,88.315117],[18.001037,52.200333,88.255399],[18.000756,52.200258,87.831944],[18.000487,52.200182,88.007183],[18.000216,52.20011,87.850646],[17.999946,52.200038,87.504419],[17.999676,52.199972,87.130884],[17.999404,52.199898,87.157666],[17.999131,52.199825,87.15816],[17.998844,52.199752,87.309161],[17.998554,52.199682,87.062542],[17.998259,52.199619,85.796065],[17.997966,52.199562,85.594763],[17.997671,52.199503,85.527366],[17.997386,52.199448,85.216347],[17.997094,52.199392,85.273675],[17.996798,52.199336,85.259592],[17.996511,52.199278,85.161151],[17.996226,52.199219,85.029304],[17.995934,52.199159,84.92441],[17.995647,52.199103,84.724903],[17.995365,52.199043,84.784088],[17.995069,52.198984,84.392758],[17.994792,52.198927,84.12433],[17.994513,52.198877,83.901929],[17.994203,52.19882,83.89617],[17.993933,52.198757,83.738034],[17.993664,52.198707,83.705612],[17.993389,52.198651,83.67667],[17.993133,52.198603,83.803096],[17.992885,52.198555,83.879543],[17.992642,52.19851,83.907807],[17.992411,52.198463,83.823153],[17.992185,52.198419,83.745549],[17.991977,52.198376,83.668436],[17.991786,52.198338,83.494144],[17.991583,52.198298,83.35187],[17.991381,52.198263,83.464076],[17.991183,52.198227,83.253108],[17.990972,52.198186,83.193492],[17.990745,52.198139,83.008332],[17.990516,52.198097,82.695174],[17.990292,52.198053,82.389286],[17.990069,52.198007,82.22406],[17.98984,52.197956,82.203858],[17.989605,52.197911,82.004872],[17.989374,52.197865,81.713839],[17.989146,52.197819,81.358807],[17.98891,52.197778,81.219986],[17.98869,52.197741,81.206073],[17.988455,52.197704,80.956407],[17.988209,52.197676,80.842631],[17.987983,52.197658,81.014905],[17.987751,52.197653,81.068188],[17.987501,52.197658,81.013679],[17.987274,52.197676,81.168638],[17.98703,52.197701,81.172482],[17.986766,52.197723,81.486314],[17.986528,52.197774,82.155191],[17.986268,52.197814,82.919683],[17.986025,52.197852,83.570855],[17.985745,52.197896,84.835539],[17.985487,52.197938,85.476186],[17.985221,52.197979,86.179435],[17.984941,52.198024,86.617239],[17.984654,52.198055,87.157963],[17.984376,52.19811,87.554834],[17.984106,52.198168,87.393202],[17.983828,52.198203,87.083055],[17.983564,52.198282,86.826324],[17.983286,52.198332,86.36485],[17.98302,52.198377,85.968303],[17.982746,52.198417,85.547123],[17.982466,52.198444,85.223512],[17.982198,52.198496,85.054335],[17.981936,52.198541,84.952486],[17.981658,52.198568,84.460473],[17.981391,52.198597,84.250994],[17.981117,52.198659,83.843265],[17.980834,52.198719,83.507154],[17.980589,52.198804,83.716921],[17.980326,52.198887,83.288375],[17.980018,52.198964,83.352437],[17.979735,52.199026,83.32259],[17.979435,52.199113,82.969493],[17.979155,52.199189,82.83159],[17.978838,52.199276,82.832874],[17.97852,52.199359,82.957119],[17.978225,52.199431,82.786367],[17.977928,52.199518,82.624143],[17.977636,52.199599,82.488358],[17.977343,52.199674,82.611251],[17.977037,52.199756,82.588855],[17.976746,52.199838,82.499269],[17.976431,52.199938,82.212354],[17.976154,52.20002,82.218728],[17.975872,52.20009,82.019934],[17.975587,52.200174,82.268083],[17.975304,52.200256,81.957112],[17.97501,52.200339,81.967448],[17.974723,52.200413,82.06903],[17.9744,52.200523,82.099218],[17.974089,52.200598,81.982043],[17.973782,52.200674,82.062639],[17.973491,52.200753,81.856953],[17.9732,52.200818,81.700523],[17.972914,52.200916,81.776689],[17.972634,52.200996,82.15584],[17.972333,52.201063,81.530619],[17.972016,52.201145,81.494807],[17.971699,52.201232,81.171041],[17.971394,52.201311,81.345899],[17.971088,52.201409,81.398185],[17.970748,52.201485,81.38585],[17.970424,52.201574,81.296754],[17.970097,52.201688,81.844651],[17.969734,52.201792,81.815962],[17.96937,52.201889,81.822447],[17.969006,52.201995,81.809687],[17.968651,52.202091,81.860447],[17.968313,52.202199,81.962503],[17.967959,52.202299,81.87092],[17.967606,52.202408,81.753595],[17.967275,52.202484,81.382596],[17.966937,52.202565,81.01081],[17.966585,52.202655,81.399733],[17.966236,52.20276,81.14418],[17.965897,52.20285,81.17623],[17.96559,52.202964,80.945457],[17.965302,52.203033,81.110438],[17.965016,52.203107,80.615345],[17.964737,52.203182,80.862047],[17.964462,52.20325,80.910434],[17.964182,52.203328,81.064936],[17.963884,52.203405,81.278095],[17.963564,52.203493,81.720888],[17.963245,52.203582,81.89663],[17.962923,52.20365,81.176802],[17.962588,52.203749,81.614561],[17.962291,52.20382,81.994325],[17.961959,52.203921,82.133857],[17.961641,52.204004,81.972537],[17.961334,52.204073,82.070324],[17.961029,52.20416,81.784863],[17.960731,52.204252,81.967025],[17.96043,52.204328,82.140916],[17.960135,52.204419,82.347905],[17.959863,52.204498,82.13851],[17.959572,52.204572,82.377812],[17.959305,52.204639,82.89669],[17.959039,52.204713,82.990474],[17.958768,52.204801,83.29321],[17.958489,52.204891,83.560005],[17.958253,52.204936,83.361466],[17.957986,52.205007,83.358283],[17.957737,52.20508,83.283747],[17.957479,52.205145,82.987336],[17.957235,52.205211,83.114939],[17.956978,52.205296,82.884344],[17.95672,52.20538,83.181164],[17.956462,52.205455,83.071623],[17.956194,52.205537,83.001986],[17.955949,52.205627,82.767581],[17.955706,52.20571,82.858647],[17.955466,52.205765,82.951754],[17.955242,52.205847,82.653278],[17.954968,52.205934,82.646741],[17.954764,52.20598,82.552883],[17.954544,52.206033,82.511988],[17.954311,52.20611,82.456694],[17.954082,52.206151,82.186576],[17.953852,52.206226,82.229669],[17.953629,52.206301,82.074434],[17.953411,52.206384,82.067023],[17.95318,52.206442,81.904529],[17.952963,52.206483,81.685101],[17.952791,52.206562,81.863957],[17.952596,52.206662,82.195905],[17.952433,52.206756,82.429231],[17.952251,52.206847,82.59273],[17.952094,52.206914,82.74899],[17.951904,52.206953,83.2249],[17.951738,52.207027,83.308513],[17.951552,52.207093,83.463016],[17.951363,52.207093,83.572293],[17.951131,52.207169,83.834218],[17.95089,52.207198,83.854966],[17.950643,52.207258,83.989214],[17.950397,52.207304,83.946231],[17.950151,52.207368,84.104691],[17.949882,52.207429,84.160012],[17.949629,52.207471,84.074407],[17.94939,52.207507,84.047917],[17.949173,52.207543,84.278004],[17.948924,52.207586,84.098581],[17.948693,52.207612,84.19004],[17.948455,52.207651,84.121937],[17.948227,52.207699,84.041735],[17.948,52.207746,84.173363],[17.947754,52.207797,84.13949],[17.947511,52.207858,83.881102],[17.947261,52.207904,84.003783],[17.947034,52.207961,84.121218],[17.946793,52.20803,84.163137],[17.946577,52.208075,84.100257],[17.946364,52.208148,83.980109],[17.946218,52.208221,84.035495],[17.946079,52.208289,84.112652],[17.945912,52.208449,84.479198],[17.94584,52.208558,84.751588],[17.945771,52.208671,84.718411],[17.945701,52.208777,84.469439],[17.945638,52.208873,83.906515],[17.945575,52.209022,83.46775],[17.945507,52.209124,83.267721],[17.945433,52.209228,82.7353],[17.945355,52.209314,82.376059],[17.945262,52.209405,82.036696],[17.945149,52.209491,82.178836],[17.945012,52.209562,82.071282],[17.944855,52.209607,82.106018],[17.944678,52.209629,82.250656],[17.944499,52.209635,82.630811],[17.944281,52.209609,82.537705],[17.944099,52.209565,82.268346],[17.943894,52.209548,82.2939],[17.943703,52.209525,82.327084],[17.943516,52.209503,82.456129],[17.943328,52.209466,82.341286],[17.943124,52.209442,82.963209],[17.942923,52.209418,83.27749],[17.942731,52.209387,83.626822],[17.942533,52.209362,84.121104],[17.942322,52.209326,84.804956],[17.942106,52.209296,85.614575],[17.941882,52.209263,86.87187],[17.941665,52.209233,87.32084],[17.941444,52.2092,88.106345],[17.941217,52.209169,88.659687],[17.94099,52.209134,89.438929],[17.940743,52.20909,91.055874],[17.940496,52.209052,92.199568],[17.940252,52.209009,93.016958],[17.940014,52.208966,93.571691],[17.939771,52.208922,93.972006],[17.939537,52.208887,94.317701],[17.939306,52.208851,94.345639],[17.939072,52.208821,94.331779],[17.938849,52.208796,94.670966],[17.938611,52.208777,94.840564],[17.93835,52.208763,95.083223],[17.938105,52.208753,95.016032],[17.937876,52.208737,95.006785],[17.937631,52.208725,95.106782],[17.937398,52.208709,95.094366],[17.93717,52.208695,94.941411],[17.936927,52.208692,94.873612],[17.936712,52.208691,94.618276],[17.936506,52.208674,94.715979],[17.936292,52.208669,94.50482],[17.936086,52.208656,94.513386],[17.9359,52.208647,94.543587],[17.935701,52.208634,94.583948],[17.935502,52.208634,94.640412],[17.935297,52.208633,94.688065],[17.935096,52.208626,94.691403],[17.934901,52.208629,94.663633],[17.934721,52.208618,94.712227],[17.934517,52.20863,94.858905],[17.934325,52.208626,94.947021],[17.934129,52.208617,95.069344],[17.933929,52.208618,95.087306],[17.93374,52.208633,95.275741],[17.933567,52.208636,95.372039],[17.933399,52.208642,95.313708],[17.933204,52.208632,95.244642],[17.93302,52.208629,95.227497],[17.932827,52.208624,95.284118],[17.932636,52.208622,95.383076],[17.932435,52.208615,95.296467],[17.932242,52.208608,95.219417],[17.932051,52.208607,95.340748],[17.931853,52.208615,95.454911],[17.931666,52.208596,95.626101],[17.93149,52.208591,95.560276],[17.931324,52.20859,95.806316],[17.931039,52.20859,96.118027],[17.930811,52.208588,95.911748],[17.930649,52.208614,96.167614],[17.930686,52.208791,96.279136],[17.930654,52.208892,96.567746],[17.930617,52.209072,96.499574],[17.930596,52.209163,96.667141],[17.930574,52.209259,96.909094],[17.930532,52.209402,97.70766],[17.930489,52.209521,98.151763],[17.930387,52.209636,98.036808],[17.930189,52.209678,98.185003],[17.930243,52.209492,98.335908],[17.929986,52.209514,98.370054],[17.929823,52.209498,98.462274],[17.929565,52.209483,98.34401],[17.929306,52.209467,98.462841],[17.929032,52.209444,98.579682],[17.928871,52.209446,98.569069],[17.928693,52.209446,98.517548],[17.928537,52.209439,98.451721],[17.928386,52.209429,98.272315],[17.928088,52.209441,98.319312],[17.927935,52.209432,98.349515],[17.927754,52.209441,98.326711],[17.927606,52.209445,98.28507],[17.927298,52.209446,98.393681],[17.927148,52.209443,98.473707],[17.926996,52.209444,98.471764],[17.926818,52.209454,98.448206],[17.926637,52.209467,98.449207],[17.926461,52.209478,98.405281],[17.926283,52.209496,98.382936],[17.926102,52.209498,98.337408],[17.925901,52.209508,98.256471],[17.925712,52.209534,98.304654],[17.925524,52.209546,98.158081],[17.925329,52.209546,98.329129],[17.925116,52.209565,98.374456],[17.924896,52.209588,98.392636],[17.924685,52.209602,98.384765],[17.924494,52.209613,98.528571],[17.924293,52.209626,98.446194],[17.924061,52.20964,98.236801],[17.923823,52.209657,98.127622],[17.923531,52.209666,98.306107],[17.923267,52.209694,98.252581],[17.923011,52.209702,98.256685],[17.922759,52.209716,98.186512],[17.922517,52.209743,98.083802],[17.922278,52.209759,97.939819],[17.922036,52.209775,98.090549],[17.921755,52.209793,98.135481],[17.921496,52.209799,98.11495],[17.921238,52.209825,98.076712],[17.920982,52.209832,98.146103],[17.920739,52.209863,98.199704],[17.920504,52.209879,98.098993],[17.920219,52.209898,97.984081],[17.919947,52.209917,98.033843],[17.91969,52.209934,97.827164],[17.91942,52.209952,97.989651],[17.919141,52.20997,97.912716],[17.918872,52.209989,97.75458],[17.918643,52.210005,97.589991],[17.918386,52.210023,97.527798],[17.918052,52.210046,97.492877],[17.917762,52.210066,97.537537],[17.91751,52.210083,97.509466],[17.917263,52.2101,97.465374],[17.917048,52.210115,97.218831],[17.916818,52.210131,97.146196],[17.916599,52.210146,97.063019],[17.916386,52.210161,96.919277],[17.916174,52.210176,96.825516],[17.915961,52.21019,96.672659],[17.915736,52.210201,96.656565],[17.915504,52.210207,96.621664],[17.915279,52.2102,96.664657],[17.91505,52.210179,96.826297],[17.914817,52.210151,96.903353],[17.914578,52.210121,96.970394],[17.914343,52.210081,97.091456],[17.914113,52.210051,97.136466],[17.913884,52.210019,97.315174],[17.913655,52.209988,97.350019],[17.913416,52.209956,97.414614],[17.913193,52.209927,97.471837],[17.912972,52.209897,97.408467],[17.912747,52.209866,97.357118],[17.912513,52.209835,97.404659],[17.912285,52.20982,97.495097],[17.912042,52.209772,97.589482],[17.911827,52.209759,97.721463],[17.911584,52.209727,97.714923],[17.911352,52.209696,97.639917],[17.911099,52.209664,97.677989],[17.910863,52.209632,97.566431],[17.910636,52.209612,97.468358],[17.910398,52.209581,97.258223],[17.910154,52.20955,97.48251],[17.909863,52.209513,97.493163],[17.909604,52.209477,97.593211],[17.909309,52.209437,97.504615],[17.90907,52.209404,97.653406],[17.908821,52.20937,97.544219],[17.908587,52.209339,97.341341],[17.908358,52.209308,97.277179],[17.908125,52.209277,97.278286],[17.907899,52.209245,97.443705],[17.907661,52.209211,97.470633],[17.907436,52.209179,97.488955],[17.907205,52.209148,97.439381],[17.906981,52.20911,97.341405],[17.90673,52.209081,97.415394],[17.906473,52.209045,97.190809],[17.906207,52.209009,97.145707],[17.905939,52.208979,96.893373],[17.90568,52.208943,96.822531],[17.90539,52.20891,96.834256],[17.905146,52.208874,96.7307],[17.904893,52.208845,96.762336],[17.904657,52.208815,96.904562],[17.904356,52.208783,96.923694],[17.904076,52.208748,96.796743],[17.903827,52.208711,97.000496],[17.903595,52.208687,97.019906],[17.903351,52.208646,97.09002],[17.903075,52.208602,97.220999],[17.902812,52.20858,97.168498],[17.902549,52.208544,97.048783],[17.902282,52.208495,97.132989],[17.90204,52.208465,97.020297],[17.901786,52.20844,96.835721],[17.901536,52.208404,96.919648],[17.901281,52.208372,96.715729],[17.901039,52.208342,96.699275],[17.900807,52.208312,96.489879],[17.900524,52.208273,96.291878],[17.900265,52.208234,96.139881],[17.90003,52.208211,96.094271],[17.899783,52.20818,96.194472],[17.899543,52.208148,96.166315],[17.899286,52.208115,96.187482],[17.899021,52.208096,96.121434],[17.898783,52.208069,96.369524],[17.898541,52.208035,96.412879],[17.898291,52.208,96.556747],[17.898063,52.207969,96.250818],[17.897829,52.207939,96.398451],[17.897603,52.207921,96.525727],[17.897398,52.207888,96.475826],[17.897164,52.207851,96.639588],[17.896937,52.207823,96.667911],[17.896705,52.207795,96.804669],[17.896481,52.207769,96.82192],[17.896263,52.207741,96.949273],[17.896039,52.207711,97.090705],[17.895805,52.207682,97.446284],[17.895575,52.207652,97.774502],[17.895357,52.207626,97.837525],[17.895121,52.207606,97.686539],[17.894899,52.207572,97.752132],[17.89468,52.207545,97.879936],[17.894513,52.207524,97.905001],[17.894317,52.2075,97.806403],[17.894121,52.207476,97.626818],[17.893924,52.20745,97.432047],[17.893724,52.207425,97.322274],[17.893522,52.20742,97.265349],[17.893357,52.207398,96.931781],[17.893195,52.207378,96.724264],[17.893041,52.207353,96.530342],[17.893208,52.207334,96.438936],[17.893345,52.207197,95.755423],[17.89337,52.207054,95.63202],[17.893425,52.206922,95.84553],[17.893458,52.206747,95.366652],[17.89347,52.206572,95.168893],[17.893465,52.206403,95.00174],[17.893443,52.20624,95.008072],[17.893446,52.206063,95.213809],[17.893426,52.2059,95.483053],[17.893386,52.205762,95.52358],[17.893318,52.205626,95.537911],[17.893292,52.205499,95.370646],[17.893472,52.205446,95.444429],[17.893602,52.205624,97.361004],[17.893599,52.205723,99.236347],[17.893614,52.205626,98.90088],[17.893431,52.205634,98.079628],[17.893433,52.205732,97.860878],[17.893515,52.205861,98.611791],[17.893513,52.206087,98.652843],[17.893541,52.206207,98.95789],[17.893547,52.206356,98.068861],[17.893541,52.206472,98.636633],[17.893553,52.206619,98.736041],[17.8935,52.206792,98.585911],[17.893476,52.206897,98.323676],[17.893477,52.207011,97.563226],[17.89346,52.207122,97.275041],[17.893442,52.207217,96.884584],[17.89341,52.207323,96.240058],[17.893181,52.207378,96.352402],[17.89303,52.207399,96.274358],[17.892771,52.20744,96.225846],[17.892511,52.207454,96.043448],[17.892364,52.207456,96.073151],[17.892209,52.207467,96.29123],[17.892028,52.207481,96.118579],[17.891844,52.207497,96.196856],[17.891666,52.207522,96.229546],[17.891477,52.207529,96.130528],[17.891288,52.207526,96.245016],[17.891104,52.207531,96.412997],[17.890915,52.207548,96.527902],[17.890715,52.207572,96.48228],[17.890527,52.207588,96.525501],[17.890342,52.207602,96.636593],[17.890153,52.207624,96.723896],[17.889954,52.207657,96.835804],[17.889748,52.207698,97.048879],[17.889558,52.20773,96.983898],[17.889364,52.20774,96.984633],[17.889182,52.207758,96.93988],[17.889013,52.207774,96.789705],[17.888851,52.207806,96.807382],[17.888704,52.207788,96.673585],[17.888535,52.207798,96.84888],[17.888263,52.207816,96.711815],[17.888005,52.207842,96.251375],[17.887762,52.207869,95.988437],[17.8875,52.207895,96.037483],[17.887354,52.207911,96.100916],[17.887131,52.207937,96.073713],[17.886925,52.207966,96.004213],[17.886717,52.207946,96.184702],[17.886501,52.207991,96.441197],[17.886355,52.207995,96.328502],[17.886084,52.208019,96.286259],[17.885881,52.208038,96.166125],[17.885705,52.208055,96.127837],[17.885504,52.208075,96.23807],[17.885313,52.208093,96.012126],[17.885099,52.208115,96.010591],[17.884878,52.208137,96.029789],[17.884659,52.208159,96.097186],[17.884435,52.20818,95.989449],[17.884179,52.208205,96.013687],[17.883946,52.208227,95.891581],[17.883713,52.208233,95.906753],[17.883494,52.208256,95.745619],[17.883281,52.208316,95.662088],[17.883039,52.20835,95.723532],[17.882788,52.208387,95.210127],[17.882574,52.208403,95.146655],[17.88234,52.208422,95.169611],[17.882127,52.208453,94.974],[17.881881,52.208485,95.092207],[17.881637,52.208493,95.008817],[17.881408,52.208515,95.198323],[17.881152,52.208541,95.166539],[17.880853,52.208572,95.275501],[17.88054,52.2086,95.181023],[17.8803,52.208623,94.824037],[17.879972,52.208655,94.44756],[17.879716,52.20868,94.034507],[17.879468,52.208704,93.75946],[17.87921,52.208728,93.514191],[17.87895,52.208753,92.969967],[17.87869,52.208777,92.617386],[17.878434,52.208802,92.373266],[17.878187,52.208826,92.068424],[17.877924,52.208852,91.860677],[17.877669,52.208877,91.30844],[17.877434,52.2089,90.920489],[17.877164,52.208927,90.518862],[17.876868,52.208956,90.287951],[17.876593,52.208984,90.05705],[17.876312,52.209011,90.171167],[17.87605,52.209036,90.393425],[17.875766,52.209063,90.801007],[17.875489,52.20909,91.107921],[17.875219,52.209117,91.519978],[17.874925,52.209145,91.765071],[17.874668,52.20917,92.101236],[17.874407,52.209175,92.67195],[17.874137,52.209179,93.029],[17.873876,52.209205,93.365595],[17.873597,52.209243,93.821314],[17.873337,52.209269,94.04784],[17.873085,52.209295,94.083641],[17.872843,52.209312,93.922479],[17.872576,52.20934,93.770729],[17.872298,52.209395,93.737378],[17.87204,52.209417,93.637616],[17.871784,52.209445,93.724997],[17.87153,52.209461,93.498036],[17.871277,52.209489,93.3831],[17.871018,52.209514,93.283047],[17.870749,52.209556,93.434431],[17.870488,52.209583,93.228491],[17.870221,52.209594,93.174294],[17.869964,52.20959,93.174461],[17.869705,52.209601,92.903545],[17.869422,52.209635,92.979767],[17.86914,52.209684,92.798639],[17.868862,52.209715,92.591854],[17.868594,52.209744,92.502541],[17.868316,52.209763,92.395665],[17.868053,52.2098,92.255483],[17.867778,52.209849,92.140978],[17.867519,52.209854,92.009852],[17.867251,52.209867,92.088158],[17.866989,52.209874,92.030682],[17.866734,52.209892,91.840075],[17.866481,52.209915,91.962342],[17.866228,52.209949,91.927223],[17.865947,52.21001,91.854149],[17.865685,52.210037,91.894696],[17.865412,52.210073,91.936465],[17.865148,52.210097,91.792566],[17.864911,52.210077,91.596214],[17.864668,52.210099,91.297706],[17.864406,52.21011,91.233937],[17.864153,52.210123,91.081763],[17.863886,52.210154,90.863823],[17.863617,52.210173,91.111852],[17.86336,52.210209,90.345457],[17.863106,52.210233,89.997873],[17.862843,52.210258,89.59398],[17.862569,52.210304,89.388591],[17.862285,52.210341,88.728453],[17.862029,52.210343,88.202987],[17.861747,52.210348,87.879059],[17.861467,52.210399,87.474452],[17.861194,52.210424,86.988762],[17.860923,52.210456,85.968313],[17.860652,52.210459,85.144288],[17.860385,52.210503,83.960235],[17.860137,52.210513,83.055493],[17.859881,52.210532,82.643401],[17.859636,52.210566,82.056438],[17.859352,52.21061,81.38249],[17.859109,52.210634,80.703388],[17.858849,52.21067,80.246093],[17.858572,52.210721,79.534388],[17.858322,52.210742,78.862696],[17.858079,52.210816,78.491122],[17.857823,52.210874,78.219285],[17.857552,52.210916,77.931243],[17.857305,52.21096,77.773368],[17.857043,52.211031,77.188727],[17.856779,52.211076,76.994723],[17.856535,52.211102,76.819625],[17.856247,52.211177,76.584447],[17.855947,52.211235,76.376198],[17.855683,52.211286,76.051154],[17.855422,52.211337,76.005504],[17.855158,52.211388,76.017244],[17.854913,52.211435,75.708714],[17.854741,52.211468,75.533662],[17.854475,52.21152,75.343784],[17.854261,52.211561,73.919699],[17.853992,52.211613,73.705962],[17.853725,52.211664,73.688255],[17.853477,52.211704,73.981868],[17.853222,52.211765,73.404385],[17.853001,52.21182,73.406002],[17.85275,52.211844,73.602092],[17.8525,52.211889,73.62223],[17.852278,52.211916,73.385496],[17.852005,52.211966,73.84963],[17.851759,52.212024,73.940678],[17.851511,52.212043,73.37381],[17.851295,52.212077,73.431136],[17.851049,52.212128,75.574722],[17.850819,52.212177,76.185753],[17.850555,52.212227,76.482321],[17.850311,52.212273,76.618299],[17.850013,52.212318,76.922704],[17.849776,52.212374,76.921737],[17.849514,52.212406,77.441251],[17.849288,52.212448,77.896571],[17.849059,52.212467,78.299293],[17.848825,52.212462,78.414745],[17.848575,52.212478,78.677375],[17.848359,52.212471,79.075027],[17.848122,52.212454,79.386191],[17.84789,52.212426,79.879861],[17.847653,52.212411,80.239123],[17.847405,52.212381,80.80416],[17.847162,52.212358,81.184079],[17.846916,52.212337,81.62607],[17.846667,52.212322,82.100744],[17.84641,52.212302,82.363969],[17.846164,52.212279,82.580358],[17.845918,52.212254,82.600973],[17.845678,52.212225,82.732481],[17.845442,52.212194,82.764159],[17.845215,52.212173,82.798619],[17.844984,52.212156,82.810238],[17.844754,52.212121,82.749347],[17.844503,52.212085,82.737516],[17.84425,52.212057,82.895971],[17.844,52.212043,82.761776],[17.843737,52.212015,82.897432],[17.84349,52.211972,82.813532],[17.843236,52.211957,82.781588],[17.842977,52.211927,82.837619],[17.84273,52.211898,82.822823],[17.842483,52.21187,82.684743],[17.842235,52.211843,82.529156],[17.842,52.211813,82.380258],[17.841741,52.211786,82.187412],[17.841497,52.211748,82.091922],[17.841234,52.211718,82.009098],[17.840996,52.211694,82.075279],[17.840755,52.211668,82.09488],[17.840516,52.211643,82.023092],[17.840268,52.211611,81.769475],[17.840029,52.211584,81.687641],[17.839769,52.211536,81.654632],[17.839492,52.211505,81.455599],[17.839258,52.211478,81.42674],[17.838995,52.21146,81.610503],[17.838739,52.211424,81.608995],[17.838492,52.211398,81.51628],[17.838252,52.211366,81.570019],[17.838002,52.211334,81.779708],[17.837758,52.211287,81.869145],[17.837507,52.211261,81.991448],[17.837263,52.211226,82.098447],[17.837019,52.211199,82.298411],[17.83678,52.211168,82.495779],[17.83653,52.211139,82.744612],[17.836296,52.211111,82.568239],[17.836061,52.211098,82.406187],[17.835822,52.21107,82.424201],[17.835575,52.211042,82.503486],[17.835346,52.211004,82.412589],[17.835105,52.210983,82.268193],[17.834872,52.210956,82.135394],[17.834651,52.210931,82.034177],[17.834424,52.210903,82.022535],[17.83419,52.210873,81.863749],[17.833944,52.210849,81.913044],[17.83371,52.210821,81.8966],[17.833491,52.210794,81.770912],[17.833247,52.210784,81.67093],[17.833043,52.210748,81.778854],[17.832819,52.210727,81.764721],[17.832609,52.210701,81.816087],[17.832386,52.210682,81.910464],[17.83217,52.210653,82.127994],[17.831961,52.210619,82.068209],[17.831731,52.210608,81.962447],[17.831515,52.210573,82.047445],[17.831302,52.210541,81.91833],[17.831094,52.210521,81.849399],[17.830873,52.210496,81.896619],[17.830678,52.210469,81.81976],[17.830462,52.210437,81.912946],[17.830276,52.210413,81.928916],[17.830107,52.210419,82.123065],[17.829916,52.210398,82.123838],[17.829729,52.210361,82.239906],[17.829542,52.210334,82.299591],[17.829374,52.210312,82.200483],[17.829202,52.210297,82.137247],[17.829018,52.210275,82.283904],[17.828813,52.21025,82.203435],[17.828604,52.210226,82.293401],[17.828384,52.210199,82.348197],[17.828206,52.210178,82.536223],[17.827985,52.210152,82.448713],[17.827768,52.210126,82.500078],[17.827536,52.210099,82.438161],[17.827325,52.210074,82.503047],[17.827121,52.21005,82.586077],[17.826901,52.210024,82.657849],[17.826714,52.210002,82.775127],[17.82653,52.20998,82.880153],[17.826337,52.209957,82.652281],[17.826126,52.209933,82.670577],[17.825932,52.20991,82.696972],[17.825741,52.209888,82.619051],[17.825513,52.209861,83.052867],[17.825305,52.209837,82.946522],[17.825116,52.209815,82.978395],[17.82491,52.209791,82.938934],[17.824685,52.209765,83.022593],[17.824481,52.209741,83.095034],[17.824281,52.209718,83.13709],[17.824115,52.209698,83.178123],[17.823941,52.209678,83.231012],[17.823743,52.209654,83.254151],[17.823559,52.209631,83.35376],[17.823333,52.209604,83.357244],[17.823132,52.209579,83.416354],[17.822925,52.209553,83.386446],[17.822715,52.209527,83.443066],[17.822513,52.209502,83.50905],[17.822321,52.209478,83.463804],[17.82211,52.209454,83.432429],[17.821917,52.209435,83.379133],[17.821551,52.209336,83.129545],[17.821326,52.209336,83.028116],[17.821086,52.209353,82.971476],[17.820859,52.209381,82.790094],[17.820641,52.209407,82.591901],[17.820425,52.209436,82.399309],[17.820217,52.209465,81.951629],[17.820186,52.209708,81.695419],[17.820016,52.209766,81.353571],[17.819841,52.209834,81.06504],[17.819707,52.209887,80.884784],[17.81954,52.209955,80.499378],[17.819373,52.210023,80.31385],[17.819225,52.210083,80.209294],[17.819102,52.210133,80.195106],[17.818937,52.2102,80.682327],[17.818737,52.210281,81.11513],[17.818541,52.210351,81.373056],[17.818327,52.210411,81.491978],[17.818107,52.210457,81.762857],[17.817937,52.210484,82.080868],[17.817736,52.210509,81.876365],[17.817543,52.210521,82.015708],[17.817338,52.210529,82.324281],[17.817106,52.210532,82.246316],[17.816925,52.210534,82.117453],[17.816716,52.210532,82.048895],[17.816517,52.210526,81.938348],[17.816346,52.210507,82.025512],[17.816135,52.210501,82.174312],[17.815938,52.210491,82.220365],[17.81572,52.210475,82.204756],[17.815531,52.210453,82.154085],[17.815318,52.210453,82.318118],[17.815106,52.210433,82.568139],[17.814893,52.210414,82.564262],[17.814684,52.210395,82.860924],[17.814468,52.210376,83.14383],[17.814251,52.210357,83.542081],[17.814037,52.210339,84.022003],[17.813815,52.21032,84.434334],[17.813594,52.210301,84.789675],[17.813369,52.21028,85.212124],[17.813161,52.210261,85.623826],[17.812965,52.210241,86.023939],[17.812766,52.210221,86.456638],[17.81257,52.210201,86.662004],[17.81235,52.210179,87.072192],[17.81213,52.210156,87.398656],[17.811915,52.210134,87.746766],[17.811719,52.210115,88.025045],[17.811514,52.210094,88.395976],[17.811299,52.210072,88.608475],[17.811097,52.210052,88.98024],[17.810878,52.21003,89.338979],[17.810668,52.210008,89.760767],[17.81045,52.209985,89.856624],[17.810219,52.209958,90.299116],[17.81001,52.209933,90.439415],[17.809794,52.209907,90.908885],[17.80958,52.209881,91.226162],[17.809368,52.209856,91.317149],[17.809148,52.209829,91.556597],[17.808946,52.209805,91.868951],[17.808715,52.209778,92.080911],[17.808501,52.209753,92.308171],[17.808292,52.209728,92.536193],[17.80808,52.209703,92.691116],[17.807863,52.209678,92.835105],[17.807645,52.209652,92.876165],[17.807426,52.209619,93.001704],[17.807197,52.209596,93.17633],[17.806956,52.20957,93.166001],[17.806734,52.209546,93.320231],[17.806504,52.20952,93.31181],[17.806286,52.209495,93.224648],[17.806101,52.209472,93.120996],[17.805883,52.209448,93.05115],[17.805681,52.209421,92.931124],[17.805471,52.209399,92.808182],[17.805239,52.20937,92.691061],[17.805014,52.20934,92.48806],[17.804787,52.209306,92.199934],[17.804567,52.209285,91.832117],[17.804335,52.209259,91.444487],[17.804115,52.209232,91.373187],[17.803892,52.209221,91.141994],[17.80366,52.209197,91.063096],[17.803395,52.209162,90.875399],[17.803128,52.209128,90.741584],[17.802853,52.209094,90.745024],[17.802582,52.209066,90.698573],[17.802293,52.209062,90.766817],[17.802042,52.209019,90.746535],[17.801762,52.209013,90.739746],[17.801506,52.208979,90.589684],[17.801258,52.208955,90.561716],[17.801026,52.208933,90.624095],[17.800774,52.208909,90.386304],[17.800508,52.208837,90.229459],[17.80026,52.208808,90.287685],[17.799995,52.208797,90.212942],[17.799706,52.208789,89.944991],[17.799414,52.208783,89.828041],[17.799144,52.208746,89.503673],[17.798853,52.208729,89.658866],[17.798582,52.208691,89.92087],[17.798271,52.208661,89.402124],[17.797994,52.208641,89.63886],[17.797695,52.208607,89.90041],[17.797418,52.208578,89.883465],[17.79715,52.208557,89.859843],[17.796871,52.208529,89.730307],[17.796582,52.2085,89.357423],[17.796313,52.208473,89.181058],[17.796036,52.208445,89.035326],[17.795761,52.208418,88.432942],[17.795438,52.208387,88.354479],[17.795158,52.208359,88.171309],[17.79492,52.208336,88.391565],[17.794657,52.20831,88.372601],[17.794398,52.208285,88.31774],[17.79411,52.208257,88.286191],[17.793845,52.208231,88.063663],[17.79357,52.208204,88.168029],[17.793305,52.208179,87.891146],[17.793055,52.208154,87.53293],[17.792766,52.208126,87.291152],[17.792481,52.208098,87.402145],[17.792196,52.20807,87.622458],[17.791925,52.208044,87.755631],[17.791666,52.208018,88.308348],[17.791383,52.207991,88.884736],[17.791063,52.207959,89.423053],[17.790811,52.207935,89.780018],[17.79057,52.207911,90.179332],[17.790284,52.207883,90.367195],[17.790005,52.207856,90.594171],[17.789726,52.207829,90.597043],[17.789444,52.207801,90.644243],[17.789148,52.207771,91.14022],[17.788832,52.20774,91.454687],[17.788545,52.207711,91.139895],[17.788263,52.207683,91.224771],[17.787973,52.207653,91.211683],[17.787659,52.207622,91.333826],[17.787366,52.207593,91.57071],[17.787102,52.207567,91.254077],[17.786808,52.207538,91.443334],[17.786525,52.20751,91.414719],[17.786227,52.207481,91.406969],[17.785962,52.207455,91.460453],[17.785704,52.20743,91.277934],[17.785405,52.207401,91.311961],[17.78511,52.207373,91.074128],[17.784838,52.207346,90.898876],[17.784568,52.207318,90.794106],[17.784339,52.207295,90.767373],[17.784065,52.207268,90.704635],[17.783781,52.20724,90.619277],[17.783503,52.207212,90.561147],[17.783149,52.207177,90.463422],[17.782866,52.207149,90.456959],[17.782604,52.207123,90.546336],[17.782348,52.207097,90.529553],[17.782066,52.207069,90.551556],[17.781753,52.207037,90.779967],[17.781466,52.207008,90.338905],[17.78115,52.206976,90.331213],[17.780877,52.20695,90.164858],[17.780598,52.206923,90.208917],[17.780318,52.206896,89.903792],[17.78003,52.206868,89.941816],[17.779749,52.206839,89.800681],[17.779445,52.206808,89.437985],[17.779166,52.20678,89.400736],[17.778865,52.206749,89.292468],[17.778586,52.206721,89.361893],[17.778272,52.206689,89.272083],[17.77796,52.206658,89.303239],[17.777638,52.206628,89.246279],[17.777345,52.206602,89.396512],[17.77704,52.206572,89.727258],[17.776807,52.206545,89.530065],[17.77653,52.20651,89.412923],[17.776223,52.206471,89.109527],[17.775916,52.206431,89.23683],[17.775635,52.206395,89.100592],[17.775338,52.206357,88.784263],[17.775023,52.206318,88.599855],[17.774742,52.206283,88.379414],[17.774468,52.206249,88.137232],[17.774194,52.206214,87.705619],[17.773848,52.206171,87.541906],[17.77356,52.206134,87.153922],[17.773269,52.206097,87.156559],[17.77296,52.206058,86.940145],[17.772674,52.206022,86.740444],[17.772406,52.205972,86.736949],[17.772119,52.205935,86.858801],[17.771834,52.205907,87.180774],[17.771554,52.20587,87.376723],[17.771297,52.205832,87.699376],[17.771051,52.205781,87.90192],[17.770728,52.205718,88.115108],[17.770454,52.205669,88.582103],[17.770196,52.205606,88.701923],[17.769915,52.205548,89.094398],[17.769661,52.205478,89.238178],[17.769411,52.205416,89.074154],[17.769153,52.205348,89.155435],[17.768923,52.20528,89.095978],[17.76867,52.205216,88.936881],[17.768411,52.205147,89.089754],[17.76818,52.205081,88.722498],[17.767941,52.205029,88.702176],[17.767692,52.204963,88.803198],[17.767446,52.204904,88.122604],[17.767196,52.204852,87.709387],[17.766986,52.204802,86.985606],[17.766741,52.204759,86.607239],[17.76653,52.204716,85.951768],[17.766275,52.204662,85.459431],[17.766038,52.204618,85.057417],[17.765803,52.204559,84.707724],[17.765565,52.204492,84.176984],[17.765329,52.204443,83.709482],[17.765103,52.204393,82.890053],[17.764865,52.204337,82.008027],[17.764642,52.204264,81.010598],[17.764397,52.204174,80.631747],[17.764204,52.204085,80.063931],[17.764001,52.203995,79.697959],[17.763796,52.203913,79.182482],[17.763594,52.203833,78.607317],[17.763389,52.203754,78.407675],[17.763171,52.203662,78.257847],[17.762975,52.203576,78.349568],[17.762753,52.203495,78.189194],[17.762541,52.203403,78.476371],[17.762342,52.203307,78.540286],[17.762168,52.20321,78.680928],[17.762013,52.203105,78.870907],[17.761834,52.202981,78.350909],[17.7617,52.202842,78.619312],[17.761584,52.202717,78.489431],[17.761476,52.202588,78.355284],[17.761376,52.202452,78.170172],[17.761278,52.202314,78.135194],[17.761171,52.202178,78.131907],[17.761034,52.202039,78.171113],[17.760893,52.20189,78.36017],[17.760684,52.201764,78.465473],[17.760456,52.201632,78.633928],[17.760204,52.201507,78.718878],[17.75995,52.201419,78.774493],[17.75972,52.201338,79.134497],[17.759456,52.201251,79.702592],[17.759216,52.201168,80.20906],[17.758953,52.201092,80.438145],[17.758679,52.201002,80.479527],[17.758454,52.200915,81.015372],[17.758209,52.200833,81.222099],[17.757977,52.200757,81.90153],[17.757705,52.200677,81.623073],[17.757451,52.200599,81.663719],[17.757196,52.200537,82.019976],[17.756991,52.200469,81.920435],[17.756754,52.200404,82.209747],[17.756553,52.200344,82.153593],[17.756363,52.200274,82.032569],[17.756128,52.200202,81.566151],[17.755918,52.200154,81.74179],[17.755723,52.200089,81.525558],[17.755478,52.200024,81.383231],[17.755294,52.199963,81.08178],[17.755074,52.19992,80.716429],[17.754865,52.199857,80.599226],[17.754648,52.199801,80.068788],[17.75446,52.199727,79.831835],[17.754264,52.199668,79.712045],[17.754057,52.199654,79.481131],[17.753905,52.199597,79.10968],[17.753653,52.19949,79.042939],[17.753503,52.199458,78.803746],[17.753294,52.199397,78.739854],[17.753088,52.199339,78.629673],[17.752873,52.199287,78.864335],[17.752656,52.199245,78.896687],[17.752452,52.199188,78.787433],[17.752249,52.199118,78.78163],[17.752044,52.199058,78.997273],[17.751796,52.198984,78.828133],[17.751534,52.198907,78.868498],[17.751315,52.198842,78.820817],[17.751098,52.198777,78.736031],[17.750882,52.198712,78.851717],[17.750661,52.198646,78.909934],[17.750433,52.198577,78.822309],[17.750202,52.198509,78.761858],[17.74997,52.19844,78.746861],[17.749742,52.198373,78.654046],[17.749521,52.198308,78.361657],[17.749293,52.198239,78.375435],[17.74905,52.198167,78.302453],[17.748834,52.198103,78.099604],[17.74861,52.198037,78.31869],[17.748425,52.19798,78.249762],[17.748174,52.197907,78.121332],[17.747986,52.197851,78.193269],[17.747787,52.197793,78.096361],[17.747545,52.197763,78.10843],[17.747318,52.197756,78.525264],[17.747109,52.19777,78.531731],[17.746896,52.197788,78.560629],[17.746717,52.197803,78.449138],[17.746516,52.197821,78.515716],[17.746314,52.197839,78.494001],[17.746132,52.197854,78.620925],[17.745954,52.19787,78.754836],[17.745726,52.19789,78.976449],[17.745568,52.197904,79.074088],[17.745383,52.197912,79.071062],[17.745168,52.197925,79.090434],[17.744951,52.197939,79.059364],[17.744728,52.197957,79.372468],[17.744497,52.197978,79.52469],[17.74429,52.197998,79.406538],[17.744048,52.198021,79.335536],[17.743813,52.198049,79.284478],[17.743578,52.198076,79.380216],[17.743369,52.198104,79.471745],[17.74316,52.198136,79.587489],[17.742925,52.198171,79.977493],[17.742695,52.19822,80.50164],[17.742472,52.198256,81.072333],[17.742233,52.198299,81.945294],[17.742012,52.198341,82.585414],[17.741785,52.198378,83.106145],[17.741572,52.198411,83.738617],[17.741361,52.198455,84.569551],[17.741167,52.19847,85.376398],[17.740878,52.198474,86.328522],[17.740647,52.198499,87.214194],[17.740441,52.198514,88.109285],[17.740265,52.198488,88.756421],[17.740076,52.198507,89.441291],[17.739911,52.198504,90.060937],[17.739725,52.198502,90.507236],[17.739543,52.19847,90.886107],[17.739343,52.198428,91.015398],[17.739125,52.19838,90.99122],[17.738922,52.198322,90.9552],[17.738681,52.198282,91.073885],[17.738472,52.198249,90.915693],[17.738243,52.198215,90.934755],[17.738008,52.198178,90.777495],[17.737772,52.198139,90.569661],[17.737527,52.198097,90.244535],[17.737291,52.198054,90.132238],[17.737061,52.198009,89.800087],[17.736825,52.197961,89.574994],[17.736619,52.197914,89.28756],[17.736412,52.197861,88.862205],[17.736223,52.197805,88.649916],[17.736019,52.197745,88.382291],[17.735809,52.197683,88.068678],[17.735599,52.197617,87.666548],[17.735381,52.197539,87.478792],[17.735147,52.19747,87.042375],[17.734909,52.197399,86.641363],[17.734658,52.197318,86.286157],[17.734402,52.197241,85.790173],[17.734141,52.197158,85.176787],[17.733883,52.197077,84.446488],[17.733621,52.197004,83.963066],[17.733367,52.196915,84.108934],[17.733101,52.196844,84.607264],[17.732822,52.196779,85.082678],[17.732538,52.196727,86.05416],[17.732244,52.19668,86.659946],[17.73195,52.196638,87.430137],[17.731668,52.196599,88.413238],[17.73139,52.196563,89.18241],[17.731169,52.196534,89.893685],[17.730865,52.196494,90.326198],[17.730631,52.196464,91.115788],[17.730345,52.196426,91.328908],[17.730084,52.196392,91.290898],[17.729843,52.196361,91.2956],[17.729572,52.196325,91.288427],[17.729294,52.196289,91.180868],[17.729047,52.196257,90.886908],[17.728794,52.196222,90.521221],[17.728545,52.196188,90.139236],[17.72832,52.196155,89.869278],[17.728076,52.196119,89.494443],[17.727829,52.196083,89.391529],[17.727597,52.196049,89.263807],[17.727326,52.196008,89.307082],[17.72714,52.195981,89.238521],[17.726893,52.195944,89.560563],[17.726665,52.195911,89.418064],[17.726414,52.195874,89.496451],[17.726187,52.195841,89.504344],[17.725927,52.1958,89.762979],[17.725701,52.195762,90.17996],[17.725461,52.19572,90.416155],[17.725269,52.195683,90.501536],[17.724969,52.195622,90.56146],[17.724801,52.195582,90.898534],[17.724601,52.195516,91.058412],[17.724376,52.195438,91.021121],[17.724138,52.195314,91.22656],[17.723912,52.195233,91.091225],[17.723707,52.19515,90.961088],[17.723516,52.195039,90.879191],[17.723336,52.194961,90.946212],[17.723151,52.194879,91.116097],[17.722959,52.194801,91.263322],[17.722768,52.194725,91.172079],[17.722585,52.194651,91.077914],[17.72239,52.194579,91.057036],[17.722211,52.19449,91.177324],[17.722034,52.194416,91.482037],[17.721853,52.194343,91.599314],[17.721654,52.194265,91.648377],[17.721438,52.194182,92.072044],[17.721241,52.194106,92.252651],[17.721033,52.194022,92.491965],[17.72085,52.193947,92.731881],[17.720631,52.193857,92.753861],[17.720418,52.19377,92.787875],[17.720217,52.193686,92.754842],[17.720068,52.193624,92.876026],[17.719808,52.193516,92.828869],[17.719585,52.193423,93.051565],[17.719389,52.193342,93.152913],[17.719205,52.193267,93.055631],[17.718965,52.193172,92.974786],[17.718776,52.193097,92.91332],[17.71846,52.19298,92.879431],[17.718252,52.192899,92.737138],[17.718042,52.192833,92.716729],[17.717802,52.192778,92.778492],[17.717584,52.192801,92.838227],[17.717293,52.192859,93.119363],[17.717097,52.192892,93.496732],[17.716743,52.192897,94.119422],[17.716596,52.192891,94.470454],[17.716344,52.192822,95.168118],[17.71615,52.192762,95.331841],[17.715977,52.192705,95.497207],[17.715766,52.192651,95.559686],[17.715577,52.192585,95.806263],[17.715422,52.192504,95.713769],[17.715236,52.192434,95.861554],[17.715074,52.192369,95.798971],[17.714889,52.192299,95.83336],[17.714719,52.192234,95.835734],[17.714532,52.192163,95.915777],[17.714331,52.192088,95.840666],[17.714144,52.192015,95.782364],[17.713958,52.191949,95.75256],[17.713763,52.191885,95.882341],[17.713552,52.191812,95.716893],[17.713359,52.191748,95.774724],[17.713157,52.191685,95.630063],[17.71296,52.191613,95.484453],[17.712785,52.191554,95.511236],[17.712558,52.191487,95.400799],[17.712362,52.191419,95.320083],[17.712165,52.191333,95.235141],[17.711957,52.191258,95.004518],[17.711775,52.191164,94.762144],[17.711626,52.191043,94.568509],[17.711418,52.190922,94.47893],[17.711267,52.190813,94.082765],[17.711124,52.190711,94.174894],[17.710928,52.190571,94.031607],[17.710774,52.19046,93.785237],[17.710604,52.190337,93.664809],[17.710432,52.190197,93.606551],[17.710249,52.190074,93.793675],[17.710061,52.189955,93.916789],[17.709872,52.189826,93.983223],[17.709692,52.189693,94.035625],[17.70951,52.189572,94.262294],[17.709331,52.18945,94.089352],[17.709149,52.189317,94.147611],[17.708968,52.189197,94.262717],[17.708783,52.189072,94.210142],[17.708602,52.188942,94.045981],[17.70842,52.18881,93.93764],[17.708234,52.188677,93.984873],[17.70804,52.18854,93.992984],[17.707845,52.188408,94.005491],[17.707646,52.188268,93.946106],[17.707448,52.188125,93.993641],[17.707262,52.187987,93.83072],[17.707047,52.187859,93.572383],[17.70685,52.187717,93.513271],[17.706655,52.187573,93.215028],[17.70645,52.187437,92.967568],[17.706261,52.187303,92.593003],[17.706072,52.187175,92.017602],[17.705877,52.187043,91.638646],[17.705681,52.186905,91.161421],[17.70548,52.186784,90.629273],[17.705296,52.186641,90.071692],[17.705105,52.186499,89.705538],[17.704923,52.186364,89.234399],[17.70474,52.186226,88.686222],[17.704557,52.186079,88.576458],[17.704381,52.185924,88.50158],[17.704217,52.185779,88.281863],[17.704031,52.185636,88.196474],[17.703874,52.185493,87.976553],[17.703702,52.185351,88.256123],[17.703546,52.185199,88.69987],[17.703372,52.18505,89.408035],[17.703209,52.184895,89.533043],[17.703033,52.18474,90.030515],[17.70284,52.18458,90.536254],[17.702669,52.184435,91.21189],[17.702509,52.184284,91.63539],[17.702342,52.184144,92.071694],[17.702156,52.184033,92.531712],[17.701979,52.183888,92.902879],[17.701816,52.183723,92.977396],[17.701668,52.183563,93.033788],[17.70151,52.183406,93.14288],[17.701349,52.183276,93.007466],[17.701209,52.183144,92.570047],[17.701049,52.183011,92.45021],[17.700888,52.182878,92.293881],[17.700733,52.182742,92.367485],[17.70061,52.182601,92.334839],[17.700459,52.182462,92.394391],[17.700317,52.182326,92.22086],[17.700172,52.182189,92.16627],[17.700049,52.182055,92.222065],[17.699905,52.181918,92.112465],[17.699789,52.181771,92.014955],[17.699672,52.181634,91.83586],[17.699555,52.181501,91.580401],[17.69945,52.181354,91.73217],[17.699323,52.181211,92.09389],[17.699208,52.181081,92.353484],[17.6991,52.180955,92.486221],[17.698984,52.180832,92.680756],[17.698889,52.180708,92.846574],[17.698793,52.180584,92.93301],[17.698688,52.180448,92.714577],[17.698594,52.180317,92.348901],[17.698499,52.180179,92.24748],[17.698409,52.180044,91.592891],[17.698316,52.179905,90.797743],[17.698185,52.179789,90.398078],[17.698056,52.179664,90.151075],[17.697932,52.179549,89.975218],[17.69781,52.179446,89.718001],[17.697685,52.179361,89.576197],[17.697534,52.179265,89.495092],[17.697377,52.179173,89.33404],[17.697202,52.179074,89.198192],[17.69704,52.178982,89.141763],[17.696875,52.17889,89.059144],[17.69672,52.178803,88.971307],[17.696563,52.178713,88.966465],[17.696413,52.178607,88.990335],[17.696267,52.17852,88.932881],[17.696143,52.178432,88.781965],[17.696013,52.178325,88.48336],[17.695928,52.178215,88.141124],[17.695859,52.178086,87.922272],[17.695803,52.17795,87.731937],[17.695743,52.177816,87.442238],[17.69568,52.177675,86.877035],[17.695608,52.17753,86.635336],[17.695541,52.177384,86.769038],[17.695464,52.177245,87.054316],[17.695389,52.1771,87.347905],[17.695321,52.176941,87.355825],[17.695242,52.176787,87.634315],[17.695159,52.176635,87.884738],[17.695069,52.176485,88.200176],[17.694996,52.176322,88.763203],[17.694911,52.176171,89.332526],[17.694826,52.176027,90.001506],[17.694743,52.175876,90.627416],[17.694671,52.175727,91.017287],[17.694594,52.175578,91.437283],[17.694508,52.175432,91.820112],[17.694428,52.175281,92.249571],[17.69433,52.175127,92.736932],[17.694219,52.174988,92.847894],[17.694124,52.174831,93.051722],[17.69401,52.174703,93.159204],[17.693891,52.174584,93.063106],[17.693789,52.174455,92.954971],[17.693714,52.174339,93.115245],[17.693623,52.174229,93.209356],[17.693537,52.17412,93.385585],[17.693404,52.174032,93.366678],[17.693341,52.173941,93.341591],[17.693263,52.17384,93.283414],[17.693159,52.173732,93.272435],[17.693054,52.173625,93.149038],[17.692966,52.17352,93.069249],[17.692873,52.173405,93.145272],[17.692782,52.173291,93.158762],[17.692685,52.173166,93.256384],[17.692578,52.173038,93.451711],[17.692481,52.17292,93.537853],[17.692387,52.172793,93.666627],[17.692287,52.172672,93.826982],[17.692197,52.172553,93.93498],[17.692099,52.172438,94.063819],[17.692015,52.172327,94.133415],[17.691917,52.172231,94.370067],[17.69183,52.172123,94.465448],[17.691742,52.172007,94.409521],[17.691645,52.171895,94.199917],[17.691566,52.171793,94.08014],[17.691429,52.171692,94.098621],[17.69133,52.17158,94.04112],[17.691235,52.171471,93.872333],[17.691139,52.171362,93.673856],[17.691075,52.171275,93.618751],[17.690938,52.171163,93.346588],[17.690847,52.17106,93.229152],[17.690795,52.170955,92.25002],[17.690699,52.17087,91.960185],[17.690625,52.170788,91.607005],[17.690534,52.170702,91.286494],[17.690448,52.170615,92.084555],[17.690255,52.170578,91.729285],[17.690089,52.170589,92.29355],[17.689955,52.170692,92.266768],[17.689807,52.17078,92.505428],[17.689678,52.170932,92.915173],[17.689604,52.171016,92.994919],[17.689518,52.171114,92.991531],[17.689435,52.171209,92.891851],[17.689344,52.171311,92.799099],[17.689262,52.171403,92.876369],[17.689134,52.171549,92.969051],[17.689027,52.17167,93.018735],[17.688912,52.171819,93.069276],[17.688805,52.171937,92.898953],[17.688715,52.172034,92.921247],[17.688593,52.172168,92.872349],[17.688471,52.172301,92.454585],[17.688368,52.172418,92.373821],[17.688249,52.172554,92.248896],[17.688142,52.172674,92.415083],[17.688017,52.172824,92.767292],[17.687911,52.172949,92.768631],[17.687808,52.173071,92.779927],[17.6877,52.173199,92.788208],[17.687612,52.173301,92.655849],[17.687531,52.173398,92.631655],[17.68745,52.173498,92.628918],[17.687321,52.173663,92.823193],[17.687246,52.173766,93.351926],[17.687173,52.173873,94.10455],[17.687104,52.173971,95.138605],[17.687007,52.174082,96.441435],[17.686916,52.174182,96.625057],[17.686793,52.174316,96.563903],[17.686663,52.174466,96.538369],[17.686571,52.174573,96.395059],[17.686479,52.174682,96.26034],[17.68639,52.174779,96.090911],[17.686312,52.17487,95.930416],[17.686203,52.174998,95.504996],[17.686108,52.175106,95.274241],[17.685999,52.175237,95.030286],[17.685904,52.175352,94.678869],[17.685795,52.175485,94.541756],[17.685695,52.175604,94.161449],[17.685582,52.175737,93.986627],[17.685471,52.175868,93.641798],[17.685327,52.176042,93.35792],[17.685219,52.176169,93.267597],[17.685112,52.176293,93.23239],[17.684991,52.176436,93.029829],[17.684864,52.176588,92.981612],[17.684744,52.176732,92.817188],[17.684622,52.176877,92.540182],[17.684498,52.177024,92.474772],[17.684366,52.17718,92.433726],[17.684237,52.17733,92.459358],[17.684095,52.177495,92.455446],[17.683961,52.177652,92.549947],[17.68382,52.177809,92.732922],[17.683677,52.177977,92.874845],[17.683547,52.178125,93.059612],[17.683406,52.178291,93.389904],[17.683265,52.178456,93.600916],[17.683104,52.178653,93.75938],[17.682968,52.178804,93.774616],[17.682827,52.178968,93.769809],[17.6827,52.179118,93.916438],[17.682563,52.179277,94.238116],[17.682426,52.179433,94.613246],[17.682282,52.179602,94.882453],[17.68214,52.179767,94.822093],[17.681991,52.179941,94.626024],[17.681837,52.18012,94.566826],[17.68169,52.180287,94.716772],[17.681528,52.180479,94.609935],[17.681387,52.180641,95.017691],[17.681234,52.180823,94.966055],[17.681076,52.181008,94.996225],[17.680925,52.181178,94.90342],[17.680769,52.181366,94.644386],[17.680612,52.181551,94.547298],[17.680457,52.181727,94.317286],[17.680296,52.181916,94.585502],[17.680141,52.18209,94.554877],[17.679988,52.182269,94.724669],[17.679818,52.182458,94.317617],[17.679659,52.182642,94.322324],[17.679515,52.182805,94.285645],[17.679362,52.182969,94.398831],[17.679192,52.183134,94.362284],[17.679003,52.183307,94.51031],[17.678809,52.183475,94.175277],[17.678643,52.183659,94.154906],[17.678423,52.183838,93.889195],[17.67822,52.184003,93.757726],[17.678007,52.184178,93.589324],[17.677807,52.184343,93.406164],[17.67761,52.184504,93.309854],[17.677396,52.184678,93.104804],[17.677167,52.184865,93.012422],[17.676961,52.185033,93.107617],[17.676723,52.185199,92.940427],[17.676515,52.185381,92.954425],[17.676315,52.185555,93.086983],[17.676115,52.185722,93.046752],[17.675922,52.185884,92.855714],[17.675725,52.186043,92.853914],[17.675527,52.186203,93.200591],[17.675332,52.186364,93.463909],[17.675137,52.186525,93.33247],[17.67494,52.186691,93.630174],[17.674747,52.186851,93.465062],[17.674563,52.186997,93.397659],[17.674361,52.187172,93.436792],[17.674179,52.187318,93.371959],[17.673986,52.187476,93.285214],[17.673797,52.187629,93.2889],[17.673599,52.18779,93.387957],[17.673409,52.187947,93.406875],[17.673211,52.188112,93.557419],[17.673011,52.188276,93.420683],[17.672812,52.188434,93.37594],[17.672608,52.188594,93.266403],[17.672399,52.188762,93.236096],[17.672184,52.188944,93.302501],[17.671973,52.189111,93.277558],[17.671765,52.189276,93.223297],[17.671553,52.189453,93.282491],[17.671338,52.189624,93.800659],[17.671128,52.189795,93.316884],[17.670925,52.189953,93.174407],[17.670721,52.19011,93.339764],[17.670517,52.190272,93.636528],[17.670322,52.190415,94.103717],[17.670127,52.190562,94.401147],[17.669932,52.190706,94.52571],[17.669734,52.190853,94.79767],[17.669538,52.190995,94.662707],[17.669346,52.191142,94.654945],[17.669158,52.191277,94.765135],[17.66896,52.191432,95.007362],[17.668779,52.191561,94.667009],[17.668592,52.191706,94.436367],[17.668424,52.191841,93.701605],[17.66825,52.191973,93.381683],[17.668076,52.192095,92.659368],[17.667892,52.192205,92.295012],[17.667709,52.192307,91.956362],[17.667518,52.192409,91.74066],[17.667323,52.192514,91.809589],[17.667131,52.192627,91.714314],[17.666944,52.192746,91.687685],[17.666755,52.192871,91.868095],[17.666577,52.193003,91.660993],[17.666417,52.193146,91.454163],[17.66627,52.193282,91.334409],[17.666137,52.193435,91.032965],[17.66605,52.193565,91.412063],[17.665961,52.193648,91.067038],[17.665851,52.193781,91.013696],[17.665707,52.193893,91.088854],[17.665532,52.193999,91.347134],[17.665328,52.194091,91.540998],[17.665114,52.194198,91.56943],[17.664906,52.194289,91.60851],[17.664693,52.194424,91.775054],[17.664494,52.194517,91.977658],[17.664287,52.194612,92.069536],[17.66409,52.194707,92.463354],[17.663901,52.194799,92.56137],[17.663697,52.194905,92.954728],[17.663524,52.195013,93.224933],[17.66338,52.195125,93.284204],[17.66323,52.195252,93.589257],[17.663088,52.195395,93.970065],[17.662952,52.195534,94.347545],[17.662822,52.195643,94.648291],[17.662704,52.195765,94.847338],[17.66255,52.195921,95.009804],[17.662423,52.196043,95.199214],[17.662276,52.19618,95.145494],[17.662131,52.196322,95.228538],[17.662003,52.196449,95.304588],[17.661859,52.196598,95.212253],[17.661729,52.196731,95.15133],[17.661599,52.196865,95.342248],[17.66147,52.197011,95.035714],[17.66134,52.197156,94.698655],[17.66121,52.197291,94.630521],[17.661058,52.197446,94.960648],[17.660928,52.197586,94.979048],[17.660803,52.197707,94.782672],[17.660676,52.197825,94.390618],[17.660537,52.197963,94.479795],[17.660404,52.198106,94.555523],[17.660287,52.198235,94.59862],[17.660184,52.198357,94.324834],[17.660089,52.198462,94.457564],[17.659988,52.198593,94.498113],[17.65988,52.198717,94.659889],[17.659755,52.198855,94.60405],[17.659623,52.198953,94.620313],[17.659487,52.199047,94.825016],[17.659324,52.19922,95.000212],[17.659161,52.199354,95.188452],[17.658999,52.19948,95.257697],[17.658835,52.199618,95.150949],[17.658678,52.199744,95.798266],[17.658505,52.199878,95.694004],[17.658322,52.200009,96.010288],[17.658182,52.200137,95.982216],[17.658019,52.200255,96.172195],[17.657862,52.200379,96.512208],[17.657691,52.200513,96.386875],[17.657532,52.20062,96.48689],[17.657366,52.200741,96.542238],[17.657194,52.200875,96.638713],[17.657011,52.201016,96.584916],[17.656821,52.201163,96.648131],[17.656642,52.201304,96.65135],[17.656483,52.201427,96.748062],[17.656314,52.201551,96.595794],[17.656133,52.201704,97.272651],[17.655962,52.201833,97.185088],[17.655797,52.201963,96.938252],[17.655629,52.2021,97.132528],[17.655427,52.20225,97.158345],[17.655266,52.202376,97.498997],[17.655076,52.2025,97.244148],[17.65492,52.202643,96.850277],[17.654709,52.202811,96.674093],[17.654474,52.202998,96.950958],[17.654318,52.203123,96.634849],[17.654137,52.203269,96.813292],[17.653973,52.2034,96.712228],[17.653801,52.203538,96.835414],[17.653636,52.203669,96.813783],[17.653439,52.203828,96.82016],[17.65326,52.203971,96.833803],[17.653054,52.204139,97.053763],[17.652896,52.204269,97.378628],[17.652722,52.204411,96.931107],[17.652524,52.204576,96.887917],[17.652353,52.204718,96.874433],[17.652172,52.204868,96.857669],[17.652,52.205011,96.802435],[17.651824,52.205157,96.958271],[17.651618,52.205329,97.087064],[17.651414,52.205499,97.377241],[17.651234,52.205649,97.314957],[17.651078,52.205779,97.553314],[17.650917,52.205913,97.619746],[17.650742,52.206059,97.660658],[17.650566,52.206205,97.759557],[17.650368,52.206363,97.743031],[17.650208,52.20649,97.867446],[17.650017,52.20664,98.53285],[17.649847,52.206773,98.051662],[17.649656,52.206925,97.83988],[17.649464,52.207077,97.79703],[17.64923,52.20726,97.780439],[17.649045,52.207404,98.255972],[17.648837,52.207569,97.96492],[17.648664,52.207706,98.017496],[17.648467,52.207862,97.966825],[17.648294,52.208,97.871634],[17.648105,52.208148,97.963994],[17.647913,52.208299,97.688924],[17.647723,52.208448,97.46078],[17.647522,52.208606,97.475839],[17.647341,52.208748,97.704407],[17.647155,52.208891,97.840828],[17.646912,52.20905,97.667742],[17.646511,52.209247,97.527258],[17.646255,52.209346,97.555823],[17.645989,52.209447,97.600966],[17.645731,52.209544,97.850166],[17.645467,52.209642,98.210336],[17.645205,52.20974,98.308369],[17.644924,52.209845,98.38369],[17.638763,52.2122,96.759655],[17.638558,52.212277,96.746486],[17.638419,52.212329,97.134459],[17.638203,52.21241,97.618611],[17.638032,52.212474,98.129773],[17.63785,52.212542,98.559647],[17.637659,52.212628,98.678979],[17.637455,52.212709,98.885166],[17.637255,52.212767,98.626088],[17.637057,52.212854,98.661414],[17.636862,52.212919,99.045225],[17.636635,52.212976,99.191032],[17.636472,52.213037,98.859251],[17.636245,52.213122,98.706602],[17.63601,52.21321,98.569571],[17.635763,52.213302,99.272103],[17.635557,52.213379,99.204128],[17.635359,52.213456,99.514344],[17.63515,52.213539,99.417015],[17.634906,52.213622,99.644442],[17.634648,52.213731,100.037365],[17.634462,52.213797,99.78229],[17.634228,52.213895,99.787211],[17.634006,52.213938,99.743368],[17.633781,52.214022,100.167916],[17.633538,52.214113,98.243544],[17.633302,52.214203,98.682794],[17.63307,52.214291,98.09446],[17.63284,52.214377,98.577611],[17.632612,52.214444,98.630782],[17.632388,52.214529,98.181472],[17.632155,52.214615,98.065942],[17.631968,52.214685,98.833619],[17.631783,52.214752,98.449268],[17.631482,52.214886,99.050055],[17.6313,52.214956,98.773681],[17.631064,52.215034,99.123073],[17.630894,52.215099,99.084937],[17.630693,52.215184,99.242105],[17.630482,52.215262,99.178157],[17.630281,52.215331,98.932842],[17.630091,52.215421,99.685485],[17.629884,52.2155,99.679154],[17.629665,52.215565,99.610467],[17.62948,52.215683,99.333926],[17.629263,52.215781,99.912604],[17.629007,52.215884,99.367159],[17.628796,52.215979,98.232335],[17.628572,52.216048,97.736453],[17.628314,52.216146,99.441909],[17.628059,52.216242,99.489767],[17.627806,52.216337,98.627154],[17.627591,52.216418,99.772315],[17.627355,52.216506,99.370262],[17.627126,52.216592,99.148312],[17.626904,52.216675,99.555361],[17.626667,52.216766,99.219945],[17.626436,52.21685,99.579401],[17.626207,52.21693,99.603256],[17.626025,52.216988,99.906245],[17.625841,52.217041,99.515326],[17.625589,52.217101,99.903804],[17.625357,52.21714,99.512977],[17.625065,52.21721,99.869645],[17.624769,52.217271,100.199743],[17.624524,52.217319,99.523435],[17.624246,52.217366,99.653972],[17.623987,52.217418,99.544832],[17.623745,52.217468,99.236049],[17.623478,52.217522,98.585092],[17.623272,52.217564,98.915401],[17.623024,52.217615,99.341679],[17.622759,52.217666,100.44964],[17.622527,52.217714,100.040513],[17.622309,52.217757,100.035948],[17.62209,52.217802,100.250499],[17.621839,52.217851,100.129513],[17.621584,52.217893,100.48833],[17.621354,52.217932,100.464075],[17.621134,52.217992,101.097889],[17.620908,52.218025,101.056695],[17.620671,52.218065,101.61879],[17.620424,52.218149,101.843817],[17.62017,52.218159,101.942014],[17.619906,52.218194,102.238708],[17.61969,52.218246,102.603134],[17.619444,52.218288,103.919802],[17.619168,52.218347,104.340814],[17.618915,52.218403,104.572491],[17.618585,52.218449,105.041353],[17.618345,52.218499,105.219074],[17.618154,52.218539,104.175297],[17.617879,52.218592,103.572414],[17.617612,52.218646,103.013898],[17.617375,52.218691,102.352979],[17.617164,52.218734,102.243051],[17.61697,52.218777,101.640873],[17.616781,52.218831,101.621282],[17.616509,52.218867,101.493046],[17.616256,52.218955,101.407248],[17.616013,52.219009,101.061198],[17.615764,52.219059,101.363308],[17.615536,52.219104,100.868038],[17.615327,52.219148,100.643889],[17.615084,52.21919,100.337006],[17.614833,52.219237,100.712082],[17.614617,52.219285,100.564865],[17.614336,52.219332,101.036356],[17.614067,52.21938,101.378632],[17.613835,52.219432,100.811062],[17.613597,52.219502,100.350549],[17.613375,52.219544,99.79624],[17.613179,52.219579,100.063163],[17.612975,52.219619,99.91902],[17.61277,52.219659,100.043152],[17.612522,52.21971,99.984668],[17.612325,52.219756,99.777036],[17.612121,52.219811,99.24436],[17.611973,52.219855,99.005488],[17.611778,52.219903,99.239413],[17.611589,52.220047,99.703332],[17.611454,52.220177,99.82132],[17.611363,52.220294,99.858542],[17.611258,52.220445,99.57079],[17.611156,52.220595,99.177948],[17.611062,52.220736,100.250672],[17.610982,52.220853,100.293553],[17.610897,52.220978,100.340012],[17.61082,52.221092,100.537233],[17.610759,52.221227,100.21258],[17.610664,52.221402,99.888073],[17.610576,52.221558,99.56233],[17.61046,52.221757,99.844438],[17.610336,52.221916,100.548032],[17.610238,52.222062,100.321048],[17.610141,52.222205,100.402604],[17.609987,52.22243,100.509967],[17.609856,52.222623,101.092509],[17.609686,52.222872,100.957054],[17.609585,52.223021,100.639984],[17.609448,52.223222,100.274239],[17.609262,52.223495,100.677458],[17.609142,52.223671,100.718613],[17.609016,52.223857,100.943284],[17.608925,52.224029,100.641744],[17.608786,52.224195,100.765623],[17.608645,52.224365,100.333476],[17.608524,52.22455,101.216591],[17.608338,52.224781,100.985128],[17.608184,52.224969,100.971759],[17.608048,52.225145,100.779222],[17.607967,52.225295,100.47817],[17.607753,52.225569,99.974622],[17.60759,52.225766,100.137323],[17.607513,52.225937,100.255425],[17.607383,52.226163,99.779921],[17.607247,52.22637,98.712307],[17.607107,52.226563,99.046198],[17.607002,52.226681,98.706147],[17.606881,52.226844,99.328293],[17.606765,52.227026,99.103273],[17.60669,52.227242,99.512344],[17.606639,52.227445,99.946146],[17.60659,52.227634,99.444822],[17.606557,52.22776,102.072872],[17.606505,52.227965,101.177017],[17.606453,52.228167,100.783023],[17.606409,52.228336,100.624951],[17.606351,52.228561,101.102696],[17.606309,52.228726,100.583622],[17.606258,52.228924,100.493219],[17.606199,52.229151,100.406594],[17.606151,52.229339,100.541867],[17.606102,52.229526,100.243207],[17.606045,52.229748,99.967525],[17.605969,52.229956,100.152263],[17.605931,52.230192,99.817493],[17.60587,52.230427,99.673355],[17.605786,52.230662,99.40405],[17.605741,52.230928,99.186947],[17.605683,52.231155,98.954136],[17.605626,52.231375,98.640508],[17.605561,52.231623,99.174722],[17.605499,52.231846,98.975934],[17.605453,52.231994,98.618581],[17.605368,52.232224,98.786125],[17.605267,52.232434,99.315683],[17.605152,52.232641,99.468018],[17.605035,52.232822,98.914258],[17.604898,52.233011,99.154144],[17.604745,52.233168,99.66432],[17.604612,52.233324,99.58652],[17.604471,52.233491,99.29902],[17.604279,52.233651,98.836061],[17.604086,52.23384,98.993841],[17.603893,52.234011,98.639682],[17.603648,52.234195,98.633513],[17.603434,52.234348,98.299251],[17.603214,52.234498,98.016793],[17.603001,52.234671,97.886413],[17.602793,52.234829,97.78821],[17.602552,52.234973,97.82512],[17.602362,52.235114,97.210475],[17.602154,52.235232,97.086508],[17.601958,52.235372,97.223735],[17.601687,52.23551,97.050501],[17.601538,52.23561,97.171081],[17.601326,52.235756,97.106236],[17.60111,52.235898,96.811978],[17.600938,52.236026,96.895723],[17.600732,52.236155,96.72345],[17.600532,52.23629,97.036403],[17.60036,52.236419,96.938189],[17.600186,52.236538,97.149216],[17.59999,52.236673,97.168021],[17.599829,52.236783,97.29155],[17.599645,52.23691,96.842424],[17.599445,52.237048,96.307101],[17.599254,52.237179,96.199236],[17.599073,52.237303,96.422967],[17.598921,52.237408,96.101582],[17.598708,52.237555,96.426577],[17.598506,52.237692,96.383533],[17.59833,52.237812,96.547729],[17.598162,52.237926,96.570226],[17.598007,52.238034,96.970775],[17.597831,52.238155,96.604343],[17.597655,52.238278,96.775055],[17.597483,52.238397,97.046859],[17.597331,52.238502,97.618444],[17.597097,52.238663,98.032666],[17.596979,52.238746,97.851049],[17.596701,52.238963,98.047534],[17.596562,52.239079,98.536279],[17.596413,52.239215,98.894587],[17.596267,52.239362,99.141343],[17.596196,52.239446,99.297095],[17.596045,52.239626,99.777263],[17.595898,52.239811,100.112296],[17.59578,52.239965,100.451232],[17.595685,52.240089,100.478845],[17.595585,52.240221,100.611833],[17.595457,52.240391,100.293953],[17.595332,52.240558,100.133825],[17.595189,52.24075,100.226189],[17.595101,52.240867,100.487262],[17.594976,52.241035,100.555838],[17.59484,52.241216,100.549763],[17.594713,52.241384,100.775939],[17.594575,52.241564,100.613211],[17.594442,52.241739,100.567572],[17.594316,52.241906,100.571175],[17.59418,52.242086,100.65955],[17.594077,52.242222,100.575418],[17.593935,52.242409,100.552516],[17.593782,52.242575,100.880234],[17.593664,52.242743,100.823512],[17.593541,52.242914,100.819902],[17.593428,52.243078,101.090437],[17.593288,52.24326,101.207486],[17.593153,52.243417,101.135896],[17.593015,52.243602,101.282992],[17.592888,52.243772,101.593127],[17.59277,52.243956,101.55718],[17.592629,52.24416,101.317067],[17.592505,52.244322,101.466609],[17.592369,52.244498,101.192834],[17.592216,52.244672,101.113879],[17.592069,52.244866,101.098481],[17.591957,52.245053,101.16559],[17.59182,52.245216,101.059217],[17.591676,52.245397,101.306717],[17.591551,52.24556,101.404805],[17.591419,52.245743,100.618986],[17.591278,52.245921,100.858931],[17.591145,52.246087,101.150319],[17.591006,52.24625,101.003213],[17.590872,52.246411,100.895467],[17.590772,52.246577,100.740262],[17.590643,52.246748,100.711377],[17.590528,52.246905,100.854375],[17.590408,52.247081,100.960662],[17.590296,52.247252,101.081748],[17.590176,52.247439,101.384698],[17.590064,52.247627,101.475141],[17.589919,52.247796,101.24608],[17.589787,52.24797,101.29893],[17.589604,52.248126,101.264913],[17.589461,52.248326,101.346953],[17.589329,52.248516,101.647491],[17.589191,52.24871,101.354625],[17.589033,52.248915,101.284227],[17.588871,52.249113,101.08868],[17.588742,52.249278,101.481885],[17.588611,52.249436,101.333491],[17.588461,52.249616,101.086087],[17.588326,52.249799,101.405604],[17.588172,52.249984,101.563307],[17.588037,52.250154,101.68795],[17.587885,52.25033,101.31782],[17.58778,52.250503,101.494046],[17.587644,52.25067,101.902479],[17.587504,52.250872,101.649166],[17.587373,52.251046,101.656239],[17.587233,52.251237,101.771601],[17.587091,52.251423,101.776414],[17.58695,52.251606,102.068656],[17.586811,52.25179,102.333827],[17.586662,52.251982,102.172392],[17.58651,52.252165,102.127697],[17.58638,52.252335,101.878821],[17.586234,52.252514,101.878628],[17.5861,52.252689,101.867604],[17.58595,52.252887,101.881147],[17.585809,52.253076,102.126727],[17.585668,52.253266,102.158114],[17.585529,52.253457,102.263831],[17.585393,52.253641,102.00663],[17.585251,52.253819,102.015895],[17.58511,52.253989,101.694613],[17.584967,52.254168,101.584076],[17.584822,52.254343,101.313072],[17.584698,52.254513,102.150984],[17.584551,52.254697,102.002375],[17.584438,52.254872,101.753886],[17.584307,52.255052,101.586121],[17.584179,52.255214,101.427086],[17.584044,52.255404,100.957502],[17.583915,52.25557,101.077961],[17.583803,52.255718,101.106888],[17.583668,52.255884,101.225004],[17.583562,52.256026,101.195966],[17.583433,52.256185,101.092715],[17.583306,52.256336,100.898927],[17.583176,52.256488,100.827577],[17.583068,52.256649,100.84592],[17.582952,52.256806,100.828487],[17.582845,52.256953,101.027101],[17.58273,52.257112,101.183454],[17.582637,52.25725,101.119545],[17.582538,52.257399,101.391027],[17.582438,52.257552,101.565168],[17.58234,52.257703,101.680262],[17.582257,52.25783,101.784556],[17.582187,52.257938,101.850809],[17.582115,52.258048,102.024192],[17.58206,52.258132,102.363318],[17.581981,52.258254,102.64497],[17.582069,52.25812,102.733268],[17.582002,52.258242,102.919474],[17.581944,52.258392,102.965752],[17.581884,52.25851,102.768535],[17.58174,52.258586,102.744231],[17.58163,52.258688,102.459395],[17.581507,52.258783,102.148862],[17.581369,52.25886,102.259901],[17.581286,52.258971,102.130198],[17.581206,52.259094,102.189767],[17.581131,52.259236,102.262842],[17.581044,52.25937,102.116454],[17.580973,52.259524,101.971621],[17.580888,52.25965,101.902629],[17.580773,52.259826,102.093624],[17.580703,52.259972,101.990822],[17.580624,52.260143,101.782935],[17.580548,52.260319,101.799655],[17.580522,52.260455,101.838145],[17.580467,52.260585,101.776635],[17.580429,52.260741,102.003263],[17.580377,52.260862,101.832728],[17.580343,52.260995,101.883598],[17.580299,52.261137,101.856866],[17.580257,52.26128,101.871208],[17.580217,52.26143,101.912907],[17.580189,52.261566,101.902102],[17.58016,52.261717,102.106794],[17.580137,52.261848,102.124069],[17.580119,52.261975,101.94535],[17.580105,52.262095,102.310752],[17.580067,52.262242,102.350637],[17.580035,52.262365,102.174149],[17.580019,52.262469,102.141518],[17.579998,52.262564,102.174822],[17.580019,52.262689,102.406987],[17.579985,52.262841,102.942765],[17.579743,52.262868,103.520812],[17.579554,52.262815,103.834689],[17.579284,52.26278,103.714397],[17.579123,52.262751,103.979031],[17.578966,52.26271,103.798446],[17.57879,52.26268,103.837931],[17.578605,52.262644,103.425372],[17.578412,52.262627,103.39245],[17.578231,52.262595,103.210405],[17.57804,52.262573,103.299537],[17.577837,52.262554,102.912919],[17.57763,52.26254,102.805655],[17.577437,52.262536,102.51097],[17.577235,52.262545,102.392975],[17.577052,52.262557,102.180523],[17.576858,52.262586,101.823244],[17.57666,52.26262,101.719534],[17.576459,52.262657,101.88955],[17.576265,52.262701,101.71775],[17.576083,52.262749,101.620634],[17.575895,52.262797,101.484104],[17.57569,52.262844,101.261132],[17.575468,52.262893,101.410598],[17.575237,52.262946,101.367562],[17.57502,52.262995,101.054693],[17.574791,52.26304,101.064569],[17.574537,52.263107,101.196316],[17.574278,52.263167,101.05768],[17.574021,52.263231,100.699475],[17.573757,52.263291,100.531993],[17.573493,52.263355,100.584083],[17.573226,52.263422,100.695409],[17.572959,52.263477,100.769806],[17.572689,52.263541,100.63533],[17.572426,52.263602,100.622421],[17.572153,52.263662,100.591026],[17.571872,52.263728,100.513007],[17.571608,52.263786,100.68391],[17.571346,52.263846,100.649805],[17.571075,52.263917,100.443124],[17.570794,52.26398,100.497808],[17.570513,52.264033,100.687778],[17.570245,52.264086,100.446191],[17.569984,52.264164,100.35612],[17.569736,52.264224,100.391103],[17.569446,52.264294,100.479382],[17.569102,52.26439,100.57351],[17.568829,52.26444,100.305309],[17.568563,52.264492,100.375622],[17.568283,52.264561,100.550509],[17.568024,52.264623,100.284266],[17.567759,52.264681,100.561404],[17.567466,52.264755,100.742203],[17.567212,52.264823,100.824748],[17.56696,52.264876,100.821169],[17.5667,52.264939,100.866053],[17.566442,52.265,100.916542],[17.566184,52.265057,100.601444],[17.565925,52.265121,100.599359],[17.565657,52.265181,100.687548],[17.565383,52.265247,101.10998],[17.565113,52.265319,101.428987],[17.564829,52.265381,101.57271],[17.564542,52.265449,101.65763],[17.564282,52.265518,101.466267],[17.564021,52.265582,101.657692],[17.563748,52.265642,101.812017],[17.563464,52.265703,102.079806],[17.563191,52.265774,101.964425],[17.562915,52.265827,101.758774],[17.562641,52.265905,101.703302],[17.562376,52.265966,101.72509],[17.562108,52.26603,101.556036],[17.561838,52.266095,101.720059],[17.561559,52.266162,101.606881],[17.561279,52.266228,101.667264],[17.561005,52.266293,101.630783],[17.560716,52.266361,101.802752],[17.560441,52.266426,101.436933],[17.560168,52.26649,101.300972],[17.559879,52.266558,101.126276],[17.559613,52.26662,100.879261],[17.559355,52.26668,100.529338],[17.559071,52.266731,100.577777],[17.558807,52.266799,100.046429],[17.558541,52.266861,100.041822],[17.558266,52.266921,99.921427],[17.557987,52.266993,100.104034],[17.557722,52.267052,99.942527],[17.557452,52.267119,99.979144],[17.557173,52.267193,100.257993],[17.556911,52.267238,100.293227],[17.556665,52.267305,100.347005],[17.55641,52.267364,100.407022],[17.556131,52.267417,100.153273],[17.5559,52.267484,100.262349],[17.555652,52.267543,100.772026],[17.555406,52.267601,101.198298],[17.555181,52.267655,101.078555],[17.554947,52.267712,101.399884],[17.554744,52.26776,101.264918],[17.554546,52.267808,101.4793],[17.554313,52.267864,101.40621],[17.554117,52.26791,101.524052],[17.553934,52.267954,101.545394],[17.553738,52.268001,101.672397],[17.55355,52.268046,101.714198],[17.553326,52.268103,101.953122],[17.553141,52.268143,102.249004],[17.552842,52.268203,101.976509],[17.552623,52.268262,102.349012],[17.552451,52.268309,102.446383],[17.552459,52.268549,102.382896],[17.552534,52.268711,102.480581],[17.552636,52.268883,102.461155],[17.552699,52.268976,102.573613],[17.552754,52.26909,102.330658],[17.552816,52.269197,102.374045],[17.552881,52.269297,102.368352],[17.552938,52.269393,102.260432],[17.552996,52.269485,102.225526],[17.553051,52.269576,102.177994],[17.553112,52.269667,102.075],[17.553162,52.269755,102.143456],[17.553205,52.269846,101.988934],[17.553214,52.269938,101.952126],[17.553203,52.270029,101.994453],[17.55316,52.270127,102.080775],[17.553091,52.270211,102.166932],[17.552986,52.27028,102.373365],[17.552865,52.27034,102.489219],[17.552712,52.270388,102.492278],[17.55256,52.270437,102.458311],[17.552395,52.270479,102.615737],[17.552216,52.270537,102.562504],[17.552038,52.270574,102.667175],[17.551849,52.270623,102.505071],[17.551663,52.270669,102.447654],[17.551486,52.270703,102.415463],[17.551305,52.270753,102.379719],[17.551118,52.270801,102.398983],[17.55092,52.270836,102.340608],[17.550735,52.27088,102.301522],[17.550551,52.270924,102.333949],[17.550383,52.270961,102.049421],[17.550201,52.270997,101.89755],[17.550038,52.271034,101.695367],[17.549862,52.271067,101.61535],[17.549661,52.2711,101.542366],[17.549425,52.271164,101.68088],[17.549212,52.2712,101.700846],[17.549038,52.271259,101.535904],[17.548865,52.271301,101.425162],[17.548699,52.271347,101.077397],[17.548559,52.271396,100.484408],[17.548396,52.271463,100.422818],[17.548276,52.271536,100.46044],[17.548154,52.271625,100.311339],[17.548028,52.271732,100.256041],[17.547904,52.271844,100.306197],[17.547779,52.271954,100.874843],[17.547645,52.272069,100.808065],[17.547508,52.272165,101.143065],[17.547344,52.272264,101.150303],[17.547204,52.272357,101.426428],[17.547009,52.272455,101.606973],[17.546847,52.272556,102.123127],[17.546676,52.272656,102.506796],[17.546509,52.272758,102.983448],[17.546332,52.272866,103.358236],[17.546161,52.272967,103.844365],[17.546017,52.273076,104.020853],[17.545855,52.273173,104.194389],[17.545695,52.273269,104.283676],[17.545547,52.273357,104.319796],[17.545401,52.273444,104.421148],[17.545258,52.273503,104.457171],[17.545139,52.273573,104.531655],[17.545016,52.273644,104.498367],[17.54491,52.273706,104.527402],[17.544751,52.273824,104.843922],[17.544589,52.273907,105.317364],[17.544402,52.273983,106.354868],[17.544677,52.274111,106.594721],[17.544735,52.274213,106.408307],[17.544836,52.274389,106.591466],[17.54489,52.274488,106.995585],[17.544939,52.27458,107.057553],[17.54501,52.274705,107.090311],[17.545082,52.274825,107.465126],[17.545146,52.274971,106.846196],[17.545209,52.275119,106.59928],[17.545267,52.275277,106.56935],[17.545308,52.275432,106.327534],[17.545341,52.27558,106.680725],[17.545366,52.275747,106.593914],[17.545383,52.275921,106.365908],[17.545392,52.276097,106.226669],[17.545397,52.276278,106.08855],[17.545396,52.276459,106.035883],[17.5454,52.276633,106.172678],[17.545406,52.276813,105.842636],[17.545418,52.276991,105.92862],[17.545422,52.277174,106.362675],[17.54543,52.277353,106.087617],[17.545433,52.277532,106.521615],[17.545437,52.277713,106.770996],[17.545443,52.277899,106.167649],[17.54545,52.278085,106.160145],[17.545454,52.27827,105.963785],[17.545457,52.278445,105.852906],[17.545464,52.278621,105.700093],[17.54547,52.278795,105.965585],[17.545475,52.278967,105.988362],[17.545485,52.279139,106.007432],[17.54549,52.279319,106.161073],[17.54551,52.279491,106.108004],[17.545526,52.279673,106.28251],[17.545542,52.279863,106.352919],[17.545568,52.280052,106.435814],[17.545589,52.28025,106.270396],[17.545614,52.280452,106.246175],[17.545645,52.28065,106.296704],[17.545672,52.280851,106.328902],[17.5457,52.28105,106.507609],[17.545725,52.28126,106.428886],[17.545754,52.281468,106.635353],[17.545787,52.281673,106.682526],[17.545816,52.281884,106.749581],[17.545845,52.282106,106.854322],[17.545873,52.282327,106.977804],[17.545903,52.282549,107.228637],[17.545933,52.28277,107.05273],[17.545965,52.282993,106.945643],[17.545992,52.283214,107.289785],[17.546018,52.283431,107.442515],[17.546044,52.283643,107.3874],[17.546071,52.283856,107.465205],[17.546098,52.284068,107.518957],[17.546128,52.284277,107.179051],[17.546162,52.284487,107.257261],[17.546193,52.284695,107.038611],[17.546223,52.284897,107.183782],[17.546248,52.285104,107.091594],[17.546271,52.285308,106.710003],[17.546299,52.285501,106.544105],[17.546325,52.285683,106.451687],[17.546351,52.28586,106.604968],[17.546374,52.286031,106.27376],[17.546395,52.286196,106.199288],[17.546424,52.286362,106.119612],[17.546461,52.286523,106.014792],[17.54649,52.28668,106.033736],[17.546518,52.286827,106.183508],[17.546535,52.28697,106.142002],[17.546531,52.287105,105.973627],[17.546528,52.287227,105.822896],[17.546537,52.28733,105.823585],[17.546567,52.287484,105.59337],[17.546679,52.287593,105.708191],[17.546804,52.287708,105.334123],[17.546831,52.287826,105.397918],[17.546748,52.28791,105.419964],[17.546714,52.28805,105.744738],[17.546716,52.288156,105.971362],[17.546731,52.28827,106.121248],[17.546747,52.288372,106.21848],[17.546765,52.288483,106.32538],[17.54677,52.288617,106.335177],[17.546776,52.288755,106.520528],[17.546782,52.288899,106.87995],[17.546782,52.289054,106.823149],[17.546798,52.2892,106.937293],[17.546816,52.289338,106.77711],[17.546841,52.289482,106.475787],[17.546859,52.289618,106.296014],[17.546878,52.289756,105.946952],[17.546893,52.289901,105.945875],[17.546914,52.290026,105.705289],[17.546928,52.290165,105.678337],[17.546943,52.290305,105.675701],[17.546961,52.29044,105.767279],[17.546977,52.290585,105.770414],[17.546993,52.290725,105.873908],[17.547015,52.290866,105.986113],[17.547038,52.291002,106.011627],[17.547058,52.291144,106.329003],[17.547069,52.291288,106.299897],[17.54709,52.291419,106.426038],[17.547111,52.291552,106.486746],[17.547126,52.291693,106.740985],[17.547141,52.291836,107.043863],[17.54716,52.291974,107.747125],[17.547176,52.292109,107.356166],[17.547191,52.292255,107.378738],[17.547214,52.292386,107.553848],[17.547228,52.29252,107.418831],[17.547247,52.292648,107.614784],[17.547261,52.292781,107.795453],[17.547277,52.292917,108.224349],[17.547286,52.293035,108.289587],[17.547282,52.293146,108.097225],[17.547282,52.293252,108.14267],[17.547277,52.293367,108.157605],[17.547265,52.293485,108.317255],[17.547244,52.293604,108.471806],[17.547222,52.293731,109.019968],[17.547192,52.29386,108.794167],[17.547156,52.293997,108.863649],[17.547121,52.294137,108.606146],[17.547085,52.294279,108.811247],[17.547051,52.29442,108.840307],[17.547024,52.294553,108.874211],[17.546986,52.294704,108.801033],[17.546953,52.294859,108.689946],[17.546922,52.295003,108.608132],[17.546886,52.295156,108.675482],[17.546852,52.295298,108.706027],[17.546826,52.295428,108.77368],[17.546796,52.29556,108.488538],[17.546778,52.295681,108.410101],[17.54676,52.295798,108.345518],[17.546731,52.295904,108.233101],[17.546693,52.296009,108.328758],[17.546656,52.296107,108.325535],[17.546622,52.296215,108.360631],[17.546599,52.296329,108.629528],[17.546573,52.296456,108.54456],[17.546544,52.29658,108.464532],[17.546517,52.296713,108.569146],[17.546491,52.296844,108.650585],[17.54646,52.296984,108.824503],[17.546429,52.297131,108.935706],[17.546398,52.297277,109.136668],[17.546368,52.297428,109.258554],[17.54633,52.297588,109.128021],[17.546295,52.297744,109.309119],[17.546258,52.297903,109.295749],[17.546224,52.29806,109.45352],[17.546187,52.298221,109.377731],[17.546149,52.29838,109.454255],[17.546109,52.298534,109.518792],[17.546073,52.298685,109.526983],[17.546032,52.298843,109.499747],[17.546001,52.298987,109.673089],[17.545975,52.299131,109.634736],[17.545958,52.299274,109.626112],[17.545946,52.299425,109.662723],[17.545953,52.299578,109.545069],[17.545976,52.299728,109.308476],[17.546008,52.29987,109.121823],[17.546053,52.300012,108.593511],[17.546101,52.300153,108.837025],[17.546153,52.300339,108.622986],[17.546226,52.30048,108.02331],[17.546276,52.300626,107.969134],[17.546388,52.30081,107.645037],[17.546466,52.300968,107.380426],[17.546544,52.3011,107.1696],[17.546613,52.301243,106.897833],[17.546682,52.301361,106.775322],[17.546742,52.301456,106.570257],[17.546789,52.301549,106.459927],[17.546848,52.301686,106.811392],[17.546867,52.30178,107.071435],[17.546723,52.301858,107.439514],[17.546471,52.301885,107.555247],[17.546326,52.301901,107.945102],[17.546051,52.301931,108.824637],[17.545894,52.301948,109.430644],[17.545711,52.301968,109.591666],[17.545536,52.301987,110.124523],[17.545354,52.302006,110.605296],[17.545145,52.302036,110.83587],[17.544956,52.302052,111.058511],[17.544738,52.302069,111.572409],[17.544532,52.302084,111.769767],[17.544321,52.3021,112.065698],[17.544117,52.302115,112.643993],[17.543896,52.302148,112.521467],[17.543663,52.302174,112.794374],[17.54344,52.302194,113.038547],[17.54319,52.302216,113.480929],[17.542902,52.302241,113.817813],[17.542666,52.302284,114.344159],[17.542431,52.302309,114.563073],[17.542156,52.302337,114.11589],[17.541951,52.30236,113.649735],[17.541713,52.302387,113.691061],[17.541487,52.302411,113.792555],[17.541258,52.302435,113.517031],[17.541026,52.302462,113.477416],[17.540784,52.302493,113.222074],[17.540569,52.302525,112.832754],[17.540333,52.302557,112.475527],[17.540105,52.302592,112.171057],[17.539906,52.302601,111.676859],[17.539701,52.302625,111.240398],[17.539462,52.302647,110.812063],[17.539224,52.30268,110.370703],[17.538977,52.302711,109.691786],[17.538799,52.302725,109.218109],[17.538603,52.302755,109.091585],[17.538372,52.302772,108.708348],[17.538047,52.302809,108.483605],[17.5379,52.302826,108.248579],[17.537734,52.302845,108.093543],[17.537585,52.302885,107.877033],[17.537421,52.302904,107.738198],[17.537262,52.302946,107.773057],[17.537155,52.303088,108.006607],[17.537147,52.303186,107.795844],[17.537225,52.303363,107.277802],[17.537463,52.303402,106.877808],[17.537582,52.303459,107.132442],[17.537723,52.303522,107.416069],[17.537874,52.303587,107.376115],[17.538034,52.303655,107.672819],[17.53819,52.30375,107.717647],[17.538289,52.303866,108.016963],[17.538341,52.303987,108.243243],[17.538395,52.304099,108.439233],[17.538463,52.304211,108.611693],[17.538543,52.30433,108.601181],[17.538632,52.304446,108.860496],[17.538744,52.304561,109.205339],[17.53885,52.304686,109.441668],[17.538981,52.304802,109.529043],[17.539123,52.304919,109.413331],[17.539265,52.305045,109.630196],[17.539411,52.305189,109.716133],[17.539551,52.305317,109.840966],[17.539668,52.305449,109.935046],[17.539763,52.305606,110.160734],[17.539861,52.305758,110.748581],[17.539948,52.305888,111.339443],[17.54003,52.306027,111.47189],[17.540132,52.30618,111.731132],[17.540226,52.306317,111.949053],[17.540285,52.306462,112.122559],[17.540364,52.306602,111.811806],[17.540444,52.306744,111.410193],[17.540562,52.306905,111.105795],[17.540615,52.307048,110.903061],[17.540699,52.307201,110.818233],[17.540782,52.307348,110.957963],[17.540858,52.307473,111.006915],[17.54094,52.307599,111.238574],[17.541041,52.30773,111.358076],[17.541165,52.307852,111.521947],[17.541309,52.307982,111.748143],[17.541459,52.308095,111.667795],[17.541675,52.308228,111.576731],[17.541845,52.308322,111.356264],[17.542056,52.308415,110.887716],[17.542258,52.308497,110.039657],[17.542464,52.308581,109.426875],[17.542655,52.308657,108.71213],[17.542822,52.308721,108.141984],[17.54302,52.3088,107.914857],[17.543254,52.308894,107.533305],[17.543395,52.30896,107.280379],[17.543518,52.30903,107.165375],[17.543699,52.309134,107.177955],[17.543754,52.309226,107.275402],[17.54384,52.309308,107.962865],[17.543922,52.309385,107.319982],[17.543957,52.309487,107.697535],[17.543981,52.309658,107.286442],[17.543995,52.30984,107.402126],[17.544003,52.30996,107.557734],[17.544,52.310086,107.439918],[17.543988,52.310203,107.325338],[17.543963,52.310324,107.229735],[17.543924,52.310454,107.195508],[17.543867,52.310579,107.297801],[17.543796,52.310701,107.470992],[17.543759,52.310827,107.4263],[17.543678,52.310941,107.427182],[17.543555,52.311079,107.162988],[17.543405,52.311212,107.193096],[17.543245,52.311335,107.237455],[17.543069,52.311464,107.311871],[17.542895,52.311573,107.405692],[17.542732,52.311669,107.383033],[17.542548,52.311761,107.522647],[17.542351,52.311838,107.634633],[17.542161,52.311901,107.733652],[17.541971,52.311957,107.960482],[17.541768,52.312002,108.212234],[17.54156,52.312037,108.472703],[17.541359,52.312067,108.635052],[17.541158,52.312083,108.645335],[17.540991,52.312116,108.571569],[17.540783,52.312177,108.553078],[17.540658,52.312238,109.831619],[17.540536,52.312312,110.283201],[17.540579,52.312496,110.160813],[17.540548,52.31267,109.78184],[17.54054,52.312776,109.513493],[17.540531,52.312887,109.377951],[17.54052,52.313019,109.125744],[17.540509,52.313158,108.651941],[17.540501,52.313285,108.461455],[17.540492,52.313423,108.197544],[17.540467,52.31378,108.529233],[17.540431,52.314181,108.701619],[17.540398,52.314538,108.648971],[17.540383,52.314786,108.447559],[17.540311,52.315091,108.351732],[17.540217,52.315324,108.583213],[17.540097,52.315599,108.57251],[17.539976,52.315798,108.6938],[17.539848,52.31598,108.897348],[17.539698,52.316176,108.677099],[17.539554,52.316361,108.789035],[17.539404,52.316561,108.89202],[17.539228,52.316763,109.01934],[17.539064,52.316943,109.080912],[17.53891,52.317116,109.531274],[17.538747,52.317299,109.256934],[17.538602,52.317486,109.099888],[17.538452,52.317662,109.690361],[17.538299,52.317843,109.769163],[17.53815,52.318023,110.215511],[17.538002,52.318197,110.595556],[17.537857,52.31837,111.13297],[17.537733,52.318529,111.692759],[17.537579,52.31872,112.240568],[17.537434,52.318905,112.974856],[17.537285,52.319093,113.482048],[17.537152,52.319259,114.158015],[17.537028,52.319444,114.306044],[17.536862,52.319622,114.680619],[17.536694,52.319814,114.784818],[17.53656,52.319992,115.577152],[17.536402,52.320179,115.703989],[17.536261,52.320367,115.51703],[17.536116,52.320552,115.596451],[17.535964,52.320736,115.531917],[17.535807,52.320915,115.824558],[17.535661,52.321096,116.046054],[17.535539,52.32127,116.083741],[17.535416,52.321441,115.783782],[17.535267,52.321631,115.352209],[17.535111,52.32183,115.322283],[17.534927,52.322029,115.024005],[17.534761,52.322231,114.829443],[17.534578,52.322457,114.214878],[17.534432,52.322638,113.109789],[17.53426,52.32285,111.887602],[17.5341,52.323052,111.894833],[17.533927,52.323267,111.156286],[17.533761,52.323472,110.202549],[17.5336,52.323673,109.869655],[17.533451,52.323859,110.189882],[17.533289,52.324061,109.455176],[17.533096,52.324298,108.828338],[17.532946,52.324484,108.934079],[17.532788,52.32468,108.325678],[17.532631,52.324877,108.897929],[17.532473,52.32507,108.529606],[17.532326,52.325259,108.766094],[17.532169,52.325452,108.552546],[17.53201,52.325649,108.553758],[17.531853,52.325845,108.576427],[17.531703,52.326032,108.572124],[17.531549,52.326222,108.351897],[17.53139,52.326419,108.341947],[17.531226,52.326621,108.336411],[17.531058,52.326825,108.541387],[17.53087,52.327058,108.300763],[17.530715,52.327251,108.654596],[17.530532,52.327475,108.520969],[17.530406,52.327625,108.354731],[17.530223,52.327842,108.226768],[17.530027,52.328063,107.869652],[17.529841,52.328277,107.884993],[17.529653,52.328488,107.787693],[17.529458,52.328687,107.626027],[17.529277,52.32887,107.592387],[17.529086,52.329062,107.827093],[17.528931,52.329207,108.294812],[17.528729,52.329396,108.272913],[17.528543,52.329562,108.387941],[17.528354,52.329721,108.319833],[17.528136,52.329904,107.970811],[17.527927,52.330073,108.114038],[17.527715,52.330238,108.605254],[17.527493,52.330404,108.899275],[17.527254,52.330575,108.769808],[17.527037,52.330727,108.637397],[17.526786,52.330897,108.67712],[17.526531,52.331065,108.950449],[17.526296,52.331218,109.18827],[17.52607,52.331362,108.999331],[17.525853,52.33149,109.181605],[17.525588,52.33164,109.064506],[17.525316,52.331792,109.156925],[17.525076,52.331919,109.14043],[17.524799,52.332061,109.274833],[17.524549,52.33219,109.046146],[17.524304,52.332306,109.107789],[17.524045,52.332424,108.921335],[17.523775,52.332548,109.231531],[17.523482,52.332678,109.220089],[17.52325,52.332778,109.181313],[17.523007,52.332881,109.190422],[17.522789,52.332965,109.299901],[17.522578,52.333048,109.627251],[17.52235,52.333134,109.889886],[17.522117,52.333223,110.287248],[17.52187,52.333311,110.681939],[17.521636,52.333391,111.143187],[17.521404,52.333469,111.548494],[17.521142,52.333555,111.924947],[17.520883,52.333637,112.564147],[17.52063,52.333715,112.929791],[17.520384,52.333788,113.213137],[17.52014,52.333859,113.469872],[17.519889,52.333931,113.963558],[17.51965,52.333999,113.936546],[17.519394,52.33407,114.343197],[17.519198,52.334124,114.368326],[17.519007,52.334175,114.894548],[17.518808,52.334226,115.192457],[17.518576,52.334285,115.219496],[17.518316,52.33435,115.754364],[17.518059,52.334415,115.755803],[17.517803,52.33448,115.835319],[17.51756,52.334542,115.763638],[17.51732,52.334601,115.157864],[17.517073,52.334662,115.602769],[17.516836,52.33472,115.029257],[17.51668,52.334758,114.373304],[17.516458,52.334812,113.715079],[17.516268,52.334858,113.631781],[17.516044,52.334912,112.594352],[17.515796,52.334972,112.105281],[17.515591,52.335022,111.614978],[17.51536,52.335079,111.105595],[17.515221,52.335114,111.046246],[17.51498,52.335174,110.542187],[17.514761,52.335227,109.924317],[17.514554,52.335277,110.278095],[17.514339,52.335329,110.301583],[17.514137,52.335378,110.308424],[17.51396,52.33542,110.248306],[17.513754,52.335469,110.429522],[17.513542,52.335521,110.760598],[17.513326,52.335576,110.991872],[17.51311,52.335628,111.074654],[17.512896,52.33568,111.085005],[17.512682,52.335733,111.19961],[17.512466,52.335787,111.189533],[17.512255,52.335839,111.168438],[17.512049,52.33589,111.244991],[17.511842,52.335941,111.20237],[17.511635,52.335992,111.264517],[17.511412,52.336045,111.49185],[17.511193,52.336098,111.837363],[17.510956,52.336155,112.158449],[17.510758,52.336204,112.397535],[17.510497,52.336269,112.397985],[17.510185,52.336346,112.147288],[17.509921,52.33641,111.845275],[17.50966,52.336474,112.519921],[17.509401,52.336538,112.8224],[17.509136,52.336602,112.856688],[17.508964,52.336645,112.731087],[17.508695,52.336711,112.642067],[17.508435,52.336775,112.680797],[17.508153,52.336845,112.832825],[17.507902,52.337037,113.102962],[17.507607,52.337096,113.385451],[17.50724,52.337149,113.464297],[17.5069,52.337229,113.585981],[17.506556,52.337239,114.482049],[17.50624,52.337316,113.961654],[17.505887,52.337402,113.711648],[17.505564,52.337481,113.957466],[17.505223,52.337566,114.444429],[17.504879,52.337651,114.247476],[17.504553,52.337731,113.567985],[17.504214,52.337813,113.452583],[17.503872,52.337895,113.581458],[17.503523,52.337983,113.39721],[17.503181,52.338083,113.883834],[17.502771,52.338156,113.463527],[17.502417,52.338241,113.147377],[17.502078,52.338307,113.031324],[17.501706,52.338382,112.804245],[17.50134,52.338463,112.367983],[17.50096,52.338565,112.106595],[17.500592,52.338668,112.164862],[17.50022,52.338769,111.485929],[17.499845,52.338899,111.385893],[17.499424,52.33903,111.250047],[17.499009,52.33916,112.17155],[17.498614,52.339285,112.579006],[17.498263,52.339398,112.588569],[17.497872,52.339525,114.059504],[17.49754,52.339631,114.630608],[17.497128,52.339763,115.302242],[17.496776,52.339876,116.280857],[17.496394,52.34,116.334378],[17.496003,52.340126,117.146002],[17.49577,52.340245,117.442807],[17.4954,52.340356,117.686806],[17.495035,52.340441,118.109629],[17.494684,52.340549,118.612468],[17.49432,52.340666,118.686742],[17.493938,52.340783,119.411],[17.493571,52.34091,119.495843],[17.493206,52.341021,120.14688],[17.492844,52.341136,119.980046],[17.492509,52.341248,120.694567],[17.492123,52.341377,120.505117],[17.491752,52.341508,121.180316],[17.491378,52.341643,120.815677],[17.490997,52.341774,121.035297],[17.490627,52.341884,120.744054],[17.490258,52.342003,121.198407],[17.48989,52.342129,121.439295],[17.489527,52.342254,120.815236],[17.489161,52.342379,120.766978],[17.488791,52.3425,120.782714],[17.488416,52.342642,121.289641],[17.488046,52.342771,121.48538],[17.487679,52.342909,121.764052],[17.487323,52.343042,121.564755],[17.48697,52.343173,121.823191],[17.486625,52.343309,121.773728],[17.48628,52.343451,121.535759],[17.485935,52.343591,121.888692],[17.485589,52.343717,122.008357],[17.485255,52.343836,122.073614],[17.484939,52.34396,122.280924],[17.48464,52.344081,122.199238],[17.484347,52.344166,122.510256],[17.484058,52.344294,122.437761],[17.483767,52.3444,123.190356],[17.483493,52.34449,122.4707],[17.483229,52.344571,121.995762],[17.482968,52.344647,121.508478],[17.482718,52.344737,120.883546],[17.482488,52.344852,120.096786],[17.482264,52.344949,119.630326],[17.482043,52.345045,119.390297],[17.48184,52.345113,119.37004],[17.481638,52.345197,119.609546],[17.481445,52.345277,119.60295],[17.481256,52.345361,119.483566],[17.481074,52.345412,119.563698],[17.480905,52.345501,119.523491],[17.480738,52.345569,119.508159],[17.480582,52.345631,119.631804],[17.480433,52.345684,119.487071],[17.480296,52.345736,119.254921],[17.480173,52.345795,119.044633],[17.47994,52.345868,118.857775],[17.479725,52.34595,118.669455],[17.479521,52.346027,118.395472],[17.479291,52.346115,117.826222],[17.479044,52.346209,117.479754],[17.47892,52.346257,117.288037],[17.478784,52.346309,117.064453],[17.478667,52.346379,116.906258],[17.478532,52.346433,116.570018],[17.47839,52.346488,116.386206],[17.478234,52.346549,116.076171],[17.47807,52.34661,116.082603],[17.4779,52.346674,115.948241],[17.477736,52.346728,115.716588],[17.477554,52.346796,115.50642],[17.477369,52.346857,115.328342],[17.47718,52.346913,115.154821],[17.476989,52.34697,114.970396],[17.476793,52.347045,114.948944],[17.476599,52.347117,114.820906],[17.476397,52.347185,114.662875],[17.476186,52.347254,114.600443],[17.475973,52.347341,114.6959],[17.475769,52.347418,114.649174],[17.47556,52.347486,114.581319],[17.475345,52.34756,114.530085],[17.475126,52.347642,114.638751],[17.474872,52.347736,114.589397],[17.474624,52.347841,114.750331],[17.474384,52.347923,115.067606],[17.474144,52.348005,114.90938],[17.473886,52.348093,114.739643],[17.473641,52.348183,114.722964],[17.473376,52.348275,114.664926],[17.473115,52.348387,114.629663],[17.47285,52.348488,114.69407],[17.472599,52.348604,114.45542],[17.472352,52.348686,114.594142],[17.472113,52.34878,114.634442],[17.471869,52.348871,115.054636],[17.471631,52.348961,115.369318],[17.471394,52.349042,115.238568],[17.471147,52.349146,115.758578],[17.470904,52.349223,115.284591],[17.470666,52.349293,114.890871],[17.470432,52.349364,114.829604],[17.4702,52.34943,114.657228],[17.469975,52.349515,114.658478],[17.469744,52.349592,114.508538],[17.469547,52.349647,114.376323],[17.46935,52.349682,114.30752],[17.46916,52.349719,114.312835],[17.468976,52.349757,114.356968],[17.468808,52.349792,114.414098],[17.468664,52.349823,114.222222],[17.468407,52.349879,114.447436],[17.468204,52.349925,114.763547],[17.468021,52.34996,115.004629],[17.467872,52.349964,115.237522],[17.467718,52.349981,115.728717],[17.467561,52.350003,115.919255],[17.467355,52.34999,115.799571],[17.467159,52.349992,115.752017],[17.46687,52.350008,115.232214],[17.466605,52.350019,115.037542],[17.466439,52.35004,114.960827],[17.46623,52.350044,114.883313],[17.46604,52.350051,114.843062],[17.465852,52.350079,114.891033],[17.465618,52.350098,115.004772],[17.465415,52.350114,114.414993],[17.465183,52.350133,114.545049],[17.464929,52.350154,114.44096],[17.464701,52.350173,114.436417],[17.464459,52.350193,114.45074],[17.464201,52.350216,114.596707],[17.463956,52.350238,114.662384],[17.463673,52.350263,114.805603],[17.463399,52.350288,114.989314],[17.463114,52.350315,115.083239],[17.462815,52.350346,115.462724],[17.462503,52.35038,115.381253],[17.462186,52.350414,115.837697],[17.461857,52.35045,116.009804],[17.461536,52.350487,116.220289],[17.461202,52.350528,115.992185],[17.460875,52.350568,116.338105],[17.460548,52.35061,116.284294],[17.460202,52.350655,116.720965],[17.459847,52.350704,117.168186],[17.459487,52.350754,116.811737],[17.459127,52.350805,116.5787],[17.458758,52.350859,116.427808],[17.458402,52.350915,116.66741],[17.458037,52.350972,116.535296],[17.457659,52.351033,117.311153],[17.457286,52.351095,118.015198],[17.456905,52.351123,118.001005],[17.456541,52.351194,117.993808],[17.456177,52.351256,118.317636],[17.455818,52.35132,118.178054],[17.455481,52.351419,118.260246],[17.455101,52.351462,118.727258],[17.454752,52.351532,118.31127],[17.454396,52.351605,118.437287],[17.454042,52.351672,118.459659],[17.453709,52.351777,118.784195],[17.453362,52.35185,119.079103],[17.453015,52.351927,119.116172],[17.452679,52.352004,119.161537],[17.452335,52.352083,118.844138],[17.452,52.352159,118.43701],[17.451667,52.352233,118.163717],[17.451338,52.352307,118.428136],[17.451004,52.352383,118.639858],[17.450646,52.352464,118.508058],[17.450304,52.352541,118.136633],[17.449948,52.352607,118.747862],[17.449602,52.352685,118.754249],[17.449249,52.352765,118.556559],[17.448917,52.352855,118.3187],[17.448561,52.352937,118.210528],[17.448208,52.353006,118.497724],[17.447864,52.353079,118.762214],[17.447482,52.353179,118.883066],[17.447131,52.35326,118.805422],[17.446783,52.353339,118.750244],[17.44641,52.353421,119.295448],[17.446043,52.353504,120.034071],[17.445675,52.353586,119.796853],[17.445325,52.353664,118.755677],[17.444938,52.353751,118.719187],[17.444574,52.35384,118.940944],[17.444219,52.353934,118.553716],[17.443858,52.354041,118.557485],[17.443506,52.354154,118.223728],[17.443172,52.354279,118.420958],[17.442835,52.354412,118.968752],[17.442487,52.354551,118.423894],[17.442147,52.354688,118.307789],[17.441799,52.354831,118.351844],[17.44145,52.354972,118.691265],[17.441096,52.355112,119.318683],[17.44074,52.355253,119.090188],[17.440393,52.355391,119.180411],[17.440057,52.355529,118.687814],[17.439701,52.35567,118.500276],[17.439306,52.355828,118.46083],[17.438917,52.355985,119.429023],[17.438544,52.356132,119.79848],[17.438173,52.356287,120.690197],[17.437826,52.356433,120.074521],[17.437435,52.356594,120.605827],[17.437059,52.356745,120.19218],[17.436661,52.356893,120.225435],[17.436305,52.357032,120.108668],[17.435938,52.357178,119.813957],[17.435561,52.357328,120.076536],[17.435183,52.357477,119.606744],[17.43475,52.357649,120.232737],[17.434349,52.357812,120.988289],[17.43401,52.357949,120.344764],[17.433665,52.358089,120.083013],[17.433284,52.358223,120.239017],[17.432945,52.358378,120.727086],[17.432572,52.358511,119.984577],[17.432228,52.358647,119.831355],[17.431878,52.358789,119.593674],[17.43154,52.358925,119.233566],[17.431197,52.359063,119.443176],[17.430843,52.359202,119.322132],[17.430512,52.359341,119.014449],[17.430181,52.359486,118.681424],[17.429845,52.359621,118.533318],[17.429488,52.359756,118.506227],[17.429165,52.35988,118.600802],[17.428835,52.360021,118.535799],[17.428512,52.360144,118.072463],[17.428199,52.360263,117.938579],[17.427883,52.360413,118.074343],[17.427574,52.360554,118.045487],[17.427275,52.360674,117.63706],[17.426977,52.360797,117.58102],[17.426677,52.360921,117.510107],[17.426379,52.361046,117.516407],[17.426082,52.361177,117.720582],[17.425795,52.361313,117.64636],[17.425505,52.361445,118.397634],[17.425228,52.361581,117.774182],[17.424958,52.361714,117.294324],[17.42468,52.361858,117.606987],[17.424431,52.362045,117.637489],[17.424186,52.362213,117.704192],[17.423946,52.362374,118.036333],[17.423708,52.362527,117.866194],[17.423473,52.362676,117.812763],[17.423222,52.362841,117.361338],[17.422974,52.363,117.190744],[17.42271,52.363169,117.083676],[17.422454,52.363329,117.085373],[17.42221,52.363484,116.957139],[17.421968,52.363647,116.547932],[17.421718,52.363805,116.451542],[17.421477,52.363962,116.303555],[17.421237,52.364115,115.932845],[17.421001,52.364274,116.34164],[17.420774,52.364426,115.249278],[17.420531,52.364581,115.358458],[17.420298,52.364735,114.948446],[17.420064,52.364888,115.005839],[17.419843,52.36504,114.848841],[17.419615,52.365183,115.386896],[17.41939,52.365331,115.238745],[17.419164,52.365477,115.252405],[17.418929,52.36563,115.391992],[17.418698,52.365773,115.315806],[17.418469,52.365919,115.381714],[17.418233,52.366065,115.398167],[17.418006,52.366211,115.026247],[17.417777,52.366351,115.071331],[17.417542,52.366491,115.208768],[17.417302,52.366615,115.575252],[17.417058,52.366738,115.507586],[17.416817,52.366852,115.256827],[17.416582,52.366954,115.456638],[17.416326,52.36707,115.347432],[17.41606,52.367178,115.534594],[17.415806,52.367272,115.653759],[17.415536,52.367376,115.561863],[17.415288,52.367466,115.36796],[17.415045,52.367554,115.407677],[17.414825,52.367623,115.400626],[17.414621,52.367692,115.344943],[17.414419,52.367765,115.54775],[17.414239,52.367822,115.634959],[17.414077,52.367878,115.640545],[17.413927,52.367901,115.612133],[17.413791,52.36797,115.601035],[17.413583,52.368035,115.690858],[17.41345,52.368073,116.367629],[17.413307,52.368111,116.655414],[17.41307,52.368181,116.831804],[17.412917,52.368217,116.673471],[17.412759,52.368252,116.7606],[17.412588,52.368289,116.927424],[17.412387,52.368326,116.803079],[17.412177,52.368366,116.650895],[17.411958,52.368403,116.663651],[17.41173,52.368438,116.637707],[17.411491,52.368469,116.546012],[17.411235,52.368497,116.518222],[17.410968,52.368525,116.288456],[17.410688,52.368554,116.191952],[17.410391,52.368588,115.971473],[17.410098,52.368619,115.941229],[17.409805,52.368649,115.97456],[17.409505,52.368681,115.921796],[17.409196,52.368712,116.224837],[17.408885,52.368743,116.55954],[17.408576,52.368775,116.78974],[17.40826,52.368809,116.609059],[17.407937,52.368838,116.73084],[17.407605,52.368871,117.060215],[17.407257,52.368912,117.353676],[17.406911,52.368945,118.000658],[17.406558,52.36898,118.422975],[17.406202,52.369012,119.46504],[17.40584,52.369047,119.399567],[17.405481,52.369078,119.745398],[17.405122,52.369118,119.717756],[17.404751,52.369154,120.144045],[17.404383,52.369188,120.72147],[17.404014,52.369231,120.693035],[17.403639,52.369273,121.198223],[17.403288,52.369305,120.877125],[17.402924,52.369339,120.948445],[17.402561,52.369375,120.892593],[17.40219,52.369406,120.724788],[17.401823,52.369441,120.893065],[17.401439,52.369488,120.640617],[17.401082,52.369515,120.519031],[17.40069,52.369548,120.297029],[17.400289,52.369573,120.325315],[17.399923,52.369607,120.401167],[17.399511,52.369652,120.341342],[17.399114,52.36968,120.367062],[17.398708,52.369707,120.650925],[17.398322,52.369759,120.88714],[17.397896,52.36979,121.571465],[17.397404,52.369867,122.128164],[17.39698,52.369902,121.925813],[17.396551,52.369977,122.403106],[17.396174,52.369989,122.31264],[17.395747,52.370043,122.43221],[17.395319,52.370091,121.969435],[17.394889,52.370143,122.228757],[17.394447,52.370191,122.433858],[17.394018,52.37026,122.458381],[17.393587,52.370317,122.316784],[17.393156,52.37041,121.90741],[17.392723,52.37047,121.210695],[17.392309,52.370523,120.97459],[17.391912,52.370564,120.737358],[17.391511,52.370618,121.00177],[17.391131,52.37067,120.214416],[17.390753,52.370716,118.902174],[17.390375,52.370755,118.477575],[17.390011,52.370812,117.734268],[17.389641,52.370841,117.600603],[17.389282,52.370867,116.844827],[17.388928,52.370873,116.386926],[17.388538,52.370893,115.984682],[17.388171,52.370883,115.690639],[17.387797,52.370873,115.600217],[17.387425,52.370884,115.251434],[17.387087,52.370875,114.417652],[17.386748,52.370869,113.533127],[17.386412,52.370865,112.900304],[17.386079,52.370867,112.498218],[17.385745,52.370865,111.993984],[17.385458,52.370859,111.776136],[17.385172,52.370854,111.688044],[17.384891,52.370848,111.436041],[17.384634,52.370852,111.206739],[17.384371,52.370845,111.079586],[17.384128,52.370834,110.84235],[17.383891,52.370824,110.748847],[17.383657,52.370815,110.956362],[17.383426,52.370813,111.39993],[17.38322,52.370806,111.834996],[17.383024,52.370799,112.053053],[17.382829,52.370791,112.255241],[17.382642,52.370787,112.342707],[17.382462,52.370788,112.553323],[17.382284,52.370788,112.61708],[17.382113,52.370791,112.721619],[17.381942,52.370811,112.853476],[17.381655,52.370802,113.260283],[17.381428,52.370819,113.468004],[17.381271,52.370771,113.59836],[17.38112,52.370797,115.028767],[17.380899,52.370786,116.026214],[17.380639,52.370766,116.263398],[17.380345,52.370752,116.94328],[17.380183,52.370743,117.320088],[17.380003,52.370731,117.694518],[17.379773,52.370744,118.071812],[17.379557,52.370735,118.502693],[17.379272,52.370751,118.855544],[17.379067,52.370715,119.324585],[17.378828,52.370698,119.619977],[17.378583,52.370686,119.878367],[17.378312,52.370688,120.100098],[17.378047,52.370667,120.152443],[17.37777,52.370657,120.272626],[17.3775,52.370685,120.362841],[17.377212,52.370675,120.664886],[17.37694,52.370665,120.677138],[17.376598,52.370654,120.936179],[17.376305,52.370645,120.96548],[17.375993,52.370641,121.249898],[17.375673,52.370641,121.48462],[17.375383,52.370626,121.686206],[17.375089,52.370613,122.454306],[17.37478,52.37061,122.599493],[17.374468,52.370625,122.941541],[17.374156,52.370624,123.318543],[17.373827,52.370615,123.774149],[17.373419,52.370591,124.251271],[17.373096,52.370594,124.534779],[17.372793,52.370591,124.704705],[17.372441,52.370586,124.952929],[17.372072,52.370588,125.301493],[17.371703,52.37058,125.437036],[17.37131,52.370572,125.577332],[17.370868,52.370574,125.275134],[17.370427,52.370505,125.023559],[17.370025,52.37047,125.822337],[17.369575,52.370442,125.760104],[17.369123,52.370481,126.083656],[17.368751,52.37046,125.813988],[17.368389,52.370451,125.190694],[17.368033,52.370434,124.699624],[17.367672,52.370431,124.627787],[17.367327,52.370416,124.562742],[17.36699,52.370398,124.145303],[17.366659,52.37038,124.153374],[17.366334,52.370355,125.100289],[17.366002,52.370352,124.970453],[17.36568,52.370351,125.12828],[17.36537,52.370334,125.035227],[17.365055,52.370328,124.963267],[17.364743,52.370316,125.103558],[17.36444,52.3703,124.976126],[17.364132,52.37029,125.394995],[17.363837,52.37027,125.776255],[17.363528,52.370269,125.95833],[17.363228,52.370251,125.863678],[17.362904,52.370251,125.809105],[17.362604,52.370254,125.706919],[17.36229,52.370241,125.543436],[17.361973,52.37026,125.490035],[17.361649,52.370304,125.294322],[17.36134,52.370333,125.060226],[17.361019,52.370374,125.063896],[17.360712,52.370418,124.793287],[17.360408,52.370468,124.619053],[17.360097,52.370521,124.316528],[17.359806,52.370579,124.267661],[17.359515,52.370644,124.0871],[17.359222,52.370707,124.068092],[17.358928,52.370772,123.856462],[17.358636,52.370841,123.364556],[17.358348,52.37091,123.077984],[17.358061,52.37098,122.60237],[17.35777,52.371053,122.223623],[17.35748,52.371125,121.771242],[17.357172,52.371196,121.847305],[17.356873,52.371275,121.153521],[17.356567,52.371349,120.741858],[17.356268,52.371416,120.685756],[17.355969,52.371479,120.902646],[17.355676,52.371548,120.741352],[17.355368,52.371627,120.696958],[17.355056,52.371696,120.782606],[17.354763,52.371761,120.61433],[17.354467,52.371826,120.443322],[17.35417,52.37189,120.221012],[17.353865,52.371954,119.820197],[17.353548,52.372027,119.809892],[17.353225,52.372102,120.184739],[17.352918,52.372173,119.805362],[17.352606,52.372249,119.726134],[17.352298,52.372315,119.849754],[17.352001,52.372387,119.517971],[17.351703,52.372462,119.129625],[17.351406,52.372529,119.444202],[17.351101,52.372603,119.564486],[17.350791,52.372673,119.372064],[17.350485,52.372747,119.600243],[17.350179,52.37282,119.699607],[17.349884,52.37289,119.816154],[17.349596,52.372954,120.024377],[17.349294,52.373025,119.983401],[17.348992,52.373094,120.024778],[17.348708,52.373153,120.25404],[17.348429,52.373224,120.017342],[17.348155,52.373286,120.133313],[17.347874,52.373354,120.190199],[17.347598,52.373421,120.385741],[17.347317,52.373485,120.498296],[17.347041,52.373548,120.330914],[17.346781,52.373606,120.177506],[17.346534,52.373667,120.136475],[17.346281,52.373728,119.919659],[17.346024,52.373792,120.083399],[17.345765,52.373859,120.165515],[17.345505,52.373922,120.310217],[17.345258,52.373964,120.483734],[17.345021,52.374036,120.837838],[17.344771,52.374083,120.768915],[17.344528,52.374149,120.761423],[17.344318,52.374208,120.737628],[17.34408,52.37428,120.893384],[17.343881,52.374345,121.298859],[17.343683,52.374412,121.649067],[17.343474,52.374489,121.949909],[17.343288,52.374567,122.077185],[17.343104,52.37465,122.120366],[17.342923,52.374734,122.288395],[17.342733,52.374819,122.190638],[17.342554,52.374899,122.407577],[17.342387,52.374973,122.111313],[17.342208,52.375056,122.085332],[17.342042,52.375146,121.94826],[17.341907,52.375221,121.791874],[17.341739,52.375312,121.543956],[17.341611,52.375382,121.137505],[17.341476,52.375453,120.922429],[17.341351,52.375518,120.778207],[17.341226,52.375584,121.272857],[17.341016,52.375693,121.425604],[17.340823,52.375795,121.594377],[17.340621,52.375902,121.674799],[17.340425,52.376004,121.25223],[17.340215,52.376116,120.776282],[17.340102,52.376176,120.690876],[17.339986,52.376236,120.431717],[17.339856,52.376304,120.239434],[17.339714,52.376378,120.245449],[17.339562,52.376457,120.313344],[17.339412,52.376535,120.039224],[17.339239,52.376625,119.884152],[17.339054,52.376722,119.711719],[17.338867,52.376819,119.673264],[17.33868,52.376936,119.465356],[17.338451,52.377047,119.185504],[17.338204,52.37716,118.991628],[17.337961,52.377261,118.927953],[17.337705,52.377357,119.12239],[17.337445,52.377448,119.084959],[17.337168,52.377536,118.545468],[17.336885,52.377621,118.169512],[17.336582,52.377714,117.874565],[17.336285,52.377788,117.911507],[17.335988,52.377856,118.293137],[17.33571,52.377953,118.176253],[17.335424,52.378038,117.890397],[17.335127,52.378126,117.358485],[17.334818,52.378216,117.638974],[17.334537,52.378299,117.532815],[17.334232,52.378389,117.278623],[17.333913,52.378483,117.533008],[17.333544,52.378592,117.226911],[17.333213,52.37869,117.424781],[17.332887,52.378786,117.506725],[17.332583,52.378875,117.366692],[17.332231,52.378979,117.533971],[17.331892,52.379079,117.191268],[17.331556,52.379178,117.391685],[17.331212,52.379279,117.533258],[17.33089,52.379374,117.661799],[17.330514,52.379484,118.04274],[17.330191,52.37958,118.150167],[17.329852,52.379681,118.611351],[17.329535,52.379775,118.160132],[17.329217,52.379869,118.157387],[17.328865,52.379972,117.927753],[17.328518,52.380073,118.260681],[17.328202,52.380163,118.494021],[17.327853,52.38026,118.492179],[17.327493,52.380359,119.173218],[17.327161,52.380448,118.693992],[17.326795,52.380543,118.882462],[17.326457,52.380627,118.836404],[17.32608,52.38072,118.834838],[17.325709,52.380812,119.51171],[17.325338,52.380903,119.431959],[17.324924,52.381005,120.137143],[17.324524,52.381103,119.993286],[17.32415,52.381196,120.53813],[17.323755,52.381294,120.974689],[17.323334,52.381385,121.810029],[17.322985,52.38146,122.167774],[17.322635,52.381547,122.458293],[17.32228,52.381627,122.725782],[17.321928,52.381707,122.79763],[17.321579,52.381774,122.571461],[17.321218,52.381875,123.524073],[17.320853,52.381939,123.676446],[17.3205,52.381995,123.217256],[17.320122,52.382049,123.118614],[17.31975,52.382085,124.026302],[17.319387,52.382154,123.397426],[17.319023,52.382201,122.800031],[17.31867,52.382242,122.27222],[17.318314,52.382277,122.308085],[17.317957,52.382302,121.610256],[17.317591,52.382317,120.995011],[17.317239,52.382333,120.395272],[17.316898,52.382346,119.119157],[17.316558,52.382357,118.360837],[17.3162,52.382373,117.443748],[17.315865,52.382383,116.520849],[17.315532,52.382394,115.138859],[17.315191,52.382409,114.797482],[17.314847,52.382427,113.541014],[17.314509,52.382442,112.316771],[17.314155,52.38246,111.723137],[17.313808,52.382472,110.879],[17.313457,52.382485,110.06803],[17.313101,52.382501,109.547919],[17.312745,52.382515,108.813113],[17.31239,52.38253,107.962549],[17.31203,52.382545,107.705186],[17.31168,52.38256,107.412372],[17.311334,52.382573,106.934883],[17.310992,52.38259,106.220273],[17.31065,52.382601,105.827185],[17.310304,52.382616,106.125685],[17.309959,52.382629,106.235001],[17.309618,52.382638,105.242824],[17.309274,52.382651,105.21229],[17.30893,52.38266,105.055819],[17.308575,52.382676,105.658732],[17.308232,52.382681,105.823279],[17.307894,52.382694,105.487304],[17.307555,52.38271,105.279346],[17.307226,52.382716,105.078725],[17.306892,52.382729,104.98249],[17.306567,52.382733,105.061464],[17.306258,52.382762,104.849638],[17.305946,52.382763,104.711806],[17.305636,52.38276,104.234294],[17.305323,52.38278,103.8483],[17.304996,52.382795,103.639104],[17.30466,52.38281,103.297818],[17.30433,52.382835,102.691358],[17.304019,52.382871,102.398304],[17.303691,52.382872,102.062464],[17.303383,52.382886,101.766686],[17.303057,52.382896,101.810165],[17.30274,52.382907,101.374407],[17.302458,52.382927,101.136784],[17.302169,52.38294,100.710809],[17.301827,52.382959,100.867974],[17.301489,52.382974,101.407834],[17.301169,52.382971,100.757829],[17.300834,52.382982,101.070474],[17.300503,52.382991,100.928409],[17.300146,52.383008,100.337261],[17.299803,52.383027,100.598598],[17.299471,52.383015,100.005697],[17.299133,52.38303,100.370762],[17.298782,52.383033,100.66494],[17.29844,52.383037,100.643764],[17.298051,52.38306,100.941036],[17.297688,52.383074,101.868558],[17.297341,52.383088,101.853234],[17.296979,52.383097,102.551344],[17.296612,52.383112,102.578112],[17.296224,52.383136,103.152902],[17.295864,52.383142,104.031791],[17.295505,52.383152,103.484463],[17.295132,52.383172,103.611815],[17.294779,52.383185,103.832903],[17.294432,52.383186,103.77504],[17.294085,52.38321,103.489328],[17.293725,52.383237,103.794938],[17.293385,52.38327,102.538549],[17.293046,52.383313,102.557191],[17.292699,52.38337,101.658081],[17.292362,52.383428,101.802761],[17.292007,52.383503,101.553455],[17.291686,52.383581,101.490013],[17.291343,52.383665,100.77022],[17.291025,52.38374,100.56014],[17.290659,52.383849,100.881603],[17.290296,52.383956,101.080332],[17.289957,52.384062,101.770882],[17.289629,52.384175,102.393819],[17.289319,52.384297,103.270698],[17.289,52.384427,103.612692],[17.2887,52.38455,104.154708],[17.288406,52.384671,105.747957],[17.288118,52.384808,106.161825],[17.287843,52.384934,106.935884],[17.287574,52.385111,106.77626],[17.287299,52.385263,107.181266],[17.287043,52.385416,107.375742],[17.286753,52.38557,107.600111],[17.286491,52.385711,107.485602],[17.286236,52.385869,107.778729],[17.28597,52.386023,108.000642],[17.285719,52.386168,108.421932],[17.285464,52.386315,108.670989],[17.285142,52.3865,108.816975],[17.284893,52.386643,109.139345],[17.284601,52.386811,109.35422],[17.284314,52.386977,109.642653],[17.284018,52.387147,109.908962],[17.283719,52.387318,110.164339],[17.283434,52.387484,110.463524],[17.283128,52.387662,110.494507],[17.282847,52.387824,110.574702],[17.282566,52.387986,111.054946],[17.282271,52.388156,110.802309],[17.281971,52.388329,111.114167],[17.281653,52.388513,110.693319],[17.281402,52.388657,110.832281],[17.281129,52.388815,110.676201],[17.280825,52.388972,110.141603],[17.280232,52.388951,109.96879],[17.27993,52.389085,109.875813],[17.279592,52.389233,109.522571],[17.279281,52.389409,109.314503],[17.279011,52.389576,109.253645],[17.278767,52.389768,109.235151],[17.278485,52.389932,109.135713],[17.278199,52.390085,108.891949],[17.277929,52.390232,108.801807],[17.277622,52.390382,108.441758],[17.277371,52.390522,108.248851],[17.277107,52.390719,108.226553],[17.276898,52.391067,108.607562],[17.276623,52.391248,108.703489],[17.276299,52.391371,108.989748],[17.275982,52.391524,108.722699],[17.275627,52.391625,108.519034],[17.275272,52.391748,108.440803],[17.274927,52.391895,108.778899],[17.274585,52.391988,108.882656],[17.274192,52.392076,108.749233],[17.273858,52.392177,107.868645],[17.273481,52.392273,108.489063],[17.273073,52.392364,109.097418],[17.272687,52.392466,108.351794],[17.272327,52.392576,108.91953],[17.271985,52.392665,109.335223],[17.271627,52.392752,109.858857],[17.271281,52.392858,109.577015],[17.270915,52.392925,110.093821],[17.270545,52.393039,110.399989],[17.270168,52.393138,110.554743],[17.269813,52.393252,110.835674],[17.269445,52.393352,110.908023],[17.2691,52.393477,110.95994],[17.268771,52.393573,112.05352],[17.268405,52.393684,111.645897],[17.268035,52.393778,111.84861],[17.267641,52.393846,111.82574],[17.267276,52.393969,112.347889],[17.26693,52.394076,112.507111],[17.266571,52.394184,112.403166],[17.266215,52.394262,112.389557],[17.26587,52.394351,112.068385],[17.26555,52.394459,111.753084],[17.265192,52.394583,111.589208],[17.264848,52.394667,111.221937],[17.264516,52.394755,111.206046],[17.264125,52.394865,110.822231],[17.263778,52.394965,110.763066],[17.263431,52.395027,110.201429],[17.263114,52.395189,110.271804],[17.262744,52.395297,110.654258],[17.262381,52.395411,110.765103],[17.262056,52.395504,110.537221],[17.261713,52.395597,110.605208],[17.261327,52.395699,110.591975],[17.260977,52.395791,110.724612],[17.260621,52.395866,110.170278],[17.260249,52.395972,110.265129],[17.259885,52.396079,110.090092],[17.259549,52.396159,110.276752],[17.259195,52.396229,110.535988],[17.258824,52.396324,110.288964],[17.258456,52.396416,110.106764],[17.258099,52.396499,110.229112],[17.257739,52.396588,110.086654],[17.257398,52.396664,109.789933],[17.257037,52.396752,110.061792],[17.256671,52.396841,110.233051],[17.256316,52.396947,110.071008],[17.255953,52.397042,109.769976],[17.255586,52.397139,109.756949],[17.255216,52.397237,109.691945],[17.254835,52.397338,109.97033],[17.254462,52.397437,109.903795],[17.254129,52.397525,109.883595],[17.253808,52.39761,108.248961],[17.253445,52.397705,108.628271],[17.25307,52.397801,108.682037],[17.252709,52.397884,108.768479],[17.252329,52.39796,107.981589],[17.251953,52.398021,107.982136],[17.251568,52.398071,108.004668],[17.251242,52.398101,107.908194],[17.250913,52.398125,107.863022],[17.250528,52.398123,107.695544],[17.250182,52.398145,107.321256],[17.249849,52.398143,107.330897],[17.249483,52.398125,107.219261],[17.249138,52.398131,107.299615],[17.248773,52.398134,106.79831],[17.24844,52.398135,106.575118],[17.248095,52.398136,106.433149],[17.247765,52.398131,106.519222],[17.247427,52.398143,106.152267],[17.247096,52.398165,105.721649],[17.2468,52.398184,105.569546],[17.24652,52.398237,105.320762],[17.246232,52.398266,104.981919],[17.245931,52.398301,104.874212],[17.245649,52.398344,104.782376],[17.245418,52.398368,104.554783],[17.245185,52.398387,104.738884],[17.245028,52.398408,104.792545],[17.244843,52.398443,105.088549],[17.244675,52.398467,105.338691],[17.244525,52.398515,105.850429],[17.24432,52.39858,105.994076],[17.24447,52.398585,105.98675],[17.244615,52.398548,106.137487],[17.244445,52.398548,107.18213],[17.244204,52.398612,106.894255],[17.243925,52.398688,106.446299],[17.243763,52.398733,106.092937],[17.243605,52.398781,106.099668],[17.243413,52.398831,105.989752],[17.243237,52.398887,105.878649],[17.243033,52.398936,105.884493],[17.242804,52.399,105.84356],[17.242551,52.399062,105.620879],[17.24227,52.39912,105.531195],[17.242004,52.399172,105.447507],[17.241752,52.399233,105.445662],[17.241457,52.39931,105.27275],[17.24119,52.399372,105.019865],[17.240903,52.399454,104.970984],[17.240645,52.399517,105.274913],[17.240403,52.399578,105.170729],[17.240149,52.399621,104.870666],[17.239881,52.399671,104.704107],[17.239579,52.399732,104.449864],[17.239314,52.399797,104.574523],[17.238989,52.39987,104.703715],[17.238675,52.399945,104.342225],[17.238327,52.399992,104.324814],[17.238056,52.400045,104.41114],[17.237773,52.400096,104.362371],[17.237436,52.400162,104.001399],[17.237132,52.400226,103.979377],[17.236832,52.400284,103.677991],[17.236543,52.400347,103.620024],[17.236269,52.400417,103.570613],[17.235953,52.400478,103.780538],[17.23565,52.400544,103.940745],[17.235364,52.400615,104.381449],[17.235075,52.400699,104.732177],[17.234786,52.400779,104.842882],[17.234498,52.400843,104.943297],[17.23419,52.400889,104.622218],[17.233856,52.400979,104.190439],[17.233479,52.401043,104.028593],[17.233198,52.401102,103.902789],[17.232891,52.401185,103.463038],[17.232584,52.401227,103.198773],[17.232273,52.401299,102.837032],[17.231957,52.401339,102.428908],[17.23165,52.401389,102.222227],[17.231331,52.401421,101.82429],[17.230962,52.401451,101.264472],[17.230637,52.401493,101.040417],[17.23031,52.401497,100.872762],[17.229965,52.401513,100.697919],[17.229526,52.401539,101.009209],[17.228998,52.401565,101.248253],[17.228654,52.401543,101.389689],[17.228271,52.401517,101.668618],[17.227952,52.401496,101.7208],[17.227639,52.401438,102.53226],[17.227307,52.401436,101.908283],[17.227002,52.401406,101.678354],[17.226683,52.401381,102.221055],[17.226348,52.401386,102.502135],[17.226059,52.401351,102.413082],[17.225793,52.401318,102.580036],[17.225489,52.40128,103.041918],[17.225172,52.401259,102.728656],[17.224889,52.401226,102.590947],[17.224603,52.401182,102.566384],[17.224296,52.401151,102.379755],[17.223992,52.401114,102.465394],[17.223705,52.40108,102.169805],[17.223412,52.401049,101.86881],[17.223147,52.400992,101.53905],[17.222829,52.400969,101.244936],[17.222529,52.400938,101.143467],[17.222245,52.400894,100.92882],[17.221979,52.400868,100.883691],[17.221786,52.400877,100.832621],[17.221549,52.40084,100.677398],[17.221295,52.400811,100.633244],[17.221022,52.400797,100.448483],[17.220691,52.400786,100.410935],[17.220448,52.400761,100.274318],[17.22017,52.400723,100.241326],[17.2199,52.400692,100.199222],[17.219622,52.400662,100.336055],[17.219364,52.40063,100.401175],[17.21916,52.400578,100.477013],[17.21892,52.400549,100.363372],[17.218678,52.400508,100.416241],[17.218443,52.400474,100.47578],[17.218211,52.400452,100.31742],[17.217948,52.400411,100.18615],[17.217728,52.400391,100.258313],[17.21744,52.400342,100.181626],[17.217221,52.400309,100.426013],[17.216991,52.400272,100.55978],[17.216765,52.400244,100.704197],[17.216501,52.400184,101.117829],[17.216294,52.400151,101.324041],[17.216099,52.400113,101.539675],[17.215894,52.40007,101.717592],[17.215662,52.400031,101.910588],[17.215427,52.39999,102.000956],[17.215188,52.399945,102.002182],[17.214938,52.3999,102.181138],[17.214683,52.399854,102.125812],[17.214428,52.399805,102.10156],[17.214173,52.399756,102.104734],[17.213929,52.399718,102.287734],[17.213667,52.399661,101.918761],[17.213413,52.399611,101.713454],[17.213151,52.399568,101.663736],[17.212907,52.399517,101.381213],[17.212611,52.399468,100.962019],[17.212387,52.39942,100.852624],[17.212148,52.399379,100.892924],[17.211912,52.399341,100.771432],[17.211678,52.3993,100.592273],[17.211447,52.399263,100.509043],[17.211216,52.399215,100.280968],[17.210983,52.399161,100.323053],[17.210742,52.399117,100.184657],[17.210501,52.399089,100.042275],[17.210277,52.399047,99.795424],[17.210041,52.399001,99.73155],[17.209812,52.398955,99.552127],[17.209599,52.398907,99.426846],[17.2094,52.39887,99.342979],[17.209206,52.398829,99.311575],[17.209033,52.398803,99.413388],[17.208893,52.398775,99.173888],[17.208679,52.398734,99.145785],[17.208494,52.3987,99.578491],[17.208298,52.39865,99.717577],[17.208016,52.398601,99.614295],[17.207858,52.39858,99.784351],[17.20769,52.398539,99.863391],[17.207497,52.398506,100.026241],[17.207307,52.398472,100.204453],[17.207109,52.398445,100.326042],[17.206914,52.398415,100.403584],[17.206761,52.398377,100.774869],[17.206913,52.398369,100.63246],[17.206696,52.39836,100.97182],[17.206521,52.398332,101.26442],[17.206296,52.398294,101.45193],[17.206128,52.398289,101.614164],[17.205887,52.39823,101.792105],[17.20564,52.3982,101.90532],[17.205378,52.398146,101.928179],[17.205138,52.398087,101.943082],[17.20489,52.39804,101.922787],[17.204676,52.397999,101.855023],[17.204366,52.397942,101.817886],[17.2041,52.397893,101.533182],[17.203839,52.397849,101.311565],[17.203666,52.397822,101.14963],[17.203461,52.397793,101.140842],[17.203207,52.39776,100.913632],[17.201646,52.397553,100.90128],[17.201405,52.397535,100.593736],[17.201034,52.397509,100.783974],[17.20064,52.397481,100.722951],[17.200328,52.397459,100.61416],[17.19999,52.397421,100.705072],[17.199676,52.397421,100.689314],[17.199331,52.397389,101.029902],[17.199018,52.397385,100.669095],[17.198716,52.397359,100.728712],[17.198425,52.397358,100.896538],[17.198101,52.397348,100.612261],[17.197735,52.397336,100.838922],[17.19743,52.397335,100.920681],[17.197101,52.397327,100.396692],[17.19678,52.397319,100.262949],[17.196434,52.397311,100.06668],[17.196116,52.397298,100.223692],[17.19577,52.397295,100.009958],[17.195424,52.397283,99.87066],[17.195094,52.397273,100.035133],[17.194762,52.397265,100.507733],[17.194424,52.397257,100.592323],[17.194082,52.397245,100.595483],[17.193742,52.397228,100.747784],[17.193388,52.39722,99.653643],[17.193044,52.397204,100.418356],[17.19271,52.39719,99.905214],[17.192356,52.397186,99.490807],[17.191996,52.39718,99.166681],[17.19164,52.397166,99.689643],[17.191295,52.397151,99.78972],[17.190936,52.397133,101.917859],[17.190591,52.397121,100.755261],[17.190241,52.397111,98.381154],[17.189903,52.397084,98.076107],[17.189576,52.397045,97.542122],[17.189243,52.397002,97.441487],[17.188907,52.396961,97.045086],[17.188583,52.396923,97.034473],[17.188253,52.396877,97.811191],[17.187919,52.396825,100.412122],[17.187582,52.396792,98.819629],[17.18726,52.396761,95.886804],[17.186924,52.396718,96.885349],[17.186582,52.396682,96.581802],[17.186254,52.396638,96.580947],[17.185914,52.396598,96.405815],[17.18557,52.396553,98.422374],[17.185223,52.396518,98.514031],[17.184887,52.396489,96.421949],[17.18454,52.396454,96.534863],[17.184184,52.396418,97.299016],[17.183827,52.396386,97.267726],[17.183459,52.396364,97.619446],[17.183101,52.396341,97.718106],[17.182764,52.396319,96.664873],[17.18242,52.396297,97.426802],[17.182076,52.396272,97.526581],[17.181734,52.396252,97.759572],[17.18139,52.396232,98.323677],[17.181059,52.396217,96.985343],[17.1807,52.396208,96.376258],[17.18036,52.39619,96.946519],[17.180035,52.396175,96.457694],[17.179697,52.396151,100.871913],[17.179354,52.396125,102.330611],[17.179034,52.396112,99.616635],[17.178697,52.396107,99.029871],[17.178374,52.396091,98.828159],[17.178052,52.396069,99.285237],[17.177738,52.396054,99.438033],[17.177391,52.396041,98.37383],[17.177042,52.396017,99.559556],[17.176682,52.395991,100.906107],[17.17633,52.395981,99.520297],[17.175989,52.395963,98.281163],[17.175645,52.395947,98.694507],[17.175316,52.395937,98.337179],[17.174994,52.395917,97.840675],[17.174642,52.395905,99.482286],[17.17427,52.3959,99.150496],[17.17391,52.395887,99.257026],[17.173556,52.395874,99.412055],[17.173186,52.395872,98.709887],[17.172828,52.39587,98.862777],[17.172461,52.395894,99.29678],[17.172101,52.395888,99.47947],[17.171735,52.395898,99.219206],[17.171375,52.395981,98.616712],[17.171067,52.396025,99.113164],[17.170718,52.396062,99.167491],[17.170364,52.396196,99.957003],[17.170018,52.396271,99.08092],[17.169728,52.396336,99.858794],[17.16932,52.396426,100.20192],[17.169014,52.396495,100.167182],[17.168648,52.396578,99.951272],[17.168287,52.396657,101.525033],[17.16795,52.396732,99.2687],[17.167588,52.396812,100.414336],[17.167228,52.396892,100.590584],[17.166859,52.396973,99.931642],[17.166509,52.39705,99.70785],[17.166037,52.397154,100.758273],[17.165625,52.397246,100.445328],[17.165217,52.39733,100.750072],[17.164929,52.397418,101.231635],[17.164605,52.397504,100.163453],[17.164346,52.397563,101.083726],[17.16404,52.39763,100.468691],[17.163714,52.397707,100.968713],[17.163387,52.397777,101.253072],[17.163083,52.397827,101.584274],[17.162852,52.397875,101.272088],[17.162555,52.397943,101.869424],[17.162282,52.398009,102.621891],[17.162049,52.398052,103.364562],[17.161795,52.398106,103.387892],[17.161531,52.398172,103.699444],[17.161301,52.398239,103.085442],[17.16114,52.398239,103.533605],[17.160921,52.398275,104.159324],[17.160734,52.398288,103.839455],[17.160524,52.398343,103.793616],[17.160342,52.398389,104.233991],[17.160117,52.39838,104.570313],[17.160003,52.398438,104.387364],[17.159809,52.398443,104.210137],[17.159597,52.398458,104.360243],[17.159455,52.3985,104.137392],[17.159651,52.398483,103.988583],[17.159425,52.398449,104.356236],[17.159198,52.398469,104.421573],[17.159049,52.39847,105.280498],[17.158874,52.398486,104.840833],[17.158696,52.398503,104.552584],[17.158506,52.398515,104.786219],[17.158283,52.398518,105.920245],[17.158004,52.398525,104.645986],[17.157765,52.398524,105.170144],[17.157517,52.398543,102.086408],[17.157241,52.398551,101.991422],[17.156932,52.398557,102.170063],[17.156622,52.398562,103.669451],[17.156312,52.398565,104.426402],[17.155986,52.398567,104.634977],[17.155668,52.398568,104.785917],[17.155326,52.398577,104.916204],[17.154977,52.398583,105.504713],[17.15461,52.39859,106.003376],[17.154243,52.398587,105.386219],[17.153859,52.398608,105.537294],[17.153488,52.398605,105.378898],[17.153098,52.398619,105.368414],[17.152708,52.398622,105.661979],[17.152318,52.398626,105.375626],[17.15193,52.398631,105.876789],[17.151543,52.398628,106.986302],[17.151151,52.398636,105.45786],[17.150742,52.398646,104.691716],[17.150346,52.398649,104.570998],[17.149938,52.398657,104.548658],[17.149528,52.398664,104.057045],[17.14912,52.39867,103.75238],[17.148715,52.398673,103.999892],[17.148311,52.398676,103.150395],[17.147912,52.398676,103.077261],[17.147507,52.398688,102.787273],[17.147099,52.398682,102.704535],[17.146685,52.398683,102.90454],[17.146269,52.398689,103.359204],[17.145856,52.398693,103.160287],[17.145432,52.398697,103.182099],[17.144997,52.398712,103.431314],[17.14456,52.398722,104.396067],[17.14411,52.39875,104.025057],[17.143667,52.39878,103.688117],[17.143231,52.398811,103.800019],[17.142799,52.398848,103.389767],[17.142344,52.398904,103.266115],[17.141899,52.398963,103.395124],[17.141462,52.399017,104.565123],[17.141009,52.399089,102.939374],[17.140567,52.399155,103.167256],[17.140142,52.399226,103.070997],[17.13972,52.399303,102.727054],[17.139302,52.399382,102.376136],[17.138901,52.399468,101.754842],[17.138526,52.399538,101.061158],[17.13819,52.399615,99.498017],[17.137838,52.399674,100.017152],[17.137488,52.399736,99.361113],[17.137154,52.39979,99.38948],[17.136836,52.399846,97.500493],[17.136501,52.399907,97.953412],[17.136153,52.39997,98.30442],[17.135785,52.400033,98.858412],[17.135412,52.400103,99.018201],[17.135034,52.400171,98.930164],[17.134662,52.400239,99.730102],[17.13428,52.400294,99.744344],[17.133922,52.400368,100.906398],[17.133538,52.400437,100.659002],[17.133158,52.400496,100.077327],[17.132772,52.40058,99.868698],[17.132392,52.400647,100.095422],[17.132017,52.400716,99.702657],[17.131648,52.400788,99.589083],[17.131277,52.400859,99.344025],[17.130898,52.400929,99.634745],[17.130533,52.400997,99.355784],[17.130165,52.40106,99.434855],[17.129819,52.401122,99.728327],[17.129466,52.401184,100.042707],[17.129128,52.401244,99.031113],[17.128799,52.401302,99.339297],[17.128458,52.401369,99.373284],[17.128128,52.401427,99.875769],[17.127795,52.401486,99.854001],[17.127482,52.40155,99.38285],[17.127178,52.40162,99.208451],[17.126878,52.401685,99.945381],[17.126598,52.401752,99.795513],[17.126314,52.401814,99.731277],[17.126022,52.401881,99.61458],[17.125747,52.401939,99.580395],[17.125473,52.401998,99.638135],[17.125228,52.402054,99.459125],[17.125028,52.402094,99.039204],[17.124845,52.402128,98.918132],[17.124667,52.402155,98.988145],[17.124484,52.40219,99.016129],[17.124322,52.40221,99.031444],[17.124163,52.40224,99.031783],[17.124018,52.402269,98.902119],[17.123786,52.402323,98.881987],[17.123604,52.402364,99.114331],[17.123465,52.402398,99.255349],[17.123252,52.402437,100.57252],[17.123086,52.402472,100.635319],[17.122906,52.402515,100.669789],[17.122653,52.402354,100.339321],[17.122587,52.402188,100.596166],[17.122544,52.402097,101.041886],[17.12251,52.401994,101.504226],[17.122473,52.401889,101.958866],[17.12244,52.401779,102.20311],[17.122405,52.401661,102.641758],[17.122362,52.401536,102.829389],[17.122332,52.40141,102.950093],[17.122304,52.401275,102.985178],[17.122274,52.401146,103.605719],[17.122246,52.40102,103.893595],[17.122209,52.400888,103.897166],[17.122171,52.400744,104.035645],[17.122125,52.4006,103.944322],[17.122077,52.400461,104.149285],[17.122021,52.400316,104.455147],[17.121983,52.400179,104.370359],[17.121949,52.400055,103.847813],[17.121911,52.399931,103.209687],[17.121879,52.399807,102.072692],[17.12184,52.399679,101.59922],[17.12179,52.399551,100.750606],[17.121743,52.399416,100.420667],[17.121701,52.399295,99.798192],[17.121648,52.399165,99.825212],[17.121591,52.399037,99.596958],[17.121574,52.398916,99.20628],[17.121537,52.398804,98.844794],[17.121498,52.398687,98.350279],[17.121459,52.398571,98.983103],[17.121416,52.398453,99.262963],[17.121378,52.398339,98.603811],[17.121343,52.398227,98.762481],[17.121306,52.398116,98.790684],[17.121278,52.398015,98.904478],[17.121256,52.397915,99.04168],[17.121233,52.397819,99.11242],[17.12121,52.397659,98.936414],[17.121179,52.397533,98.897388],[17.121119,52.397413,98.782392],[17.121116,52.397303,98.565562],[17.121069,52.397215,98.488905],[17.121089,52.397097,98.052439],[17.121061,52.396995,97.840391],[17.121041,52.396898,97.903906],[17.120993,52.396755,97.716937],[17.120947,52.396668,97.74816],[17.120886,52.396578,97.746584],[17.120812,52.396484,97.690024],[17.120733,52.396392,97.834901],[17.120651,52.3963,97.740105],[17.120562,52.396208,97.469458],[17.120464,52.396125,97.37477],[17.120388,52.396042,97.354019],[17.12029,52.395953,97.289561],[17.120187,52.395866,97.242116],[17.120083,52.395789,97.254928],[17.119997,52.395701,97.278322],[17.119886,52.395619,97.176881],[17.11977,52.395543,97.129632],[17.119643,52.395468,97.073133],[17.119502,52.395389,97.037222],[17.119351,52.395308,96.984758],[17.119193,52.395232,97.094245],[17.119032,52.395157,96.882802],[17.118865,52.395084,96.712846],[17.118697,52.395018,96.532475],[17.118533,52.394954,96.566694],[17.118383,52.394876,96.703736],[17.118216,52.394811,96.592337],[17.118045,52.394747,96.604366],[17.117872,52.394682,96.692884],[17.117693,52.394616,96.710346],[17.1175,52.394563,96.730946],[17.117323,52.394497,96.836622],[17.117161,52.394424,96.499035],[17.116997,52.394359,96.378564],[17.116821,52.394292,96.402568],[17.116657,52.39423,96.272889],[17.116509,52.394176,96.009131],[17.116367,52.394122,96.053194],[17.116215,52.394069,96.289243],[17.116068,52.394019,96.007363],[17.115947,52.393961,96.009368],[17.115754,52.39389,95.739459],[17.115618,52.393842,95.834788],[17.115478,52.393793,95.957374],[17.11534,52.393748,96.024762],[17.115192,52.3937,95.933756],[17.11506,52.393657,96.116579],[17.115227,52.393727,96.238519],[17.11533,52.393662,96.078056],[17.115461,52.393579,95.848612],[17.115556,52.393503,95.723214],[17.115705,52.393444,95.591587],[17.11584,52.393363,95.629331],[17.115995,52.393262,95.527981],[17.116153,52.393155,95.61048],[17.116313,52.393046,95.709546],[17.1165,52.392921,96.117817],[17.116659,52.392787,96.397537],[17.116807,52.392664,96.651648],[17.116951,52.39253,97.125154],[17.117091,52.392396,97.400969],[17.117198,52.392326,97.456788],[17.117298,52.392239,97.303997],[17.117403,52.392145,97.212215],[17.11751,52.39205,96.731371],[17.117602,52.391965,96.398649],[17.117685,52.391888,96.239262],[17.117776,52.391804,96.074257],[17.117858,52.391728,96.083521],[17.117952,52.391646,96.133536],[17.118021,52.39156,96.108439],[17.118117,52.391483,96.166698],[17.118215,52.391402,95.855713],[17.118312,52.391321,95.782889],[17.118423,52.391234,95.624683],[17.11853,52.39115,95.327851],[17.118625,52.391062,95.430045],[17.118725,52.390976,95.341779],[17.118817,52.390901,95.329273],[17.11891,52.390817,95.330495],[17.119,52.390741,95.336242],[17.119161,52.390603,95.585343],[17.119281,52.390495,95.96626],[17.119151,52.390346,96.474812],[17.11896,52.390237,97.008003],[17.118736,52.390128,97.308927],[17.118628,52.390062,97.3812],[17.118514,52.389993,97.27152],[17.118401,52.389933,97.274215],[17.118272,52.389867,97.398365],[17.11816,52.38979,97.396178],[17.117963,52.389664,97.135492],[17.117865,52.389595,97.008356],[17.117773,52.389513,96.806584],[17.117691,52.389429,96.538926],[17.117608,52.389328,96.370513],[17.117552,52.389241,96.185675],[17.117498,52.389155,96.273849],[17.117454,52.389058,96.375435],[17.117407,52.388957,96.301304],[17.117355,52.388856,96.257567],[17.117312,52.388748,96.279999],[17.117269,52.388647,96.269639],[17.117226,52.388541,96.355966],[17.117193,52.388439,96.366129],[17.117158,52.38834,96.384602],[17.117129,52.388236,96.310304],[17.117112,52.388133,96.187066],[17.117079,52.387995,96.119068],[17.117028,52.387893,96.083501],[17.117039,52.38779,96.083692],[17.11701,52.387694,95.972161],[17.116981,52.387585,95.850943],[17.116938,52.387482,95.805844],[17.116901,52.387368,95.693809],[17.116865,52.38726,95.749316],[17.116824,52.387165,95.713945],[17.116813,52.386992,95.467457],[17.116785,52.386822,95.405948],[17.116749,52.386667,95.455367],[17.116737,52.386548,95.503133],[17.11673,52.386453,95.885012],[17.116719,52.38631,96.074893],[17.116708,52.386163,96.018903],[17.116885,52.386052,95.856866],[17.116791,52.385945,96.379527],[17.116715,52.385862,97.384287],[17.116608,52.385748,97.436471],[17.115018,52.385792,96.601045],[17.114811,52.385809,96.4745],[17.114628,52.385925,96.489111],[17.114456,52.386046,96.425821],[17.114307,52.386205,96.069827],[17.114137,52.386307,96.083639],[17.113932,52.386374,95.598542],[17.113734,52.386432,95.642218],[17.113532,52.38648,95.882184],[17.113358,52.386726,95.84252],[17.113156,52.38674,95.82281],[17.112909,52.386757,95.680568],[17.112712,52.386771,95.419982],[17.112537,52.386783,95.755521],[17.112306,52.386783,95.419194],[17.112098,52.386804,94.834799],[17.111847,52.386821,94.710994],[17.111604,52.386838,94.492099],[17.111361,52.386848,94.252685],[17.111139,52.386877,94.012142],[17.110905,52.386893,93.92722],[17.110673,52.386908,93.593056],[17.110442,52.386923,93.452834],[17.110201,52.386939,93.373661],[17.109981,52.386954,93.362245],[17.109769,52.386967,93.316803],[17.109539,52.386981,93.444403],[17.109311,52.386995,93.296581],[17.109074,52.38701,93.382877],[17.10885,52.387023,93.37029],[17.108633,52.387036,93.641944],[17.108419,52.387049,93.592683],[17.108214,52.387061,93.643052],[17.10801,52.387073,93.647261],[17.107777,52.387087,93.609734],[17.10758,52.387099,93.883342],[17.107353,52.387112,93.814056],[17.107139,52.387125,93.71972],[17.106909,52.387138,93.636604],[17.106692,52.38715,93.675185],[17.106499,52.387161,93.284056],[17.106269,52.387174,93.55021],[17.106065,52.387185,93.311266],[17.105838,52.387196,93.328811],[17.105633,52.387206,93.080574],[17.105469,52.387214,93.099208],[17.105288,52.387224,93.103794],[17.105088,52.387234,92.997856],[17.104912,52.387243,93.103547],[17.104751,52.387251,93.271326],[17.1045,52.387267,93.241824],[17.104304,52.387279,93.994603],[17.104127,52.387292,95.17576],[17.103958,52.387299,95.88201],[17.103751,52.387303,95.781068],[17.103582,52.387336,95.520984],[17.103407,52.387354,94.899907],[17.103165,52.387371,94.507714],[17.10299,52.387377,94.143022],[17.102721,52.387382,94.04702],[17.102454,52.387394,93.995179],[17.102165,52.387426,93.991862],[17.101922,52.387441,93.882004],[17.101737,52.387453,94.241496],[17.101585,52.387463,94.097471],[17.101434,52.387472,93.756257],[17.101269,52.387483,93.641244],[17.101081,52.387495,93.881327],[17.100852,52.387509,94.308204],[17.100598,52.387525,94.790756],[17.100376,52.387539,94.717802],[17.100144,52.387554,94.446747],[17.099887,52.387558,94.18549],[17.099616,52.387575,94.161374],[17.099469,52.387586,94.272862],[17.0993,52.387607,94.270934],[17.09914,52.387617,94.530787],[17.098982,52.387627,94.62085],[17.098814,52.387637,94.800535],[17.098637,52.387648,94.891246],[17.098474,52.387658,94.858381],[17.098313,52.387668,94.471498],[17.098137,52.387673,94.660278],[17.097985,52.387686,94.692581],[17.097832,52.3877,94.946636],[17.09765,52.387715,95.214695],[17.097426,52.387731,95.612214],[17.09717,52.387741,95.651777],[17.096929,52.387755,95.726987],[17.096695,52.387769,95.622064],[17.096504,52.387779,95.340101],[17.096311,52.38779,95.254507],[17.096118,52.38782,95.097983],[17.095939,52.387834,94.889201],[17.095756,52.387847,94.690094],[17.095587,52.387859,94.335881],[17.095413,52.387873,94.229299],[17.09524,52.387883,94.123975],[17.095079,52.38789,93.875299],[17.094866,52.387903,93.525749],[17.094711,52.387913,93.709042],[17.094573,52.387952,93.149975],[17.094418,52.387962,92.813956],[17.094238,52.38795,92.190285],[17.094043,52.387975,92.085121],[17.093812,52.387982,92.140687],[17.093744,52.388113,91.921579],[17.093665,52.388221,91.814694],[17.093626,52.38831,91.498033],[17.093607,52.388406,92.477554],[17.093571,52.388506,93.623753],[17.093548,52.388606,93.861789],[17.093504,52.388718,93.725812],[17.09346,52.38882,93.797911],[17.093417,52.388925,93.478284],[17.093371,52.389027,93.085556],[17.093319,52.389141,92.46266],[17.0933,52.389271,92.021106],[17.093233,52.389399,92.16021],[17.093198,52.389527,92.442402],[17.093151,52.389653,92.372636],[17.093116,52.389793,92.643397],[17.093068,52.389932,92.680771],[17.093016,52.390056,93.10455],[17.092966,52.390181,93.203196],[17.092912,52.390302,93.258869],[17.092872,52.390425,93.248444],[17.092825,52.390547,93.402784],[17.092779,52.390661,93.497447],[17.09273,52.390793,93.565833],[17.092678,52.390915,93.819682],[17.092628,52.391037,93.765527],[17.092586,52.391149,93.935895],[17.092552,52.391262,93.942539],[17.092502,52.391372,94.105988],[17.092386,52.391555,94.135535],[17.092266,52.391689,94.02683],[17.092164,52.391767,93.856194],[17.092054,52.391863,93.616112],[17.091981,52.391964,93.805263],[17.091902,52.392075,93.813658],[17.091741,52.392168,93.949462],[17.091615,52.392074,93.931803],[17.091479,52.391954,94.366633],[17.091288,52.391877,93.919974],[17.091063,52.391756,93.741307],[17.090909,52.391696,93.833234],[17.090769,52.391627,94.12895],[17.090596,52.391527,94.38559],[17.090431,52.391453,94.451006],[17.090267,52.391389,94.624846],[17.090117,52.391311,94.619485],[17.08995,52.391227,94.6671],[17.089806,52.391147,94.250101],[17.089664,52.391078,94.200656],[17.089517,52.390999,94.342494],[17.089362,52.390922,94.408367],[17.089203,52.390846,94.525221],[17.089042,52.390769,94.431613],[17.088876,52.390688,94.342805],[17.088711,52.390609,94.134771],[17.088543,52.390528,94.079387],[17.088378,52.390454,94.040972],[17.088253,52.390402,93.938192],[17.088066,52.390337,93.744228],[17.087898,52.390273,93.618804],[17.087649,52.39018,93.495585],[17.087503,52.390126,93.496741],[17.087335,52.390065,93.489379],[17.08717,52.390004,93.319727],[17.086991,52.389941,93.21182],[17.086801,52.389874,93.200445],[17.086614,52.389805,93.038824],[17.086437,52.38974,92.984197],[17.086271,52.38968,92.892976],[17.086106,52.389622,92.770431],[17.085953,52.389569,92.692582],[17.085799,52.38952,92.70023],[17.085631,52.38947,92.804756],[17.085449,52.38942,92.924928],[17.085248,52.389371,93.064525],[17.085047,52.389326,93.236124],[17.084833,52.389281,93.356048],[17.084607,52.389239,93.42166],[17.08437,52.389202,93.460842],[17.084125,52.38917,93.360524],[17.08387,52.389143,93.244112],[17.083619,52.389122,93.040445],[17.083369,52.389107,92.927163],[17.083117,52.389095,92.742626],[17.082857,52.389085,92.688261],[17.082596,52.389075,92.619162],[17.082338,52.389064,92.467327],[17.082076,52.389053,92.364775],[17.081813,52.389042,92.278636],[17.081548,52.389032,92.102002],[17.081283,52.389025,91.974624],[17.081018,52.389021,91.90046],[17.080753,52.389018,91.822778],[17.080489,52.389015,91.736591],[17.080224,52.38901,91.650894],[17.079961,52.389006,91.625741],[17.079701,52.389003,91.570503],[17.079448,52.389,91.511751],[17.079201,52.388996,91.483631],[17.078959,52.388992,91.452612],[17.078726,52.38899,91.611195],[17.078496,52.388989,91.617881],[17.078266,52.38899,91.575576],[17.07803,52.388996,91.625524],[17.077792,52.389006,91.670246],[17.077553,52.38902,91.517473],[17.077317,52.389038,91.489566],[17.077094,52.389057,91.385583],[17.076893,52.389073,91.281706],[17.076707,52.389088,91.357357],[17.076536,52.389104,91.430422],[17.076382,52.389121,91.326748],[17.076146,52.389158,91.319941],[17.075982,52.389195,91.27563],[17.075836,52.389239,91.313625],[17.075698,52.389281,91.571617],[17.075586,52.389372,91.761143],[17.075513,52.389456,92.062918],[17.075345,52.389482,91.677174],[17.0752,52.389433,91.80116],[17.074965,52.389409,92.043883],[17.074816,52.389402,91.928106],[17.074652,52.389411,91.941808],[17.074474,52.389446,91.885175],[17.074274,52.389458,91.815621],[17.07407,52.389472,91.666573],[17.073858,52.389486,91.564305],[17.073634,52.389501,91.61688],[17.073399,52.389515,91.706285],[17.073157,52.389531,91.60292],[17.072915,52.389546,91.303493],[17.072673,52.389562,91.454549],[17.072436,52.38958,91.564516],[17.072207,52.389597,91.258092],[17.071982,52.389611,91.249343],[17.07176,52.389626,91.156518],[17.071542,52.389641,91.092294],[17.071314,52.389656,91.216153],[17.071081,52.389671,91.209728],[17.070845,52.3897,91.351302],[17.070614,52.389715,91.153852],[17.070393,52.38973,91.033618],[17.070185,52.389744,90.96582],[17.069994,52.389755,90.801549],[17.069815,52.389763,90.452355],[17.069645,52.389767,90.471117],[17.069485,52.389745,90.33276],[17.069336,52.389758,90.36068],[17.06911,52.389779,90.057701],[17.068951,52.389811,89.998467],[17.068811,52.389878,89.994486],[17.068627,52.389897,90.082668],[17.068455,52.389819,89.835144],[17.068441,52.389673,91.981799],[17.068594,52.389558,91.747171],[17.068657,52.389385,91.56304],[17.068659,52.389279,91.507531],[17.068719,52.389171,91.622348],[17.068668,52.389045,91.392131],[17.068659,52.388925,91.460053],[17.068657,52.388797,91.183878],[17.068661,52.388663,90.945411],[17.068663,52.388523,91.035172],[17.06866,52.388391,90.822469],[17.068659,52.388275,90.489652],[17.06866,52.388178,90.164363],[17.068657,52.388067,90.002529],[17.06865,52.387935,89.751738],[17.068394,52.387944,89.850584],[17.068185,52.388026,90.132837],[17.068054,52.388076,90.132136],[17.067928,52.388126,90.053169],[17.067788,52.388179,90.157914],[17.06764,52.388232,90.136418],[17.067482,52.388291,90.180411],[17.067314,52.388356,89.905262],[17.067145,52.388422,89.7038],[17.066979,52.388484,89.858708],[17.06683,52.388538,89.732436],[17.06661,52.388619,89.75147],[17.06646,52.388675,89.638357],[17.066292,52.388737,89.821282],[17.066149,52.388793,89.948457],[17.065928,52.388688,89.954309],[17.065818,52.388571,89.600987],[17.065726,52.388478,89.140787],[17.065618,52.388368,89.262775],[17.065495,52.38825,89.491205],[17.065363,52.388127,89.389435],[17.065275,52.388028,88.88505],[17.065185,52.387938,88.664309],[17.06509,52.387838,88.750216],[17.064876,52.387848,88.452485],[17.064683,52.387905,88.066901],[17.064617,52.38796,87.379331]]}},{"type":"Feature","properties":{"name":"Start","time":"2026-07-20T09:06:42Z"},"geometry":{"type":"Point","coordinates":[21.030277,52.236741,98.47744]}},{"type":"Feature","properties":{"name":"End","time":"2026-07-20T13:56:46Z"},"geometry":{"type":"Point","coordinates":[17.064617,52.38796,87.379331]}}]}