{"type":"FeatureCollection","features":[{"type":"Feature","geometry":{"type":"Point","coordinates":[16.828156,52.415771,0]},"properties":{"name":"2026-05-18 04:42:38 UTC","description":{"@type":"html","value":"<div><div><span><b>Altitude:</b></span> <span>0 ft</span></div>\n<div><span><b>Speed:</b></span> <span>0 kt</span></div>\n<div><span><b>Heading:</b></span> <span>191&deg;</span></div>\n</div>"},"icon-heading":191,"icon":"http://maps.google.com/mapfiles/kml/shapes/airports.png","timestamp":"2026-05-18T04:42:38+00:00"}},{"type":"Feature","geometry":{"type":"Point","coordinates":[16.828213,52.415977,0]},"properties":{"name":"2026-05-18 04:43:28 UTC","description":{"@type":"html","value":"<div><div><span><b>Altitude:</b></span> <span>0 ft</span></div>\n<div><span><b>Speed:</b></span> <span>2 kt</span></div>\n<div><span><b>Heading:</b></span> <span>194&deg;</span></div>\n</div>"},"icon-heading":194,"icon":"http://maps.google.com/mapfiles/kml/shapes/airports.png","timestamp":"2026-05-18T04:43:28+00:00"}},{"type":"Feature","geometry":{"type":"Point","coordinates":[16.828308,52.416191,0]},"properties":{"name":"2026-05-18 04:43:46 UTC","description":{"@type":"html","value":"<div><div><span><b>Altitude:</b></span> <span>0 ft</span></div>\n<div><span><b>Speed:</b></span> <span>2 kt</span></div>\n<div><span><b>Heading:</b></span> <span>177&deg;</span></div>\n</div>"},"icon-heading":177,"icon":"http://maps.google.com/mapfiles/kml/shapes/airports.png","timestamp":"2026-05-18T04:43:46+00:00"}},{"type":"Feature","geometry":{"type":"Point","coordinates":[16.828268,52.416401,0]},"properties":{"name":"2026-05-18 04:44:05 UTC","description":{"@type":"html","value":"<div><div><span><b>Altitude:</b></span> <span>0 ft</span></div>\n<div><span><b>Speed:</b></span> <span>3 kt</span></div>\n<div><span><b>Heading:</b></span> <span>146&deg;</span></div>\n</div>"},"icon-heading":146,"icon":"http://maps.google.com/mapfiles/kml/shapes/airports.png","timestamp":"2026-05-18T04:44:05+00:00"}},{"type":"Feature","geometry":{"type":"Point","coordinates":[16.82806,52.416595,0]},"properties":{"name":"2026-05-18 04:44:27 UTC","description":{"@type":"html","value":"<div><div><span><b>Altitude:</b></span> <span>0 ft</span></div>\n<div><span><b>Speed:</b></span> <span>2 kt</span></div>\n<div><span><b>Heading:</b></span> <span>118&deg;</span></div>\n</div>"},"icon-heading":118,"icon":"http://maps.google.com/mapfiles/kml/shapes/airports.png","timestamp":"2026-05-18T04:44:27+00:00"}},{"type":"Feature","geometry":{"type":"Point","coordinates":[16.82785,52.416664,0]},"properties":{"name":"2026-05-18 04:44:42 UTC","description":{"@type":"html","value":"<div><div><span><b>Altitude:</b></span> <span>0 ft</span></div>\n<div><span><b>Speed:</b></span> <span>0 kt</span></div>\n<div><span><b>Heading:</b></span> <span>98&deg;</span></div>\n</div>"},"icon-heading":98,"icon":"http://maps.google.com/mapfiles/kml/shapes/airports.png","timestamp":"2026-05-18T04:44:42+00:00"}},{"type":"Feature","geometry":{"type":"Point","coordinates":[16.827641,52.416687,0]},"properties":{"name":"2026-05-18 04:44:57 UTC","description":{"@type":"html","value":"<div><div><span><b>Altitude:</b></span> <span>0 ft</span></div>\n<div><span><b>Speed:</b></span> <span>0 kt</span></div>\n<div><span><b>Heading:</b></span> <span>92&deg;</span></div>\n</div>"},"icon-heading":92,"icon":"http://maps.google.com/mapfiles/kml/shapes/airports.png","timestamp":"2026-05-18T04:44:57+00:00"}},{"type":"Feature","geometry":{"type":"Point","coordinates":[16.827888,52.416687,0]},"properties":{"name":"2026-05-18 04:47:33 UTC","description":{"@type":"html","value":"<div><div><span><b>Altitude:</b></span> <span>0 ft</span></div>\n<div><span><b>Speed:</b></span> <span>5 kt</span></div>\n<div><span><b>Heading:</b></span> <span>92&deg;</span></div>\n</div>"},"icon-heading":92,"icon":"http://maps.google.com/mapfiles/kml/shapes/airports.png","timestamp":"2026-05-18T04:47:33+00:00"}},{"type":"Feature","geometry":{"type":"Point","coordinates":[16.828232,52.416676,0]},"properties":{"name":"2026-05-18 04:47:40 UTC","description":{"@type":"html","value":"<div><div><span><b>Altitude:</b></span> <span>0 ft</span></div>\n<div><span><b>Speed:</b></span> <span>8 kt</span></div>\n<div><span><b>Heading:</b></span> <span>92&deg;</span></div>\n</div>"},"icon-heading":92,"icon":"http://maps.google.com/mapfiles/kml/shapes/airports.png","timestamp":"2026-05-18T04:47:40+00:00"}},{"type":"Feature","geometry":{"type":"Point","coordinates":[16.828613,52.416641,0]},"properties":{"name":"2026-05-18 04:47:45 UTC","description":{"@type":"html","value":"<div><div><span><b>Altitude:</b></span> <span>0 ft</span></div>\n<div><span><b>Speed:</b></span> <span>9 kt</span></div>\n<div><span><b>Heading:</b></span> <span>98&deg;</span></div>\n</div>"},"icon-heading":98,"icon":"http://maps.google.com/mapfiles/kml/shapes/airports.png","timestamp":"2026-05-18T04:47:45+00:00"}},{"type":"Feature","geometry":{"type":"Point","coordinates":[16.828861,52.416607,0]},"properties":{"name":"2026-05-18 04:47:49 UTC","description":{"@type":"html","value":"<div><div><span><b>Altitude:</b></span> <span>0 ft</span></div>\n<div><span><b>Speed:</b></span> <span>10 kt</span></div>\n<div><span><b>Heading:</b></span> <span>101&deg;</span></div>\n</div>"},"icon-heading":101,"icon":"http://maps.google.com/mapfiles/kml/shapes/airports.png","timestamp":"2026-05-18T04:47:49+00:00"}},{"type":"Feature","geometry":{"type":"Point","coordinates":[16.829113,52.416576,0]},"properties":{"name":"2026-05-18 04:47:51 UTC","description":{"@type":"html","value":"<div><div><span><b>Altitude:</b></span> <span>0 ft</span></div>\n<div><span><b>Speed:</b></span> <span>11 kt</span></div>\n<div><span><b>Heading:</b></span> <span>101&deg;</span></div>\n</div>"},"icon-heading":101,"icon":"http://maps.google.com/mapfiles/kml/shapes/airports.png","timestamp":"2026-05-18T04:47:51+00:00"}},{"type":"Feature","geometry":{"type":"Point","coordinates":[16.829388,52.416538,0]},"properties":{"name":"2026-05-18 04:47:55 UTC","description":{"@type":"html","value":"<div><div><span><b>Altitude:</b></span> <span>0 ft</span></div>\n<div><span><b>Speed:</b></span> <span>11 kt</span></div>\n<div><span><b>Heading:</b></span> <span>104&deg;</span></div>\n</div>"},"icon-heading":104,"icon":"http://maps.google.com/mapfiles/kml/shapes/airports.png","timestamp":"2026-05-18T04:47:55+00:00"}},{"type":"Feature","geometry":{"type":"Point","coordinates":[16.829622,52.416504,0]},"properties":{"name":"2026-05-18 04:47:57 UTC","description":{"@type":"html","value":"<div><div><span><b>Altitude:</b></span> <span>0 ft</span></div>\n<div><span><b>Speed:</b></span> <span>12 kt</span></div>\n<div><span><b>Heading:</b></span> <span>104&deg;</span></div>\n</div>"},"icon-heading":104,"icon":"http://maps.google.com/mapfiles/kml/shapes/airports.png","timestamp":"2026-05-18T04:47:57+00:00"}},{"type":"Feature","geometry":{"type":"Point","coordinates":[16.829853,52.416481,0]},"properties":{"name":"2026-05-18 04:48:00 UTC","description":{"@type":"html","value":"<div><div><span><b>Altitude:</b></span> <span>0 ft</span></div>\n<div><span><b>Speed:</b></span> <span>13 kt</span></div>\n<div><span><b>Heading:</b></span> <span>101&deg;</span></div>\n</div>"},"icon-heading":101,"icon":"http://maps.google.com/mapfiles/kml/shapes/airports.png","timestamp":"2026-05-18T04:48:00+00:00"}},{"type":"Feature","geometry":{"type":"Point","coordinates":[16.830158,52.416435,0]},"properties":{"name":"2026-05-18 04:48:02 UTC","description":{"@type":"html","value":"<div><div><span><b>Altitude:</b></span> <span>0 ft</span></div>\n<div><span><b>Speed:</b></span> <span>13 kt</span></div>\n<div><span><b>Heading:</b></span> <span>104&deg;</span></div>\n</div>"},"icon-heading":104,"icon":"http://maps.google.com/mapfiles/kml/shapes/airports.png","timestamp":"2026-05-18T04:48:02+00:00"}},{"type":"Feature","geometry":{"type":"Point","coordinates":[16.830505,52.416378,0]},"properties":{"name":"2026-05-18 04:48:06 UTC","description":{"@type":"html","value":"<div><div><span><b>Altitude:</b></span> <span>0 ft</span></div>\n<div><span><b>Speed:</b></span> <span>14 kt</span></div>\n<div><span><b>Heading:</b></span> <span>104&deg;</span></div>\n</div>"},"icon-heading":104,"icon":"http://maps.google.com/mapfiles/kml/shapes/airports.png","timestamp":"2026-05-18T04:48:06+00:00"}},{"type":"Feature","geometry":{"type":"Point","coordinates":[16.830807,52.416344,0]},"properties":{"name":"2026-05-18 04:48:09 UTC","description":{"@type":"html","value":"<div><div><span><b>Altitude:</b></span> <span>0 ft</span></div>\n<div><span><b>Speed:</b></span> <span>15 kt</span></div>\n<div><span><b>Heading:</b></span> <span>104&deg;</span></div>\n</div>"},"icon-heading":104,"icon":"http://maps.google.com/mapfiles/kml/shapes/airports.png","timestamp":"2026-05-18T04:48:09+00:00"}},{"type":"Feature","geometry":{"type":"Point","coordinates":[16.831036,52.416306,0]},"properties":{"name":"2026-05-18 04:48:11 UTC","description":{"@type":"html","value":"<div><div><span><b>Altitude:</b></span> <span>0 ft</span></div>\n<div><span><b>Speed:</b></span> <span>15 kt</span></div>\n<div><span><b>Heading:</b></span> <span>104&deg;</span></div>\n</div>"},"icon-heading":104,"icon":"http://maps.google.com/mapfiles/kml/shapes/airports.png","timestamp":"2026-05-18T04:48:11+00:00"}},{"type":"Feature","geometry":{"type":"Point","coordinates":[16.831303,52.416275,0]},"properties":{"name":"2026-05-18 04:48:14 UTC","description":{"@type":"html","value":"<div><div><span><b>Altitude:</b></span> <span>0 ft</span></div>\n<div><span><b>Speed:</b></span> <span>15 kt</span></div>\n<div><span><b>Heading:</b></span> <span>104&deg;</span></div>\n</div>"},"icon-heading":104,"icon":"http://maps.google.com/mapfiles/kml/shapes/airports.png","timestamp":"2026-05-18T04:48:14+00:00"}},{"type":"Feature","geometry":{"type":"Point","coordinates":[16.83157,52.416229,0]},"properties":{"name":"2026-05-18 04:48:16 UTC","description":{"@type":"html","value":"<div><div><span><b>Altitude:</b></span> <span>0 ft</span></div>\n<div><span><b>Speed:</b></span> <span>13 kt</span></div>\n<div><span><b>Heading:</b></span> <span>104&deg;</span></div>\n</div>"},"icon-heading":104,"icon":"http://maps.google.com/mapfiles/kml/shapes/airports.png","timestamp":"2026-05-18T04:48:16+00:00"}},{"type":"Feature","geometry":{"type":"Point","coordinates":[16.831837,52.416195,0]},"properties":{"name":"2026-05-18 04:48:19 UTC","description":{"@type":"html","value":"<div><div><span><b>Altitude:</b></span> <span>0 ft</span></div>\n<div><span><b>Speed:</b></span> <span>14 kt</span></div>\n<div><span><b>Heading:</b></span> <span>104&deg;</span></div>\n</div>"},"icon-heading":104,"icon":"http://maps.google.com/mapfiles/kml/shapes/airports.png","timestamp":"2026-05-18T04:48:19+00:00"}},{"type":"Feature","geometry":{"type":"Point","coordinates":[16.832104,52.416161,0]},"properties":{"name":"2026-05-18 04:48:21 UTC","description":{"@type":"html","value":"<div><div><span><b>Altitude:</b></span> <span>0 ft</span></div>\n<div><span><b>Speed:</b></span> <span>14 kt</span></div>\n<div><span><b>Heading:</b></span> <span>101&deg;</span></div>\n</div>"},"icon-heading":101,"icon":"http://maps.google.com/mapfiles/kml/shapes/airports.png","timestamp":"2026-05-18T04:48:21+00:00"}},{"type":"Feature","geometry":{"type":"Point","coordinates":[16.832333,52.416126,0]},"properties":{"name":"2026-05-18 04:48:23 UTC","description":{"@type":"html","value":"<div><div><span><b>Altitude:</b></span> <span>0 ft</span></div>\n<div><span><b>Speed:</b></span> <span>15 kt</span></div>\n<div><span><b>Heading:</b></span> <span>101&deg;</span></div>\n</div>"},"icon-heading":101,"icon":"http://maps.google.com/mapfiles/kml/shapes/airports.png","timestamp":"2026-05-18T04:48:23+00:00"}},{"type":"Feature","geometry":{"type":"Point","coordinates":[16.832619,52.416092,0]},"properties":{"name":"2026-05-18 04:48:26 UTC","description":{"@type":"html","value":"<div><div><span><b>Altitude:</b></span> <span>0 ft</span></div>\n<div><span><b>Speed:</b></span> <span>15 kt</span></div>\n<div><span><b>Heading:</b></span> <span>104&deg;</span></div>\n</div>"},"icon-heading":104,"icon":"http://maps.google.com/mapfiles/kml/shapes/airports.png","timestamp":"2026-05-18T04:48:26+00:00"}},{"type":"Feature","geometry":{"type":"Point","coordinates":[16.832848,52.416058,0]},"properties":{"name":"2026-05-18 04:48:28 UTC","description":{"@type":"html","value":"<div><div><span><b>Altitude:</b></span> <span>0 ft</span></div>\n<div><span><b>Speed:</b></span> <span>15 kt</span></div>\n<div><span><b>Heading:</b></span> <span>104&deg;</span></div>\n</div>"},"icon-heading":104,"icon":"http://maps.google.com/mapfiles/kml/shapes/airports.png","timestamp":"2026-05-18T04:48:28+00:00"}},{"type":"Feature","geometry":{"type":"Point","coordinates":[16.83321,52.416012,0]},"properties":{"name":"2026-05-18 04:48:30 UTC","description":{"@type":"html","value":"<div><div><span><b>Altitude:</b></span> <span>0 ft</span></div>\n<div><span><b>Speed:</b></span> <span>16 kt</span></div>\n<div><span><b>Heading:</b></span> <span>101&deg;</span></div>\n</div>"},"icon-heading":101,"icon":"http://maps.google.com/mapfiles/kml/shapes/airports.png","timestamp":"2026-05-18T04:48:30+00:00"}},{"type":"Feature","geometry":{"type":"Point","coordinates":[16.833487,52.415981,0]},"properties":{"name":"2026-05-18 04:48:33 UTC","description":{"@type":"html","value":"<div><div><span><b>Altitude:</b></span> <span>0 ft</span></div>\n<div><span><b>Speed:</b></span> <span>17 kt</span></div>\n<div><span><b>Heading:</b></span> <span>101&deg;</span></div>\n</div>"},"icon-heading":101,"icon":"http://maps.google.com/mapfiles/kml/shapes/airports.png","timestamp":"2026-05-18T04:48:33+00:00"}},{"type":"Feature","geometry":{"type":"Point","coordinates":[16.833839,52.41592,0]},"properties":{"name":"2026-05-18 04:48:35 UTC","description":{"@type":"html","value":"<div><div><span><b>Altitude:</b></span> <span>0 ft</span></div>\n<div><span><b>Speed:</b></span> <span>16 kt</span></div>\n<div><span><b>Heading:</b></span> <span>104&deg;</span></div>\n</div>"},"icon-heading":104,"icon":"http://maps.google.com/mapfiles/kml/shapes/airports.png","timestamp":"2026-05-18T04:48:35+00:00"}},{"type":"Feature","geometry":{"type":"Point","coordinates":[16.834076,52.41589,0]},"properties":{"name":"2026-05-18 04:48:38 UTC","description":{"@type":"html","value":"<div><div><span><b>Altitude:</b></span> <span>0 ft</span></div>\n<div><span><b>Speed:</b></span> <span>15 kt</span></div>\n<div><span><b>Heading:</b></span> <span>101&deg;</span></div>\n</div>"},"icon-heading":101,"icon":"http://maps.google.com/mapfiles/kml/shapes/airports.png","timestamp":"2026-05-18T04:48:38+00:00"}},{"type":"Feature","geometry":{"type":"Point","coordinates":[16.834351,52.415852,0]},"properties":{"name":"2026-05-18 04:48:40 UTC","description":{"@type":"html","value":"<div><div><span><b>Altitude:</b></span> <span>0 ft</span></div>\n<div><span><b>Speed:</b></span> <span>15 kt</span></div>\n<div><span><b>Heading:</b></span> <span>101&deg;</span></div>\n</div>"},"icon-heading":101,"icon":"http://maps.google.com/mapfiles/kml/shapes/airports.png","timestamp":"2026-05-18T04:48:40+00:00"}},{"type":"Feature","geometry":{"type":"Point","coordinates":[16.834743,52.415806,0]},"properties":{"name":"2026-05-18 04:48:43 UTC","description":{"@type":"html","value":"<div><div><span><b>Altitude:</b></span> <span>0 ft</span></div>\n<div><span><b>Speed:</b></span> <span>16 kt</span></div>\n<div><span><b>Heading:</b></span> <span>101&deg;</span></div>\n</div>"},"icon-heading":101,"icon":"http://maps.google.com/mapfiles/kml/shapes/airports.png","timestamp":"2026-05-18T04:48:43+00:00"}},{"type":"Feature","geometry":{"type":"Point","coordinates":[16.835022,52.415771,0]},"properties":{"name":"2026-05-18 04:48:46 UTC","description":{"@type":"html","value":"<div><div><span><b>Altitude:</b></span> <span>0 ft</span></div>\n<div><span><b>Speed:</b></span> <span>16 kt</span></div>\n<div><span><b>Heading:</b></span> <span>101&deg;</span></div>\n</div>"},"icon-heading":101,"icon":"http://maps.google.com/mapfiles/kml/shapes/airports.png","timestamp":"2026-05-18T04:48:46+00:00"}},{"type":"Feature","geometry":{"type":"Point","coordinates":[16.835352,52.415726,0]},"properties":{"name":"2026-05-18 04:48:48 UTC","description":{"@type":"html","value":"<div><div><span><b>Altitude:</b></span> <span>0 ft</span></div>\n<div><span><b>Speed:</b></span> <span>17 kt</span></div>\n<div><span><b>Heading:</b></span> <span>98&deg;</span></div>\n</div>"},"icon-heading":98,"icon":"http://maps.google.com/mapfiles/kml/shapes/airports.png","timestamp":"2026-05-18T04:48:48+00:00"}},{"type":"Feature","geometry":{"type":"Point","coordinates":[16.835632,52.415714,0]},"properties":{"name":"2026-05-18 04:48:50 UTC","description":{"@type":"html","value":"<div><div><span><b>Altitude:</b></span> <span>0 ft</span></div>\n<div><span><b>Speed:</b></span> <span>17 kt</span></div>\n<div><span><b>Heading:</b></span> <span>95&deg;</span></div>\n</div>"},"icon-heading":95,"icon":"http://maps.google.com/mapfiles/kml/shapes/airports.png","timestamp":"2026-05-18T04:48:50+00:00"}},{"type":"Feature","geometry":{"type":"Point","coordinates":[16.835976,52.415691,0]},"properties":{"name":"2026-05-18 04:48:53 UTC","description":{"@type":"html","value":"<div><div><span><b>Altitude:</b></span> <span>0 ft</span></div>\n<div><span><b>Speed:</b></span> <span>17 kt</span></div>\n<div><span><b>Heading:</b></span> <span>92&deg;</span></div>\n</div>"},"icon-heading":92,"icon":"http://maps.google.com/mapfiles/kml/shapes/airports.png","timestamp":"2026-05-18T04:48:53+00:00"}},{"type":"Feature","geometry":{"type":"Point","coordinates":[16.836273,52.41568,0]},"properties":{"name":"2026-05-18 04:48:55 UTC","description":{"@type":"html","value":"<div><div><span><b>Altitude:</b></span> <span>0 ft</span></div>\n<div><span><b>Speed:</b></span> <span>18 kt</span></div>\n<div><span><b>Heading:</b></span> <span>92&deg;</span></div>\n</div>"},"icon-heading":92,"icon":"http://maps.google.com/mapfiles/kml/shapes/airports.png","timestamp":"2026-05-18T04:48:55+00:00"}},{"type":"Feature","geometry":{"type":"Point","coordinates":[16.836643,52.415668,0]},"properties":{"name":"2026-05-18 04:48:57 UTC","description":{"@type":"html","value":"<div><div><span><b>Altitude:</b></span> <span>0 ft</span></div>\n<div><span><b>Speed:</b></span> <span>18 kt</span></div>\n<div><span><b>Heading:</b></span> <span>92&deg;</span></div>\n</div>"},"icon-heading":92,"icon":"http://maps.google.com/mapfiles/kml/shapes/airports.png","timestamp":"2026-05-18T04:48:57+00:00"}},{"type":"Feature","geometry":{"type":"Point","coordinates":[16.836967,52.415657,0]},"properties":{"name":"2026-05-18 04:49:00 UTC","description":{"@type":"html","value":"<div><div><span><b>Altitude:</b></span> <span>0 ft</span></div>\n<div><span><b>Speed:</b></span> <span>17 kt</span></div>\n<div><span><b>Heading:</b></span> <span>92&deg;</span></div>\n</div>"},"icon-heading":92,"icon":"http://maps.google.com/mapfiles/kml/shapes/airports.png","timestamp":"2026-05-18T04:49:00+00:00"}},{"type":"Feature","geometry":{"type":"Point","coordinates":[16.837311,52.415657,0]},"properties":{"name":"2026-05-18 04:49:03 UTC","description":{"@type":"html","value":"<div><div><span><b>Altitude:</b></span> <span>0 ft</span></div>\n<div><span><b>Speed:</b></span> <span>16 kt</span></div>\n<div><span><b>Heading:</b></span> <span>92&deg;</span></div>\n</div>"},"icon-heading":92,"icon":"http://maps.google.com/mapfiles/kml/shapes/airports.png","timestamp":"2026-05-18T04:49:03+00:00"}},{"type":"Feature","geometry":{"type":"Point","coordinates":[16.837587,52.415642,0]},"properties":{"name":"2026-05-18 04:49:05 UTC","description":{"@type":"html","value":"<div><div><span><b>Altitude:</b></span> <span>0 ft</span></div>\n<div><span><b>Speed:</b></span> <span>15 kt</span></div>\n<div><span><b>Heading:</b></span> <span>92&deg;</span></div>\n</div>"},"icon-heading":92,"icon":"http://maps.google.com/mapfiles/kml/shapes/airports.png","timestamp":"2026-05-18T04:49:05+00:00"}},{"type":"Feature","geometry":{"type":"Point","coordinates":[16.837803,52.41563,0]},"properties":{"name":"2026-05-18 04:49:07 UTC","description":{"@type":"html","value":"<div><div><span><b>Altitude:</b></span> <span>0 ft</span></div>\n<div><span><b>Speed:</b></span> <span>14 kt</span></div>\n<div><span><b>Heading:</b></span> <span>92&deg;</span></div>\n</div>"},"icon-heading":92,"icon":"http://maps.google.com/mapfiles/kml/shapes/airports.png","timestamp":"2026-05-18T04:49:07+00:00"}},{"type":"Feature","geometry":{"type":"Point","coordinates":[16.838398,52.415623,0]},"properties":{"name":"2026-05-18 04:49:13 UTC","description":{"@type":"html","value":"<div><div><span><b>Altitude:</b></span> <span>0 ft</span></div>\n<div><span><b>Speed:</b></span> <span>13 kt</span></div>\n<div><span><b>Heading:</b></span> <span>84&deg;</span></div>\n</div>"},"icon-heading":84,"icon":"http://maps.google.com/mapfiles/kml/shapes/airports.png","timestamp":"2026-05-18T04:49:13+00:00"}},{"type":"Feature","geometry":{"type":"Point","coordinates":[16.838608,52.415668,0]},"properties":{"name":"2026-05-18 04:49:15 UTC","description":{"@type":"html","value":"<div><div><span><b>Altitude:</b></span> <span>0 ft</span></div>\n<div><span><b>Speed:</b></span> <span>13 kt</span></div>\n<div><span><b>Heading:</b></span> <span>73&deg;</span></div>\n</div>"},"icon-heading":73,"icon":"http://maps.google.com/mapfiles/kml/shapes/airports.png","timestamp":"2026-05-18T04:49:15+00:00"}},{"type":"Feature","geometry":{"type":"Point","coordinates":[16.838837,52.415737,0]},"properties":{"name":"2026-05-18 04:49:18 UTC","description":{"@type":"html","value":"<div><div><span><b>Altitude:</b></span> <span>0 ft</span></div>\n<div><span><b>Speed:</b></span> <span>14 kt</span></div>\n<div><span><b>Heading:</b></span> <span>64&deg;</span></div>\n</div>"},"icon-heading":64,"icon":"http://maps.google.com/mapfiles/kml/shapes/airports.png","timestamp":"2026-05-18T04:49:18+00:00"}},{"type":"Feature","geometry":{"type":"Point","coordinates":[16.839104,52.415874,0]},"properties":{"name":"2026-05-18 04:49:21 UTC","description":{"@type":"html","value":"<div><div><span><b>Altitude:</b></span> <span>0 ft</span></div>\n<div><span><b>Speed:</b></span> <span>13 kt</span></div>\n<div><span><b>Heading:</b></span> <span>50&deg;</span></div>\n</div>"},"icon-heading":50,"icon":"http://maps.google.com/mapfiles/kml/shapes/airports.png","timestamp":"2026-05-18T04:49:21+00:00"}},{"type":"Feature","geometry":{"type":"Point","coordinates":[16.839314,52.415993,0]},"properties":{"name":"2026-05-18 04:49:25 UTC","description":{"@type":"html","value":"<div><div><span><b>Altitude:</b></span> <span>0 ft</span></div>\n<div><span><b>Speed:</b></span> <span>12 kt</span></div>\n<div><span><b>Heading:</b></span> <span>47&deg;</span></div>\n</div>"},"icon-heading":47,"icon":"http://maps.google.com/mapfiles/kml/shapes/airports.png","timestamp":"2026-05-18T04:49:25+00:00"}},{"type":"Feature","geometry":{"type":"Point","coordinates":[16.839561,52.416149,0]},"properties":{"name":"2026-05-18 04:49:28 UTC","description":{"@type":"html","value":"<div><div><span><b>Altitude:</b></span> <span>0 ft</span></div>\n<div><span><b>Speed:</b></span> <span>12 kt</span></div>\n<div><span><b>Heading:</b></span> <span>45&deg;</span></div>\n</div>"},"icon-heading":45,"icon":"http://maps.google.com/mapfiles/kml/shapes/airports.png","timestamp":"2026-05-18T04:49:28+00:00"}},{"type":"Feature","geometry":{"type":"Point","coordinates":[16.839828,52.416401,0]},"properties":{"name":"2026-05-18 04:49:33 UTC","description":{"@type":"html","value":"<div><div><span><b>Altitude:</b></span> <span>0 ft</span></div>\n<div><span><b>Speed:</b></span> <span>13 kt</span></div>\n<div><span><b>Heading:</b></span> <span>28&deg;</span></div>\n</div>"},"icon-heading":28,"icon":"http://maps.google.com/mapfiles/kml/shapes/airports.png","timestamp":"2026-05-18T04:49:33+00:00"}},{"type":"Feature","geometry":{"type":"Point","coordinates":[16.839981,52.416645,0]},"properties":{"name":"2026-05-18 04:49:38 UTC","description":{"@type":"html","value":"<div><div><span><b>Altitude:</b></span> <span>0 ft</span></div>\n<div><span><b>Speed:</b></span> <span>14 kt</span></div>\n<div><span><b>Heading:</b></span> <span>22&deg;</span></div>\n</div>"},"icon-heading":22,"icon":"http://maps.google.com/mapfiles/kml/shapes/airports.png","timestamp":"2026-05-18T04:49:38+00:00"}},{"type":"Feature","geometry":{"type":"Point","coordinates":[16.840178,52.416935,0]},"properties":{"name":"2026-05-18 04:49:42 UTC","description":{"@type":"html","value":"<div><div><span><b>Altitude:</b></span> <span>0 ft</span></div>\n<div><span><b>Speed:</b></span> <span>14 kt</span></div>\n<div><span><b>Heading:</b></span> <span>19&deg;</span></div>\n</div>"},"icon-heading":19,"icon":"http://maps.google.com/mapfiles/kml/shapes/airports.png","timestamp":"2026-05-18T04:49:42+00:00"}},{"type":"Feature","geometry":{"type":"Point","coordinates":[16.840334,52.417191,0]},"properties":{"name":"2026-05-18 04:49:47 UTC","description":{"@type":"html","value":"<div><div><span><b>Altitude:</b></span> <span>0 ft</span></div>\n<div><span><b>Speed:</b></span> <span>14 kt</span></div>\n<div><span><b>Heading:</b></span> <span>19&deg;</span></div>\n</div>"},"icon-heading":19,"icon":"http://maps.google.com/mapfiles/kml/shapes/airports.png","timestamp":"2026-05-18T04:49:47+00:00"}},{"type":"Feature","geometry":{"type":"Point","coordinates":[16.840477,52.417431,0]},"properties":{"name":"2026-05-18 04:49:51 UTC","description":{"@type":"html","value":"<div><div><span><b>Altitude:</b></span> <span>0 ft</span></div>\n<div><span><b>Speed:</b></span> <span>14 kt</span></div>\n<div><span><b>Heading:</b></span> <span>19&deg;</span></div>\n</div>"},"icon-heading":19,"icon":"http://maps.google.com/mapfiles/kml/shapes/airports.png","timestamp":"2026-05-18T04:49:51+00:00"}},{"type":"Feature","geometry":{"type":"Point","coordinates":[16.840708,52.41782,0]},"properties":{"name":"2026-05-18 04:49:58 UTC","description":{"@type":"html","value":"<div><div><span><b>Altitude:</b></span> <span>0 ft</span></div>\n<div><span><b>Speed:</b></span> <span>12 kt</span></div>\n<div><span><b>Heading:</b></span> <span>19&deg;</span></div>\n</div>"},"icon-heading":19,"icon":"http://maps.google.com/mapfiles/kml/shapes/airports.png","timestamp":"2026-05-18T04:49:58+00:00"}},{"type":"Feature","geometry":{"type":"Point","coordinates":[16.840744,52.418083,0]},"properties":{"name":"2026-05-18 04:50:03 UTC","description":{"@type":"html","value":"<div><div><span><b>Altitude:</b></span> <span>0 ft</span></div>\n<div><span><b>Speed:</b></span> <span>11 kt</span></div>\n<div><span><b>Heading:</b></span> <span>8&deg;</span></div>\n</div>"},"icon-heading":8,"icon":"http://maps.google.com/mapfiles/kml/shapes/airports.png","timestamp":"2026-05-18T04:50:03+00:00"}},{"type":"Feature","geometry":{"type":"Point","coordinates":[16.840553,52.418289,0]},"properties":{"name":"2026-05-18 04:50:08 UTC","description":{"@type":"html","value":"<div><div><span><b>Altitude:</b></span> <span>0 ft</span></div>\n<div><span><b>Speed:</b></span> <span>11 kt</span></div>\n<div><span><b>Heading:</b></span> <span>323&deg;</span></div>\n</div>"},"icon-heading":323,"icon":"http://maps.google.com/mapfiles/kml/shapes/airports.png","timestamp":"2026-05-18T04:50:08+00:00"}},{"type":"Feature","geometry":{"type":"Point","coordinates":[16.840343,52.418346,0]},"properties":{"name":"2026-05-18 04:50:10 UTC","description":{"@type":"html","value":"<div><div><span><b>Altitude:</b></span> <span>0 ft</span></div>\n<div><span><b>Speed:</b></span> <span>11 kt</span></div>\n<div><span><b>Heading:</b></span> <span>303&deg;</span></div>\n</div>"},"icon-heading":303,"icon":"http://maps.google.com/mapfiles/kml/shapes/airports.png","timestamp":"2026-05-18T04:50:10+00:00"}},{"type":"Feature","geometry":{"type":"Point","coordinates":[16.840115,52.418392,0]},"properties":{"name":"2026-05-18 04:50:13 UTC","description":{"@type":"html","value":"<div><div><span><b>Altitude:</b></span> <span>0 ft</span></div>\n<div><span><b>Speed:</b></span> <span>13 kt</span></div>\n<div><span><b>Heading:</b></span> <span>289&deg;</span></div>\n</div>"},"icon-heading":289,"icon":"http://maps.google.com/mapfiles/kml/shapes/airports.png","timestamp":"2026-05-18T04:50:13+00:00"}},{"type":"Feature","geometry":{"type":"Point","coordinates":[16.839706,52.418461,0]},"properties":{"name":"2026-05-18 04:50:16 UTC","description":{"@type":"html","value":"<div><div><span><b>Altitude:</b></span> <span>0 ft</span></div>\n<div><span><b>Speed:</b></span> <span>17 kt</span></div>\n<div><span><b>Heading:</b></span> <span>286&deg;</span></div>\n</div>"},"icon-heading":286,"icon":"http://maps.google.com/mapfiles/kml/shapes/airports.png","timestamp":"2026-05-18T04:50:16+00:00"}},{"type":"Feature","geometry":{"type":"Point","coordinates":[16.839294,52.418541,0]},"properties":{"name":"2026-05-18 04:50:18 UTC","description":{"@type":"html","value":"<div><div><span><b>Altitude:</b></span> <span>0 ft</span></div>\n<div><span><b>Speed:</b></span> <span>23 kt</span></div>\n<div><span><b>Heading:</b></span> <span>286&deg;</span></div>\n</div>"},"icon-heading":286,"icon":"http://maps.google.com/mapfiles/kml/shapes/airports.png","timestamp":"2026-05-18T04:50:18+00:00"}},{"type":"Feature","geometry":{"type":"Point","coordinates":[16.839039,52.418587,0]},"properties":{"name":"2026-05-18 04:50:19 UTC","description":{"@type":"html","value":"<div><div><span><b>Altitude:</b></span> <span>0 ft</span></div>\n<div><span><b>Speed:</b></span> <span>27 kt</span></div>\n<div><span><b>Heading:</b></span> <span>289&deg;</span></div>\n</div>"},"icon-heading":289,"icon":"http://maps.google.com/mapfiles/kml/shapes/airports.png","timestamp":"2026-05-18T04:50:19+00:00"}},{"type":"Feature","geometry":{"type":"Point","coordinates":[16.838745,52.418648,0]},"properties":{"name":"2026-05-18 04:50:20 UTC","description":{"@type":"html","value":"<div><div><span><b>Altitude:</b></span> <span>0 ft</span></div>\n<div><span><b>Speed:</b></span> <span>32 kt</span></div>\n<div><span><b>Heading:</b></span> <span>289&deg;</span></div>\n</div>"},"icon-heading":289,"icon":"http://maps.google.com/mapfiles/kml/shapes/airports.png","timestamp":"2026-05-18T04:50:20+00:00"}},{"type":"Feature","geometry":{"type":"Point","coordinates":[16.838417,52.418713,0]},"properties":{"name":"2026-05-18 04:50:21 UTC","description":{"@type":"html","value":"<div><div><span><b>Altitude:</b></span> <span>0 ft</span></div>\n<div><span><b>Speed:</b></span> <span>37 kt</span></div>\n<div><span><b>Heading:</b></span> <span>289&deg;</span></div>\n</div>"},"icon-heading":289,"icon":"http://maps.google.com/mapfiles/kml/shapes/airports.png","timestamp":"2026-05-18T04:50:21+00:00"}},{"type":"Feature","geometry":{"type":"Point","coordinates":[16.838058,52.418785,0]},"properties":{"name":"2026-05-18 04:50:22 UTC","description":{"@type":"html","value":"<div><div><span><b>Altitude:</b></span> <span>0 ft</span></div>\n<div><span><b>Speed:</b></span> <span>43 kt</span></div>\n<div><span><b>Heading:</b></span> <span>286&deg;</span></div>\n</div>"},"icon-heading":286,"icon":"http://maps.google.com/mapfiles/kml/shapes/airports.png","timestamp":"2026-05-18T04:50:22+00:00"}},{"type":"Feature","geometry":{"type":"Point","coordinates":[16.837666,52.418869,0]},"properties":{"name":"2026-05-18 04:50:23 UTC","description":{"@type":"html","value":"<div><div><span><b>Altitude:</b></span> <span>0 ft</span></div>\n<div><span><b>Speed:</b></span> <span>48 kt</span></div>\n<div><span><b>Heading:</b></span> <span>286&deg;</span></div>\n</div>"},"icon-heading":286,"icon":"http://maps.google.com/mapfiles/kml/shapes/airports.png","timestamp":"2026-05-18T04:50:23+00:00"}},{"type":"Feature","geometry":{"type":"Point","coordinates":[16.837215,52.418953,0]},"properties":{"name":"2026-05-18 04:50:24 UTC","description":{"@type":"html","value":"<div><div><span><b>Altitude:</b></span> <span>0 ft</span></div>\n<div><span><b>Speed:</b></span> <span>53 kt</span></div>\n<div><span><b>Heading:</b></span> <span>286&deg;</span></div>\n</div>"},"icon-heading":286,"icon":"http://maps.google.com/mapfiles/kml/shapes/airports.png","timestamp":"2026-05-18T04:50:24+00:00"}},{"type":"Feature","geometry":{"type":"Point","coordinates":[16.836395,52.419102,0]},"properties":{"name":"2026-05-18 04:50:25 UTC","description":{"@type":"html","value":"<div><div><span><b>Altitude:</b></span> <span>0 ft</span></div>\n<div><span><b>Speed:</b></span> <span>63 kt</span></div>\n<div><span><b>Heading:</b></span> <span>286&deg;</span></div>\n</div>"},"icon-heading":286,"icon":"http://maps.google.com/mapfiles/kml/shapes/airports.png","timestamp":"2026-05-18T04:50:25+00:00"}},{"type":"Feature","geometry":{"type":"Point","coordinates":[16.835613,52.41925,0]},"properties":{"name":"2026-05-18 04:50:27 UTC","description":{"@type":"html","value":"<div><div><span><b>Altitude:</b></span> <span>0 ft</span></div>\n<div><span><b>Speed:</b></span> <span>68 kt</span></div>\n<div><span><b>Heading:</b></span> <span>286&deg;</span></div>\n</div>"},"icon-heading":286,"icon":"http://maps.google.com/mapfiles/kml/shapes/airports.png","timestamp":"2026-05-18T04:50:27+00:00"}},{"type":"Feature","geometry":{"type":"Point","coordinates":[16.83486,52.419403,0]},"properties":{"name":"2026-05-18 04:50:28 UTC","description":{"@type":"html","value":"<div><div><span><b>Altitude:</b></span> <span>0 ft</span></div>\n<div><span><b>Speed:</b></span> <span>76 kt</span></div>\n<div><span><b>Heading:</b></span> <span>286&deg;</span></div>\n</div>"},"icon-heading":286,"icon":"http://maps.google.com/mapfiles/kml/shapes/airports.png","timestamp":"2026-05-18T04:50:28+00:00"}},{"type":"Feature","geometry":{"type":"Point","coordinates":[16.834232,52.419518,0]},"properties":{"name":"2026-05-18 04:50:29 UTC","description":{"@type":"html","value":"<div><div><span><b>Altitude:</b></span> <span>0 ft</span></div>\n<div><span><b>Speed:</b></span> <span>82 kt</span></div>\n<div><span><b>Heading:</b></span> <span>286&deg;</span></div>\n</div>"},"icon-heading":286,"icon":"http://maps.google.com/mapfiles/kml/shapes/airports.png","timestamp":"2026-05-18T04:50:29+00:00"}},{"type":"Feature","geometry":{"type":"Point","coordinates":[16.833567,52.419647,0]},"properties":{"name":"2026-05-18 04:50:30 UTC","description":{"@type":"html","value":"<div><div><span><b>Altitude:</b></span> <span>0 ft</span></div>\n<div><span><b>Speed:</b></span> <span>86 kt</span></div>\n<div><span><b>Heading:</b></span> <span>286&deg;</span></div>\n</div>"},"icon-heading":286,"icon":"http://maps.google.com/mapfiles/kml/shapes/airports.png","timestamp":"2026-05-18T04:50:30+00:00"}},{"type":"Feature","geometry":{"type":"Point","coordinates":[16.832886,52.419777,0]},"properties":{"name":"2026-05-18 04:50:31 UTC","description":{"@type":"html","value":"<div><div><span><b>Altitude:</b></span> <span>0 ft</span></div>\n<div><span><b>Speed:</b></span> <span>90 kt</span></div>\n<div><span><b>Heading:</b></span> <span>286&deg;</span></div>\n</div>"},"icon-heading":286,"icon":"http://maps.google.com/mapfiles/kml/shapes/airports.png","timestamp":"2026-05-18T04:50:31+00:00"}},{"type":"Feature","geometry":{"type":"Point","coordinates":[16.831211,52.420101,68.58]},"properties":{"name":"2026-05-18 04:50:33 UTC","description":{"@type":"html","value":"<div><div><span><b>Altitude:</b></span> <span>225 ft</span></div>\n<div><span><b>Speed:</b></span> <span>96 kt</span></div>\n<div><span><b>Heading:</b></span> <span>287&deg;</span></div>\n</div>"},"icon-heading":287,"icon":"http://maps.google.com/mapfiles/kml/shapes/airports.png","timestamp":"2026-05-18T04:50:33+00:00"}},{"type":"Feature","geometry":{"type":"Point","coordinates":[16.829605,52.420441,68.58]},"properties":{"name":"2026-05-18 04:50:35 UTC","description":{"@type":"html","value":"<div><div><span><b>Altitude:</b></span> <span>225 ft</span></div>\n<div><span><b>Speed:</b></span> <span>109 kt</span></div>\n<div><span><b>Heading:</b></span> <span>287&deg;</span></div>\n</div>"},"icon-heading":287,"icon":"http://maps.google.com/mapfiles/kml/shapes/airports.png","timestamp":"2026-05-18T04:50:35+00:00"}},{"type":"Feature","geometry":{"type":"Point","coordinates":[16.827288,52.420845,68.58]},"properties":{"name":"2026-05-18 04:50:38 UTC","description":{"@type":"html","value":"<div><div><span><b>Altitude:</b></span> <span>225 ft</span></div>\n<div><span><b>Speed:</b></span> <span>117 kt</span></div>\n<div><span><b>Heading:</b></span> <span>287&deg;</span></div>\n</div>"},"icon-heading":287,"icon":"http://maps.google.com/mapfiles/kml/shapes/airports.png","timestamp":"2026-05-18T04:50:38+00:00"}},{"type":"Feature","geometry":{"type":"Point","coordinates":[16.818655,52.42252,76.2]},"properties":{"name":"2026-05-18 04:50:47 UTC","description":{"@type":"html","value":"<div><div><span><b>Altitude:</b></span> <span>250 ft</span></div>\n<div><span><b>Speed:</b></span> <span>151 kt</span></div>\n<div><span><b>Heading:</b></span> <span>287&deg;</span></div>\n</div>"},"icon-heading":287,"icon":"http://maps.google.com/mapfiles/kml/shapes/airports.png","timestamp":"2026-05-18T04:50:47+00:00"}},{"type":"Feature","geometry":{"type":"Point","coordinates":[16.810965,52.423965,137.16]},"properties":{"name":"2026-05-18 04:50:53 UTC","description":{"@type":"html","value":"<div><div><span><b>Altitude:</b></span> <span>450 ft</span></div>\n<div><span><b>Speed:</b></span> <span>155 kt</span></div>\n<div><span><b>Heading:</b></span> <span>286&deg;</span></div>\n</div>"},"icon-heading":286,"icon":"http://maps.google.com/mapfiles/kml/shapes/airports.png","timestamp":"2026-05-18T04:50:53+00:00"}},{"type":"Feature","geometry":{"type":"Point","coordinates":[16.803432,52.425316,228.6]},"properties":{"name":"2026-05-18 04:51:00 UTC","description":{"@type":"html","value":"<div><div><span><b>Altitude:</b></span> <span>750 ft</span></div>\n<div><span><b>Speed:</b></span> <span>155 kt</span></div>\n<div><span><b>Heading:</b></span> <span>286&deg;</span></div>\n</div>"},"icon-heading":286,"icon":"http://maps.google.com/mapfiles/kml/shapes/airports.png","timestamp":"2026-05-18T04:51:00+00:00"}},{"type":"Feature","geometry":{"type":"Point","coordinates":[16.795425,52.426804,327.66]},"properties":{"name":"2026-05-18 04:51:07 UTC","description":{"@type":"html","value":"<div><div><span><b>Altitude:</b></span> <span>1,075 ft</span></div>\n<div><span><b>Speed:</b></span> <span>155 kt</span></div>\n<div><span><b>Heading:</b></span> <span>287&deg;</span></div>\n</div>"},"icon-heading":287,"icon":"http://maps.google.com/mapfiles/kml/shapes/airports.png","timestamp":"2026-05-18T04:51:07+00:00"}},{"type":"Feature","geometry":{"type":"Point","coordinates":[16.785126,52.428726,457.2]},"properties":{"name":"2026-05-18 04:51:16 UTC","description":{"@type":"html","value":"<div><div><span><b>Altitude:</b></span> <span>1,500 ft</span></div>\n<div><span><b>Speed:</b></span> <span>156 kt</span></div>\n<div><span><b>Heading:</b></span> <span>286&deg;</span></div>\n</div>"},"icon-heading":286,"icon":"http://maps.google.com/mapfiles/kml/shapes/airports.png","timestamp":"2026-05-18T04:51:16+00:00"}},{"type":"Feature","geometry":{"type":"Point","coordinates":[16.776123,52.430389,571.5]},"properties":{"name":"2026-05-18 04:51:24 UTC","description":{"@type":"html","value":"<div><div><span><b>Altitude:</b></span> <span>1,875 ft</span></div>\n<div><span><b>Speed:</b></span> <span>155 kt</span></div>\n<div><span><b>Heading:</b></span> <span>286&deg;</span></div>\n</div>"},"icon-heading":286,"icon":"http://maps.google.com/mapfiles/kml/shapes/airports.png","timestamp":"2026-05-18T04:51:24+00:00"}},{"type":"Feature","geometry":{"type":"Point","coordinates":[16.768354,52.43174,670.56]},"properties":{"name":"2026-05-18 04:51:31 UTC","description":{"@type":"html","value":"<div><div><span><b>Altitude:</b></span> <span>2,200 ft</span></div>\n<div><span><b>Speed:</b></span> <span>154 kt</span></div>\n<div><span><b>Heading:</b></span> <span>286&deg;</span></div>\n</div>"},"icon-heading":286,"icon":"http://maps.google.com/mapfiles/kml/shapes/airports.png","timestamp":"2026-05-18T04:51:31+00:00"}},{"type":"Feature","geometry":{"type":"Point","coordinates":[16.759109,52.433395,784.86]},"properties":{"name":"2026-05-18 04:51:39 UTC","description":{"@type":"html","value":"<div><div><span><b>Altitude:</b></span> <span>2,575 ft</span></div>\n<div><span><b>Speed:</b></span> <span>151 kt</span></div>\n<div><span><b>Heading:</b></span> <span>286&deg;</span></div>\n</div>"},"icon-heading":286,"icon":"http://maps.google.com/mapfiles/kml/shapes/airports.png","timestamp":"2026-05-18T04:51:39+00:00"}},{"type":"Feature","geometry":{"type":"Point","coordinates":[16.752188,52.434624,868.68]},"properties":{"name":"2026-05-18 04:51:46 UTC","description":{"@type":"html","value":"<div><div><span><b>Altitude:</b></span> <span>2,850 ft</span></div>\n<div><span><b>Speed:</b></span> <span>150 kt</span></div>\n<div><span><b>Heading:</b></span> <span>286&deg;</span></div>\n</div>"},"icon-heading":286,"icon":"http://maps.google.com/mapfiles/kml/shapes/airports.png","timestamp":"2026-05-18T04:51:46+00:00"}},{"type":"Feature","geometry":{"type":"Point","coordinates":[16.742222,52.436394,967.74]},"properties":{"name":"2026-05-18 04:51:55 UTC","description":{"@type":"html","value":"<div><div><span><b>Altitude:</b></span> <span>3,175 ft</span></div>\n<div><span><b>Speed:</b></span> <span>150 kt</span></div>\n<div><span><b>Heading:</b></span> <span>286&deg;</span></div>\n</div>"},"icon-heading":286,"icon":"http://maps.google.com/mapfiles/kml/shapes/airports.png","timestamp":"2026-05-18T04:51:55+00:00"}},{"type":"Feature","geometry":{"type":"Point","coordinates":[16.735153,52.43779,1036.32]},"properties":{"name":"2026-05-18 04:52:01 UTC","description":{"@type":"html","value":"<div><div><span><b>Altitude:</b></span> <span>3,400 ft</span></div>\n<div><span><b>Speed:</b></span> <span>151 kt</span></div>\n<div><span><b>Heading:</b></span> <span>287&deg;</span></div>\n</div>"},"icon-heading":287,"icon":"http://maps.google.com/mapfiles/kml/shapes/airports.png","timestamp":"2026-05-18T04:52:01+00:00"}},{"type":"Feature","geometry":{"type":"Point","coordinates":[16.727371,52.439301,1097.28]},"properties":{"name":"2026-05-18 04:52:08 UTC","description":{"@type":"html","value":"<div><div><span><b>Altitude:</b></span> <span>3,600 ft</span></div>\n<div><span><b>Speed:</b></span> <span>155 kt</span></div>\n<div><span><b>Heading:</b></span> <span>287&deg;</span></div>\n</div>"},"icon-heading":287,"icon":"http://maps.google.com/mapfiles/kml/shapes/airports.png","timestamp":"2026-05-18T04:52:08+00:00"}},{"type":"Feature","geometry":{"type":"Point","coordinates":[16.720015,52.440865,1127.76]},"properties":{"name":"2026-05-18 04:52:15 UTC","description":{"@type":"html","value":"<div><div><span><b>Altitude:</b></span> <span>3,700 ft</span></div>\n<div><span><b>Speed:</b></span> <span>164 kt</span></div>\n<div><span><b>Heading:</b></span> <span>288&deg;</span></div>\n</div>"},"icon-heading":288,"icon":"http://maps.google.com/mapfiles/kml/shapes/airports.png","timestamp":"2026-05-18T04:52:15+00:00"}},{"type":"Feature","geometry":{"type":"Point","coordinates":[16.708714,52.443192,1173.48]},"properties":{"name":"2026-05-18 04:52:23 UTC","description":{"@type":"html","value":"<div><div><span><b>Altitude:</b></span> <span>3,850 ft</span></div>\n<div><span><b>Speed:</b></span> <span>178 kt</span></div>\n<div><span><b>Heading:</b></span> <span>288&deg;</span></div>\n</div>"},"icon-heading":288,"icon":"http://maps.google.com/mapfiles/kml/shapes/airports.png","timestamp":"2026-05-18T04:52:23+00:00"}},{"type":"Feature","geometry":{"type":"Point","coordinates":[16.697178,52.44566,1211.58]},"properties":{"name":"2026-05-18 04:52:32 UTC","description":{"@type":"html","value":"<div><div><span><b>Altitude:</b></span> <span>3,975 ft</span></div>\n<div><span><b>Speed:</b></span> <span>193 kt</span></div>\n<div><span><b>Heading:</b></span> <span>288&deg;</span></div>\n</div>"},"icon-heading":288,"icon":"http://maps.google.com/mapfiles/kml/shapes/airports.png","timestamp":"2026-05-18T04:52:32+00:00"}},{"type":"Feature","geometry":{"type":"Point","coordinates":[16.684418,52.448273,1257.3]},"properties":{"name":"2026-05-18 04:52:41 UTC","description":{"@type":"html","value":"<div><div><span><b>Altitude:</b></span> <span>4,125 ft</span></div>\n<div><span><b>Speed:</b></span> <span>207 kt</span></div>\n<div><span><b>Heading:</b></span> <span>288&deg;</span></div>\n</div>"},"icon-heading":288,"icon":"http://maps.google.com/mapfiles/kml/shapes/airports.png","timestamp":"2026-05-18T04:52:41+00:00"}},{"type":"Feature","geometry":{"type":"Point","coordinates":[16.674892,52.450222,1280.16]},"properties":{"name":"2026-05-18 04:52:47 UTC","description":{"@type":"html","value":"<div><div><span><b>Altitude:</b></span> <span>4,200 ft</span></div>\n<div><span><b>Speed:</b></span> <span>220 kt</span></div>\n<div><span><b>Heading:</b></span> <span>288&deg;</span></div>\n</div>"},"icon-heading":288,"icon":"http://maps.google.com/mapfiles/kml/shapes/airports.png","timestamp":"2026-05-18T04:52:47+00:00"}},{"type":"Feature","geometry":{"type":"Point","coordinates":[16.660843,52.453079,1333.5]},"properties":{"name":"2026-05-18 04:52:55 UTC","description":{"@type":"html","value":"<div><div><span><b>Altitude:</b></span> <span>4,375 ft</span></div>\n<div><span><b>Speed:</b></span> <span>236 kt</span></div>\n<div><span><b>Heading:</b></span> <span>288&deg;</span></div>\n</div>"},"icon-heading":288,"icon":"http://maps.google.com/mapfiles/kml/shapes/airports.png","timestamp":"2026-05-18T04:52:55+00:00"}},{"type":"Feature","geometry":{"type":"Point","coordinates":[16.645857,52.455948,1394.46]},"properties":{"name":"2026-05-18 04:53:04 UTC","description":{"@type":"html","value":"<div><div><span><b>Altitude:</b></span> <span>4,575 ft</span></div>\n<div><span><b>Speed:</b></span> <span>250 kt</span></div>\n<div><span><b>Heading:</b></span> <span>287&deg;</span></div>\n</div>"},"icon-heading":287,"icon":"http://maps.google.com/mapfiles/kml/shapes/airports.png","timestamp":"2026-05-18T04:53:04+00:00"}},{"type":"Feature","geometry":{"type":"Point","coordinates":[16.628189,52.458664,1478.28]},"properties":{"name":"2026-05-18 04:53:13 UTC","description":{"@type":"html","value":"<div><div><span><b>Altitude:</b></span> <span>4,850 ft</span></div>\n<div><span><b>Speed:</b></span> <span>265 kt</span></div>\n<div><span><b>Heading:</b></span> <span>282&deg;</span></div>\n</div>"},"icon-heading":282,"icon":"http://maps.google.com/mapfiles/kml/shapes/airports.png","timestamp":"2026-05-18T04:53:13+00:00"}},{"type":"Feature","geometry":{"type":"Point","coordinates":[16.624119,52.45916,1493.52]},"properties":{"name":"2026-05-18 04:53:15 UTC","description":{"@type":"html","value":"<div><div><span><b>Altitude:</b></span> <span>4,900 ft</span></div>\n<div><span><b>Speed:</b></span> <span>268 kt</span></div>\n<div><span><b>Heading:</b></span> <span>281&deg;</span></div>\n</div>"},"icon-heading":281,"icon":"http://maps.google.com/mapfiles/kml/shapes/airports.png","timestamp":"2026-05-18T04:53:15+00:00"}},{"type":"Feature","geometry":{"type":"Point","coordinates":[16.620255,52.459534,1516.38]},"properties":{"name":"2026-05-18 04:53:17 UTC","description":{"@type":"html","value":"<div><div><span><b>Altitude:</b></span> <span>4,975 ft</span></div>\n<div><span><b>Speed:</b></span> <span>271 kt</span></div>\n<div><span><b>Heading:</b></span> <span>280&deg;</span></div>\n</div>"},"icon-heading":280,"icon":"http://maps.google.com/mapfiles/kml/shapes/airports.png","timestamp":"2026-05-18T04:53:17+00:00"}},{"type":"Feature","geometry":{"type":"Point","coordinates":[16.609955,52.460449,1584.96]},"properties":{"name":"2026-05-18 04:53:22 UTC","description":{"@type":"html","value":"<div><div><span><b>Altitude:</b></span> <span>5,200 ft</span></div>\n<div><span><b>Speed:</b></span> <span>276 kt</span></div>\n<div><span><b>Heading:</b></span> <span>278&deg;</span></div>\n</div>"},"icon-heading":278,"icon":"http://maps.google.com/mapfiles/kml/shapes/airports.png","timestamp":"2026-05-18T04:53:22+00:00"}},{"type":"Feature","geometry":{"type":"Point","coordinates":[16.605757,52.460739,1607.82]},"properties":{"name":"2026-05-18 04:53:24 UTC","description":{"@type":"html","value":"<div><div><span><b>Altitude:</b></span> <span>5,275 ft</span></div>\n<div><span><b>Speed:</b></span> <span>278 kt</span></div>\n<div><span><b>Heading:</b></span> <span>277&deg;</span></div>\n</div>"},"icon-heading":277,"icon":"http://maps.google.com/mapfiles/kml/shapes/airports.png","timestamp":"2026-05-18T04:53:24+00:00"}},{"type":"Feature","geometry":{"type":"Point","coordinates":[16.600494,52.46109,1645.92]},"properties":{"name":"2026-05-18 04:53:26 UTC","description":{"@type":"html","value":"<div><div><span><b>Altitude:</b></span> <span>5,400 ft</span></div>\n<div><span><b>Speed:</b></span> <span>280 kt</span></div>\n<div><span><b>Heading:</b></span> <span>276&deg;</span></div>\n</div>"},"icon-heading":276,"icon":"http://maps.google.com/mapfiles/kml/shapes/airports.png","timestamp":"2026-05-18T04:53:26+00:00"}},{"type":"Feature","geometry":{"type":"Point","coordinates":[16.596731,52.461346,1676.4]},"properties":{"name":"2026-05-18 04:53:28 UTC","description":{"@type":"html","value":"<div><div><span><b>Altitude:</b></span> <span>5,500 ft</span></div>\n<div><span><b>Speed:</b></span> <span>280 kt</span></div>\n<div><span><b>Heading:</b></span> <span>276&deg;</span></div>\n</div>"},"icon-heading":276,"icon":"http://maps.google.com/mapfiles/kml/shapes/airports.png","timestamp":"2026-05-18T04:53:28+00:00"}},{"type":"Feature","geometry":{"type":"Point","coordinates":[16.591263,52.461731,1722.12]},"properties":{"name":"2026-05-18 04:53:30 UTC","description":{"@type":"html","value":"<div><div><span><b>Altitude:</b></span> <span>5,650 ft</span></div>\n<div><span><b>Speed:</b></span> <span>280 kt</span></div>\n<div><span><b>Heading:</b></span> <span>276&deg;</span></div>\n</div>"},"icon-heading":276,"icon":"http://maps.google.com/mapfiles/kml/shapes/airports.png","timestamp":"2026-05-18T04:53:30+00:00"}},{"type":"Feature","geometry":{"type":"Point","coordinates":[16.58699,52.462051,1760.22]},"properties":{"name":"2026-05-18 04:53:33 UTC","description":{"@type":"html","value":"<div><div><span><b>Altitude:</b></span> <span>5,775 ft</span></div>\n<div><span><b>Speed:</b></span> <span>282 kt</span></div>\n<div><span><b>Heading:</b></span> <span>276&deg;</span></div>\n</div>"},"icon-heading":276,"icon":"http://maps.google.com/mapfiles/kml/shapes/airports.png","timestamp":"2026-05-18T04:53:33+00:00"}},{"type":"Feature","geometry":{"type":"Point","coordinates":[16.582764,52.462372,1790.7]},"properties":{"name":"2026-05-18 04:53:35 UTC","description":{"@type":"html","value":"<div><div><span><b>Altitude:</b></span> <span>5,875 ft</span></div>\n<div><span><b>Speed:</b></span> <span>282 kt</span></div>\n<div><span><b>Heading:</b></span> <span>276&deg;</span></div>\n</div>"},"icon-heading":276,"icon":"http://maps.google.com/mapfiles/kml/shapes/airports.png","timestamp":"2026-05-18T04:53:35+00:00"}},{"type":"Feature","geometry":{"type":"Point","coordinates":[16.577225,52.46283,1836.42]},"properties":{"name":"2026-05-18 04:53:37 UTC","description":{"@type":"html","value":"<div><div><span><b>Altitude:</b></span> <span>6,025 ft</span></div>\n<div><span><b>Speed:</b></span> <span>282 kt</span></div>\n<div><span><b>Heading:</b></span> <span>277&deg;</span></div>\n</div>"},"icon-heading":277,"icon":"http://maps.google.com/mapfiles/kml/shapes/airports.png","timestamp":"2026-05-18T04:53:37+00:00"}},{"type":"Feature","geometry":{"type":"Point","coordinates":[16.549961,52.464886,2095.5]},"properties":{"name":"2026-05-18 04:53:50 UTC","description":{"@type":"html","value":"<div><div><span><b>Altitude:</b></span> <span>6,875 ft</span></div>\n<div><span><b>Speed:</b></span> <span>280 kt</span></div>\n<div><span><b>Heading:</b></span> <span>276&deg;</span></div>\n</div>"},"icon-heading":276,"icon":"http://maps.google.com/mapfiles/kml/shapes/airports.png","timestamp":"2026-05-18T04:53:50+00:00"}},{"type":"Feature","geometry":{"type":"Point","coordinates":[16.521301,52.466904,2377.44]},"properties":{"name":"2026-05-18 04:54:04 UTC","description":{"@type":"html","value":"<div><div><span><b>Altitude:</b></span> <span>7,800 ft</span></div>\n<div><span><b>Speed:</b></span> <span>278 kt</span></div>\n<div><span><b>Heading:</b></span> <span>276&deg;</span></div>\n</div>"},"icon-heading":276,"icon":"http://maps.google.com/mapfiles/kml/shapes/airports.png","timestamp":"2026-05-18T04:54:04+00:00"}},{"type":"Feature","geometry":{"type":"Point","coordinates":[16.495422,52.4687,2598.42]},"properties":{"name":"2026-05-18 04:54:16 UTC","description":{"@type":"html","value":"<div><div><span><b>Altitude:</b></span> <span>8,525 ft</span></div>\n<div><span><b>Speed:</b></span> <span>278 kt</span></div>\n<div><span><b>Heading:</b></span> <span>276&deg;</span></div>\n</div>"},"icon-heading":276,"icon":"http://maps.google.com/mapfiles/kml/shapes/airports.png","timestamp":"2026-05-18T04:54:16+00:00"}},{"type":"Feature","geometry":{"type":"Point","coordinates":[16.468349,52.470612,2796.54]},"properties":{"name":"2026-05-18 04:54:29 UTC","description":{"@type":"html","value":"<div><div><span><b>Altitude:</b></span> <span>9,175 ft</span></div>\n<div><span><b>Speed:</b></span> <span>282 kt</span></div>\n<div><span><b>Heading:</b></span> <span>276&deg;</span></div>\n</div>"},"icon-heading":276,"icon":"http://maps.google.com/mapfiles/kml/shapes/airports.png","timestamp":"2026-05-18T04:54:29+00:00"}},{"type":"Feature","geometry":{"type":"Point","coordinates":[16.439438,52.472626,2987.04]},"properties":{"name":"2026-05-18 04:54:43 UTC","description":{"@type":"html","value":"<div><div><span><b>Altitude:</b></span> <span>9,800 ft</span></div>\n<div><span><b>Speed:</b></span> <span>288 kt</span></div>\n<div><span><b>Heading:</b></span> <span>276&deg;</span></div>\n</div>"},"icon-heading":276,"icon":"http://maps.google.com/mapfiles/kml/shapes/airports.png","timestamp":"2026-05-18T04:54:43+00:00"}},{"type":"Feature","geometry":{"type":"Point","coordinates":[16.409807,52.474659,3162.3]},"properties":{"name":"2026-05-18 04:54:56 UTC","description":{"@type":"html","value":"<div><div><span><b>Altitude:</b></span> <span>10,375 ft</span></div>\n<div><span><b>Speed:</b></span> <span>296 kt</span></div>\n<div><span><b>Heading:</b></span> <span>276&deg;</span></div>\n</div>"},"icon-heading":276,"icon":"http://maps.google.com/mapfiles/kml/shapes/airports.png","timestamp":"2026-05-18T04:54:56+00:00"}},{"type":"Feature","geometry":{"type":"Point","coordinates":[16.378784,52.476837,3284.22]},"properties":{"name":"2026-05-18 04:55:09 UTC","description":{"@type":"html","value":"<div><div><span><b>Altitude:</b></span> <span>10,775 ft</span></div>\n<div><span><b>Speed:</b></span> <span>310 kt</span></div>\n<div><span><b>Heading:</b></span> <span>276&deg;</span></div>\n</div>"},"icon-heading":276,"icon":"http://maps.google.com/mapfiles/kml/shapes/airports.png","timestamp":"2026-05-18T04:55:09+00:00"}},{"type":"Feature","geometry":{"type":"Point","coordinates":[16.348127,52.479084,3375.66]},"properties":{"name":"2026-05-18 04:55:22 UTC","description":{"@type":"html","value":"<div><div><span><b>Altitude:</b></span> <span>11,075 ft</span></div>\n<div><span><b>Speed:</b></span> <span>327 kt</span></div>\n<div><span><b>Heading:</b></span> <span>277&deg;</span></div>\n</div>"},"icon-heading":277,"icon":"http://maps.google.com/mapfiles/kml/shapes/airports.png","timestamp":"2026-05-18T04:55:22+00:00"}},{"type":"Feature","geometry":{"type":"Point","coordinates":[16.314854,52.481503,3512.82]},"properties":{"name":"2026-05-18 04:55:35 UTC","description":{"@type":"html","value":"<div><div><span><b>Altitude:</b></span> <span>11,525 ft</span></div>\n<div><span><b>Speed:</b></span> <span>338 kt</span></div>\n<div><span><b>Heading:</b></span> <span>276&deg;</span></div>\n</div>"},"icon-heading":276,"icon":"http://maps.google.com/mapfiles/kml/shapes/airports.png","timestamp":"2026-05-18T04:55:35+00:00"}},{"type":"Feature","geometry":{"type":"Point","coordinates":[16.281281,52.483887,3749.04]},"properties":{"name":"2026-05-18 04:55:48 UTC","description":{"@type":"html","value":"<div><div><span><b>Altitude:</b></span> <span>12,300 ft</span></div>\n<div><span><b>Speed:</b></span> <span>337 kt</span></div>\n<div><span><b>Heading:</b></span> <span>276&deg;</span></div>\n</div>"},"icon-heading":276,"icon":"http://maps.google.com/mapfiles/kml/shapes/airports.png","timestamp":"2026-05-18T04:55:48+00:00"}},{"type":"Feature","geometry":{"type":"Point","coordinates":[16.201538,52.489277,4175.76]},"properties":{"name":"2026-05-18 04:56:20 UTC","description":{"@type":"html","value":"<div><div><span><b>Altitude:</b></span> <span>13,700 ft</span></div>\n<div><span><b>Speed:</b></span> <span>348 kt</span></div>\n<div><span><b>Heading:</b></span> <span>276&deg;</span></div>\n</div>"},"icon-heading":276,"icon":"http://maps.google.com/mapfiles/kml/shapes/airports.png","timestamp":"2026-05-18T04:56:20+00:00"}},{"type":"Feature","geometry":{"type":"Point","coordinates":[16.114273,52.495102,4511.04]},"properties":{"name":"2026-05-18 04:56:52 UTC","description":{"@type":"html","value":"<div><div><span><b>Altitude:</b></span> <span>14,800 ft</span></div>\n<div><span><b>Speed:</b></span> <span>368 kt</span></div>\n<div><span><b>Heading:</b></span> <span>276&deg;</span></div>\n</div>"},"icon-heading":276,"icon":"http://maps.google.com/mapfiles/kml/shapes/airports.png","timestamp":"2026-05-18T04:56:52+00:00"}},{"type":"Feature","geometry":{"type":"Point","coordinates":[16.025009,52.501099,4975.86]},"properties":{"name":"2026-05-18 04:57:24 UTC","description":{"@type":"html","value":"<div><div><span><b>Altitude:</b></span> <span>16,325 ft</span></div>\n<div><span><b>Speed:</b></span> <span>372 kt</span></div>\n<div><span><b>Heading:</b></span> <span>276&deg;</span></div>\n</div>"},"icon-heading":276,"icon":"http://maps.google.com/mapfiles/kml/shapes/airports.png","timestamp":"2026-05-18T04:57:24+00:00"}},{"type":"Feature","geometry":{"type":"Point","coordinates":[15.934021,52.507107,5318.76]},"properties":{"name":"2026-05-18 04:57:56 UTC","description":{"@type":"html","value":"<div><div><span><b>Altitude:</b></span> <span>17,450 ft</span></div>\n<div><span><b>Speed:</b></span> <span>385 kt</span></div>\n<div><span><b>Heading:</b></span> <span>275&deg;</span></div>\n</div>"},"icon-heading":275,"icon":"http://maps.google.com/mapfiles/kml/shapes/airports.png","timestamp":"2026-05-18T04:57:56+00:00"}},{"type":"Feature","geometry":{"type":"Point","coordinates":[15.839381,52.513252,5692.14]},"properties":{"name":"2026-05-18 04:58:28 UTC","description":{"@type":"html","value":"<div><div><span><b>Altitude:</b></span> <span>18,675 ft</span></div>\n<div><span><b>Speed:</b></span> <span>394 kt</span></div>\n<div><span><b>Heading:</b></span> <span>276&deg;</span></div>\n</div>"},"icon-heading":276,"icon":"http://maps.google.com/mapfiles/kml/shapes/airports.png","timestamp":"2026-05-18T04:58:28+00:00"}},{"type":"Feature","geometry":{"type":"Point","coordinates":[15.746841,52.519226,6073.14]},"properties":{"name":"2026-05-18 04:58:59 UTC","description":{"@type":"html","value":"<div><div><span><b>Altitude:</b></span> <span>19,925 ft</span></div>\n<div><span><b>Speed:</b></span> <span>398 kt</span></div>\n<div><span><b>Heading:</b></span> <span>276&deg;</span></div>\n</div>"},"icon-heading":276,"icon":"http://maps.google.com/mapfiles/kml/shapes/airports.png","timestamp":"2026-05-18T04:58:59+00:00"}},{"type":"Feature","geometry":{"type":"Point","coordinates":[15.657272,52.524902,6431.28]},"properties":{"name":"2026-05-18 04:59:29 UTC","description":{"@type":"html","value":"<div><div><span><b>Altitude:</b></span> <span>21,100 ft</span></div>\n<div><span><b>Speed:</b></span> <span>401 kt</span></div>\n<div><span><b>Heading:</b></span> <span>276&deg;</span></div>\n</div>"},"icon-heading":276,"icon":"http://maps.google.com/mapfiles/kml/shapes/airports.png","timestamp":"2026-05-18T04:59:29+00:00"}},{"type":"Feature","geometry":{"type":"Point","coordinates":[15.558524,52.531174,6774.18]},"properties":{"name":"2026-05-18 05:00:01 UTC","description":{"@type":"html","value":"<div><div><span><b>Altitude:</b></span> <span>22,225 ft</span></div>\n<div><span><b>Speed:</b></span> <span>407 kt</span></div>\n<div><span><b>Heading:</b></span> <span>276&deg;</span></div>\n</div>"},"icon-heading":276,"icon":"http://maps.google.com/mapfiles/kml/shapes/airports.png","timestamp":"2026-05-18T05:00:01+00:00"}},{"type":"Feature","geometry":{"type":"Point","coordinates":[15.461138,52.537228,7124.7]},"properties":{"name":"2026-05-18 05:00:33 UTC","description":{"@type":"html","value":"<div><div><span><b>Altitude:</b></span> <span>23,375 ft</span></div>\n<div><span><b>Speed:</b></span> <span>410 kt</span></div>\n<div><span><b>Heading:</b></span> <span>275&deg;</span></div>\n</div>"},"icon-heading":275,"icon":"http://maps.google.com/mapfiles/kml/shapes/airports.png","timestamp":"2026-05-18T05:00:33+00:00"}},{"type":"Feature","geometry":{"type":"Point","coordinates":[15.362701,52.538635,7490.46]},"properties":{"name":"2026-05-18 05:01:05 UTC","description":{"@type":"html","value":"<div><div><span><b>Altitude:</b></span> <span>24,575 ft</span></div>\n<div><span><b>Speed:</b></span> <span>407 kt</span></div>\n<div><span><b>Heading:</b></span> <span>267&deg;</span></div>\n</div>"},"icon-heading":267,"icon":"http://maps.google.com/mapfiles/kml/shapes/airports.png","timestamp":"2026-05-18T05:01:05+00:00"}},{"type":"Feature","geometry":{"type":"Point","coordinates":[15.263672,52.535202,7719.06]},"properties":{"name":"2026-05-18 05:01:36 UTC","description":{"@type":"html","value":"<div><div><span><b>Altitude:</b></span> <span>25,325 ft</span></div>\n<div><span><b>Speed:</b></span> <span>418 kt</span></div>\n<div><span><b>Heading:</b></span> <span>266&deg;</span></div>\n</div>"},"icon-heading":266,"icon":"http://maps.google.com/mapfiles/kml/shapes/airports.png","timestamp":"2026-05-18T05:01:36+00:00"}},{"type":"Feature","geometry":{"type":"Point","coordinates":[15.162623,52.531685,7985.76]},"properties":{"name":"2026-05-18 05:02:08 UTC","description":{"@type":"html","value":"<div><div><span><b>Altitude:</b></span> <span>26,200 ft</span></div>\n<div><span><b>Speed:</b></span> <span>422 kt</span></div>\n<div><span><b>Heading:</b></span> <span>266&deg;</span></div>\n</div>"},"icon-heading":266,"icon":"http://maps.google.com/mapfiles/kml/shapes/airports.png","timestamp":"2026-05-18T05:02:08+00:00"}},{"type":"Feature","geometry":{"type":"Point","coordinates":[15.059433,52.528015,8206.74]},"properties":{"name":"2026-05-18 05:02:40 UTC","description":{"@type":"html","value":"<div><div><span><b>Altitude:</b></span> <span>26,925 ft</span></div>\n<div><span><b>Speed:</b></span> <span>432 kt</span></div>\n<div><span><b>Heading:</b></span> <span>266&deg;</span></div>\n</div>"},"icon-heading":266,"icon":"http://maps.google.com/mapfiles/kml/shapes/airports.png","timestamp":"2026-05-18T05:02:40+00:00"}},{"type":"Feature","geometry":{"type":"Point","coordinates":[14.9582,52.52433,8503.92]},"properties":{"name":"2026-05-18 05:03:11 UTC","description":{"@type":"html","value":"<div><div><span><b>Altitude:</b></span> <span>27,900 ft</span></div>\n<div><span><b>Speed:</b></span> <span>431 kt</span></div>\n<div><span><b>Heading:</b></span> <span>266&deg;</span></div>\n</div>"},"icon-heading":266,"icon":"http://maps.google.com/mapfiles/kml/shapes/airports.png","timestamp":"2026-05-18T05:03:11+00:00"}},{"type":"Feature","geometry":{"type":"Point","coordinates":[14.854507,52.520462,8740.14]},"properties":{"name":"2026-05-18 05:03:43 UTC","description":{"@type":"html","value":"<div><div><span><b>Altitude:</b></span> <span>28,675 ft</span></div>\n<div><span><b>Speed:</b></span> <span>436 kt</span></div>\n<div><span><b>Heading:</b></span> <span>266&deg;</span></div>\n</div>"},"icon-heading":266,"icon":"http://maps.google.com/mapfiles/kml/shapes/airports.png","timestamp":"2026-05-18T05:03:43+00:00"}},{"type":"Feature","geometry":{"type":"Point","coordinates":[14.74968,52.515793,8945.88]},"properties":{"name":"2026-05-18 05:04:14 UTC","description":{"@type":"html","value":"<div><div><span><b>Altitude:</b></span> <span>29,350 ft</span></div>\n<div><span><b>Speed:</b></span> <span>442 kt</span></div>\n<div><span><b>Heading:</b></span> <span>264&deg;</span></div>\n</div>"},"icon-heading":264,"icon":"http://maps.google.com/mapfiles/kml/shapes/airports.png","timestamp":"2026-05-18T05:04:14+00:00"}},{"type":"Feature","geometry":{"type":"Point","coordinates":[14.645462,52.50444,9166.86]},"properties":{"name":"2026-05-18 05:04:46 UTC","description":{"@type":"html","value":"<div><div><span><b>Altitude:</b></span> <span>30,075 ft</span></div>\n<div><span><b>Speed:</b></span> <span>444 kt</span></div>\n<div><span><b>Heading:</b></span> <span>256&deg;</span></div>\n</div>"},"icon-heading":256,"icon":"http://maps.google.com/mapfiles/kml/shapes/airports.png","timestamp":"2026-05-18T05:04:46+00:00"}},{"type":"Feature","geometry":{"type":"Point","coordinates":[14.543686,52.484802,9357.36]},"properties":{"name":"2026-05-18 05:05:17 UTC","description":{"@type":"html","value":"<div><div><span><b>Altitude:</b></span> <span>30,700 ft</span></div>\n<div><span><b>Speed:</b></span> <span>444 kt</span></div>\n<div><span><b>Heading:</b></span> <span>249&deg;</span></div>\n</div>"},"icon-heading":249,"icon":"http://maps.google.com/mapfiles/kml/shapes/airports.png","timestamp":"2026-05-18T05:05:17+00:00"}},{"type":"Feature","geometry":{"type":"Point","coordinates":[14.44608,52.457062,9540.24]},"properties":{"name":"2026-05-18 05:05:49 UTC","description":{"@type":"html","value":"<div><div><span><b>Altitude:</b></span> <span>31,300 ft</span></div>\n<div><span><b>Speed:</b></span> <span>448 kt</span></div>\n<div><span><b>Heading:</b></span> <span>242&deg;</span></div>\n</div>"},"icon-heading":242,"icon":"http://maps.google.com/mapfiles/kml/shapes/airports.png","timestamp":"2026-05-18T05:05:49+00:00"}},{"type":"Feature","geometry":{"type":"Point","coordinates":[14.35173,52.426666,9791.7]},"properties":{"name":"2026-05-18 05:06:21 UTC","description":{"@type":"html","value":"<div><div><span><b>Altitude:</b></span> <span>32,125 ft</span></div>\n<div><span><b>Speed:</b></span> <span>446 kt</span></div>\n<div><span><b>Heading:</b></span> <span>242&deg;</span></div>\n</div>"},"icon-heading":242,"icon":"http://maps.google.com/mapfiles/kml/shapes/airports.png","timestamp":"2026-05-18T05:06:21+00:00"}},{"type":"Feature","geometry":{"type":"Point","coordinates":[14.258728,52.396637,10012.68]},"properties":{"name":"2026-05-18 05:06:52 UTC","description":{"@type":"html","value":"<div><div><span><b>Altitude:</b></span> <span>32,850 ft</span></div>\n<div><span><b>Speed:</b></span> <span>446 kt</span></div>\n<div><span><b>Heading:</b></span> <span>241&deg;</span></div>\n</div>"},"icon-heading":241,"icon":"http://maps.google.com/mapfiles/kml/shapes/airports.png","timestamp":"2026-05-18T05:06:52+00:00"}},{"type":"Feature","geometry":{"type":"Point","coordinates":[14.166031,52.363266,10195.56]},"properties":{"name":"2026-05-18 05:07:25 UTC","description":{"@type":"html","value":"<div><div><span><b>Altitude:</b></span> <span>33,450 ft</span></div>\n<div><span><b>Speed:</b></span> <span>446 kt</span></div>\n<div><span><b>Heading:</b></span> <span>238&deg;</span></div>\n</div>"},"icon-heading":238,"icon":"http://maps.google.com/mapfiles/kml/shapes/airports.png","timestamp":"2026-05-18T05:07:25+00:00"}},{"type":"Feature","geometry":{"type":"Point","coordinates":[14.075056,52.329136,10439.4]},"properties":{"name":"2026-05-18 05:07:56 UTC","description":{"@type":"html","value":"<div><div><span><b>Altitude:</b></span> <span>34,250 ft</span></div>\n<div><span><b>Speed:</b></span> <span>444 kt</span></div>\n<div><span><b>Heading:</b></span> <span>238&deg;</span></div>\n</div>"},"icon-heading":238,"icon":"http://maps.google.com/mapfiles/kml/shapes/airports.png","timestamp":"2026-05-18T05:07:56+00:00"}},{"type":"Feature","geometry":{"type":"Point","coordinates":[13.984604,52.294968,10698.48]},"properties":{"name":"2026-05-18 05:08:28 UTC","description":{"@type":"html","value":"<div><div><span><b>Altitude:</b></span> <span>35,100 ft</span></div>\n<div><span><b>Speed:</b></span> <span>438 kt</span></div>\n<div><span><b>Heading:</b></span> <span>238&deg;</span></div>\n</div>"},"icon-heading":238,"icon":"http://maps.google.com/mapfiles/kml/shapes/airports.png","timestamp":"2026-05-18T05:08:28+00:00"}},{"type":"Feature","geometry":{"type":"Point","coordinates":[13.895508,52.261078,10866.12]},"properties":{"name":"2026-05-18 05:09:00 UTC","description":{"@type":"html","value":"<div><div><span><b>Altitude:</b></span> <span>35,650 ft</span></div>\n<div><span><b>Speed:</b></span> <span>440 kt</span></div>\n<div><span><b>Heading:</b></span> <span>238&deg;</span></div>\n</div>"},"icon-heading":238,"icon":"http://maps.google.com/mapfiles/kml/shapes/airports.png","timestamp":"2026-05-18T05:09:00+00:00"}},{"type":"Feature","geometry":{"type":"Point","coordinates":[13.807146,52.227467,11064.24]},"properties":{"name":"2026-05-18 05:09:32 UTC","description":{"@type":"html","value":"<div><div><span><b>Altitude:</b></span> <span>36,300 ft</span></div>\n<div><span><b>Speed:</b></span> <span>436 kt</span></div>\n<div><span><b>Heading:</b></span> <span>238&deg;</span></div>\n</div>"},"icon-heading":238,"icon":"http://maps.google.com/mapfiles/kml/shapes/airports.png","timestamp":"2026-05-18T05:09:32+00:00"}},{"type":"Feature","geometry":{"type":"Point","coordinates":[13.71698,52.192879,11163.3]},"properties":{"name":"2026-05-18 05:10:04 UTC","description":{"@type":"html","value":"<div><div><span><b>Altitude:</b></span> <span>36,625 ft</span></div>\n<div><span><b>Speed:</b></span> <span>442 kt</span></div>\n<div><span><b>Heading:</b></span> <span>237&deg;</span></div>\n</div>"},"icon-heading":237,"icon":"http://maps.google.com/mapfiles/kml/shapes/airports.png","timestamp":"2026-05-18T05:10:04+00:00"}},{"type":"Feature","geometry":{"type":"Point","coordinates":[13.629379,52.159286,11292.84]},"properties":{"name":"2026-05-18 05:10:35 UTC","description":{"@type":"html","value":"<div><div><span><b>Altitude:</b></span> <span>37,050 ft</span></div>\n<div><span><b>Speed:</b></span> <span>441 kt</span></div>\n<div><span><b>Heading:</b></span> <span>237&deg;</span></div>\n</div>"},"icon-heading":237,"icon":"http://maps.google.com/mapfiles/kml/shapes/airports.png","timestamp":"2026-05-18T05:10:35+00:00"}},{"type":"Feature","geometry":{"type":"Point","coordinates":[13.543015,52.126007,11430]},"properties":{"name":"2026-05-18 05:11:06 UTC","description":{"@type":"html","value":"<div><div><span><b>Altitude:</b></span> <span>37,500 ft</span></div>\n<div><span><b>Speed:</b></span> <span>440 kt</span></div>\n<div><span><b>Heading:</b></span> <span>237&deg;</span></div>\n</div>"},"icon-heading":237,"icon":"http://maps.google.com/mapfiles/kml/shapes/airports.png","timestamp":"2026-05-18T05:11:06+00:00"}},{"type":"Feature","geometry":{"type":"Point","coordinates":[13.453622,52.091583,11551.92]},"properties":{"name":"2026-05-18 05:11:37 UTC","description":{"@type":"html","value":"<div><div><span><b>Altitude:</b></span> <span>37,900 ft</span></div>\n<div><span><b>Speed:</b></span> <span>439 kt</span></div>\n<div><span><b>Heading:</b></span> <span>237&deg;</span></div>\n</div>"},"icon-heading":237,"icon":"http://maps.google.com/mapfiles/kml/shapes/airports.png","timestamp":"2026-05-18T05:11:37+00:00"}},{"type":"Feature","geometry":{"type":"Point","coordinates":[13.362808,52.05629,11582.4]},"properties":{"name":"2026-05-18 05:12:10 UTC","description":{"@type":"html","value":"<div><div><span><b>Altitude:</b></span> <span>38,000 ft</span></div>\n<div><span><b>Speed:</b></span> <span>442 kt</span></div>\n<div><span><b>Heading:</b></span> <span>237&deg;</span></div>\n</div>"},"icon-heading":237,"icon":"http://maps.google.com/mapfiles/kml/shapes/airports.png","timestamp":"2026-05-18T05:12:10+00:00"}},{"type":"Feature","geometry":{"type":"Point","coordinates":[13.274994,52.022141,11582.4]},"properties":{"name":"2026-05-18 05:12:41 UTC","description":{"@type":"html","value":"<div><div><span><b>Altitude:</b></span> <span>38,000 ft</span></div>\n<div><span><b>Speed:</b></span> <span>446 kt</span></div>\n<div><span><b>Heading:</b></span> <span>237&deg;</span></div>\n</div>"},"icon-heading":237,"icon":"http://maps.google.com/mapfiles/kml/shapes/airports.png","timestamp":"2026-05-18T05:12:41+00:00"}},{"type":"Feature","geometry":{"type":"Point","coordinates":[13.184535,51.986748,11582.4]},"properties":{"name":"2026-05-18 05:13:13 UTC","description":{"@type":"html","value":"<div><div><span><b>Altitude:</b></span> <span>38,000 ft</span></div>\n<div><span><b>Speed:</b></span> <span>448 kt</span></div>\n<div><span><b>Heading:</b></span> <span>237&deg;</span></div>\n</div>"},"icon-heading":237,"icon":"http://maps.google.com/mapfiles/kml/shapes/airports.png","timestamp":"2026-05-18T05:13:13+00:00"}},{"type":"Feature","geometry":{"type":"Point","coordinates":[13.095016,51.951736,11582.4]},"properties":{"name":"2026-05-18 05:13:45 UTC","description":{"@type":"html","value":"<div><div><span><b>Altitude:</b></span> <span>38,000 ft</span></div>\n<div><span><b>Speed:</b></span> <span>444 kt</span></div>\n<div><span><b>Heading:</b></span> <span>237&deg;</span></div>\n</div>"},"icon-heading":237,"icon":"http://maps.google.com/mapfiles/kml/shapes/airports.png","timestamp":"2026-05-18T05:13:45+00:00"}},{"type":"Feature","geometry":{"type":"Point","coordinates":[13.007341,51.917244,11582.4]},"properties":{"name":"2026-05-18 05:14:17 UTC","description":{"@type":"html","value":"<div><div><span><b>Altitude:</b></span> <span>38,000 ft</span></div>\n<div><span><b>Speed:</b></span> <span>442 kt</span></div>\n<div><span><b>Heading:</b></span> <span>237&deg;</span></div>\n</div>"},"icon-heading":237,"icon":"http://maps.google.com/mapfiles/kml/shapes/airports.png","timestamp":"2026-05-18T05:14:17+00:00"}},{"type":"Feature","geometry":{"type":"Point","coordinates":[12.918625,51.882515,11582.4]},"properties":{"name":"2026-05-18 05:14:48 UTC","description":{"@type":"html","value":"<div><div><span><b>Altitude:</b></span> <span>38,000 ft</span></div>\n<div><span><b>Speed:</b></span> <span>439 kt</span></div>\n<div><span><b>Heading:</b></span> <span>237&deg;</span></div>\n</div>"},"icon-heading":237,"icon":"http://maps.google.com/mapfiles/kml/shapes/airports.png","timestamp":"2026-05-18T05:14:48+00:00"}},{"type":"Feature","geometry":{"type":"Point","coordinates":[12.832413,51.848251,11582.4]},"properties":{"name":"2026-05-18 05:15:20 UTC","description":{"@type":"html","value":"<div><div><span><b>Altitude:</b></span> <span>38,000 ft</span></div>\n<div><span><b>Speed:</b></span> <span>438 kt</span></div>\n<div><span><b>Heading:</b></span> <span>237&deg;</span></div>\n</div>"},"icon-heading":237,"icon":"http://maps.google.com/mapfiles/kml/shapes/airports.png","timestamp":"2026-05-18T05:15:20+00:00"}},{"type":"Feature","geometry":{"type":"Point","coordinates":[12.744446,51.813152,11574.78]},"properties":{"name":"2026-05-18 05:15:52 UTC","description":{"@type":"html","value":"<div><div><span><b>Altitude:</b></span> <span>37,975 ft</span></div>\n<div><span><b>Speed:</b></span> <span>436 kt</span></div>\n<div><span><b>Heading:</b></span> <span>237&deg;</span></div>\n</div>"},"icon-heading":237,"icon":"http://maps.google.com/mapfiles/kml/shapes/airports.png","timestamp":"2026-05-18T05:15:52+00:00"}},{"type":"Feature","geometry":{"type":"Point","coordinates":[12.658005,51.778751,11567.16]},"properties":{"name":"2026-05-18 05:16:24 UTC","description":{"@type":"html","value":"<div><div><span><b>Altitude:</b></span> <span>37,950 ft</span></div>\n<div><span><b>Speed:</b></span> <span>437 kt</span></div>\n<div><span><b>Heading:</b></span> <span>237&deg;</span></div>\n</div>"},"icon-heading":237,"icon":"http://maps.google.com/mapfiles/kml/shapes/airports.png","timestamp":"2026-05-18T05:16:24+00:00"}},{"type":"Feature","geometry":{"type":"Point","coordinates":[12.571997,51.744553,11414.76]},"properties":{"name":"2026-05-18 05:16:55 UTC","description":{"@type":"html","value":"<div><div><span><b>Altitude:</b></span> <span>37,450 ft</span></div>\n<div><span><b>Speed:</b></span> <span>435 kt</span></div>\n<div><span><b>Heading:</b></span> <span>237&deg;</span></div>\n</div>"},"icon-heading":237,"icon":"http://maps.google.com/mapfiles/kml/shapes/airports.png","timestamp":"2026-05-18T05:16:55+00:00"}},{"type":"Feature","geometry":{"type":"Point","coordinates":[12.482605,51.708504,11254.74]},"properties":{"name":"2026-05-18 05:17:27 UTC","description":{"@type":"html","value":"<div><div><span><b>Altitude:</b></span> <span>36,925 ft</span></div>\n<div><span><b>Speed:</b></span> <span>441 kt</span></div>\n<div><span><b>Heading:</b></span> <span>237&deg;</span></div>\n</div>"},"icon-heading":237,"icon":"http://maps.google.com/mapfiles/kml/shapes/airports.png","timestamp":"2026-05-18T05:17:27+00:00"}},{"type":"Feature","geometry":{"type":"Point","coordinates":[12.396545,51.673916,11094.72]},"properties":{"name":"2026-05-18 05:17:59 UTC","description":{"@type":"html","value":"<div><div><span><b>Altitude:</b></span> <span>36,400 ft</span></div>\n<div><span><b>Speed:</b></span> <span>439 kt</span></div>\n<div><span><b>Heading:</b></span> <span>237&deg;</span></div>\n</div>"},"icon-heading":237,"icon":"http://maps.google.com/mapfiles/kml/shapes/airports.png","timestamp":"2026-05-18T05:17:59+00:00"}},{"type":"Feature","geometry":{"type":"Point","coordinates":[12.310404,51.639038,10934.7]},"properties":{"name":"2026-05-18 05:18:30 UTC","description":{"@type":"html","value":"<div><div><span><b>Altitude:</b></span> <span>35,875 ft</span></div>\n<div><span><b>Speed:</b></span> <span>437 kt</span></div>\n<div><span><b>Heading:</b></span> <span>236&deg;</span></div>\n</div>"},"icon-heading":236,"icon":"http://maps.google.com/mapfiles/kml/shapes/airports.png","timestamp":"2026-05-18T05:18:30+00:00"}},{"type":"Feature","geometry":{"type":"Point","coordinates":[12.228006,51.605759,10789.92]},"properties":{"name":"2026-05-18 05:19:01 UTC","description":{"@type":"html","value":"<div><div><span><b>Altitude:</b></span> <span>35,400 ft</span></div>\n<div><span><b>Speed:</b></span> <span>432 kt</span></div>\n<div><span><b>Heading:</b></span> <span>237&deg;</span></div>\n</div>"},"icon-heading":237,"icon":"http://maps.google.com/mapfiles/kml/shapes/airports.png","timestamp":"2026-05-18T05:19:01+00:00"}},{"type":"Feature","geometry":{"type":"Point","coordinates":[12.14405,51.571655,10629.9]},"properties":{"name":"2026-05-18 05:19:32 UTC","description":{"@type":"html","value":"<div><div><span><b>Altitude:</b></span> <span>34,875 ft</span></div>\n<div><span><b>Speed:</b></span> <span>435 kt</span></div>\n<div><span><b>Heading:</b></span> <span>236&deg;</span></div>\n</div>"},"icon-heading":236,"icon":"http://maps.google.com/mapfiles/kml/shapes/airports.png","timestamp":"2026-05-18T05:19:32+00:00"}},{"type":"Feature","geometry":{"type":"Point","coordinates":[12.060699,51.537472,10424.16]},"properties":{"name":"2026-05-18 05:20:03 UTC","description":{"@type":"html","value":"<div><div><span><b>Altitude:</b></span> <span>34,200 ft</span></div>\n<div><span><b>Speed:</b></span> <span>429 kt</span></div>\n<div><span><b>Heading:</b></span> <span>236&deg;</span></div>\n</div>"},"icon-heading":236,"icon":"http://maps.google.com/mapfiles/kml/shapes/airports.png","timestamp":"2026-05-18T05:20:03+00:00"}},{"type":"Feature","geometry":{"type":"Point","coordinates":[11.980665,51.504822,10195.56]},"properties":{"name":"2026-05-18 05:20:34 UTC","description":{"@type":"html","value":"<div><div><span><b>Altitude:</b></span> <span>33,450 ft</span></div>\n<div><span><b>Speed:</b></span> <span>414 kt</span></div>\n<div><span><b>Heading:</b></span> <span>236&deg;</span></div>\n</div>"},"icon-heading":236,"icon":"http://maps.google.com/mapfiles/kml/shapes/airports.png","timestamp":"2026-05-18T05:20:34+00:00"}},{"type":"Feature","geometry":{"type":"Point","coordinates":[11.898935,51.471451,9944.1]},"properties":{"name":"2026-05-18 05:21:07 UTC","description":{"@type":"html","value":"<div><div><span><b>Altitude:</b></span> <span>32,625 ft</span></div>\n<div><span><b>Speed:</b></span> <span>404 kt</span></div>\n<div><span><b>Heading:</b></span> <span>236&deg;</span></div>\n</div>"},"icon-heading":236,"icon":"http://maps.google.com/mapfiles/kml/shapes/airports.png","timestamp":"2026-05-18T05:21:07+00:00"}},{"type":"Feature","geometry":{"type":"Point","coordinates":[11.820695,51.43927,9692.64]},"properties":{"name":"2026-05-18 05:21:38 UTC","description":{"@type":"html","value":"<div><div><span><b>Altitude:</b></span> <span>31,800 ft</span></div>\n<div><span><b>Speed:</b></span> <span>406 kt</span></div>\n<div><span><b>Heading:</b></span> <span>236&deg;</span></div>\n</div>"},"icon-heading":236,"icon":"http://maps.google.com/mapfiles/kml/shapes/airports.png","timestamp":"2026-05-18T05:21:38+00:00"}},{"type":"Feature","geometry":{"type":"Point","coordinates":[11.741638,51.40638,9433.56]},"properties":{"name":"2026-05-18 05:22:09 UTC","description":{"@type":"html","value":"<div><div><span><b>Altitude:</b></span> <span>30,950 ft</span></div>\n<div><span><b>Speed:</b></span> <span>411 kt</span></div>\n<div><span><b>Heading:</b></span> <span>236&deg;</span></div>\n</div>"},"icon-heading":236,"icon":"http://maps.google.com/mapfiles/kml/shapes/airports.png","timestamp":"2026-05-18T05:22:09+00:00"}},{"type":"Feature","geometry":{"type":"Point","coordinates":[11.659835,51.372574,9166.86]},"properties":{"name":"2026-05-18 05:22:41 UTC","description":{"@type":"html","value":"<div><div><span><b>Altitude:</b></span> <span>30,075 ft</span></div>\n<div><span><b>Speed:</b></span> <span>407 kt</span></div>\n<div><span><b>Heading:</b></span> <span>236&deg;</span></div>\n</div>"},"icon-heading":236,"icon":"http://maps.google.com/mapfiles/kml/shapes/airports.png","timestamp":"2026-05-18T05:22:41+00:00"}},{"type":"Feature","geometry":{"type":"Point","coordinates":[11.580332,51.339569,8915.4]},"properties":{"name":"2026-05-18 05:23:13 UTC","description":{"@type":"html","value":"<div><div><span><b>Altitude:</b></span> <span>29,250 ft</span></div>\n<div><span><b>Speed:</b></span> <span>403 kt</span></div>\n<div><span><b>Heading:</b></span> <span>236&deg;</span></div>\n</div>"},"icon-heading":236,"icon":"http://maps.google.com/mapfiles/kml/shapes/airports.png","timestamp":"2026-05-18T05:23:13+00:00"}},{"type":"Feature","geometry":{"type":"Point","coordinates":[11.503725,51.307663,8663.94]},"properties":{"name":"2026-05-18 05:23:45 UTC","description":{"@type":"html","value":"<div><div><span><b>Altitude:</b></span> <span>28,425 ft</span></div>\n<div><span><b>Speed:</b></span> <span>394 kt</span></div>\n<div><span><b>Heading:</b></span> <span>236&deg;</span></div>\n</div>"},"icon-heading":236,"icon":"http://maps.google.com/mapfiles/kml/shapes/airports.png","timestamp":"2026-05-18T05:23:45+00:00"}},{"type":"Feature","geometry":{"type":"Point","coordinates":[11.426969,51.275436,8404.86]},"properties":{"name":"2026-05-18 05:24:17 UTC","description":{"@type":"html","value":"<div><div><span><b>Altitude:</b></span> <span>27,575 ft</span></div>\n<div><span><b>Speed:</b></span> <span>385 kt</span></div>\n<div><span><b>Heading:</b></span> <span>236&deg;</span></div>\n</div>"},"icon-heading":236,"icon":"http://maps.google.com/mapfiles/kml/shapes/airports.png","timestamp":"2026-05-18T05:24:17+00:00"}},{"type":"Feature","geometry":{"type":"Point","coordinates":[11.352615,51.244331,8145.78]},"properties":{"name":"2026-05-18 05:24:49 UTC","description":{"@type":"html","value":"<div><div><span><b>Altitude:</b></span> <span>26,725 ft</span></div>\n<div><span><b>Speed:</b></span> <span>380 kt</span></div>\n<div><span><b>Heading:</b></span> <span>236&deg;</span></div>\n</div>"},"icon-heading":236,"icon":"http://maps.google.com/mapfiles/kml/shapes/airports.png","timestamp":"2026-05-18T05:24:49+00:00"}},{"type":"Feature","geometry":{"type":"Point","coordinates":[11.276627,51.212349,7879.08]},"properties":{"name":"2026-05-18 05:25:21 UTC","description":{"@type":"html","value":"<div><div><span><b>Altitude:</b></span> <span>25,850 ft</span></div>\n<div><span><b>Speed:</b></span> <span>379 kt</span></div>\n<div><span><b>Heading:</b></span> <span>236&deg;</span></div>\n</div>"},"icon-heading":236,"icon":"http://maps.google.com/mapfiles/kml/shapes/airports.png","timestamp":"2026-05-18T05:25:21+00:00"}},{"type":"Feature","geometry":{"type":"Point","coordinates":[11.204758,51.182045,7627.62]},"properties":{"name":"2026-05-18 05:25:53 UTC","description":{"@type":"html","value":"<div><div><span><b>Altitude:</b></span> <span>25,025 ft</span></div>\n<div><span><b>Speed:</b></span> <span>376 kt</span></div>\n<div><span><b>Heading:</b></span> <span>236&deg;</span></div>\n</div>"},"icon-heading":236,"icon":"http://maps.google.com/mapfiles/kml/shapes/airports.png","timestamp":"2026-05-18T05:25:53+00:00"}},{"type":"Feature","geometry":{"type":"Point","coordinates":[11.131674,51.151199,7368.54]},"properties":{"name":"2026-05-18 05:26:24 UTC","description":{"@type":"html","value":"<div><div><span><b>Altitude:</b></span> <span>24,175 ft</span></div>\n<div><span><b>Speed:</b></span> <span>372 kt</span></div>\n<div><span><b>Heading:</b></span> <span>236&deg;</span></div>\n</div>"},"icon-heading":236,"icon":"http://maps.google.com/mapfiles/kml/shapes/airports.png","timestamp":"2026-05-18T05:26:24+00:00"}},{"type":"Feature","geometry":{"type":"Point","coordinates":[11.059001,51.120346,7101.84]},"properties":{"name":"2026-05-18 05:26:57 UTC","description":{"@type":"html","value":"<div><div><span><b>Altitude:</b></span> <span>23,300 ft</span></div>\n<div><span><b>Speed:</b></span> <span>368 kt</span></div>\n<div><span><b>Heading:</b></span> <span>235&deg;</span></div>\n</div>"},"icon-heading":235,"icon":"http://maps.google.com/mapfiles/kml/shapes/airports.png","timestamp":"2026-05-18T05:26:57+00:00"}},{"type":"Feature","geometry":{"type":"Point","coordinates":[10.988184,51.090225,6842.76]},"properties":{"name":"2026-05-18 05:27:29 UTC","description":{"@type":"html","value":"<div><div><span><b>Altitude:</b></span> <span>22,450 ft</span></div>\n<div><span><b>Speed:</b></span> <span>362 kt</span></div>\n<div><span><b>Heading:</b></span> <span>235&deg;</span></div>\n</div>"},"icon-heading":235,"icon":"http://maps.google.com/mapfiles/kml/shapes/airports.png","timestamp":"2026-05-18T05:27:29+00:00"}},{"type":"Feature","geometry":{"type":"Point","coordinates":[10.919296,51.060837,6713.22]},"properties":{"name":"2026-05-18 05:28:00 UTC","description":{"@type":"html","value":"<div><div><span><b>Altitude:</b></span> <span>22,025 ft</span></div>\n<div><span><b>Speed:</b></span> <span>357 kt</span></div>\n<div><span><b>Heading:</b></span> <span>235&deg;</span></div>\n</div>"},"icon-heading":235,"icon":"http://maps.google.com/mapfiles/kml/shapes/airports.png","timestamp":"2026-05-18T05:28:00+00:00"}},{"type":"Feature","geometry":{"type":"Point","coordinates":[10.850632,51.031494,6705.6]},"properties":{"name":"2026-05-18 05:28:32 UTC","description":{"@type":"html","value":"<div><div><span><b>Altitude:</b></span> <span>22,000 ft</span></div>\n<div><span><b>Speed:</b></span> <span>360 kt</span></div>\n<div><span><b>Heading:</b></span> <span>235&deg;</span></div>\n</div>"},"icon-heading":235,"icon":"http://maps.google.com/mapfiles/kml/shapes/airports.png","timestamp":"2026-05-18T05:28:32+00:00"}},{"type":"Feature","geometry":{"type":"Point","coordinates":[10.779266,51.002121,6606.54]},"properties":{"name":"2026-05-18 05:29:04 UTC","description":{"@type":"html","value":"<div><div><span><b>Altitude:</b></span> <span>21,675 ft</span></div>\n<div><span><b>Speed:</b></span> <span>362 kt</span></div>\n<div><span><b>Heading:</b></span> <span>239&deg;</span></div>\n</div>"},"icon-heading":239,"icon":"http://maps.google.com/mapfiles/kml/shapes/airports.png","timestamp":"2026-05-18T05:29:04+00:00"}},{"type":"Feature","geometry":{"type":"Point","coordinates":[10.704803,50.974236,6438.9]},"properties":{"name":"2026-05-18 05:29:36 UTC","description":{"@type":"html","value":"<div><div><span><b>Altitude:</b></span> <span>21,125 ft</span></div>\n<div><span><b>Speed:</b></span> <span>380 kt</span></div>\n<div><span><b>Heading:</b></span> <span>239&deg;</span></div>\n</div>"},"icon-heading":239,"icon":"http://maps.google.com/mapfiles/kml/shapes/airports.png","timestamp":"2026-05-18T05:29:36+00:00"}},{"type":"Feature","geometry":{"type":"Point","coordinates":[10.628011,50.945206,6278.88]},"properties":{"name":"2026-05-18 05:30:09 UTC","description":{"@type":"html","value":"<div><div><span><b>Altitude:</b></span> <span>20,600 ft</span></div>\n<div><span><b>Speed:</b></span> <span>382 kt</span></div>\n<div><span><b>Heading:</b></span> <span>239&deg;</span></div>\n</div>"},"icon-heading":239,"icon":"http://maps.google.com/mapfiles/kml/shapes/airports.png","timestamp":"2026-05-18T05:30:09+00:00"}},{"type":"Feature","geometry":{"type":"Point","coordinates":[10.550216,50.915955,6118.86]},"properties":{"name":"2026-05-18 05:30:41 UTC","description":{"@type":"html","value":"<div><div><span><b>Altitude:</b></span> <span>20,075 ft</span></div>\n<div><span><b>Speed:</b></span> <span>374 kt</span></div>\n<div><span><b>Heading:</b></span> <span>239&deg;</span></div>\n</div>"},"icon-heading":239,"icon":"http://maps.google.com/mapfiles/kml/shapes/airports.png","timestamp":"2026-05-18T05:30:41+00:00"}},{"type":"Feature","geometry":{"type":"Point","coordinates":[10.474573,50.887299,6035.04]},"properties":{"name":"2026-05-18 05:31:13 UTC","description":{"@type":"html","value":"<div><div><span><b>Altitude:</b></span> <span>19,800 ft</span></div>\n<div><span><b>Speed:</b></span> <span>373 kt</span></div>\n<div><span><b>Heading:</b></span> <span>239&deg;</span></div>\n</div>"},"icon-heading":239,"icon":"http://maps.google.com/mapfiles/kml/shapes/airports.png","timestamp":"2026-05-18T05:31:13+00:00"}},{"type":"Feature","geometry":{"type":"Point","coordinates":[10.400935,50.859375,5775.96]},"properties":{"name":"2026-05-18 05:31:45 UTC","description":{"@type":"html","value":"<div><div><span><b>Altitude:</b></span> <span>18,950 ft</span></div>\n<div><span><b>Speed:</b></span> <span>365 kt</span></div>\n<div><span><b>Heading:</b></span> <span>239&deg;</span></div>\n</div>"},"icon-heading":239,"icon":"http://maps.google.com/mapfiles/kml/shapes/airports.png","timestamp":"2026-05-18T05:31:45+00:00"}},{"type":"Feature","geometry":{"type":"Point","coordinates":[10.327445,50.831497,5516.88]},"properties":{"name":"2026-05-18 05:32:18 UTC","description":{"@type":"html","value":"<div><div><span><b>Altitude:</b></span> <span>18,100 ft</span></div>\n<div><span><b>Speed:</b></span> <span>362 kt</span></div>\n<div><span><b>Heading:</b></span> <span>239&deg;</span></div>\n</div>"},"icon-heading":239,"icon":"http://maps.google.com/mapfiles/kml/shapes/airports.png","timestamp":"2026-05-18T05:32:18+00:00"}},{"type":"Feature","geometry":{"type":"Point","coordinates":[10.254135,50.803669,5250.18]},"properties":{"name":"2026-05-18 05:32:50 UTC","description":{"@type":"html","value":"<div><div><span><b>Altitude:</b></span> <span>17,225 ft</span></div>\n<div><span><b>Speed:</b></span> <span>360 kt</span></div>\n<div><span><b>Heading:</b></span> <span>238&deg;</span></div>\n</div>"},"icon-heading":238,"icon":"http://maps.google.com/mapfiles/kml/shapes/airports.png","timestamp":"2026-05-18T05:32:50+00:00"}},{"type":"Feature","geometry":{"type":"Point","coordinates":[10.182174,50.775879,4991.1]},"properties":{"name":"2026-05-18 05:33:22 UTC","description":{"@type":"html","value":"<div><div><span><b>Altitude:</b></span> <span>16,375 ft</span></div>\n<div><span><b>Speed:</b></span> <span>354 kt</span></div>\n<div><span><b>Heading:</b></span> <span>238&deg;</span></div>\n</div>"},"icon-heading":238,"icon":"http://maps.google.com/mapfiles/kml/shapes/airports.png","timestamp":"2026-05-18T05:33:22+00:00"}},{"type":"Feature","geometry":{"type":"Point","coordinates":[10.112,50.74892,4739.64]},"properties":{"name":"2026-05-18 05:33:54 UTC","description":{"@type":"html","value":"<div><div><span><b>Altitude:</b></span> <span>15,550 ft</span></div>\n<div><span><b>Speed:</b></span> <span>346 kt</span></div>\n<div><span><b>Heading:</b></span> <span>238&deg;</span></div>\n</div>"},"icon-heading":238,"icon":"http://maps.google.com/mapfiles/kml/shapes/airports.png","timestamp":"2026-05-18T05:33:54+00:00"}},{"type":"Feature","geometry":{"type":"Point","coordinates":[10.047379,50.724018,4564.38]},"properties":{"name":"2026-05-18 05:34:25 UTC","description":{"@type":"html","value":"<div><div><span><b>Altitude:</b></span> <span>14,975 ft</span></div>\n<div><span><b>Speed:</b></span> <span>342 kt</span></div>\n<div><span><b>Heading:</b></span> <span>238&deg;</span></div>\n</div>"},"icon-heading":238,"icon":"http://maps.google.com/mapfiles/kml/shapes/airports.png","timestamp":"2026-05-18T05:34:25+00:00"}},{"type":"Feature","geometry":{"type":"Point","coordinates":[9.979401,50.697807,4389.12]},"properties":{"name":"2026-05-18 05:34:57 UTC","description":{"@type":"html","value":"<div><div><span><b>Altitude:</b></span> <span>14,400 ft</span></div>\n<div><span><b>Speed:</b></span> <span>341 kt</span></div>\n<div><span><b>Heading:</b></span> <span>238&deg;</span></div>\n</div>"},"icon-heading":238,"icon":"http://maps.google.com/mapfiles/kml/shapes/airports.png","timestamp":"2026-05-18T05:34:57+00:00"}},{"type":"Feature","geometry":{"type":"Point","coordinates":[9.908628,50.670528,4198.62]},"properties":{"name":"2026-05-18 05:35:30 UTC","description":{"@type":"html","value":"<div><div><span><b>Altitude:</b></span> <span>13,775 ft</span></div>\n<div><span><b>Speed:</b></span> <span>340 kt</span></div>\n<div><span><b>Heading:</b></span> <span>238&deg;</span></div>\n</div>"},"icon-heading":238,"icon":"http://maps.google.com/mapfiles/kml/shapes/airports.png","timestamp":"2026-05-18T05:35:30+00:00"}},{"type":"Feature","geometry":{"type":"Point","coordinates":[9.84078,50.64418,4023.36]},"properties":{"name":"2026-05-18 05:36:02 UTC","description":{"@type":"html","value":"<div><div><span><b>Altitude:</b></span> <span>13,200 ft</span></div>\n<div><span><b>Speed:</b></span> <span>335 kt</span></div>\n<div><span><b>Heading:</b></span> <span>238&deg;</span></div>\n</div>"},"icon-heading":238,"icon":"http://maps.google.com/mapfiles/kml/shapes/airports.png","timestamp":"2026-05-18T05:36:02+00:00"}},{"type":"Feature","geometry":{"type":"Point","coordinates":[9.777543,50.619644,3848.1]},"properties":{"name":"2026-05-18 05:36:33 UTC","description":{"@type":"html","value":"<div><div><span><b>Altitude:</b></span> <span>12,625 ft</span></div>\n<div><span><b>Speed:</b></span> <span>333 kt</span></div>\n<div><span><b>Heading:</b></span> <span>238&deg;</span></div>\n</div>"},"icon-heading":238,"icon":"http://maps.google.com/mapfiles/kml/shapes/airports.png","timestamp":"2026-05-18T05:36:33+00:00"}},{"type":"Feature","geometry":{"type":"Point","coordinates":[9.710652,50.593533,3672.84]},"properties":{"name":"2026-05-18 05:37:06 UTC","description":{"@type":"html","value":"<div><div><span><b>Altitude:</b></span> <span>12,050 ft</span></div>\n<div><span><b>Speed:</b></span> <span>330 kt</span></div>\n<div><span><b>Heading:</b></span> <span>238&deg;</span></div>\n</div>"},"icon-heading":238,"icon":"http://maps.google.com/mapfiles/kml/shapes/airports.png","timestamp":"2026-05-18T05:37:06+00:00"}},{"type":"Feature","geometry":{"type":"Point","coordinates":[9.644215,50.567696,3489.96]},"properties":{"name":"2026-05-18 05:37:38 UTC","description":{"@type":"html","value":"<div><div><span><b>Altitude:</b></span> <span>11,450 ft</span></div>\n<div><span><b>Speed:</b></span> <span>329 kt</span></div>\n<div><span><b>Heading:</b></span> <span>238&deg;</span></div>\n</div>"},"icon-heading":238,"icon":"http://maps.google.com/mapfiles/kml/shapes/airports.png","timestamp":"2026-05-18T05:37:38+00:00"}},{"type":"Feature","geometry":{"type":"Point","coordinates":[9.617936,50.557312,3413.76]},"properties":{"name":"2026-05-18 05:37:51 UTC","description":{"@type":"html","value":"<div><div><span><b>Altitude:</b></span> <span>11,200 ft</span></div>\n<div><span><b>Speed:</b></span> <span>329 kt</span></div>\n<div><span><b>Heading:</b></span> <span>238&deg;</span></div>\n</div>"},"icon-heading":238,"icon":"http://maps.google.com/mapfiles/kml/shapes/airports.png","timestamp":"2026-05-18T05:37:51+00:00"}},{"type":"Feature","geometry":{"type":"Point","coordinates":[9.590768,50.546604,3360.42]},"properties":{"name":"2026-05-18 05:38:04 UTC","description":{"@type":"html","value":"<div><div><span><b>Altitude:</b></span> <span>11,025 ft</span></div>\n<div><span><b>Speed:</b></span> <span>328 kt</span></div>\n<div><span><b>Heading:</b></span> <span>238&deg;</span></div>\n</div>"},"icon-heading":238,"icon":"http://maps.google.com/mapfiles/kml/shapes/airports.png","timestamp":"2026-05-18T05:38:04+00:00"}},{"type":"Feature","geometry":{"type":"Point","coordinates":[9.56461,50.536377,3352.8]},"properties":{"name":"2026-05-18 05:38:17 UTC","description":{"@type":"html","value":"<div><div><span><b>Altitude:</b></span> <span>11,000 ft</span></div>\n<div><span><b>Speed:</b></span> <span>328 kt</span></div>\n<div><span><b>Heading:</b></span> <span>238&deg;</span></div>\n</div>"},"icon-heading":238,"icon":"http://maps.google.com/mapfiles/kml/shapes/airports.png","timestamp":"2026-05-18T05:38:17+00:00"}},{"type":"Feature","geometry":{"type":"Point","coordinates":[9.53729,50.525711,3352.8]},"properties":{"name":"2026-05-18 05:38:31 UTC","description":{"@type":"html","value":"<div><div><span><b>Altitude:</b></span> <span>11,000 ft</span></div>\n<div><span><b>Speed:</b></span> <span>329 kt</span></div>\n<div><span><b>Heading:</b></span> <span>238&deg;</span></div>\n</div>"},"icon-heading":238,"icon":"http://maps.google.com/mapfiles/kml/shapes/airports.png","timestamp":"2026-05-18T05:38:31+00:00"}},{"type":"Feature","geometry":{"type":"Point","coordinates":[9.511117,50.515415,3352.8]},"properties":{"name":"2026-05-18 05:38:43 UTC","description":{"@type":"html","value":"<div><div><span><b>Altitude:</b></span> <span>11,000 ft</span></div>\n<div><span><b>Speed:</b></span> <span>328 kt</span></div>\n<div><span><b>Heading:</b></span> <span>238&deg;</span></div>\n</div>"},"icon-heading":238,"icon":"http://maps.google.com/mapfiles/kml/shapes/airports.png","timestamp":"2026-05-18T05:38:43+00:00"}},{"type":"Feature","geometry":{"type":"Point","coordinates":[9.484987,50.505173,3352.8]},"properties":{"name":"2026-05-18 05:38:56 UTC","description":{"@type":"html","value":"<div><div><span><b>Altitude:</b></span> <span>11,000 ft</span></div>\n<div><span><b>Speed:</b></span> <span>328 kt</span></div>\n<div><span><b>Heading:</b></span> <span>238&deg;</span></div>\n</div>"},"icon-heading":238,"icon":"http://maps.google.com/mapfiles/kml/shapes/airports.png","timestamp":"2026-05-18T05:38:56+00:00"}},{"type":"Feature","geometry":{"type":"Point","coordinates":[9.459377,50.495071,3352.8]},"properties":{"name":"2026-05-18 05:39:09 UTC","description":{"@type":"html","value":"<div><div><span><b>Altitude:</b></span> <span>11,000 ft</span></div>\n<div><span><b>Speed:</b></span> <span>326 kt</span></div>\n<div><span><b>Heading:</b></span> <span>238&deg;</span></div>\n</div>"},"icon-heading":238,"icon":"http://maps.google.com/mapfiles/kml/shapes/airports.png","timestamp":"2026-05-18T05:39:09+00:00"}},{"type":"Feature","geometry":{"type":"Point","coordinates":[9.431185,50.481857,3345.18]},"properties":{"name":"2026-05-18 05:39:24 UTC","description":{"@type":"html","value":"<div><div><span><b>Altitude:</b></span> <span>10,975 ft</span></div>\n<div><span><b>Speed:</b></span> <span>327 kt</span></div>\n<div><span><b>Heading:</b></span> <span>227&deg;</span></div>\n</div>"},"icon-heading":227,"icon":"http://maps.google.com/mapfiles/kml/shapes/airports.png","timestamp":"2026-05-18T05:39:24+00:00"}},{"type":"Feature","geometry":{"type":"Point","coordinates":[9.427788,50.479523,3345.18]},"properties":{"name":"2026-05-18 05:39:26 UTC","description":{"@type":"html","value":"<div><div><span><b>Altitude:</b></span> <span>10,975 ft</span></div>\n<div><span><b>Speed:</b></span> <span>326 kt</span></div>\n<div><span><b>Heading:</b></span> <span>224&deg;</span></div>\n</div>"},"icon-heading":224,"icon":"http://maps.google.com/mapfiles/kml/shapes/airports.png","timestamp":"2026-05-18T05:39:26+00:00"}},{"type":"Feature","geometry":{"type":"Point","coordinates":[9.424933,50.477291,3345.18]},"properties":{"name":"2026-05-18 05:39:28 UTC","description":{"@type":"html","value":"<div><div><span><b>Altitude:</b></span> <span>10,975 ft</span></div>\n<div><span><b>Speed:</b></span> <span>325 kt</span></div>\n<div><span><b>Heading:</b></span> <span>221&deg;</span></div>\n</div>"},"icon-heading":221,"icon":"http://maps.google.com/mapfiles/kml/shapes/airports.png","timestamp":"2026-05-18T05:39:28+00:00"}},{"type":"Feature","geometry":{"type":"Point","coordinates":[9.421354,50.474121,3352.8]},"properties":{"name":"2026-05-18 05:39:30 UTC","description":{"@type":"html","value":"<div><div><span><b>Altitude:</b></span> <span>11,000 ft</span></div>\n<div><span><b>Speed:</b></span> <span>325 kt</span></div>\n<div><span><b>Heading:</b></span> <span>217&deg;</span></div>\n</div>"},"icon-heading":217,"icon":"http://maps.google.com/mapfiles/kml/shapes/airports.png","timestamp":"2026-05-18T05:39:30+00:00"}},{"type":"Feature","geometry":{"type":"Point","coordinates":[9.418995,50.471703,3352.8]},"properties":{"name":"2026-05-18 05:39:32 UTC","description":{"@type":"html","value":"<div><div><span><b>Altitude:</b></span> <span>11,000 ft</span></div>\n<div><span><b>Speed:</b></span> <span>325 kt</span></div>\n<div><span><b>Heading:</b></span> <span>213&deg;</span></div>\n</div>"},"icon-heading":213,"icon":"http://maps.google.com/mapfiles/kml/shapes/airports.png","timestamp":"2026-05-18T05:39:32+00:00"}},{"type":"Feature","geometry":{"type":"Point","coordinates":[9.416248,50.468723,3352.8]},"properties":{"name":"2026-05-18 05:39:35 UTC","description":{"@type":"html","value":"<div><div><span><b>Altitude:</b></span> <span>11,000 ft</span></div>\n<div><span><b>Speed:</b></span> <span>325 kt</span></div>\n<div><span><b>Heading:</b></span> <span>211&deg;</span></div>\n</div>"},"icon-heading":211,"icon":"http://maps.google.com/mapfiles/kml/shapes/airports.png","timestamp":"2026-05-18T05:39:35+00:00"}},{"type":"Feature","geometry":{"type":"Point","coordinates":[9.414096,50.466022,3352.8]},"properties":{"name":"2026-05-18 05:39:37 UTC","description":{"@type":"html","value":"<div><div><span><b>Altitude:</b></span> <span>11,000 ft</span></div>\n<div><span><b>Speed:</b></span> <span>326 kt</span></div>\n<div><span><b>Heading:</b></span> <span>208&deg;</span></div>\n</div>"},"icon-heading":208,"icon":"http://maps.google.com/mapfiles/kml/shapes/airports.png","timestamp":"2026-05-18T05:39:37+00:00"}},{"type":"Feature","geometry":{"type":"Point","coordinates":[9.41172,50.462906,3352.8]},"properties":{"name":"2026-05-18 05:39:39 UTC","description":{"@type":"html","value":"<div><div><span><b>Altitude:</b></span> <span>11,000 ft</span></div>\n<div><span><b>Speed:</b></span> <span>326 kt</span></div>\n<div><span><b>Heading:</b></span> <span>206&deg;</span></div>\n</div>"},"icon-heading":206,"icon":"http://maps.google.com/mapfiles/kml/shapes/airports.png","timestamp":"2026-05-18T05:39:39+00:00"}},{"type":"Feature","geometry":{"type":"Point","coordinates":[9.409935,50.460297,3360.42]},"properties":{"name":"2026-05-18 05:39:41 UTC","description":{"@type":"html","value":"<div><div><span><b>Altitude:</b></span> <span>11,025 ft</span></div>\n<div><span><b>Speed:</b></span> <span>326 kt</span></div>\n<div><span><b>Heading:</b></span> <span>204&deg;</span></div>\n</div>"},"icon-heading":204,"icon":"http://maps.google.com/mapfiles/kml/shapes/airports.png","timestamp":"2026-05-18T05:39:41+00:00"}},{"type":"Feature","geometry":{"type":"Point","coordinates":[9.40755,50.456818,3360.42]},"properties":{"name":"2026-05-18 05:39:43 UTC","description":{"@type":"html","value":"<div><div><span><b>Altitude:</b></span> <span>11,025 ft</span></div>\n<div><span><b>Speed:</b></span> <span>325 kt</span></div>\n<div><span><b>Heading:</b></span> <span>203&deg;</span></div>\n</div>"},"icon-heading":203,"icon":"http://maps.google.com/mapfiles/kml/shapes/airports.png","timestamp":"2026-05-18T05:39:43+00:00"}},{"type":"Feature","geometry":{"type":"Point","coordinates":[9.405598,50.453934,3352.8]},"properties":{"name":"2026-05-18 05:39:45 UTC","description":{"@type":"html","value":"<div><div><span><b>Altitude:</b></span> <span>11,000 ft</span></div>\n<div><span><b>Speed:</b></span> <span>326 kt</span></div>\n<div><span><b>Heading:</b></span> <span>203&deg;</span></div>\n</div>"},"icon-heading":203,"icon":"http://maps.google.com/mapfiles/kml/shapes/airports.png","timestamp":"2026-05-18T05:39:45+00:00"}},{"type":"Feature","geometry":{"type":"Point","coordinates":[9.40379,50.451141,3352.8]},"properties":{"name":"2026-05-18 05:39:47 UTC","description":{"@type":"html","value":"<div><div><span><b>Altitude:</b></span> <span>11,000 ft</span></div>\n<div><span><b>Speed:</b></span> <span>326 kt</span></div>\n<div><span><b>Heading:</b></span> <span>203&deg;</span></div>\n</div>"},"icon-heading":203,"icon":"http://maps.google.com/mapfiles/kml/shapes/airports.png","timestamp":"2026-05-18T05:39:47+00:00"}},{"type":"Feature","geometry":{"type":"Point","coordinates":[9.401996,50.448334,3352.8]},"properties":{"name":"2026-05-18 05:39:49 UTC","description":{"@type":"html","value":"<div><div><span><b>Altitude:</b></span> <span>11,000 ft</span></div>\n<div><span><b>Speed:</b></span> <span>326 kt</span></div>\n<div><span><b>Heading:</b></span> <span>202&deg;</span></div>\n</div>"},"icon-heading":202,"icon":"http://maps.google.com/mapfiles/kml/shapes/airports.png","timestamp":"2026-05-18T05:39:49+00:00"}},{"type":"Feature","geometry":{"type":"Point","coordinates":[9.399991,50.445263,3360.42]},"properties":{"name":"2026-05-18 05:39:52 UTC","description":{"@type":"html","value":"<div><div><span><b>Altitude:</b></span> <span>11,025 ft</span></div>\n<div><span><b>Speed:</b></span> <span>326 kt</span></div>\n<div><span><b>Heading:</b></span> <span>202&deg;</span></div>\n</div>"},"icon-heading":202,"icon":"http://maps.google.com/mapfiles/kml/shapes/airports.png","timestamp":"2026-05-18T05:39:52+00:00"}},{"type":"Feature","geometry":{"type":"Point","coordinates":[9.398153,50.44249,3352.8]},"properties":{"name":"2026-05-18 05:39:54 UTC","description":{"@type":"html","value":"<div><div><span><b>Altitude:</b></span> <span>11,000 ft</span></div>\n<div><span><b>Speed:</b></span> <span>326 kt</span></div>\n<div><span><b>Heading:</b></span> <span>202&deg;</span></div>\n</div>"},"icon-heading":202,"icon":"http://maps.google.com/mapfiles/kml/shapes/airports.png","timestamp":"2026-05-18T05:39:54+00:00"}},{"type":"Feature","geometry":{"type":"Point","coordinates":[9.395761,50.438698,3352.8]},"properties":{"name":"2026-05-18 05:39:56 UTC","description":{"@type":"html","value":"<div><div><span><b>Altitude:</b></span> <span>11,000 ft</span></div>\n<div><span><b>Speed:</b></span> <span>327 kt</span></div>\n<div><span><b>Heading:</b></span> <span>202&deg;</span></div>\n</div>"},"icon-heading":202,"icon":"http://maps.google.com/mapfiles/kml/shapes/airports.png","timestamp":"2026-05-18T05:39:56+00:00"}},{"type":"Feature","geometry":{"type":"Point","coordinates":[9.394424,50.436604,3352.8]},"properties":{"name":"2026-05-18 05:39:58 UTC","description":{"@type":"html","value":"<div><div><span><b>Altitude:</b></span> <span>11,000 ft</span></div>\n<div><span><b>Speed:</b></span> <span>328 kt</span></div>\n<div><span><b>Heading:</b></span> <span>202&deg;</span></div>\n</div>"},"icon-heading":202,"icon":"http://maps.google.com/mapfiles/kml/shapes/airports.png","timestamp":"2026-05-18T05:39:58+00:00"}},{"type":"Feature","geometry":{"type":"Point","coordinates":[9.392123,50.433064,3352.8]},"properties":{"name":"2026-05-18 05:40:00 UTC","description":{"@type":"html","value":"<div><div><span><b>Altitude:</b></span> <span>11,000 ft</span></div>\n<div><span><b>Speed:</b></span> <span>328 kt</span></div>\n<div><span><b>Heading:</b></span> <span>202&deg;</span></div>\n</div>"},"icon-heading":202,"icon":"http://maps.google.com/mapfiles/kml/shapes/airports.png","timestamp":"2026-05-18T05:40:00+00:00"}},{"type":"Feature","geometry":{"type":"Point","coordinates":[9.390341,50.430271,3352.8]},"properties":{"name":"2026-05-18 05:40:02 UTC","description":{"@type":"html","value":"<div><div><span><b>Altitude:</b></span> <span>11,000 ft</span></div>\n<div><span><b>Speed:</b></span> <span>329 kt</span></div>\n<div><span><b>Heading:</b></span> <span>202&deg;</span></div>\n</div>"},"icon-heading":202,"icon":"http://maps.google.com/mapfiles/kml/shapes/airports.png","timestamp":"2026-05-18T05:40:02+00:00"}},{"type":"Feature","geometry":{"type":"Point","coordinates":[9.379,50.412552,3345.18]},"properties":{"name":"2026-05-18 05:40:16 UTC","description":{"@type":"html","value":"<div><div><span><b>Altitude:</b></span> <span>10,975 ft</span></div>\n<div><span><b>Speed:</b></span> <span>321 kt</span></div>\n<div><span><b>Heading:</b></span> <span>202&deg;</span></div>\n</div>"},"icon-heading":202,"icon":"http://maps.google.com/mapfiles/kml/shapes/airports.png","timestamp":"2026-05-18T05:40:16+00:00"}},{"type":"Feature","geometry":{"type":"Point","coordinates":[9.367579,50.394791,3352.8]},"properties":{"name":"2026-05-18 05:40:28 UTC","description":{"@type":"html","value":"<div><div><span><b>Altitude:</b></span> <span>11,000 ft</span></div>\n<div><span><b>Speed:</b></span> <span>304 kt</span></div>\n<div><span><b>Heading:</b></span> <span>202&deg;</span></div>\n</div>"},"icon-heading":202,"icon":"http://maps.google.com/mapfiles/kml/shapes/airports.png","timestamp":"2026-05-18T05:40:28+00:00"}},{"type":"Feature","geometry":{"type":"Point","coordinates":[9.357085,50.378551,3337.56]},"properties":{"name":"2026-05-18 05:40:41 UTC","description":{"@type":"html","value":"<div><div><span><b>Altitude:</b></span> <span>10,950 ft</span></div>\n<div><span><b>Speed:</b></span> <span>290 kt</span></div>\n<div><span><b>Heading:</b></span> <span>202&deg;</span></div>\n</div>"},"icon-heading":202,"icon":"http://maps.google.com/mapfiles/kml/shapes/airports.png","timestamp":"2026-05-18T05:40:41+00:00"}},{"type":"Feature","geometry":{"type":"Point","coordinates":[9.347213,50.363144,3307.08]},"properties":{"name":"2026-05-18 05:40:54 UTC","description":{"@type":"html","value":"<div><div><span><b>Altitude:</b></span> <span>10,850 ft</span></div>\n<div><span><b>Speed:</b></span> <span>279 kt</span></div>\n<div><span><b>Heading:</b></span> <span>202&deg;</span></div>\n</div>"},"icon-heading":202,"icon":"http://maps.google.com/mapfiles/kml/shapes/airports.png","timestamp":"2026-05-18T05:40:54+00:00"}},{"type":"Feature","geometry":{"type":"Point","coordinates":[9.338379,50.345871,3261.36]},"properties":{"name":"2026-05-18 05:41:09 UTC","description":{"@type":"html","value":"<div><div><span><b>Altitude:</b></span> <span>10,700 ft</span></div>\n<div><span><b>Speed:</b></span> <span>270 kt</span></div>\n<div><span><b>Heading:</b></span> <span>192&deg;</span></div>\n</div>"},"icon-heading":192,"icon":"http://maps.google.com/mapfiles/kml/shapes/airports.png","timestamp":"2026-05-18T05:41:09+00:00"}},{"type":"Feature","geometry":{"type":"Point","coordinates":[9.337729,50.343201,3261.36]},"properties":{"name":"2026-05-18 05:41:11 UTC","description":{"@type":"html","value":"<div><div><span><b>Altitude:</b></span> <span>10,700 ft</span></div>\n<div><span><b>Speed:</b></span> <span>269 kt</span></div>\n<div><span><b>Heading:</b></span> <span>189&deg;</span></div>\n</div>"},"icon-heading":189,"icon":"http://maps.google.com/mapfiles/kml/shapes/airports.png","timestamp":"2026-05-18T05:41:11+00:00"}},{"type":"Feature","geometry":{"type":"Point","coordinates":[9.337339,50.340706,3253.74]},"properties":{"name":"2026-05-18 05:41:13 UTC","description":{"@type":"html","value":"<div><div><span><b>Altitude:</b></span> <span>10,675 ft</span></div>\n<div><span><b>Speed:</b></span> <span>267 kt</span></div>\n<div><span><b>Heading:</b></span> <span>185&deg;</span></div>\n</div>"},"icon-heading":185,"icon":"http://maps.google.com/mapfiles/kml/shapes/airports.png","timestamp":"2026-05-18T05:41:13+00:00"}},{"type":"Feature","geometry":{"type":"Point","coordinates":[9.337043,50.337399,3246.12]},"properties":{"name":"2026-05-18 05:41:15 UTC","description":{"@type":"html","value":"<div><div><span><b>Altitude:</b></span> <span>10,650 ft</span></div>\n<div><span><b>Speed:</b></span> <span>266 kt</span></div>\n<div><span><b>Heading:</b></span> <span>184&deg;</span></div>\n</div>"},"icon-heading":184,"icon":"http://maps.google.com/mapfiles/kml/shapes/airports.png","timestamp":"2026-05-18T05:41:15+00:00"}},{"type":"Feature","geometry":{"type":"Point","coordinates":[9.336861,50.334961,3246.12]},"properties":{"name":"2026-05-18 05:41:17 UTC","description":{"@type":"html","value":"<div><div><span><b>Altitude:</b></span> <span>10,650 ft</span></div>\n<div><span><b>Speed:</b></span> <span>265 kt</span></div>\n<div><span><b>Heading:</b></span> <span>182&deg;</span></div>\n</div>"},"icon-heading":182,"icon":"http://maps.google.com/mapfiles/kml/shapes/airports.png","timestamp":"2026-05-18T05:41:17+00:00"}},{"type":"Feature","geometry":{"type":"Point","coordinates":[9.336746,50.33242,3238.5]},"properties":{"name":"2026-05-18 05:41:19 UTC","description":{"@type":"html","value":"<div><div><span><b>Altitude:</b></span> <span>10,625 ft</span></div>\n<div><span><b>Speed:</b></span> <span>264 kt</span></div>\n<div><span><b>Heading:</b></span> <span>181&deg;</span></div>\n</div>"},"icon-heading":181,"icon":"http://maps.google.com/mapfiles/kml/shapes/airports.png","timestamp":"2026-05-18T05:41:19+00:00"}},{"type":"Feature","geometry":{"type":"Point","coordinates":[9.336672,50.329861,3230.88]},"properties":{"name":"2026-05-18 05:41:21 UTC","description":{"@type":"html","value":"<div><div><span><b>Altitude:</b></span> <span>10,600 ft</span></div>\n<div><span><b>Speed:</b></span> <span>263 kt</span></div>\n<div><span><b>Heading:</b></span> <span>181&deg;</span></div>\n</div>"},"icon-heading":181,"icon":"http://maps.google.com/mapfiles/kml/shapes/airports.png","timestamp":"2026-05-18T05:41:21+00:00"}},{"type":"Feature","geometry":{"type":"Point","coordinates":[9.336572,50.327591,3230.88]},"properties":{"name":"2026-05-18 05:41:24 UTC","description":{"@type":"html","value":"<div><div><span><b>Altitude:</b></span> <span>10,600 ft</span></div>\n<div><span><b>Speed:</b></span> <span>261 kt</span></div>\n<div><span><b>Heading:</b></span> <span>181&deg;</span></div>\n</div>"},"icon-heading":181,"icon":"http://maps.google.com/mapfiles/kml/shapes/airports.png","timestamp":"2026-05-18T05:41:24+00:00"}},{"type":"Feature","geometry":{"type":"Point","coordinates":[9.336523,50.324692,3223.26]},"properties":{"name":"2026-05-18 05:41:26 UTC","description":{"@type":"html","value":"<div><div><span><b>Altitude:</b></span> <span>10,575 ft</span></div>\n<div><span><b>Speed:</b></span> <span>260 kt</span></div>\n<div><span><b>Heading:</b></span> <span>180&deg;</span></div>\n</div>"},"icon-heading":180,"icon":"http://maps.google.com/mapfiles/kml/shapes/airports.png","timestamp":"2026-05-18T05:41:26+00:00"}},{"type":"Feature","geometry":{"type":"Point","coordinates":[9.336523,50.322456,3215.64]},"properties":{"name":"2026-05-18 05:41:28 UTC","description":{"@type":"html","value":"<div><div><span><b>Altitude:</b></span> <span>10,550 ft</span></div>\n<div><span><b>Speed:</b></span> <span>259 kt</span></div>\n<div><span><b>Heading:</b></span> <span>180&deg;</span></div>\n</div>"},"icon-heading":180,"icon":"http://maps.google.com/mapfiles/kml/shapes/airports.png","timestamp":"2026-05-18T05:41:28+00:00"}},{"type":"Feature","geometry":{"type":"Point","coordinates":[9.336499,50.319351,3208.02]},"properties":{"name":"2026-05-18 05:41:30 UTC","description":{"@type":"html","value":"<div><div><span><b>Altitude:</b></span> <span>10,525 ft</span></div>\n<div><span><b>Speed:</b></span> <span>257 kt</span></div>\n<div><span><b>Heading:</b></span> <span>180&deg;</span></div>\n</div>"},"icon-heading":180,"icon":"http://maps.google.com/mapfiles/kml/shapes/airports.png","timestamp":"2026-05-18T05:41:30+00:00"}},{"type":"Feature","geometry":{"type":"Point","coordinates":[9.336428,50.317017,3208.02]},"properties":{"name":"2026-05-18 05:41:32 UTC","description":{"@type":"html","value":"<div><div><span><b>Altitude:</b></span> <span>10,525 ft</span></div>\n<div><span><b>Speed:</b></span> <span>255 kt</span></div>\n<div><span><b>Heading:</b></span> <span>180&deg;</span></div>\n</div>"},"icon-heading":180,"icon":"http://maps.google.com/mapfiles/kml/shapes/airports.png","timestamp":"2026-05-18T05:41:32+00:00"}},{"type":"Feature","geometry":{"type":"Point","coordinates":[9.336428,50.314545,3200.4]},"properties":{"name":"2026-05-18 05:41:34 UTC","description":{"@type":"html","value":"<div><div><span><b>Altitude:</b></span> <span>10,500 ft</span></div>\n<div><span><b>Speed:</b></span> <span>254 kt</span></div>\n<div><span><b>Heading:</b></span> <span>180&deg;</span></div>\n</div>"},"icon-heading":180,"icon":"http://maps.google.com/mapfiles/kml/shapes/airports.png","timestamp":"2026-05-18T05:41:34+00:00"}},{"type":"Feature","geometry":{"type":"Point","coordinates":[9.336449,50.312077,3192.78]},"properties":{"name":"2026-05-18 05:41:37 UTC","description":{"@type":"html","value":"<div><div><span><b>Altitude:</b></span> <span>10,475 ft</span></div>\n<div><span><b>Speed:</b></span> <span>254 kt</span></div>\n<div><span><b>Heading:</b></span> <span>180&deg;</span></div>\n</div>"},"icon-heading":180,"icon":"http://maps.google.com/mapfiles/kml/shapes/airports.png","timestamp":"2026-05-18T05:41:37+00:00"}},{"type":"Feature","geometry":{"type":"Point","coordinates":[9.336139,50.297287,3139.44]},"properties":{"name":"2026-05-18 05:41:49 UTC","description":{"@type":"html","value":"<div><div><span><b>Altitude:</b></span> <span>10,300 ft</span></div>\n<div><span><b>Speed:</b></span> <span>248 kt</span></div>\n<div><span><b>Heading:</b></span> <span>181&deg;</span></div>\n</div>"},"icon-heading":181,"icon":"http://maps.google.com/mapfiles/kml/shapes/airports.png","timestamp":"2026-05-18T05:41:49+00:00"}},{"type":"Feature","geometry":{"type":"Point","coordinates":[9.334043,50.287674,3101.34]},"properties":{"name":"2026-05-18 05:41:58 UTC","description":{"@type":"html","value":"<div><div><span><b>Altitude:</b></span> <span>10,175 ft</span></div>\n<div><span><b>Speed:</b></span> <span>244 kt</span></div>\n<div><span><b>Heading:</b></span> <span>190&deg;</span></div>\n</div>"},"icon-heading":190,"icon":"http://maps.google.com/mapfiles/kml/shapes/airports.png","timestamp":"2026-05-18T05:41:58+00:00"}},{"type":"Feature","geometry":{"type":"Point","coordinates":[9.333331,50.285915,3093.72]},"properties":{"name":"2026-05-18 05:42:00 UTC","description":{"@type":"html","value":"<div><div><span><b>Altitude:</b></span> <span>10,150 ft</span></div>\n<div><span><b>Speed:</b></span> <span>242 kt</span></div>\n<div><span><b>Heading:</b></span> <span>193&deg;</span></div>\n</div>"},"icon-heading":193,"icon":"http://maps.google.com/mapfiles/kml/shapes/airports.png","timestamp":"2026-05-18T05:42:00+00:00"}},{"type":"Feature","geometry":{"type":"Point","coordinates":[9.33209,50.283234,3078.48]},"properties":{"name":"2026-05-18 05:42:02 UTC","description":{"@type":"html","value":"<div><div><span><b>Altitude:</b></span> <span>10,100 ft</span></div>\n<div><span><b>Speed:</b></span> <span>242 kt</span></div>\n<div><span><b>Heading:</b></span> <span>195&deg;</span></div>\n</div>"},"icon-heading":195,"icon":"http://maps.google.com/mapfiles/kml/shapes/airports.png","timestamp":"2026-05-18T05:42:02+00:00"}},{"type":"Feature","geometry":{"type":"Point","coordinates":[9.330808,50.280933,3070.86]},"properties":{"name":"2026-05-18 05:42:04 UTC","description":{"@type":"html","value":"<div><div><span><b>Altitude:</b></span> <span>10,075 ft</span></div>\n<div><span><b>Speed:</b></span> <span>241 kt</span></div>\n<div><span><b>Heading:</b></span> <span>198&deg;</span></div>\n</div>"},"icon-heading":198,"icon":"http://maps.google.com/mapfiles/kml/shapes/airports.png","timestamp":"2026-05-18T05:42:04+00:00"}},{"type":"Feature","geometry":{"type":"Point","coordinates":[9.329545,50.278744,3063.24]},"properties":{"name":"2026-05-18 05:42:06 UTC","description":{"@type":"html","value":"<div><div><span><b>Altitude:</b></span> <span>10,050 ft</span></div>\n<div><span><b>Speed:</b></span> <span>240 kt</span></div>\n<div><span><b>Heading:</b></span> <span>199&deg;</span></div>\n</div>"},"icon-heading":199,"icon":"http://maps.google.com/mapfiles/kml/shapes/airports.png","timestamp":"2026-05-18T05:42:06+00:00"}},{"type":"Feature","geometry":{"type":"Point","coordinates":[9.328404,50.276779,3048]},"properties":{"name":"2026-05-18 05:42:08 UTC","description":{"@type":"html","value":"<div><div><span><b>Altitude:</b></span> <span>10,000 ft</span></div>\n<div><span><b>Speed:</b></span> <span>240 kt</span></div>\n<div><span><b>Heading:</b></span> <span>200&deg;</span></div>\n</div>"},"icon-heading":200,"icon":"http://maps.google.com/mapfiles/kml/shapes/airports.png","timestamp":"2026-05-18T05:42:08+00:00"}},{"type":"Feature","geometry":{"type":"Point","coordinates":[9.326886,50.274216,3040.38]},"properties":{"name":"2026-05-18 05:42:11 UTC","description":{"@type":"html","value":"<div><div><span><b>Altitude:</b></span> <span>9,975 ft</span></div>\n<div><span><b>Speed:</b></span> <span>239 kt</span></div>\n<div><span><b>Heading:</b></span> <span>201&deg;</span></div>\n</div>"},"icon-heading":201,"icon":"http://maps.google.com/mapfiles/kml/shapes/airports.png","timestamp":"2026-05-18T05:42:11+00:00"}},{"type":"Feature","geometry":{"type":"Point","coordinates":[9.32573,50.272339,3032.76]},"properties":{"name":"2026-05-18 05:42:13 UTC","description":{"@type":"html","value":"<div><div><span><b>Altitude:</b></span> <span>9,950 ft</span></div>\n<div><span><b>Speed:</b></span> <span>238 kt</span></div>\n<div><span><b>Heading:</b></span> <span>201&deg;</span></div>\n</div>"},"icon-heading":201,"icon":"http://maps.google.com/mapfiles/kml/shapes/airports.png","timestamp":"2026-05-18T05:42:13+00:00"}},{"type":"Feature","geometry":{"type":"Point","coordinates":[9.324068,50.269821,3017.52]},"properties":{"name":"2026-05-18 05:42:15 UTC","description":{"@type":"html","value":"<div><div><span><b>Altitude:</b></span> <span>9,900 ft</span></div>\n<div><span><b>Speed:</b></span> <span>239 kt</span></div>\n<div><span><b>Heading:</b></span> <span>202&deg;</span></div>\n</div>"},"icon-heading":202,"icon":"http://maps.google.com/mapfiles/kml/shapes/airports.png","timestamp":"2026-05-18T05:42:15+00:00"}},{"type":"Feature","geometry":{"type":"Point","coordinates":[9.322333,50.267532,3002.28]},"properties":{"name":"2026-05-18 05:42:17 UTC","description":{"@type":"html","value":"<div><div><span><b>Altitude:</b></span> <span>9,850 ft</span></div>\n<div><span><b>Speed:</b></span> <span>238 kt</span></div>\n<div><span><b>Heading:</b></span> <span>205&deg;</span></div>\n</div>"},"icon-heading":205,"icon":"http://maps.google.com/mapfiles/kml/shapes/airports.png","timestamp":"2026-05-18T05:42:17+00:00"}},{"type":"Feature","geometry":{"type":"Point","coordinates":[9.320712,50.265709,2994.66]},"properties":{"name":"2026-05-18 05:42:19 UTC","description":{"@type":"html","value":"<div><div><span><b>Altitude:</b></span> <span>9,825 ft</span></div>\n<div><span><b>Speed:</b></span> <span>238 kt</span></div>\n<div><span><b>Heading:</b></span> <span>207&deg;</span></div>\n</div>"},"icon-heading":207,"icon":"http://maps.google.com/mapfiles/kml/shapes/airports.png","timestamp":"2026-05-18T05:42:19+00:00"}},{"type":"Feature","geometry":{"type":"Point","coordinates":[9.318936,50.263824,2987.04]},"properties":{"name":"2026-05-18 05:42:21 UTC","description":{"@type":"html","value":"<div><div><span><b>Altitude:</b></span> <span>9,800 ft</span></div>\n<div><span><b>Speed:</b></span> <span>238 kt</span></div>\n<div><span><b>Heading:</b></span> <span>210&deg;</span></div>\n</div>"},"icon-heading":210,"icon":"http://maps.google.com/mapfiles/kml/shapes/airports.png","timestamp":"2026-05-18T05:42:21+00:00"}},{"type":"Feature","geometry":{"type":"Point","coordinates":[9.316768,50.261719,2971.8]},"properties":{"name":"2026-05-18 05:42:23 UTC","description":{"@type":"html","value":"<div><div><span><b>Altitude:</b></span> <span>9,750 ft</span></div>\n<div><span><b>Speed:</b></span> <span>238 kt</span></div>\n<div><span><b>Heading:</b></span> <span>213&deg;</span></div>\n</div>"},"icon-heading":213,"icon":"http://maps.google.com/mapfiles/kml/shapes/airports.png","timestamp":"2026-05-18T05:42:23+00:00"}},{"type":"Feature","geometry":{"type":"Point","coordinates":[9.314847,50.260029,2964.18]},"properties":{"name":"2026-05-18 05:42:25 UTC","description":{"@type":"html","value":"<div><div><span><b>Altitude:</b></span> <span>9,725 ft</span></div>\n<div><span><b>Speed:</b></span> <span>237 kt</span></div>\n<div><span><b>Heading:</b></span> <span>215&deg;</span></div>\n</div>"},"icon-heading":215,"icon":"http://maps.google.com/mapfiles/kml/shapes/airports.png","timestamp":"2026-05-18T05:42:25+00:00"}},{"type":"Feature","geometry":{"type":"Point","coordinates":[9.312359,50.257919,2956.56]},"properties":{"name":"2026-05-18 05:42:28 UTC","description":{"@type":"html","value":"<div><div><span><b>Altitude:</b></span> <span>9,700 ft</span></div>\n<div><span><b>Speed:</b></span> <span>237 kt</span></div>\n<div><span><b>Heading:</b></span> <span>216&deg;</span></div>\n</div>"},"icon-heading":216,"icon":"http://maps.google.com/mapfiles/kml/shapes/airports.png","timestamp":"2026-05-18T05:42:28+00:00"}},{"type":"Feature","geometry":{"type":"Point","coordinates":[9.31069,50.256538,2948.94]},"properties":{"name":"2026-05-18 05:42:30 UTC","description":{"@type":"html","value":"<div><div><span><b>Altitude:</b></span> <span>9,675 ft</span></div>\n<div><span><b>Speed:</b></span> <span>238 kt</span></div>\n<div><span><b>Heading:</b></span> <span>216&deg;</span></div>\n</div>"},"icon-heading":216,"icon":"http://maps.google.com/mapfiles/kml/shapes/airports.png","timestamp":"2026-05-18T05:42:30+00:00"}},{"type":"Feature","geometry":{"type":"Point","coordinates":[9.308241,50.254398,2933.7]},"properties":{"name":"2026-05-18 05:42:32 UTC","description":{"@type":"html","value":"<div><div><span><b>Altitude:</b></span> <span>9,625 ft</span></div>\n<div><span><b>Speed:</b></span> <span>237 kt</span></div>\n<div><span><b>Heading:</b></span> <span>216&deg;</span></div>\n</div>"},"icon-heading":216,"icon":"http://maps.google.com/mapfiles/kml/shapes/airports.png","timestamp":"2026-05-18T05:42:32+00:00"}},{"type":"Feature","geometry":{"type":"Point","coordinates":[9.305998,50.252518,2926.08]},"properties":{"name":"2026-05-18 05:42:34 UTC","description":{"@type":"html","value":"<div><div><span><b>Altitude:</b></span> <span>9,600 ft</span></div>\n<div><span><b>Speed:</b></span> <span>237 kt</span></div>\n<div><span><b>Heading:</b></span> <span>216&deg;</span></div>\n</div>"},"icon-heading":216,"icon":"http://maps.google.com/mapfiles/kml/shapes/airports.png","timestamp":"2026-05-18T05:42:34+00:00"}},{"type":"Feature","geometry":{"type":"Point","coordinates":[9.303935,50.250721,2910.84]},"properties":{"name":"2026-05-18 05:42:36 UTC","description":{"@type":"html","value":"<div><div><span><b>Altitude:</b></span> <span>9,550 ft</span></div>\n<div><span><b>Speed:</b></span> <span>237 kt</span></div>\n<div><span><b>Heading:</b></span> <span>216&deg;</span></div>\n</div>"},"icon-heading":216,"icon":"http://maps.google.com/mapfiles/kml/shapes/airports.png","timestamp":"2026-05-18T05:42:36+00:00"}},{"type":"Feature","geometry":{"type":"Point","coordinates":[9.301517,50.248718,2903.22]},"properties":{"name":"2026-05-18 05:42:38 UTC","description":{"@type":"html","value":"<div><div><span><b>Altitude:</b></span> <span>9,525 ft</span></div>\n<div><span><b>Speed:</b></span> <span>238 kt</span></div>\n<div><span><b>Heading:</b></span> <span>217&deg;</span></div>\n</div>"},"icon-heading":217,"icon":"http://maps.google.com/mapfiles/kml/shapes/airports.png","timestamp":"2026-05-18T05:42:38+00:00"}},{"type":"Feature","geometry":{"type":"Point","coordinates":[9.299481,50.246948,2895.6]},"properties":{"name":"2026-05-18 05:42:40 UTC","description":{"@type":"html","value":"<div><div><span><b>Altitude:</b></span> <span>9,500 ft</span></div>\n<div><span><b>Speed:</b></span> <span>238 kt</span></div>\n<div><span><b>Heading:</b></span> <span>217&deg;</span></div>\n</div>"},"icon-heading":217,"icon":"http://maps.google.com/mapfiles/kml/shapes/airports.png","timestamp":"2026-05-18T05:42:40+00:00"}},{"type":"Feature","geometry":{"type":"Point","coordinates":[9.29653,50.244507,2880.36]},"properties":{"name":"2026-05-18 05:42:43 UTC","description":{"@type":"html","value":"<div><div><span><b>Altitude:</b></span> <span>9,450 ft</span></div>\n<div><span><b>Speed:</b></span> <span>238 kt</span></div>\n<div><span><b>Heading:</b></span> <span>217&deg;</span></div>\n</div>"},"icon-heading":217,"icon":"http://maps.google.com/mapfiles/kml/shapes/airports.png","timestamp":"2026-05-18T05:42:43+00:00"}},{"type":"Feature","geometry":{"type":"Point","coordinates":[9.294361,50.242676,2865.12]},"properties":{"name":"2026-05-18 05:42:45 UTC","description":{"@type":"html","value":"<div><div><span><b>Altitude:</b></span> <span>9,400 ft</span></div>\n<div><span><b>Speed:</b></span> <span>238 kt</span></div>\n<div><span><b>Heading:</b></span> <span>217&deg;</span></div>\n</div>"},"icon-heading":217,"icon":"http://maps.google.com/mapfiles/kml/shapes/airports.png","timestamp":"2026-05-18T05:42:45+00:00"}},{"type":"Feature","geometry":{"type":"Point","coordinates":[9.292482,50.241119,2857.5]},"properties":{"name":"2026-05-18 05:42:47 UTC","description":{"@type":"html","value":"<div><div><span><b>Altitude:</b></span> <span>9,375 ft</span></div>\n<div><span><b>Speed:</b></span> <span>238 kt</span></div>\n<div><span><b>Heading:</b></span> <span>217&deg;</span></div>\n</div>"},"icon-heading":217,"icon":"http://maps.google.com/mapfiles/kml/shapes/airports.png","timestamp":"2026-05-18T05:42:47+00:00"}},{"type":"Feature","geometry":{"type":"Point","coordinates":[9.28998,50.238987,2842.26]},"properties":{"name":"2026-05-18 05:42:49 UTC","description":{"@type":"html","value":"<div><div><span><b>Altitude:</b></span> <span>9,325 ft</span></div>\n<div><span><b>Speed:</b></span> <span>237 kt</span></div>\n<div><span><b>Heading:</b></span> <span>217&deg;</span></div>\n</div>"},"icon-heading":217,"icon":"http://maps.google.com/mapfiles/kml/shapes/airports.png","timestamp":"2026-05-18T05:42:49+00:00"}},{"type":"Feature","geometry":{"type":"Point","coordinates":[9.276292,50.227936,2781.3]},"properties":{"name":"2026-05-18 05:43:02 UTC","description":{"@type":"html","value":"<div><div><span><b>Altitude:</b></span> <span>9,125 ft</span></div>\n<div><span><b>Speed:</b></span> <span>238 kt</span></div>\n<div><span><b>Heading:</b></span> <span>221&deg;</span></div>\n</div>"},"icon-heading":221,"icon":"http://maps.google.com/mapfiles/kml/shapes/airports.png","timestamp":"2026-05-18T05:43:02+00:00"}},{"type":"Feature","geometry":{"type":"Point","coordinates":[9.270828,50.224606,2750.82]},"properties":{"name":"2026-05-18 05:43:07 UTC","description":{"@type":"html","value":"<div><div><span><b>Altitude:</b></span> <span>9,025 ft</span></div>\n<div><span><b>Speed:</b></span> <span>237 kt</span></div>\n<div><span><b>Heading:</b></span> <span>226&deg;</span></div>\n</div>"},"icon-heading":226,"icon":"http://maps.google.com/mapfiles/kml/shapes/airports.png","timestamp":"2026-05-18T05:43:07+00:00"}},{"type":"Feature","geometry":{"type":"Point","coordinates":[9.267329,50.222855,2743.2]},"properties":{"name":"2026-05-18 05:43:09 UTC","description":{"@type":"html","value":"<div><div><span><b>Altitude:</b></span> <span>9,000 ft</span></div>\n<div><span><b>Speed:</b></span> <span>237 kt</span></div>\n<div><span><b>Heading:</b></span> <span>229&deg;</span></div>\n</div>"},"icon-heading":229,"icon":"http://maps.google.com/mapfiles/kml/shapes/airports.png","timestamp":"2026-05-18T05:43:09+00:00"}},{"type":"Feature","geometry":{"type":"Point","coordinates":[9.264667,50.221672,2727.96]},"properties":{"name":"2026-05-18 05:43:11 UTC","description":{"@type":"html","value":"<div><div><span><b>Altitude:</b></span> <span>8,950 ft</span></div>\n<div><span><b>Speed:</b></span> <span>237 kt</span></div>\n<div><span><b>Heading:</b></span> <span>233&deg;</span></div>\n</div>"},"icon-heading":233,"icon":"http://maps.google.com/mapfiles/kml/shapes/airports.png","timestamp":"2026-05-18T05:43:11+00:00"}},{"type":"Feature","geometry":{"type":"Point","coordinates":[9.261764,50.220474,2720.34]},"properties":{"name":"2026-05-18 05:43:13 UTC","description":{"@type":"html","value":"<div><div><span><b>Altitude:</b></span> <span>8,925 ft</span></div>\n<div><span><b>Speed:</b></span> <span>237 kt</span></div>\n<div><span><b>Heading:</b></span> <span>236&deg;</span></div>\n</div>"},"icon-heading":236,"icon":"http://maps.google.com/mapfiles/kml/shapes/airports.png","timestamp":"2026-05-18T05:43:13+00:00"}},{"type":"Feature","geometry":{"type":"Point","coordinates":[9.258078,50.219055,2705.1]},"properties":{"name":"2026-05-18 05:43:16 UTC","description":{"@type":"html","value":"<div><div><span><b>Altitude:</b></span> <span>8,875 ft</span></div>\n<div><span><b>Speed:</b></span> <span>237 kt</span></div>\n<div><span><b>Heading:</b></span> <span>238&deg;</span></div>\n</div>"},"icon-heading":238,"icon":"http://maps.google.com/mapfiles/kml/shapes/airports.png","timestamp":"2026-05-18T05:43:16+00:00"}},{"type":"Feature","geometry":{"type":"Point","coordinates":[9.255239,50.218086,2689.86]},"properties":{"name":"2026-05-18 05:43:18 UTC","description":{"@type":"html","value":"<div><div><span><b>Altitude:</b></span> <span>8,825 ft</span></div>\n<div><span><b>Speed:</b></span> <span>237 kt</span></div>\n<div><span><b>Heading:</b></span> <span>240&deg;</span></div>\n</div>"},"icon-heading":240,"icon":"http://maps.google.com/mapfiles/kml/shapes/airports.png","timestamp":"2026-05-18T05:43:18+00:00"}},{"type":"Feature","geometry":{"type":"Point","coordinates":[9.25175,50.216923,2682.24]},"properties":{"name":"2026-05-18 05:43:20 UTC","description":{"@type":"html","value":"<div><div><span><b>Altitude:</b></span> <span>8,800 ft</span></div>\n<div><span><b>Speed:</b></span> <span>238 kt</span></div>\n<div><span><b>Heading:</b></span> <span>241&deg;</span></div>\n</div>"},"icon-heading":241,"icon":"http://maps.google.com/mapfiles/kml/shapes/airports.png","timestamp":"2026-05-18T05:43:20+00:00"}},{"type":"Feature","geometry":{"type":"Point","coordinates":[9.249003,50.216038,2667]},"properties":{"name":"2026-05-18 05:43:22 UTC","description":{"@type":"html","value":"<div><div><span><b>Altitude:</b></span> <span>8,750 ft</span></div>\n<div><span><b>Speed:</b></span> <span>238 kt</span></div>\n<div><span><b>Heading:</b></span> <span>243&deg;</span></div>\n</div>"},"icon-heading":243,"icon":"http://maps.google.com/mapfiles/kml/shapes/airports.png","timestamp":"2026-05-18T05:43:22+00:00"}},{"type":"Feature","geometry":{"type":"Point","coordinates":[9.245212,50.214935,2651.76]},"properties":{"name":"2026-05-18 05:43:24 UTC","description":{"@type":"html","value":"<div><div><span><b>Altitude:</b></span> <span>8,700 ft</span></div>\n<div><span><b>Speed:</b></span> <span>238 kt</span></div>\n<div><span><b>Heading:</b></span> <span>244&deg;</span></div>\n</div>"},"icon-heading":244,"icon":"http://maps.google.com/mapfiles/kml/shapes/airports.png","timestamp":"2026-05-18T05:43:24+00:00"}},{"type":"Feature","geometry":{"type":"Point","coordinates":[9.24196,50.21402,2644.14]},"properties":{"name":"2026-05-18 05:43:26 UTC","description":{"@type":"html","value":"<div><div><span><b>Altitude:</b></span> <span>8,675 ft</span></div>\n<div><span><b>Speed:</b></span> <span>238 kt</span></div>\n<div><span><b>Heading:</b></span> <span>245&deg;</span></div>\n</div>"},"icon-heading":245,"icon":"http://maps.google.com/mapfiles/kml/shapes/airports.png","timestamp":"2026-05-18T05:43:26+00:00"}},{"type":"Feature","geometry":{"type":"Point","coordinates":[9.238779,50.213104,2628.9]},"properties":{"name":"2026-05-18 05:43:28 UTC","description":{"@type":"html","value":"<div><div><span><b>Altitude:</b></span> <span>8,625 ft</span></div>\n<div><span><b>Speed:</b></span> <span>239 kt</span></div>\n<div><span><b>Heading:</b></span> <span>246&deg;</span></div>\n</div>"},"icon-heading":246,"icon":"http://maps.google.com/mapfiles/kml/shapes/airports.png","timestamp":"2026-05-18T05:43:28+00:00"}},{"type":"Feature","geometry":{"type":"Point","coordinates":[9.235455,50.212189,2613.66]},"properties":{"name":"2026-05-18 05:43:30 UTC","description":{"@type":"html","value":"<div><div><span><b>Altitude:</b></span> <span>8,575 ft</span></div>\n<div><span><b>Speed:</b></span> <span>239 kt</span></div>\n<div><span><b>Heading:</b></span> <span>246&deg;</span></div>\n</div>"},"icon-heading":246,"icon":"http://maps.google.com/mapfiles/kml/shapes/airports.png","timestamp":"2026-05-18T05:43:30+00:00"}},{"type":"Feature","geometry":{"type":"Point","coordinates":[9.232302,50.211338,2598.42]},"properties":{"name":"2026-05-18 05:43:33 UTC","description":{"@type":"html","value":"<div><div><span><b>Altitude:</b></span> <span>8,525 ft</span></div>\n<div><span><b>Speed:</b></span> <span>239 kt</span></div>\n<div><span><b>Heading:</b></span> <span>247&deg;</span></div>\n</div>"},"icon-heading":247,"icon":"http://maps.google.com/mapfiles/kml/shapes/airports.png","timestamp":"2026-05-18T05:43:33+00:00"}},{"type":"Feature","geometry":{"type":"Point","coordinates":[9.228441,50.210358,2583.18]},"properties":{"name":"2026-05-18 05:43:35 UTC","description":{"@type":"html","value":"<div><div><span><b>Altitude:</b></span> <span>8,475 ft</span></div>\n<div><span><b>Speed:</b></span> <span>239 kt</span></div>\n<div><span><b>Heading:</b></span> <span>247&deg;</span></div>\n</div>"},"icon-heading":247,"icon":"http://maps.google.com/mapfiles/kml/shapes/airports.png","timestamp":"2026-05-18T05:43:35+00:00"}},{"type":"Feature","geometry":{"type":"Point","coordinates":[9.225101,50.209476,2567.94]},"properties":{"name":"2026-05-18 05:43:37 UTC","description":{"@type":"html","value":"<div><div><span><b>Altitude:</b></span> <span>8,425 ft</span></div>\n<div><span><b>Speed:</b></span> <span>239 kt</span></div>\n<div><span><b>Heading:</b></span> <span>247&deg;</span></div>\n</div>"},"icon-heading":247,"icon":"http://maps.google.com/mapfiles/kml/shapes/airports.png","timestamp":"2026-05-18T05:43:37+00:00"}},{"type":"Feature","geometry":{"type":"Point","coordinates":[9.221866,50.208664,2560.32]},"properties":{"name":"2026-05-18 05:43:39 UTC","description":{"@type":"html","value":"<div><div><span><b>Altitude:</b></span> <span>8,400 ft</span></div>\n<div><span><b>Speed:</b></span> <span>239 kt</span></div>\n<div><span><b>Heading:</b></span> <span>247&deg;</span></div>\n</div>"},"icon-heading":247,"icon":"http://maps.google.com/mapfiles/kml/shapes/airports.png","timestamp":"2026-05-18T05:43:39+00:00"}},{"type":"Feature","geometry":{"type":"Point","coordinates":[9.218049,50.207661,2537.46]},"properties":{"name":"2026-05-18 05:43:41 UTC","description":{"@type":"html","value":"<div><div><span><b>Altitude:</b></span> <span>8,325 ft</span></div>\n<div><span><b>Speed:</b></span> <span>240 kt</span></div>\n<div><span><b>Heading:</b></span> <span>248&deg;</span></div>\n</div>"},"icon-heading":248,"icon":"http://maps.google.com/mapfiles/kml/shapes/airports.png","timestamp":"2026-05-18T05:43:41+00:00"}},{"type":"Feature","geometry":{"type":"Point","coordinates":[9.214999,50.206924,2529.84]},"properties":{"name":"2026-05-18 05:43:43 UTC","description":{"@type":"html","value":"<div><div><span><b>Altitude:</b></span> <span>8,300 ft</span></div>\n<div><span><b>Speed:</b></span> <span>239 kt</span></div>\n<div><span><b>Heading:</b></span> <span>248&deg;</span></div>\n</div>"},"icon-heading":248,"icon":"http://maps.google.com/mapfiles/kml/shapes/airports.png","timestamp":"2026-05-18T05:43:43+00:00"}},{"type":"Feature","geometry":{"type":"Point","coordinates":[9.211241,50.205963,2514.6]},"properties":{"name":"2026-05-18 05:43:45 UTC","description":{"@type":"html","value":"<div><div><span><b>Altitude:</b></span> <span>8,250 ft</span></div>\n<div><span><b>Speed:</b></span> <span>240 kt</span></div>\n<div><span><b>Heading:</b></span> <span>248&deg;</span></div>\n</div>"},"icon-heading":248,"icon":"http://maps.google.com/mapfiles/kml/shapes/airports.png","timestamp":"2026-05-18T05:43:45+00:00"}},{"type":"Feature","geometry":{"type":"Point","coordinates":[9.190138,50.200817,2423.16]},"properties":{"name":"2026-05-18 05:43:58 UTC","description":{"@type":"html","value":"<div><div><span><b>Altitude:</b></span> <span>7,950 ft</span></div>\n<div><span><b>Speed:</b></span> <span>239 kt</span></div>\n<div><span><b>Heading:</b></span> <span>249&deg;</span></div>\n</div>"},"icon-heading":249,"icon":"http://maps.google.com/mapfiles/kml/shapes/airports.png","timestamp":"2026-05-18T05:43:58+00:00"}},{"type":"Feature","geometry":{"type":"Point","coordinates":[9.168958,50.195755,2339.34]},"properties":{"name":"2026-05-18 05:44:11 UTC","description":{"@type":"html","value":"<div><div><span><b>Altitude:</b></span> <span>7,675 ft</span></div>\n<div><span><b>Speed:</b></span> <span>239 kt</span></div>\n<div><span><b>Heading:</b></span> <span>249&deg;</span></div>\n</div>"},"icon-heading":249,"icon":"http://maps.google.com/mapfiles/kml/shapes/airports.png","timestamp":"2026-05-18T05:44:11+00:00"}},{"type":"Feature","geometry":{"type":"Point","coordinates":[9.149371,50.190948,2255.52]},"properties":{"name":"2026-05-18 05:44:24 UTC","description":{"@type":"html","value":"<div><div><span><b>Altitude:</b></span> <span>7,400 ft</span></div>\n<div><span><b>Speed:</b></span> <span>238 kt</span></div>\n<div><span><b>Heading:</b></span> <span>248&deg;</span></div>\n</div>"},"icon-heading":248,"icon":"http://maps.google.com/mapfiles/kml/shapes/airports.png","timestamp":"2026-05-18T05:44:24+00:00"}},{"type":"Feature","geometry":{"type":"Point","coordinates":[9.125302,50.185226,2156.46]},"properties":{"name":"2026-05-18 05:44:39 UTC","description":{"@type":"html","value":"<div><div><span><b>Altitude:</b></span> <span>7,075 ft</span></div>\n<div><span><b>Speed:</b></span> <span>236 kt</span></div>\n<div><span><b>Heading:</b></span> <span>250&deg;</span></div>\n</div>"},"icon-heading":250,"icon":"http://maps.google.com/mapfiles/kml/shapes/airports.png","timestamp":"2026-05-18T05:44:39+00:00"}},{"type":"Feature","geometry":{"type":"Point","coordinates":[9.104623,50.180473,2072.64]},"properties":{"name":"2026-05-18 05:44:52 UTC","description":{"@type":"html","value":"<div><div><span><b>Altitude:</b></span> <span>6,800 ft</span></div>\n<div><span><b>Speed:</b></span> <span>235 kt</span></div>\n<div><span><b>Heading:</b></span> <span>250&deg;</span></div>\n</div>"},"icon-heading":250,"icon":"http://maps.google.com/mapfiles/kml/shapes/airports.png","timestamp":"2026-05-18T05:44:52+00:00"}},{"type":"Feature","geometry":{"type":"Point","coordinates":[9.083742,50.175659,1988.82]},"properties":{"name":"2026-05-18 05:45:05 UTC","description":{"@type":"html","value":"<div><div><span><b>Altitude:</b></span> <span>6,525 ft</span></div>\n<div><span><b>Speed:</b></span> <span>235 kt</span></div>\n<div><span><b>Heading:</b></span> <span>250&deg;</span></div>\n</div>"},"icon-heading":250,"icon":"http://maps.google.com/mapfiles/kml/shapes/airports.png","timestamp":"2026-05-18T05:45:05+00:00"}},{"type":"Feature","geometry":{"type":"Point","coordinates":[9.059312,50.170029,1889.76]},"properties":{"name":"2026-05-18 05:45:20 UTC","description":{"@type":"html","value":"<div><div><span><b>Altitude:</b></span> <span>6,200 ft</span></div>\n<div><span><b>Speed:</b></span> <span>235 kt</span></div>\n<div><span><b>Heading:</b></span> <span>250&deg;</span></div>\n</div>"},"icon-heading":250,"icon":"http://maps.google.com/mapfiles/kml/shapes/airports.png","timestamp":"2026-05-18T05:45:20+00:00"}},{"type":"Feature","geometry":{"type":"Point","coordinates":[9.0364,50.164719,1798.32]},"properties":{"name":"2026-05-18 05:45:35 UTC","description":{"@type":"html","value":"<div><div><span><b>Altitude:</b></span> <span>5,900 ft</span></div>\n<div><span><b>Speed:</b></span> <span>234 kt</span></div>\n<div><span><b>Heading:</b></span> <span>249&deg;</span></div>\n</div>"},"icon-heading":249,"icon":"http://maps.google.com/mapfiles/kml/shapes/airports.png","timestamp":"2026-05-18T05:45:35+00:00"}},{"type":"Feature","geometry":{"type":"Point","coordinates":[9.016522,50.160004,1722.12]},"properties":{"name":"2026-05-18 05:45:47 UTC","description":{"@type":"html","value":"<div><div><span><b>Altitude:</b></span> <span>5,650 ft</span></div>\n<div><span><b>Speed:</b></span> <span>234 kt</span></div>\n<div><span><b>Heading:</b></span> <span>249&deg;</span></div>\n</div>"},"icon-heading":249,"icon":"http://maps.google.com/mapfiles/kml/shapes/airports.png","timestamp":"2026-05-18T05:45:47+00:00"}},{"type":"Feature","geometry":{"type":"Point","coordinates":[8.994907,50.154961,1638.3]},"properties":{"name":"2026-05-18 05:46:00 UTC","description":{"@type":"html","value":"<div><div><span><b>Altitude:</b></span> <span>5,375 ft</span></div>\n<div><span><b>Speed:</b></span> <span>232 kt</span></div>\n<div><span><b>Heading:</b></span> <span>250&deg;</span></div>\n</div>"},"icon-heading":250,"icon":"http://maps.google.com/mapfiles/kml/shapes/airports.png","timestamp":"2026-05-18T05:46:00+00:00"}},{"type":"Feature","geometry":{"type":"Point","coordinates":[8.975685,50.150482,1569.72]},"properties":{"name":"2026-05-18 05:46:13 UTC","description":{"@type":"html","value":"<div><div><span><b>Altitude:</b></span> <span>5,150 ft</span></div>\n<div><span><b>Speed:</b></span> <span>230 kt</span></div>\n<div><span><b>Heading:</b></span> <span>249&deg;</span></div>\n</div>"},"icon-heading":249,"icon":"http://maps.google.com/mapfiles/kml/shapes/airports.png","timestamp":"2026-05-18T05:46:13+00:00"}},{"type":"Feature","geometry":{"type":"Point","coordinates":[8.954823,50.145603,1531.62]},"properties":{"name":"2026-05-18 05:46:26 UTC","description":{"@type":"html","value":"<div><div><span><b>Altitude:</b></span> <span>5,025 ft</span></div>\n<div><span><b>Speed:</b></span> <span>226 kt</span></div>\n<div><span><b>Heading:</b></span> <span>250&deg;</span></div>\n</div>"},"icon-heading":250,"icon":"http://maps.google.com/mapfiles/kml/shapes/airports.png","timestamp":"2026-05-18T05:46:26+00:00"}},{"type":"Feature","geometry":{"type":"Point","coordinates":[8.935138,50.140915,1524]},"properties":{"name":"2026-05-18 05:46:39 UTC","description":{"@type":"html","value":"<div><div><span><b>Altitude:</b></span> <span>5,000 ft</span></div>\n<div><span><b>Speed:</b></span> <span>226 kt</span></div>\n<div><span><b>Heading:</b></span> <span>249&deg;</span></div>\n</div>"},"icon-heading":249,"icon":"http://maps.google.com/mapfiles/kml/shapes/airports.png","timestamp":"2026-05-18T05:46:39+00:00"}},{"type":"Feature","geometry":{"type":"Point","coordinates":[8.915405,50.136292,1524]},"properties":{"name":"2026-05-18 05:46:52 UTC","description":{"@type":"html","value":"<div><div><span><b>Altitude:</b></span> <span>5,000 ft</span></div>\n<div><span><b>Speed:</b></span> <span>229 kt</span></div>\n<div><span><b>Heading:</b></span> <span>249&deg;</span></div>\n</div>"},"icon-heading":249,"icon":"http://maps.google.com/mapfiles/kml/shapes/airports.png","timestamp":"2026-05-18T05:46:52+00:00"}},{"type":"Feature","geometry":{"type":"Point","coordinates":[8.89524,50.131531,1508.76]},"properties":{"name":"2026-05-18 05:47:05 UTC","description":{"@type":"html","value":"<div><div><span><b>Altitude:</b></span> <span>4,950 ft</span></div>\n<div><span><b>Speed:</b></span> <span>219 kt</span></div>\n<div><span><b>Heading:</b></span> <span>249&deg;</span></div>\n</div>"},"icon-heading":249,"icon":"http://maps.google.com/mapfiles/kml/shapes/airports.png","timestamp":"2026-05-18T05:47:05+00:00"}},{"type":"Feature","geometry":{"type":"Point","coordinates":[8.883242,50.128693,1493.52]},"properties":{"name":"2026-05-18 05:47:14 UTC","description":{"@type":"html","value":"<div><div><span><b>Altitude:</b></span> <span>4,900 ft</span></div>\n<div><span><b>Speed:</b></span> <span>214 kt</span></div>\n<div><span><b>Heading:</b></span> <span>249&deg;</span></div>\n</div>"},"icon-heading":249,"icon":"http://maps.google.com/mapfiles/kml/shapes/airports.png","timestamp":"2026-05-18T05:47:14+00:00"}},{"type":"Feature","geometry":{"type":"Point","coordinates":[8.874423,50.126587,1470.66]},"properties":{"name":"2026-05-18 05:47:20 UTC","description":{"@type":"html","value":"<div><div><span><b>Altitude:</b></span> <span>4,825 ft</span></div>\n<div><span><b>Speed:</b></span> <span>209 kt</span></div>\n<div><span><b>Heading:</b></span> <span>249&deg;</span></div>\n</div>"},"icon-heading":249,"icon":"http://maps.google.com/mapfiles/kml/shapes/airports.png","timestamp":"2026-05-18T05:47:20+00:00"}},{"type":"Feature","geometry":{"type":"Point","coordinates":[8.862497,50.123795,1432.56]},"properties":{"name":"2026-05-18 05:47:29 UTC","description":{"@type":"html","value":"<div><div><span><b>Altitude:</b></span> <span>4,700 ft</span></div>\n<div><span><b>Speed:</b></span> <span>206 kt</span></div>\n<div><span><b>Heading:</b></span> <span>249&deg;</span></div>\n</div>"},"icon-heading":249,"icon":"http://maps.google.com/mapfiles/kml/shapes/airports.png","timestamp":"2026-05-18T05:47:29+00:00"}},{"type":"Feature","geometry":{"type":"Point","coordinates":[8.854041,50.121826,1402.08]},"properties":{"name":"2026-05-18 05:47:35 UTC","description":{"@type":"html","value":"<div><div><span><b>Altitude:</b></span> <span>4,600 ft</span></div>\n<div><span><b>Speed:</b></span> <span>205 kt</span></div>\n<div><span><b>Heading:</b></span> <span>250&deg;</span></div>\n</div>"},"icon-heading":250,"icon":"http://maps.google.com/mapfiles/kml/shapes/airports.png","timestamp":"2026-05-18T05:47:35+00:00"}},{"type":"Feature","geometry":{"type":"Point","coordinates":[8.841916,50.119072,1356.36]},"properties":{"name":"2026-05-18 05:47:43 UTC","description":{"@type":"html","value":"<div><div><span><b>Altitude:</b></span> <span>4,450 ft</span></div>\n<div><span><b>Speed:</b></span> <span>202 kt</span></div>\n<div><span><b>Heading:</b></span> <span>250&deg;</span></div>\n</div>"},"icon-heading":250,"icon":"http://maps.google.com/mapfiles/kml/shapes/airports.png","timestamp":"2026-05-18T05:47:43+00:00"}},{"type":"Feature","geometry":{"type":"Point","coordinates":[8.833297,50.117065,1325.88]},"properties":{"name":"2026-05-18 05:47:50 UTC","description":{"@type":"html","value":"<div><div><span><b>Altitude:</b></span> <span>4,350 ft</span></div>\n<div><span><b>Speed:</b></span> <span>201 kt</span></div>\n<div><span><b>Heading:</b></span> <span>250&deg;</span></div>\n</div>"},"icon-heading":250,"icon":"http://maps.google.com/mapfiles/kml/shapes/airports.png","timestamp":"2026-05-18T05:47:50+00:00"}},{"type":"Feature","geometry":{"type":"Point","coordinates":[8.821588,50.114319,1287.78]},"properties":{"name":"2026-05-18 05:47:58 UTC","description":{"@type":"html","value":"<div><div><span><b>Altitude:</b></span> <span>4,225 ft</span></div>\n<div><span><b>Speed:</b></span> <span>200 kt</span></div>\n<div><span><b>Heading:</b></span> <span>249&deg;</span></div>\n</div>"},"icon-heading":249,"icon":"http://maps.google.com/mapfiles/kml/shapes/airports.png","timestamp":"2026-05-18T05:47:58+00:00"}},{"type":"Feature","geometry":{"type":"Point","coordinates":[8.810529,50.11171,1234.44]},"properties":{"name":"2026-05-18 05:48:06 UTC","description":{"@type":"html","value":"<div><div><span><b>Altitude:</b></span> <span>4,050 ft</span></div>\n<div><span><b>Speed:</b></span> <span>198 kt</span></div>\n<div><span><b>Heading:</b></span> <span>249&deg;</span></div>\n</div>"},"icon-heading":249,"icon":"http://maps.google.com/mapfiles/kml/shapes/airports.png","timestamp":"2026-05-18T05:48:06+00:00"}},{"type":"Feature","geometry":{"type":"Point","coordinates":[8.802424,50.10976,1203.96]},"properties":{"name":"2026-05-18 05:48:13 UTC","description":{"@type":"html","value":"<div><div><span><b>Altitude:</b></span> <span>3,950 ft</span></div>\n<div><span><b>Speed:</b></span> <span>198 kt</span></div>\n<div><span><b>Heading:</b></span> <span>249&deg;</span></div>\n</div>"},"icon-heading":249,"icon":"http://maps.google.com/mapfiles/kml/shapes/airports.png","timestamp":"2026-05-18T05:48:13+00:00"}},{"type":"Feature","geometry":{"type":"Point","coordinates":[8.791438,50.107105,1158.24]},"properties":{"name":"2026-05-18 05:48:21 UTC","description":{"@type":"html","value":"<div><div><span><b>Altitude:</b></span> <span>3,800 ft</span></div>\n<div><span><b>Speed:</b></span> <span>197 kt</span></div>\n<div><span><b>Heading:</b></span> <span>249&deg;</span></div>\n</div>"},"icon-heading":249,"icon":"http://maps.google.com/mapfiles/kml/shapes/airports.png","timestamp":"2026-05-18T05:48:21+00:00"}},{"type":"Feature","geometry":{"type":"Point","coordinates":[8.77919,50.104221,1104.9]},"properties":{"name":"2026-05-18 05:48:30 UTC","description":{"@type":"html","value":"<div><div><span><b>Altitude:</b></span> <span>3,625 ft</span></div>\n<div><span><b>Speed:</b></span> <span>194 kt</span></div>\n<div><span><b>Heading:</b></span> <span>249&deg;</span></div>\n</div>"},"icon-heading":249,"icon":"http://maps.google.com/mapfiles/kml/shapes/airports.png","timestamp":"2026-05-18T05:48:30+00:00"}},{"type":"Feature","geometry":{"type":"Point","coordinates":[8.769094,50.101845,1066.8]},"properties":{"name":"2026-05-18 05:48:38 UTC","description":{"@type":"html","value":"<div><div><span><b>Altitude:</b></span> <span>3,500 ft</span></div>\n<div><span><b>Speed:</b></span> <span>187 kt</span></div>\n<div><span><b>Heading:</b></span> <span>249&deg;</span></div>\n</div>"},"icon-heading":249,"icon":"http://maps.google.com/mapfiles/kml/shapes/airports.png","timestamp":"2026-05-18T05:48:38+00:00"}},{"type":"Feature","geometry":{"type":"Point","coordinates":[8.760928,50.099937,1036.32]},"properties":{"name":"2026-05-18 05:48:45 UTC","description":{"@type":"html","value":"<div><div><span><b>Altitude:</b></span> <span>3,400 ft</span></div>\n<div><span><b>Speed:</b></span> <span>182 kt</span></div>\n<div><span><b>Heading:</b></span> <span>249&deg;</span></div>\n</div>"},"icon-heading":249,"icon":"http://maps.google.com/mapfiles/kml/shapes/airports.png","timestamp":"2026-05-18T05:48:45+00:00"}},{"type":"Feature","geometry":{"type":"Point","coordinates":[8.750104,50.097382,990.6]},"properties":{"name":"2026-05-18 05:48:54 UTC","description":{"@type":"html","value":"<div><div><span><b>Altitude:</b></span> <span>3,250 ft</span></div>\n<div><span><b>Speed:</b></span> <span>176 kt</span></div>\n<div><span><b>Heading:</b></span> <span>249&deg;</span></div>\n</div>"},"icon-heading":249,"icon":"http://maps.google.com/mapfiles/kml/shapes/airports.png","timestamp":"2026-05-18T05:48:54+00:00"}},{"type":"Feature","geometry":{"type":"Point","coordinates":[8.747493,50.096771,982.98]},"properties":{"name":"2026-05-18 05:48:56 UTC","description":{"@type":"html","value":"<div><div><span><b>Altitude:</b></span> <span>3,225 ft</span></div>\n<div><span><b>Speed:</b></span> <span>175 kt</span></div>\n<div><span><b>Heading:</b></span> <span>250&deg;</span></div>\n</div>"},"icon-heading":250,"icon":"http://maps.google.com/mapfiles/kml/shapes/airports.png","timestamp":"2026-05-18T05:48:56+00:00"}},{"type":"Feature","geometry":{"type":"Point","coordinates":[8.744375,50.096027,967.74]},"properties":{"name":"2026-05-18 05:48:58 UTC","description":{"@type":"html","value":"<div><div><span><b>Altitude:</b></span> <span>3,175 ft</span></div>\n<div><span><b>Speed:</b></span> <span>174 kt</span></div>\n<div><span><b>Heading:</b></span> <span>249&deg;</span></div>\n</div>"},"icon-heading":249,"icon":"http://maps.google.com/mapfiles/kml/shapes/airports.png","timestamp":"2026-05-18T05:48:58+00:00"}},{"type":"Feature","geometry":{"type":"Point","coordinates":[8.742587,50.095642,960.12]},"properties":{"name":"2026-05-18 05:49:00 UTC","description":{"@type":"html","value":"<div><div><span><b>Altitude:</b></span> <span>3,150 ft</span></div>\n<div><span><b>Speed:</b></span> <span>173 kt</span></div>\n<div><span><b>Heading:</b></span> <span>249&deg;</span></div>\n</div>"},"icon-heading":249,"icon":"http://maps.google.com/mapfiles/kml/shapes/airports.png","timestamp":"2026-05-18T05:49:00+00:00"}},{"type":"Feature","geometry":{"type":"Point","coordinates":[8.73955,50.09491,952.5]},"properties":{"name":"2026-05-18 05:49:03 UTC","description":{"@type":"html","value":"<div><div><span><b>Altitude:</b></span> <span>3,125 ft</span></div>\n<div><span><b>Speed:</b></span> <span>173 kt</span></div>\n<div><span><b>Heading:</b></span> <span>249&deg;</span></div>\n</div>"},"icon-heading":249,"icon":"http://maps.google.com/mapfiles/kml/shapes/airports.png","timestamp":"2026-05-18T05:49:03+00:00"}},{"type":"Feature","geometry":{"type":"Point","coordinates":[8.737094,50.094315,937.26]},"properties":{"name":"2026-05-18 05:49:05 UTC","description":{"@type":"html","value":"<div><div><span><b>Altitude:</b></span> <span>3,075 ft</span></div>\n<div><span><b>Speed:</b></span> <span>172 kt</span></div>\n<div><span><b>Heading:</b></span> <span>249&deg;</span></div>\n</div>"},"icon-heading":249,"icon":"http://maps.google.com/mapfiles/kml/shapes/airports.png","timestamp":"2026-05-18T05:49:05+00:00"}},{"type":"Feature","geometry":{"type":"Point","coordinates":[8.729825,50.092583,914.4]},"properties":{"name":"2026-05-18 05:49:11 UTC","description":{"@type":"html","value":"<div><div><span><b>Altitude:</b></span> <span>3,000 ft</span></div>\n<div><span><b>Speed:</b></span> <span>169 kt</span></div>\n<div><span><b>Heading:</b></span> <span>249&deg;</span></div>\n</div>"},"icon-heading":249,"icon":"http://maps.google.com/mapfiles/kml/shapes/airports.png","timestamp":"2026-05-18T05:49:11+00:00"}},{"type":"Feature","geometry":{"type":"Point","coordinates":[8.720101,50.090302,868.68]},"properties":{"name":"2026-05-18 05:49:20 UTC","description":{"@type":"html","value":"<div><div><span><b>Altitude:</b></span> <span>2,850 ft</span></div>\n<div><span><b>Speed:</b></span> <span>167 kt</span></div>\n<div><span><b>Heading:</b></span> <span>249&deg;</span></div>\n</div>"},"icon-heading":249,"icon":"http://maps.google.com/mapfiles/kml/shapes/airports.png","timestamp":"2026-05-18T05:49:20+00:00"}},{"type":"Feature","geometry":{"type":"Point","coordinates":[8.710451,50.087975,822.96]},"properties":{"name":"2026-05-18 05:49:28 UTC","description":{"@type":"html","value":"<div><div><span><b>Altitude:</b></span> <span>2,700 ft</span></div>\n<div><span><b>Speed:</b></span> <span>165 kt</span></div>\n<div><span><b>Heading:</b></span> <span>249&deg;</span></div>\n</div>"},"icon-heading":249,"icon":"http://maps.google.com/mapfiles/kml/shapes/airports.png","timestamp":"2026-05-18T05:49:28+00:00"}},{"type":"Feature","geometry":{"type":"Point","coordinates":[8.701606,50.0858,784.86]},"properties":{"name":"2026-05-18 05:49:37 UTC","description":{"@type":"html","value":"<div><div><span><b>Altitude:</b></span> <span>2,575 ft</span></div>\n<div><span><b>Speed:</b></span> <span>164 kt</span></div>\n<div><span><b>Heading:</b></span> <span>249&deg;</span></div>\n</div>"},"icon-heading":249,"icon":"http://maps.google.com/mapfiles/kml/shapes/airports.png","timestamp":"2026-05-18T05:49:37+00:00"}},{"type":"Feature","geometry":{"type":"Point","coordinates":[8.694417,50.08411,746.76]},"properties":{"name":"2026-05-18 05:49:43 UTC","description":{"@type":"html","value":"<div><div><span><b>Altitude:</b></span> <span>2,450 ft</span></div>\n<div><span><b>Speed:</b></span> <span>164 kt</span></div>\n<div><span><b>Heading:</b></span> <span>249&deg;</span></div>\n</div>"},"icon-heading":249,"icon":"http://maps.google.com/mapfiles/kml/shapes/airports.png","timestamp":"2026-05-18T05:49:43+00:00"}},{"type":"Feature","geometry":{"type":"Point","coordinates":[8.684767,50.081829,708.66]},"properties":{"name":"2026-05-18 05:49:52 UTC","description":{"@type":"html","value":"<div><div><span><b>Altitude:</b></span> <span>2,325 ft</span></div>\n<div><span><b>Speed:</b></span> <span>161 kt</span></div>\n<div><span><b>Heading:</b></span> <span>249&deg;</span></div>\n</div>"},"icon-heading":249,"icon":"http://maps.google.com/mapfiles/kml/shapes/airports.png","timestamp":"2026-05-18T05:49:52+00:00"}},{"type":"Feature","geometry":{"type":"Point","coordinates":[8.677863,50.080154,678.18]},"properties":{"name":"2026-05-18 05:49:58 UTC","description":{"@type":"html","value":"<div><div><span><b>Altitude:</b></span> <span>2,225 ft</span></div>\n<div><span><b>Speed:</b></span> <span>161 kt</span></div>\n<div><span><b>Heading:</b></span> <span>249&deg;</span></div>\n</div>"},"icon-heading":249,"icon":"http://maps.google.com/mapfiles/kml/shapes/airports.png","timestamp":"2026-05-18T05:49:58+00:00"}},{"type":"Feature","geometry":{"type":"Point","coordinates":[8.669152,50.07811,647.7]},"properties":{"name":"2026-05-18 05:50:06 UTC","description":{"@type":"html","value":"<div><div><span><b>Altitude:</b></span> <span>2,125 ft</span></div>\n<div><span><b>Speed:</b></span> <span>160 kt</span></div>\n<div><span><b>Heading:</b></span> <span>249&deg;</span></div>\n</div>"},"icon-heading":249,"icon":"http://maps.google.com/mapfiles/kml/shapes/airports.png","timestamp":"2026-05-18T05:50:06+00:00"}},{"type":"Feature","geometry":{"type":"Point","coordinates":[8.662051,50.076473,624.84]},"properties":{"name":"2026-05-18 05:50:13 UTC","description":{"@type":"html","value":"<div><div><span><b>Altitude:</b></span> <span>2,050 ft</span></div>\n<div><span><b>Speed:</b></span> <span>159 kt</span></div>\n<div><span><b>Heading:</b></span> <span>249&deg;</span></div>\n</div>"},"icon-heading":249,"icon":"http://maps.google.com/mapfiles/kml/shapes/airports.png","timestamp":"2026-05-18T05:50:13+00:00"}},{"type":"Feature","geometry":{"type":"Point","coordinates":[8.652699,50.074287,594.36]},"properties":{"name":"2026-05-18 05:50:22 UTC","description":{"@type":"html","value":"<div><div><span><b>Altitude:</b></span> <span>1,950 ft</span></div>\n<div><span><b>Speed:</b></span> <span>157 kt</span></div>\n<div><span><b>Heading:</b></span> <span>249&deg;</span></div>\n</div>"},"icon-heading":249,"icon":"http://maps.google.com/mapfiles/kml/shapes/airports.png","timestamp":"2026-05-18T05:50:22+00:00"}},{"type":"Feature","geometry":{"type":"Point","coordinates":[8.645275,50.072517,571.5]},"properties":{"name":"2026-05-18 05:50:28 UTC","description":{"@type":"html","value":"<div><div><span><b>Altitude:</b></span> <span>1,875 ft</span></div>\n<div><span><b>Speed:</b></span> <span>154 kt</span></div>\n<div><span><b>Heading:</b></span> <span>249&deg;</span></div>\n</div>"},"icon-heading":249,"icon":"http://maps.google.com/mapfiles/kml/shapes/airports.png","timestamp":"2026-05-18T05:50:28+00:00"}},{"type":"Feature","geometry":{"type":"Point","coordinates":[8.637061,50.070511,525.78]},"properties":{"name":"2026-05-18 05:50:37 UTC","description":{"@type":"html","value":"<div><div><span><b>Altitude:</b></span> <span>1,725 ft</span></div>\n<div><span><b>Speed:</b></span> <span>149 kt</span></div>\n<div><span><b>Heading:</b></span> <span>249&deg;</span></div>\n</div>"},"icon-heading":249,"icon":"http://maps.google.com/mapfiles/kml/shapes/airports.png","timestamp":"2026-05-18T05:50:37+00:00"}},{"type":"Feature","geometry":{"type":"Point","coordinates":[8.629254,50.068634,495.3]},"properties":{"name":"2026-05-18 05:50:45 UTC","description":{"@type":"html","value":"<div><div><span><b>Altitude:</b></span> <span>1,625 ft</span></div>\n<div><span><b>Speed:</b></span> <span>138 kt</span></div>\n<div><span><b>Heading:</b></span> <span>249&deg;</span></div>\n</div>"},"icon-heading":249,"icon":"http://maps.google.com/mapfiles/kml/shapes/airports.png","timestamp":"2026-05-18T05:50:45+00:00"}},{"type":"Feature","geometry":{"type":"Point","coordinates":[8.623302,50.067257,472.44]},"properties":{"name":"2026-05-18 05:50:52 UTC","description":{"@type":"html","value":"<div><div><span><b>Altitude:</b></span> <span>1,550 ft</span></div>\n<div><span><b>Speed:</b></span> <span>129 kt</span></div>\n<div><span><b>Heading:</b></span> <span>250&deg;</span></div>\n</div>"},"icon-heading":250,"icon":"http://maps.google.com/mapfiles/kml/shapes/airports.png","timestamp":"2026-05-18T05:50:52+00:00"}},{"type":"Feature","geometry":{"type":"Point","coordinates":[8.616028,50.065567,449.58]},"properties":{"name":"2026-05-18 05:51:01 UTC","description":{"@type":"html","value":"<div><div><span><b>Altitude:</b></span> <span>1,475 ft</span></div>\n<div><span><b>Speed:</b></span> <span>121 kt</span></div>\n<div><span><b>Heading:</b></span> <span>249&deg;</span></div>\n</div>"},"icon-heading":249,"icon":"http://maps.google.com/mapfiles/kml/shapes/airports.png","timestamp":"2026-05-18T05:51:01+00:00"}},{"type":"Feature","geometry":{"type":"Point","coordinates":[8.610607,50.06424,426.72]},"properties":{"name":"2026-05-18 05:51:07 UTC","description":{"@type":"html","value":"<div><div><span><b>Altitude:</b></span> <span>1,400 ft</span></div>\n<div><span><b>Speed:</b></span> <span>121 kt</span></div>\n<div><span><b>Heading:</b></span> <span>249&deg;</span></div>\n</div>"},"icon-heading":249,"icon":"http://maps.google.com/mapfiles/kml/shapes/airports.png","timestamp":"2026-05-18T05:51:07+00:00"}},{"type":"Feature","geometry":{"type":"Point","coordinates":[8.603379,50.062454,396.24]},"properties":{"name":"2026-05-18 05:51:16 UTC","description":{"@type":"html","value":"<div><div><span><b>Altitude:</b></span> <span>1,300 ft</span></div>\n<div><span><b>Speed:</b></span> <span>124 kt</span></div>\n<div><span><b>Heading:</b></span> <span>249&deg;</span></div>\n</div>"},"icon-heading":249,"icon":"http://maps.google.com/mapfiles/kml/shapes/airports.png","timestamp":"2026-05-18T05:51:16+00:00"}},{"type":"Feature","geometry":{"type":"Point","coordinates":[8.596729,50.060852,373.38]},"properties":{"name":"2026-05-18 05:51:24 UTC","description":{"@type":"html","value":"<div><div><span><b>Altitude:</b></span> <span>1,225 ft</span></div>\n<div><span><b>Speed:</b></span> <span>124 kt</span></div>\n<div><span><b>Heading:</b></span> <span>249&deg;</span></div>\n</div>"},"icon-heading":249,"icon":"http://maps.google.com/mapfiles/kml/shapes/airports.png","timestamp":"2026-05-18T05:51:24+00:00"}},{"type":"Feature","geometry":{"type":"Point","coordinates":[8.589378,50.059113,342.9]},"properties":{"name":"2026-05-18 05:51:32 UTC","description":{"@type":"html","value":"<div><div><span><b>Altitude:</b></span> <span>1,125 ft</span></div>\n<div><span><b>Speed:</b></span> <span>124 kt</span></div>\n<div><span><b>Heading:</b></span> <span>249&deg;</span></div>\n</div>"},"icon-heading":249,"icon":"http://maps.google.com/mapfiles/kml/shapes/airports.png","timestamp":"2026-05-18T05:51:32+00:00"}},{"type":"Feature","geometry":{"type":"Point","coordinates":[8.582029,50.057388,312.42]},"properties":{"name":"2026-05-18 05:51:41 UTC","description":{"@type":"html","value":"<div><div><span><b>Altitude:</b></span> <span>1,025 ft</span></div>\n<div><span><b>Speed:</b></span> <span>126 kt</span></div>\n<div><span><b>Heading:</b></span> <span>249&deg;</span></div>\n</div>"},"icon-heading":249,"icon":"http://maps.google.com/mapfiles/kml/shapes/airports.png","timestamp":"2026-05-18T05:51:41+00:00"}},{"type":"Feature","geometry":{"type":"Point","coordinates":[8.574974,50.055679,281.94]},"properties":{"name":"2026-05-18 05:51:49 UTC","description":{"@type":"html","value":"<div><div><span><b>Altitude:</b></span> <span>925 ft</span></div>\n<div><span><b>Speed:</b></span> <span>129 kt</span></div>\n<div><span><b>Heading:</b></span> <span>249&deg;</span></div>\n</div>"},"icon-heading":249,"icon":"http://maps.google.com/mapfiles/kml/shapes/airports.png","timestamp":"2026-05-18T05:51:49+00:00"}},{"type":"Feature","geometry":{"type":"Point","coordinates":[8.567385,50.053848,251.46]},"properties":{"name":"2026-05-18 05:51:58 UTC","description":{"@type":"html","value":"<div><div><span><b>Altitude:</b></span> <span>825 ft</span></div>\n<div><span><b>Speed:</b></span> <span>131 kt</span></div>\n<div><span><b>Heading:</b></span> <span>249&deg;</span></div>\n</div>"},"icon-heading":249,"icon":"http://maps.google.com/mapfiles/kml/shapes/airports.png","timestamp":"2026-05-18T05:51:58+00:00"}},{"type":"Feature","geometry":{"type":"Point","coordinates":[8.561987,50.052547,228.6]},"properties":{"name":"2026-05-18 05:52:04 UTC","description":{"@type":"html","value":"<div><div><span><b>Altitude:</b></span> <span>750 ft</span></div>\n<div><span><b>Speed:</b></span> <span>132 kt</span></div>\n<div><span><b>Heading:</b></span> <span>249&deg;</span></div>\n</div>"},"icon-heading":249,"icon":"http://maps.google.com/mapfiles/kml/shapes/airports.png","timestamp":"2026-05-18T05:52:04+00:00"}},{"type":"Feature","geometry":{"type":"Point","coordinates":[8.554519,50.050781,198.12]},"properties":{"name":"2026-05-18 05:52:12 UTC","description":{"@type":"html","value":"<div><div><span><b>Altitude:</b></span> <span>650 ft</span></div>\n<div><span><b>Speed:</b></span> <span>130 kt</span></div>\n<div><span><b>Heading:</b></span> <span>249&deg;</span></div>\n</div>"},"icon-heading":249,"icon":"http://maps.google.com/mapfiles/kml/shapes/airports.png","timestamp":"2026-05-18T05:52:12+00:00"}},{"type":"Feature","geometry":{"type":"Point","coordinates":[8.54917,50.049545,175.26]},"properties":{"name":"2026-05-18 05:52:19 UTC","description":{"@type":"html","value":"<div><div><span><b>Altitude:</b></span> <span>575 ft</span></div>\n<div><span><b>Speed:</b></span> <span>133 kt</span></div>\n<div><span><b>Heading:</b></span> <span>249&deg;</span></div>\n</div>"},"icon-heading":249,"icon":"http://maps.google.com/mapfiles/kml/shapes/airports.png","timestamp":"2026-05-18T05:52:19+00:00"}},{"type":"Feature","geometry":{"type":"Point","coordinates":[8.539701,50.047256,137.16]},"properties":{"name":"2026-05-18 05:52:29 UTC","description":{"@type":"html","value":"<div><div><span><b>Altitude:</b></span> <span>450 ft</span></div>\n<div><span><b>Speed:</b></span> <span>134 kt</span></div>\n<div><span><b>Heading:</b></span> <span>249&deg;</span></div>\n</div>"},"icon-heading":249,"icon":"http://maps.google.com/mapfiles/kml/shapes/airports.png","timestamp":"2026-05-18T05:52:29+00:00"}},{"type":"Feature","geometry":{"type":"Point","coordinates":[8.532814,50.045612,106.68]},"properties":{"name":"2026-05-18 05:52:36 UTC","description":{"@type":"html","value":"<div><div><span><b>Altitude:</b></span> <span>350 ft</span></div>\n<div><span><b>Speed:</b></span> <span>136 kt</span></div>\n<div><span><b>Heading:</b></span> <span>249&deg;</span></div>\n</div>"},"icon-heading":249,"icon":"http://maps.google.com/mapfiles/kml/shapes/airports.png","timestamp":"2026-05-18T05:52:36+00:00"}},{"type":"Feature","geometry":{"type":"Point","coordinates":[8.511101,50.040279,0]},"properties":{"name":"2026-05-18 05:53:10 UTC","description":{"@type":"html","value":"<div><div><span><b>Altitude:</b></span> <span>0 ft</span></div>\n<div><span><b>Speed:</b></span> <span>0 kt</span></div>\n<div><span><b>Heading:</b></span> <span>236&deg;</span></div>\n</div>"},"icon-heading":236,"icon":"http://maps.google.com/mapfiles/kml/shapes/airports.png","timestamp":"2026-05-18T05:53:10+00:00"}},{"type":"Feature","geometry":{"type":"Point","coordinates":[8.509254,50.039143,0]},"properties":{"name":"2026-05-18 05:53:23 UTC","description":{"@type":"html","value":"<div><div><span><b>Altitude:</b></span> <span>0 ft</span></div>\n<div><span><b>Speed:</b></span> <span>0 kt</span></div>\n<div><span><b>Heading:</b></span> <span>222&deg;</span></div>\n</div>"},"icon-heading":222,"icon":"http://maps.google.com/mapfiles/kml/shapes/airports.png","timestamp":"2026-05-18T05:53:23+00:00"}},{"type":"Feature","geometry":{"type":"Point","coordinates":[8.508521,50.03857,0]},"properties":{"name":"2026-05-18 05:53:30 UTC","description":{"@type":"html","value":"<div><div><span><b>Altitude:</b></span> <span>0 ft</span></div>\n<div><span><b>Speed:</b></span> <span>19 kt</span></div>\n<div><span><b>Heading:</b></span> <span>216&deg;</span></div>\n</div>"},"icon-heading":216,"icon":"http://maps.google.com/mapfiles/kml/shapes/airports.png","timestamp":"2026-05-18T05:53:30+00:00"}},{"type":"Feature","geometry":{"type":"Point","coordinates":[8.508373,50.038292,0]},"properties":{"name":"2026-05-18 05:53:34 UTC","description":{"@type":"html","value":"<div><div><span><b>Altitude:</b></span> <span>0 ft</span></div>\n<div><span><b>Speed:</b></span> <span>15 kt</span></div>\n<div><span><b>Heading:</b></span> <span>191&deg;</span></div>\n</div>"},"icon-heading":191,"icon":"http://maps.google.com/mapfiles/kml/shapes/airports.png","timestamp":"2026-05-18T05:53:34+00:00"}},{"type":"Feature","geometry":{"type":"Point","coordinates":[8.508429,50.038059,0]},"properties":{"name":"2026-05-18 05:53:38 UTC","description":{"@type":"html","value":"<div><div><span><b>Altitude:</b></span> <span>0 ft</span></div>\n<div><span><b>Speed:</b></span> <span>15 kt</span></div>\n<div><span><b>Heading:</b></span> <span>165&deg;</span></div>\n</div>"},"icon-heading":165,"icon":"http://maps.google.com/mapfiles/kml/shapes/airports.png","timestamp":"2026-05-18T05:53:38+00:00"}},{"type":"Feature","geometry":{"type":"Point","coordinates":[8.508821,50.037827,0]},"properties":{"name":"2026-05-18 05:53:43 UTC","description":{"@type":"html","value":"<div><div><span><b>Altitude:</b></span> <span>0 ft</span></div>\n<div><span><b>Speed:</b></span> <span>0 kt</span></div>\n<div><span><b>Heading:</b></span> <span>118&deg;</span></div>\n</div>"},"icon-heading":118,"icon":"http://maps.google.com/mapfiles/kml/shapes/airports.png","timestamp":"2026-05-18T05:53:43+00:00"}},{"type":"Feature","geometry":{"type":"Point","coordinates":[8.510618,50.038139,0]},"properties":{"name":"2026-05-18 05:54:04 UTC","description":{"@type":"html","value":"<div><div><span><b>Altitude:</b></span> <span>0 ft</span></div>\n<div><span><b>Speed:</b></span> <span>0 kt</span></div>\n<div><span><b>Heading:</b></span> <span>70&deg;</span></div>\n</div>"},"icon-heading":70,"icon":"http://maps.google.com/mapfiles/kml/shapes/airports.png","timestamp":"2026-05-18T05:54:04+00:00"}},{"type":"Feature","geometry":{"type":"Point","coordinates":[8.511296,50.038307,0]},"properties":{"name":"2026-05-18 05:54:13 UTC","description":{"@type":"html","value":"<div><div><span><b>Altitude:</b></span> <span>0 ft</span></div>\n<div><span><b>Speed:</b></span> <span>14 kt</span></div>\n<div><span><b>Heading:</b></span> <span>70&deg;</span></div>\n</div>"},"icon-heading":70,"icon":"http://maps.google.com/mapfiles/kml/shapes/airports.png","timestamp":"2026-05-18T05:54:13+00:00"}},{"type":"Feature","geometry":{"type":"Point","coordinates":[8.511694,50.038399,0]},"properties":{"name":"2026-05-18 05:54:16 UTC","description":{"@type":"html","value":"<div><div><span><b>Altitude:</b></span> <span>0 ft</span></div>\n<div><span><b>Speed:</b></span> <span>15 kt</span></div>\n<div><span><b>Heading:</b></span> <span>70&deg;</span></div>\n</div>"},"icon-heading":70,"icon":"http://maps.google.com/mapfiles/kml/shapes/airports.png","timestamp":"2026-05-18T05:54:16+00:00"}},{"type":"Feature","geometry":{"type":"Point","coordinates":[8.51279,50.038662,0]},"properties":{"name":"2026-05-18 05:54:24 UTC","description":{"@type":"html","value":"<div><div><span><b>Altitude:</b></span> <span>0 ft</span></div>\n<div><span><b>Speed:</b></span> <span>18 kt</span></div>\n<div><span><b>Heading:</b></span> <span>70&deg;</span></div>\n</div>"},"icon-heading":70,"icon":"http://maps.google.com/mapfiles/kml/shapes/airports.png","timestamp":"2026-05-18T05:54:24+00:00"}},{"type":"Feature","geometry":{"type":"Point","coordinates":[8.513916,50.038925,0]},"properties":{"name":"2026-05-18 05:54:32 UTC","description":{"@type":"html","value":"<div><div><span><b>Altitude:</b></span> <span>0 ft</span></div>\n<div><span><b>Speed:</b></span> <span>22 kt</span></div>\n<div><span><b>Heading:</b></span> <span>70&deg;</span></div>\n</div>"},"icon-heading":70,"icon":"http://maps.google.com/mapfiles/kml/shapes/airports.png","timestamp":"2026-05-18T05:54:32+00:00"}},{"type":"Feature","geometry":{"type":"Point","coordinates":[8.515182,50.039234,0]},"properties":{"name":"2026-05-18 05:54:41 UTC","description":{"@type":"html","value":"<div><div><span><b>Altitude:</b></span> <span>0 ft</span></div>\n<div><span><b>Speed:</b></span> <span>24 kt</span></div>\n<div><span><b>Heading:</b></span> <span>70&deg;</span></div>\n</div>"},"icon-heading":70,"icon":"http://maps.google.com/mapfiles/kml/shapes/airports.png","timestamp":"2026-05-18T05:54:41+00:00"}},{"type":"Feature","geometry":{"type":"Point","coordinates":[8.516699,50.0396,0]},"properties":{"name":"2026-05-18 05:54:49 UTC","description":{"@type":"html","value":"<div><div><span><b>Altitude:</b></span> <span>0 ft</span></div>\n<div><span><b>Speed:</b></span> <span>25 kt</span></div>\n<div><span><b>Heading:</b></span> <span>70&deg;</span></div>\n</div>"},"icon-heading":70,"icon":"http://maps.google.com/mapfiles/kml/shapes/airports.png","timestamp":"2026-05-18T05:54:49+00:00"}},{"type":"Feature","geometry":{"type":"Point","coordinates":[8.517838,50.039875,0]},"properties":{"name":"2026-05-18 05:54:57 UTC","description":{"@type":"html","value":"<div><div><span><b>Altitude:</b></span> <span>0 ft</span></div>\n<div><span><b>Speed:</b></span> <span>26 kt</span></div>\n<div><span><b>Heading:</b></span> <span>70&deg;</span></div>\n</div>"},"icon-heading":70,"icon":"http://maps.google.com/mapfiles/kml/shapes/airports.png","timestamp":"2026-05-18T05:54:57+00:00"}},{"type":"Feature","geometry":{"type":"Point","coordinates":[8.519301,50.040218,0]},"properties":{"name":"2026-05-18 05:55:03 UTC","description":{"@type":"html","value":"<div><div><span><b>Altitude:</b></span> <span>0 ft</span></div>\n<div><span><b>Speed:</b></span> <span>26 kt</span></div>\n<div><span><b>Heading:</b></span> <span>70&deg;</span></div>\n</div>"},"icon-heading":70,"icon":"http://maps.google.com/mapfiles/kml/shapes/airports.png","timestamp":"2026-05-18T05:55:03+00:00"}},{"type":"Feature","geometry":{"type":"Point","coordinates":[8.520404,50.040482,0]},"properties":{"name":"2026-05-18 05:55:10 UTC","description":{"@type":"html","value":"<div><div><span><b>Altitude:</b></span> <span>0 ft</span></div>\n<div><span><b>Speed:</b></span> <span>26 kt</span></div>\n<div><span><b>Heading:</b></span> <span>70&deg;</span></div>\n</div>"},"icon-heading":70,"icon":"http://maps.google.com/mapfiles/kml/shapes/airports.png","timestamp":"2026-05-18T05:55:10+00:00"}},{"type":"Feature","geometry":{"type":"Point","coordinates":[8.521596,50.040768,0]},"properties":{"name":"2026-05-18 05:55:17 UTC","description":{"@type":"html","value":"<div><div><span><b>Altitude:</b></span> <span>0 ft</span></div>\n<div><span><b>Speed:</b></span> <span>26 kt</span></div>\n<div><span><b>Heading:</b></span> <span>70&deg;</span></div>\n</div>"},"icon-heading":70,"icon":"http://maps.google.com/mapfiles/kml/shapes/airports.png","timestamp":"2026-05-18T05:55:17+00:00"}},{"type":"Feature","geometry":{"type":"Point","coordinates":[8.523204,50.041157,0]},"properties":{"name":"2026-05-18 05:55:25 UTC","description":{"@type":"html","value":"<div><div><span><b>Altitude:</b></span> <span>0 ft</span></div>\n<div><span><b>Speed:</b></span> <span>25 kt</span></div>\n<div><span><b>Heading:</b></span> <span>70&deg;</span></div>\n</div>"},"icon-heading":70,"icon":"http://maps.google.com/mapfiles/kml/shapes/airports.png","timestamp":"2026-05-18T05:55:25+00:00"}},{"type":"Feature","geometry":{"type":"Point","coordinates":[8.5245,50.04147,0]},"properties":{"name":"2026-05-18 05:55:33 UTC","description":{"@type":"html","value":"<div><div><span><b>Altitude:</b></span> <span>0 ft</span></div>\n<div><span><b>Speed:</b></span> <span>24 kt</span></div>\n<div><span><b>Heading:</b></span> <span>70&deg;</span></div>\n</div>"},"icon-heading":70,"icon":"http://maps.google.com/mapfiles/kml/shapes/airports.png","timestamp":"2026-05-18T05:55:33+00:00"}},{"type":"Feature","geometry":{"type":"Point","coordinates":[8.526294,50.041889,0]},"properties":{"name":"2026-05-18 05:55:45 UTC","description":{"@type":"html","value":"<div><div><span><b>Altitude:</b></span> <span>0 ft</span></div>\n<div><span><b>Speed:</b></span> <span>23 kt</span></div>\n<div><span><b>Heading:</b></span> <span>70&deg;</span></div>\n</div>"},"icon-heading":70,"icon":"http://maps.google.com/mapfiles/kml/shapes/airports.png","timestamp":"2026-05-18T05:55:45+00:00"}},{"type":"Feature","geometry":{"type":"Point","coordinates":[8.527637,50.042213,0]},"properties":{"name":"2026-05-18 05:55:53 UTC","description":{"@type":"html","value":"<div><div><span><b>Altitude:</b></span> <span>0 ft</span></div>\n<div><span><b>Speed:</b></span> <span>22 kt</span></div>\n<div><span><b>Heading:</b></span> <span>70&deg;</span></div>\n</div>"},"icon-heading":70,"icon":"http://maps.google.com/mapfiles/kml/shapes/airports.png","timestamp":"2026-05-18T05:55:53+00:00"}},{"type":"Feature","geometry":{"type":"Point","coordinates":[8.528416,50.0424,0]},"properties":{"name":"2026-05-18 05:56:04 UTC","description":{"@type":"html","value":"<div><div><span><b>Altitude:</b></span> <span>0 ft</span></div>\n<div><span><b>Speed:</b></span> <span>0 kt</span></div>\n<div><span><b>Heading:</b></span> <span>70&deg;</span></div>\n</div>"},"icon-heading":70,"icon":"http://maps.google.com/mapfiles/kml/shapes/airports.png","timestamp":"2026-05-18T05:56:04+00:00"}},{"type":"Feature","geometry":{"type":"Point","coordinates":[8.530288,50.04285,0]},"properties":{"name":"2026-05-18 05:56:12 UTC","description":{"@type":"html","value":"<div><div><span><b>Altitude:</b></span> <span>0 ft</span></div>\n<div><span><b>Speed:</b></span> <span>0 kt</span></div>\n<div><span><b>Heading:</b></span> <span>70&deg;</span></div>\n</div>"},"icon-heading":70,"icon":"http://maps.google.com/mapfiles/kml/shapes/airports.png","timestamp":"2026-05-18T05:56:12+00:00"}},{"type":"Feature","geometry":{"type":"Point","coordinates":[8.531459,50.043133,0]},"properties":{"name":"2026-05-18 05:56:20 UTC","description":{"@type":"html","value":"<div><div><span><b>Altitude:</b></span> <span>0 ft</span></div>\n<div><span><b>Speed:</b></span> <span>20 kt</span></div>\n<div><span><b>Heading:</b></span> <span>70&deg;</span></div>\n</div>"},"icon-heading":70,"icon":"http://maps.google.com/mapfiles/kml/shapes/airports.png","timestamp":"2026-05-18T05:56:20+00:00"}},{"type":"Feature","geometry":{"type":"Point","coordinates":[8.532239,50.04332,0]},"properties":{"name":"2026-05-18 05:56:29 UTC","description":{"@type":"html","value":"<div><div><span><b>Altitude:</b></span> <span>0 ft</span></div>\n<div><span><b>Speed:</b></span> <span>19 kt</span></div>\n<div><span><b>Heading:</b></span> <span>70&deg;</span></div>\n</div>"},"icon-heading":70,"icon":"http://maps.google.com/mapfiles/kml/shapes/airports.png","timestamp":"2026-05-18T05:56:29+00:00"}},{"type":"Feature","geometry":{"type":"Point","coordinates":[8.533667,50.043663,0]},"properties":{"name":"2026-05-18 05:56:37 UTC","description":{"@type":"html","value":"<div><div><span><b>Altitude:</b></span> <span>0 ft</span></div>\n<div><span><b>Speed:</b></span> <span>18 kt</span></div>\n<div><span><b>Heading:</b></span> <span>70&deg;</span></div>\n</div>"},"icon-heading":70,"icon":"http://maps.google.com/mapfiles/kml/shapes/airports.png","timestamp":"2026-05-18T05:56:37+00:00"}},{"type":"Feature","geometry":{"type":"Point","coordinates":[8.534986,50.043934,0]},"properties":{"name":"2026-05-18 05:56:48 UTC","description":{"@type":"html","value":"<div><div><span><b>Altitude:</b></span> <span>0 ft</span></div>\n<div><span><b>Speed:</b></span> <span>16 kt</span></div>\n<div><span><b>Heading:</b></span> <span>78&deg;</span></div>\n</div>"},"icon-heading":78,"icon":"http://maps.google.com/mapfiles/kml/shapes/airports.png","timestamp":"2026-05-18T05:56:48+00:00"}},{"type":"Feature","geometry":{"type":"Point","coordinates":[8.535282,50.043957,0]},"properties":{"name":"2026-05-18 05:56:51 UTC","description":{"@type":"html","value":"<div><div><span><b>Altitude:</b></span> <span>0 ft</span></div>\n<div><span><b>Speed:</b></span> <span>16 kt</span></div>\n<div><span><b>Heading:</b></span> <span>81&deg;</span></div>\n</div>"},"icon-heading":81,"icon":"http://maps.google.com/mapfiles/kml/shapes/airports.png","timestamp":"2026-05-18T05:56:51+00:00"}},{"type":"Feature","geometry":{"type":"Point","coordinates":[8.535492,50.043983,0]},"properties":{"name":"2026-05-18 05:56:52 UTC","description":{"@type":"html","value":"<div><div><span><b>Altitude:</b></span> <span>0 ft</span></div>\n<div><span><b>Speed:</b></span> <span>16 kt</span></div>\n<div><span><b>Heading:</b></span> <span>84&deg;</span></div>\n</div>"},"icon-heading":84,"icon":"http://maps.google.com/mapfiles/kml/shapes/airports.png","timestamp":"2026-05-18T05:56:52+00:00"}},{"type":"Feature","geometry":{"type":"Point","coordinates":[8.535727,50.043995,0]},"properties":{"name":"2026-05-18 05:56:55 UTC","description":{"@type":"html","value":"<div><div><span><b>Altitude:</b></span> <span>0 ft</span></div>\n<div><span><b>Speed:</b></span> <span>15 kt</span></div>\n<div><span><b>Heading:</b></span> <span>84&deg;</span></div>\n</div>"},"icon-heading":84,"icon":"http://maps.google.com/mapfiles/kml/shapes/airports.png","timestamp":"2026-05-18T05:56:55+00:00"}},{"type":"Feature","geometry":{"type":"Point","coordinates":[8.536061,50.044018,0]},"properties":{"name":"2026-05-18 05:56:57 UTC","description":{"@type":"html","value":"<div><div><span><b>Altitude:</b></span> <span>0 ft</span></div>\n<div><span><b>Speed:</b></span> <span>15 kt</span></div>\n<div><span><b>Heading:</b></span> <span>84&deg;</span></div>\n</div>"},"icon-heading":84,"icon":"http://maps.google.com/mapfiles/kml/shapes/airports.png","timestamp":"2026-05-18T05:56:57+00:00"}},{"type":"Feature","geometry":{"type":"Point","coordinates":[8.536413,50.044029,0]},"properties":{"name":"2026-05-18 05:57:01 UTC","description":{"@type":"html","value":"<div><div><span><b>Altitude:</b></span> <span>0 ft</span></div>\n<div><span><b>Speed:</b></span> <span>15 kt</span></div>\n<div><span><b>Heading:</b></span> <span>84&deg;</span></div>\n</div>"},"icon-heading":84,"icon":"http://maps.google.com/mapfiles/kml/shapes/airports.png","timestamp":"2026-05-18T05:57:01+00:00"}},{"type":"Feature","geometry":{"type":"Point","coordinates":[8.536971,50.044075,0]},"properties":{"name":"2026-05-18 05:57:06 UTC","description":{"@type":"html","value":"<div><div><span><b>Altitude:</b></span> <span>0 ft</span></div>\n<div><span><b>Speed:</b></span> <span>14 kt</span></div>\n<div><span><b>Heading:</b></span> <span>84&deg;</span></div>\n</div>"},"icon-heading":84,"icon":"http://maps.google.com/mapfiles/kml/shapes/airports.png","timestamp":"2026-05-18T05:57:06+00:00"}},{"type":"Feature","geometry":{"type":"Point","coordinates":[8.537268,50.044098,0]},"properties":{"name":"2026-05-18 05:57:09 UTC","description":{"@type":"html","value":"<div><div><span><b>Altitude:</b></span> <span>0 ft</span></div>\n<div><span><b>Speed:</b></span> <span>14 kt</span></div>\n<div><span><b>Heading:</b></span> <span>84&deg;</span></div>\n</div>"},"icon-heading":84,"icon":"http://maps.google.com/mapfiles/kml/shapes/airports.png","timestamp":"2026-05-18T05:57:09+00:00"}},{"type":"Feature","geometry":{"type":"Point","coordinates":[8.538288,50.044155,0]},"properties":{"name":"2026-05-18 05:57:19 UTC","description":{"@type":"html","value":"<div><div><span><b>Altitude:</b></span> <span>0 ft</span></div>\n<div><span><b>Speed:</b></span> <span>14 kt</span></div>\n<div><span><b>Heading:</b></span> <span>84&deg;</span></div>\n</div>"},"icon-heading":84,"icon":"http://maps.google.com/mapfiles/kml/shapes/airports.png","timestamp":"2026-05-18T05:57:19+00:00"}},{"type":"Feature","geometry":{"type":"Point","coordinates":[8.538938,50.044201,0]},"properties":{"name":"2026-05-18 05:57:26 UTC","description":{"@type":"html","value":"<div><div><span><b>Altitude:</b></span> <span>0 ft</span></div>\n<div><span><b>Speed:</b></span> <span>15 kt</span></div>\n<div><span><b>Heading:</b></span> <span>84&deg;</span></div>\n</div>"},"icon-heading":84,"icon":"http://maps.google.com/mapfiles/kml/shapes/airports.png","timestamp":"2026-05-18T05:57:26+00:00"}},{"type":"Feature","geometry":{"type":"Point","coordinates":[8.539885,50.044262,0]},"properties":{"name":"2026-05-18 05:57:34 UTC","description":{"@type":"html","value":"<div><div><span><b>Altitude:</b></span> <span>0 ft</span></div>\n<div><span><b>Speed:</b></span> <span>16 kt</span></div>\n<div><span><b>Heading:</b></span> <span>84&deg;</span></div>\n</div>"},"icon-heading":84,"icon":"http://maps.google.com/mapfiles/kml/shapes/airports.png","timestamp":"2026-05-18T05:57:34+00:00"}},{"type":"Feature","geometry":{"type":"Point","coordinates":[8.540646,50.044319,0]},"properties":{"name":"2026-05-18 05:57:41 UTC","description":{"@type":"html","value":"<div><div><span><b>Altitude:</b></span> <span>0 ft</span></div>\n<div><span><b>Speed:</b></span> <span>17 kt</span></div>\n<div><span><b>Heading:</b></span> <span>84&deg;</span></div>\n</div>"},"icon-heading":84,"icon":"http://maps.google.com/mapfiles/kml/shapes/airports.png","timestamp":"2026-05-18T05:57:41+00:00"}},{"type":"Feature","geometry":{"type":"Point","coordinates":[8.542484,50.044441,0]},"properties":{"name":"2026-05-18 05:57:53 UTC","description":{"@type":"html","value":"<div><div><span><b>Altitude:</b></span> <span>0 ft</span></div>\n<div><span><b>Speed:</b></span> <span>19 kt</span></div>\n<div><span><b>Heading:</b></span> <span>84&deg;</span></div>\n</div>"},"icon-heading":84,"icon":"http://maps.google.com/mapfiles/kml/shapes/airports.png","timestamp":"2026-05-18T05:57:53+00:00"}},{"type":"Feature","geometry":{"type":"Point","coordinates":[8.543532,50.04451,0]},"properties":{"name":"2026-05-18 05:58:01 UTC","description":{"@type":"html","value":"<div><div><span><b>Altitude:</b></span> <span>0 ft</span></div>\n<div><span><b>Speed:</b></span> <span>20 kt</span></div>\n<div><span><b>Heading:</b></span> <span>84&deg;</span></div>\n</div>"},"icon-heading":84,"icon":"http://maps.google.com/mapfiles/kml/shapes/airports.png","timestamp":"2026-05-18T05:58:01+00:00"}},{"type":"Feature","geometry":{"type":"Point","coordinates":[8.544255,50.044533,0]},"properties":{"name":"2026-05-18 05:58:07 UTC","description":{"@type":"html","value":"<div><div><span><b>Altitude:</b></span> <span>0 ft</span></div>\n<div><span><b>Speed:</b></span> <span>22 kt</span></div>\n<div><span><b>Heading:</b></span> <span>90&deg;</span></div>\n</div>"},"icon-heading":90,"icon":"http://maps.google.com/mapfiles/kml/shapes/airports.png","timestamp":"2026-05-18T05:58:07+00:00"}},{"type":"Feature","geometry":{"type":"Point","coordinates":[8.544654,50.044518,0]},"properties":{"name":"2026-05-18 05:58:09 UTC","description":{"@type":"html","value":"<div><div><span><b>Altitude:</b></span> <span>0 ft</span></div>\n<div><span><b>Speed:</b></span> <span>22 kt</span></div>\n<div><span><b>Heading:</b></span> <span>95&deg;</span></div>\n</div>"},"icon-heading":95,"icon":"http://maps.google.com/mapfiles/kml/shapes/airports.png","timestamp":"2026-05-18T05:58:09+00:00"}},{"type":"Feature","geometry":{"type":"Point","coordinates":[8.545231,50.044441,0]},"properties":{"name":"2026-05-18 05:58:11 UTC","description":{"@type":"html","value":"<div><div><span><b>Altitude:</b></span> <span>0 ft</span></div>\n<div><span><b>Speed:</b></span> <span>23 kt</span></div>\n<div><span><b>Heading:</b></span> <span>104&deg;</span></div>\n</div>"},"icon-heading":104,"icon":"http://maps.google.com/mapfiles/kml/shapes/airports.png","timestamp":"2026-05-18T05:58:11+00:00"}},{"type":"Feature","geometry":{"type":"Point","coordinates":[8.545656,50.044353,0]},"properties":{"name":"2026-05-18 05:58:13 UTC","description":{"@type":"html","value":"<div><div><span><b>Altitude:</b></span> <span>0 ft</span></div>\n<div><span><b>Speed:</b></span> <span>24 kt</span></div>\n<div><span><b>Heading:</b></span> <span>109&deg;</span></div>\n</div>"},"icon-heading":109,"icon":"http://maps.google.com/mapfiles/kml/shapes/airports.png","timestamp":"2026-05-18T05:58:13+00:00"}},{"type":"Feature","geometry":{"type":"Point","coordinates":[8.546064,50.044228,0]},"properties":{"name":"2026-05-18 05:58:17 UTC","description":{"@type":"html","value":"<div><div><span><b>Altitude:</b></span> <span>0 ft</span></div>\n<div><span><b>Speed:</b></span> <span>24 kt</span></div>\n<div><span><b>Heading:</b></span> <span>115&deg;</span></div>\n</div>"},"icon-heading":115,"icon":"http://maps.google.com/mapfiles/kml/shapes/airports.png","timestamp":"2026-05-18T05:58:17+00:00"}},{"type":"Feature","geometry":{"type":"Point","coordinates":[8.54646,50.044086,0]},"properties":{"name":"2026-05-18 05:58:19 UTC","description":{"@type":"html","value":"<div><div><span><b>Altitude:</b></span> <span>0 ft</span></div>\n<div><span><b>Speed:</b></span> <span>25 kt</span></div>\n<div><span><b>Heading:</b></span> <span>123&deg;</span></div>\n</div>"},"icon-heading":123,"icon":"http://maps.google.com/mapfiles/kml/shapes/airports.png","timestamp":"2026-05-18T05:58:19+00:00"}},{"type":"Feature","geometry":{"type":"Point","coordinates":[8.546767,50.043926,0]},"properties":{"name":"2026-05-18 05:58:21 UTC","description":{"@type":"html","value":"<div><div><span><b>Altitude:</b></span> <span>0 ft</span></div>\n<div><span><b>Speed:</b></span> <span>25 kt</span></div>\n<div><span><b>Heading:</b></span> <span>129&deg;</span></div>\n</div>"},"icon-heading":129,"icon":"http://maps.google.com/mapfiles/kml/shapes/airports.png","timestamp":"2026-05-18T05:58:21+00:00"}},{"type":"Feature","geometry":{"type":"Point","coordinates":[8.547177,50.043633,0]},"properties":{"name":"2026-05-18 05:58:24 UTC","description":{"@type":"html","value":"<div><div><span><b>Altitude:</b></span> <span>0 ft</span></div>\n<div><span><b>Speed:</b></span> <span>25 kt</span></div>\n<div><span><b>Heading:</b></span> <span>137&deg;</span></div>\n</div>"},"icon-heading":137,"icon":"http://maps.google.com/mapfiles/kml/shapes/airports.png","timestamp":"2026-05-18T05:58:24+00:00"}},{"type":"Feature","geometry":{"type":"Point","coordinates":[8.547472,50.0434,0]},"properties":{"name":"2026-05-18 05:58:26 UTC","description":{"@type":"html","value":"<div><div><span><b>Altitude:</b></span> <span>0 ft</span></div>\n<div><span><b>Speed:</b></span> <span>24 kt</span></div>\n<div><span><b>Heading:</b></span> <span>143&deg;</span></div>\n</div>"},"icon-heading":143,"icon":"http://maps.google.com/mapfiles/kml/shapes/airports.png","timestamp":"2026-05-18T05:58:26+00:00"}},{"type":"Feature","geometry":{"type":"Point","coordinates":[8.54767,50.043159,0]},"properties":{"name":"2026-05-18 05:58:29 UTC","description":{"@type":"html","value":"<div><div><span><b>Altitude:</b></span> <span>0 ft</span></div>\n<div><span><b>Speed:</b></span> <span>23 kt</span></div>\n<div><span><b>Heading:</b></span> <span>151&deg;</span></div>\n</div>"},"icon-heading":151,"icon":"http://maps.google.com/mapfiles/kml/shapes/airports.png","timestamp":"2026-05-18T05:58:29+00:00"}},{"type":"Feature","geometry":{"type":"Point","coordinates":[8.547938,50.042782,0]},"properties":{"name":"2026-05-18 05:58:33 UTC","description":{"@type":"html","value":"<div><div><span><b>Altitude:</b></span> <span>0 ft</span></div>\n<div><span><b>Speed:</b></span> <span>21 kt</span></div>\n<div><span><b>Heading:</b></span> <span>157&deg;</span></div>\n</div>"},"icon-heading":157,"icon":"http://maps.google.com/mapfiles/kml/shapes/airports.png","timestamp":"2026-05-18T05:58:33+00:00"}},{"type":"Feature","geometry":{"type":"Point","coordinates":[8.548104,50.042484,0]},"properties":{"name":"2026-05-18 05:58:37 UTC","description":{"@type":"html","value":"<div><div><span><b>Altitude:</b></span> <span>0 ft</span></div>\n<div><span><b>Speed:</b></span> <span>19 kt</span></div>\n<div><span><b>Heading:</b></span> <span>160&deg;</span></div>\n</div>"},"icon-heading":160,"icon":"http://maps.google.com/mapfiles/kml/shapes/airports.png","timestamp":"2026-05-18T05:58:37+00:00"}},{"type":"Feature","geometry":{"type":"Point","coordinates":[8.548213,50.042267,0]},"properties":{"name":"2026-05-18 05:58:39 UTC","description":{"@type":"html","value":"<div><div><span><b>Altitude:</b></span> <span>0 ft</span></div>\n<div><span><b>Speed:</b></span> <span>19 kt</span></div>\n<div><span><b>Heading:</b></span> <span>163&deg;</span></div>\n</div>"},"icon-heading":163,"icon":"http://maps.google.com/mapfiles/kml/shapes/airports.png","timestamp":"2026-05-18T05:58:39+00:00"}},{"type":"Feature","geometry":{"type":"Point","coordinates":[8.548357,50.041992,0]},"properties":{"name":"2026-05-18 05:58:42 UTC","description":{"@type":"html","value":"<div><div><span><b>Altitude:</b></span> <span>0 ft</span></div>\n<div><span><b>Speed:</b></span> <span>20 kt</span></div>\n<div><span><b>Heading:</b></span> <span>163&deg;</span></div>\n</div>"},"icon-heading":163,"icon":"http://maps.google.com/mapfiles/kml/shapes/airports.png","timestamp":"2026-05-18T05:58:42+00:00"}},{"type":"Feature","geometry":{"type":"Point","coordinates":[8.548466,50.041786,0]},"properties":{"name":"2026-05-18 05:58:45 UTC","description":{"@type":"html","value":"<div><div><span><b>Altitude:</b></span> <span>0 ft</span></div>\n<div><span><b>Speed:</b></span> <span>20 kt</span></div>\n<div><span><b>Heading:</b></span> <span>160&deg;</span></div>\n</div>"},"icon-heading":160,"icon":"http://maps.google.com/mapfiles/kml/shapes/airports.png","timestamp":"2026-05-18T05:58:45+00:00"}},{"type":"Feature","geometry":{"type":"Point","coordinates":[8.548592,50.041557,0]},"properties":{"name":"2026-05-18 05:58:47 UTC","description":{"@type":"html","value":"<div><div><span><b>Altitude:</b></span> <span>0 ft</span></div>\n<div><span><b>Speed:</b></span> <span>20 kt</span></div>\n<div><span><b>Heading:</b></span> <span>160&deg;</span></div>\n</div>"},"icon-heading":160,"icon":"http://maps.google.com/mapfiles/kml/shapes/airports.png","timestamp":"2026-05-18T05:58:47+00:00"}},{"type":"Feature","geometry":{"type":"Point","coordinates":[8.548737,50.041317,0]},"properties":{"name":"2026-05-18 05:58:50 UTC","description":{"@type":"html","value":"<div><div><span><b>Altitude:</b></span> <span>0 ft</span></div>\n<div><span><b>Speed:</b></span> <span>20 kt</span></div>\n<div><span><b>Heading:</b></span> <span>160&deg;</span></div>\n</div>"},"icon-heading":160,"icon":"http://maps.google.com/mapfiles/kml/shapes/airports.png","timestamp":"2026-05-18T05:58:50+00:00"}},{"type":"Feature","geometry":{"type":"Point","coordinates":[8.548845,50.041088,0]},"properties":{"name":"2026-05-18 05:58:52 UTC","description":{"@type":"html","value":"<div><div><span><b>Altitude:</b></span> <span>0 ft</span></div>\n<div><span><b>Speed:</b></span> <span>20 kt</span></div>\n<div><span><b>Heading:</b></span> <span>160&deg;</span></div>\n</div>"},"icon-heading":160,"icon":"http://maps.google.com/mapfiles/kml/shapes/airports.png","timestamp":"2026-05-18T05:58:52+00:00"}},{"type":"Feature","geometry":{"type":"Point","coordinates":[8.549116,50.040665,0]},"properties":{"name":"2026-05-18 05:58:57 UTC","description":{"@type":"html","value":"<div><div><span><b>Altitude:</b></span> <span>0 ft</span></div>\n<div><span><b>Speed:</b></span> <span>20 kt</span></div>\n<div><span><b>Heading:</b></span> <span>157&deg;</span></div>\n</div>"},"icon-heading":157,"icon":"http://maps.google.com/mapfiles/kml/shapes/airports.png","timestamp":"2026-05-18T05:58:57+00:00"}},{"type":"Feature","geometry":{"type":"Point","coordinates":[8.54926,50.040413,0]},"properties":{"name":"2026-05-18 05:59:00 UTC","description":{"@type":"html","value":"<div><div><span><b>Altitude:</b></span> <span>0 ft</span></div>\n<div><span><b>Speed:</b></span> <span>20 kt</span></div>\n<div><span><b>Heading:</b></span> <span>160&deg;</span></div>\n</div>"},"icon-heading":160,"icon":"http://maps.google.com/mapfiles/kml/shapes/airports.png","timestamp":"2026-05-18T05:59:00+00:00"}},{"type":"Feature","geometry":{"type":"Point","coordinates":[8.549516,50.039989,0]},"properties":{"name":"2026-05-18 05:59:05 UTC","description":{"@type":"html","value":"<div><div><span><b>Altitude:</b></span> <span>0 ft</span></div>\n<div><span><b>Speed:</b></span> <span>19 kt</span></div>\n<div><span><b>Heading:</b></span> <span>160&deg;</span></div>\n</div>"},"icon-heading":160,"icon":"http://maps.google.com/mapfiles/kml/shapes/airports.png","timestamp":"2026-05-18T05:59:05+00:00"}},{"type":"Feature","geometry":{"type":"Point","coordinates":[8.549694,50.039703,0]},"properties":{"name":"2026-05-18 05:59:08 UTC","description":{"@type":"html","value":"<div><div><span><b>Altitude:</b></span> <span>0 ft</span></div>\n<div><span><b>Speed:</b></span> <span>18 kt</span></div>\n<div><span><b>Heading:</b></span> <span>157&deg;</span></div>\n</div>"},"icon-heading":157,"icon":"http://maps.google.com/mapfiles/kml/shapes/airports.png","timestamp":"2026-05-18T05:59:08+00:00"}},{"type":"Feature","geometry":{"type":"Point","coordinates":[8.54993,50.039291,0]},"properties":{"name":"2026-05-18 05:59:13 UTC","description":{"@type":"html","value":"<div><div><span><b>Altitude:</b></span> <span>0 ft</span></div>\n<div><span><b>Speed:</b></span> <span>19 kt</span></div>\n<div><span><b>Heading:</b></span> <span>160&deg;</span></div>\n</div>"},"icon-heading":160,"icon":"http://maps.google.com/mapfiles/kml/shapes/airports.png","timestamp":"2026-05-18T05:59:13+00:00"}},{"type":"Feature","geometry":{"type":"Point","coordinates":[8.550147,50.038918,0]},"properties":{"name":"2026-05-18 05:59:19 UTC","description":{"@type":"html","value":"<div><div><span><b>Altitude:</b></span> <span>0 ft</span></div>\n<div><span><b>Speed:</b></span> <span>15 kt</span></div>\n<div><span><b>Heading:</b></span> <span>157&deg;</span></div>\n</div>"},"icon-heading":157,"icon":"http://maps.google.com/mapfiles/kml/shapes/airports.png","timestamp":"2026-05-18T05:59:19+00:00"}},{"type":"Feature","geometry":{"type":"Point","coordinates":[8.550351,50.038651,0]},"properties":{"name":"2026-05-18 05:59:24 UTC","description":{"@type":"html","value":"<div><div><span><b>Altitude:</b></span> <span>0 ft</span></div>\n<div><span><b>Speed:</b></span> <span>11 kt</span></div>\n<div><span><b>Heading:</b></span> <span>149&deg;</span></div>\n</div>"},"icon-heading":149,"icon":"http://maps.google.com/mapfiles/kml/shapes/airports.png","timestamp":"2026-05-18T05:59:24+00:00"}},{"type":"Feature","geometry":{"type":"Point","coordinates":[8.550633,50.038502,0]},"properties":{"name":"2026-05-18 05:59:31 UTC","description":{"@type":"html","value":"<div><div><span><b>Altitude:</b></span> <span>0 ft</span></div>\n<div><span><b>Speed:</b></span> <span>9 kt</span></div>\n<div><span><b>Heading:</b></span> <span>126&deg;</span></div>\n</div>"},"icon-heading":126,"icon":"http://maps.google.com/mapfiles/kml/shapes/airports.png","timestamp":"2026-05-18T05:59:31+00:00"}},{"type":"Feature","geometry":{"type":"Point","coordinates":[8.550834,50.038464,0]},"properties":{"name":"2026-05-18 05:59:34 UTC","description":{"@type":"html","value":"<div><div><span><b>Altitude:</b></span> <span>0 ft</span></div>\n<div><span><b>Speed:</b></span> <span>10 kt</span></div>\n<div><span><b>Heading:</b></span> <span>106&deg;</span></div>\n</div>"},"icon-heading":106,"icon":"http://maps.google.com/mapfiles/kml/shapes/airports.png","timestamp":"2026-05-18T05:59:34+00:00"}},{"type":"Feature","geometry":{"type":"Point","coordinates":[8.551242,50.038513,0]},"properties":{"name":"2026-05-18 05:59:39 UTC","description":{"@type":"html","value":"<div><div><span><b>Altitude:</b></span> <span>0 ft</span></div>\n<div><span><b>Speed:</b></span> <span>10 kt</span></div>\n<div><span><b>Heading:</b></span> <span>75&deg;</span></div>\n</div>"},"icon-heading":75,"icon":"http://maps.google.com/mapfiles/kml/shapes/airports.png","timestamp":"2026-05-18T05:59:39+00:00"}},{"type":"Feature","geometry":{"type":"Point","coordinates":[8.551501,50.03857,0]},"properties":{"name":"2026-05-18 05:59:42 UTC","description":{"@type":"html","value":"<div><div><span><b>Altitude:</b></span> <span>0 ft</span></div>\n<div><span><b>Speed:</b></span> <span>9 kt</span></div>\n<div><span><b>Heading:</b></span> <span>70&deg;</span></div>\n</div>"},"icon-heading":70,"icon":"http://maps.google.com/mapfiles/kml/shapes/airports.png","timestamp":"2026-05-18T05:59:42+00:00"}},{"type":"Feature","geometry":{"type":"Point","coordinates":[8.55179,50.038639,0]},"properties":{"name":"2026-05-18 05:59:47 UTC","description":{"@type":"html","value":"<div><div><span><b>Altitude:</b></span> <span>0 ft</span></div>\n<div><span><b>Speed:</b></span> <span>9 kt</span></div>\n<div><span><b>Heading:</b></span> <span>70&deg;</span></div>\n</div>"},"icon-heading":70,"icon":"http://maps.google.com/mapfiles/kml/shapes/airports.png","timestamp":"2026-05-18T05:59:47+00:00"}},{"type":"Feature","geometry":{"type":"Point","coordinates":[8.552188,50.038742,0]},"properties":{"name":"2026-05-18 05:59:53 UTC","description":{"@type":"html","value":"<div><div><span><b>Altitude:</b></span> <span>0 ft</span></div>\n<div><span><b>Speed:</b></span> <span>9 kt</span></div>\n<div><span><b>Heading:</b></span> <span>70&deg;</span></div>\n</div>"},"icon-heading":70,"icon":"http://maps.google.com/mapfiles/kml/shapes/airports.png","timestamp":"2026-05-18T05:59:53+00:00"}},{"type":"Feature","geometry":{"type":"Point","coordinates":[8.552423,50.038788,0]},"properties":{"name":"2026-05-18 05:59:57 UTC","description":{"@type":"html","value":"<div><div><span><b>Altitude:</b></span> <span>0 ft</span></div>\n<div><span><b>Speed:</b></span> <span>10 kt</span></div>\n<div><span><b>Heading:</b></span> <span>70&deg;</span></div>\n</div>"},"icon-heading":70,"icon":"http://maps.google.com/mapfiles/kml/shapes/airports.png","timestamp":"2026-05-18T05:59:57+00:00"}},{"type":"Feature","geometry":{"type":"Point","coordinates":[8.55269,50.03886,0]},"properties":{"name":"2026-05-18 06:00:01 UTC","description":{"@type":"html","value":"<div><div><span><b>Altitude:</b></span> <span>0 ft</span></div>\n<div><span><b>Speed:</b></span> <span>10 kt</span></div>\n<div><span><b>Heading:</b></span> <span>70&deg;</span></div>\n</div>"},"icon-heading":70,"icon":"http://maps.google.com/mapfiles/kml/shapes/airports.png","timestamp":"2026-05-18T06:00:01+00:00"}},{"type":"Feature","geometry":{"type":"Point","coordinates":[8.553153,50.038967,0]},"properties":{"name":"2026-05-18 06:00:08 UTC","description":{"@type":"html","value":"<div><div><span><b>Altitude:</b></span> <span>0 ft</span></div>\n<div><span><b>Speed:</b></span> <span>11 kt</span></div>\n<div><span><b>Heading:</b></span> <span>70&deg;</span></div>\n</div>"},"icon-heading":70,"icon":"http://maps.google.com/mapfiles/kml/shapes/airports.png","timestamp":"2026-05-18T06:00:08+00:00"}},{"type":"Feature","geometry":{"type":"Point","coordinates":[8.55385,50.039131,0]},"properties":{"name":"2026-05-18 06:00:16 UTC","description":{"@type":"html","value":"<div><div><span><b>Altitude:</b></span> <span>0 ft</span></div>\n<div><span><b>Speed:</b></span> <span>12 kt</span></div>\n<div><span><b>Heading:</b></span> <span>70&deg;</span></div>\n</div>"},"icon-heading":70,"icon":"http://maps.google.com/mapfiles/kml/shapes/airports.png","timestamp":"2026-05-18T06:00:16+00:00"}},{"type":"Feature","geometry":{"type":"Point","coordinates":[8.554428,50.039268,0]},"properties":{"name":"2026-05-18 06:00:23 UTC","description":{"@type":"html","value":"<div><div><span><b>Altitude:</b></span> <span>0 ft</span></div>\n<div><span><b>Speed:</b></span> <span>13 kt</span></div>\n<div><span><b>Heading:</b></span> <span>70&deg;</span></div>\n</div>"},"icon-heading":70,"icon":"http://maps.google.com/mapfiles/kml/shapes/airports.png","timestamp":"2026-05-18T06:00:23+00:00"}},{"type":"Feature","geometry":{"type":"Point","coordinates":[8.555511,50.039536,0]},"properties":{"name":"2026-05-18 06:00:36 UTC","description":{"@type":"html","value":"<div><div><span><b>Altitude:</b></span> <span>0 ft</span></div>\n<div><span><b>Speed:</b></span> <span>14 kt</span></div>\n<div><span><b>Heading:</b></span> <span>70&deg;</span></div>\n</div>"},"icon-heading":70,"icon":"http://maps.google.com/mapfiles/kml/shapes/airports.png","timestamp":"2026-05-18T06:00:36+00:00"}},{"type":"Feature","geometry":{"type":"Point","coordinates":[8.556435,50.039749,0]},"properties":{"name":"2026-05-18 06:00:43 UTC","description":{"@type":"html","value":"<div><div><span><b>Altitude:</b></span> <span>0 ft</span></div>\n<div><span><b>Speed:</b></span> <span>15 kt</span></div>\n<div><span><b>Heading:</b></span> <span>70&deg;</span></div>\n</div>"},"icon-heading":70,"icon":"http://maps.google.com/mapfiles/kml/shapes/airports.png","timestamp":"2026-05-18T06:00:43+00:00"}},{"type":"Feature","geometry":{"type":"Point","coordinates":[8.556939,50.039875,0]},"properties":{"name":"2026-05-18 06:00:49 UTC","description":{"@type":"html","value":"<div><div><span><b>Altitude:</b></span> <span>0 ft</span></div>\n<div><span><b>Speed:</b></span> <span>10 kt</span></div>\n<div><span><b>Heading:</b></span> <span>70&deg;</span></div>\n</div>"},"icon-heading":70,"icon":"http://maps.google.com/mapfiles/kml/shapes/airports.png","timestamp":"2026-05-18T06:00:49+00:00"}},{"type":"Feature","geometry":{"type":"Point","coordinates":[8.557404,50.039989,0]},"properties":{"name":"2026-05-18 06:00:58 UTC","description":{"@type":"html","value":"<div><div><span><b>Altitude:</b></span> <span>0 ft</span></div>\n<div><span><b>Speed:</b></span> <span>8 kt</span></div>\n<div><span><b>Heading:</b></span> <span>70&deg;</span></div>\n</div>"},"icon-heading":70,"icon":"http://maps.google.com/mapfiles/kml/shapes/airports.png","timestamp":"2026-05-18T06:00:58+00:00"}},{"type":"Feature","geometry":{"type":"Point","coordinates":[8.557681,50.040047,0]},"properties":{"name":"2026-05-18 06:01:05 UTC","description":{"@type":"html","value":"<div><div><span><b>Altitude:</b></span> <span>0 ft</span></div>\n<div><span><b>Speed:</b></span> <span>6 kt</span></div>\n<div><span><b>Heading:</b></span> <span>70&deg;</span></div>\n</div>"},"icon-heading":70,"icon":"http://maps.google.com/mapfiles/kml/shapes/airports.png","timestamp":"2026-05-18T06:01:05+00:00"}},{"type":"Feature","geometry":{"type":"Point","coordinates":[8.557916,50.040104,0]},"properties":{"name":"2026-05-18 06:01:13 UTC","description":{"@type":"html","value":"<div><div><span><b>Altitude:</b></span> <span>0 ft</span></div>\n<div><span><b>Speed:</b></span> <span>4 kt</span></div>\n<div><span><b>Heading:</b></span> <span>70&deg;</span></div>\n</div>"},"icon-heading":70,"icon":"http://maps.google.com/mapfiles/kml/shapes/airports.png","timestamp":"2026-05-18T06:01:13+00:00"}},{"type":"Feature","geometry":{"type":"Point","coordinates":[8.558183,50.040165,0]},"properties":{"name":"2026-05-18 06:01:24 UTC","description":{"@type":"html","value":"<div><div><span><b>Altitude:</b></span> <span>0 ft</span></div>\n<div><span><b>Speed:</b></span> <span>4 kt</span></div>\n<div><span><b>Heading:</b></span> <span>70&deg;</span></div>\n</div>"},"icon-heading":70,"icon":"http://maps.google.com/mapfiles/kml/shapes/airports.png","timestamp":"2026-05-18T06:01:24+00:00"}},{"type":"Feature","geometry":{"type":"Point","coordinates":[8.558386,50.040218,0]},"properties":{"name":"2026-05-18 06:01:38 UTC","description":{"@type":"html","value":"<div><div><span><b>Altitude:</b></span> <span>0 ft</span></div>\n<div><span><b>Speed:</b></span> <span>0 kt</span></div>\n<div><span><b>Heading:</b></span> <span>70&deg;</span></div>\n</div>"},"icon-heading":70,"icon":"http://maps.google.com/mapfiles/kml/shapes/airports.png","timestamp":"2026-05-18T06:01:38+00:00"}},{"type":"Feature","geometry":{"type":"Point","coordinates":[8.558591,50.040268,0]},"properties":{"name":"2026-05-18 06:01:57 UTC","description":{"@type":"html","value":"<div><div><span><b>Altitude:</b></span> <span>0 ft</span></div>\n<div><span><b>Speed:</b></span> <span>0 kt</span></div>\n<div><span><b>Heading:</b></span> <span>70&deg;</span></div>\n</div>"},"icon-heading":70,"icon":"http://maps.google.com/mapfiles/kml/shapes/airports.png","timestamp":"2026-05-18T06:01:57+00:00"}},{"type":"Feature","geometry":{"type":"Point","coordinates":[8.558802,50.04031,0]},"properties":{"name":"2026-05-18 06:02:19 UTC","description":{"@type":"html","value":"<div><div><span><b>Altitude:</b></span> <span>0 ft</span></div>\n<div><span><b>Speed:</b></span> <span>0 kt</span></div>\n<div><span><b>Heading:</b></span> <span>70&deg;</span></div>\n</div>"},"icon-heading":70,"icon":"http://maps.google.com/mapfiles/kml/shapes/airports.png","timestamp":"2026-05-18T06:02:19+00:00"}},{"type":"Feature","geometry":{"type":"Point","coordinates":[8.559092,50.040386,0]},"properties":{"name":"2026-05-18 06:02:35 UTC","description":{"@type":"html","value":"<div><div><span><b>Altitude:</b></span> <span>0 ft</span></div>\n<div><span><b>Speed:</b></span> <span>4 kt</span></div>\n<div><span><b>Heading:</b></span> <span>67&deg;</span></div>\n</div>"},"icon-heading":67,"icon":"http://maps.google.com/mapfiles/kml/shapes/airports.png","timestamp":"2026-05-18T06:02:35+00:00"}},{"type":"Feature","geometry":{"type":"Point","coordinates":[8.559315,50.040455,0]},"properties":{"name":"2026-05-18 06:02:41 UTC","description":{"@type":"html","value":"<div><div><span><b>Altitude:</b></span> <span>0 ft</span></div>\n<div><span><b>Speed:</b></span> <span>5 kt</span></div>\n<div><span><b>Heading:</b></span> <span>64&deg;</span></div>\n</div>"},"icon-heading":64,"icon":"http://maps.google.com/mapfiles/kml/shapes/airports.png","timestamp":"2026-05-18T06:02:41+00:00"}},{"type":"Feature","geometry":{"type":"Point","coordinates":[8.55956,50.040573,0]},"properties":{"name":"2026-05-18 06:02:48 UTC","description":{"@type":"html","value":"<div><div><span><b>Altitude:</b></span> <span>0 ft</span></div>\n<div><span><b>Speed:</b></span> <span>6 kt</span></div>\n<div><span><b>Heading:</b></span> <span>50&deg;</span></div>\n</div>"},"icon-heading":50,"icon":"http://maps.google.com/mapfiles/kml/shapes/airports.png","timestamp":"2026-05-18T06:02:48+00:00"}},{"type":"Feature","geometry":{"type":"Point","coordinates":[8.559705,50.040806,0]},"properties":{"name":"2026-05-18 06:02:56 UTC","description":{"@type":"html","value":"<div><div><span><b>Altitude:</b></span> <span>0 ft</span></div>\n<div><span><b>Speed:</b></span> <span>7 kt</span></div>\n<div><span><b>Heading:</b></span> <span>19&deg;</span></div>\n</div>"},"icon-heading":19,"icon":"http://maps.google.com/mapfiles/kml/shapes/airports.png","timestamp":"2026-05-18T06:02:56+00:00"}},{"type":"Feature","geometry":{"type":"Point","coordinates":[8.559649,50.041027,0]},"properties":{"name":"2026-05-18 06:03:03 UTC","description":{"@type":"html","value":"<div><div><span><b>Altitude:</b></span> <span>0 ft</span></div>\n<div><span><b>Speed:</b></span> <span>7 kt</span></div>\n<div><span><b>Heading:</b></span> <span>348&deg;</span></div>\n</div>"},"icon-heading":348,"icon":"http://maps.google.com/mapfiles/kml/shapes/airports.png","timestamp":"2026-05-18T06:03:03+00:00"}},{"type":"Feature","geometry":{"type":"Point","coordinates":[8.559482,50.04134,0]},"properties":{"name":"2026-05-18 06:03:13 UTC","description":{"@type":"html","value":"<div><div><span><b>Altitude:</b></span> <span>0 ft</span></div>\n<div><span><b>Speed:</b></span> <span>9 kt</span></div>\n<div><span><b>Heading:</b></span> <span>340&deg;</span></div>\n</div>"},"icon-heading":340,"icon":"http://maps.google.com/mapfiles/kml/shapes/airports.png","timestamp":"2026-05-18T06:03:13+00:00"}},{"type":"Feature","geometry":{"type":"Point","coordinates":[8.559361,50.041557,0]},"properties":{"name":"2026-05-18 06:03:16 UTC","description":{"@type":"html","value":"<div><div><span><b>Altitude:</b></span> <span>0 ft</span></div>\n<div><span><b>Speed:</b></span> <span>11 kt</span></div>\n<div><span><b>Heading:</b></span> <span>340&deg;</span></div>\n</div>"},"icon-heading":340,"icon":"http://maps.google.com/mapfiles/kml/shapes/airports.png","timestamp":"2026-05-18T06:03:16+00:00"}},{"type":"Feature","geometry":{"type":"Point","coordinates":[8.559199,50.041832,0]},"properties":{"name":"2026-05-18 06:03:22 UTC","description":{"@type":"html","value":"<div><div><span><b>Altitude:</b></span> <span>0 ft</span></div>\n<div><span><b>Speed:</b></span> <span>13 kt</span></div>\n<div><span><b>Heading:</b></span> <span>340&deg;</span></div>\n</div>"},"icon-heading":340,"icon":"http://maps.google.com/mapfiles/kml/shapes/airports.png","timestamp":"2026-05-18T06:03:22+00:00"}},{"type":"Feature","geometry":{"type":"Point","coordinates":[8.559163,50.042049,0]},"properties":{"name":"2026-05-18 06:03:24 UTC","description":{"@type":"html","value":"<div><div><span><b>Altitude:</b></span> <span>0 ft</span></div>\n<div><span><b>Speed:</b></span> <span>14 kt</span></div>\n<div><span><b>Heading:</b></span> <span>354&deg;</span></div>\n</div>"},"icon-heading":354,"icon":"http://maps.google.com/mapfiles/kml/shapes/airports.png","timestamp":"2026-05-18T06:03:24+00:00"}},{"type":"Feature","geometry":{"type":"Point","coordinates":[8.55924,50.042259,0]},"properties":{"name":"2026-05-18 06:03:29 UTC","description":{"@type":"html","value":"<div><div><span><b>Altitude:</b></span> <span>0 ft</span></div>\n<div><span><b>Speed:</b></span> <span>14 kt</span></div>\n<div><span><b>Heading:</b></span> <span>16&deg;</span></div>\n</div>"},"icon-heading":16,"icon":"http://maps.google.com/mapfiles/kml/shapes/airports.png","timestamp":"2026-05-18T06:03:29+00:00"}},{"type":"Feature","geometry":{"type":"Point","coordinates":[8.559444,50.042446,0]},"properties":{"name":"2026-05-18 06:03:31 UTC","description":{"@type":"html","value":"<div><div><span><b>Altitude:</b></span> <span>0 ft</span></div>\n<div><span><b>Speed:</b></span> <span>14 kt</span></div>\n<div><span><b>Heading:</b></span> <span>30&deg;</span></div>\n</div>"},"icon-heading":30,"icon":"http://maps.google.com/mapfiles/kml/shapes/airports.png","timestamp":"2026-05-18T06:03:31+00:00"}},{"type":"Feature","geometry":{"type":"Point","coordinates":[8.559596,50.042793,0]},"properties":{"name":"2026-05-18 06:03:37 UTC","description":{"@type":"html","value":"<div><div><span><b>Altitude:</b></span> <span>0 ft</span></div>\n<div><span><b>Speed:</b></span> <span>14 kt</span></div>\n<div><span><b>Heading:</b></span> <span>5&deg;</span></div>\n</div>"},"icon-heading":5,"icon":"http://maps.google.com/mapfiles/kml/shapes/airports.png","timestamp":"2026-05-18T06:03:37+00:00"}},{"type":"Feature","geometry":{"type":"Point","coordinates":[8.559519,50.043037,0]},"properties":{"name":"2026-05-18 06:03:40 UTC","description":{"@type":"html","value":"<div><div><span><b>Altitude:</b></span> <span>0 ft</span></div>\n<div><span><b>Speed:</b></span> <span>14 kt</span></div>\n<div><span><b>Heading:</b></span> <span>348&deg;</span></div>\n</div>"},"icon-heading":348,"icon":"http://maps.google.com/mapfiles/kml/shapes/airports.png","timestamp":"2026-05-18T06:03:40+00:00"}},{"type":"Feature","geometry":{"type":"Point","coordinates":[8.559389,50.04327,0]},"properties":{"name":"2026-05-18 06:03:44 UTC","description":{"@type":"html","value":"<div><div><span><b>Altitude:</b></span> <span>0 ft</span></div>\n<div><span><b>Speed:</b></span> <span>15 kt</span></div>\n<div><span><b>Heading:</b></span> <span>340&deg;</span></div>\n</div>"},"icon-heading":340,"icon":"http://maps.google.com/mapfiles/kml/shapes/airports.png","timestamp":"2026-05-18T06:03:44+00:00"}},{"type":"Feature","geometry":{"type":"Point","coordinates":[8.559166,50.043667,0]},"properties":{"name":"2026-05-18 06:03:50 UTC","description":{"@type":"html","value":"<div><div><span><b>Altitude:</b></span> <span>0 ft</span></div>\n<div><span><b>Speed:</b></span> <span>15 kt</span></div>\n<div><span><b>Heading:</b></span> <span>340&deg;</span></div>\n</div>"},"icon-heading":340,"icon":"http://maps.google.com/mapfiles/kml/shapes/airports.png","timestamp":"2026-05-18T06:03:50+00:00"}},{"type":"Feature","geometry":{"type":"Point","coordinates":[8.559091,50.043938,0]},"properties":{"name":"2026-05-18 06:03:54 UTC","description":{"@type":"html","value":"<div><div><span><b>Altitude:</b></span> <span>0 ft</span></div>\n<div><span><b>Speed:</b></span> <span>14 kt</span></div>\n<div><span><b>Heading:</b></span> <span>351&deg;</span></div>\n</div>"},"icon-heading":351,"icon":"http://maps.google.com/mapfiles/kml/shapes/airports.png","timestamp":"2026-05-18T06:03:54+00:00"}},{"type":"Feature","geometry":{"type":"Point","coordinates":[8.559091,50.044144,0]},"properties":{"name":"2026-05-18 06:03:57 UTC","description":{"@type":"html","value":"<div><div><span><b>Altitude:</b></span> <span>0 ft</span></div>\n<div><span><b>Speed:</b></span> <span>14 kt</span></div>\n<div><span><b>Heading:</b></span> <span>354&deg;</span></div>\n</div>"},"icon-heading":354,"icon":"http://maps.google.com/mapfiles/kml/shapes/airports.png","timestamp":"2026-05-18T06:03:57+00:00"}},{"type":"Feature","geometry":{"type":"Point","coordinates":[8.559199,50.044487,0]},"properties":{"name":"2026-05-18 06:04:03 UTC","description":{"@type":"html","value":"<div><div><span><b>Altitude:</b></span> <span>0 ft</span></div>\n<div><span><b>Speed:</b></span> <span>13 kt</span></div>\n<div><span><b>Heading:</b></span> <span>16&deg;</span></div>\n</div>"},"icon-heading":16,"icon":"http://maps.google.com/mapfiles/kml/shapes/airports.png","timestamp":"2026-05-18T06:04:03+00:00"}},{"type":"Feature","geometry":{"type":"Point","coordinates":[8.559325,50.044773,0]},"properties":{"name":"2026-05-18 06:04:08 UTC","description":{"@type":"html","value":"<div><div><span><b>Altitude:</b></span> <span>0 ft</span></div>\n<div><span><b>Speed:</b></span> <span>13 kt</span></div>\n<div><span><b>Heading:</b></span> <span>16&deg;</span></div>\n</div>"},"icon-heading":16,"icon":"http://maps.google.com/mapfiles/kml/shapes/airports.png","timestamp":"2026-05-18T06:04:08+00:00"}},{"type":"Feature","geometry":{"type":"Point","coordinates":[8.559444,50.045006,0]},"properties":{"name":"2026-05-18 06:04:12 UTC","description":{"@type":"html","value":"<div><div><span><b>Altitude:</b></span> <span>0 ft</span></div>\n<div><span><b>Speed:</b></span> <span>12 kt</span></div>\n<div><span><b>Heading:</b></span> <span>16&deg;</span></div>\n</div>"},"icon-heading":16,"icon":"http://maps.google.com/mapfiles/kml/shapes/airports.png","timestamp":"2026-05-18T06:04:12+00:00"}},{"type":"Feature","geometry":{"type":"Point","coordinates":[8.559578,50.045265,0]},"properties":{"name":"2026-05-18 06:04:17 UTC","description":{"@type":"html","value":"<div><div><span><b>Altitude:</b></span> <span>0 ft</span></div>\n<div><span><b>Speed:</b></span> <span>13 kt</span></div>\n<div><span><b>Heading:</b></span> <span>16&deg;</span></div>\n</div>"},"icon-heading":16,"icon":"http://maps.google.com/mapfiles/kml/shapes/airports.png","timestamp":"2026-05-18T06:04:17+00:00"}},{"type":"Feature","geometry":{"type":"Point","coordinates":[8.559778,50.045517,0]},"properties":{"name":"2026-05-18 06:04:22 UTC","description":{"@type":"html","value":"<div><div><span><b>Altitude:</b></span> <span>0 ft</span></div>\n<div><span><b>Speed:</b></span> <span>12 kt</span></div>\n<div><span><b>Heading:</b></span> <span>33&deg;</span></div>\n</div>"},"icon-heading":33,"icon":"http://maps.google.com/mapfiles/kml/shapes/airports.png","timestamp":"2026-05-18T06:04:22+00:00"}},{"type":"Feature","geometry":{"type":"Point","coordinates":[8.560465,50.045738,0]},"properties":{"name":"2026-05-18 06:04:31 UTC","description":{"@type":"html","value":"<div><div><span><b>Altitude:</b></span> <span>0 ft</span></div>\n<div><span><b>Speed:</b></span> <span>11 kt</span></div>\n<div><span><b>Heading:</b></span> <span>70&deg;</span></div>\n</div>"},"icon-heading":70,"icon":"http://maps.google.com/mapfiles/kml/shapes/airports.png","timestamp":"2026-05-18T06:04:31+00:00"}},{"type":"Feature","geometry":{"type":"Point","coordinates":[8.560706,50.045795,0]},"properties":{"name":"2026-05-18 06:04:34 UTC","description":{"@type":"html","value":"<div><div><span><b>Altitude:</b></span> <span>0 ft</span></div>\n<div><span><b>Speed:</b></span> <span>12 kt</span></div>\n<div><span><b>Heading:</b></span> <span>70&deg;</span></div>\n</div>"},"icon-heading":70,"icon":"http://maps.google.com/mapfiles/kml/shapes/airports.png","timestamp":"2026-05-18T06:04:34+00:00"}},{"type":"Feature","geometry":{"type":"Point","coordinates":[8.561171,50.045914,0]},"properties":{"name":"2026-05-18 06:04:40 UTC","description":{"@type":"html","value":"<div><div><span><b>Altitude:</b></span> <span>0 ft</span></div>\n<div><span><b>Speed:</b></span> <span>12 kt</span></div>\n<div><span><b>Heading:</b></span> <span>67&deg;</span></div>\n</div>"},"icon-heading":67,"icon":"http://maps.google.com/mapfiles/kml/shapes/airports.png","timestamp":"2026-05-18T06:04:40+00:00"}},{"type":"Feature","geometry":{"type":"Point","coordinates":[8.561486,50.045982,0]},"properties":{"name":"2026-05-18 06:04:44 UTC","description":{"@type":"html","value":"<div><div><span><b>Altitude:</b></span> <span>0 ft</span></div>\n<div><span><b>Speed:</b></span> <span>12 kt</span></div>\n<div><span><b>Heading:</b></span> <span>70&deg;</span></div>\n</div>"},"icon-heading":70,"icon":"http://maps.google.com/mapfiles/kml/shapes/airports.png","timestamp":"2026-05-18T06:04:44+00:00"}},{"type":"Feature","geometry":{"type":"Point","coordinates":[8.561838,50.046066,0]},"properties":{"name":"2026-05-18 06:04:48 UTC","description":{"@type":"html","value":"<div><div><span><b>Altitude:</b></span> <span>0 ft</span></div>\n<div><span><b>Speed:</b></span> <span>12 kt</span></div>\n<div><span><b>Heading:</b></span> <span>70&deg;</span></div>\n</div>"},"icon-heading":70,"icon":"http://maps.google.com/mapfiles/kml/shapes/airports.png","timestamp":"2026-05-18T06:04:48+00:00"}},{"type":"Feature","geometry":{"type":"Point","coordinates":[8.562271,50.046169,0]},"properties":{"name":"2026-05-18 06:04:54 UTC","description":{"@type":"html","value":"<div><div><span><b>Altitude:</b></span> <span>0 ft</span></div>\n<div><span><b>Speed:</b></span> <span>12 kt</span></div>\n<div><span><b>Heading:</b></span> <span>70&deg;</span></div>\n</div>"},"icon-heading":70,"icon":"http://maps.google.com/mapfiles/kml/shapes/airports.png","timestamp":"2026-05-18T06:04:54+00:00"}},{"type":"Feature","geometry":{"type":"Point","coordinates":[8.562488,50.046227,0]},"properties":{"name":"2026-05-18 06:04:56 UTC","description":{"@type":"html","value":"<div><div><span><b>Altitude:</b></span> <span>0 ft</span></div>\n<div><span><b>Speed:</b></span> <span>12 kt</span></div>\n<div><span><b>Heading:</b></span> <span>70&deg;</span></div>\n</div>"},"icon-heading":70,"icon":"http://maps.google.com/mapfiles/kml/shapes/airports.png","timestamp":"2026-05-18T06:04:56+00:00"}},{"type":"Feature","geometry":{"type":"Point","coordinates":[8.562748,50.046288,0]},"properties":{"name":"2026-05-18 06:05:00 UTC","description":{"@type":"html","value":"<div><div><span><b>Altitude:</b></span> <span>0 ft</span></div>\n<div><span><b>Speed:</b></span> <span>12 kt</span></div>\n<div><span><b>Heading:</b></span> <span>70&deg;</span></div>\n</div>"},"icon-heading":70,"icon":"http://maps.google.com/mapfiles/kml/shapes/airports.png","timestamp":"2026-05-18T06:05:00+00:00"}},{"type":"Feature","geometry":{"type":"Point","coordinates":[8.562989,50.046345,0]},"properties":{"name":"2026-05-18 06:05:02 UTC","description":{"@type":"html","value":"<div><div><span><b>Altitude:</b></span> <span>0 ft</span></div>\n<div><span><b>Speed:</b></span> <span>12 kt</span></div>\n<div><span><b>Heading:</b></span> <span>70&deg;</span></div>\n</div>"},"icon-heading":70,"icon":"http://maps.google.com/mapfiles/kml/shapes/airports.png","timestamp":"2026-05-18T06:05:02+00:00"}},{"type":"Feature","geometry":{"type":"Point","coordinates":[8.563499,50.046467,0]},"properties":{"name":"2026-05-18 06:05:08 UTC","description":{"@type":"html","value":"<div><div><span><b>Altitude:</b></span> <span>0 ft</span></div>\n<div><span><b>Speed:</b></span> <span>13 kt</span></div>\n<div><span><b>Heading:</b></span> <span>70&deg;</span></div>\n</div>"},"icon-heading":70,"icon":"http://maps.google.com/mapfiles/kml/shapes/airports.png","timestamp":"2026-05-18T06:05:08+00:00"}},{"type":"Feature","geometry":{"type":"Point","coordinates":[8.563861,50.046543,0]},"properties":{"name":"2026-05-18 06:05:13 UTC","description":{"@type":"html","value":"<div><div><span><b>Altitude:</b></span> <span>0 ft</span></div>\n<div><span><b>Speed:</b></span> <span>13 kt</span></div>\n<div><span><b>Heading:</b></span> <span>73&deg;</span></div>\n</div>"},"icon-heading":73,"icon":"http://maps.google.com/mapfiles/kml/shapes/airports.png","timestamp":"2026-05-18T06:05:13+00:00"}},{"type":"Feature","geometry":{"type":"Point","coordinates":[8.564132,50.046558,0]},"properties":{"name":"2026-05-18 06:05:15 UTC","description":{"@type":"html","value":"<div><div><span><b>Altitude:</b></span> <span>0 ft</span></div>\n<div><span><b>Speed:</b></span> <span>13 kt</span></div>\n<div><span><b>Heading:</b></span> <span>87&deg;</span></div>\n</div>"},"icon-heading":87,"icon":"http://maps.google.com/mapfiles/kml/shapes/airports.png","timestamp":"2026-05-18T06:05:15+00:00"}},{"type":"Feature","geometry":{"type":"Point","coordinates":[8.564622,50.046402,0]},"properties":{"name":"2026-05-18 06:05:22 UTC","description":{"@type":"html","value":"<div><div><span><b>Altitude:</b></span> <span>0 ft</span></div>\n<div><span><b>Speed:</b></span> <span>13 kt</span></div>\n<div><span><b>Heading:</b></span> <span>126&deg;</span></div>\n</div>"},"icon-heading":126,"icon":"http://maps.google.com/mapfiles/kml/shapes/airports.png","timestamp":"2026-05-18T06:05:22+00:00"}},{"type":"Feature","geometry":{"type":"Point","coordinates":[8.564674,50.045918,0]},"properties":{"name":"2026-05-18 06:05:32 UTC","description":{"@type":"html","value":"<div><div><span><b>Altitude:</b></span> <span>0 ft</span></div>\n<div><span><b>Speed:</b></span> <span>10 kt</span></div>\n<div><span><b>Heading:</b></span> <span>191&deg;</span></div>\n</div>"},"icon-heading":191,"icon":"http://maps.google.com/mapfiles/kml/shapes/airports.png","timestamp":"2026-05-18T06:05:32+00:00"}},{"type":"Feature","geometry":{"type":"Point","coordinates":[8.564734,50.045681,0]},"properties":{"name":"2026-05-18 06:05:37 UTC","description":{"@type":"html","value":"<div><div><span><b>Altitude:</b></span> <span>0 ft</span></div>\n<div><span><b>Speed:</b></span> <span>10 kt</span></div>\n<div><span><b>Heading:</b></span> <span>163&deg;</span></div>\n</div>"},"icon-heading":163,"icon":"http://maps.google.com/mapfiles/kml/shapes/airports.png","timestamp":"2026-05-18T06:05:37+00:00"}},{"type":"Feature","geometry":{"type":"Point","coordinates":[8.565104,50.045551,0]},"properties":{"name":"2026-05-18 06:05:42 UTC","description":{"@type":"html","value":"<div><div><span><b>Altitude:</b></span> <span>0 ft</span></div>\n<div><span><b>Speed:</b></span> <span>10 kt</span></div>\n<div><span><b>Heading:</b></span> <span>118&deg;</span></div>\n</div>"},"icon-heading":118,"icon":"http://maps.google.com/mapfiles/kml/shapes/airports.png","timestamp":"2026-05-18T06:05:42+00:00"}},{"type":"Feature","geometry":{"type":"Point","coordinates":[8.565361,50.045483,0]},"properties":{"name":"2026-05-18 06:05:46 UTC","description":{"@type":"html","value":"<div><div><span><b>Altitude:</b></span> <span>0 ft</span></div>\n<div><span><b>Speed:</b></span> <span>10 kt</span></div>\n<div><span><b>Heading:</b></span> <span>115&deg;</span></div>\n</div>"},"icon-heading":115,"icon":"http://maps.google.com/mapfiles/kml/shapes/airports.png","timestamp":"2026-05-18T06:05:46+00:00"}},{"type":"Feature","geometry":{"type":"Point","coordinates":[8.565596,50.045414,0]},"properties":{"name":"2026-05-18 06:05:51 UTC","description":{"@type":"html","value":"<div><div><span><b>Altitude:</b></span> <span>0 ft</span></div>\n<div><span><b>Speed:</b></span> <span>6 kt</span></div>\n<div><span><b>Heading:</b></span> <span>115&deg;</span></div>\n</div>"},"icon-heading":115,"icon":"http://maps.google.com/mapfiles/kml/shapes/airports.png","timestamp":"2026-05-18T06:05:51+00:00"}},{"type":"Feature","geometry":{"type":"Point","coordinates":[8.565828,50.045341,0]},"properties":{"name":"2026-05-18 06:05:59 UTC","description":{"@type":"html","value":"<div><div><span><b>Altitude:</b></span> <span>0 ft</span></div>\n<div><span><b>Speed:</b></span> <span>4 kt</span></div>\n<div><span><b>Heading:</b></span> <span>115&deg;</span></div>\n</div>"},"icon-heading":115,"icon":"http://maps.google.com/mapfiles/kml/shapes/airports.png","timestamp":"2026-05-18T06:05:59+00:00"}},{"type":"Feature","geometry":{"type":"Point","coordinates":[8.565773,50.045135,0]},"properties":{"name":"2026-05-18 06:06:22 UTC","description":{"@type":"html","value":"<div><div><span><b>Altitude:</b></span> <span>0 ft</span></div>\n<div><span><b>Speed:</b></span> <span>0 kt</span></div>\n<div><span><b>Heading:</b></span> <span>115&deg;</span></div>\n</div>"},"icon-heading":115,"icon":"http://maps.google.com/mapfiles/kml/shapes/airports.png","timestamp":"2026-05-18T06:06:22+00:00"}},{"type":"Feature","geometry":{"type":"LineString","coordinates":[[16.828156,52.415771,0],[16.828213,52.415977,0]]},"properties":{"name":"P-1","description":{"@type":"html","value":"<div><div><span><b>Altitude:</b></span> <span>0 ft</span></div>\n<div><span><b>Speed:</b></span> <span>0 kt - 2 kt</span></div>\n<div><span><b>Timestamp:</b></span><br/><span>2026-05-18 04:42:38 UTC<br/>2026-05-18 04:43:28 UTC</span></div>\n</div>"},"stroke-opacity":1,"stroke":"#ffffff","stroke-width":2}},{"type":"Feature","geometry":{"type":"LineString","coordinates":[[16.828213,52.415977,0],[16.828308,52.416191,0]]},"properties":{"name":"P-2","description":{"@type":"html","value":"<div><div><span><b>Altitude:</b></span> <span>0 ft</span></div>\n<div><span><b>Speed:</b></span> <span>2 kt</span></div>\n<div><span><b>Timestamp:</b></span><br/><span>2026-05-18 04:43:28 UTC<br/>2026-05-18 04:43:46 UTC</span></div>\n</div>"},"stroke-opacity":1,"stroke":"#ffffff","stroke-width":2}},{"type":"Feature","geometry":{"type":"LineString","coordinates":[[16.828308,52.416191,0],[16.828268,52.416401,0]]},"properties":{"name":"P-3","description":{"@type":"html","value":"<div><div><span><b>Altitude:</b></span> <span>0 ft</span></div>\n<div><span><b>Speed:</b></span> <span>2 kt - 3 kt</span></div>\n<div><span><b>Timestamp:</b></span><br/><span>2026-05-18 04:43:46 UTC<br/>2026-05-18 04:44:05 UTC</span></div>\n</div>"},"stroke-opacity":1,"stroke":"#ffffff","stroke-width":2}},{"type":"Feature","geometry":{"type":"LineString","coordinates":[[16.828268,52.416401,0],[16.82806,52.416595,0]]},"properties":{"name":"P-4","description":{"@type":"html","value":"<div><div><span><b>Altitude:</b></span> <span>0 ft</span></div>\n<div><span><b>Speed:</b></span> <span>3 kt - 2 kt</span></div>\n<div><span><b>Timestamp:</b></span><br/><span>2026-05-18 04:44:05 UTC<br/>2026-05-18 04:44:27 UTC</span></div>\n</div>"},"stroke-opacity":1,"stroke":"#ffffff","stroke-width":2}},{"type":"Feature","geometry":{"type":"LineString","coordinates":[[16.82806,52.416595,0],[16.82785,52.416664,0]]},"properties":{"name":"P-5","description":{"@type":"html","value":"<div><div><span><b>Altitude:</b></span> <span>0 ft</span></div>\n<div><span><b>Speed:</b></span> <span>2 kt - 0 kt</span></div>\n<div><span><b>Timestamp:</b></span><br/><span>2026-05-18 04:44:27 UTC<br/>2026-05-18 04:44:42 UTC</span></div>\n</div>"},"stroke-opacity":1,"stroke":"#ffffff","stroke-width":2}},{"type":"Feature","geometry":{"type":"LineString","coordinates":[[16.82785,52.416664,0],[16.827641,52.416687,0]]},"properties":{"name":"P-6","description":{"@type":"html","value":"<div><div><span><b>Altitude:</b></span> <span>0 ft</span></div>\n<div><span><b>Speed:</b></span> <span>0 kt</span></div>\n<div><span><b>Timestamp:</b></span><br/><span>2026-05-18 04:44:42 UTC<br/>2026-05-18 04:44:57 UTC</span></div>\n</div>"},"stroke-opacity":1,"stroke":"#ffffff","stroke-width":2}},{"type":"Feature","geometry":{"type":"LineString","coordinates":[[16.827641,52.416687,0],[16.827888,52.416687,0]]},"properties":{"name":"P-7","description":{"@type":"html","value":"<div><div><span><b>Altitude:</b></span> <span>0 ft</span></div>\n<div><span><b>Speed:</b></span> <span>0 kt - 5 kt</span></div>\n<div><span><b>Timestamp:</b></span><br/><span>2026-05-18 04:44:57 UTC<br/>2026-05-18 04:47:33 UTC</span></div>\n</div>"},"stroke-opacity":1,"stroke":"#ffffff","stroke-width":2}},{"type":"Feature","geometry":{"type":"LineString","coordinates":[[16.827888,52.416687,0],[16.828232,52.416676,0]]},"properties":{"name":"P-8","description":{"@type":"html","value":"<div><div><span><b>Altitude:</b></span> <span>0 ft</span></div>\n<div><span><b>Speed:</b></span> <span>5 kt - 8 kt</span></div>\n<div><span><b>Timestamp:</b></span><br/><span>2026-05-18 04:47:33 UTC<br/>2026-05-18 04:47:40 UTC</span></div>\n</div>"},"stroke-opacity":1,"stroke":"#ffffff","stroke-width":2}},{"type":"Feature","geometry":{"type":"LineString","coordinates":[[16.828232,52.416676,0],[16.828613,52.416641,0]]},"properties":{"name":"P-9","description":{"@type":"html","value":"<div><div><span><b>Altitude:</b></span> <span>0 ft</span></div>\n<div><span><b>Speed:</b></span> <span>8 kt - 9 kt</span></div>\n<div><span><b>Timestamp:</b></span><br/><span>2026-05-18 04:47:40 UTC<br/>2026-05-18 04:47:45 UTC</span></div>\n</div>"},"stroke-opacity":1,"stroke":"#ffffff","stroke-width":2}},{"type":"Feature","geometry":{"type":"LineString","coordinates":[[16.828613,52.416641,0],[16.828861,52.416607,0]]},"properties":{"name":"P-10","description":{"@type":"html","value":"<div><div><span><b>Altitude:</b></span> <span>0 ft</span></div>\n<div><span><b>Speed:</b></span> <span>9 kt - 10 kt</span></div>\n<div><span><b>Timestamp:</b></span><br/><span>2026-05-18 04:47:45 UTC<br/>2026-05-18 04:47:49 UTC</span></div>\n</div>"},"stroke-opacity":1,"stroke":"#ffffff","stroke-width":2}},{"type":"Feature","geometry":{"type":"LineString","coordinates":[[16.828861,52.416607,0],[16.829113,52.416576,0]]},"properties":{"name":"P-11","description":{"@type":"html","value":"<div><div><span><b>Altitude:</b></span> <span>0 ft</span></div>\n<div><span><b>Speed:</b></span> <span>10 kt - 11 kt</span></div>\n<div><span><b>Timestamp:</b></span><br/><span>2026-05-18 04:47:49 UTC<br/>2026-05-18 04:47:51 UTC</span></div>\n</div>"},"stroke-opacity":1,"stroke":"#ffffff","stroke-width":2}},{"type":"Feature","geometry":{"type":"LineString","coordinates":[[16.829113,52.416576,0],[16.829388,52.416538,0]]},"properties":{"name":"P-12","description":{"@type":"html","value":"<div><div><span><b>Altitude:</b></span> <span>0 ft</span></div>\n<div><span><b>Speed:</b></span> <span>11 kt</span></div>\n<div><span><b>Timestamp:</b></span><br/><span>2026-05-18 04:47:51 UTC<br/>2026-05-18 04:47:55 UTC</span></div>\n</div>"},"stroke-opacity":1,"stroke":"#ffffff","stroke-width":2}},{"type":"Feature","geometry":{"type":"LineString","coordinates":[[16.829388,52.416538,0],[16.829622,52.416504,0]]},"properties":{"name":"P-13","description":{"@type":"html","value":"<div><div><span><b>Altitude:</b></span> <span>0 ft</span></div>\n<div><span><b>Speed:</b></span> <span>11 kt - 12 kt</span></div>\n<div><span><b>Timestamp:</b></span><br/><span>2026-05-18 04:47:55 UTC<br/>2026-05-18 04:47:57 UTC</span></div>\n</div>"},"stroke-opacity":1,"stroke":"#ffffff","stroke-width":2}},{"type":"Feature","geometry":{"type":"LineString","coordinates":[[16.829622,52.416504,0],[16.829853,52.416481,0]]},"properties":{"name":"P-14","description":{"@type":"html","value":"<div><div><span><b>Altitude:</b></span> <span>0 ft</span></div>\n<div><span><b>Speed:</b></span> <span>12 kt - 13 kt</span></div>\n<div><span><b>Timestamp:</b></span><br/><span>2026-05-18 04:47:57 UTC<br/>2026-05-18 04:48:00 UTC</span></div>\n</div>"},"stroke-opacity":1,"stroke":"#ffffff","stroke-width":2}},{"type":"Feature","geometry":{"type":"LineString","coordinates":[[16.829853,52.416481,0],[16.830158,52.416435,0]]},"properties":{"name":"P-15","description":{"@type":"html","value":"<div><div><span><b>Altitude:</b></span> <span>0 ft</span></div>\n<div><span><b>Speed:</b></span> <span>13 kt</span></div>\n<div><span><b>Timestamp:</b></span><br/><span>2026-05-18 04:48:00 UTC<br/>2026-05-18 04:48:02 UTC</span></div>\n</div>"},"stroke-opacity":1,"stroke":"#ffffff","stroke-width":2}},{"type":"Feature","geometry":{"type":"LineString","coordinates":[[16.830158,52.416435,0],[16.830505,52.416378,0]]},"properties":{"name":"P-16","description":{"@type":"html","value":"<div><div><span><b>Altitude:</b></span> <span>0 ft</span></div>\n<div><span><b>Speed:</b></span> <span>13 kt - 14 kt</span></div>\n<div><span><b>Timestamp:</b></span><br/><span>2026-05-18 04:48:02 UTC<br/>2026-05-18 04:48:06 UTC</span></div>\n</div>"},"stroke-opacity":1,"stroke":"#ffffff","stroke-width":2}},{"type":"Feature","geometry":{"type":"LineString","coordinates":[[16.830505,52.416378,0],[16.830807,52.416344,0]]},"properties":{"name":"P-17","description":{"@type":"html","value":"<div><div><span><b>Altitude:</b></span> <span>0 ft</span></div>\n<div><span><b>Speed:</b></span> <span>14 kt - 15 kt</span></div>\n<div><span><b>Timestamp:</b></span><br/><span>2026-05-18 04:48:06 UTC<br/>2026-05-18 04:48:09 UTC</span></div>\n</div>"},"stroke-opacity":1,"stroke":"#ffffff","stroke-width":2}},{"type":"Feature","geometry":{"type":"LineString","coordinates":[[16.830807,52.416344,0],[16.831036,52.416306,0]]},"properties":{"name":"P-18","description":{"@type":"html","value":"<div><div><span><b>Altitude:</b></span> <span>0 ft</span></div>\n<div><span><b>Speed:</b></span> <span>15 kt</span></div>\n<div><span><b>Timestamp:</b></span><br/><span>2026-05-18 04:48:09 UTC<br/>2026-05-18 04:48:11 UTC</span></div>\n</div>"},"stroke-opacity":1,"stroke":"#ffffff","stroke-width":2}},{"type":"Feature","geometry":{"type":"LineString","coordinates":[[16.831036,52.416306,0],[16.831303,52.416275,0]]},"properties":{"name":"P-19","description":{"@type":"html","value":"<div><div><span><b>Altitude:</b></span> <span>0 ft</span></div>\n<div><span><b>Speed:</b></span> <span>15 kt</span></div>\n<div><span><b>Timestamp:</b></span><br/><span>2026-05-18 04:48:11 UTC<br/>2026-05-18 04:48:14 UTC</span></div>\n</div>"},"stroke-opacity":1,"stroke":"#ffffff","stroke-width":2}},{"type":"Feature","geometry":{"type":"LineString","coordinates":[[16.831303,52.416275,0],[16.83157,52.416229,0]]},"properties":{"name":"P-20","description":{"@type":"html","value":"<div><div><span><b>Altitude:</b></span> <span>0 ft</span></div>\n<div><span><b>Speed:</b></span> <span>15 kt - 13 kt</span></div>\n<div><span><b>Timestamp:</b></span><br/><span>2026-05-18 04:48:14 UTC<br/>2026-05-18 04:48:16 UTC</span></div>\n</div>"},"stroke-opacity":1,"stroke":"#ffffff","stroke-width":2}},{"type":"Feature","geometry":{"type":"LineString","coordinates":[[16.83157,52.416229,0],[16.831837,52.416195,0]]},"properties":{"name":"P-21","description":{"@type":"html","value":"<div><div><span><b>Altitude:</b></span> <span>0 ft</span></div>\n<div><span><b>Speed:</b></span> <span>13 kt - 14 kt</span></div>\n<div><span><b>Timestamp:</b></span><br/><span>2026-05-18 04:48:16 UTC<br/>2026-05-18 04:48:19 UTC</span></div>\n</div>"},"stroke-opacity":1,"stroke":"#ffffff","stroke-width":2}},{"type":"Feature","geometry":{"type":"LineString","coordinates":[[16.831837,52.416195,0],[16.832104,52.416161,0]]},"properties":{"name":"P-22","description":{"@type":"html","value":"<div><div><span><b>Altitude:</b></span> <span>0 ft</span></div>\n<div><span><b>Speed:</b></span> <span>14 kt</span></div>\n<div><span><b>Timestamp:</b></span><br/><span>2026-05-18 04:48:19 UTC<br/>2026-05-18 04:48:21 UTC</span></div>\n</div>"},"stroke-opacity":1,"stroke":"#ffffff","stroke-width":2}},{"type":"Feature","geometry":{"type":"LineString","coordinates":[[16.832104,52.416161,0],[16.832333,52.416126,0]]},"properties":{"name":"P-23","description":{"@type":"html","value":"<div><div><span><b>Altitude:</b></span> <span>0 ft</span></div>\n<div><span><b>Speed:</b></span> <span>14 kt - 15 kt</span></div>\n<div><span><b>Timestamp:</b></span><br/><span>2026-05-18 04:48:21 UTC<br/>2026-05-18 04:48:23 UTC</span></div>\n</div>"},"stroke-opacity":1,"stroke":"#ffffff","stroke-width":2}},{"type":"Feature","geometry":{"type":"LineString","coordinates":[[16.832333,52.416126,0],[16.832619,52.416092,0]]},"properties":{"name":"P-24","description":{"@type":"html","value":"<div><div><span><b>Altitude:</b></span> <span>0 ft</span></div>\n<div><span><b>Speed:</b></span> <span>15 kt</span></div>\n<div><span><b>Timestamp:</b></span><br/><span>2026-05-18 04:48:23 UTC<br/>2026-05-18 04:48:26 UTC</span></div>\n</div>"},"stroke-opacity":1,"stroke":"#ffffff","stroke-width":2}},{"type":"Feature","geometry":{"type":"LineString","coordinates":[[16.832619,52.416092,0],[16.832848,52.416058,0]]},"properties":{"name":"P-25","description":{"@type":"html","value":"<div><div><span><b>Altitude:</b></span> <span>0 ft</span></div>\n<div><span><b>Speed:</b></span> <span>15 kt</span></div>\n<div><span><b>Timestamp:</b></span><br/><span>2026-05-18 04:48:26 UTC<br/>2026-05-18 04:48:28 UTC</span></div>\n</div>"},"stroke-opacity":1,"stroke":"#ffffff","stroke-width":2}},{"type":"Feature","geometry":{"type":"LineString","coordinates":[[16.832848,52.416058,0],[16.83321,52.416012,0]]},"properties":{"name":"P-26","description":{"@type":"html","value":"<div><div><span><b>Altitude:</b></span> <span>0 ft</span></div>\n<div><span><b>Speed:</b></span> <span>15 kt - 16 kt</span></div>\n<div><span><b>Timestamp:</b></span><br/><span>2026-05-18 04:48:28 UTC<br/>2026-05-18 04:48:30 UTC</span></div>\n</div>"},"stroke-opacity":1,"stroke":"#ffffff","stroke-width":2}},{"type":"Feature","geometry":{"type":"LineString","coordinates":[[16.83321,52.416012,0],[16.833487,52.415981,0]]},"properties":{"name":"P-27","description":{"@type":"html","value":"<div><div><span><b>Altitude:</b></span> <span>0 ft</span></div>\n<div><span><b>Speed:</b></span> <span>16 kt - 17 kt</span></div>\n<div><span><b>Timestamp:</b></span><br/><span>2026-05-18 04:48:30 UTC<br/>2026-05-18 04:48:33 UTC</span></div>\n</div>"},"stroke-opacity":1,"stroke":"#ffffff","stroke-width":2}},{"type":"Feature","geometry":{"type":"LineString","coordinates":[[16.833487,52.415981,0],[16.833839,52.41592,0]]},"properties":{"name":"P-28","description":{"@type":"html","value":"<div><div><span><b>Altitude:</b></span> <span>0 ft</span></div>\n<div><span><b>Speed:</b></span> <span>17 kt - 16 kt</span></div>\n<div><span><b>Timestamp:</b></span><br/><span>2026-05-18 04:48:33 UTC<br/>2026-05-18 04:48:35 UTC</span></div>\n</div>"},"stroke-opacity":1,"stroke":"#ffffff","stroke-width":2}},{"type":"Feature","geometry":{"type":"LineString","coordinates":[[16.833839,52.41592,0],[16.834076,52.41589,0]]},"properties":{"name":"P-29","description":{"@type":"html","value":"<div><div><span><b>Altitude:</b></span> <span>0 ft</span></div>\n<div><span><b>Speed:</b></span> <span>16 kt - 15 kt</span></div>\n<div><span><b>Timestamp:</b></span><br/><span>2026-05-18 04:48:35 UTC<br/>2026-05-18 04:48:38 UTC</span></div>\n</div>"},"stroke-opacity":1,"stroke":"#ffffff","stroke-width":2}},{"type":"Feature","geometry":{"type":"LineString","coordinates":[[16.834076,52.41589,0],[16.834351,52.415852,0]]},"properties":{"name":"P-30","description":{"@type":"html","value":"<div><div><span><b>Altitude:</b></span> <span>0 ft</span></div>\n<div><span><b>Speed:</b></span> <span>15 kt</span></div>\n<div><span><b>Timestamp:</b></span><br/><span>2026-05-18 04:48:38 UTC<br/>2026-05-18 04:48:40 UTC</span></div>\n</div>"},"stroke-opacity":1,"stroke":"#ffffff","stroke-width":2}},{"type":"Feature","geometry":{"type":"LineString","coordinates":[[16.834351,52.415852,0],[16.834743,52.415806,0]]},"properties":{"name":"P-31","description":{"@type":"html","value":"<div><div><span><b>Altitude:</b></span> <span>0 ft</span></div>\n<div><span><b>Speed:</b></span> <span>15 kt - 16 kt</span></div>\n<div><span><b>Timestamp:</b></span><br/><span>2026-05-18 04:48:40 UTC<br/>2026-05-18 04:48:43 UTC</span></div>\n</div>"},"stroke-opacity":1,"stroke":"#ffffff","stroke-width":2}},{"type":"Feature","geometry":{"type":"LineString","coordinates":[[16.834743,52.415806,0],[16.835022,52.415771,0]]},"properties":{"name":"P-32","description":{"@type":"html","value":"<div><div><span><b>Altitude:</b></span> <span>0 ft</span></div>\n<div><span><b>Speed:</b></span> <span>16 kt</span></div>\n<div><span><b>Timestamp:</b></span><br/><span>2026-05-18 04:48:43 UTC<br/>2026-05-18 04:48:46 UTC</span></div>\n</div>"},"stroke-opacity":1,"stroke":"#ffffff","stroke-width":2}},{"type":"Feature","geometry":{"type":"LineString","coordinates":[[16.835022,52.415771,0],[16.835352,52.415726,0]]},"properties":{"name":"P-33","description":{"@type":"html","value":"<div><div><span><b>Altitude:</b></span> <span>0 ft</span></div>\n<div><span><b>Speed:</b></span> <span>16 kt - 17 kt</span></div>\n<div><span><b>Timestamp:</b></span><br/><span>2026-05-18 04:48:46 UTC<br/>2026-05-18 04:48:48 UTC</span></div>\n</div>"},"stroke-opacity":1,"stroke":"#ffffff","stroke-width":2}},{"type":"Feature","geometry":{"type":"LineString","coordinates":[[16.835352,52.415726,0],[16.835632,52.415714,0]]},"properties":{"name":"P-34","description":{"@type":"html","value":"<div><div><span><b>Altitude:</b></span> <span>0 ft</span></div>\n<div><span><b>Speed:</b></span> <span>17 kt</span></div>\n<div><span><b>Timestamp:</b></span><br/><span>2026-05-18 04:48:48 UTC<br/>2026-05-18 04:48:50 UTC</span></div>\n</div>"},"stroke-opacity":1,"stroke":"#ffffff","stroke-width":2}},{"type":"Feature","geometry":{"type":"LineString","coordinates":[[16.835632,52.415714,0],[16.835976,52.415691,0]]},"properties":{"name":"P-35","description":{"@type":"html","value":"<div><div><span><b>Altitude:</b></span> <span>0 ft</span></div>\n<div><span><b>Speed:</b></span> <span>17 kt</span></div>\n<div><span><b>Timestamp:</b></span><br/><span>2026-05-18 04:48:50 UTC<br/>2026-05-18 04:48:53 UTC</span></div>\n</div>"},"stroke-opacity":1,"stroke":"#ffffff","stroke-width":2}},{"type":"Feature","geometry":{"type":"LineString","coordinates":[[16.835976,52.415691,0],[16.836273,52.41568,0]]},"properties":{"name":"P-36","description":{"@type":"html","value":"<div><div><span><b>Altitude:</b></span> <span>0 ft</span></div>\n<div><span><b>Speed:</b></span> <span>17 kt - 18 kt</span></div>\n<div><span><b>Timestamp:</b></span><br/><span>2026-05-18 04:48:53 UTC<br/>2026-05-18 04:48:55 UTC</span></div>\n</div>"},"stroke-opacity":1,"stroke":"#ffffff","stroke-width":2}},{"type":"Feature","geometry":{"type":"LineString","coordinates":[[16.836273,52.41568,0],[16.836643,52.415668,0]]},"properties":{"name":"P-37","description":{"@type":"html","value":"<div><div><span><b>Altitude:</b></span> <span>0 ft</span></div>\n<div><span><b>Speed:</b></span> <span>18 kt</span></div>\n<div><span><b>Timestamp:</b></span><br/><span>2026-05-18 04:48:55 UTC<br/>2026-05-18 04:48:57 UTC</span></div>\n</div>"},"stroke-opacity":1,"stroke":"#ffffff","stroke-width":2}},{"type":"Feature","geometry":{"type":"LineString","coordinates":[[16.836643,52.415668,0],[16.836967,52.415657,0]]},"properties":{"name":"P-38","description":{"@type":"html","value":"<div><div><span><b>Altitude:</b></span> <span>0 ft</span></div>\n<div><span><b>Speed:</b></span> <span>18 kt - 17 kt</span></div>\n<div><span><b>Timestamp:</b></span><br/><span>2026-05-18 04:48:57 UTC<br/>2026-05-18 04:49:00 UTC</span></div>\n</div>"},"stroke-opacity":1,"stroke":"#ffffff","stroke-width":2}},{"type":"Feature","geometry":{"type":"LineString","coordinates":[[16.836967,52.415657,0],[16.837311,52.415657,0]]},"properties":{"name":"P-39","description":{"@type":"html","value":"<div><div><span><b>Altitude:</b></span> <span>0 ft</span></div>\n<div><span><b>Speed:</b></span> <span>17 kt - 16 kt</span></div>\n<div><span><b>Timestamp:</b></span><br/><span>2026-05-18 04:49:00 UTC<br/>2026-05-18 04:49:03 UTC</span></div>\n</div>"},"stroke-opacity":1,"stroke":"#ffffff","stroke-width":2}},{"type":"Feature","geometry":{"type":"LineString","coordinates":[[16.837311,52.415657,0],[16.837587,52.415642,0]]},"properties":{"name":"P-40","description":{"@type":"html","value":"<div><div><span><b>Altitude:</b></span> <span>0 ft</span></div>\n<div><span><b>Speed:</b></span> <span>16 kt - 15 kt</span></div>\n<div><span><b>Timestamp:</b></span><br/><span>2026-05-18 04:49:03 UTC<br/>2026-05-18 04:49:05 UTC</span></div>\n</div>"},"stroke-opacity":1,"stroke":"#ffffff","stroke-width":2}},{"type":"Feature","geometry":{"type":"LineString","coordinates":[[16.837587,52.415642,0],[16.837803,52.41563,0]]},"properties":{"name":"P-41","description":{"@type":"html","value":"<div><div><span><b>Altitude:</b></span> <span>0 ft</span></div>\n<div><span><b>Speed:</b></span> <span>15 kt - 14 kt</span></div>\n<div><span><b>Timestamp:</b></span><br/><span>2026-05-18 04:49:05 UTC<br/>2026-05-18 04:49:07 UTC</span></div>\n</div>"},"stroke-opacity":1,"stroke":"#ffffff","stroke-width":2}},{"type":"Feature","geometry":{"type":"LineString","coordinates":[[16.837803,52.41563,0],[16.838398,52.415623,0]]},"properties":{"name":"P-42","description":{"@type":"html","value":"<div><div><span><b>Altitude:</b></span> <span>0 ft</span></div>\n<div><span><b>Speed:</b></span> <span>14 kt - 13 kt</span></div>\n<div><span><b>Timestamp:</b></span><br/><span>2026-05-18 04:49:07 UTC<br/>2026-05-18 04:49:13 UTC</span></div>\n</div>"},"stroke-opacity":1,"stroke":"#ffffff","stroke-width":2}},{"type":"Feature","geometry":{"type":"LineString","coordinates":[[16.838398,52.415623,0],[16.838608,52.415668,0]]},"properties":{"name":"P-43","description":{"@type":"html","value":"<div><div><span><b>Altitude:</b></span> <span>0 ft</span></div>\n<div><span><b>Speed:</b></span> <span>13 kt</span></div>\n<div><span><b>Timestamp:</b></span><br/><span>2026-05-18 04:49:13 UTC<br/>2026-05-18 04:49:15 UTC</span></div>\n</div>"},"stroke-opacity":1,"stroke":"#ffffff","stroke-width":2}},{"type":"Feature","geometry":{"type":"LineString","coordinates":[[16.838608,52.415668,0],[16.838837,52.415737,0]]},"properties":{"name":"P-44","description":{"@type":"html","value":"<div><div><span><b>Altitude:</b></span> <span>0 ft</span></div>\n<div><span><b>Speed:</b></span> <span>13 kt - 14 kt</span></div>\n<div><span><b>Timestamp:</b></span><br/><span>2026-05-18 04:49:15 UTC<br/>2026-05-18 04:49:18 UTC</span></div>\n</div>"},"stroke-opacity":1,"stroke":"#ffffff","stroke-width":2}},{"type":"Feature","geometry":{"type":"LineString","coordinates":[[16.838837,52.415737,0],[16.839104,52.415874,0]]},"properties":{"name":"P-45","description":{"@type":"html","value":"<div><div><span><b>Altitude:</b></span> <span>0 ft</span></div>\n<div><span><b>Speed:</b></span> <span>14 kt - 13 kt</span></div>\n<div><span><b>Timestamp:</b></span><br/><span>2026-05-18 04:49:18 UTC<br/>2026-05-18 04:49:21 UTC</span></div>\n</div>"},"stroke-opacity":1,"stroke":"#ffffff","stroke-width":2}},{"type":"Feature","geometry":{"type":"LineString","coordinates":[[16.839104,52.415874,0],[16.839314,52.415993,0]]},"properties":{"name":"P-46","description":{"@type":"html","value":"<div><div><span><b>Altitude:</b></span> <span>0 ft</span></div>\n<div><span><b>Speed:</b></span> <span>13 kt - 12 kt</span></div>\n<div><span><b>Timestamp:</b></span><br/><span>2026-05-18 04:49:21 UTC<br/>2026-05-18 04:49:25 UTC</span></div>\n</div>"},"stroke-opacity":1,"stroke":"#ffffff","stroke-width":2}},{"type":"Feature","geometry":{"type":"LineString","coordinates":[[16.839314,52.415993,0],[16.839561,52.416149,0]]},"properties":{"name":"P-47","description":{"@type":"html","value":"<div><div><span><b>Altitude:</b></span> <span>0 ft</span></div>\n<div><span><b>Speed:</b></span> <span>12 kt</span></div>\n<div><span><b>Timestamp:</b></span><br/><span>2026-05-18 04:49:25 UTC<br/>2026-05-18 04:49:28 UTC</span></div>\n</div>"},"stroke-opacity":1,"stroke":"#ffffff","stroke-width":2}},{"type":"Feature","geometry":{"type":"LineString","coordinates":[[16.839561,52.416149,0],[16.839828,52.416401,0]]},"properties":{"name":"P-48","description":{"@type":"html","value":"<div><div><span><b>Altitude:</b></span> <span>0 ft</span></div>\n<div><span><b>Speed:</b></span> <span>12 kt - 13 kt</span></div>\n<div><span><b>Timestamp:</b></span><br/><span>2026-05-18 04:49:28 UTC<br/>2026-05-18 04:49:33 UTC</span></div>\n</div>"},"stroke-opacity":1,"stroke":"#ffffff","stroke-width":2}},{"type":"Feature","geometry":{"type":"LineString","coordinates":[[16.839828,52.416401,0],[16.839981,52.416645,0]]},"properties":{"name":"P-49","description":{"@type":"html","value":"<div><div><span><b>Altitude:</b></span> <span>0 ft</span></div>\n<div><span><b>Speed:</b></span> <span>13 kt - 14 kt</span></div>\n<div><span><b>Timestamp:</b></span><br/><span>2026-05-18 04:49:33 UTC<br/>2026-05-18 04:49:38 UTC</span></div>\n</div>"},"stroke-opacity":1,"stroke":"#ffffff","stroke-width":2}},{"type":"Feature","geometry":{"type":"LineString","coordinates":[[16.839981,52.416645,0],[16.840178,52.416935,0]]},"properties":{"name":"P-50","description":{"@type":"html","value":"<div><div><span><b>Altitude:</b></span> <span>0 ft</span></div>\n<div><span><b>Speed:</b></span> <span>14 kt</span></div>\n<div><span><b>Timestamp:</b></span><br/><span>2026-05-18 04:49:38 UTC<br/>2026-05-18 04:49:42 UTC</span></div>\n</div>"},"stroke-opacity":1,"stroke":"#ffffff","stroke-width":2}},{"type":"Feature","geometry":{"type":"LineString","coordinates":[[16.840178,52.416935,0],[16.840334,52.417191,0]]},"properties":{"name":"P-51","description":{"@type":"html","value":"<div><div><span><b>Altitude:</b></span> <span>0 ft</span></div>\n<div><span><b>Speed:</b></span> <span>14 kt</span></div>\n<div><span><b>Timestamp:</b></span><br/><span>2026-05-18 04:49:42 UTC<br/>2026-05-18 04:49:47 UTC</span></div>\n</div>"},"stroke-opacity":1,"stroke":"#ffffff","stroke-width":2}},{"type":"Feature","geometry":{"type":"LineString","coordinates":[[16.840334,52.417191,0],[16.840477,52.417431,0]]},"properties":{"name":"P-52","description":{"@type":"html","value":"<div><div><span><b>Altitude:</b></span> <span>0 ft</span></div>\n<div><span><b>Speed:</b></span> <span>14 kt</span></div>\n<div><span><b>Timestamp:</b></span><br/><span>2026-05-18 04:49:47 UTC<br/>2026-05-18 04:49:51 UTC</span></div>\n</div>"},"stroke-opacity":1,"stroke":"#ffffff","stroke-width":2}},{"type":"Feature","geometry":{"type":"LineString","coordinates":[[16.840477,52.417431,0],[16.840708,52.41782,0]]},"properties":{"name":"P-53","description":{"@type":"html","value":"<div><div><span><b>Altitude:</b></span> <span>0 ft</span></div>\n<div><span><b>Speed:</b></span> <span>14 kt - 12 kt</span></div>\n<div><span><b>Timestamp:</b></span><br/><span>2026-05-18 04:49:51 UTC<br/>2026-05-18 04:49:58 UTC</span></div>\n</div>"},"stroke-opacity":1,"stroke":"#ffffff","stroke-width":2}},{"type":"Feature","geometry":{"type":"LineString","coordinates":[[16.840708,52.41782,0],[16.840744,52.418083,0]]},"properties":{"name":"P-54","description":{"@type":"html","value":"<div><div><span><b>Altitude:</b></span> <span>0 ft</span></div>\n<div><span><b>Speed:</b></span> <span>12 kt - 11 kt</span></div>\n<div><span><b>Timestamp:</b></span><br/><span>2026-05-18 04:49:58 UTC<br/>2026-05-18 04:50:03 UTC</span></div>\n</div>"},"stroke-opacity":1,"stroke":"#ffffff","stroke-width":2}},{"type":"Feature","geometry":{"type":"LineString","coordinates":[[16.840744,52.418083,0],[16.840553,52.418289,0]]},"properties":{"name":"P-55","description":{"@type":"html","value":"<div><div><span><b>Altitude:</b></span> <span>0 ft</span></div>\n<div><span><b>Speed:</b></span> <span>11 kt</span></div>\n<div><span><b>Timestamp:</b></span><br/><span>2026-05-18 04:50:03 UTC<br/>2026-05-18 04:50:08 UTC</span></div>\n</div>"},"stroke-opacity":1,"stroke":"#ffffff","stroke-width":2}},{"type":"Feature","geometry":{"type":"LineString","coordinates":[[16.840553,52.418289,0],[16.840343,52.418346,0]]},"properties":{"name":"P-56","description":{"@type":"html","value":"<div><div><span><b>Altitude:</b></span> <span>0 ft</span></div>\n<div><span><b>Speed:</b></span> <span>11 kt</span></div>\n<div><span><b>Timestamp:</b></span><br/><span>2026-05-18 04:50:08 UTC<br/>2026-05-18 04:50:10 UTC</span></div>\n</div>"},"stroke-opacity":1,"stroke":"#ffffff","stroke-width":2}},{"type":"Feature","geometry":{"type":"LineString","coordinates":[[16.840343,52.418346,0],[16.840115,52.418392,0]]},"properties":{"name":"P-57","description":{"@type":"html","value":"<div><div><span><b>Altitude:</b></span> <span>0 ft</span></div>\n<div><span><b>Speed:</b></span> <span>11 kt - 13 kt</span></div>\n<div><span><b>Timestamp:</b></span><br/><span>2026-05-18 04:50:10 UTC<br/>2026-05-18 04:50:13 UTC</span></div>\n</div>"},"stroke-opacity":1,"stroke":"#ffffff","stroke-width":2}},{"type":"Feature","geometry":{"type":"LineString","coordinates":[[16.840115,52.418392,0],[16.839706,52.418461,0]]},"properties":{"name":"P-58","description":{"@type":"html","value":"<div><div><span><b>Altitude:</b></span> <span>0 ft</span></div>\n<div><span><b>Speed:</b></span> <span>13 kt - 17 kt</span></div>\n<div><span><b>Timestamp:</b></span><br/><span>2026-05-18 04:50:13 UTC<br/>2026-05-18 04:50:16 UTC</span></div>\n</div>"},"stroke-opacity":1,"stroke":"#ffffff","stroke-width":2}},{"type":"Feature","geometry":{"type":"LineString","coordinates":[[16.839706,52.418461,0],[16.839294,52.418541,0]]},"properties":{"name":"P-59","description":{"@type":"html","value":"<div><div><span><b>Altitude:</b></span> <span>0 ft</span></div>\n<div><span><b>Speed:</b></span> <span>17 kt - 23 kt</span></div>\n<div><span><b>Timestamp:</b></span><br/><span>2026-05-18 04:50:16 UTC<br/>2026-05-18 04:50:18 UTC</span></div>\n</div>"},"stroke-opacity":1,"stroke":"#ffffff","stroke-width":2}},{"type":"Feature","geometry":{"type":"LineString","coordinates":[[16.839294,52.418541,0],[16.839039,52.418587,0]]},"properties":{"name":"P-60","description":{"@type":"html","value":"<div><div><span><b>Altitude:</b></span> <span>0 ft</span></div>\n<div><span><b>Speed:</b></span> <span>23 kt - 27 kt</span></div>\n<div><span><b>Timestamp:</b></span><br/><span>2026-05-18 04:50:18 UTC<br/>2026-05-18 04:50:19 UTC</span></div>\n</div>"},"stroke-opacity":1,"stroke":"#ffffff","stroke-width":2}},{"type":"Feature","geometry":{"type":"LineString","coordinates":[[16.839039,52.418587,0],[16.838745,52.418648,0]]},"properties":{"name":"P-61","description":{"@type":"html","value":"<div><div><span><b>Altitude:</b></span> <span>0 ft</span></div>\n<div><span><b>Speed:</b></span> <span>27 kt - 32 kt</span></div>\n<div><span><b>Timestamp:</b></span><br/><span>2026-05-18 04:50:19 UTC<br/>2026-05-18 04:50:20 UTC</span></div>\n</div>"},"stroke-opacity":1,"stroke":"#ffffff","stroke-width":2}},{"type":"Feature","geometry":{"type":"LineString","coordinates":[[16.838745,52.418648,0],[16.838417,52.418713,0]]},"properties":{"name":"P-62","description":{"@type":"html","value":"<div><div><span><b>Altitude:</b></span> <span>0 ft</span></div>\n<div><span><b>Speed:</b></span> <span>32 kt - 37 kt</span></div>\n<div><span><b>Timestamp:</b></span><br/><span>2026-05-18 04:50:20 UTC<br/>2026-05-18 04:50:21 UTC</span></div>\n</div>"},"stroke-opacity":1,"stroke":"#ffffff","stroke-width":2}},{"type":"Feature","geometry":{"type":"LineString","coordinates":[[16.838417,52.418713,0],[16.838058,52.418785,0]]},"properties":{"name":"P-63","description":{"@type":"html","value":"<div><div><span><b>Altitude:</b></span> <span>0 ft</span></div>\n<div><span><b>Speed:</b></span> <span>37 kt - 43 kt</span></div>\n<div><span><b>Timestamp:</b></span><br/><span>2026-05-18 04:50:21 UTC<br/>2026-05-18 04:50:22 UTC</span></div>\n</div>"},"stroke-opacity":1,"stroke":"#ffffff","stroke-width":2}},{"type":"Feature","geometry":{"type":"LineString","coordinates":[[16.838058,52.418785,0],[16.837666,52.418869,0]]},"properties":{"name":"P-64","description":{"@type":"html","value":"<div><div><span><b>Altitude:</b></span> <span>0 ft</span></div>\n<div><span><b>Speed:</b></span> <span>43 kt - 48 kt</span></div>\n<div><span><b>Timestamp:</b></span><br/><span>2026-05-18 04:50:22 UTC<br/>2026-05-18 04:50:23 UTC</span></div>\n</div>"},"stroke-opacity":1,"stroke":"#ffffff","stroke-width":2}},{"type":"Feature","geometry":{"type":"LineString","coordinates":[[16.837666,52.418869,0],[16.837215,52.418953,0]]},"properties":{"name":"P-65","description":{"@type":"html","value":"<div><div><span><b>Altitude:</b></span> <span>0 ft</span></div>\n<div><span><b>Speed:</b></span> <span>48 kt - 53 kt</span></div>\n<div><span><b>Timestamp:</b></span><br/><span>2026-05-18 04:50:23 UTC<br/>2026-05-18 04:50:24 UTC</span></div>\n</div>"},"stroke-opacity":1,"stroke":"#ffffff","stroke-width":2}},{"type":"Feature","geometry":{"type":"LineString","coordinates":[[16.837215,52.418953,0],[16.836395,52.419102,0]]},"properties":{"name":"P-66","description":{"@type":"html","value":"<div><div><span><b>Altitude:</b></span> <span>0 ft</span></div>\n<div><span><b>Speed:</b></span> <span>53 kt - 63 kt</span></div>\n<div><span><b>Timestamp:</b></span><br/><span>2026-05-18 04:50:24 UTC<br/>2026-05-18 04:50:25 UTC</span></div>\n</div>"},"stroke-opacity":1,"stroke":"#ffffff","stroke-width":2}},{"type":"Feature","geometry":{"type":"LineString","coordinates":[[16.836395,52.419102,0],[16.835613,52.41925,0]]},"properties":{"name":"P-67","description":{"@type":"html","value":"<div><div><span><b>Altitude:</b></span> <span>0 ft</span></div>\n<div><span><b>Speed:</b></span> <span>63 kt - 68 kt</span></div>\n<div><span><b>Timestamp:</b></span><br/><span>2026-05-18 04:50:25 UTC<br/>2026-05-18 04:50:27 UTC</span></div>\n</div>"},"stroke-opacity":1,"stroke":"#ffffff","stroke-width":2}},{"type":"Feature","geometry":{"type":"LineString","coordinates":[[16.835613,52.41925,0],[16.83486,52.419403,0]]},"properties":{"name":"P-68","description":{"@type":"html","value":"<div><div><span><b>Altitude:</b></span> <span>0 ft</span></div>\n<div><span><b>Speed:</b></span> <span>68 kt - 76 kt</span></div>\n<div><span><b>Timestamp:</b></span><br/><span>2026-05-18 04:50:27 UTC<br/>2026-05-18 04:50:28 UTC</span></div>\n</div>"},"stroke-opacity":1,"stroke":"#ffffff","stroke-width":2}},{"type":"Feature","geometry":{"type":"LineString","coordinates":[[16.83486,52.419403,0],[16.834232,52.419518,0]]},"properties":{"name":"P-69","description":{"@type":"html","value":"<div><div><span><b>Altitude:</b></span> <span>0 ft</span></div>\n<div><span><b>Speed:</b></span> <span>76 kt - 82 kt</span></div>\n<div><span><b>Timestamp:</b></span><br/><span>2026-05-18 04:50:28 UTC<br/>2026-05-18 04:50:29 UTC</span></div>\n</div>"},"stroke-opacity":1,"stroke":"#ffffff","stroke-width":2}},{"type":"Feature","geometry":{"type":"LineString","coordinates":[[16.834232,52.419518,0],[16.833567,52.419647,0]]},"properties":{"name":"P-70","description":{"@type":"html","value":"<div><div><span><b>Altitude:</b></span> <span>0 ft</span></div>\n<div><span><b>Speed:</b></span> <span>82 kt - 86 kt</span></div>\n<div><span><b>Timestamp:</b></span><br/><span>2026-05-18 04:50:29 UTC<br/>2026-05-18 04:50:30 UTC</span></div>\n</div>"},"stroke-opacity":1,"stroke":"#ffffff","stroke-width":2}},{"type":"Feature","geometry":{"type":"LineString","coordinates":[[16.833567,52.419647,0],[16.832886,52.419777,0]]},"properties":{"name":"P-71","description":{"@type":"html","value":"<div><div><span><b>Altitude:</b></span> <span>0 ft</span></div>\n<div><span><b>Speed:</b></span> <span>86 kt - 90 kt</span></div>\n<div><span><b>Timestamp:</b></span><br/><span>2026-05-18 04:50:30 UTC<br/>2026-05-18 04:50:31 UTC</span></div>\n</div>"},"stroke-opacity":1,"stroke":"#ffffff","stroke-width":2}},{"type":"Feature","geometry":{"type":"LineString","coordinates":[[16.832886,52.419777,0],[16.831211,52.420101,68.58]]},"properties":{"name":"P-72","description":{"@type":"html","value":"<div><div><span><b>Altitude:</b></span> <span>0 ft - 225 ft</span></div>\n<div><span><b>Speed:</b></span> <span>90 kt - 96 kt</span></div>\n<div><span><b>Timestamp:</b></span><br/><span>2026-05-18 04:50:31 UTC<br/>2026-05-18 04:50:33 UTC</span></div>\n</div>"},"stroke-opacity":1,"stroke":"#ffffff","stroke-width":2}},{"type":"Feature","geometry":{"type":"LineString","coordinates":[[16.831211,52.420101,68.58],[16.829605,52.420441,68.58]]},"properties":{"name":"P-73","description":{"@type":"html","value":"<div><div><span><b>Altitude:</b></span> <span>225 ft</span></div>\n<div><span><b>Speed:</b></span> <span>96 kt - 109 kt</span></div>\n<div><span><b>Timestamp:</b></span><br/><span>2026-05-18 04:50:33 UTC<br/>2026-05-18 04:50:35 UTC</span></div>\n</div>"},"stroke-opacity":1,"stroke":"#ffffff","stroke-width":2}},{"type":"Feature","geometry":{"type":"LineString","coordinates":[[16.829605,52.420441,68.58],[16.827288,52.420845,68.58]]},"properties":{"name":"P-74","description":{"@type":"html","value":"<div><div><span><b>Altitude:</b></span> <span>225 ft</span></div>\n<div><span><b>Speed:</b></span> <span>109 kt - 117 kt</span></div>\n<div><span><b>Timestamp:</b></span><br/><span>2026-05-18 04:50:35 UTC<br/>2026-05-18 04:50:38 UTC</span></div>\n</div>"},"stroke-opacity":1,"stroke":"#ffffff","stroke-width":2}},{"type":"Feature","geometry":{"type":"LineString","coordinates":[[16.827288,52.420845,68.58],[16.818655,52.42252,76.2]]},"properties":{"name":"P-75","description":{"@type":"html","value":"<div><div><span><b>Altitude:</b></span> <span>225 ft - 250 ft</span></div>\n<div><span><b>Speed:</b></span> <span>117 kt - 151 kt</span></div>\n<div><span><b>Timestamp:</b></span><br/><span>2026-05-18 04:50:38 UTC<br/>2026-05-18 04:50:47 UTC</span></div>\n</div>"},"stroke-opacity":1,"stroke":"#ffffff","stroke-width":2}},{"type":"Feature","geometry":{"type":"LineString","coordinates":[[16.818655,52.42252,76.2],[16.810965,52.423965,137.16]]},"properties":{"name":"P-76","description":{"@type":"html","value":"<div><div><span><b>Altitude:</b></span> <span>250 ft - 450 ft</span></div>\n<div><span><b>Speed:</b></span> <span>151 kt - 155 kt</span></div>\n<div><span><b>Timestamp:</b></span><br/><span>2026-05-18 04:50:47 UTC<br/>2026-05-18 04:50:53 UTC</span></div>\n</div>"},"stroke-opacity":1,"stroke":"#ffffff","stroke-width":2}},{"type":"Feature","geometry":{"type":"LineString","coordinates":[[16.810965,52.423965,137.16],[16.803432,52.425316,228.6]]},"properties":{"name":"P-77","description":{"@type":"html","value":"<div><div><span><b>Altitude:</b></span> <span>450 ft - 750 ft</span></div>\n<div><span><b>Speed:</b></span> <span>155 kt</span></div>\n<div><span><b>Timestamp:</b></span><br/><span>2026-05-18 04:50:53 UTC<br/>2026-05-18 04:51:00 UTC</span></div>\n</div>"},"stroke-opacity":1,"stroke":"#62e0ff","stroke-width":2}},{"type":"Feature","geometry":{"type":"LineString","coordinates":[[16.803432,52.425316,228.6],[16.795425,52.426804,327.66]]},"properties":{"name":"P-78","description":{"@type":"html","value":"<div><div><span><b>Altitude:</b></span> <span>750 ft - 1,075 ft</span></div>\n<div><span><b>Speed:</b></span> <span>155 kt</span></div>\n<div><span><b>Timestamp:</b></span><br/><span>2026-05-18 04:51:00 UTC<br/>2026-05-18 04:51:07 UTC</span></div>\n</div>"},"stroke-opacity":1,"stroke":"#00eaff","stroke-width":2}},{"type":"Feature","geometry":{"type":"LineString","coordinates":[[16.795425,52.426804,327.66],[16.785126,52.428726,457.2]]},"properties":{"name":"P-79","description":{"@type":"html","value":"<div><div><span><b>Altitude:</b></span> <span>1,075 ft - 1,500 ft</span></div>\n<div><span><b>Speed:</b></span> <span>155 kt - 156 kt</span></div>\n<div><span><b>Timestamp:</b></span><br/><span>2026-05-18 04:51:07 UTC<br/>2026-05-18 04:51:16 UTC</span></div>\n</div>"},"stroke-opacity":1,"stroke":"#00fff0","stroke-width":2}},{"type":"Feature","geometry":{"type":"LineString","coordinates":[[16.785126,52.428726,457.2],[16.776123,52.430389,571.5]]},"properties":{"name":"P-80","description":{"@type":"html","value":"<div><div><span><b>Altitude:</b></span> <span>1,500 ft - 1,875 ft</span></div>\n<div><span><b>Speed:</b></span> <span>156 kt - 155 kt</span></div>\n<div><span><b>Timestamp:</b></span><br/><span>2026-05-18 04:51:16 UTC<br/>2026-05-18 04:51:24 UTC</span></div>\n</div>"},"stroke-opacity":1,"stroke":"#00ffcc","stroke-width":2}},{"type":"Feature","geometry":{"type":"LineString","coordinates":[[16.776123,52.430389,571.5],[16.768354,52.43174,670.56]]},"properties":{"name":"P-81","description":{"@type":"html","value":"<div><div><span><b>Altitude:</b></span> <span>1,875 ft - 2,200 ft</span></div>\n<div><span><b>Speed:</b></span> <span>155 kt - 154 kt</span></div>\n<div><span><b>Timestamp:</b></span><br/><span>2026-05-18 04:51:24 UTC<br/>2026-05-18 04:51:31 UTC</span></div>\n</div>"},"stroke-opacity":1,"stroke":"#00ffcc","stroke-width":2}},{"type":"Feature","geometry":{"type":"LineString","coordinates":[[16.768354,52.43174,670.56],[16.759109,52.433395,784.86]]},"properties":{"name":"P-82","description":{"@type":"html","value":"<div><div><span><b>Altitude:</b></span> <span>2,200 ft - 2,575 ft</span></div>\n<div><span><b>Speed:</b></span> <span>154 kt - 151 kt</span></div>\n<div><span><b>Timestamp:</b></span><br/><span>2026-05-18 04:51:31 UTC<br/>2026-05-18 04:51:39 UTC</span></div>\n</div>"},"stroke-opacity":1,"stroke":"#00ff42","stroke-width":2}},{"type":"Feature","geometry":{"type":"LineString","coordinates":[[16.759109,52.433395,784.86],[16.752188,52.434624,868.68]]},"properties":{"name":"P-83","description":{"@type":"html","value":"<div><div><span><b>Altitude:</b></span> <span>2,575 ft - 2,850 ft</span></div>\n<div><span><b>Speed:</b></span> <span>151 kt - 150 kt</span></div>\n<div><span><b>Timestamp:</b></span><br/><span>2026-05-18 04:51:39 UTC<br/>2026-05-18 04:51:46 UTC</span></div>\n</div>"},"stroke-opacity":1,"stroke":"#00ff42","stroke-width":2}},{"type":"Feature","geometry":{"type":"LineString","coordinates":[[16.752188,52.434624,868.68],[16.742222,52.436394,967.74]]},"properties":{"name":"P-84","description":{"@type":"html","value":"<div><div><span><b>Altitude:</b></span> <span>2,850 ft - 3,175 ft</span></div>\n<div><span><b>Speed:</b></span> <span>150 kt</span></div>\n<div><span><b>Timestamp:</b></span><br/><span>2026-05-18 04:51:46 UTC<br/>2026-05-18 04:51:55 UTC</span></div>\n</div>"},"stroke-opacity":1,"stroke":"#00ff1e","stroke-width":2}},{"type":"Feature","geometry":{"type":"LineString","coordinates":[[16.742222,52.436394,967.74],[16.735153,52.43779,1036.32]]},"properties":{"name":"P-85","description":{"@type":"html","value":"<div><div><span><b>Altitude:</b></span> <span>3,175 ft - 3,400 ft</span></div>\n<div><span><b>Speed:</b></span> <span>150 kt - 151 kt</span></div>\n<div><span><b>Timestamp:</b></span><br/><span>2026-05-18 04:51:55 UTC<br/>2026-05-18 04:52:01 UTC</span></div>\n</div>"},"stroke-opacity":1,"stroke":"#00ff1e","stroke-width":2}},{"type":"Feature","geometry":{"type":"LineString","coordinates":[[16.735153,52.43779,1036.32],[16.727371,52.439301,1097.28]]},"properties":{"name":"P-86","description":{"@type":"html","value":"<div><div><span><b>Altitude:</b></span> <span>3,400 ft - 3,600 ft</span></div>\n<div><span><b>Speed:</b></span> <span>151 kt - 155 kt</span></div>\n<div><span><b>Timestamp:</b></span><br/><span>2026-05-18 04:52:01 UTC<br/>2026-05-18 04:52:08 UTC</span></div>\n</div>"},"stroke-opacity":1,"stroke":"#0cff00","stroke-width":2}},{"type":"Feature","geometry":{"type":"LineString","coordinates":[[16.727371,52.439301,1097.28],[16.720015,52.440865,1127.76]]},"properties":{"name":"P-87","description":{"@type":"html","value":"<div><div><span><b>Altitude:</b></span> <span>3,600 ft - 3,700 ft</span></div>\n<div><span><b>Speed:</b></span> <span>155 kt - 164 kt</span></div>\n<div><span><b>Timestamp:</b></span><br/><span>2026-05-18 04:52:08 UTC<br/>2026-05-18 04:52:15 UTC</span></div>\n</div>"},"stroke-opacity":1,"stroke":"#0cff00","stroke-width":2}},{"type":"Feature","geometry":{"type":"LineString","coordinates":[[16.720015,52.440865,1127.76],[16.708714,52.443192,1173.48]]},"properties":{"name":"P-88","description":{"@type":"html","value":"<div><div><span><b>Altitude:</b></span> <span>3,700 ft - 3,850 ft</span></div>\n<div><span><b>Speed:</b></span> <span>164 kt - 178 kt</span></div>\n<div><span><b>Timestamp:</b></span><br/><span>2026-05-18 04:52:15 UTC<br/>2026-05-18 04:52:23 UTC</span></div>\n</div>"},"stroke-opacity":1,"stroke":"#0cff00","stroke-width":2}},{"type":"Feature","geometry":{"type":"LineString","coordinates":[[16.708714,52.443192,1173.48],[16.697178,52.44566,1211.58]]},"properties":{"name":"P-89","description":{"@type":"html","value":"<div><div><span><b>Altitude:</b></span> <span>3,850 ft - 3,975 ft</span></div>\n<div><span><b>Speed:</b></span> <span>178 kt - 193 kt</span></div>\n<div><span><b>Timestamp:</b></span><br/><span>2026-05-18 04:52:23 UTC<br/>2026-05-18 04:52:32 UTC</span></div>\n</div>"},"stroke-opacity":1,"stroke":"#0cff00","stroke-width":2}},{"type":"Feature","geometry":{"type":"LineString","coordinates":[[16.697178,52.44566,1211.58],[16.684418,52.448273,1257.3]]},"properties":{"name":"P-90","description":{"@type":"html","value":"<div><div><span><b>Altitude:</b></span> <span>3,975 ft - 4,125 ft</span></div>\n<div><span><b>Speed:</b></span> <span>193 kt - 207 kt</span></div>\n<div><span><b>Timestamp:</b></span><br/><span>2026-05-18 04:52:32 UTC<br/>2026-05-18 04:52:41 UTC</span></div>\n</div>"},"stroke-opacity":1,"stroke":"#36ff00","stroke-width":2}},{"type":"Feature","geometry":{"type":"LineString","coordinates":[[16.684418,52.448273,1257.3],[16.674892,52.450222,1280.16]]},"properties":{"name":"P-91","description":{"@type":"html","value":"<div><div><span><b>Altitude:</b></span> <span>4,125 ft - 4,200 ft</span></div>\n<div><span><b>Speed:</b></span> <span>207 kt - 220 kt</span></div>\n<div><span><b>Timestamp:</b></span><br/><span>2026-05-18 04:52:41 UTC<br/>2026-05-18 04:52:47 UTC</span></div>\n</div>"},"stroke-opacity":1,"stroke":"#36ff00","stroke-width":2}},{"type":"Feature","geometry":{"type":"LineString","coordinates":[[16.674892,52.450222,1280.16],[16.660843,52.453079,1333.5]]},"properties":{"name":"P-92","description":{"@type":"html","value":"<div><div><span><b>Altitude:</b></span> <span>4,200 ft - 4,375 ft</span></div>\n<div><span><b>Speed:</b></span> <span>220 kt - 236 kt</span></div>\n<div><span><b>Timestamp:</b></span><br/><span>2026-05-18 04:52:47 UTC<br/>2026-05-18 04:52:55 UTC</span></div>\n</div>"},"stroke-opacity":1,"stroke":"#36ff00","stroke-width":2}},{"type":"Feature","geometry":{"type":"LineString","coordinates":[[16.660843,52.453079,1333.5],[16.645857,52.455948,1394.46]]},"properties":{"name":"P-93","description":{"@type":"html","value":"<div><div><span><b>Altitude:</b></span> <span>4,375 ft - 4,575 ft</span></div>\n<div><span><b>Speed:</b></span> <span>236 kt - 250 kt</span></div>\n<div><span><b>Timestamp:</b></span><br/><span>2026-05-18 04:52:55 UTC<br/>2026-05-18 04:53:04 UTC</span></div>\n</div>"},"stroke-opacity":1,"stroke":"#36ff00","stroke-width":2}},{"type":"Feature","geometry":{"type":"LineString","coordinates":[[16.645857,52.455948,1394.46],[16.628189,52.458664,1478.28]]},"properties":{"name":"P-94","description":{"@type":"html","value":"<div><div><span><b>Altitude:</b></span> <span>4,575 ft - 4,850 ft</span></div>\n<div><span><b>Speed:</b></span> <span>250 kt - 265 kt</span></div>\n<div><span><b>Timestamp:</b></span><br/><span>2026-05-18 04:53:04 UTC<br/>2026-05-18 04:53:13 UTC</span></div>\n</div>"},"stroke-opacity":1,"stroke":"#36ff00","stroke-width":2}},{"type":"Feature","geometry":{"type":"LineString","coordinates":[[16.628189,52.458664,1478.28],[16.624119,52.45916,1493.52]]},"properties":{"name":"P-95","description":{"@type":"html","value":"<div><div><span><b>Altitude:</b></span> <span>4,850 ft - 4,900 ft</span></div>\n<div><span><b>Speed:</b></span> <span>265 kt - 268 kt</span></div>\n<div><span><b>Timestamp:</b></span><br/><span>2026-05-18 04:53:13 UTC<br/>2026-05-18 04:53:15 UTC</span></div>\n</div>"},"stroke-opacity":1,"stroke":"#36ff00","stroke-width":2}},{"type":"Feature","geometry":{"type":"LineString","coordinates":[[16.624119,52.45916,1493.52],[16.620255,52.459534,1516.38]]},"properties":{"name":"P-96","description":{"@type":"html","value":"<div><div><span><b>Altitude:</b></span> <span>4,900 ft - 4,975 ft</span></div>\n<div><span><b>Speed:</b></span> <span>268 kt - 271 kt</span></div>\n<div><span><b>Timestamp:</b></span><br/><span>2026-05-18 04:53:15 UTC<br/>2026-05-18 04:53:17 UTC</span></div>\n</div>"},"stroke-opacity":1,"stroke":"#36ff00","stroke-width":2}},{"type":"Feature","geometry":{"type":"LineString","coordinates":[[16.620255,52.459534,1516.38],[16.609955,52.460449,1584.96]]},"properties":{"name":"P-97","description":{"@type":"html","value":"<div><div><span><b>Altitude:</b></span> <span>4,975 ft - 5,200 ft</span></div>\n<div><span><b>Speed:</b></span> <span>271 kt - 276 kt</span></div>\n<div><span><b>Timestamp:</b></span><br/><span>2026-05-18 04:53:17 UTC<br/>2026-05-18 04:53:22 UTC</span></div>\n</div>"},"stroke-opacity":1,"stroke":"#72ff00","stroke-width":2}},{"type":"Feature","geometry":{"type":"LineString","coordinates":[[16.609955,52.460449,1584.96],[16.605757,52.460739,1607.82]]},"properties":{"name":"P-98","description":{"@type":"html","value":"<div><div><span><b>Altitude:</b></span> <span>5,200 ft - 5,275 ft</span></div>\n<div><span><b>Speed:</b></span> <span>276 kt - 278 kt</span></div>\n<div><span><b>Timestamp:</b></span><br/><span>2026-05-18 04:53:22 UTC<br/>2026-05-18 04:53:24 UTC</span></div>\n</div>"},"stroke-opacity":1,"stroke":"#72ff00","stroke-width":2}},{"type":"Feature","geometry":{"type":"LineString","coordinates":[[16.605757,52.460739,1607.82],[16.600494,52.46109,1645.92]]},"properties":{"name":"P-99","description":{"@type":"html","value":"<div><div><span><b>Altitude:</b></span> <span>5,275 ft - 5,400 ft</span></div>\n<div><span><b>Speed:</b></span> <span>278 kt - 280 kt</span></div>\n<div><span><b>Timestamp:</b></span><br/><span>2026-05-18 04:53:24 UTC<br/>2026-05-18 04:53:26 UTC</span></div>\n</div>"},"stroke-opacity":1,"stroke":"#72ff00","stroke-width":2}},{"type":"Feature","geometry":{"type":"LineString","coordinates":[[16.600494,52.46109,1645.92],[16.596731,52.461346,1676.4]]},"properties":{"name":"P-100","description":{"@type":"html","value":"<div><div><span><b>Altitude:</b></span> <span>5,400 ft - 5,500 ft</span></div>\n<div><span><b>Speed:</b></span> <span>280 kt</span></div>\n<div><span><b>Timestamp:</b></span><br/><span>2026-05-18 04:53:26 UTC<br/>2026-05-18 04:53:28 UTC</span></div>\n</div>"},"stroke-opacity":1,"stroke":"#72ff00","stroke-width":2}},{"type":"Feature","geometry":{"type":"LineString","coordinates":[[16.596731,52.461346,1676.4],[16.591263,52.461731,1722.12]]},"properties":{"name":"P-101","description":{"@type":"html","value":"<div><div><span><b>Altitude:</b></span> <span>5,500 ft - 5,650 ft</span></div>\n<div><span><b>Speed:</b></span> <span>280 kt</span></div>\n<div><span><b>Timestamp:</b></span><br/><span>2026-05-18 04:53:28 UTC<br/>2026-05-18 04:53:30 UTC</span></div>\n</div>"},"stroke-opacity":1,"stroke":"#72ff00","stroke-width":2}},{"type":"Feature","geometry":{"type":"LineString","coordinates":[[16.591263,52.461731,1722.12],[16.58699,52.462051,1760.22]]},"properties":{"name":"P-102","description":{"@type":"html","value":"<div><div><span><b>Altitude:</b></span> <span>5,650 ft - 5,775 ft</span></div>\n<div><span><b>Speed:</b></span> <span>280 kt - 282 kt</span></div>\n<div><span><b>Timestamp:</b></span><br/><span>2026-05-18 04:53:30 UTC<br/>2026-05-18 04:53:33 UTC</span></div>\n</div>"},"stroke-opacity":1,"stroke":"#72ff00","stroke-width":2}},{"type":"Feature","geometry":{"type":"LineString","coordinates":[[16.58699,52.462051,1760.22],[16.582764,52.462372,1790.7]]},"properties":{"name":"P-103","description":{"@type":"html","value":"<div><div><span><b>Altitude:</b></span> <span>5,775 ft - 5,875 ft</span></div>\n<div><span><b>Speed:</b></span> <span>282 kt</span></div>\n<div><span><b>Timestamp:</b></span><br/><span>2026-05-18 04:53:33 UTC<br/>2026-05-18 04:53:35 UTC</span></div>\n</div>"},"stroke-opacity":1,"stroke":"#72ff00","stroke-width":2}},{"type":"Feature","geometry":{"type":"LineString","coordinates":[[16.582764,52.462372,1790.7],[16.577225,52.46283,1836.42]]},"properties":{"name":"P-104","description":{"@type":"html","value":"<div><div><span><b>Altitude:</b></span> <span>5,875 ft - 6,025 ft</span></div>\n<div><span><b>Speed:</b></span> <span>282 kt</span></div>\n<div><span><b>Timestamp:</b></span><br/><span>2026-05-18 04:53:35 UTC<br/>2026-05-18 04:53:37 UTC</span></div>\n</div>"},"stroke-opacity":1,"stroke":"#72ff00","stroke-width":2}},{"type":"Feature","geometry":{"type":"LineString","coordinates":[[16.577225,52.46283,1836.42],[16.549961,52.464886,2095.5]]},"properties":{"name":"P-105","description":{"@type":"html","value":"<div><div><span><b>Altitude:</b></span> <span>6,025 ft - 6,875 ft</span></div>\n<div><span><b>Speed:</b></span> <span>282 kt - 280 kt</span></div>\n<div><span><b>Timestamp:</b></span><br/><span>2026-05-18 04:53:37 UTC<br/>2026-05-18 04:53:50 UTC</span></div>\n</div>"},"stroke-opacity":1,"stroke":"#72ff00","stroke-width":2}},{"type":"Feature","geometry":{"type":"LineString","coordinates":[[16.549961,52.464886,2095.5],[16.521301,52.466904,2377.44]]},"properties":{"name":"P-106","description":{"@type":"html","value":"<div><div><span><b>Altitude:</b></span> <span>6,875 ft - 7,800 ft</span></div>\n<div><span><b>Speed:</b></span> <span>280 kt - 278 kt</span></div>\n<div><span><b>Timestamp:</b></span><br/><span>2026-05-18 04:53:50 UTC<br/>2026-05-18 04:54:04 UTC</span></div>\n</div>"},"stroke-opacity":1,"stroke":"#9cff00","stroke-width":2}},{"type":"Feature","geometry":{"type":"LineString","coordinates":[[16.521301,52.466904,2377.44],[16.495422,52.4687,2598.42]]},"properties":{"name":"P-107","description":{"@type":"html","value":"<div><div><span><b>Altitude:</b></span> <span>7,800 ft - 8,525 ft</span></div>\n<div><span><b>Speed:</b></span> <span>278 kt</span></div>\n<div><span><b>Timestamp:</b></span><br/><span>2026-05-18 04:54:04 UTC<br/>2026-05-18 04:54:16 UTC</span></div>\n</div>"},"stroke-opacity":1,"stroke":"#9cff00","stroke-width":2}},{"type":"Feature","geometry":{"type":"LineString","coordinates":[[16.495422,52.4687,2598.42],[16.468349,52.470612,2796.54]]},"properties":{"name":"P-108","description":{"@type":"html","value":"<div><div><span><b>Altitude:</b></span> <span>8,525 ft - 9,175 ft</span></div>\n<div><span><b>Speed:</b></span> <span>278 kt - 282 kt</span></div>\n<div><span><b>Timestamp:</b></span><br/><span>2026-05-18 04:54:16 UTC<br/>2026-05-18 04:54:29 UTC</span></div>\n</div>"},"stroke-opacity":1,"stroke":"#d2ff00","stroke-width":2}},{"type":"Feature","geometry":{"type":"LineString","coordinates":[[16.468349,52.470612,2796.54],[16.439438,52.472626,2987.04]]},"properties":{"name":"P-109","description":{"@type":"html","value":"<div><div><span><b>Altitude:</b></span> <span>9,175 ft - 9,800 ft</span></div>\n<div><span><b>Speed:</b></span> <span>282 kt - 288 kt</span></div>\n<div><span><b>Timestamp:</b></span><br/><span>2026-05-18 04:54:29 UTC<br/>2026-05-18 04:54:43 UTC</span></div>\n</div>"},"stroke-opacity":1,"stroke":"#d2ff00","stroke-width":2}},{"type":"Feature","geometry":{"type":"LineString","coordinates":[[16.439438,52.472626,2987.04],[16.409807,52.474659,3162.3]]},"properties":{"name":"P-110","description":{"@type":"html","value":"<div><div><span><b>Altitude:</b></span> <span>9,800 ft - 10,375 ft</span></div>\n<div><span><b>Speed:</b></span> <span>288 kt - 296 kt</span></div>\n<div><span><b>Timestamp:</b></span><br/><span>2026-05-18 04:54:43 UTC<br/>2026-05-18 04:54:56 UTC</span></div>\n</div>"},"stroke-opacity":1,"stroke":"#d2ff00","stroke-width":2}},{"type":"Feature","geometry":{"type":"LineString","coordinates":[[16.409807,52.474659,3162.3],[16.378784,52.476837,3284.22]]},"properties":{"name":"P-111","description":{"@type":"html","value":"<div><div><span><b>Altitude:</b></span> <span>10,375 ft - 10,775 ft</span></div>\n<div><span><b>Speed:</b></span> <span>296 kt - 310 kt</span></div>\n<div><span><b>Timestamp:</b></span><br/><span>2026-05-18 04:54:56 UTC<br/>2026-05-18 04:55:09 UTC</span></div>\n</div>"},"stroke-opacity":1,"stroke":"#e4ff00","stroke-width":2}},{"type":"Feature","geometry":{"type":"LineString","coordinates":[[16.378784,52.476837,3284.22],[16.348127,52.479084,3375.66]]},"properties":{"name":"P-112","description":{"@type":"html","value":"<div><div><span><b>Altitude:</b></span> <span>10,775 ft - 11,075 ft</span></div>\n<div><span><b>Speed:</b></span> <span>310 kt - 327 kt</span></div>\n<div><span><b>Timestamp:</b></span><br/><span>2026-05-18 04:55:09 UTC<br/>2026-05-18 04:55:22 UTC</span></div>\n</div>"},"stroke-opacity":1,"stroke":"#e4ff00","stroke-width":2}},{"type":"Feature","geometry":{"type":"LineString","coordinates":[[16.348127,52.479084,3375.66],[16.314854,52.481503,3512.82]]},"properties":{"name":"P-113","description":{"@type":"html","value":"<div><div><span><b>Altitude:</b></span> <span>11,075 ft - 11,525 ft</span></div>\n<div><span><b>Speed:</b></span> <span>327 kt - 338 kt</span></div>\n<div><span><b>Timestamp:</b></span><br/><span>2026-05-18 04:55:22 UTC<br/>2026-05-18 04:55:35 UTC</span></div>\n</div>"},"stroke-opacity":1,"stroke":"#e4ff00","stroke-width":2}},{"type":"Feature","geometry":{"type":"LineString","coordinates":[[16.314854,52.481503,3512.82],[16.281281,52.483887,3749.04]]},"properties":{"name":"P-114","description":{"@type":"html","value":"<div><div><span><b>Altitude:</b></span> <span>11,525 ft - 12,300 ft</span></div>\n<div><span><b>Speed:</b></span> <span>338 kt - 337 kt</span></div>\n<div><span><b>Timestamp:</b></span><br/><span>2026-05-18 04:55:35 UTC<br/>2026-05-18 04:55:48 UTC</span></div>\n</div>"},"stroke-opacity":1,"stroke":"#ffea00","stroke-width":2}},{"type":"Feature","geometry":{"type":"LineString","coordinates":[[16.281281,52.483887,3749.04],[16.201538,52.489277,4175.76]]},"properties":{"name":"P-115","description":{"@type":"html","value":"<div><div><span><b>Altitude:</b></span> <span>12,300 ft - 13,700 ft</span></div>\n<div><span><b>Speed:</b></span> <span>337 kt - 348 kt</span></div>\n<div><span><b>Timestamp:</b></span><br/><span>2026-05-18 04:55:48 UTC<br/>2026-05-18 04:56:20 UTC</span></div>\n</div>"},"stroke-opacity":1,"stroke":"#ffea00","stroke-width":2}},{"type":"Feature","geometry":{"type":"LineString","coordinates":[[16.201538,52.489277,4175.76],[16.114273,52.495102,4511.04]]},"properties":{"name":"P-116","description":{"@type":"html","value":"<div><div><span><b>Altitude:</b></span> <span>13,700 ft - 14,800 ft</span></div>\n<div><span><b>Speed:</b></span> <span>348 kt - 368 kt</span></div>\n<div><span><b>Timestamp:</b></span><br/><span>2026-05-18 04:56:20 UTC<br/>2026-05-18 04:56:52 UTC</span></div>\n</div>"},"stroke-opacity":1,"stroke":"#ffc000","stroke-width":2}},{"type":"Feature","geometry":{"type":"LineString","coordinates":[[16.114273,52.495102,4511.04],[16.025009,52.501099,4975.86]]},"properties":{"name":"P-117","description":{"@type":"html","value":"<div><div><span><b>Altitude:</b></span> <span>14,800 ft - 16,325 ft</span></div>\n<div><span><b>Speed:</b></span> <span>368 kt - 372 kt</span></div>\n<div><span><b>Timestamp:</b></span><br/><span>2026-05-18 04:56:52 UTC<br/>2026-05-18 04:57:24 UTC</span></div>\n</div>"},"stroke-opacity":1,"stroke":"#ffa800","stroke-width":2}},{"type":"Feature","geometry":{"type":"LineString","coordinates":[[16.025009,52.501099,4975.86],[15.934021,52.507107,5318.76]]},"properties":{"name":"P-118","description":{"@type":"html","value":"<div><div><span><b>Altitude:</b></span> <span>16,325 ft - 17,450 ft</span></div>\n<div><span><b>Speed:</b></span> <span>372 kt - 385 kt</span></div>\n<div><span><b>Timestamp:</b></span><br/><span>2026-05-18 04:57:24 UTC<br/>2026-05-18 04:57:56 UTC</span></div>\n</div>"},"stroke-opacity":1,"stroke":"#ffa800","stroke-width":2}},{"type":"Feature","geometry":{"type":"LineString","coordinates":[[15.934021,52.507107,5318.76],[15.839381,52.513252,5692.14]]},"properties":{"name":"P-119","description":{"@type":"html","value":"<div><div><span><b>Altitude:</b></span> <span>17,450 ft - 18,675 ft</span></div>\n<div><span><b>Speed:</b></span> <span>385 kt - 394 kt</span></div>\n<div><span><b>Timestamp:</b></span><br/><span>2026-05-18 04:57:56 UTC<br/>2026-05-18 04:58:28 UTC</span></div>\n</div>"},"stroke-opacity":1,"stroke":"#ff9600","stroke-width":2}},{"type":"Feature","geometry":{"type":"LineString","coordinates":[[15.839381,52.513252,5692.14],[15.746841,52.519226,6073.14]]},"properties":{"name":"P-120","description":{"@type":"html","value":"<div><div><span><b>Altitude:</b></span> <span>18,675 ft - 19,925 ft</span></div>\n<div><span><b>Speed:</b></span> <span>394 kt - 398 kt</span></div>\n<div><span><b>Timestamp:</b></span><br/><span>2026-05-18 04:58:28 UTC<br/>2026-05-18 04:58:59 UTC</span></div>\n</div>"},"stroke-opacity":1,"stroke":"#ff7800","stroke-width":2}},{"type":"Feature","geometry":{"type":"LineString","coordinates":[[15.746841,52.519226,6073.14],[15.657272,52.524902,6431.28]]},"properties":{"name":"P-121","description":{"@type":"html","value":"<div><div><span><b>Altitude:</b></span> <span>19,925 ft - 21,100 ft</span></div>\n<div><span><b>Speed:</b></span> <span>398 kt - 401 kt</span></div>\n<div><span><b>Timestamp:</b></span><br/><span>2026-05-18 04:58:59 UTC<br/>2026-05-18 04:59:29 UTC</span></div>\n</div>"},"stroke-opacity":1,"stroke":"#ff5400","stroke-width":2}},{"type":"Feature","geometry":{"type":"LineString","coordinates":[[15.657272,52.524902,6431.28],[15.558524,52.531174,6774.18]]},"properties":{"name":"P-122","description":{"@type":"html","value":"<div><div><span><b>Altitude:</b></span> <span>21,100 ft - 22,225 ft</span></div>\n<div><span><b>Speed:</b></span> <span>401 kt - 407 kt</span></div>\n<div><span><b>Timestamp:</b></span><br/><span>2026-05-18 04:59:29 UTC<br/>2026-05-18 05:00:01 UTC</span></div>\n</div>"},"stroke-opacity":1,"stroke":"#ff5400","stroke-width":2}},{"type":"Feature","geometry":{"type":"LineString","coordinates":[[15.558524,52.531174,6774.18],[15.461138,52.537228,7124.7]]},"properties":{"name":"P-123","description":{"@type":"html","value":"<div><div><span><b>Altitude:</b></span> <span>22,225 ft - 23,375 ft</span></div>\n<div><span><b>Speed:</b></span> <span>407 kt - 410 kt</span></div>\n<div><span><b>Timestamp:</b></span><br/><span>2026-05-18 05:00:01 UTC<br/>2026-05-18 05:00:33 UTC</span></div>\n</div>"},"stroke-opacity":1,"stroke":"#ff3000","stroke-width":2}},{"type":"Feature","geometry":{"type":"LineString","coordinates":[[15.461138,52.537228,7124.7],[15.362701,52.538635,7490.46]]},"properties":{"name":"P-124","description":{"@type":"html","value":"<div><div><span><b>Altitude:</b></span> <span>23,375 ft - 24,575 ft</span></div>\n<div><span><b>Speed:</b></span> <span>410 kt - 407 kt</span></div>\n<div><span><b>Timestamp:</b></span><br/><span>2026-05-18 05:00:33 UTC<br/>2026-05-18 05:01:05 UTC</span></div>\n</div>"},"stroke-opacity":1,"stroke":"#ff1e00","stroke-width":2}},{"type":"Feature","geometry":{"type":"LineString","coordinates":[[15.362701,52.538635,7490.46],[15.263672,52.535202,7719.06]]},"properties":{"name":"P-125","description":{"@type":"html","value":"<div><div><span><b>Altitude:</b></span> <span>24,575 ft - 25,325 ft</span></div>\n<div><span><b>Speed:</b></span> <span>407 kt - 418 kt</span></div>\n<div><span><b>Timestamp:</b></span><br/><span>2026-05-18 05:01:05 UTC<br/>2026-05-18 05:01:36 UTC</span></div>\n</div>"},"stroke-opacity":1,"stroke":"#ff1e00","stroke-width":2}},{"type":"Feature","geometry":{"type":"LineString","coordinates":[[15.263672,52.535202,7719.06],[15.162623,52.531685,7985.76]]},"properties":{"name":"P-126","description":{"@type":"html","value":"<div><div><span><b>Altitude:</b></span> <span>25,325 ft - 26,200 ft</span></div>\n<div><span><b>Speed:</b></span> <span>418 kt - 422 kt</span></div>\n<div><span><b>Timestamp:</b></span><br/><span>2026-05-18 05:01:36 UTC<br/>2026-05-18 05:02:08 UTC</span></div>\n</div>"},"stroke-opacity":1,"stroke":"#ff0000","stroke-width":2}},{"type":"Feature","geometry":{"type":"LineString","coordinates":[[15.162623,52.531685,7985.76],[15.059433,52.528015,8206.74]]},"properties":{"name":"P-127","description":{"@type":"html","value":"<div><div><span><b>Altitude:</b></span> <span>26,200 ft - 26,925 ft</span></div>\n<div><span><b>Speed:</b></span> <span>422 kt - 432 kt</span></div>\n<div><span><b>Timestamp:</b></span><br/><span>2026-05-18 05:02:08 UTC<br/>2026-05-18 05:02:40 UTC</span></div>\n</div>"},"stroke-opacity":1,"stroke":"#ff0000","stroke-width":2}},{"type":"Feature","geometry":{"type":"LineString","coordinates":[[15.059433,52.528015,8206.74],[14.9582,52.52433,8503.92]]},"properties":{"name":"P-128","description":{"@type":"html","value":"<div><div><span><b>Altitude:</b></span> <span>26,925 ft - 27,900 ft</span></div>\n<div><span><b>Speed:</b></span> <span>432 kt - 431 kt</span></div>\n<div><span><b>Timestamp:</b></span><br/><span>2026-05-18 05:02:40 UTC<br/>2026-05-18 05:03:11 UTC</span></div>\n</div>"},"stroke-opacity":1,"stroke":"#ff0000","stroke-width":2}},{"type":"Feature","geometry":{"type":"LineString","coordinates":[[14.9582,52.52433,8503.92],[14.854507,52.520462,8740.14]]},"properties":{"name":"P-129","description":{"@type":"html","value":"<div><div><span><b>Altitude:</b></span> <span>27,900 ft - 28,675 ft</span></div>\n<div><span><b>Speed:</b></span> <span>431 kt - 436 kt</span></div>\n<div><span><b>Timestamp:</b></span><br/><span>2026-05-18 05:03:11 UTC<br/>2026-05-18 05:03:43 UTC</span></div>\n</div>"},"stroke-opacity":1,"stroke":"#ff0024","stroke-width":2}},{"type":"Feature","geometry":{"type":"LineString","coordinates":[[14.854507,52.520462,8740.14],[14.74968,52.515793,8945.88]]},"properties":{"name":"P-130","description":{"@type":"html","value":"<div><div><span><b>Altitude:</b></span> <span>28,675 ft - 29,350 ft</span></div>\n<div><span><b>Speed:</b></span> <span>436 kt - 442 kt</span></div>\n<div><span><b>Timestamp:</b></span><br/><span>2026-05-18 05:03:43 UTC<br/>2026-05-18 05:04:14 UTC</span></div>\n</div>"},"stroke-opacity":1,"stroke":"#ff0024","stroke-width":2}},{"type":"Feature","geometry":{"type":"LineString","coordinates":[[14.74968,52.515793,8945.88],[14.645462,52.50444,9166.86]]},"properties":{"name":"P-131","description":{"@type":"html","value":"<div><div><span><b>Altitude:</b></span> <span>29,350 ft - 30,075 ft</span></div>\n<div><span><b>Speed:</b></span> <span>442 kt - 444 kt</span></div>\n<div><span><b>Timestamp:</b></span><br/><span>2026-05-18 05:04:14 UTC<br/>2026-05-18 05:04:46 UTC</span></div>\n</div>"},"stroke-opacity":1,"stroke":"#ff0024","stroke-width":2}},{"type":"Feature","geometry":{"type":"LineString","coordinates":[[14.645462,52.50444,9166.86],[14.543686,52.484802,9357.36]]},"properties":{"name":"P-132","description":{"@type":"html","value":"<div><div><span><b>Altitude:</b></span> <span>30,075 ft - 30,700 ft</span></div>\n<div><span><b>Speed:</b></span> <span>444 kt</span></div>\n<div><span><b>Timestamp:</b></span><br/><span>2026-05-18 05:04:46 UTC<br/>2026-05-18 05:05:17 UTC</span></div>\n</div>"},"stroke-opacity":1,"stroke":"#ff0036","stroke-width":2}},{"type":"Feature","geometry":{"type":"LineString","coordinates":[[14.543686,52.484802,9357.36],[14.44608,52.457062,9540.24]]},"properties":{"name":"P-133","description":{"@type":"html","value":"<div><div><span><b>Altitude:</b></span> <span>30,700 ft - 31,300 ft</span></div>\n<div><span><b>Speed:</b></span> <span>444 kt - 448 kt</span></div>\n<div><span><b>Timestamp:</b></span><br/><span>2026-05-18 05:05:17 UTC<br/>2026-05-18 05:05:49 UTC</span></div>\n</div>"},"stroke-opacity":1,"stroke":"#ff0036","stroke-width":2}},{"type":"Feature","geometry":{"type":"LineString","coordinates":[[14.44608,52.457062,9540.24],[14.35173,52.426666,9791.7]]},"properties":{"name":"P-134","description":{"@type":"html","value":"<div><div><span><b>Altitude:</b></span> <span>31,300 ft - 32,125 ft</span></div>\n<div><span><b>Speed:</b></span> <span>448 kt - 446 kt</span></div>\n<div><span><b>Timestamp:</b></span><br/><span>2026-05-18 05:05:49 UTC<br/>2026-05-18 05:06:21 UTC</span></div>\n</div>"},"stroke-opacity":1,"stroke":"#ff004e","stroke-width":2}},{"type":"Feature","geometry":{"type":"LineString","coordinates":[[14.35173,52.426666,9791.7],[14.258728,52.396637,10012.68]]},"properties":{"name":"P-135","description":{"@type":"html","value":"<div><div><span><b>Altitude:</b></span> <span>32,125 ft - 32,850 ft</span></div>\n<div><span><b>Speed:</b></span> <span>446 kt</span></div>\n<div><span><b>Timestamp:</b></span><br/><span>2026-05-18 05:06:21 UTC<br/>2026-05-18 05:06:52 UTC</span></div>\n</div>"},"stroke-opacity":1,"stroke":"#ff004e","stroke-width":2}},{"type":"Feature","geometry":{"type":"LineString","coordinates":[[14.258728,52.396637,10012.68],[14.166031,52.363266,10195.56]]},"properties":{"name":"P-136","description":{"@type":"html","value":"<div><div><span><b>Altitude:</b></span> <span>32,850 ft - 33,450 ft</span></div>\n<div><span><b>Speed:</b></span> <span>446 kt</span></div>\n<div><span><b>Timestamp:</b></span><br/><span>2026-05-18 05:06:52 UTC<br/>2026-05-18 05:07:25 UTC</span></div>\n</div>"},"stroke-opacity":1,"stroke":"#ff0060","stroke-width":2}},{"type":"Feature","geometry":{"type":"LineString","coordinates":[[14.166031,52.363266,10195.56],[14.075056,52.329136,10439.4]]},"properties":{"name":"P-137","description":{"@type":"html","value":"<div><div><span><b>Altitude:</b></span> <span>33,450 ft - 34,250 ft</span></div>\n<div><span><b>Speed:</b></span> <span>446 kt - 444 kt</span></div>\n<div><span><b>Timestamp:</b></span><br/><span>2026-05-18 05:07:25 UTC<br/>2026-05-18 05:07:56 UTC</span></div>\n</div>"},"stroke-opacity":1,"stroke":"#ff0060","stroke-width":2}},{"type":"Feature","geometry":{"type":"LineString","coordinates":[[14.075056,52.329136,10439.4],[13.984604,52.294968,10698.48]]},"properties":{"name":"P-138","description":{"@type":"html","value":"<div><div><span><b>Altitude:</b></span> <span>34,250 ft - 35,100 ft</span></div>\n<div><span><b>Speed:</b></span> <span>444 kt - 438 kt</span></div>\n<div><span><b>Timestamp:</b></span><br/><span>2026-05-18 05:07:56 UTC<br/>2026-05-18 05:08:28 UTC</span></div>\n</div>"},"stroke-opacity":1,"stroke":"#ff0060","stroke-width":2}},{"type":"Feature","geometry":{"type":"LineString","coordinates":[[13.984604,52.294968,10698.48],[13.895508,52.261078,10866.12]]},"properties":{"name":"P-139","description":{"@type":"html","value":"<div><div><span><b>Altitude:</b></span> <span>35,100 ft - 35,650 ft</span></div>\n<div><span><b>Speed:</b></span> <span>438 kt - 440 kt</span></div>\n<div><span><b>Timestamp:</b></span><br/><span>2026-05-18 05:08:28 UTC<br/>2026-05-18 05:09:00 UTC</span></div>\n</div>"},"stroke-opacity":1,"stroke":"#ff0078","stroke-width":2}},{"type":"Feature","geometry":{"type":"LineString","coordinates":[[13.895508,52.261078,10866.12],[13.807146,52.227467,11064.24]]},"properties":{"name":"P-140","description":{"@type":"html","value":"<div><div><span><b>Altitude:</b></span> <span>35,650 ft - 36,300 ft</span></div>\n<div><span><b>Speed:</b></span> <span>440 kt - 436 kt</span></div>\n<div><span><b>Timestamp:</b></span><br/><span>2026-05-18 05:09:00 UTC<br/>2026-05-18 05:09:32 UTC</span></div>\n</div>"},"stroke-opacity":1,"stroke":"#ff0078","stroke-width":2}},{"type":"Feature","geometry":{"type":"LineString","coordinates":[[13.807146,52.227467,11064.24],[13.71698,52.192879,11163.3]]},"properties":{"name":"P-141","description":{"@type":"html","value":"<div><div><span><b>Altitude:</b></span> <span>36,300 ft - 36,625 ft</span></div>\n<div><span><b>Speed:</b></span> <span>436 kt - 442 kt</span></div>\n<div><span><b>Timestamp:</b></span><br/><span>2026-05-18 05:09:32 UTC<br/>2026-05-18 05:10:04 UTC</span></div>\n</div>"},"stroke-opacity":1,"stroke":"#ff0096","stroke-width":2}},{"type":"Feature","geometry":{"type":"LineString","coordinates":[[13.71698,52.192879,11163.3],[13.629379,52.159286,11292.84]]},"properties":{"name":"P-142","description":{"@type":"html","value":"<div><div><span><b>Altitude:</b></span> <span>36,625 ft - 37,050 ft</span></div>\n<div><span><b>Speed:</b></span> <span>442 kt - 441 kt</span></div>\n<div><span><b>Timestamp:</b></span><br/><span>2026-05-18 05:10:04 UTC<br/>2026-05-18 05:10:35 UTC</span></div>\n</div>"},"stroke-opacity":1,"stroke":"#ff0096","stroke-width":2}},{"type":"Feature","geometry":{"type":"LineString","coordinates":[[13.629379,52.159286,11292.84],[13.543015,52.126007,11430]]},"properties":{"name":"P-143","description":{"@type":"html","value":"<div><div><span><b>Altitude:</b></span> <span>37,050 ft - 37,500 ft</span></div>\n<div><span><b>Speed:</b></span> <span>441 kt - 440 kt</span></div>\n<div><span><b>Timestamp:</b></span><br/><span>2026-05-18 05:10:35 UTC<br/>2026-05-18 05:11:06 UTC</span></div>\n</div>"},"stroke-opacity":1,"stroke":"#ff0096","stroke-width":2}},{"type":"Feature","geometry":{"type":"LineString","coordinates":[[13.543015,52.126007,11430],[13.453622,52.091583,11551.92]]},"properties":{"name":"P-144","description":{"@type":"html","value":"<div><div><span><b>Altitude:</b></span> <span>37,500 ft - 37,900 ft</span></div>\n<div><span><b>Speed:</b></span> <span>440 kt - 439 kt</span></div>\n<div><span><b>Timestamp:</b></span><br/><span>2026-05-18 05:11:06 UTC<br/>2026-05-18 05:11:37 UTC</span></div>\n</div>"},"stroke-opacity":1,"stroke":"#ff0096","stroke-width":2}},{"type":"Feature","geometry":{"type":"LineString","coordinates":[[13.453622,52.091583,11551.92],[13.362808,52.05629,11582.4]]},"properties":{"name":"P-145","description":{"@type":"html","value":"<div><div><span><b>Altitude:</b></span> <span>37,900 ft - 38,000 ft</span></div>\n<div><span><b>Speed:</b></span> <span>439 kt - 442 kt</span></div>\n<div><span><b>Timestamp:</b></span><br/><span>2026-05-18 05:11:37 UTC<br/>2026-05-18 05:12:10 UTC</span></div>\n</div>"},"stroke-opacity":1,"stroke":"#ff00ae","stroke-width":2}},{"type":"Feature","geometry":{"type":"LineString","coordinates":[[13.362808,52.05629,11582.4],[13.274994,52.022141,11582.4]]},"properties":{"name":"P-146","description":{"@type":"html","value":"<div><div><span><b>Altitude:</b></span> <span>38,000 ft</span></div>\n<div><span><b>Speed:</b></span> <span>442 kt - 446 kt</span></div>\n<div><span><b>Timestamp:</b></span><br/><span>2026-05-18 05:12:10 UTC<br/>2026-05-18 05:12:41 UTC</span></div>\n</div>"},"stroke-opacity":1,"stroke":"#ff00ae","stroke-width":2}},{"type":"Feature","geometry":{"type":"LineString","coordinates":[[13.274994,52.022141,11582.4],[13.184535,51.986748,11582.4]]},"properties":{"name":"P-147","description":{"@type":"html","value":"<div><div><span><b>Altitude:</b></span> <span>38,000 ft</span></div>\n<div><span><b>Speed:</b></span> <span>446 kt - 448 kt</span></div>\n<div><span><b>Timestamp:</b></span><br/><span>2026-05-18 05:12:41 UTC<br/>2026-05-18 05:13:13 UTC</span></div>\n</div>"},"stroke-opacity":1,"stroke":"#ff00ae","stroke-width":2}},{"type":"Feature","geometry":{"type":"LineString","coordinates":[[13.184535,51.986748,11582.4],[13.095016,51.951736,11582.4]]},"properties":{"name":"P-148","description":{"@type":"html","value":"<div><div><span><b>Altitude:</b></span> <span>38,000 ft</span></div>\n<div><span><b>Speed:</b></span> <span>448 kt - 444 kt</span></div>\n<div><span><b>Timestamp:</b></span><br/><span>2026-05-18 05:13:13 UTC<br/>2026-05-18 05:13:45 UTC</span></div>\n</div>"},"stroke-opacity":1,"stroke":"#ff00ae","stroke-width":2}},{"type":"Feature","geometry":{"type":"LineString","coordinates":[[13.095016,51.951736,11582.4],[13.007341,51.917244,11582.4]]},"properties":{"name":"P-149","description":{"@type":"html","value":"<div><div><span><b>Altitude:</b></span> <span>38,000 ft</span></div>\n<div><span><b>Speed:</b></span> <span>444 kt - 442 kt</span></div>\n<div><span><b>Timestamp:</b></span><br/><span>2026-05-18 05:13:45 UTC<br/>2026-05-18 05:14:17 UTC</span></div>\n</div>"},"stroke-opacity":1,"stroke":"#ff00ae","stroke-width":2}},{"type":"Feature","geometry":{"type":"LineString","coordinates":[[13.007341,51.917244,11582.4],[12.918625,51.882515,11582.4]]},"properties":{"name":"P-150","description":{"@type":"html","value":"<div><div><span><b>Altitude:</b></span> <span>38,000 ft</span></div>\n<div><span><b>Speed:</b></span> <span>442 kt - 439 kt</span></div>\n<div><span><b>Timestamp:</b></span><br/><span>2026-05-18 05:14:17 UTC<br/>2026-05-18 05:14:48 UTC</span></div>\n</div>"},"stroke-opacity":1,"stroke":"#ff00ae","stroke-width":2}},{"type":"Feature","geometry":{"type":"LineString","coordinates":[[12.918625,51.882515,11582.4],[12.832413,51.848251,11582.4]]},"properties":{"name":"P-151","description":{"@type":"html","value":"<div><div><span><b>Altitude:</b></span> <span>38,000 ft</span></div>\n<div><span><b>Speed:</b></span> <span>439 kt - 438 kt</span></div>\n<div><span><b>Timestamp:</b></span><br/><span>2026-05-18 05:14:48 UTC<br/>2026-05-18 05:15:20 UTC</span></div>\n</div>"},"stroke-opacity":1,"stroke":"#ff00ae","stroke-width":2}},{"type":"Feature","geometry":{"type":"LineString","coordinates":[[12.832413,51.848251,11582.4],[12.744446,51.813152,11574.78]]},"properties":{"name":"P-152","description":{"@type":"html","value":"<div><div><span><b>Altitude:</b></span> <span>38,000 ft - 37,975 ft</span></div>\n<div><span><b>Speed:</b></span> <span>438 kt - 436 kt</span></div>\n<div><span><b>Timestamp:</b></span><br/><span>2026-05-18 05:15:20 UTC<br/>2026-05-18 05:15:52 UTC</span></div>\n</div>"},"stroke-opacity":1,"stroke":"#ff00ae","stroke-width":2}},{"type":"Feature","geometry":{"type":"LineString","coordinates":[[12.744446,51.813152,11574.78],[12.658005,51.778751,11567.16]]},"properties":{"name":"P-153","description":{"@type":"html","value":"<div><div><span><b>Altitude:</b></span> <span>37,975 ft - 37,950 ft</span></div>\n<div><span><b>Speed:</b></span> <span>436 kt - 437 kt</span></div>\n<div><span><b>Timestamp:</b></span><br/><span>2026-05-18 05:15:52 UTC<br/>2026-05-18 05:16:24 UTC</span></div>\n</div>"},"stroke-opacity":1,"stroke":"#ff00ae","stroke-width":2}},{"type":"Feature","geometry":{"type":"LineString","coordinates":[[12.658005,51.778751,11567.16],[12.571997,51.744553,11414.76]]},"properties":{"name":"P-154","description":{"@type":"html","value":"<div><div><span><b>Altitude:</b></span> <span>37,950 ft - 37,450 ft</span></div>\n<div><span><b>Speed:</b></span> <span>437 kt - 435 kt</span></div>\n<div><span><b>Timestamp:</b></span><br/><span>2026-05-18 05:16:24 UTC<br/>2026-05-18 05:16:55 UTC</span></div>\n</div>"},"stroke-opacity":1,"stroke":"#ff00ae","stroke-width":2}},{"type":"Feature","geometry":{"type":"LineString","coordinates":[[12.571997,51.744553,11414.76],[12.482605,51.708504,11254.74]]},"properties":{"name":"P-155","description":{"@type":"html","value":"<div><div><span><b>Altitude:</b></span> <span>37,450 ft - 36,925 ft</span></div>\n<div><span><b>Speed:</b></span> <span>435 kt - 441 kt</span></div>\n<div><span><b>Timestamp:</b></span><br/><span>2026-05-18 05:16:55 UTC<br/>2026-05-18 05:17:27 UTC</span></div>\n</div>"},"stroke-opacity":1,"stroke":"#ff0096","stroke-width":2}},{"type":"Feature","geometry":{"type":"LineString","coordinates":[[12.482605,51.708504,11254.74],[12.396545,51.673916,11094.72]]},"properties":{"name":"P-156","description":{"@type":"html","value":"<div><div><span><b>Altitude:</b></span> <span>36,925 ft - 36,400 ft</span></div>\n<div><span><b>Speed:</b></span> <span>441 kt - 439 kt</span></div>\n<div><span><b>Timestamp:</b></span><br/><span>2026-05-18 05:17:27 UTC<br/>2026-05-18 05:17:59 UTC</span></div>\n</div>"},"stroke-opacity":1,"stroke":"#ff0096","stroke-width":2}},{"type":"Feature","geometry":{"type":"LineString","coordinates":[[12.396545,51.673916,11094.72],[12.310404,51.639038,10934.7]]},"properties":{"name":"P-157","description":{"@type":"html","value":"<div><div><span><b>Altitude:</b></span> <span>36,400 ft - 35,875 ft</span></div>\n<div><span><b>Speed:</b></span> <span>439 kt - 437 kt</span></div>\n<div><span><b>Timestamp:</b></span><br/><span>2026-05-18 05:17:59 UTC<br/>2026-05-18 05:18:30 UTC</span></div>\n</div>"},"stroke-opacity":1,"stroke":"#ff0096","stroke-width":2}},{"type":"Feature","geometry":{"type":"LineString","coordinates":[[12.310404,51.639038,10934.7],[12.228006,51.605759,10789.92]]},"properties":{"name":"P-158","description":{"@type":"html","value":"<div><div><span><b>Altitude:</b></span> <span>35,875 ft - 35,400 ft</span></div>\n<div><span><b>Speed:</b></span> <span>437 kt - 432 kt</span></div>\n<div><span><b>Timestamp:</b></span><br/><span>2026-05-18 05:18:30 UTC<br/>2026-05-18 05:19:01 UTC</span></div>\n</div>"},"stroke-opacity":1,"stroke":"#ff0078","stroke-width":2}},{"type":"Feature","geometry":{"type":"LineString","coordinates":[[12.228006,51.605759,10789.92],[12.14405,51.571655,10629.9]]},"properties":{"name":"P-159","description":{"@type":"html","value":"<div><div><span><b>Altitude:</b></span> <span>35,400 ft - 34,875 ft</span></div>\n<div><span><b>Speed:</b></span> <span>432 kt - 435 kt</span></div>\n<div><span><b>Timestamp:</b></span><br/><span>2026-05-18 05:19:01 UTC<br/>2026-05-18 05:19:32 UTC</span></div>\n</div>"},"stroke-opacity":1,"stroke":"#ff0078","stroke-width":2}},{"type":"Feature","geometry":{"type":"LineString","coordinates":[[12.14405,51.571655,10629.9],[12.060699,51.537472,10424.16]]},"properties":{"name":"P-160","description":{"@type":"html","value":"<div><div><span><b>Altitude:</b></span> <span>34,875 ft - 34,200 ft</span></div>\n<div><span><b>Speed:</b></span> <span>435 kt - 429 kt</span></div>\n<div><span><b>Timestamp:</b></span><br/><span>2026-05-18 05:19:32 UTC<br/>2026-05-18 05:20:03 UTC</span></div>\n</div>"},"stroke-opacity":1,"stroke":"#ff0078","stroke-width":2}},{"type":"Feature","geometry":{"type":"LineString","coordinates":[[12.060699,51.537472,10424.16],[11.980665,51.504822,10195.56]]},"properties":{"name":"P-161","description":{"@type":"html","value":"<div><div><span><b>Altitude:</b></span> <span>34,200 ft - 33,450 ft</span></div>\n<div><span><b>Speed:</b></span> <span>429 kt - 414 kt</span></div>\n<div><span><b>Timestamp:</b></span><br/><span>2026-05-18 05:20:03 UTC<br/>2026-05-18 05:20:34 UTC</span></div>\n</div>"},"stroke-opacity":1,"stroke":"#ff0060","stroke-width":2}},{"type":"Feature","geometry":{"type":"LineString","coordinates":[[11.980665,51.504822,10195.56],[11.898935,51.471451,9944.1]]},"properties":{"name":"P-162","description":{"@type":"html","value":"<div><div><span><b>Altitude:</b></span> <span>33,450 ft - 32,625 ft</span></div>\n<div><span><b>Speed:</b></span> <span>414 kt - 404 kt</span></div>\n<div><span><b>Timestamp:</b></span><br/><span>2026-05-18 05:20:34 UTC<br/>2026-05-18 05:21:07 UTC</span></div>\n</div>"},"stroke-opacity":1,"stroke":"#ff0060","stroke-width":2}},{"type":"Feature","geometry":{"type":"LineString","coordinates":[[11.898935,51.471451,9944.1],[11.820695,51.43927,9692.64]]},"properties":{"name":"P-163","description":{"@type":"html","value":"<div><div><span><b>Altitude:</b></span> <span>32,625 ft - 31,800 ft</span></div>\n<div><span><b>Speed:</b></span> <span>404 kt - 406 kt</span></div>\n<div><span><b>Timestamp:</b></span><br/><span>2026-05-18 05:21:07 UTC<br/>2026-05-18 05:21:38 UTC</span></div>\n</div>"},"stroke-opacity":1,"stroke":"#ff004e","stroke-width":2}},{"type":"Feature","geometry":{"type":"LineString","coordinates":[[11.820695,51.43927,9692.64],[11.741638,51.40638,9433.56]]},"properties":{"name":"P-164","description":{"@type":"html","value":"<div><div><span><b>Altitude:</b></span> <span>31,800 ft - 30,950 ft</span></div>\n<div><span><b>Speed:</b></span> <span>406 kt - 411 kt</span></div>\n<div><span><b>Timestamp:</b></span><br/><span>2026-05-18 05:21:38 UTC<br/>2026-05-18 05:22:09 UTC</span></div>\n</div>"},"stroke-opacity":1,"stroke":"#ff004e","stroke-width":2}},{"type":"Feature","geometry":{"type":"LineString","coordinates":[[11.741638,51.40638,9433.56],[11.659835,51.372574,9166.86]]},"properties":{"name":"P-165","description":{"@type":"html","value":"<div><div><span><b>Altitude:</b></span> <span>30,950 ft - 30,075 ft</span></div>\n<div><span><b>Speed:</b></span> <span>411 kt - 407 kt</span></div>\n<div><span><b>Timestamp:</b></span><br/><span>2026-05-18 05:22:09 UTC<br/>2026-05-18 05:22:41 UTC</span></div>\n</div>"},"stroke-opacity":1,"stroke":"#ff0036","stroke-width":2}},{"type":"Feature","geometry":{"type":"LineString","coordinates":[[11.659835,51.372574,9166.86],[11.580332,51.339569,8915.4]]},"properties":{"name":"P-166","description":{"@type":"html","value":"<div><div><span><b>Altitude:</b></span> <span>30,075 ft - 29,250 ft</span></div>\n<div><span><b>Speed:</b></span> <span>407 kt - 403 kt</span></div>\n<div><span><b>Timestamp:</b></span><br/><span>2026-05-18 05:22:41 UTC<br/>2026-05-18 05:23:13 UTC</span></div>\n</div>"},"stroke-opacity":1,"stroke":"#ff0036","stroke-width":2}},{"type":"Feature","geometry":{"type":"LineString","coordinates":[[11.580332,51.339569,8915.4],[11.503725,51.307663,8663.94]]},"properties":{"name":"P-167","description":{"@type":"html","value":"<div><div><span><b>Altitude:</b></span> <span>29,250 ft - 28,425 ft</span></div>\n<div><span><b>Speed:</b></span> <span>403 kt - 394 kt</span></div>\n<div><span><b>Timestamp:</b></span><br/><span>2026-05-18 05:23:13 UTC<br/>2026-05-18 05:23:45 UTC</span></div>\n</div>"},"stroke-opacity":1,"stroke":"#ff0024","stroke-width":2}},{"type":"Feature","geometry":{"type":"LineString","coordinates":[[11.503725,51.307663,8663.94],[11.426969,51.275436,8404.86]]},"properties":{"name":"P-168","description":{"@type":"html","value":"<div><div><span><b>Altitude:</b></span> <span>28,425 ft - 27,575 ft</span></div>\n<div><span><b>Speed:</b></span> <span>394 kt - 385 kt</span></div>\n<div><span><b>Timestamp:</b></span><br/><span>2026-05-18 05:23:45 UTC<br/>2026-05-18 05:24:17 UTC</span></div>\n</div>"},"stroke-opacity":1,"stroke":"#ff0024","stroke-width":2}},{"type":"Feature","geometry":{"type":"LineString","coordinates":[[11.426969,51.275436,8404.86],[11.352615,51.244331,8145.78]]},"properties":{"name":"P-169","description":{"@type":"html","value":"<div><div><span><b>Altitude:</b></span> <span>27,575 ft - 26,725 ft</span></div>\n<div><span><b>Speed:</b></span> <span>385 kt - 380 kt</span></div>\n<div><span><b>Timestamp:</b></span><br/><span>2026-05-18 05:24:17 UTC<br/>2026-05-18 05:24:49 UTC</span></div>\n</div>"},"stroke-opacity":1,"stroke":"#ff0000","stroke-width":2}},{"type":"Feature","geometry":{"type":"LineString","coordinates":[[11.352615,51.244331,8145.78],[11.276627,51.212349,7879.08]]},"properties":{"name":"P-170","description":{"@type":"html","value":"<div><div><span><b>Altitude:</b></span> <span>26,725 ft - 25,850 ft</span></div>\n<div><span><b>Speed:</b></span> <span>380 kt - 379 kt</span></div>\n<div><span><b>Timestamp:</b></span><br/><span>2026-05-18 05:24:49 UTC<br/>2026-05-18 05:25:21 UTC</span></div>\n</div>"},"stroke-opacity":1,"stroke":"#ff0000","stroke-width":2}},{"type":"Feature","geometry":{"type":"LineString","coordinates":[[11.276627,51.212349,7879.08],[11.204758,51.182045,7627.62]]},"properties":{"name":"P-171","description":{"@type":"html","value":"<div><div><span><b>Altitude:</b></span> <span>25,850 ft - 25,025 ft</span></div>\n<div><span><b>Speed:</b></span> <span>379 kt - 376 kt</span></div>\n<div><span><b>Timestamp:</b></span><br/><span>2026-05-18 05:25:21 UTC<br/>2026-05-18 05:25:53 UTC</span></div>\n</div>"},"stroke-opacity":1,"stroke":"#ff0000","stroke-width":2}},{"type":"Feature","geometry":{"type":"LineString","coordinates":[[11.204758,51.182045,7627.62],[11.131674,51.151199,7368.54]]},"properties":{"name":"P-172","description":{"@type":"html","value":"<div><div><span><b>Altitude:</b></span> <span>25,025 ft - 24,175 ft</span></div>\n<div><span><b>Speed:</b></span> <span>376 kt - 372 kt</span></div>\n<div><span><b>Timestamp:</b></span><br/><span>2026-05-18 05:25:53 UTC<br/>2026-05-18 05:26:24 UTC</span></div>\n</div>"},"stroke-opacity":1,"stroke":"#ff0000","stroke-width":2}},{"type":"Feature","geometry":{"type":"LineString","coordinates":[[11.131674,51.151199,7368.54],[11.059001,51.120346,7101.84]]},"properties":{"name":"P-173","description":{"@type":"html","value":"<div><div><span><b>Altitude:</b></span> <span>24,175 ft - 23,300 ft</span></div>\n<div><span><b>Speed:</b></span> <span>372 kt - 368 kt</span></div>\n<div><span><b>Timestamp:</b></span><br/><span>2026-05-18 05:26:24 UTC<br/>2026-05-18 05:26:57 UTC</span></div>\n</div>"},"stroke-opacity":1,"stroke":"#ff1e00","stroke-width":2}},{"type":"Feature","geometry":{"type":"LineString","coordinates":[[11.059001,51.120346,7101.84],[10.988184,51.090225,6842.76]]},"properties":{"name":"P-174","description":{"@type":"html","value":"<div><div><span><b>Altitude:</b></span> <span>23,300 ft - 22,450 ft</span></div>\n<div><span><b>Speed:</b></span> <span>368 kt - 362 kt</span></div>\n<div><span><b>Timestamp:</b></span><br/><span>2026-05-18 05:26:57 UTC<br/>2026-05-18 05:27:29 UTC</span></div>\n</div>"},"stroke-opacity":1,"stroke":"#ff1e00","stroke-width":2}},{"type":"Feature","geometry":{"type":"LineString","coordinates":[[10.988184,51.090225,6842.76],[10.919296,51.060837,6713.22]]},"properties":{"name":"P-175","description":{"@type":"html","value":"<div><div><span><b>Altitude:</b></span> <span>22,450 ft - 22,025 ft</span></div>\n<div><span><b>Speed:</b></span> <span>362 kt - 357 kt</span></div>\n<div><span><b>Timestamp:</b></span><br/><span>2026-05-18 05:27:29 UTC<br/>2026-05-18 05:28:00 UTC</span></div>\n</div>"},"stroke-opacity":1,"stroke":"#ff3000","stroke-width":2}},{"type":"Feature","geometry":{"type":"LineString","coordinates":[[10.919296,51.060837,6713.22],[10.850632,51.031494,6705.6]]},"properties":{"name":"P-176","description":{"@type":"html","value":"<div><div><span><b>Altitude:</b></span> <span>22,025 ft - 22,000 ft</span></div>\n<div><span><b>Speed:</b></span> <span>357 kt - 360 kt</span></div>\n<div><span><b>Timestamp:</b></span><br/><span>2026-05-18 05:28:00 UTC<br/>2026-05-18 05:28:32 UTC</span></div>\n</div>"},"stroke-opacity":1,"stroke":"#ff3000","stroke-width":2}},{"type":"Feature","geometry":{"type":"LineString","coordinates":[[10.850632,51.031494,6705.6],[10.779266,51.002121,6606.54]]},"properties":{"name":"P-177","description":{"@type":"html","value":"<div><div><span><b>Altitude:</b></span> <span>22,000 ft - 21,675 ft</span></div>\n<div><span><b>Speed:</b></span> <span>360 kt - 362 kt</span></div>\n<div><span><b>Timestamp:</b></span><br/><span>2026-05-18 05:28:32 UTC<br/>2026-05-18 05:29:04 UTC</span></div>\n</div>"},"stroke-opacity":1,"stroke":"#ff3000","stroke-width":2}},{"type":"Feature","geometry":{"type":"LineString","coordinates":[[10.779266,51.002121,6606.54],[10.704803,50.974236,6438.9]]},"properties":{"name":"P-178","description":{"@type":"html","value":"<div><div><span><b>Altitude:</b></span> <span>21,675 ft - 21,125 ft</span></div>\n<div><span><b>Speed:</b></span> <span>362 kt - 380 kt</span></div>\n<div><span><b>Timestamp:</b></span><br/><span>2026-05-18 05:29:04 UTC<br/>2026-05-18 05:29:36 UTC</span></div>\n</div>"},"stroke-opacity":1,"stroke":"#ff3000","stroke-width":2}},{"type":"Feature","geometry":{"type":"LineString","coordinates":[[10.704803,50.974236,6438.9],[10.628011,50.945206,6278.88]]},"properties":{"name":"P-179","description":{"@type":"html","value":"<div><div><span><b>Altitude:</b></span> <span>21,125 ft - 20,600 ft</span></div>\n<div><span><b>Speed:</b></span> <span>380 kt - 382 kt</span></div>\n<div><span><b>Timestamp:</b></span><br/><span>2026-05-18 05:29:36 UTC<br/>2026-05-18 05:30:09 UTC</span></div>\n</div>"},"stroke-opacity":1,"stroke":"#ff5400","stroke-width":2}},{"type":"Feature","geometry":{"type":"LineString","coordinates":[[10.628011,50.945206,6278.88],[10.550216,50.915955,6118.86]]},"properties":{"name":"P-180","description":{"@type":"html","value":"<div><div><span><b>Altitude:</b></span> <span>20,600 ft - 20,075 ft</span></div>\n<div><span><b>Speed:</b></span> <span>382 kt - 374 kt</span></div>\n<div><span><b>Timestamp:</b></span><br/><span>2026-05-18 05:30:09 UTC<br/>2026-05-18 05:30:41 UTC</span></div>\n</div>"},"stroke-opacity":1,"stroke":"#ff5400","stroke-width":2}},{"type":"Feature","geometry":{"type":"LineString","coordinates":[[10.550216,50.915955,6118.86],[10.474573,50.887299,6035.04]]},"properties":{"name":"P-181","description":{"@type":"html","value":"<div><div><span><b>Altitude:</b></span> <span>20,075 ft - 19,800 ft</span></div>\n<div><span><b>Speed:</b></span> <span>374 kt - 373 kt</span></div>\n<div><span><b>Timestamp:</b></span><br/><span>2026-05-18 05:30:41 UTC<br/>2026-05-18 05:31:13 UTC</span></div>\n</div>"},"stroke-opacity":1,"stroke":"#ff5400","stroke-width":2}},{"type":"Feature","geometry":{"type":"LineString","coordinates":[[10.474573,50.887299,6035.04],[10.400935,50.859375,5775.96]]},"properties":{"name":"P-182","description":{"@type":"html","value":"<div><div><span><b>Altitude:</b></span> <span>19,800 ft - 18,950 ft</span></div>\n<div><span><b>Speed:</b></span> <span>373 kt - 365 kt</span></div>\n<div><span><b>Timestamp:</b></span><br/><span>2026-05-18 05:31:13 UTC<br/>2026-05-18 05:31:45 UTC</span></div>\n</div>"},"stroke-opacity":1,"stroke":"#ff5400","stroke-width":2}},{"type":"Feature","geometry":{"type":"LineString","coordinates":[[10.400935,50.859375,5775.96],[10.327445,50.831497,5516.88]]},"properties":{"name":"P-183","description":{"@type":"html","value":"<div><div><span><b>Altitude:</b></span> <span>18,950 ft - 18,100 ft</span></div>\n<div><span><b>Speed:</b></span> <span>365 kt - 362 kt</span></div>\n<div><span><b>Timestamp:</b></span><br/><span>2026-05-18 05:31:45 UTC<br/>2026-05-18 05:32:18 UTC</span></div>\n</div>"},"stroke-opacity":1,"stroke":"#ff7800","stroke-width":2}},{"type":"Feature","geometry":{"type":"LineString","coordinates":[[10.327445,50.831497,5516.88],[10.254135,50.803669,5250.18]]},"properties":{"name":"P-184","description":{"@type":"html","value":"<div><div><span><b>Altitude:</b></span> <span>18,100 ft - 17,225 ft</span></div>\n<div><span><b>Speed:</b></span> <span>362 kt - 360 kt</span></div>\n<div><span><b>Timestamp:</b></span><br/><span>2026-05-18 05:32:18 UTC<br/>2026-05-18 05:32:50 UTC</span></div>\n</div>"},"stroke-opacity":1,"stroke":"#ff7800","stroke-width":2}},{"type":"Feature","geometry":{"type":"LineString","coordinates":[[10.254135,50.803669,5250.18],[10.182174,50.775879,4991.1]]},"properties":{"name":"P-185","description":{"@type":"html","value":"<div><div><span><b>Altitude:</b></span> <span>17,225 ft - 16,375 ft</span></div>\n<div><span><b>Speed:</b></span> <span>360 kt - 354 kt</span></div>\n<div><span><b>Timestamp:</b></span><br/><span>2026-05-18 05:32:50 UTC<br/>2026-05-18 05:33:22 UTC</span></div>\n</div>"},"stroke-opacity":1,"stroke":"#ff9600","stroke-width":2}},{"type":"Feature","geometry":{"type":"LineString","coordinates":[[10.182174,50.775879,4991.1],[10.112,50.74892,4739.64]]},"properties":{"name":"P-186","description":{"@type":"html","value":"<div><div><span><b>Altitude:</b></span> <span>16,375 ft - 15,550 ft</span></div>\n<div><span><b>Speed:</b></span> <span>354 kt - 346 kt</span></div>\n<div><span><b>Timestamp:</b></span><br/><span>2026-05-18 05:33:22 UTC<br/>2026-05-18 05:33:54 UTC</span></div>\n</div>"},"stroke-opacity":1,"stroke":"#ffa800","stroke-width":2}},{"type":"Feature","geometry":{"type":"LineString","coordinates":[[10.112,50.74892,4739.64],[10.047379,50.724018,4564.38]]},"properties":{"name":"P-187","description":{"@type":"html","value":"<div><div><span><b>Altitude:</b></span> <span>15,550 ft - 14,975 ft</span></div>\n<div><span><b>Speed:</b></span> <span>346 kt - 342 kt</span></div>\n<div><span><b>Timestamp:</b></span><br/><span>2026-05-18 05:33:54 UTC<br/>2026-05-18 05:34:25 UTC</span></div>\n</div>"},"stroke-opacity":1,"stroke":"#ffa800","stroke-width":2}},{"type":"Feature","geometry":{"type":"LineString","coordinates":[[10.047379,50.724018,4564.38],[9.979401,50.697807,4389.12]]},"properties":{"name":"P-188","description":{"@type":"html","value":"<div><div><span><b>Altitude:</b></span> <span>14,975 ft - 14,400 ft</span></div>\n<div><span><b>Speed:</b></span> <span>342 kt - 341 kt</span></div>\n<div><span><b>Timestamp:</b></span><br/><span>2026-05-18 05:34:25 UTC<br/>2026-05-18 05:34:57 UTC</span></div>\n</div>"},"stroke-opacity":1,"stroke":"#ffa800","stroke-width":2}},{"type":"Feature","geometry":{"type":"LineString","coordinates":[[9.979401,50.697807,4389.12],[9.908628,50.670528,4198.62]]},"properties":{"name":"P-189","description":{"@type":"html","value":"<div><div><span><b>Altitude:</b></span> <span>14,400 ft - 13,775 ft</span></div>\n<div><span><b>Speed:</b></span> <span>341 kt - 340 kt</span></div>\n<div><span><b>Timestamp:</b></span><br/><span>2026-05-18 05:34:57 UTC<br/>2026-05-18 05:35:30 UTC</span></div>\n</div>"},"stroke-opacity":1,"stroke":"#ffc000","stroke-width":2}},{"type":"Feature","geometry":{"type":"LineString","coordinates":[[9.908628,50.670528,4198.62],[9.84078,50.64418,4023.36]]},"properties":{"name":"P-190","description":{"@type":"html","value":"<div><div><span><b>Altitude:</b></span> <span>13,775 ft - 13,200 ft</span></div>\n<div><span><b>Speed:</b></span> <span>340 kt - 335 kt</span></div>\n<div><span><b>Timestamp:</b></span><br/><span>2026-05-18 05:35:30 UTC<br/>2026-05-18 05:36:02 UTC</span></div>\n</div>"},"stroke-opacity":1,"stroke":"#ffc000","stroke-width":2}},{"type":"Feature","geometry":{"type":"LineString","coordinates":[[9.84078,50.64418,4023.36],[9.777543,50.619644,3848.1]]},"properties":{"name":"P-191","description":{"@type":"html","value":"<div><div><span><b>Altitude:</b></span> <span>13,200 ft - 12,625 ft</span></div>\n<div><span><b>Speed:</b></span> <span>335 kt - 333 kt</span></div>\n<div><span><b>Timestamp:</b></span><br/><span>2026-05-18 05:36:02 UTC<br/>2026-05-18 05:36:33 UTC</span></div>\n</div>"},"stroke-opacity":1,"stroke":"#ffc000","stroke-width":2}},{"type":"Feature","geometry":{"type":"LineString","coordinates":[[9.777543,50.619644,3848.1],[9.710652,50.593533,3672.84]]},"properties":{"name":"P-192","description":{"@type":"html","value":"<div><div><span><b>Altitude:</b></span> <span>12,625 ft - 12,050 ft</span></div>\n<div><span><b>Speed:</b></span> <span>333 kt - 330 kt</span></div>\n<div><span><b>Timestamp:</b></span><br/><span>2026-05-18 05:36:33 UTC<br/>2026-05-18 05:37:06 UTC</span></div>\n</div>"},"stroke-opacity":1,"stroke":"#ffea00","stroke-width":2}},{"type":"Feature","geometry":{"type":"LineString","coordinates":[[9.710652,50.593533,3672.84],[9.644215,50.567696,3489.96]]},"properties":{"name":"P-193","description":{"@type":"html","value":"<div><div><span><b>Altitude:</b></span> <span>12,050 ft - 11,450 ft</span></div>\n<div><span><b>Speed:</b></span> <span>330 kt - 329 kt</span></div>\n<div><span><b>Timestamp:</b></span><br/><span>2026-05-18 05:37:06 UTC<br/>2026-05-18 05:37:38 UTC</span></div>\n</div>"},"stroke-opacity":1,"stroke":"#ffea00","stroke-width":2}},{"type":"Feature","geometry":{"type":"LineString","coordinates":[[9.644215,50.567696,3489.96],[9.617936,50.557312,3413.76]]},"properties":{"name":"P-194","description":{"@type":"html","value":"<div><div><span><b>Altitude:</b></span> <span>11,450 ft - 11,200 ft</span></div>\n<div><span><b>Speed:</b></span> <span>329 kt</span></div>\n<div><span><b>Timestamp:</b></span><br/><span>2026-05-18 05:37:38 UTC<br/>2026-05-18 05:37:51 UTC</span></div>\n</div>"},"stroke-opacity":1,"stroke":"#e4ff00","stroke-width":2}},{"type":"Feature","geometry":{"type":"LineString","coordinates":[[9.617936,50.557312,3413.76],[9.590768,50.546604,3360.42]]},"properties":{"name":"P-195","description":{"@type":"html","value":"<div><div><span><b>Altitude:</b></span> <span>11,200 ft - 11,025 ft</span></div>\n<div><span><b>Speed:</b></span> <span>329 kt - 328 kt</span></div>\n<div><span><b>Timestamp:</b></span><br/><span>2026-05-18 05:37:51 UTC<br/>2026-05-18 05:38:04 UTC</span></div>\n</div>"},"stroke-opacity":1,"stroke":"#e4ff00","stroke-width":2}},{"type":"Feature","geometry":{"type":"LineString","coordinates":[[9.590768,50.546604,3360.42],[9.56461,50.536377,3352.8]]},"properties":{"name":"P-196","description":{"@type":"html","value":"<div><div><span><b>Altitude:</b></span> <span>11,025 ft - 11,000 ft</span></div>\n<div><span><b>Speed:</b></span> <span>328 kt</span></div>\n<div><span><b>Timestamp:</b></span><br/><span>2026-05-18 05:38:04 UTC<br/>2026-05-18 05:38:17 UTC</span></div>\n</div>"},"stroke-opacity":1,"stroke":"#e4ff00","stroke-width":2}},{"type":"Feature","geometry":{"type":"LineString","coordinates":[[9.56461,50.536377,3352.8],[9.53729,50.525711,3352.8]]},"properties":{"name":"P-197","description":{"@type":"html","value":"<div><div><span><b>Altitude:</b></span> <span>11,000 ft</span></div>\n<div><span><b>Speed:</b></span> <span>328 kt - 329 kt</span></div>\n<div><span><b>Timestamp:</b></span><br/><span>2026-05-18 05:38:17 UTC<br/>2026-05-18 05:38:31 UTC</span></div>\n</div>"},"stroke-opacity":1,"stroke":"#e4ff00","stroke-width":2}},{"type":"Feature","geometry":{"type":"LineString","coordinates":[[9.53729,50.525711,3352.8],[9.511117,50.515415,3352.8]]},"properties":{"name":"P-198","description":{"@type":"html","value":"<div><div><span><b>Altitude:</b></span> <span>11,000 ft</span></div>\n<div><span><b>Speed:</b></span> <span>329 kt - 328 kt</span></div>\n<div><span><b>Timestamp:</b></span><br/><span>2026-05-18 05:38:31 UTC<br/>2026-05-18 05:38:43 UTC</span></div>\n</div>"},"stroke-opacity":1,"stroke":"#e4ff00","stroke-width":2}},{"type":"Feature","geometry":{"type":"LineString","coordinates":[[9.511117,50.515415,3352.8],[9.484987,50.505173,3352.8]]},"properties":{"name":"P-199","description":{"@type":"html","value":"<div><div><span><b>Altitude:</b></span> <span>11,000 ft</span></div>\n<div><span><b>Speed:</b></span> <span>328 kt</span></div>\n<div><span><b>Timestamp:</b></span><br/><span>2026-05-18 05:38:43 UTC<br/>2026-05-18 05:38:56 UTC</span></div>\n</div>"},"stroke-opacity":1,"stroke":"#e4ff00","stroke-width":2}},{"type":"Feature","geometry":{"type":"LineString","coordinates":[[9.484987,50.505173,3352.8],[9.459377,50.495071,3352.8]]},"properties":{"name":"P-200","description":{"@type":"html","value":"<div><div><span><b>Altitude:</b></span> <span>11,000 ft</span></div>\n<div><span><b>Speed:</b></span> <span>328 kt - 326 kt</span></div>\n<div><span><b>Timestamp:</b></span><br/><span>2026-05-18 05:38:56 UTC<br/>2026-05-18 05:39:09 UTC</span></div>\n</div>"},"stroke-opacity":1,"stroke":"#e4ff00","stroke-width":2}},{"type":"Feature","geometry":{"type":"LineString","coordinates":[[9.459377,50.495071,3352.8],[9.431185,50.481857,3345.18]]},"properties":{"name":"P-201","description":{"@type":"html","value":"<div><div><span><b>Altitude:</b></span> <span>11,000 ft - 10,975 ft</span></div>\n<div><span><b>Speed:</b></span> <span>326 kt - 327 kt</span></div>\n<div><span><b>Timestamp:</b></span><br/><span>2026-05-18 05:39:09 UTC<br/>2026-05-18 05:39:24 UTC</span></div>\n</div>"},"stroke-opacity":1,"stroke":"#e4ff00","stroke-width":2}},{"type":"Feature","geometry":{"type":"LineString","coordinates":[[9.431185,50.481857,3345.18],[9.427788,50.479523,3345.18]]},"properties":{"name":"P-202","description":{"@type":"html","value":"<div><div><span><b>Altitude:</b></span> <span>10,975 ft</span></div>\n<div><span><b>Speed:</b></span> <span>327 kt - 326 kt</span></div>\n<div><span><b>Timestamp:</b></span><br/><span>2026-05-18 05:39:24 UTC<br/>2026-05-18 05:39:26 UTC</span></div>\n</div>"},"stroke-opacity":1,"stroke":"#e4ff00","stroke-width":2}},{"type":"Feature","geometry":{"type":"LineString","coordinates":[[9.427788,50.479523,3345.18],[9.424933,50.477291,3345.18]]},"properties":{"name":"P-203","description":{"@type":"html","value":"<div><div><span><b>Altitude:</b></span> <span>10,975 ft</span></div>\n<div><span><b>Speed:</b></span> <span>326 kt - 325 kt</span></div>\n<div><span><b>Timestamp:</b></span><br/><span>2026-05-18 05:39:26 UTC<br/>2026-05-18 05:39:28 UTC</span></div>\n</div>"},"stroke-opacity":1,"stroke":"#e4ff00","stroke-width":2}},{"type":"Feature","geometry":{"type":"LineString","coordinates":[[9.424933,50.477291,3345.18],[9.421354,50.474121,3352.8]]},"properties":{"name":"P-204","description":{"@type":"html","value":"<div><div><span><b>Altitude:</b></span> <span>10,975 ft - 11,000 ft</span></div>\n<div><span><b>Speed:</b></span> <span>325 kt</span></div>\n<div><span><b>Timestamp:</b></span><br/><span>2026-05-18 05:39:28 UTC<br/>2026-05-18 05:39:30 UTC</span></div>\n</div>"},"stroke-opacity":1,"stroke":"#e4ff00","stroke-width":2}},{"type":"Feature","geometry":{"type":"LineString","coordinates":[[9.421354,50.474121,3352.8],[9.418995,50.471703,3352.8]]},"properties":{"name":"P-205","description":{"@type":"html","value":"<div><div><span><b>Altitude:</b></span> <span>11,000 ft</span></div>\n<div><span><b>Speed:</b></span> <span>325 kt</span></div>\n<div><span><b>Timestamp:</b></span><br/><span>2026-05-18 05:39:30 UTC<br/>2026-05-18 05:39:32 UTC</span></div>\n</div>"},"stroke-opacity":1,"stroke":"#e4ff00","stroke-width":2}},{"type":"Feature","geometry":{"type":"LineString","coordinates":[[9.418995,50.471703,3352.8],[9.416248,50.468723,3352.8]]},"properties":{"name":"P-206","description":{"@type":"html","value":"<div><div><span><b>Altitude:</b></span> <span>11,000 ft</span></div>\n<div><span><b>Speed:</b></span> <span>325 kt</span></div>\n<div><span><b>Timestamp:</b></span><br/><span>2026-05-18 05:39:32 UTC<br/>2026-05-18 05:39:35 UTC</span></div>\n</div>"},"stroke-opacity":1,"stroke":"#e4ff00","stroke-width":2}},{"type":"Feature","geometry":{"type":"LineString","coordinates":[[9.416248,50.468723,3352.8],[9.414096,50.466022,3352.8]]},"properties":{"name":"P-207","description":{"@type":"html","value":"<div><div><span><b>Altitude:</b></span> <span>11,000 ft</span></div>\n<div><span><b>Speed:</b></span> <span>325 kt - 326 kt</span></div>\n<div><span><b>Timestamp:</b></span><br/><span>2026-05-18 05:39:35 UTC<br/>2026-05-18 05:39:37 UTC</span></div>\n</div>"},"stroke-opacity":1,"stroke":"#e4ff00","stroke-width":2}},{"type":"Feature","geometry":{"type":"LineString","coordinates":[[9.414096,50.466022,3352.8],[9.41172,50.462906,3352.8]]},"properties":{"name":"P-208","description":{"@type":"html","value":"<div><div><span><b>Altitude:</b></span> <span>11,000 ft</span></div>\n<div><span><b>Speed:</b></span> <span>326 kt</span></div>\n<div><span><b>Timestamp:</b></span><br/><span>2026-05-18 05:39:37 UTC<br/>2026-05-18 05:39:39 UTC</span></div>\n</div>"},"stroke-opacity":1,"stroke":"#e4ff00","stroke-width":2}},{"type":"Feature","geometry":{"type":"LineString","coordinates":[[9.41172,50.462906,3352.8],[9.409935,50.460297,3360.42]]},"properties":{"name":"P-209","description":{"@type":"html","value":"<div><div><span><b>Altitude:</b></span> <span>11,000 ft - 11,025 ft</span></div>\n<div><span><b>Speed:</b></span> <span>326 kt</span></div>\n<div><span><b>Timestamp:</b></span><br/><span>2026-05-18 05:39:39 UTC<br/>2026-05-18 05:39:41 UTC</span></div>\n</div>"},"stroke-opacity":1,"stroke":"#e4ff00","stroke-width":2}},{"type":"Feature","geometry":{"type":"LineString","coordinates":[[9.409935,50.460297,3360.42],[9.40755,50.456818,3360.42]]},"properties":{"name":"P-210","description":{"@type":"html","value":"<div><div><span><b>Altitude:</b></span> <span>11,025 ft</span></div>\n<div><span><b>Speed:</b></span> <span>326 kt - 325 kt</span></div>\n<div><span><b>Timestamp:</b></span><br/><span>2026-05-18 05:39:41 UTC<br/>2026-05-18 05:39:43 UTC</span></div>\n</div>"},"stroke-opacity":1,"stroke":"#e4ff00","stroke-width":2}},{"type":"Feature","geometry":{"type":"LineString","coordinates":[[9.40755,50.456818,3360.42],[9.405598,50.453934,3352.8]]},"properties":{"name":"P-211","description":{"@type":"html","value":"<div><div><span><b>Altitude:</b></span> <span>11,025 ft - 11,000 ft</span></div>\n<div><span><b>Speed:</b></span> <span>325 kt - 326 kt</span></div>\n<div><span><b>Timestamp:</b></span><br/><span>2026-05-18 05:39:43 UTC<br/>2026-05-18 05:39:45 UTC</span></div>\n</div>"},"stroke-opacity":1,"stroke":"#e4ff00","stroke-width":2}},{"type":"Feature","geometry":{"type":"LineString","coordinates":[[9.405598,50.453934,3352.8],[9.40379,50.451141,3352.8]]},"properties":{"name":"P-212","description":{"@type":"html","value":"<div><div><span><b>Altitude:</b></span> <span>11,000 ft</span></div>\n<div><span><b>Speed:</b></span> <span>326 kt</span></div>\n<div><span><b>Timestamp:</b></span><br/><span>2026-05-18 05:39:45 UTC<br/>2026-05-18 05:39:47 UTC</span></div>\n</div>"},"stroke-opacity":1,"stroke":"#e4ff00","stroke-width":2}},{"type":"Feature","geometry":{"type":"LineString","coordinates":[[9.40379,50.451141,3352.8],[9.401996,50.448334,3352.8]]},"properties":{"name":"P-213","description":{"@type":"html","value":"<div><div><span><b>Altitude:</b></span> <span>11,000 ft</span></div>\n<div><span><b>Speed:</b></span> <span>326 kt</span></div>\n<div><span><b>Timestamp:</b></span><br/><span>2026-05-18 05:39:47 UTC<br/>2026-05-18 05:39:49 UTC</span></div>\n</div>"},"stroke-opacity":1,"stroke":"#e4ff00","stroke-width":2}},{"type":"Feature","geometry":{"type":"LineString","coordinates":[[9.401996,50.448334,3352.8],[9.399991,50.445263,3360.42]]},"properties":{"name":"P-214","description":{"@type":"html","value":"<div><div><span><b>Altitude:</b></span> <span>11,000 ft - 11,025 ft</span></div>\n<div><span><b>Speed:</b></span> <span>326 kt</span></div>\n<div><span><b>Timestamp:</b></span><br/><span>2026-05-18 05:39:49 UTC<br/>2026-05-18 05:39:52 UTC</span></div>\n</div>"},"stroke-opacity":1,"stroke":"#e4ff00","stroke-width":2}},{"type":"Feature","geometry":{"type":"LineString","coordinates":[[9.399991,50.445263,3360.42],[9.398153,50.44249,3352.8]]},"properties":{"name":"P-215","description":{"@type":"html","value":"<div><div><span><b>Altitude:</b></span> <span>11,025 ft - 11,000 ft</span></div>\n<div><span><b>Speed:</b></span> <span>326 kt</span></div>\n<div><span><b>Timestamp:</b></span><br/><span>2026-05-18 05:39:52 UTC<br/>2026-05-18 05:39:54 UTC</span></div>\n</div>"},"stroke-opacity":1,"stroke":"#e4ff00","stroke-width":2}},{"type":"Feature","geometry":{"type":"LineString","coordinates":[[9.398153,50.44249,3352.8],[9.395761,50.438698,3352.8]]},"properties":{"name":"P-216","description":{"@type":"html","value":"<div><div><span><b>Altitude:</b></span> <span>11,000 ft</span></div>\n<div><span><b>Speed:</b></span> <span>326 kt - 327 kt</span></div>\n<div><span><b>Timestamp:</b></span><br/><span>2026-05-18 05:39:54 UTC<br/>2026-05-18 05:39:56 UTC</span></div>\n</div>"},"stroke-opacity":1,"stroke":"#e4ff00","stroke-width":2}},{"type":"Feature","geometry":{"type":"LineString","coordinates":[[9.395761,50.438698,3352.8],[9.394424,50.436604,3352.8]]},"properties":{"name":"P-217","description":{"@type":"html","value":"<div><div><span><b>Altitude:</b></span> <span>11,000 ft</span></div>\n<div><span><b>Speed:</b></span> <span>327 kt - 328 kt</span></div>\n<div><span><b>Timestamp:</b></span><br/><span>2026-05-18 05:39:56 UTC<br/>2026-05-18 05:39:58 UTC</span></div>\n</div>"},"stroke-opacity":1,"stroke":"#e4ff00","stroke-width":2}},{"type":"Feature","geometry":{"type":"LineString","coordinates":[[9.394424,50.436604,3352.8],[9.392123,50.433064,3352.8]]},"properties":{"name":"P-218","description":{"@type":"html","value":"<div><div><span><b>Altitude:</b></span> <span>11,000 ft</span></div>\n<div><span><b>Speed:</b></span> <span>328 kt</span></div>\n<div><span><b>Timestamp:</b></span><br/><span>2026-05-18 05:39:58 UTC<br/>2026-05-18 05:40:00 UTC</span></div>\n</div>"},"stroke-opacity":1,"stroke":"#e4ff00","stroke-width":2}},{"type":"Feature","geometry":{"type":"LineString","coordinates":[[9.392123,50.433064,3352.8],[9.390341,50.430271,3352.8]]},"properties":{"name":"P-219","description":{"@type":"html","value":"<div><div><span><b>Altitude:</b></span> <span>11,000 ft</span></div>\n<div><span><b>Speed:</b></span> <span>328 kt - 329 kt</span></div>\n<div><span><b>Timestamp:</b></span><br/><span>2026-05-18 05:40:00 UTC<br/>2026-05-18 05:40:02 UTC</span></div>\n</div>"},"stroke-opacity":1,"stroke":"#e4ff00","stroke-width":2}},{"type":"Feature","geometry":{"type":"LineString","coordinates":[[9.390341,50.430271,3352.8],[9.379,50.412552,3345.18]]},"properties":{"name":"P-220","description":{"@type":"html","value":"<div><div><span><b>Altitude:</b></span> <span>11,000 ft - 10,975 ft</span></div>\n<div><span><b>Speed:</b></span> <span>329 kt - 321 kt</span></div>\n<div><span><b>Timestamp:</b></span><br/><span>2026-05-18 05:40:02 UTC<br/>2026-05-18 05:40:16 UTC</span></div>\n</div>"},"stroke-opacity":1,"stroke":"#e4ff00","stroke-width":2}},{"type":"Feature","geometry":{"type":"LineString","coordinates":[[9.379,50.412552,3345.18],[9.367579,50.394791,3352.8]]},"properties":{"name":"P-221","description":{"@type":"html","value":"<div><div><span><b>Altitude:</b></span> <span>10,975 ft - 11,000 ft</span></div>\n<div><span><b>Speed:</b></span> <span>321 kt - 304 kt</span></div>\n<div><span><b>Timestamp:</b></span><br/><span>2026-05-18 05:40:16 UTC<br/>2026-05-18 05:40:28 UTC</span></div>\n</div>"},"stroke-opacity":1,"stroke":"#e4ff00","stroke-width":2}},{"type":"Feature","geometry":{"type":"LineString","coordinates":[[9.367579,50.394791,3352.8],[9.357085,50.378551,3337.56]]},"properties":{"name":"P-222","description":{"@type":"html","value":"<div><div><span><b>Altitude:</b></span> <span>11,000 ft - 10,950 ft</span></div>\n<div><span><b>Speed:</b></span> <span>304 kt - 290 kt</span></div>\n<div><span><b>Timestamp:</b></span><br/><span>2026-05-18 05:40:28 UTC<br/>2026-05-18 05:40:41 UTC</span></div>\n</div>"},"stroke-opacity":1,"stroke":"#e4ff00","stroke-width":2}},{"type":"Feature","geometry":{"type":"LineString","coordinates":[[9.357085,50.378551,3337.56],[9.347213,50.363144,3307.08]]},"properties":{"name":"P-223","description":{"@type":"html","value":"<div><div><span><b>Altitude:</b></span> <span>10,950 ft - 10,850 ft</span></div>\n<div><span><b>Speed:</b></span> <span>290 kt - 279 kt</span></div>\n<div><span><b>Timestamp:</b></span><br/><span>2026-05-18 05:40:41 UTC<br/>2026-05-18 05:40:54 UTC</span></div>\n</div>"},"stroke-opacity":1,"stroke":"#e4ff00","stroke-width":2}},{"type":"Feature","geometry":{"type":"LineString","coordinates":[[9.347213,50.363144,3307.08],[9.338379,50.345871,3261.36]]},"properties":{"name":"P-224","description":{"@type":"html","value":"<div><div><span><b>Altitude:</b></span> <span>10,850 ft - 10,700 ft</span></div>\n<div><span><b>Speed:</b></span> <span>279 kt - 270 kt</span></div>\n<div><span><b>Timestamp:</b></span><br/><span>2026-05-18 05:40:54 UTC<br/>2026-05-18 05:41:09 UTC</span></div>\n</div>"},"stroke-opacity":1,"stroke":"#e4ff00","stroke-width":2}},{"type":"Feature","geometry":{"type":"LineString","coordinates":[[9.338379,50.345871,3261.36],[9.337729,50.343201,3261.36]]},"properties":{"name":"P-225","description":{"@type":"html","value":"<div><div><span><b>Altitude:</b></span> <span>10,700 ft</span></div>\n<div><span><b>Speed:</b></span> <span>270 kt - 269 kt</span></div>\n<div><span><b>Timestamp:</b></span><br/><span>2026-05-18 05:41:09 UTC<br/>2026-05-18 05:41:11 UTC</span></div>\n</div>"},"stroke-opacity":1,"stroke":"#e4ff00","stroke-width":2}},{"type":"Feature","geometry":{"type":"LineString","coordinates":[[9.337729,50.343201,3261.36],[9.337339,50.340706,3253.74]]},"properties":{"name":"P-226","description":{"@type":"html","value":"<div><div><span><b>Altitude:</b></span> <span>10,700 ft - 10,675 ft</span></div>\n<div><span><b>Speed:</b></span> <span>269 kt - 267 kt</span></div>\n<div><span><b>Timestamp:</b></span><br/><span>2026-05-18 05:41:11 UTC<br/>2026-05-18 05:41:13 UTC</span></div>\n</div>"},"stroke-opacity":1,"stroke":"#e4ff00","stroke-width":2}},{"type":"Feature","geometry":{"type":"LineString","coordinates":[[9.337339,50.340706,3253.74],[9.337043,50.337399,3246.12]]},"properties":{"name":"P-227","description":{"@type":"html","value":"<div><div><span><b>Altitude:</b></span> <span>10,675 ft - 10,650 ft</span></div>\n<div><span><b>Speed:</b></span> <span>267 kt - 266 kt</span></div>\n<div><span><b>Timestamp:</b></span><br/><span>2026-05-18 05:41:13 UTC<br/>2026-05-18 05:41:15 UTC</span></div>\n</div>"},"stroke-opacity":1,"stroke":"#e4ff00","stroke-width":2}},{"type":"Feature","geometry":{"type":"LineString","coordinates":[[9.337043,50.337399,3246.12],[9.336861,50.334961,3246.12]]},"properties":{"name":"P-228","description":{"@type":"html","value":"<div><div><span><b>Altitude:</b></span> <span>10,650 ft</span></div>\n<div><span><b>Speed:</b></span> <span>266 kt - 265 kt</span></div>\n<div><span><b>Timestamp:</b></span><br/><span>2026-05-18 05:41:15 UTC<br/>2026-05-18 05:41:17 UTC</span></div>\n</div>"},"stroke-opacity":1,"stroke":"#e4ff00","stroke-width":2}},{"type":"Feature","geometry":{"type":"LineString","coordinates":[[9.336861,50.334961,3246.12],[9.336746,50.33242,3238.5]]},"properties":{"name":"P-229","description":{"@type":"html","value":"<div><div><span><b>Altitude:</b></span> <span>10,650 ft - 10,625 ft</span></div>\n<div><span><b>Speed:</b></span> <span>265 kt - 264 kt</span></div>\n<div><span><b>Timestamp:</b></span><br/><span>2026-05-18 05:41:17 UTC<br/>2026-05-18 05:41:19 UTC</span></div>\n</div>"},"stroke-opacity":1,"stroke":"#e4ff00","stroke-width":2}},{"type":"Feature","geometry":{"type":"LineString","coordinates":[[9.336746,50.33242,3238.5],[9.336672,50.329861,3230.88]]},"properties":{"name":"P-230","description":{"@type":"html","value":"<div><div><span><b>Altitude:</b></span> <span>10,625 ft - 10,600 ft</span></div>\n<div><span><b>Speed:</b></span> <span>264 kt - 263 kt</span></div>\n<div><span><b>Timestamp:</b></span><br/><span>2026-05-18 05:41:19 UTC<br/>2026-05-18 05:41:21 UTC</span></div>\n</div>"},"stroke-opacity":1,"stroke":"#e4ff00","stroke-width":2}},{"type":"Feature","geometry":{"type":"LineString","coordinates":[[9.336672,50.329861,3230.88],[9.336572,50.327591,3230.88]]},"properties":{"name":"P-231","description":{"@type":"html","value":"<div><div><span><b>Altitude:</b></span> <span>10,600 ft</span></div>\n<div><span><b>Speed:</b></span> <span>263 kt - 261 kt</span></div>\n<div><span><b>Timestamp:</b></span><br/><span>2026-05-18 05:41:21 UTC<br/>2026-05-18 05:41:24 UTC</span></div>\n</div>"},"stroke-opacity":1,"stroke":"#e4ff00","stroke-width":2}},{"type":"Feature","geometry":{"type":"LineString","coordinates":[[9.336572,50.327591,3230.88],[9.336523,50.324692,3223.26]]},"properties":{"name":"P-232","description":{"@type":"html","value":"<div><div><span><b>Altitude:</b></span> <span>10,600 ft - 10,575 ft</span></div>\n<div><span><b>Speed:</b></span> <span>261 kt - 260 kt</span></div>\n<div><span><b>Timestamp:</b></span><br/><span>2026-05-18 05:41:24 UTC<br/>2026-05-18 05:41:26 UTC</span></div>\n</div>"},"stroke-opacity":1,"stroke":"#e4ff00","stroke-width":2}},{"type":"Feature","geometry":{"type":"LineString","coordinates":[[9.336523,50.324692,3223.26],[9.336523,50.322456,3215.64]]},"properties":{"name":"P-233","description":{"@type":"html","value":"<div><div><span><b>Altitude:</b></span> <span>10,575 ft - 10,550 ft</span></div>\n<div><span><b>Speed:</b></span> <span>260 kt - 259 kt</span></div>\n<div><span><b>Timestamp:</b></span><br/><span>2026-05-18 05:41:26 UTC<br/>2026-05-18 05:41:28 UTC</span></div>\n</div>"},"stroke-opacity":1,"stroke":"#e4ff00","stroke-width":2}},{"type":"Feature","geometry":{"type":"LineString","coordinates":[[9.336523,50.322456,3215.64],[9.336499,50.319351,3208.02]]},"properties":{"name":"P-234","description":{"@type":"html","value":"<div><div><span><b>Altitude:</b></span> <span>10,550 ft - 10,525 ft</span></div>\n<div><span><b>Speed:</b></span> <span>259 kt - 257 kt</span></div>\n<div><span><b>Timestamp:</b></span><br/><span>2026-05-18 05:41:28 UTC<br/>2026-05-18 05:41:30 UTC</span></div>\n</div>"},"stroke-opacity":1,"stroke":"#e4ff00","stroke-width":2}},{"type":"Feature","geometry":{"type":"LineString","coordinates":[[9.336499,50.319351,3208.02],[9.336428,50.317017,3208.02]]},"properties":{"name":"P-235","description":{"@type":"html","value":"<div><div><span><b>Altitude:</b></span> <span>10,525 ft</span></div>\n<div><span><b>Speed:</b></span> <span>257 kt - 255 kt</span></div>\n<div><span><b>Timestamp:</b></span><br/><span>2026-05-18 05:41:30 UTC<br/>2026-05-18 05:41:32 UTC</span></div>\n</div>"},"stroke-opacity":1,"stroke":"#e4ff00","stroke-width":2}},{"type":"Feature","geometry":{"type":"LineString","coordinates":[[9.336428,50.317017,3208.02],[9.336428,50.314545,3200.4]]},"properties":{"name":"P-236","description":{"@type":"html","value":"<div><div><span><b>Altitude:</b></span> <span>10,525 ft - 10,500 ft</span></div>\n<div><span><b>Speed:</b></span> <span>255 kt - 254 kt</span></div>\n<div><span><b>Timestamp:</b></span><br/><span>2026-05-18 05:41:32 UTC<br/>2026-05-18 05:41:34 UTC</span></div>\n</div>"},"stroke-opacity":1,"stroke":"#e4ff00","stroke-width":2}},{"type":"Feature","geometry":{"type":"LineString","coordinates":[[9.336428,50.314545,3200.4],[9.336449,50.312077,3192.78]]},"properties":{"name":"P-237","description":{"@type":"html","value":"<div><div><span><b>Altitude:</b></span> <span>10,500 ft - 10,475 ft</span></div>\n<div><span><b>Speed:</b></span> <span>254 kt</span></div>\n<div><span><b>Timestamp:</b></span><br/><span>2026-05-18 05:41:34 UTC<br/>2026-05-18 05:41:37 UTC</span></div>\n</div>"},"stroke-opacity":1,"stroke":"#e4ff00","stroke-width":2}},{"type":"Feature","geometry":{"type":"LineString","coordinates":[[9.336449,50.312077,3192.78],[9.336139,50.297287,3139.44]]},"properties":{"name":"P-238","description":{"@type":"html","value":"<div><div><span><b>Altitude:</b></span> <span>10,475 ft - 10,300 ft</span></div>\n<div><span><b>Speed:</b></span> <span>254 kt - 248 kt</span></div>\n<div><span><b>Timestamp:</b></span><br/><span>2026-05-18 05:41:37 UTC<br/>2026-05-18 05:41:49 UTC</span></div>\n</div>"},"stroke-opacity":1,"stroke":"#e4ff00","stroke-width":2}},{"type":"Feature","geometry":{"type":"LineString","coordinates":[[9.336139,50.297287,3139.44],[9.334043,50.287674,3101.34]]},"properties":{"name":"P-239","description":{"@type":"html","value":"<div><div><span><b>Altitude:</b></span> <span>10,300 ft - 10,175 ft</span></div>\n<div><span><b>Speed:</b></span> <span>248 kt - 244 kt</span></div>\n<div><span><b>Timestamp:</b></span><br/><span>2026-05-18 05:41:49 UTC<br/>2026-05-18 05:41:58 UTC</span></div>\n</div>"},"stroke-opacity":1,"stroke":"#e4ff00","stroke-width":2}},{"type":"Feature","geometry":{"type":"LineString","coordinates":[[9.334043,50.287674,3101.34],[9.333331,50.285915,3093.72]]},"properties":{"name":"P-240","description":{"@type":"html","value":"<div><div><span><b>Altitude:</b></span> <span>10,175 ft - 10,150 ft</span></div>\n<div><span><b>Speed:</b></span> <span>244 kt - 242 kt</span></div>\n<div><span><b>Timestamp:</b></span><br/><span>2026-05-18 05:41:58 UTC<br/>2026-05-18 05:42:00 UTC</span></div>\n</div>"},"stroke-opacity":1,"stroke":"#e4ff00","stroke-width":2}},{"type":"Feature","geometry":{"type":"LineString","coordinates":[[9.333331,50.285915,3093.72],[9.33209,50.283234,3078.48]]},"properties":{"name":"P-241","description":{"@type":"html","value":"<div><div><span><b>Altitude:</b></span> <span>10,150 ft - 10,100 ft</span></div>\n<div><span><b>Speed:</b></span> <span>242 kt</span></div>\n<div><span><b>Timestamp:</b></span><br/><span>2026-05-18 05:42:00 UTC<br/>2026-05-18 05:42:02 UTC</span></div>\n</div>"},"stroke-opacity":1,"stroke":"#e4ff00","stroke-width":2}},{"type":"Feature","geometry":{"type":"LineString","coordinates":[[9.33209,50.283234,3078.48],[9.330808,50.280933,3070.86]]},"properties":{"name":"P-242","description":{"@type":"html","value":"<div><div><span><b>Altitude:</b></span> <span>10,100 ft - 10,075 ft</span></div>\n<div><span><b>Speed:</b></span> <span>242 kt - 241 kt</span></div>\n<div><span><b>Timestamp:</b></span><br/><span>2026-05-18 05:42:02 UTC<br/>2026-05-18 05:42:04 UTC</span></div>\n</div>"},"stroke-opacity":1,"stroke":"#e4ff00","stroke-width":2}},{"type":"Feature","geometry":{"type":"LineString","coordinates":[[9.330808,50.280933,3070.86],[9.329545,50.278744,3063.24]]},"properties":{"name":"P-243","description":{"@type":"html","value":"<div><div><span><b>Altitude:</b></span> <span>10,075 ft - 10,050 ft</span></div>\n<div><span><b>Speed:</b></span> <span>241 kt - 240 kt</span></div>\n<div><span><b>Timestamp:</b></span><br/><span>2026-05-18 05:42:04 UTC<br/>2026-05-18 05:42:06 UTC</span></div>\n</div>"},"stroke-opacity":1,"stroke":"#e4ff00","stroke-width":2}},{"type":"Feature","geometry":{"type":"LineString","coordinates":[[9.329545,50.278744,3063.24],[9.328404,50.276779,3048]]},"properties":{"name":"P-244","description":{"@type":"html","value":"<div><div><span><b>Altitude:</b></span> <span>10,050 ft - 10,000 ft</span></div>\n<div><span><b>Speed:</b></span> <span>240 kt</span></div>\n<div><span><b>Timestamp:</b></span><br/><span>2026-05-18 05:42:06 UTC<br/>2026-05-18 05:42:08 UTC</span></div>\n</div>"},"stroke-opacity":1,"stroke":"#e4ff00","stroke-width":2}},{"type":"Feature","geometry":{"type":"LineString","coordinates":[[9.328404,50.276779,3048],[9.326886,50.274216,3040.38]]},"properties":{"name":"P-245","description":{"@type":"html","value":"<div><div><span><b>Altitude:</b></span> <span>10,000 ft - 9,975 ft</span></div>\n<div><span><b>Speed:</b></span> <span>240 kt - 239 kt</span></div>\n<div><span><b>Timestamp:</b></span><br/><span>2026-05-18 05:42:08 UTC<br/>2026-05-18 05:42:11 UTC</span></div>\n</div>"},"stroke-opacity":1,"stroke":"#e4ff00","stroke-width":2}},{"type":"Feature","geometry":{"type":"LineString","coordinates":[[9.326886,50.274216,3040.38],[9.32573,50.272339,3032.76]]},"properties":{"name":"P-246","description":{"@type":"html","value":"<div><div><span><b>Altitude:</b></span> <span>9,975 ft - 9,950 ft</span></div>\n<div><span><b>Speed:</b></span> <span>239 kt - 238 kt</span></div>\n<div><span><b>Timestamp:</b></span><br/><span>2026-05-18 05:42:11 UTC<br/>2026-05-18 05:42:13 UTC</span></div>\n</div>"},"stroke-opacity":1,"stroke":"#e4ff00","stroke-width":2}},{"type":"Feature","geometry":{"type":"LineString","coordinates":[[9.32573,50.272339,3032.76],[9.324068,50.269821,3017.52]]},"properties":{"name":"P-247","description":{"@type":"html","value":"<div><div><span><b>Altitude:</b></span> <span>9,950 ft - 9,900 ft</span></div>\n<div><span><b>Speed:</b></span> <span>238 kt - 239 kt</span></div>\n<div><span><b>Timestamp:</b></span><br/><span>2026-05-18 05:42:13 UTC<br/>2026-05-18 05:42:15 UTC</span></div>\n</div>"},"stroke-opacity":1,"stroke":"#e4ff00","stroke-width":2}},{"type":"Feature","geometry":{"type":"LineString","coordinates":[[9.324068,50.269821,3017.52],[9.322333,50.267532,3002.28]]},"properties":{"name":"P-248","description":{"@type":"html","value":"<div><div><span><b>Altitude:</b></span> <span>9,900 ft - 9,850 ft</span></div>\n<div><span><b>Speed:</b></span> <span>239 kt - 238 kt</span></div>\n<div><span><b>Timestamp:</b></span><br/><span>2026-05-18 05:42:15 UTC<br/>2026-05-18 05:42:17 UTC</span></div>\n</div>"},"stroke-opacity":1,"stroke":"#e4ff00","stroke-width":2}},{"type":"Feature","geometry":{"type":"LineString","coordinates":[[9.322333,50.267532,3002.28],[9.320712,50.265709,2994.66]]},"properties":{"name":"P-249","description":{"@type":"html","value":"<div><div><span><b>Altitude:</b></span> <span>9,850 ft - 9,825 ft</span></div>\n<div><span><b>Speed:</b></span> <span>238 kt</span></div>\n<div><span><b>Timestamp:</b></span><br/><span>2026-05-18 05:42:17 UTC<br/>2026-05-18 05:42:19 UTC</span></div>\n</div>"},"stroke-opacity":1,"stroke":"#e4ff00","stroke-width":2}},{"type":"Feature","geometry":{"type":"LineString","coordinates":[[9.320712,50.265709,2994.66],[9.318936,50.263824,2987.04]]},"properties":{"name":"P-250","description":{"@type":"html","value":"<div><div><span><b>Altitude:</b></span> <span>9,825 ft - 9,800 ft</span></div>\n<div><span><b>Speed:</b></span> <span>238 kt</span></div>\n<div><span><b>Timestamp:</b></span><br/><span>2026-05-18 05:42:19 UTC<br/>2026-05-18 05:42:21 UTC</span></div>\n</div>"},"stroke-opacity":1,"stroke":"#d2ff00","stroke-width":2}},{"type":"Feature","geometry":{"type":"LineString","coordinates":[[9.318936,50.263824,2987.04],[9.316768,50.261719,2971.8]]},"properties":{"name":"P-251","description":{"@type":"html","value":"<div><div><span><b>Altitude:</b></span> <span>9,800 ft - 9,750 ft</span></div>\n<div><span><b>Speed:</b></span> <span>238 kt</span></div>\n<div><span><b>Timestamp:</b></span><br/><span>2026-05-18 05:42:21 UTC<br/>2026-05-18 05:42:23 UTC</span></div>\n</div>"},"stroke-opacity":1,"stroke":"#d2ff00","stroke-width":2}},{"type":"Feature","geometry":{"type":"LineString","coordinates":[[9.316768,50.261719,2971.8],[9.314847,50.260029,2964.18]]},"properties":{"name":"P-252","description":{"@type":"html","value":"<div><div><span><b>Altitude:</b></span> <span>9,750 ft - 9,725 ft</span></div>\n<div><span><b>Speed:</b></span> <span>238 kt - 237 kt</span></div>\n<div><span><b>Timestamp:</b></span><br/><span>2026-05-18 05:42:23 UTC<br/>2026-05-18 05:42:25 UTC</span></div>\n</div>"},"stroke-opacity":1,"stroke":"#d2ff00","stroke-width":2}},{"type":"Feature","geometry":{"type":"LineString","coordinates":[[9.314847,50.260029,2964.18],[9.312359,50.257919,2956.56]]},"properties":{"name":"P-253","description":{"@type":"html","value":"<div><div><span><b>Altitude:</b></span> <span>9,725 ft - 9,700 ft</span></div>\n<div><span><b>Speed:</b></span> <span>237 kt</span></div>\n<div><span><b>Timestamp:</b></span><br/><span>2026-05-18 05:42:25 UTC<br/>2026-05-18 05:42:28 UTC</span></div>\n</div>"},"stroke-opacity":1,"stroke":"#d2ff00","stroke-width":2}},{"type":"Feature","geometry":{"type":"LineString","coordinates":[[9.312359,50.257919,2956.56],[9.31069,50.256538,2948.94]]},"properties":{"name":"P-254","description":{"@type":"html","value":"<div><div><span><b>Altitude:</b></span> <span>9,700 ft - 9,675 ft</span></div>\n<div><span><b>Speed:</b></span> <span>237 kt - 238 kt</span></div>\n<div><span><b>Timestamp:</b></span><br/><span>2026-05-18 05:42:28 UTC<br/>2026-05-18 05:42:30 UTC</span></div>\n</div>"},"stroke-opacity":1,"stroke":"#d2ff00","stroke-width":2}},{"type":"Feature","geometry":{"type":"LineString","coordinates":[[9.31069,50.256538,2948.94],[9.308241,50.254398,2933.7]]},"properties":{"name":"P-255","description":{"@type":"html","value":"<div><div><span><b>Altitude:</b></span> <span>9,675 ft - 9,625 ft</span></div>\n<div><span><b>Speed:</b></span> <span>238 kt - 237 kt</span></div>\n<div><span><b>Timestamp:</b></span><br/><span>2026-05-18 05:42:30 UTC<br/>2026-05-18 05:42:32 UTC</span></div>\n</div>"},"stroke-opacity":1,"stroke":"#d2ff00","stroke-width":2}},{"type":"Feature","geometry":{"type":"LineString","coordinates":[[9.308241,50.254398,2933.7],[9.305998,50.252518,2926.08]]},"properties":{"name":"P-256","description":{"@type":"html","value":"<div><div><span><b>Altitude:</b></span> <span>9,625 ft - 9,600 ft</span></div>\n<div><span><b>Speed:</b></span> <span>237 kt</span></div>\n<div><span><b>Timestamp:</b></span><br/><span>2026-05-18 05:42:32 UTC<br/>2026-05-18 05:42:34 UTC</span></div>\n</div>"},"stroke-opacity":1,"stroke":"#d2ff00","stroke-width":2}},{"type":"Feature","geometry":{"type":"LineString","coordinates":[[9.305998,50.252518,2926.08],[9.303935,50.250721,2910.84]]},"properties":{"name":"P-257","description":{"@type":"html","value":"<div><div><span><b>Altitude:</b></span> <span>9,600 ft - 9,550 ft</span></div>\n<div><span><b>Speed:</b></span> <span>237 kt</span></div>\n<div><span><b>Timestamp:</b></span><br/><span>2026-05-18 05:42:34 UTC<br/>2026-05-18 05:42:36 UTC</span></div>\n</div>"},"stroke-opacity":1,"stroke":"#d2ff00","stroke-width":2}},{"type":"Feature","geometry":{"type":"LineString","coordinates":[[9.303935,50.250721,2910.84],[9.301517,50.248718,2903.22]]},"properties":{"name":"P-258","description":{"@type":"html","value":"<div><div><span><b>Altitude:</b></span> <span>9,550 ft - 9,525 ft</span></div>\n<div><span><b>Speed:</b></span> <span>237 kt - 238 kt</span></div>\n<div><span><b>Timestamp:</b></span><br/><span>2026-05-18 05:42:36 UTC<br/>2026-05-18 05:42:38 UTC</span></div>\n</div>"},"stroke-opacity":1,"stroke":"#d2ff00","stroke-width":2}},{"type":"Feature","geometry":{"type":"LineString","coordinates":[[9.301517,50.248718,2903.22],[9.299481,50.246948,2895.6]]},"properties":{"name":"P-259","description":{"@type":"html","value":"<div><div><span><b>Altitude:</b></span> <span>9,525 ft - 9,500 ft</span></div>\n<div><span><b>Speed:</b></span> <span>238 kt</span></div>\n<div><span><b>Timestamp:</b></span><br/><span>2026-05-18 05:42:38 UTC<br/>2026-05-18 05:42:40 UTC</span></div>\n</div>"},"stroke-opacity":1,"stroke":"#d2ff00","stroke-width":2}},{"type":"Feature","geometry":{"type":"LineString","coordinates":[[9.299481,50.246948,2895.6],[9.29653,50.244507,2880.36]]},"properties":{"name":"P-260","description":{"@type":"html","value":"<div><div><span><b>Altitude:</b></span> <span>9,500 ft - 9,450 ft</span></div>\n<div><span><b>Speed:</b></span> <span>238 kt</span></div>\n<div><span><b>Timestamp:</b></span><br/><span>2026-05-18 05:42:40 UTC<br/>2026-05-18 05:42:43 UTC</span></div>\n</div>"},"stroke-opacity":1,"stroke":"#d2ff00","stroke-width":2}},{"type":"Feature","geometry":{"type":"LineString","coordinates":[[9.29653,50.244507,2880.36],[9.294361,50.242676,2865.12]]},"properties":{"name":"P-261","description":{"@type":"html","value":"<div><div><span><b>Altitude:</b></span> <span>9,450 ft - 9,400 ft</span></div>\n<div><span><b>Speed:</b></span> <span>238 kt</span></div>\n<div><span><b>Timestamp:</b></span><br/><span>2026-05-18 05:42:43 UTC<br/>2026-05-18 05:42:45 UTC</span></div>\n</div>"},"stroke-opacity":1,"stroke":"#d2ff00","stroke-width":2}},{"type":"Feature","geometry":{"type":"LineString","coordinates":[[9.294361,50.242676,2865.12],[9.292482,50.241119,2857.5]]},"properties":{"name":"P-262","description":{"@type":"html","value":"<div><div><span><b>Altitude:</b></span> <span>9,400 ft - 9,375 ft</span></div>\n<div><span><b>Speed:</b></span> <span>238 kt</span></div>\n<div><span><b>Timestamp:</b></span><br/><span>2026-05-18 05:42:45 UTC<br/>2026-05-18 05:42:47 UTC</span></div>\n</div>"},"stroke-opacity":1,"stroke":"#d2ff00","stroke-width":2}},{"type":"Feature","geometry":{"type":"LineString","coordinates":[[9.292482,50.241119,2857.5],[9.28998,50.238987,2842.26]]},"properties":{"name":"P-263","description":{"@type":"html","value":"<div><div><span><b>Altitude:</b></span> <span>9,375 ft - 9,325 ft</span></div>\n<div><span><b>Speed:</b></span> <span>238 kt - 237 kt</span></div>\n<div><span><b>Timestamp:</b></span><br/><span>2026-05-18 05:42:47 UTC<br/>2026-05-18 05:42:49 UTC</span></div>\n</div>"},"stroke-opacity":1,"stroke":"#d2ff00","stroke-width":2}},{"type":"Feature","geometry":{"type":"LineString","coordinates":[[9.28998,50.238987,2842.26],[9.276292,50.227936,2781.3]]},"properties":{"name":"P-264","description":{"@type":"html","value":"<div><div><span><b>Altitude:</b></span> <span>9,325 ft - 9,125 ft</span></div>\n<div><span><b>Speed:</b></span> <span>237 kt - 238 kt</span></div>\n<div><span><b>Timestamp:</b></span><br/><span>2026-05-18 05:42:49 UTC<br/>2026-05-18 05:43:02 UTC</span></div>\n</div>"},"stroke-opacity":1,"stroke":"#d2ff00","stroke-width":2}},{"type":"Feature","geometry":{"type":"LineString","coordinates":[[9.276292,50.227936,2781.3],[9.270828,50.224606,2750.82]]},"properties":{"name":"P-265","description":{"@type":"html","value":"<div><div><span><b>Altitude:</b></span> <span>9,125 ft - 9,025 ft</span></div>\n<div><span><b>Speed:</b></span> <span>238 kt - 237 kt</span></div>\n<div><span><b>Timestamp:</b></span><br/><span>2026-05-18 05:43:02 UTC<br/>2026-05-18 05:43:07 UTC</span></div>\n</div>"},"stroke-opacity":1,"stroke":"#d2ff00","stroke-width":2}},{"type":"Feature","geometry":{"type":"LineString","coordinates":[[9.270828,50.224606,2750.82],[9.267329,50.222855,2743.2]]},"properties":{"name":"P-266","description":{"@type":"html","value":"<div><div><span><b>Altitude:</b></span> <span>9,025 ft - 9,000 ft</span></div>\n<div><span><b>Speed:</b></span> <span>237 kt</span></div>\n<div><span><b>Timestamp:</b></span><br/><span>2026-05-18 05:43:07 UTC<br/>2026-05-18 05:43:09 UTC</span></div>\n</div>"},"stroke-opacity":1,"stroke":"#d2ff00","stroke-width":2}},{"type":"Feature","geometry":{"type":"LineString","coordinates":[[9.267329,50.222855,2743.2],[9.264667,50.221672,2727.96]]},"properties":{"name":"P-267","description":{"@type":"html","value":"<div><div><span><b>Altitude:</b></span> <span>9,000 ft - 8,950 ft</span></div>\n<div><span><b>Speed:</b></span> <span>237 kt</span></div>\n<div><span><b>Timestamp:</b></span><br/><span>2026-05-18 05:43:09 UTC<br/>2026-05-18 05:43:11 UTC</span></div>\n</div>"},"stroke-opacity":1,"stroke":"#d2ff00","stroke-width":2}},{"type":"Feature","geometry":{"type":"LineString","coordinates":[[9.264667,50.221672,2727.96],[9.261764,50.220474,2720.34]]},"properties":{"name":"P-268","description":{"@type":"html","value":"<div><div><span><b>Altitude:</b></span> <span>8,950 ft - 8,925 ft</span></div>\n<div><span><b>Speed:</b></span> <span>237 kt</span></div>\n<div><span><b>Timestamp:</b></span><br/><span>2026-05-18 05:43:11 UTC<br/>2026-05-18 05:43:13 UTC</span></div>\n</div>"},"stroke-opacity":1,"stroke":"#d2ff00","stroke-width":2}},{"type":"Feature","geometry":{"type":"LineString","coordinates":[[9.261764,50.220474,2720.34],[9.258078,50.219055,2705.1]]},"properties":{"name":"P-269","description":{"@type":"html","value":"<div><div><span><b>Altitude:</b></span> <span>8,925 ft - 8,875 ft</span></div>\n<div><span><b>Speed:</b></span> <span>237 kt</span></div>\n<div><span><b>Timestamp:</b></span><br/><span>2026-05-18 05:43:13 UTC<br/>2026-05-18 05:43:16 UTC</span></div>\n</div>"},"stroke-opacity":1,"stroke":"#d2ff00","stroke-width":2}},{"type":"Feature","geometry":{"type":"LineString","coordinates":[[9.258078,50.219055,2705.1],[9.255239,50.218086,2689.86]]},"properties":{"name":"P-270","description":{"@type":"html","value":"<div><div><span><b>Altitude:</b></span> <span>8,875 ft - 8,825 ft</span></div>\n<div><span><b>Speed:</b></span> <span>237 kt</span></div>\n<div><span><b>Timestamp:</b></span><br/><span>2026-05-18 05:43:16 UTC<br/>2026-05-18 05:43:18 UTC</span></div>\n</div>"},"stroke-opacity":1,"stroke":"#d2ff00","stroke-width":2}},{"type":"Feature","geometry":{"type":"LineString","coordinates":[[9.255239,50.218086,2689.86],[9.25175,50.216923,2682.24]]},"properties":{"name":"P-271","description":{"@type":"html","value":"<div><div><span><b>Altitude:</b></span> <span>8,825 ft - 8,800 ft</span></div>\n<div><span><b>Speed:</b></span> <span>237 kt - 238 kt</span></div>\n<div><span><b>Timestamp:</b></span><br/><span>2026-05-18 05:43:18 UTC<br/>2026-05-18 05:43:20 UTC</span></div>\n</div>"},"stroke-opacity":1,"stroke":"#d2ff00","stroke-width":2}},{"type":"Feature","geometry":{"type":"LineString","coordinates":[[9.25175,50.216923,2682.24],[9.249003,50.216038,2667]]},"properties":{"name":"P-272","description":{"@type":"html","value":"<div><div><span><b>Altitude:</b></span> <span>8,800 ft - 8,750 ft</span></div>\n<div><span><b>Speed:</b></span> <span>238 kt</span></div>\n<div><span><b>Timestamp:</b></span><br/><span>2026-05-18 05:43:20 UTC<br/>2026-05-18 05:43:22 UTC</span></div>\n</div>"},"stroke-opacity":1,"stroke":"#d2ff00","stroke-width":2}},{"type":"Feature","geometry":{"type":"LineString","coordinates":[[9.249003,50.216038,2667],[9.245212,50.214935,2651.76]]},"properties":{"name":"P-273","description":{"@type":"html","value":"<div><div><span><b>Altitude:</b></span> <span>8,750 ft - 8,700 ft</span></div>\n<div><span><b>Speed:</b></span> <span>238 kt</span></div>\n<div><span><b>Timestamp:</b></span><br/><span>2026-05-18 05:43:22 UTC<br/>2026-05-18 05:43:24 UTC</span></div>\n</div>"},"stroke-opacity":1,"stroke":"#d2ff00","stroke-width":2}},{"type":"Feature","geometry":{"type":"LineString","coordinates":[[9.245212,50.214935,2651.76],[9.24196,50.21402,2644.14]]},"properties":{"name":"P-274","description":{"@type":"html","value":"<div><div><span><b>Altitude:</b></span> <span>8,700 ft - 8,675 ft</span></div>\n<div><span><b>Speed:</b></span> <span>238 kt</span></div>\n<div><span><b>Timestamp:</b></span><br/><span>2026-05-18 05:43:24 UTC<br/>2026-05-18 05:43:26 UTC</span></div>\n</div>"},"stroke-opacity":1,"stroke":"#d2ff00","stroke-width":2}},{"type":"Feature","geometry":{"type":"LineString","coordinates":[[9.24196,50.21402,2644.14],[9.238779,50.213104,2628.9]]},"properties":{"name":"P-275","description":{"@type":"html","value":"<div><div><span><b>Altitude:</b></span> <span>8,675 ft - 8,625 ft</span></div>\n<div><span><b>Speed:</b></span> <span>238 kt - 239 kt</span></div>\n<div><span><b>Timestamp:</b></span><br/><span>2026-05-18 05:43:26 UTC<br/>2026-05-18 05:43:28 UTC</span></div>\n</div>"},"stroke-opacity":1,"stroke":"#d2ff00","stroke-width":2}},{"type":"Feature","geometry":{"type":"LineString","coordinates":[[9.238779,50.213104,2628.9],[9.235455,50.212189,2613.66]]},"properties":{"name":"P-276","description":{"@type":"html","value":"<div><div><span><b>Altitude:</b></span> <span>8,625 ft - 8,575 ft</span></div>\n<div><span><b>Speed:</b></span> <span>239 kt</span></div>\n<div><span><b>Timestamp:</b></span><br/><span>2026-05-18 05:43:28 UTC<br/>2026-05-18 05:43:30 UTC</span></div>\n</div>"},"stroke-opacity":1,"stroke":"#d2ff00","stroke-width":2}},{"type":"Feature","geometry":{"type":"LineString","coordinates":[[9.235455,50.212189,2613.66],[9.232302,50.211338,2598.42]]},"properties":{"name":"P-277","description":{"@type":"html","value":"<div><div><span><b>Altitude:</b></span> <span>8,575 ft - 8,525 ft</span></div>\n<div><span><b>Speed:</b></span> <span>239 kt</span></div>\n<div><span><b>Timestamp:</b></span><br/><span>2026-05-18 05:43:30 UTC<br/>2026-05-18 05:43:33 UTC</span></div>\n</div>"},"stroke-opacity":1,"stroke":"#d2ff00","stroke-width":2}},{"type":"Feature","geometry":{"type":"LineString","coordinates":[[9.232302,50.211338,2598.42],[9.228441,50.210358,2583.18]]},"properties":{"name":"P-278","description":{"@type":"html","value":"<div><div><span><b>Altitude:</b></span> <span>8,525 ft - 8,475 ft</span></div>\n<div><span><b>Speed:</b></span> <span>239 kt</span></div>\n<div><span><b>Timestamp:</b></span><br/><span>2026-05-18 05:43:33 UTC<br/>2026-05-18 05:43:35 UTC</span></div>\n</div>"},"stroke-opacity":1,"stroke":"#d2ff00","stroke-width":2}},{"type":"Feature","geometry":{"type":"LineString","coordinates":[[9.228441,50.210358,2583.18],[9.225101,50.209476,2567.94]]},"properties":{"name":"P-279","description":{"@type":"html","value":"<div><div><span><b>Altitude:</b></span> <span>8,475 ft - 8,425 ft</span></div>\n<div><span><b>Speed:</b></span> <span>239 kt</span></div>\n<div><span><b>Timestamp:</b></span><br/><span>2026-05-18 05:43:35 UTC<br/>2026-05-18 05:43:37 UTC</span></div>\n</div>"},"stroke-opacity":1,"stroke":"#d2ff00","stroke-width":2}},{"type":"Feature","geometry":{"type":"LineString","coordinates":[[9.225101,50.209476,2567.94],[9.221866,50.208664,2560.32]]},"properties":{"name":"P-280","description":{"@type":"html","value":"<div><div><span><b>Altitude:</b></span> <span>8,425 ft - 8,400 ft</span></div>\n<div><span><b>Speed:</b></span> <span>239 kt</span></div>\n<div><span><b>Timestamp:</b></span><br/><span>2026-05-18 05:43:37 UTC<br/>2026-05-18 05:43:39 UTC</span></div>\n</div>"},"stroke-opacity":1,"stroke":"#d2ff00","stroke-width":2}},{"type":"Feature","geometry":{"type":"LineString","coordinates":[[9.221866,50.208664,2560.32],[9.218049,50.207661,2537.46]]},"properties":{"name":"P-281","description":{"@type":"html","value":"<div><div><span><b>Altitude:</b></span> <span>8,400 ft - 8,325 ft</span></div>\n<div><span><b>Speed:</b></span> <span>239 kt - 240 kt</span></div>\n<div><span><b>Timestamp:</b></span><br/><span>2026-05-18 05:43:39 UTC<br/>2026-05-18 05:43:41 UTC</span></div>\n</div>"},"stroke-opacity":1,"stroke":"#d2ff00","stroke-width":2}},{"type":"Feature","geometry":{"type":"LineString","coordinates":[[9.218049,50.207661,2537.46],[9.214999,50.206924,2529.84]]},"properties":{"name":"P-282","description":{"@type":"html","value":"<div><div><span><b>Altitude:</b></span> <span>8,325 ft - 8,300 ft</span></div>\n<div><span><b>Speed:</b></span> <span>240 kt - 239 kt</span></div>\n<div><span><b>Timestamp:</b></span><br/><span>2026-05-18 05:43:41 UTC<br/>2026-05-18 05:43:43 UTC</span></div>\n</div>"},"stroke-opacity":1,"stroke":"#d2ff00","stroke-width":2}},{"type":"Feature","geometry":{"type":"LineString","coordinates":[[9.214999,50.206924,2529.84],[9.211241,50.205963,2514.6]]},"properties":{"name":"P-283","description":{"@type":"html","value":"<div><div><span><b>Altitude:</b></span> <span>8,300 ft - 8,250 ft</span></div>\n<div><span><b>Speed:</b></span> <span>239 kt - 240 kt</span></div>\n<div><span><b>Timestamp:</b></span><br/><span>2026-05-18 05:43:43 UTC<br/>2026-05-18 05:43:45 UTC</span></div>\n</div>"},"stroke-opacity":1,"stroke":"#d2ff00","stroke-width":2}},{"type":"Feature","geometry":{"type":"LineString","coordinates":[[9.211241,50.205963,2514.6],[9.190138,50.200817,2423.16]]},"properties":{"name":"P-284","description":{"@type":"html","value":"<div><div><span><b>Altitude:</b></span> <span>8,250 ft - 7,950 ft</span></div>\n<div><span><b>Speed:</b></span> <span>240 kt - 239 kt</span></div>\n<div><span><b>Timestamp:</b></span><br/><span>2026-05-18 05:43:45 UTC<br/>2026-05-18 05:43:58 UTC</span></div>\n</div>"},"stroke-opacity":1,"stroke":"#d2ff00","stroke-width":2}},{"type":"Feature","geometry":{"type":"LineString","coordinates":[[9.190138,50.200817,2423.16],[9.168958,50.195755,2339.34]]},"properties":{"name":"P-285","description":{"@type":"html","value":"<div><div><span><b>Altitude:</b></span> <span>7,950 ft - 7,675 ft</span></div>\n<div><span><b>Speed:</b></span> <span>239 kt</span></div>\n<div><span><b>Timestamp:</b></span><br/><span>2026-05-18 05:43:58 UTC<br/>2026-05-18 05:44:11 UTC</span></div>\n</div>"},"stroke-opacity":1,"stroke":"#9cff00","stroke-width":2}},{"type":"Feature","geometry":{"type":"LineString","coordinates":[[9.168958,50.195755,2339.34],[9.149371,50.190948,2255.52]]},"properties":{"name":"P-286","description":{"@type":"html","value":"<div><div><span><b>Altitude:</b></span> <span>7,675 ft - 7,400 ft</span></div>\n<div><span><b>Speed:</b></span> <span>239 kt - 238 kt</span></div>\n<div><span><b>Timestamp:</b></span><br/><span>2026-05-18 05:44:11 UTC<br/>2026-05-18 05:44:24 UTC</span></div>\n</div>"},"stroke-opacity":1,"stroke":"#9cff00","stroke-width":2}},{"type":"Feature","geometry":{"type":"LineString","coordinates":[[9.149371,50.190948,2255.52],[9.125302,50.185226,2156.46]]},"properties":{"name":"P-287","description":{"@type":"html","value":"<div><div><span><b>Altitude:</b></span> <span>7,400 ft - 7,075 ft</span></div>\n<div><span><b>Speed:</b></span> <span>238 kt - 236 kt</span></div>\n<div><span><b>Timestamp:</b></span><br/><span>2026-05-18 05:44:24 UTC<br/>2026-05-18 05:44:39 UTC</span></div>\n</div>"},"stroke-opacity":1,"stroke":"#9cff00","stroke-width":2}},{"type":"Feature","geometry":{"type":"LineString","coordinates":[[9.125302,50.185226,2156.46],[9.104623,50.180473,2072.64]]},"properties":{"name":"P-288","description":{"@type":"html","value":"<div><div><span><b>Altitude:</b></span> <span>7,075 ft - 6,800 ft</span></div>\n<div><span><b>Speed:</b></span> <span>236 kt - 235 kt</span></div>\n<div><span><b>Timestamp:</b></span><br/><span>2026-05-18 05:44:39 UTC<br/>2026-05-18 05:44:52 UTC</span></div>\n</div>"},"stroke-opacity":1,"stroke":"#9cff00","stroke-width":2}},{"type":"Feature","geometry":{"type":"LineString","coordinates":[[9.104623,50.180473,2072.64],[9.083742,50.175659,1988.82]]},"properties":{"name":"P-289","description":{"@type":"html","value":"<div><div><span><b>Altitude:</b></span> <span>6,800 ft - 6,525 ft</span></div>\n<div><span><b>Speed:</b></span> <span>235 kt</span></div>\n<div><span><b>Timestamp:</b></span><br/><span>2026-05-18 05:44:52 UTC<br/>2026-05-18 05:45:05 UTC</span></div>\n</div>"},"stroke-opacity":1,"stroke":"#9cff00","stroke-width":2}},{"type":"Feature","geometry":{"type":"LineString","coordinates":[[9.083742,50.175659,1988.82],[9.059312,50.170029,1889.76]]},"properties":{"name":"P-290","description":{"@type":"html","value":"<div><div><span><b>Altitude:</b></span> <span>6,525 ft - 6,200 ft</span></div>\n<div><span><b>Speed:</b></span> <span>235 kt</span></div>\n<div><span><b>Timestamp:</b></span><br/><span>2026-05-18 05:45:05 UTC<br/>2026-05-18 05:45:20 UTC</span></div>\n</div>"},"stroke-opacity":1,"stroke":"#72ff00","stroke-width":2}},{"type":"Feature","geometry":{"type":"LineString","coordinates":[[9.059312,50.170029,1889.76],[9.0364,50.164719,1798.32]]},"properties":{"name":"P-291","description":{"@type":"html","value":"<div><div><span><b>Altitude:</b></span> <span>6,200 ft - 5,900 ft</span></div>\n<div><span><b>Speed:</b></span> <span>235 kt - 234 kt</span></div>\n<div><span><b>Timestamp:</b></span><br/><span>2026-05-18 05:45:20 UTC<br/>2026-05-18 05:45:35 UTC</span></div>\n</div>"},"stroke-opacity":1,"stroke":"#72ff00","stroke-width":2}},{"type":"Feature","geometry":{"type":"LineString","coordinates":[[9.0364,50.164719,1798.32],[9.016522,50.160004,1722.12]]},"properties":{"name":"P-292","description":{"@type":"html","value":"<div><div><span><b>Altitude:</b></span> <span>5,900 ft - 5,650 ft</span></div>\n<div><span><b>Speed:</b></span> <span>234 kt</span></div>\n<div><span><b>Timestamp:</b></span><br/><span>2026-05-18 05:45:35 UTC<br/>2026-05-18 05:45:47 UTC</span></div>\n</div>"},"stroke-opacity":1,"stroke":"#72ff00","stroke-width":2}},{"type":"Feature","geometry":{"type":"LineString","coordinates":[[9.016522,50.160004,1722.12],[8.994907,50.154961,1638.3]]},"properties":{"name":"P-293","description":{"@type":"html","value":"<div><div><span><b>Altitude:</b></span> <span>5,650 ft - 5,375 ft</span></div>\n<div><span><b>Speed:</b></span> <span>234 kt - 232 kt</span></div>\n<div><span><b>Timestamp:</b></span><br/><span>2026-05-18 05:45:47 UTC<br/>2026-05-18 05:46:00 UTC</span></div>\n</div>"},"stroke-opacity":1,"stroke":"#72ff00","stroke-width":2}},{"type":"Feature","geometry":{"type":"LineString","coordinates":[[8.994907,50.154961,1638.3],[8.975685,50.150482,1569.72]]},"properties":{"name":"P-294","description":{"@type":"html","value":"<div><div><span><b>Altitude:</b></span> <span>5,375 ft - 5,150 ft</span></div>\n<div><span><b>Speed:</b></span> <span>232 kt - 230 kt</span></div>\n<div><span><b>Timestamp:</b></span><br/><span>2026-05-18 05:46:00 UTC<br/>2026-05-18 05:46:13 UTC</span></div>\n</div>"},"stroke-opacity":1,"stroke":"#72ff00","stroke-width":2}},{"type":"Feature","geometry":{"type":"LineString","coordinates":[[8.975685,50.150482,1569.72],[8.954823,50.145603,1531.62]]},"properties":{"name":"P-295","description":{"@type":"html","value":"<div><div><span><b>Altitude:</b></span> <span>5,150 ft - 5,025 ft</span></div>\n<div><span><b>Speed:</b></span> <span>230 kt - 226 kt</span></div>\n<div><span><b>Timestamp:</b></span><br/><span>2026-05-18 05:46:13 UTC<br/>2026-05-18 05:46:26 UTC</span></div>\n</div>"},"stroke-opacity":1,"stroke":"#72ff00","stroke-width":2}},{"type":"Feature","geometry":{"type":"LineString","coordinates":[[8.954823,50.145603,1531.62],[8.935138,50.140915,1524]]},"properties":{"name":"P-296","description":{"@type":"html","value":"<div><div><span><b>Altitude:</b></span> <span>5,025 ft - 5,000 ft</span></div>\n<div><span><b>Speed:</b></span> <span>226 kt</span></div>\n<div><span><b>Timestamp:</b></span><br/><span>2026-05-18 05:46:26 UTC<br/>2026-05-18 05:46:39 UTC</span></div>\n</div>"},"stroke-opacity":1,"stroke":"#72ff00","stroke-width":2}},{"type":"Feature","geometry":{"type":"LineString","coordinates":[[8.935138,50.140915,1524],[8.915405,50.136292,1524]]},"properties":{"name":"P-297","description":{"@type":"html","value":"<div><div><span><b>Altitude:</b></span> <span>5,000 ft</span></div>\n<div><span><b>Speed:</b></span> <span>226 kt - 229 kt</span></div>\n<div><span><b>Timestamp:</b></span><br/><span>2026-05-18 05:46:39 UTC<br/>2026-05-18 05:46:52 UTC</span></div>\n</div>"},"stroke-opacity":1,"stroke":"#72ff00","stroke-width":2}},{"type":"Feature","geometry":{"type":"LineString","coordinates":[[8.915405,50.136292,1524],[8.89524,50.131531,1508.76]]},"properties":{"name":"P-298","description":{"@type":"html","value":"<div><div><span><b>Altitude:</b></span> <span>5,000 ft - 4,950 ft</span></div>\n<div><span><b>Speed:</b></span> <span>229 kt - 219 kt</span></div>\n<div><span><b>Timestamp:</b></span><br/><span>2026-05-18 05:46:52 UTC<br/>2026-05-18 05:47:05 UTC</span></div>\n</div>"},"stroke-opacity":1,"stroke":"#72ff00","stroke-width":2}},{"type":"Feature","geometry":{"type":"LineString","coordinates":[[8.89524,50.131531,1508.76],[8.883242,50.128693,1493.52]]},"properties":{"name":"P-299","description":{"@type":"html","value":"<div><div><span><b>Altitude:</b></span> <span>4,950 ft - 4,900 ft</span></div>\n<div><span><b>Speed:</b></span> <span>219 kt - 214 kt</span></div>\n<div><span><b>Timestamp:</b></span><br/><span>2026-05-18 05:47:05 UTC<br/>2026-05-18 05:47:14 UTC</span></div>\n</div>"},"stroke-opacity":1,"stroke":"#72ff00","stroke-width":2}},{"type":"Feature","geometry":{"type":"LineString","coordinates":[[8.883242,50.128693,1493.52],[8.874423,50.126587,1470.66]]},"properties":{"name":"P-300","description":{"@type":"html","value":"<div><div><span><b>Altitude:</b></span> <span>4,900 ft - 4,825 ft</span></div>\n<div><span><b>Speed:</b></span> <span>214 kt - 209 kt</span></div>\n<div><span><b>Timestamp:</b></span><br/><span>2026-05-18 05:47:14 UTC<br/>2026-05-18 05:47:20 UTC</span></div>\n</div>"},"stroke-opacity":1,"stroke":"#36ff00","stroke-width":2}},{"type":"Feature","geometry":{"type":"LineString","coordinates":[[8.874423,50.126587,1470.66],[8.862497,50.123795,1432.56]]},"properties":{"name":"P-301","description":{"@type":"html","value":"<div><div><span><b>Altitude:</b></span> <span>4,825 ft - 4,700 ft</span></div>\n<div><span><b>Speed:</b></span> <span>209 kt - 206 kt</span></div>\n<div><span><b>Timestamp:</b></span><br/><span>2026-05-18 05:47:20 UTC<br/>2026-05-18 05:47:29 UTC</span></div>\n</div>"},"stroke-opacity":1,"stroke":"#36ff00","stroke-width":2}},{"type":"Feature","geometry":{"type":"LineString","coordinates":[[8.862497,50.123795,1432.56],[8.854041,50.121826,1402.08]]},"properties":{"name":"P-302","description":{"@type":"html","value":"<div><div><span><b>Altitude:</b></span> <span>4,700 ft - 4,600 ft</span></div>\n<div><span><b>Speed:</b></span> <span>206 kt - 205 kt</span></div>\n<div><span><b>Timestamp:</b></span><br/><span>2026-05-18 05:47:29 UTC<br/>2026-05-18 05:47:35 UTC</span></div>\n</div>"},"stroke-opacity":1,"stroke":"#36ff00","stroke-width":2}},{"type":"Feature","geometry":{"type":"LineString","coordinates":[[8.854041,50.121826,1402.08],[8.841916,50.119072,1356.36]]},"properties":{"name":"P-303","description":{"@type":"html","value":"<div><div><span><b>Altitude:</b></span> <span>4,600 ft - 4,450 ft</span></div>\n<div><span><b>Speed:</b></span> <span>205 kt - 202 kt</span></div>\n<div><span><b>Timestamp:</b></span><br/><span>2026-05-18 05:47:35 UTC<br/>2026-05-18 05:47:43 UTC</span></div>\n</div>"},"stroke-opacity":1,"stroke":"#36ff00","stroke-width":2}},{"type":"Feature","geometry":{"type":"LineString","coordinates":[[8.841916,50.119072,1356.36],[8.833297,50.117065,1325.88]]},"properties":{"name":"P-304","description":{"@type":"html","value":"<div><div><span><b>Altitude:</b></span> <span>4,450 ft - 4,350 ft</span></div>\n<div><span><b>Speed:</b></span> <span>202 kt - 201 kt</span></div>\n<div><span><b>Timestamp:</b></span><br/><span>2026-05-18 05:47:43 UTC<br/>2026-05-18 05:47:50 UTC</span></div>\n</div>"},"stroke-opacity":1,"stroke":"#36ff00","stroke-width":2}},{"type":"Feature","geometry":{"type":"LineString","coordinates":[[8.833297,50.117065,1325.88],[8.821588,50.114319,1287.78]]},"properties":{"name":"P-305","description":{"@type":"html","value":"<div><div><span><b>Altitude:</b></span> <span>4,350 ft - 4,225 ft</span></div>\n<div><span><b>Speed:</b></span> <span>201 kt - 200 kt</span></div>\n<div><span><b>Timestamp:</b></span><br/><span>2026-05-18 05:47:50 UTC<br/>2026-05-18 05:47:58 UTC</span></div>\n</div>"},"stroke-opacity":1,"stroke":"#36ff00","stroke-width":2}},{"type":"Feature","geometry":{"type":"LineString","coordinates":[[8.821588,50.114319,1287.78],[8.810529,50.11171,1234.44]]},"properties":{"name":"P-306","description":{"@type":"html","value":"<div><div><span><b>Altitude:</b></span> <span>4,225 ft - 4,050 ft</span></div>\n<div><span><b>Speed:</b></span> <span>200 kt - 198 kt</span></div>\n<div><span><b>Timestamp:</b></span><br/><span>2026-05-18 05:47:58 UTC<br/>2026-05-18 05:48:06 UTC</span></div>\n</div>"},"stroke-opacity":1,"stroke":"#36ff00","stroke-width":2}},{"type":"Feature","geometry":{"type":"LineString","coordinates":[[8.810529,50.11171,1234.44],[8.802424,50.10976,1203.96]]},"properties":{"name":"P-307","description":{"@type":"html","value":"<div><div><span><b>Altitude:</b></span> <span>4,050 ft - 3,950 ft</span></div>\n<div><span><b>Speed:</b></span> <span>198 kt</span></div>\n<div><span><b>Timestamp:</b></span><br/><span>2026-05-18 05:48:06 UTC<br/>2026-05-18 05:48:13 UTC</span></div>\n</div>"},"stroke-opacity":1,"stroke":"#36ff00","stroke-width":2}},{"type":"Feature","geometry":{"type":"LineString","coordinates":[[8.802424,50.10976,1203.96],[8.791438,50.107105,1158.24]]},"properties":{"name":"P-308","description":{"@type":"html","value":"<div><div><span><b>Altitude:</b></span> <span>3,950 ft - 3,800 ft</span></div>\n<div><span><b>Speed:</b></span> <span>198 kt - 197 kt</span></div>\n<div><span><b>Timestamp:</b></span><br/><span>2026-05-18 05:48:13 UTC<br/>2026-05-18 05:48:21 UTC</span></div>\n</div>"},"stroke-opacity":1,"stroke":"#36ff00","stroke-width":2}},{"type":"Feature","geometry":{"type":"LineString","coordinates":[[8.791438,50.107105,1158.24],[8.77919,50.104221,1104.9]]},"properties":{"name":"P-309","description":{"@type":"html","value":"<div><div><span><b>Altitude:</b></span> <span>3,800 ft - 3,625 ft</span></div>\n<div><span><b>Speed:</b></span> <span>197 kt - 194 kt</span></div>\n<div><span><b>Timestamp:</b></span><br/><span>2026-05-18 05:48:21 UTC<br/>2026-05-18 05:48:30 UTC</span></div>\n</div>"},"stroke-opacity":1,"stroke":"#0cff00","stroke-width":2}},{"type":"Feature","geometry":{"type":"LineString","coordinates":[[8.77919,50.104221,1104.9],[8.769094,50.101845,1066.8]]},"properties":{"name":"P-310","description":{"@type":"html","value":"<div><div><span><b>Altitude:</b></span> <span>3,625 ft - 3,500 ft</span></div>\n<div><span><b>Speed:</b></span> <span>194 kt - 187 kt</span></div>\n<div><span><b>Timestamp:</b></span><br/><span>2026-05-18 05:48:30 UTC<br/>2026-05-18 05:48:38 UTC</span></div>\n</div>"},"stroke-opacity":1,"stroke":"#0cff00","stroke-width":2}},{"type":"Feature","geometry":{"type":"LineString","coordinates":[[8.769094,50.101845,1066.8],[8.760928,50.099937,1036.32]]},"properties":{"name":"P-311","description":{"@type":"html","value":"<div><div><span><b>Altitude:</b></span> <span>3,500 ft - 3,400 ft</span></div>\n<div><span><b>Speed:</b></span> <span>187 kt - 182 kt</span></div>\n<div><span><b>Timestamp:</b></span><br/><span>2026-05-18 05:48:38 UTC<br/>2026-05-18 05:48:45 UTC</span></div>\n</div>"},"stroke-opacity":1,"stroke":"#0cff00","stroke-width":2}},{"type":"Feature","geometry":{"type":"LineString","coordinates":[[8.760928,50.099937,1036.32],[8.750104,50.097382,990.6]]},"properties":{"name":"P-312","description":{"@type":"html","value":"<div><div><span><b>Altitude:</b></span> <span>3,400 ft - 3,250 ft</span></div>\n<div><span><b>Speed:</b></span> <span>182 kt - 176 kt</span></div>\n<div><span><b>Timestamp:</b></span><br/><span>2026-05-18 05:48:45 UTC<br/>2026-05-18 05:48:54 UTC</span></div>\n</div>"},"stroke-opacity":1,"stroke":"#0cff00","stroke-width":2}},{"type":"Feature","geometry":{"type":"LineString","coordinates":[[8.750104,50.097382,990.6],[8.747493,50.096771,982.98]]},"properties":{"name":"P-313","description":{"@type":"html","value":"<div><div><span><b>Altitude:</b></span> <span>3,250 ft - 3,225 ft</span></div>\n<div><span><b>Speed:</b></span> <span>176 kt - 175 kt</span></div>\n<div><span><b>Timestamp:</b></span><br/><span>2026-05-18 05:48:54 UTC<br/>2026-05-18 05:48:56 UTC</span></div>\n</div>"},"stroke-opacity":1,"stroke":"#00ff1e","stroke-width":2}},{"type":"Feature","geometry":{"type":"LineString","coordinates":[[8.747493,50.096771,982.98],[8.744375,50.096027,967.74]]},"properties":{"name":"P-314","description":{"@type":"html","value":"<div><div><span><b>Altitude:</b></span> <span>3,225 ft - 3,175 ft</span></div>\n<div><span><b>Speed:</b></span> <span>175 kt - 174 kt</span></div>\n<div><span><b>Timestamp:</b></span><br/><span>2026-05-18 05:48:56 UTC<br/>2026-05-18 05:48:58 UTC</span></div>\n</div>"},"stroke-opacity":1,"stroke":"#00ff1e","stroke-width":2}},{"type":"Feature","geometry":{"type":"LineString","coordinates":[[8.744375,50.096027,967.74],[8.742587,50.095642,960.12]]},"properties":{"name":"P-315","description":{"@type":"html","value":"<div><div><span><b>Altitude:</b></span> <span>3,175 ft - 3,150 ft</span></div>\n<div><span><b>Speed:</b></span> <span>174 kt - 173 kt</span></div>\n<div><span><b>Timestamp:</b></span><br/><span>2026-05-18 05:48:58 UTC<br/>2026-05-18 05:49:00 UTC</span></div>\n</div>"},"stroke-opacity":1,"stroke":"#00ff1e","stroke-width":2}},{"type":"Feature","geometry":{"type":"LineString","coordinates":[[8.742587,50.095642,960.12],[8.73955,50.09491,952.5]]},"properties":{"name":"P-316","description":{"@type":"html","value":"<div><div><span><b>Altitude:</b></span> <span>3,150 ft - 3,125 ft</span></div>\n<div><span><b>Speed:</b></span> <span>173 kt</span></div>\n<div><span><b>Timestamp:</b></span><br/><span>2026-05-18 05:49:00 UTC<br/>2026-05-18 05:49:03 UTC</span></div>\n</div>"},"stroke-opacity":1,"stroke":"#00ff1e","stroke-width":2}},{"type":"Feature","geometry":{"type":"LineString","coordinates":[[8.73955,50.09491,952.5],[8.737094,50.094315,937.26]]},"properties":{"name":"P-317","description":{"@type":"html","value":"<div><div><span><b>Altitude:</b></span> <span>3,125 ft - 3,075 ft</span></div>\n<div><span><b>Speed:</b></span> <span>173 kt - 172 kt</span></div>\n<div><span><b>Timestamp:</b></span><br/><span>2026-05-18 05:49:03 UTC<br/>2026-05-18 05:49:05 UTC</span></div>\n</div>"},"stroke-opacity":1,"stroke":"#00ff1e","stroke-width":2}},{"type":"Feature","geometry":{"type":"LineString","coordinates":[[8.737094,50.094315,937.26],[8.729825,50.092583,914.4]]},"properties":{"name":"P-318","description":{"@type":"html","value":"<div><div><span><b>Altitude:</b></span> <span>3,075 ft - 3,000 ft</span></div>\n<div><span><b>Speed:</b></span> <span>172 kt - 169 kt</span></div>\n<div><span><b>Timestamp:</b></span><br/><span>2026-05-18 05:49:05 UTC<br/>2026-05-18 05:49:11 UTC</span></div>\n</div>"},"stroke-opacity":1,"stroke":"#00ff1e","stroke-width":2}},{"type":"Feature","geometry":{"type":"LineString","coordinates":[[8.729825,50.092583,914.4],[8.720101,50.090302,868.68]]},"properties":{"name":"P-319","description":{"@type":"html","value":"<div><div><span><b>Altitude:</b></span> <span>3,000 ft - 2,850 ft</span></div>\n<div><span><b>Speed:</b></span> <span>169 kt - 167 kt</span></div>\n<div><span><b>Timestamp:</b></span><br/><span>2026-05-18 05:49:11 UTC<br/>2026-05-18 05:49:20 UTC</span></div>\n</div>"},"stroke-opacity":1,"stroke":"#00ff1e","stroke-width":2}},{"type":"Feature","geometry":{"type":"LineString","coordinates":[[8.720101,50.090302,868.68],[8.710451,50.087975,822.96]]},"properties":{"name":"P-320","description":{"@type":"html","value":"<div><div><span><b>Altitude:</b></span> <span>2,850 ft - 2,700 ft</span></div>\n<div><span><b>Speed:</b></span> <span>167 kt - 165 kt</span></div>\n<div><span><b>Timestamp:</b></span><br/><span>2026-05-18 05:49:20 UTC<br/>2026-05-18 05:49:28 UTC</span></div>\n</div>"},"stroke-opacity":1,"stroke":"#00ff1e","stroke-width":2}},{"type":"Feature","geometry":{"type":"LineString","coordinates":[[8.710451,50.087975,822.96],[8.701606,50.0858,784.86]]},"properties":{"name":"P-321","description":{"@type":"html","value":"<div><div><span><b>Altitude:</b></span> <span>2,700 ft - 2,575 ft</span></div>\n<div><span><b>Speed:</b></span> <span>165 kt - 164 kt</span></div>\n<div><span><b>Timestamp:</b></span><br/><span>2026-05-18 05:49:28 UTC<br/>2026-05-18 05:49:37 UTC</span></div>\n</div>"},"stroke-opacity":1,"stroke":"#00ff1e","stroke-width":2}},{"type":"Feature","geometry":{"type":"LineString","coordinates":[[8.701606,50.0858,784.86],[8.694417,50.08411,746.76]]},"properties":{"name":"P-322","description":{"@type":"html","value":"<div><div><span><b>Altitude:</b></span> <span>2,575 ft - 2,450 ft</span></div>\n<div><span><b>Speed:</b></span> <span>164 kt</span></div>\n<div><span><b>Timestamp:</b></span><br/><span>2026-05-18 05:49:37 UTC<br/>2026-05-18 05:49:43 UTC</span></div>\n</div>"},"stroke-opacity":1,"stroke":"#00ff42","stroke-width":2}},{"type":"Feature","geometry":{"type":"LineString","coordinates":[[8.694417,50.08411,746.76],[8.684767,50.081829,708.66]]},"properties":{"name":"P-323","description":{"@type":"html","value":"<div><div><span><b>Altitude:</b></span> <span>2,450 ft - 2,325 ft</span></div>\n<div><span><b>Speed:</b></span> <span>164 kt - 161 kt</span></div>\n<div><span><b>Timestamp:</b></span><br/><span>2026-05-18 05:49:43 UTC<br/>2026-05-18 05:49:52 UTC</span></div>\n</div>"},"stroke-opacity":1,"stroke":"#00ff42","stroke-width":2}},{"type":"Feature","geometry":{"type":"LineString","coordinates":[[8.684767,50.081829,708.66],[8.677863,50.080154,678.18]]},"properties":{"name":"P-324","description":{"@type":"html","value":"<div><div><span><b>Altitude:</b></span> <span>2,325 ft - 2,225 ft</span></div>\n<div><span><b>Speed:</b></span> <span>161 kt</span></div>\n<div><span><b>Timestamp:</b></span><br/><span>2026-05-18 05:49:52 UTC<br/>2026-05-18 05:49:58 UTC</span></div>\n</div>"},"stroke-opacity":1,"stroke":"#00ff42","stroke-width":2}},{"type":"Feature","geometry":{"type":"LineString","coordinates":[[8.677863,50.080154,678.18],[8.669152,50.07811,647.7]]},"properties":{"name":"P-325","description":{"@type":"html","value":"<div><div><span><b>Altitude:</b></span> <span>2,225 ft - 2,125 ft</span></div>\n<div><span><b>Speed:</b></span> <span>161 kt - 160 kt</span></div>\n<div><span><b>Timestamp:</b></span><br/><span>2026-05-18 05:49:58 UTC<br/>2026-05-18 05:50:06 UTC</span></div>\n</div>"},"stroke-opacity":1,"stroke":"#00ff42","stroke-width":2}},{"type":"Feature","geometry":{"type":"LineString","coordinates":[[8.669152,50.07811,647.7],[8.662051,50.076473,624.84]]},"properties":{"name":"P-326","description":{"@type":"html","value":"<div><div><span><b>Altitude:</b></span> <span>2,125 ft - 2,050 ft</span></div>\n<div><span><b>Speed:</b></span> <span>160 kt - 159 kt</span></div>\n<div><span><b>Timestamp:</b></span><br/><span>2026-05-18 05:50:06 UTC<br/>2026-05-18 05:50:13 UTC</span></div>\n</div>"},"stroke-opacity":1,"stroke":"#00ff42","stroke-width":2}},{"type":"Feature","geometry":{"type":"LineString","coordinates":[[8.662051,50.076473,624.84],[8.652699,50.074287,594.36]]},"properties":{"name":"P-327","description":{"@type":"html","value":"<div><div><span><b>Altitude:</b></span> <span>2,050 ft - 1,950 ft</span></div>\n<div><span><b>Speed:</b></span> <span>159 kt - 157 kt</span></div>\n<div><span><b>Timestamp:</b></span><br/><span>2026-05-18 05:50:13 UTC<br/>2026-05-18 05:50:22 UTC</span></div>\n</div>"},"stroke-opacity":1,"stroke":"#00ff42","stroke-width":2}},{"type":"Feature","geometry":{"type":"LineString","coordinates":[[8.652699,50.074287,594.36],[8.645275,50.072517,571.5]]},"properties":{"name":"P-328","description":{"@type":"html","value":"<div><div><span><b>Altitude:</b></span> <span>1,950 ft - 1,875 ft</span></div>\n<div><span><b>Speed:</b></span> <span>157 kt - 154 kt</span></div>\n<div><span><b>Timestamp:</b></span><br/><span>2026-05-18 05:50:22 UTC<br/>2026-05-18 05:50:28 UTC</span></div>\n</div>"},"stroke-opacity":1,"stroke":"#00ffcc","stroke-width":2}},{"type":"Feature","geometry":{"type":"LineString","coordinates":[[8.645275,50.072517,571.5],[8.637061,50.070511,525.78]]},"properties":{"name":"P-329","description":{"@type":"html","value":"<div><div><span><b>Altitude:</b></span> <span>1,875 ft - 1,725 ft</span></div>\n<div><span><b>Speed:</b></span> <span>154 kt - 149 kt</span></div>\n<div><span><b>Timestamp:</b></span><br/><span>2026-05-18 05:50:28 UTC<br/>2026-05-18 05:50:37 UTC</span></div>\n</div>"},"stroke-opacity":1,"stroke":"#00ffcc","stroke-width":2}},{"type":"Feature","geometry":{"type":"LineString","coordinates":[[8.637061,50.070511,525.78],[8.629254,50.068634,495.3]]},"properties":{"name":"P-330","description":{"@type":"html","value":"<div><div><span><b>Altitude:</b></span> <span>1,725 ft - 1,625 ft</span></div>\n<div><span><b>Speed:</b></span> <span>149 kt - 138 kt</span></div>\n<div><span><b>Timestamp:</b></span><br/><span>2026-05-18 05:50:37 UTC<br/>2026-05-18 05:50:45 UTC</span></div>\n</div>"},"stroke-opacity":1,"stroke":"#00ffcc","stroke-width":2}},{"type":"Feature","geometry":{"type":"LineString","coordinates":[[8.629254,50.068634,495.3],[8.623302,50.067257,472.44]]},"properties":{"name":"P-331","description":{"@type":"html","value":"<div><div><span><b>Altitude:</b></span> <span>1,625 ft - 1,550 ft</span></div>\n<div><span><b>Speed:</b></span> <span>138 kt - 129 kt</span></div>\n<div><span><b>Timestamp:</b></span><br/><span>2026-05-18 05:50:45 UTC<br/>2026-05-18 05:50:52 UTC</span></div>\n</div>"},"stroke-opacity":1,"stroke":"#00ffcc","stroke-width":2}},{"type":"Feature","geometry":{"type":"LineString","coordinates":[[8.623302,50.067257,472.44],[8.616028,50.065567,449.58]]},"properties":{"name":"P-332","description":{"@type":"html","value":"<div><div><span><b>Altitude:</b></span> <span>1,550 ft - 1,475 ft</span></div>\n<div><span><b>Speed:</b></span> <span>129 kt - 121 kt</span></div>\n<div><span><b>Timestamp:</b></span><br/><span>2026-05-18 05:50:52 UTC<br/>2026-05-18 05:51:01 UTC</span></div>\n</div>"},"stroke-opacity":1,"stroke":"#00ffcc","stroke-width":2}},{"type":"Feature","geometry":{"type":"LineString","coordinates":[[8.616028,50.065567,449.58],[8.610607,50.06424,426.72]]},"properties":{"name":"P-333","description":{"@type":"html","value":"<div><div><span><b>Altitude:</b></span> <span>1,475 ft - 1,400 ft</span></div>\n<div><span><b>Speed:</b></span> <span>121 kt</span></div>\n<div><span><b>Timestamp:</b></span><br/><span>2026-05-18 05:51:01 UTC<br/>2026-05-18 05:51:07 UTC</span></div>\n</div>"},"stroke-opacity":1,"stroke":"#00ffcc","stroke-width":2}},{"type":"Feature","geometry":{"type":"LineString","coordinates":[[8.610607,50.06424,426.72],[8.603379,50.062454,396.24]]},"properties":{"name":"P-334","description":{"@type":"html","value":"<div><div><span><b>Altitude:</b></span> <span>1,400 ft - 1,300 ft</span></div>\n<div><span><b>Speed:</b></span> <span>121 kt - 124 kt</span></div>\n<div><span><b>Timestamp:</b></span><br/><span>2026-05-18 05:51:07 UTC<br/>2026-05-18 05:51:16 UTC</span></div>\n</div>"},"stroke-opacity":1,"stroke":"#00ffcc","stroke-width":2}},{"type":"Feature","geometry":{"type":"LineString","coordinates":[[8.603379,50.062454,396.24],[8.596729,50.060852,373.38]]},"properties":{"name":"P-335","description":{"@type":"html","value":"<div><div><span><b>Altitude:</b></span> <span>1,300 ft - 1,225 ft</span></div>\n<div><span><b>Speed:</b></span> <span>124 kt</span></div>\n<div><span><b>Timestamp:</b></span><br/><span>2026-05-18 05:51:16 UTC<br/>2026-05-18 05:51:24 UTC</span></div>\n</div>"},"stroke-opacity":1,"stroke":"#00fff0","stroke-width":2}},{"type":"Feature","geometry":{"type":"LineString","coordinates":[[8.596729,50.060852,373.38],[8.589378,50.059113,342.9]]},"properties":{"name":"P-336","description":{"@type":"html","value":"<div><div><span><b>Altitude:</b></span> <span>1,225 ft - 1,125 ft</span></div>\n<div><span><b>Speed:</b></span> <span>124 kt</span></div>\n<div><span><b>Timestamp:</b></span><br/><span>2026-05-18 05:51:24 UTC<br/>2026-05-18 05:51:32 UTC</span></div>\n</div>"},"stroke-opacity":1,"stroke":"#00fff0","stroke-width":2}},{"type":"Feature","geometry":{"type":"LineString","coordinates":[[8.589378,50.059113,342.9],[8.582029,50.057388,312.42]]},"properties":{"name":"P-337","description":{"@type":"html","value":"<div><div><span><b>Altitude:</b></span> <span>1,125 ft - 1,025 ft</span></div>\n<div><span><b>Speed:</b></span> <span>124 kt - 126 kt</span></div>\n<div><span><b>Timestamp:</b></span><br/><span>2026-05-18 05:51:32 UTC<br/>2026-05-18 05:51:41 UTC</span></div>\n</div>"},"stroke-opacity":1,"stroke":"#00fff0","stroke-width":2}},{"type":"Feature","geometry":{"type":"LineString","coordinates":[[8.582029,50.057388,312.42],[8.574974,50.055679,281.94]]},"properties":{"name":"P-338","description":{"@type":"html","value":"<div><div><span><b>Altitude:</b></span> <span>1,025 ft - 925 ft</span></div>\n<div><span><b>Speed:</b></span> <span>126 kt - 129 kt</span></div>\n<div><span><b>Timestamp:</b></span><br/><span>2026-05-18 05:51:41 UTC<br/>2026-05-18 05:51:49 UTC</span></div>\n</div>"},"stroke-opacity":1,"stroke":"#00fff0","stroke-width":2}},{"type":"Feature","geometry":{"type":"LineString","coordinates":[[8.574974,50.055679,281.94],[8.567385,50.053848,251.46]]},"properties":{"name":"P-339","description":{"@type":"html","value":"<div><div><span><b>Altitude:</b></span> <span>925 ft - 825 ft</span></div>\n<div><span><b>Speed:</b></span> <span>129 kt - 131 kt</span></div>\n<div><span><b>Timestamp:</b></span><br/><span>2026-05-18 05:51:49 UTC<br/>2026-05-18 05:51:58 UTC</span></div>\n</div>"},"stroke-opacity":1,"stroke":"#00eaff","stroke-width":2}},{"type":"Feature","geometry":{"type":"LineString","coordinates":[[8.567385,50.053848,251.46],[8.561987,50.052547,228.6]]},"properties":{"name":"P-340","description":{"@type":"html","value":"<div><div><span><b>Altitude:</b></span> <span>825 ft - 750 ft</span></div>\n<div><span><b>Speed:</b></span> <span>131 kt - 132 kt</span></div>\n<div><span><b>Timestamp:</b></span><br/><span>2026-05-18 05:51:58 UTC<br/>2026-05-18 05:52:04 UTC</span></div>\n</div>"},"stroke-opacity":1,"stroke":"#00eaff","stroke-width":2}},{"type":"Feature","geometry":{"type":"LineString","coordinates":[[8.561987,50.052547,228.6],[8.554519,50.050781,198.12]]},"properties":{"name":"P-341","description":{"@type":"html","value":"<div><div><span><b>Altitude:</b></span> <span>750 ft - 650 ft</span></div>\n<div><span><b>Speed:</b></span> <span>132 kt - 130 kt</span></div>\n<div><span><b>Timestamp:</b></span><br/><span>2026-05-18 05:52:04 UTC<br/>2026-05-18 05:52:12 UTC</span></div>\n</div>"},"stroke-opacity":1,"stroke":"#00eaff","stroke-width":2}},{"type":"Feature","geometry":{"type":"LineString","coordinates":[[8.554519,50.050781,198.12],[8.54917,50.049545,175.26]]},"properties":{"name":"P-342","description":{"@type":"html","value":"<div><div><span><b>Altitude:</b></span> <span>650 ft - 575 ft</span></div>\n<div><span><b>Speed:</b></span> <span>130 kt - 133 kt</span></div>\n<div><span><b>Timestamp:</b></span><br/><span>2026-05-18 05:52:12 UTC<br/>2026-05-18 05:52:19 UTC</span></div>\n</div>"},"stroke-opacity":1,"stroke":"#62e0ff","stroke-width":2}},{"type":"Feature","geometry":{"type":"LineString","coordinates":[[8.54917,50.049545,175.26],[8.539701,50.047256,137.16]]},"properties":{"name":"P-343","description":{"@type":"html","value":"<div><div><span><b>Altitude:</b></span> <span>575 ft - 450 ft</span></div>\n<div><span><b>Speed:</b></span> <span>133 kt - 134 kt</span></div>\n<div><span><b>Timestamp:</b></span><br/><span>2026-05-18 05:52:19 UTC<br/>2026-05-18 05:52:29 UTC</span></div>\n</div>"},"stroke-opacity":1,"stroke":"#62e0ff","stroke-width":2}},{"type":"Feature","geometry":{"type":"LineString","coordinates":[[8.539701,50.047256,137.16],[8.532814,50.045612,106.68]]},"properties":{"name":"P-344","description":{"@type":"html","value":"<div><div><span><b>Altitude:</b></span> <span>450 ft - 350 ft</span></div>\n<div><span><b>Speed:</b></span> <span>134 kt - 136 kt</span></div>\n<div><span><b>Timestamp:</b></span><br/><span>2026-05-18 05:52:29 UTC<br/>2026-05-18 05:52:36 UTC</span></div>\n</div>"},"stroke-opacity":1,"stroke":"#62e0ff","stroke-width":2}},{"type":"Feature","geometry":{"type":"LineString","coordinates":[[8.532814,50.045612,106.68],[8.511101,50.040279,0]]},"properties":{"name":"P-345","description":{"@type":"html","value":"<div><div><span><b>Altitude:</b></span> <span>350 ft - 0 ft</span></div>\n<div><span><b>Speed:</b></span> <span>136 kt - 0 kt</span></div>\n<div><span><b>Timestamp:</b></span><br/><span>2026-05-18 05:52:36 UTC<br/>2026-05-18 05:53:10 UTC</span></div>\n</div>"},"stroke-opacity":1,"stroke":"#62e0ff","stroke-width":2}},{"type":"Feature","geometry":{"type":"LineString","coordinates":[[8.511101,50.040279,0],[8.509254,50.039143,0]]},"properties":{"name":"P-346","description":{"@type":"html","value":"<div><div><span><b>Altitude:</b></span> <span>0 ft</span></div>\n<div><span><b>Speed:</b></span> <span>0 kt</span></div>\n<div><span><b>Timestamp:</b></span><br/><span>2026-05-18 05:53:10 UTC<br/>2026-05-18 05:53:23 UTC</span></div>\n</div>"},"stroke-opacity":1,"stroke":"#ffffff","stroke-width":2}},{"type":"Feature","geometry":{"type":"LineString","coordinates":[[8.509254,50.039143,0],[8.508521,50.03857,0]]},"properties":{"name":"P-347","description":{"@type":"html","value":"<div><div><span><b>Altitude:</b></span> <span>0 ft</span></div>\n<div><span><b>Speed:</b></span> <span>0 kt - 19 kt</span></div>\n<div><span><b>Timestamp:</b></span><br/><span>2026-05-18 05:53:23 UTC<br/>2026-05-18 05:53:30 UTC</span></div>\n</div>"},"stroke-opacity":1,"stroke":"#ffffff","stroke-width":2}},{"type":"Feature","geometry":{"type":"LineString","coordinates":[[8.508521,50.03857,0],[8.508373,50.038292,0]]},"properties":{"name":"P-348","description":{"@type":"html","value":"<div><div><span><b>Altitude:</b></span> <span>0 ft</span></div>\n<div><span><b>Speed:</b></span> <span>19 kt - 15 kt</span></div>\n<div><span><b>Timestamp:</b></span><br/><span>2026-05-18 05:53:30 UTC<br/>2026-05-18 05:53:34 UTC</span></div>\n</div>"},"stroke-opacity":1,"stroke":"#ffffff","stroke-width":2}},{"type":"Feature","geometry":{"type":"LineString","coordinates":[[8.508373,50.038292,0],[8.508429,50.038059,0]]},"properties":{"name":"P-349","description":{"@type":"html","value":"<div><div><span><b>Altitude:</b></span> <span>0 ft</span></div>\n<div><span><b>Speed:</b></span> <span>15 kt</span></div>\n<div><span><b>Timestamp:</b></span><br/><span>2026-05-18 05:53:34 UTC<br/>2026-05-18 05:53:38 UTC</span></div>\n</div>"},"stroke-opacity":1,"stroke":"#ffffff","stroke-width":2}},{"type":"Feature","geometry":{"type":"LineString","coordinates":[[8.508429,50.038059,0],[8.508821,50.037827,0]]},"properties":{"name":"P-350","description":{"@type":"html","value":"<div><div><span><b>Altitude:</b></span> <span>0 ft</span></div>\n<div><span><b>Speed:</b></span> <span>15 kt - 0 kt</span></div>\n<div><span><b>Timestamp:</b></span><br/><span>2026-05-18 05:53:38 UTC<br/>2026-05-18 05:53:43 UTC</span></div>\n</div>"},"stroke-opacity":1,"stroke":"#ffffff","stroke-width":2}},{"type":"Feature","geometry":{"type":"LineString","coordinates":[[8.508821,50.037827,0],[8.510618,50.038139,0]]},"properties":{"name":"P-351","description":{"@type":"html","value":"<div><div><span><b>Altitude:</b></span> <span>0 ft</span></div>\n<div><span><b>Speed:</b></span> <span>0 kt</span></div>\n<div><span><b>Timestamp:</b></span><br/><span>2026-05-18 05:53:43 UTC<br/>2026-05-18 05:54:04 UTC</span></div>\n</div>"},"stroke-opacity":1,"stroke":"#ffffff","stroke-width":2}},{"type":"Feature","geometry":{"type":"LineString","coordinates":[[8.510618,50.038139,0],[8.511296,50.038307,0]]},"properties":{"name":"P-352","description":{"@type":"html","value":"<div><div><span><b>Altitude:</b></span> <span>0 ft</span></div>\n<div><span><b>Speed:</b></span> <span>0 kt - 14 kt</span></div>\n<div><span><b>Timestamp:</b></span><br/><span>2026-05-18 05:54:04 UTC<br/>2026-05-18 05:54:13 UTC</span></div>\n</div>"},"stroke-opacity":1,"stroke":"#ffffff","stroke-width":2}},{"type":"Feature","geometry":{"type":"LineString","coordinates":[[8.511296,50.038307,0],[8.511694,50.038399,0]]},"properties":{"name":"P-353","description":{"@type":"html","value":"<div><div><span><b>Altitude:</b></span> <span>0 ft</span></div>\n<div><span><b>Speed:</b></span> <span>14 kt - 15 kt</span></div>\n<div><span><b>Timestamp:</b></span><br/><span>2026-05-18 05:54:13 UTC<br/>2026-05-18 05:54:16 UTC</span></div>\n</div>"},"stroke-opacity":1,"stroke":"#ffffff","stroke-width":2}},{"type":"Feature","geometry":{"type":"LineString","coordinates":[[8.511694,50.038399,0],[8.51279,50.038662,0]]},"properties":{"name":"P-354","description":{"@type":"html","value":"<div><div><span><b>Altitude:</b></span> <span>0 ft</span></div>\n<div><span><b>Speed:</b></span> <span>15 kt - 18 kt</span></div>\n<div><span><b>Timestamp:</b></span><br/><span>2026-05-18 05:54:16 UTC<br/>2026-05-18 05:54:24 UTC</span></div>\n</div>"},"stroke-opacity":1,"stroke":"#ffffff","stroke-width":2}},{"type":"Feature","geometry":{"type":"LineString","coordinates":[[8.51279,50.038662,0],[8.513916,50.038925,0]]},"properties":{"name":"P-355","description":{"@type":"html","value":"<div><div><span><b>Altitude:</b></span> <span>0 ft</span></div>\n<div><span><b>Speed:</b></span> <span>18 kt - 22 kt</span></div>\n<div><span><b>Timestamp:</b></span><br/><span>2026-05-18 05:54:24 UTC<br/>2026-05-18 05:54:32 UTC</span></div>\n</div>"},"stroke-opacity":1,"stroke":"#ffffff","stroke-width":2}},{"type":"Feature","geometry":{"type":"LineString","coordinates":[[8.513916,50.038925,0],[8.515182,50.039234,0]]},"properties":{"name":"P-356","description":{"@type":"html","value":"<div><div><span><b>Altitude:</b></span> <span>0 ft</span></div>\n<div><span><b>Speed:</b></span> <span>22 kt - 24 kt</span></div>\n<div><span><b>Timestamp:</b></span><br/><span>2026-05-18 05:54:32 UTC<br/>2026-05-18 05:54:41 UTC</span></div>\n</div>"},"stroke-opacity":1,"stroke":"#ffffff","stroke-width":2}},{"type":"Feature","geometry":{"type":"LineString","coordinates":[[8.515182,50.039234,0],[8.516699,50.0396,0]]},"properties":{"name":"P-357","description":{"@type":"html","value":"<div><div><span><b>Altitude:</b></span> <span>0 ft</span></div>\n<div><span><b>Speed:</b></span> <span>24 kt - 25 kt</span></div>\n<div><span><b>Timestamp:</b></span><br/><span>2026-05-18 05:54:41 UTC<br/>2026-05-18 05:54:49 UTC</span></div>\n</div>"},"stroke-opacity":1,"stroke":"#ffffff","stroke-width":2}},{"type":"Feature","geometry":{"type":"LineString","coordinates":[[8.516699,50.0396,0],[8.517838,50.039875,0]]},"properties":{"name":"P-358","description":{"@type":"html","value":"<div><div><span><b>Altitude:</b></span> <span>0 ft</span></div>\n<div><span><b>Speed:</b></span> <span>25 kt - 26 kt</span></div>\n<div><span><b>Timestamp:</b></span><br/><span>2026-05-18 05:54:49 UTC<br/>2026-05-18 05:54:57 UTC</span></div>\n</div>"},"stroke-opacity":1,"stroke":"#ffffff","stroke-width":2}},{"type":"Feature","geometry":{"type":"LineString","coordinates":[[8.517838,50.039875,0],[8.519301,50.040218,0]]},"properties":{"name":"P-359","description":{"@type":"html","value":"<div><div><span><b>Altitude:</b></span> <span>0 ft</span></div>\n<div><span><b>Speed:</b></span> <span>26 kt</span></div>\n<div><span><b>Timestamp:</b></span><br/><span>2026-05-18 05:54:57 UTC<br/>2026-05-18 05:55:03 UTC</span></div>\n</div>"},"stroke-opacity":1,"stroke":"#ffffff","stroke-width":2}},{"type":"Feature","geometry":{"type":"LineString","coordinates":[[8.519301,50.040218,0],[8.520404,50.040482,0]]},"properties":{"name":"P-360","description":{"@type":"html","value":"<div><div><span><b>Altitude:</b></span> <span>0 ft</span></div>\n<div><span><b>Speed:</b></span> <span>26 kt</span></div>\n<div><span><b>Timestamp:</b></span><br/><span>2026-05-18 05:55:03 UTC<br/>2026-05-18 05:55:10 UTC</span></div>\n</div>"},"stroke-opacity":1,"stroke":"#ffffff","stroke-width":2}},{"type":"Feature","geometry":{"type":"LineString","coordinates":[[8.520404,50.040482,0],[8.521596,50.040768,0]]},"properties":{"name":"P-361","description":{"@type":"html","value":"<div><div><span><b>Altitude:</b></span> <span>0 ft</span></div>\n<div><span><b>Speed:</b></span> <span>26 kt</span></div>\n<div><span><b>Timestamp:</b></span><br/><span>2026-05-18 05:55:10 UTC<br/>2026-05-18 05:55:17 UTC</span></div>\n</div>"},"stroke-opacity":1,"stroke":"#ffffff","stroke-width":2}},{"type":"Feature","geometry":{"type":"LineString","coordinates":[[8.521596,50.040768,0],[8.523204,50.041157,0]]},"properties":{"name":"P-362","description":{"@type":"html","value":"<div><div><span><b>Altitude:</b></span> <span>0 ft</span></div>\n<div><span><b>Speed:</b></span> <span>26 kt - 25 kt</span></div>\n<div><span><b>Timestamp:</b></span><br/><span>2026-05-18 05:55:17 UTC<br/>2026-05-18 05:55:25 UTC</span></div>\n</div>"},"stroke-opacity":1,"stroke":"#ffffff","stroke-width":2}},{"type":"Feature","geometry":{"type":"LineString","coordinates":[[8.523204,50.041157,0],[8.5245,50.04147,0]]},"properties":{"name":"P-363","description":{"@type":"html","value":"<div><div><span><b>Altitude:</b></span> <span>0 ft</span></div>\n<div><span><b>Speed:</b></span> <span>25 kt - 24 kt</span></div>\n<div><span><b>Timestamp:</b></span><br/><span>2026-05-18 05:55:25 UTC<br/>2026-05-18 05:55:33 UTC</span></div>\n</div>"},"stroke-opacity":1,"stroke":"#ffffff","stroke-width":2}},{"type":"Feature","geometry":{"type":"LineString","coordinates":[[8.5245,50.04147,0],[8.526294,50.041889,0]]},"properties":{"name":"P-364","description":{"@type":"html","value":"<div><div><span><b>Altitude:</b></span> <span>0 ft</span></div>\n<div><span><b>Speed:</b></span> <span>24 kt - 23 kt</span></div>\n<div><span><b>Timestamp:</b></span><br/><span>2026-05-18 05:55:33 UTC<br/>2026-05-18 05:55:45 UTC</span></div>\n</div>"},"stroke-opacity":1,"stroke":"#ffffff","stroke-width":2}},{"type":"Feature","geometry":{"type":"LineString","coordinates":[[8.526294,50.041889,0],[8.527637,50.042213,0]]},"properties":{"name":"P-365","description":{"@type":"html","value":"<div><div><span><b>Altitude:</b></span> <span>0 ft</span></div>\n<div><span><b>Speed:</b></span> <span>23 kt - 22 kt</span></div>\n<div><span><b>Timestamp:</b></span><br/><span>2026-05-18 05:55:45 UTC<br/>2026-05-18 05:55:53 UTC</span></div>\n</div>"},"stroke-opacity":1,"stroke":"#ffffff","stroke-width":2}},{"type":"Feature","geometry":{"type":"LineString","coordinates":[[8.527637,50.042213,0],[8.528416,50.0424,0]]},"properties":{"name":"P-366","description":{"@type":"html","value":"<div><div><span><b>Altitude:</b></span> <span>0 ft</span></div>\n<div><span><b>Speed:</b></span> <span>22 kt - 0 kt</span></div>\n<div><span><b>Timestamp:</b></span><br/><span>2026-05-18 05:55:53 UTC<br/>2026-05-18 05:56:04 UTC</span></div>\n</div>"},"stroke-opacity":1,"stroke":"#ffffff","stroke-width":2}},{"type":"Feature","geometry":{"type":"LineString","coordinates":[[8.528416,50.0424,0],[8.530288,50.04285,0]]},"properties":{"name":"P-367","description":{"@type":"html","value":"<div><div><span><b>Altitude:</b></span> <span>0 ft</span></div>\n<div><span><b>Speed:</b></span> <span>0 kt</span></div>\n<div><span><b>Timestamp:</b></span><br/><span>2026-05-18 05:56:04 UTC<br/>2026-05-18 05:56:12 UTC</span></div>\n</div>"},"stroke-opacity":1,"stroke":"#ffffff","stroke-width":2}},{"type":"Feature","geometry":{"type":"LineString","coordinates":[[8.530288,50.04285,0],[8.531459,50.043133,0]]},"properties":{"name":"P-368","description":{"@type":"html","value":"<div><div><span><b>Altitude:</b></span> <span>0 ft</span></div>\n<div><span><b>Speed:</b></span> <span>0 kt - 20 kt</span></div>\n<div><span><b>Timestamp:</b></span><br/><span>2026-05-18 05:56:12 UTC<br/>2026-05-18 05:56:20 UTC</span></div>\n</div>"},"stroke-opacity":1,"stroke":"#ffffff","stroke-width":2}},{"type":"Feature","geometry":{"type":"LineString","coordinates":[[8.531459,50.043133,0],[8.532239,50.04332,0]]},"properties":{"name":"P-369","description":{"@type":"html","value":"<div><div><span><b>Altitude:</b></span> <span>0 ft</span></div>\n<div><span><b>Speed:</b></span> <span>20 kt - 19 kt</span></div>\n<div><span><b>Timestamp:</b></span><br/><span>2026-05-18 05:56:20 UTC<br/>2026-05-18 05:56:29 UTC</span></div>\n</div>"},"stroke-opacity":1,"stroke":"#ffffff","stroke-width":2}},{"type":"Feature","geometry":{"type":"LineString","coordinates":[[8.532239,50.04332,0],[8.533667,50.043663,0]]},"properties":{"name":"P-370","description":{"@type":"html","value":"<div><div><span><b>Altitude:</b></span> <span>0 ft</span></div>\n<div><span><b>Speed:</b></span> <span>19 kt - 18 kt</span></div>\n<div><span><b>Timestamp:</b></span><br/><span>2026-05-18 05:56:29 UTC<br/>2026-05-18 05:56:37 UTC</span></div>\n</div>"},"stroke-opacity":1,"stroke":"#ffffff","stroke-width":2}},{"type":"Feature","geometry":{"type":"LineString","coordinates":[[8.533667,50.043663,0],[8.534986,50.043934,0]]},"properties":{"name":"P-371","description":{"@type":"html","value":"<div><div><span><b>Altitude:</b></span> <span>0 ft</span></div>\n<div><span><b>Speed:</b></span> <span>18 kt - 16 kt</span></div>\n<div><span><b>Timestamp:</b></span><br/><span>2026-05-18 05:56:37 UTC<br/>2026-05-18 05:56:48 UTC</span></div>\n</div>"},"stroke-opacity":1,"stroke":"#ffffff","stroke-width":2}},{"type":"Feature","geometry":{"type":"LineString","coordinates":[[8.534986,50.043934,0],[8.535282,50.043957,0]]},"properties":{"name":"P-372","description":{"@type":"html","value":"<div><div><span><b>Altitude:</b></span> <span>0 ft</span></div>\n<div><span><b>Speed:</b></span> <span>16 kt</span></div>\n<div><span><b>Timestamp:</b></span><br/><span>2026-05-18 05:56:48 UTC<br/>2026-05-18 05:56:51 UTC</span></div>\n</div>"},"stroke-opacity":1,"stroke":"#ffffff","stroke-width":2}},{"type":"Feature","geometry":{"type":"LineString","coordinates":[[8.535282,50.043957,0],[8.535492,50.043983,0]]},"properties":{"name":"P-373","description":{"@type":"html","value":"<div><div><span><b>Altitude:</b></span> <span>0 ft</span></div>\n<div><span><b>Speed:</b></span> <span>16 kt</span></div>\n<div><span><b>Timestamp:</b></span><br/><span>2026-05-18 05:56:51 UTC<br/>2026-05-18 05:56:52 UTC</span></div>\n</div>"},"stroke-opacity":1,"stroke":"#ffffff","stroke-width":2}},{"type":"Feature","geometry":{"type":"LineString","coordinates":[[8.535492,50.043983,0],[8.535727,50.043995,0]]},"properties":{"name":"P-374","description":{"@type":"html","value":"<div><div><span><b>Altitude:</b></span> <span>0 ft</span></div>\n<div><span><b>Speed:</b></span> <span>16 kt - 15 kt</span></div>\n<div><span><b>Timestamp:</b></span><br/><span>2026-05-18 05:56:52 UTC<br/>2026-05-18 05:56:55 UTC</span></div>\n</div>"},"stroke-opacity":1,"stroke":"#ffffff","stroke-width":2}},{"type":"Feature","geometry":{"type":"LineString","coordinates":[[8.535727,50.043995,0],[8.536061,50.044018,0]]},"properties":{"name":"P-375","description":{"@type":"html","value":"<div><div><span><b>Altitude:</b></span> <span>0 ft</span></div>\n<div><span><b>Speed:</b></span> <span>15 kt</span></div>\n<div><span><b>Timestamp:</b></span><br/><span>2026-05-18 05:56:55 UTC<br/>2026-05-18 05:56:57 UTC</span></div>\n</div>"},"stroke-opacity":1,"stroke":"#ffffff","stroke-width":2}},{"type":"Feature","geometry":{"type":"LineString","coordinates":[[8.536061,50.044018,0],[8.536413,50.044029,0]]},"properties":{"name":"P-376","description":{"@type":"html","value":"<div><div><span><b>Altitude:</b></span> <span>0 ft</span></div>\n<div><span><b>Speed:</b></span> <span>15 kt</span></div>\n<div><span><b>Timestamp:</b></span><br/><span>2026-05-18 05:56:57 UTC<br/>2026-05-18 05:57:01 UTC</span></div>\n</div>"},"stroke-opacity":1,"stroke":"#ffffff","stroke-width":2}},{"type":"Feature","geometry":{"type":"LineString","coordinates":[[8.536413,50.044029,0],[8.536971,50.044075,0]]},"properties":{"name":"P-377","description":{"@type":"html","value":"<div><div><span><b>Altitude:</b></span> <span>0 ft</span></div>\n<div><span><b>Speed:</b></span> <span>15 kt - 14 kt</span></div>\n<div><span><b>Timestamp:</b></span><br/><span>2026-05-18 05:57:01 UTC<br/>2026-05-18 05:57:06 UTC</span></div>\n</div>"},"stroke-opacity":1,"stroke":"#ffffff","stroke-width":2}},{"type":"Feature","geometry":{"type":"LineString","coordinates":[[8.536971,50.044075,0],[8.537268,50.044098,0]]},"properties":{"name":"P-378","description":{"@type":"html","value":"<div><div><span><b>Altitude:</b></span> <span>0 ft</span></div>\n<div><span><b>Speed:</b></span> <span>14 kt</span></div>\n<div><span><b>Timestamp:</b></span><br/><span>2026-05-18 05:57:06 UTC<br/>2026-05-18 05:57:09 UTC</span></div>\n</div>"},"stroke-opacity":1,"stroke":"#ffffff","stroke-width":2}},{"type":"Feature","geometry":{"type":"LineString","coordinates":[[8.537268,50.044098,0],[8.538288,50.044155,0]]},"properties":{"name":"P-379","description":{"@type":"html","value":"<div><div><span><b>Altitude:</b></span> <span>0 ft</span></div>\n<div><span><b>Speed:</b></span> <span>14 kt</span></div>\n<div><span><b>Timestamp:</b></span><br/><span>2026-05-18 05:57:09 UTC<br/>2026-05-18 05:57:19 UTC</span></div>\n</div>"},"stroke-opacity":1,"stroke":"#ffffff","stroke-width":2}},{"type":"Feature","geometry":{"type":"LineString","coordinates":[[8.538288,50.044155,0],[8.538938,50.044201,0]]},"properties":{"name":"P-380","description":{"@type":"html","value":"<div><div><span><b>Altitude:</b></span> <span>0 ft</span></div>\n<div><span><b>Speed:</b></span> <span>14 kt - 15 kt</span></div>\n<div><span><b>Timestamp:</b></span><br/><span>2026-05-18 05:57:19 UTC<br/>2026-05-18 05:57:26 UTC</span></div>\n</div>"},"stroke-opacity":1,"stroke":"#ffffff","stroke-width":2}},{"type":"Feature","geometry":{"type":"LineString","coordinates":[[8.538938,50.044201,0],[8.539885,50.044262,0]]},"properties":{"name":"P-381","description":{"@type":"html","value":"<div><div><span><b>Altitude:</b></span> <span>0 ft</span></div>\n<div><span><b>Speed:</b></span> <span>15 kt - 16 kt</span></div>\n<div><span><b>Timestamp:</b></span><br/><span>2026-05-18 05:57:26 UTC<br/>2026-05-18 05:57:34 UTC</span></div>\n</div>"},"stroke-opacity":1,"stroke":"#ffffff","stroke-width":2}},{"type":"Feature","geometry":{"type":"LineString","coordinates":[[8.539885,50.044262,0],[8.540646,50.044319,0]]},"properties":{"name":"P-382","description":{"@type":"html","value":"<div><div><span><b>Altitude:</b></span> <span>0 ft</span></div>\n<div><span><b>Speed:</b></span> <span>16 kt - 17 kt</span></div>\n<div><span><b>Timestamp:</b></span><br/><span>2026-05-18 05:57:34 UTC<br/>2026-05-18 05:57:41 UTC</span></div>\n</div>"},"stroke-opacity":1,"stroke":"#ffffff","stroke-width":2}},{"type":"Feature","geometry":{"type":"LineString","coordinates":[[8.540646,50.044319,0],[8.542484,50.044441,0]]},"properties":{"name":"P-383","description":{"@type":"html","value":"<div><div><span><b>Altitude:</b></span> <span>0 ft</span></div>\n<div><span><b>Speed:</b></span> <span>17 kt - 19 kt</span></div>\n<div><span><b>Timestamp:</b></span><br/><span>2026-05-18 05:57:41 UTC<br/>2026-05-18 05:57:53 UTC</span></div>\n</div>"},"stroke-opacity":1,"stroke":"#ffffff","stroke-width":2}},{"type":"Feature","geometry":{"type":"LineString","coordinates":[[8.542484,50.044441,0],[8.543532,50.04451,0]]},"properties":{"name":"P-384","description":{"@type":"html","value":"<div><div><span><b>Altitude:</b></span> <span>0 ft</span></div>\n<div><span><b>Speed:</b></span> <span>19 kt - 20 kt</span></div>\n<div><span><b>Timestamp:</b></span><br/><span>2026-05-18 05:57:53 UTC<br/>2026-05-18 05:58:01 UTC</span></div>\n</div>"},"stroke-opacity":1,"stroke":"#ffffff","stroke-width":2}},{"type":"Feature","geometry":{"type":"LineString","coordinates":[[8.543532,50.04451,0],[8.544255,50.044533,0]]},"properties":{"name":"P-385","description":{"@type":"html","value":"<div><div><span><b>Altitude:</b></span> <span>0 ft</span></div>\n<div><span><b>Speed:</b></span> <span>20 kt - 22 kt</span></div>\n<div><span><b>Timestamp:</b></span><br/><span>2026-05-18 05:58:01 UTC<br/>2026-05-18 05:58:07 UTC</span></div>\n</div>"},"stroke-opacity":1,"stroke":"#ffffff","stroke-width":2}},{"type":"Feature","geometry":{"type":"LineString","coordinates":[[8.544255,50.044533,0],[8.544654,50.044518,0]]},"properties":{"name":"P-386","description":{"@type":"html","value":"<div><div><span><b>Altitude:</b></span> <span>0 ft</span></div>\n<div><span><b>Speed:</b></span> <span>22 kt</span></div>\n<div><span><b>Timestamp:</b></span><br/><span>2026-05-18 05:58:07 UTC<br/>2026-05-18 05:58:09 UTC</span></div>\n</div>"},"stroke-opacity":1,"stroke":"#ffffff","stroke-width":2}},{"type":"Feature","geometry":{"type":"LineString","coordinates":[[8.544654,50.044518,0],[8.545231,50.044441,0]]},"properties":{"name":"P-387","description":{"@type":"html","value":"<div><div><span><b>Altitude:</b></span> <span>0 ft</span></div>\n<div><span><b>Speed:</b></span> <span>22 kt - 23 kt</span></div>\n<div><span><b>Timestamp:</b></span><br/><span>2026-05-18 05:58:09 UTC<br/>2026-05-18 05:58:11 UTC</span></div>\n</div>"},"stroke-opacity":1,"stroke":"#ffffff","stroke-width":2}},{"type":"Feature","geometry":{"type":"LineString","coordinates":[[8.545231,50.044441,0],[8.545656,50.044353,0]]},"properties":{"name":"P-388","description":{"@type":"html","value":"<div><div><span><b>Altitude:</b></span> <span>0 ft</span></div>\n<div><span><b>Speed:</b></span> <span>23 kt - 24 kt</span></div>\n<div><span><b>Timestamp:</b></span><br/><span>2026-05-18 05:58:11 UTC<br/>2026-05-18 05:58:13 UTC</span></div>\n</div>"},"stroke-opacity":1,"stroke":"#ffffff","stroke-width":2}},{"type":"Feature","geometry":{"type":"LineString","coordinates":[[8.545656,50.044353,0],[8.546064,50.044228,0]]},"properties":{"name":"P-389","description":{"@type":"html","value":"<div><div><span><b>Altitude:</b></span> <span>0 ft</span></div>\n<div><span><b>Speed:</b></span> <span>24 kt</span></div>\n<div><span><b>Timestamp:</b></span><br/><span>2026-05-18 05:58:13 UTC<br/>2026-05-18 05:58:17 UTC</span></div>\n</div>"},"stroke-opacity":1,"stroke":"#ffffff","stroke-width":2}},{"type":"Feature","geometry":{"type":"LineString","coordinates":[[8.546064,50.044228,0],[8.54646,50.044086,0]]},"properties":{"name":"P-390","description":{"@type":"html","value":"<div><div><span><b>Altitude:</b></span> <span>0 ft</span></div>\n<div><span><b>Speed:</b></span> <span>24 kt - 25 kt</span></div>\n<div><span><b>Timestamp:</b></span><br/><span>2026-05-18 05:58:17 UTC<br/>2026-05-18 05:58:19 UTC</span></div>\n</div>"},"stroke-opacity":1,"stroke":"#ffffff","stroke-width":2}},{"type":"Feature","geometry":{"type":"LineString","coordinates":[[8.54646,50.044086,0],[8.546767,50.043926,0]]},"properties":{"name":"P-391","description":{"@type":"html","value":"<div><div><span><b>Altitude:</b></span> <span>0 ft</span></div>\n<div><span><b>Speed:</b></span> <span>25 kt</span></div>\n<div><span><b>Timestamp:</b></span><br/><span>2026-05-18 05:58:19 UTC<br/>2026-05-18 05:58:21 UTC</span></div>\n</div>"},"stroke-opacity":1,"stroke":"#ffffff","stroke-width":2}},{"type":"Feature","geometry":{"type":"LineString","coordinates":[[8.546767,50.043926,0],[8.547177,50.043633,0]]},"properties":{"name":"P-392","description":{"@type":"html","value":"<div><div><span><b>Altitude:</b></span> <span>0 ft</span></div>\n<div><span><b>Speed:</b></span> <span>25 kt</span></div>\n<div><span><b>Timestamp:</b></span><br/><span>2026-05-18 05:58:21 UTC<br/>2026-05-18 05:58:24 UTC</span></div>\n</div>"},"stroke-opacity":1,"stroke":"#ffffff","stroke-width":2}},{"type":"Feature","geometry":{"type":"LineString","coordinates":[[8.547177,50.043633,0],[8.547472,50.0434,0]]},"properties":{"name":"P-393","description":{"@type":"html","value":"<div><div><span><b>Altitude:</b></span> <span>0 ft</span></div>\n<div><span><b>Speed:</b></span> <span>25 kt - 24 kt</span></div>\n<div><span><b>Timestamp:</b></span><br/><span>2026-05-18 05:58:24 UTC<br/>2026-05-18 05:58:26 UTC</span></div>\n</div>"},"stroke-opacity":1,"stroke":"#ffffff","stroke-width":2}},{"type":"Feature","geometry":{"type":"LineString","coordinates":[[8.547472,50.0434,0],[8.54767,50.043159,0]]},"properties":{"name":"P-394","description":{"@type":"html","value":"<div><div><span><b>Altitude:</b></span> <span>0 ft</span></div>\n<div><span><b>Speed:</b></span> <span>24 kt - 23 kt</span></div>\n<div><span><b>Timestamp:</b></span><br/><span>2026-05-18 05:58:26 UTC<br/>2026-05-18 05:58:29 UTC</span></div>\n</div>"},"stroke-opacity":1,"stroke":"#ffffff","stroke-width":2}},{"type":"Feature","geometry":{"type":"LineString","coordinates":[[8.54767,50.043159,0],[8.547938,50.042782,0]]},"properties":{"name":"P-395","description":{"@type":"html","value":"<div><div><span><b>Altitude:</b></span> <span>0 ft</span></div>\n<div><span><b>Speed:</b></span> <span>23 kt - 21 kt</span></div>\n<div><span><b>Timestamp:</b></span><br/><span>2026-05-18 05:58:29 UTC<br/>2026-05-18 05:58:33 UTC</span></div>\n</div>"},"stroke-opacity":1,"stroke":"#ffffff","stroke-width":2}},{"type":"Feature","geometry":{"type":"LineString","coordinates":[[8.547938,50.042782,0],[8.548104,50.042484,0]]},"properties":{"name":"P-396","description":{"@type":"html","value":"<div><div><span><b>Altitude:</b></span> <span>0 ft</span></div>\n<div><span><b>Speed:</b></span> <span>21 kt - 19 kt</span></div>\n<div><span><b>Timestamp:</b></span><br/><span>2026-05-18 05:58:33 UTC<br/>2026-05-18 05:58:37 UTC</span></div>\n</div>"},"stroke-opacity":1,"stroke":"#ffffff","stroke-width":2}},{"type":"Feature","geometry":{"type":"LineString","coordinates":[[8.548104,50.042484,0],[8.548213,50.042267,0]]},"properties":{"name":"P-397","description":{"@type":"html","value":"<div><div><span><b>Altitude:</b></span> <span>0 ft</span></div>\n<div><span><b>Speed:</b></span> <span>19 kt</span></div>\n<div><span><b>Timestamp:</b></span><br/><span>2026-05-18 05:58:37 UTC<br/>2026-05-18 05:58:39 UTC</span></div>\n</div>"},"stroke-opacity":1,"stroke":"#ffffff","stroke-width":2}},{"type":"Feature","geometry":{"type":"LineString","coordinates":[[8.548213,50.042267,0],[8.548357,50.041992,0]]},"properties":{"name":"P-398","description":{"@type":"html","value":"<div><div><span><b>Altitude:</b></span> <span>0 ft</span></div>\n<div><span><b>Speed:</b></span> <span>19 kt - 20 kt</span></div>\n<div><span><b>Timestamp:</b></span><br/><span>2026-05-18 05:58:39 UTC<br/>2026-05-18 05:58:42 UTC</span></div>\n</div>"},"stroke-opacity":1,"stroke":"#ffffff","stroke-width":2}},{"type":"Feature","geometry":{"type":"LineString","coordinates":[[8.548357,50.041992,0],[8.548466,50.041786,0]]},"properties":{"name":"P-399","description":{"@type":"html","value":"<div><div><span><b>Altitude:</b></span> <span>0 ft</span></div>\n<div><span><b>Speed:</b></span> <span>20 kt</span></div>\n<div><span><b>Timestamp:</b></span><br/><span>2026-05-18 05:58:42 UTC<br/>2026-05-18 05:58:45 UTC</span></div>\n</div>"},"stroke-opacity":1,"stroke":"#ffffff","stroke-width":2}},{"type":"Feature","geometry":{"type":"LineString","coordinates":[[8.548466,50.041786,0],[8.548592,50.041557,0]]},"properties":{"name":"P-400","description":{"@type":"html","value":"<div><div><span><b>Altitude:</b></span> <span>0 ft</span></div>\n<div><span><b>Speed:</b></span> <span>20 kt</span></div>\n<div><span><b>Timestamp:</b></span><br/><span>2026-05-18 05:58:45 UTC<br/>2026-05-18 05:58:47 UTC</span></div>\n</div>"},"stroke-opacity":1,"stroke":"#ffffff","stroke-width":2}},{"type":"Feature","geometry":{"type":"LineString","coordinates":[[8.548592,50.041557,0],[8.548737,50.041317,0]]},"properties":{"name":"P-401","description":{"@type":"html","value":"<div><div><span><b>Altitude:</b></span> <span>0 ft</span></div>\n<div><span><b>Speed:</b></span> <span>20 kt</span></div>\n<div><span><b>Timestamp:</b></span><br/><span>2026-05-18 05:58:47 UTC<br/>2026-05-18 05:58:50 UTC</span></div>\n</div>"},"stroke-opacity":1,"stroke":"#ffffff","stroke-width":2}},{"type":"Feature","geometry":{"type":"LineString","coordinates":[[8.548737,50.041317,0],[8.548845,50.041088,0]]},"properties":{"name":"P-402","description":{"@type":"html","value":"<div><div><span><b>Altitude:</b></span> <span>0 ft</span></div>\n<div><span><b>Speed:</b></span> <span>20 kt</span></div>\n<div><span><b>Timestamp:</b></span><br/><span>2026-05-18 05:58:50 UTC<br/>2026-05-18 05:58:52 UTC</span></div>\n</div>"},"stroke-opacity":1,"stroke":"#ffffff","stroke-width":2}},{"type":"Feature","geometry":{"type":"LineString","coordinates":[[8.548845,50.041088,0],[8.549116,50.040665,0]]},"properties":{"name":"P-403","description":{"@type":"html","value":"<div><div><span><b>Altitude:</b></span> <span>0 ft</span></div>\n<div><span><b>Speed:</b></span> <span>20 kt</span></div>\n<div><span><b>Timestamp:</b></span><br/><span>2026-05-18 05:58:52 UTC<br/>2026-05-18 05:58:57 UTC</span></div>\n</div>"},"stroke-opacity":1,"stroke":"#ffffff","stroke-width":2}},{"type":"Feature","geometry":{"type":"LineString","coordinates":[[8.549116,50.040665,0],[8.54926,50.040413,0]]},"properties":{"name":"P-404","description":{"@type":"html","value":"<div><div><span><b>Altitude:</b></span> <span>0 ft</span></div>\n<div><span><b>Speed:</b></span> <span>20 kt</span></div>\n<div><span><b>Timestamp:</b></span><br/><span>2026-05-18 05:58:57 UTC<br/>2026-05-18 05:59:00 UTC</span></div>\n</div>"},"stroke-opacity":1,"stroke":"#ffffff","stroke-width":2}},{"type":"Feature","geometry":{"type":"LineString","coordinates":[[8.54926,50.040413,0],[8.549516,50.039989,0]]},"properties":{"name":"P-405","description":{"@type":"html","value":"<div><div><span><b>Altitude:</b></span> <span>0 ft</span></div>\n<div><span><b>Speed:</b></span> <span>20 kt - 19 kt</span></div>\n<div><span><b>Timestamp:</b></span><br/><span>2026-05-18 05:59:00 UTC<br/>2026-05-18 05:59:05 UTC</span></div>\n</div>"},"stroke-opacity":1,"stroke":"#ffffff","stroke-width":2}},{"type":"Feature","geometry":{"type":"LineString","coordinates":[[8.549516,50.039989,0],[8.549694,50.039703,0]]},"properties":{"name":"P-406","description":{"@type":"html","value":"<div><div><span><b>Altitude:</b></span> <span>0 ft</span></div>\n<div><span><b>Speed:</b></span> <span>19 kt - 18 kt</span></div>\n<div><span><b>Timestamp:</b></span><br/><span>2026-05-18 05:59:05 UTC<br/>2026-05-18 05:59:08 UTC</span></div>\n</div>"},"stroke-opacity":1,"stroke":"#ffffff","stroke-width":2}},{"type":"Feature","geometry":{"type":"LineString","coordinates":[[8.549694,50.039703,0],[8.54993,50.039291,0]]},"properties":{"name":"P-407","description":{"@type":"html","value":"<div><div><span><b>Altitude:</b></span> <span>0 ft</span></div>\n<div><span><b>Speed:</b></span> <span>18 kt - 19 kt</span></div>\n<div><span><b>Timestamp:</b></span><br/><span>2026-05-18 05:59:08 UTC<br/>2026-05-18 05:59:13 UTC</span></div>\n</div>"},"stroke-opacity":1,"stroke":"#ffffff","stroke-width":2}},{"type":"Feature","geometry":{"type":"LineString","coordinates":[[8.54993,50.039291,0],[8.550147,50.038918,0]]},"properties":{"name":"P-408","description":{"@type":"html","value":"<div><div><span><b>Altitude:</b></span> <span>0 ft</span></div>\n<div><span><b>Speed:</b></span> <span>19 kt - 15 kt</span></div>\n<div><span><b>Timestamp:</b></span><br/><span>2026-05-18 05:59:13 UTC<br/>2026-05-18 05:59:19 UTC</span></div>\n</div>"},"stroke-opacity":1,"stroke":"#ffffff","stroke-width":2}},{"type":"Feature","geometry":{"type":"LineString","coordinates":[[8.550147,50.038918,0],[8.550351,50.038651,0]]},"properties":{"name":"P-409","description":{"@type":"html","value":"<div><div><span><b>Altitude:</b></span> <span>0 ft</span></div>\n<div><span><b>Speed:</b></span> <span>15 kt - 11 kt</span></div>\n<div><span><b>Timestamp:</b></span><br/><span>2026-05-18 05:59:19 UTC<br/>2026-05-18 05:59:24 UTC</span></div>\n</div>"},"stroke-opacity":1,"stroke":"#ffffff","stroke-width":2}},{"type":"Feature","geometry":{"type":"LineString","coordinates":[[8.550351,50.038651,0],[8.550633,50.038502,0]]},"properties":{"name":"P-410","description":{"@type":"html","value":"<div><div><span><b>Altitude:</b></span> <span>0 ft</span></div>\n<div><span><b>Speed:</b></span> <span>11 kt - 9 kt</span></div>\n<div><span><b>Timestamp:</b></span><br/><span>2026-05-18 05:59:24 UTC<br/>2026-05-18 05:59:31 UTC</span></div>\n</div>"},"stroke-opacity":1,"stroke":"#ffffff","stroke-width":2}},{"type":"Feature","geometry":{"type":"LineString","coordinates":[[8.550633,50.038502,0],[8.550834,50.038464,0]]},"properties":{"name":"P-411","description":{"@type":"html","value":"<div><div><span><b>Altitude:</b></span> <span>0 ft</span></div>\n<div><span><b>Speed:</b></span> <span>9 kt - 10 kt</span></div>\n<div><span><b>Timestamp:</b></span><br/><span>2026-05-18 05:59:31 UTC<br/>2026-05-18 05:59:34 UTC</span></div>\n</div>"},"stroke-opacity":1,"stroke":"#ffffff","stroke-width":2}},{"type":"Feature","geometry":{"type":"LineString","coordinates":[[8.550834,50.038464,0],[8.551242,50.038513,0]]},"properties":{"name":"P-412","description":{"@type":"html","value":"<div><div><span><b>Altitude:</b></span> <span>0 ft</span></div>\n<div><span><b>Speed:</b></span> <span>10 kt</span></div>\n<div><span><b>Timestamp:</b></span><br/><span>2026-05-18 05:59:34 UTC<br/>2026-05-18 05:59:39 UTC</span></div>\n</div>"},"stroke-opacity":1,"stroke":"#ffffff","stroke-width":2}},{"type":"Feature","geometry":{"type":"LineString","coordinates":[[8.551242,50.038513,0],[8.551501,50.03857,0]]},"properties":{"name":"P-413","description":{"@type":"html","value":"<div><div><span><b>Altitude:</b></span> <span>0 ft</span></div>\n<div><span><b>Speed:</b></span> <span>10 kt - 9 kt</span></div>\n<div><span><b>Timestamp:</b></span><br/><span>2026-05-18 05:59:39 UTC<br/>2026-05-18 05:59:42 UTC</span></div>\n</div>"},"stroke-opacity":1,"stroke":"#ffffff","stroke-width":2}},{"type":"Feature","geometry":{"type":"LineString","coordinates":[[8.551501,50.03857,0],[8.55179,50.038639,0]]},"properties":{"name":"P-414","description":{"@type":"html","value":"<div><div><span><b>Altitude:</b></span> <span>0 ft</span></div>\n<div><span><b>Speed:</b></span> <span>9 kt</span></div>\n<div><span><b>Timestamp:</b></span><br/><span>2026-05-18 05:59:42 UTC<br/>2026-05-18 05:59:47 UTC</span></div>\n</div>"},"stroke-opacity":1,"stroke":"#ffffff","stroke-width":2}},{"type":"Feature","geometry":{"type":"LineString","coordinates":[[8.55179,50.038639,0],[8.552188,50.038742,0]]},"properties":{"name":"P-415","description":{"@type":"html","value":"<div><div><span><b>Altitude:</b></span> <span>0 ft</span></div>\n<div><span><b>Speed:</b></span> <span>9 kt</span></div>\n<div><span><b>Timestamp:</b></span><br/><span>2026-05-18 05:59:47 UTC<br/>2026-05-18 05:59:53 UTC</span></div>\n</div>"},"stroke-opacity":1,"stroke":"#ffffff","stroke-width":2}},{"type":"Feature","geometry":{"type":"LineString","coordinates":[[8.552188,50.038742,0],[8.552423,50.038788,0]]},"properties":{"name":"P-416","description":{"@type":"html","value":"<div><div><span><b>Altitude:</b></span> <span>0 ft</span></div>\n<div><span><b>Speed:</b></span> <span>9 kt - 10 kt</span></div>\n<div><span><b>Timestamp:</b></span><br/><span>2026-05-18 05:59:53 UTC<br/>2026-05-18 05:59:57 UTC</span></div>\n</div>"},"stroke-opacity":1,"stroke":"#ffffff","stroke-width":2}},{"type":"Feature","geometry":{"type":"LineString","coordinates":[[8.552423,50.038788,0],[8.55269,50.03886,0]]},"properties":{"name":"P-417","description":{"@type":"html","value":"<div><div><span><b>Altitude:</b></span> <span>0 ft</span></div>\n<div><span><b>Speed:</b></span> <span>10 kt</span></div>\n<div><span><b>Timestamp:</b></span><br/><span>2026-05-18 05:59:57 UTC<br/>2026-05-18 06:00:01 UTC</span></div>\n</div>"},"stroke-opacity":1,"stroke":"#ffffff","stroke-width":2}},{"type":"Feature","geometry":{"type":"LineString","coordinates":[[8.55269,50.03886,0],[8.553153,50.038967,0]]},"properties":{"name":"P-418","description":{"@type":"html","value":"<div><div><span><b>Altitude:</b></span> <span>0 ft</span></div>\n<div><span><b>Speed:</b></span> <span>10 kt - 11 kt</span></div>\n<div><span><b>Timestamp:</b></span><br/><span>2026-05-18 06:00:01 UTC<br/>2026-05-18 06:00:08 UTC</span></div>\n</div>"},"stroke-opacity":1,"stroke":"#ffffff","stroke-width":2}},{"type":"Feature","geometry":{"type":"LineString","coordinates":[[8.553153,50.038967,0],[8.55385,50.039131,0]]},"properties":{"name":"P-419","description":{"@type":"html","value":"<div><div><span><b>Altitude:</b></span> <span>0 ft</span></div>\n<div><span><b>Speed:</b></span> <span>11 kt - 12 kt</span></div>\n<div><span><b>Timestamp:</b></span><br/><span>2026-05-18 06:00:08 UTC<br/>2026-05-18 06:00:16 UTC</span></div>\n</div>"},"stroke-opacity":1,"stroke":"#ffffff","stroke-width":2}},{"type":"Feature","geometry":{"type":"LineString","coordinates":[[8.55385,50.039131,0],[8.554428,50.039268,0]]},"properties":{"name":"P-420","description":{"@type":"html","value":"<div><div><span><b>Altitude:</b></span> <span>0 ft</span></div>\n<div><span><b>Speed:</b></span> <span>12 kt - 13 kt</span></div>\n<div><span><b>Timestamp:</b></span><br/><span>2026-05-18 06:00:16 UTC<br/>2026-05-18 06:00:23 UTC</span></div>\n</div>"},"stroke-opacity":1,"stroke":"#ffffff","stroke-width":2}},{"type":"Feature","geometry":{"type":"LineString","coordinates":[[8.554428,50.039268,0],[8.555511,50.039536,0]]},"properties":{"name":"P-421","description":{"@type":"html","value":"<div><div><span><b>Altitude:</b></span> <span>0 ft</span></div>\n<div><span><b>Speed:</b></span> <span>13 kt - 14 kt</span></div>\n<div><span><b>Timestamp:</b></span><br/><span>2026-05-18 06:00:23 UTC<br/>2026-05-18 06:00:36 UTC</span></div>\n</div>"},"stroke-opacity":1,"stroke":"#ffffff","stroke-width":2}},{"type":"Feature","geometry":{"type":"LineString","coordinates":[[8.555511,50.039536,0],[8.556435,50.039749,0]]},"properties":{"name":"P-422","description":{"@type":"html","value":"<div><div><span><b>Altitude:</b></span> <span>0 ft</span></div>\n<div><span><b>Speed:</b></span> <span>14 kt - 15 kt</span></div>\n<div><span><b>Timestamp:</b></span><br/><span>2026-05-18 06:00:36 UTC<br/>2026-05-18 06:00:43 UTC</span></div>\n</div>"},"stroke-opacity":1,"stroke":"#ffffff","stroke-width":2}},{"type":"Feature","geometry":{"type":"LineString","coordinates":[[8.556435,50.039749,0],[8.556939,50.039875,0]]},"properties":{"name":"P-423","description":{"@type":"html","value":"<div><div><span><b>Altitude:</b></span> <span>0 ft</span></div>\n<div><span><b>Speed:</b></span> <span>15 kt - 10 kt</span></div>\n<div><span><b>Timestamp:</b></span><br/><span>2026-05-18 06:00:43 UTC<br/>2026-05-18 06:00:49 UTC</span></div>\n</div>"},"stroke-opacity":1,"stroke":"#ffffff","stroke-width":2}},{"type":"Feature","geometry":{"type":"LineString","coordinates":[[8.556939,50.039875,0],[8.557404,50.039989,0]]},"properties":{"name":"P-424","description":{"@type":"html","value":"<div><div><span><b>Altitude:</b></span> <span>0 ft</span></div>\n<div><span><b>Speed:</b></span> <span>10 kt - 8 kt</span></div>\n<div><span><b>Timestamp:</b></span><br/><span>2026-05-18 06:00:49 UTC<br/>2026-05-18 06:00:58 UTC</span></div>\n</div>"},"stroke-opacity":1,"stroke":"#ffffff","stroke-width":2}},{"type":"Feature","geometry":{"type":"LineString","coordinates":[[8.557404,50.039989,0],[8.557681,50.040047,0]]},"properties":{"name":"P-425","description":{"@type":"html","value":"<div><div><span><b>Altitude:</b></span> <span>0 ft</span></div>\n<div><span><b>Speed:</b></span> <span>8 kt - 6 kt</span></div>\n<div><span><b>Timestamp:</b></span><br/><span>2026-05-18 06:00:58 UTC<br/>2026-05-18 06:01:05 UTC</span></div>\n</div>"},"stroke-opacity":1,"stroke":"#ffffff","stroke-width":2}},{"type":"Feature","geometry":{"type":"LineString","coordinates":[[8.557681,50.040047,0],[8.557916,50.040104,0]]},"properties":{"name":"P-426","description":{"@type":"html","value":"<div><div><span><b>Altitude:</b></span> <span>0 ft</span></div>\n<div><span><b>Speed:</b></span> <span>6 kt - 4 kt</span></div>\n<div><span><b>Timestamp:</b></span><br/><span>2026-05-18 06:01:05 UTC<br/>2026-05-18 06:01:13 UTC</span></div>\n</div>"},"stroke-opacity":1,"stroke":"#ffffff","stroke-width":2}},{"type":"Feature","geometry":{"type":"LineString","coordinates":[[8.557916,50.040104,0],[8.558183,50.040165,0]]},"properties":{"name":"P-427","description":{"@type":"html","value":"<div><div><span><b>Altitude:</b></span> <span>0 ft</span></div>\n<div><span><b>Speed:</b></span> <span>4 kt</span></div>\n<div><span><b>Timestamp:</b></span><br/><span>2026-05-18 06:01:13 UTC<br/>2026-05-18 06:01:24 UTC</span></div>\n</div>"},"stroke-opacity":1,"stroke":"#ffffff","stroke-width":2}},{"type":"Feature","geometry":{"type":"LineString","coordinates":[[8.558183,50.040165,0],[8.558386,50.040218,0]]},"properties":{"name":"P-428","description":{"@type":"html","value":"<div><div><span><b>Altitude:</b></span> <span>0 ft</span></div>\n<div><span><b>Speed:</b></span> <span>4 kt - 0 kt</span></div>\n<div><span><b>Timestamp:</b></span><br/><span>2026-05-18 06:01:24 UTC<br/>2026-05-18 06:01:38 UTC</span></div>\n</div>"},"stroke-opacity":1,"stroke":"#ffffff","stroke-width":2}},{"type":"Feature","geometry":{"type":"LineString","coordinates":[[8.558386,50.040218,0],[8.558591,50.040268,0]]},"properties":{"name":"P-429","description":{"@type":"html","value":"<div><div><span><b>Altitude:</b></span> <span>0 ft</span></div>\n<div><span><b>Speed:</b></span> <span>0 kt</span></div>\n<div><span><b>Timestamp:</b></span><br/><span>2026-05-18 06:01:38 UTC<br/>2026-05-18 06:01:57 UTC</span></div>\n</div>"},"stroke-opacity":1,"stroke":"#ffffff","stroke-width":2}},{"type":"Feature","geometry":{"type":"LineString","coordinates":[[8.558591,50.040268,0],[8.558802,50.04031,0]]},"properties":{"name":"P-430","description":{"@type":"html","value":"<div><div><span><b>Altitude:</b></span> <span>0 ft</span></div>\n<div><span><b>Speed:</b></span> <span>0 kt</span></div>\n<div><span><b>Timestamp:</b></span><br/><span>2026-05-18 06:01:57 UTC<br/>2026-05-18 06:02:19 UTC</span></div>\n</div>"},"stroke-opacity":1,"stroke":"#ffffff","stroke-width":2}},{"type":"Feature","geometry":{"type":"LineString","coordinates":[[8.558802,50.04031,0],[8.559092,50.040386,0]]},"properties":{"name":"P-431","description":{"@type":"html","value":"<div><div><span><b>Altitude:</b></span> <span>0 ft</span></div>\n<div><span><b>Speed:</b></span> <span>0 kt - 4 kt</span></div>\n<div><span><b>Timestamp:</b></span><br/><span>2026-05-18 06:02:19 UTC<br/>2026-05-18 06:02:35 UTC</span></div>\n</div>"},"stroke-opacity":1,"stroke":"#ffffff","stroke-width":2}},{"type":"Feature","geometry":{"type":"LineString","coordinates":[[8.559092,50.040386,0],[8.559315,50.040455,0]]},"properties":{"name":"P-432","description":{"@type":"html","value":"<div><div><span><b>Altitude:</b></span> <span>0 ft</span></div>\n<div><span><b>Speed:</b></span> <span>4 kt - 5 kt</span></div>\n<div><span><b>Timestamp:</b></span><br/><span>2026-05-18 06:02:35 UTC<br/>2026-05-18 06:02:41 UTC</span></div>\n</div>"},"stroke-opacity":1,"stroke":"#ffffff","stroke-width":2}},{"type":"Feature","geometry":{"type":"LineString","coordinates":[[8.559315,50.040455,0],[8.55956,50.040573,0]]},"properties":{"name":"P-433","description":{"@type":"html","value":"<div><div><span><b>Altitude:</b></span> <span>0 ft</span></div>\n<div><span><b>Speed:</b></span> <span>5 kt - 6 kt</span></div>\n<div><span><b>Timestamp:</b></span><br/><span>2026-05-18 06:02:41 UTC<br/>2026-05-18 06:02:48 UTC</span></div>\n</div>"},"stroke-opacity":1,"stroke":"#ffffff","stroke-width":2}},{"type":"Feature","geometry":{"type":"LineString","coordinates":[[8.55956,50.040573,0],[8.559705,50.040806,0]]},"properties":{"name":"P-434","description":{"@type":"html","value":"<div><div><span><b>Altitude:</b></span> <span>0 ft</span></div>\n<div><span><b>Speed:</b></span> <span>6 kt - 7 kt</span></div>\n<div><span><b>Timestamp:</b></span><br/><span>2026-05-18 06:02:48 UTC<br/>2026-05-18 06:02:56 UTC</span></div>\n</div>"},"stroke-opacity":1,"stroke":"#ffffff","stroke-width":2}},{"type":"Feature","geometry":{"type":"LineString","coordinates":[[8.559705,50.040806,0],[8.559649,50.041027,0]]},"properties":{"name":"P-435","description":{"@type":"html","value":"<div><div><span><b>Altitude:</b></span> <span>0 ft</span></div>\n<div><span><b>Speed:</b></span> <span>7 kt</span></div>\n<div><span><b>Timestamp:</b></span><br/><span>2026-05-18 06:02:56 UTC<br/>2026-05-18 06:03:03 UTC</span></div>\n</div>"},"stroke-opacity":1,"stroke":"#ffffff","stroke-width":2}},{"type":"Feature","geometry":{"type":"LineString","coordinates":[[8.559649,50.041027,0],[8.559482,50.04134,0]]},"properties":{"name":"P-436","description":{"@type":"html","value":"<div><div><span><b>Altitude:</b></span> <span>0 ft</span></div>\n<div><span><b>Speed:</b></span> <span>7 kt - 9 kt</span></div>\n<div><span><b>Timestamp:</b></span><br/><span>2026-05-18 06:03:03 UTC<br/>2026-05-18 06:03:13 UTC</span></div>\n</div>"},"stroke-opacity":1,"stroke":"#ffffff","stroke-width":2}},{"type":"Feature","geometry":{"type":"LineString","coordinates":[[8.559482,50.04134,0],[8.559361,50.041557,0]]},"properties":{"name":"P-437","description":{"@type":"html","value":"<div><div><span><b>Altitude:</b></span> <span>0 ft</span></div>\n<div><span><b>Speed:</b></span> <span>9 kt - 11 kt</span></div>\n<div><span><b>Timestamp:</b></span><br/><span>2026-05-18 06:03:13 UTC<br/>2026-05-18 06:03:16 UTC</span></div>\n</div>"},"stroke-opacity":1,"stroke":"#ffffff","stroke-width":2}},{"type":"Feature","geometry":{"type":"LineString","coordinates":[[8.559361,50.041557,0],[8.559199,50.041832,0]]},"properties":{"name":"P-438","description":{"@type":"html","value":"<div><div><span><b>Altitude:</b></span> <span>0 ft</span></div>\n<div><span><b>Speed:</b></span> <span>11 kt - 13 kt</span></div>\n<div><span><b>Timestamp:</b></span><br/><span>2026-05-18 06:03:16 UTC<br/>2026-05-18 06:03:22 UTC</span></div>\n</div>"},"stroke-opacity":1,"stroke":"#ffffff","stroke-width":2}},{"type":"Feature","geometry":{"type":"LineString","coordinates":[[8.559199,50.041832,0],[8.559163,50.042049,0]]},"properties":{"name":"P-439","description":{"@type":"html","value":"<div><div><span><b>Altitude:</b></span> <span>0 ft</span></div>\n<div><span><b>Speed:</b></span> <span>13 kt - 14 kt</span></div>\n<div><span><b>Timestamp:</b></span><br/><span>2026-05-18 06:03:22 UTC<br/>2026-05-18 06:03:24 UTC</span></div>\n</div>"},"stroke-opacity":1,"stroke":"#ffffff","stroke-width":2}},{"type":"Feature","geometry":{"type":"LineString","coordinates":[[8.559163,50.042049,0],[8.55924,50.042259,0]]},"properties":{"name":"P-440","description":{"@type":"html","value":"<div><div><span><b>Altitude:</b></span> <span>0 ft</span></div>\n<div><span><b>Speed:</b></span> <span>14 kt</span></div>\n<div><span><b>Timestamp:</b></span><br/><span>2026-05-18 06:03:24 UTC<br/>2026-05-18 06:03:29 UTC</span></div>\n</div>"},"stroke-opacity":1,"stroke":"#ffffff","stroke-width":2}},{"type":"Feature","geometry":{"type":"LineString","coordinates":[[8.55924,50.042259,0],[8.559444,50.042446,0]]},"properties":{"name":"P-441","description":{"@type":"html","value":"<div><div><span><b>Altitude:</b></span> <span>0 ft</span></div>\n<div><span><b>Speed:</b></span> <span>14 kt</span></div>\n<div><span><b>Timestamp:</b></span><br/><span>2026-05-18 06:03:29 UTC<br/>2026-05-18 06:03:31 UTC</span></div>\n</div>"},"stroke-opacity":1,"stroke":"#ffffff","stroke-width":2}},{"type":"Feature","geometry":{"type":"LineString","coordinates":[[8.559444,50.042446,0],[8.559596,50.042793,0]]},"properties":{"name":"P-442","description":{"@type":"html","value":"<div><div><span><b>Altitude:</b></span> <span>0 ft</span></div>\n<div><span><b>Speed:</b></span> <span>14 kt</span></div>\n<div><span><b>Timestamp:</b></span><br/><span>2026-05-18 06:03:31 UTC<br/>2026-05-18 06:03:37 UTC</span></div>\n</div>"},"stroke-opacity":1,"stroke":"#ffffff","stroke-width":2}},{"type":"Feature","geometry":{"type":"LineString","coordinates":[[8.559596,50.042793,0],[8.559519,50.043037,0]]},"properties":{"name":"P-443","description":{"@type":"html","value":"<div><div><span><b>Altitude:</b></span> <span>0 ft</span></div>\n<div><span><b>Speed:</b></span> <span>14 kt</span></div>\n<div><span><b>Timestamp:</b></span><br/><span>2026-05-18 06:03:37 UTC<br/>2026-05-18 06:03:40 UTC</span></div>\n</div>"},"stroke-opacity":1,"stroke":"#ffffff","stroke-width":2}},{"type":"Feature","geometry":{"type":"LineString","coordinates":[[8.559519,50.043037,0],[8.559389,50.04327,0]]},"properties":{"name":"P-444","description":{"@type":"html","value":"<div><div><span><b>Altitude:</b></span> <span>0 ft</span></div>\n<div><span><b>Speed:</b></span> <span>14 kt - 15 kt</span></div>\n<div><span><b>Timestamp:</b></span><br/><span>2026-05-18 06:03:40 UTC<br/>2026-05-18 06:03:44 UTC</span></div>\n</div>"},"stroke-opacity":1,"stroke":"#ffffff","stroke-width":2}},{"type":"Feature","geometry":{"type":"LineString","coordinates":[[8.559389,50.04327,0],[8.559166,50.043667,0]]},"properties":{"name":"P-445","description":{"@type":"html","value":"<div><div><span><b>Altitude:</b></span> <span>0 ft</span></div>\n<div><span><b>Speed:</b></span> <span>15 kt</span></div>\n<div><span><b>Timestamp:</b></span><br/><span>2026-05-18 06:03:44 UTC<br/>2026-05-18 06:03:50 UTC</span></div>\n</div>"},"stroke-opacity":1,"stroke":"#ffffff","stroke-width":2}},{"type":"Feature","geometry":{"type":"LineString","coordinates":[[8.559166,50.043667,0],[8.559091,50.043938,0]]},"properties":{"name":"P-446","description":{"@type":"html","value":"<div><div><span><b>Altitude:</b></span> <span>0 ft</span></div>\n<div><span><b>Speed:</b></span> <span>15 kt - 14 kt</span></div>\n<div><span><b>Timestamp:</b></span><br/><span>2026-05-18 06:03:50 UTC<br/>2026-05-18 06:03:54 UTC</span></div>\n</div>"},"stroke-opacity":1,"stroke":"#ffffff","stroke-width":2}},{"type":"Feature","geometry":{"type":"LineString","coordinates":[[8.559091,50.043938,0],[8.559091,50.044144,0]]},"properties":{"name":"P-447","description":{"@type":"html","value":"<div><div><span><b>Altitude:</b></span> <span>0 ft</span></div>\n<div><span><b>Speed:</b></span> <span>14 kt</span></div>\n<div><span><b>Timestamp:</b></span><br/><span>2026-05-18 06:03:54 UTC<br/>2026-05-18 06:03:57 UTC</span></div>\n</div>"},"stroke-opacity":1,"stroke":"#ffffff","stroke-width":2}},{"type":"Feature","geometry":{"type":"LineString","coordinates":[[8.559091,50.044144,0],[8.559199,50.044487,0]]},"properties":{"name":"P-448","description":{"@type":"html","value":"<div><div><span><b>Altitude:</b></span> <span>0 ft</span></div>\n<div><span><b>Speed:</b></span> <span>14 kt - 13 kt</span></div>\n<div><span><b>Timestamp:</b></span><br/><span>2026-05-18 06:03:57 UTC<br/>2026-05-18 06:04:03 UTC</span></div>\n</div>"},"stroke-opacity":1,"stroke":"#ffffff","stroke-width":2}},{"type":"Feature","geometry":{"type":"LineString","coordinates":[[8.559199,50.044487,0],[8.559325,50.044773,0]]},"properties":{"name":"P-449","description":{"@type":"html","value":"<div><div><span><b>Altitude:</b></span> <span>0 ft</span></div>\n<div><span><b>Speed:</b></span> <span>13 kt</span></div>\n<div><span><b>Timestamp:</b></span><br/><span>2026-05-18 06:04:03 UTC<br/>2026-05-18 06:04:08 UTC</span></div>\n</div>"},"stroke-opacity":1,"stroke":"#ffffff","stroke-width":2}},{"type":"Feature","geometry":{"type":"LineString","coordinates":[[8.559325,50.044773,0],[8.559444,50.045006,0]]},"properties":{"name":"P-450","description":{"@type":"html","value":"<div><div><span><b>Altitude:</b></span> <span>0 ft</span></div>\n<div><span><b>Speed:</b></span> <span>13 kt - 12 kt</span></div>\n<div><span><b>Timestamp:</b></span><br/><span>2026-05-18 06:04:08 UTC<br/>2026-05-18 06:04:12 UTC</span></div>\n</div>"},"stroke-opacity":1,"stroke":"#ffffff","stroke-width":2}},{"type":"Feature","geometry":{"type":"LineString","coordinates":[[8.559444,50.045006,0],[8.559578,50.045265,0]]},"properties":{"name":"P-451","description":{"@type":"html","value":"<div><div><span><b>Altitude:</b></span> <span>0 ft</span></div>\n<div><span><b>Speed:</b></span> <span>12 kt - 13 kt</span></div>\n<div><span><b>Timestamp:</b></span><br/><span>2026-05-18 06:04:12 UTC<br/>2026-05-18 06:04:17 UTC</span></div>\n</div>"},"stroke-opacity":1,"stroke":"#ffffff","stroke-width":2}},{"type":"Feature","geometry":{"type":"LineString","coordinates":[[8.559578,50.045265,0],[8.559778,50.045517,0]]},"properties":{"name":"P-452","description":{"@type":"html","value":"<div><div><span><b>Altitude:</b></span> <span>0 ft</span></div>\n<div><span><b>Speed:</b></span> <span>13 kt - 12 kt</span></div>\n<div><span><b>Timestamp:</b></span><br/><span>2026-05-18 06:04:17 UTC<br/>2026-05-18 06:04:22 UTC</span></div>\n</div>"},"stroke-opacity":1,"stroke":"#ffffff","stroke-width":2}},{"type":"Feature","geometry":{"type":"LineString","coordinates":[[8.559778,50.045517,0],[8.560465,50.045738,0]]},"properties":{"name":"P-453","description":{"@type":"html","value":"<div><div><span><b>Altitude:</b></span> <span>0 ft</span></div>\n<div><span><b>Speed:</b></span> <span>12 kt - 11 kt</span></div>\n<div><span><b>Timestamp:</b></span><br/><span>2026-05-18 06:04:22 UTC<br/>2026-05-18 06:04:31 UTC</span></div>\n</div>"},"stroke-opacity":1,"stroke":"#ffffff","stroke-width":2}},{"type":"Feature","geometry":{"type":"LineString","coordinates":[[8.560465,50.045738,0],[8.560706,50.045795,0]]},"properties":{"name":"P-454","description":{"@type":"html","value":"<div><div><span><b>Altitude:</b></span> <span>0 ft</span></div>\n<div><span><b>Speed:</b></span> <span>11 kt - 12 kt</span></div>\n<div><span><b>Timestamp:</b></span><br/><span>2026-05-18 06:04:31 UTC<br/>2026-05-18 06:04:34 UTC</span></div>\n</div>"},"stroke-opacity":1,"stroke":"#ffffff","stroke-width":2}},{"type":"Feature","geometry":{"type":"LineString","coordinates":[[8.560706,50.045795,0],[8.561171,50.045914,0]]},"properties":{"name":"P-455","description":{"@type":"html","value":"<div><div><span><b>Altitude:</b></span> <span>0 ft</span></div>\n<div><span><b>Speed:</b></span> <span>12 kt</span></div>\n<div><span><b>Timestamp:</b></span><br/><span>2026-05-18 06:04:34 UTC<br/>2026-05-18 06:04:40 UTC</span></div>\n</div>"},"stroke-opacity":1,"stroke":"#ffffff","stroke-width":2}},{"type":"Feature","geometry":{"type":"LineString","coordinates":[[8.561171,50.045914,0],[8.561486,50.045982,0]]},"properties":{"name":"P-456","description":{"@type":"html","value":"<div><div><span><b>Altitude:</b></span> <span>0 ft</span></div>\n<div><span><b>Speed:</b></span> <span>12 kt</span></div>\n<div><span><b>Timestamp:</b></span><br/><span>2026-05-18 06:04:40 UTC<br/>2026-05-18 06:04:44 UTC</span></div>\n</div>"},"stroke-opacity":1,"stroke":"#ffffff","stroke-width":2}},{"type":"Feature","geometry":{"type":"LineString","coordinates":[[8.561486,50.045982,0],[8.561838,50.046066,0]]},"properties":{"name":"P-457","description":{"@type":"html","value":"<div><div><span><b>Altitude:</b></span> <span>0 ft</span></div>\n<div><span><b>Speed:</b></span> <span>12 kt</span></div>\n<div><span><b>Timestamp:</b></span><br/><span>2026-05-18 06:04:44 UTC<br/>2026-05-18 06:04:48 UTC</span></div>\n</div>"},"stroke-opacity":1,"stroke":"#ffffff","stroke-width":2}},{"type":"Feature","geometry":{"type":"LineString","coordinates":[[8.561838,50.046066,0],[8.562271,50.046169,0]]},"properties":{"name":"P-458","description":{"@type":"html","value":"<div><div><span><b>Altitude:</b></span> <span>0 ft</span></div>\n<div><span><b>Speed:</b></span> <span>12 kt</span></div>\n<div><span><b>Timestamp:</b></span><br/><span>2026-05-18 06:04:48 UTC<br/>2026-05-18 06:04:54 UTC</span></div>\n</div>"},"stroke-opacity":1,"stroke":"#ffffff","stroke-width":2}},{"type":"Feature","geometry":{"type":"LineString","coordinates":[[8.562271,50.046169,0],[8.562488,50.046227,0]]},"properties":{"name":"P-459","description":{"@type":"html","value":"<div><div><span><b>Altitude:</b></span> <span>0 ft</span></div>\n<div><span><b>Speed:</b></span> <span>12 kt</span></div>\n<div><span><b>Timestamp:</b></span><br/><span>2026-05-18 06:04:54 UTC<br/>2026-05-18 06:04:56 UTC</span></div>\n</div>"},"stroke-opacity":1,"stroke":"#ffffff","stroke-width":2}},{"type":"Feature","geometry":{"type":"LineString","coordinates":[[8.562488,50.046227,0],[8.562748,50.046288,0]]},"properties":{"name":"P-460","description":{"@type":"html","value":"<div><div><span><b>Altitude:</b></span> <span>0 ft</span></div>\n<div><span><b>Speed:</b></span> <span>12 kt</span></div>\n<div><span><b>Timestamp:</b></span><br/><span>2026-05-18 06:04:56 UTC<br/>2026-05-18 06:05:00 UTC</span></div>\n</div>"},"stroke-opacity":1,"stroke":"#ffffff","stroke-width":2}},{"type":"Feature","geometry":{"type":"LineString","coordinates":[[8.562748,50.046288,0],[8.562989,50.046345,0]]},"properties":{"name":"P-461","description":{"@type":"html","value":"<div><div><span><b>Altitude:</b></span> <span>0 ft</span></div>\n<div><span><b>Speed:</b></span> <span>12 kt</span></div>\n<div><span><b>Timestamp:</b></span><br/><span>2026-05-18 06:05:00 UTC<br/>2026-05-18 06:05:02 UTC</span></div>\n</div>"},"stroke-opacity":1,"stroke":"#ffffff","stroke-width":2}},{"type":"Feature","geometry":{"type":"LineString","coordinates":[[8.562989,50.046345,0],[8.563499,50.046467,0]]},"properties":{"name":"P-462","description":{"@type":"html","value":"<div><div><span><b>Altitude:</b></span> <span>0 ft</span></div>\n<div><span><b>Speed:</b></span> <span>12 kt - 13 kt</span></div>\n<div><span><b>Timestamp:</b></span><br/><span>2026-05-18 06:05:02 UTC<br/>2026-05-18 06:05:08 UTC</span></div>\n</div>"},"stroke-opacity":1,"stroke":"#ffffff","stroke-width":2}},{"type":"Feature","geometry":{"type":"LineString","coordinates":[[8.563499,50.046467,0],[8.563861,50.046543,0]]},"properties":{"name":"P-463","description":{"@type":"html","value":"<div><div><span><b>Altitude:</b></span> <span>0 ft</span></div>\n<div><span><b>Speed:</b></span> <span>13 kt</span></div>\n<div><span><b>Timestamp:</b></span><br/><span>2026-05-18 06:05:08 UTC<br/>2026-05-18 06:05:13 UTC</span></div>\n</div>"},"stroke-opacity":1,"stroke":"#ffffff","stroke-width":2}},{"type":"Feature","geometry":{"type":"LineString","coordinates":[[8.563861,50.046543,0],[8.564132,50.046558,0]]},"properties":{"name":"P-464","description":{"@type":"html","value":"<div><div><span><b>Altitude:</b></span> <span>0 ft</span></div>\n<div><span><b>Speed:</b></span> <span>13 kt</span></div>\n<div><span><b>Timestamp:</b></span><br/><span>2026-05-18 06:05:13 UTC<br/>2026-05-18 06:05:15 UTC</span></div>\n</div>"},"stroke-opacity":1,"stroke":"#ffffff","stroke-width":2}},{"type":"Feature","geometry":{"type":"LineString","coordinates":[[8.564132,50.046558,0],[8.564622,50.046402,0]]},"properties":{"name":"P-465","description":{"@type":"html","value":"<div><div><span><b>Altitude:</b></span> <span>0 ft</span></div>\n<div><span><b>Speed:</b></span> <span>13 kt</span></div>\n<div><span><b>Timestamp:</b></span><br/><span>2026-05-18 06:05:15 UTC<br/>2026-05-18 06:05:22 UTC</span></div>\n</div>"},"stroke-opacity":1,"stroke":"#ffffff","stroke-width":2}},{"type":"Feature","geometry":{"type":"LineString","coordinates":[[8.564622,50.046402,0],[8.564674,50.045918,0]]},"properties":{"name":"P-466","description":{"@type":"html","value":"<div><div><span><b>Altitude:</b></span> <span>0 ft</span></div>\n<div><span><b>Speed:</b></span> <span>13 kt - 10 kt</span></div>\n<div><span><b>Timestamp:</b></span><br/><span>2026-05-18 06:05:22 UTC<br/>2026-05-18 06:05:32 UTC</span></div>\n</div>"},"stroke-opacity":1,"stroke":"#ffffff","stroke-width":2}},{"type":"Feature","geometry":{"type":"LineString","coordinates":[[8.564674,50.045918,0],[8.564734,50.045681,0]]},"properties":{"name":"P-467","description":{"@type":"html","value":"<div><div><span><b>Altitude:</b></span> <span>0 ft</span></div>\n<div><span><b>Speed:</b></span> <span>10 kt</span></div>\n<div><span><b>Timestamp:</b></span><br/><span>2026-05-18 06:05:32 UTC<br/>2026-05-18 06:05:37 UTC</span></div>\n</div>"},"stroke-opacity":1,"stroke":"#ffffff","stroke-width":2}},{"type":"Feature","geometry":{"type":"LineString","coordinates":[[8.564734,50.045681,0],[8.565104,50.045551,0]]},"properties":{"name":"P-468","description":{"@type":"html","value":"<div><div><span><b>Altitude:</b></span> <span>0 ft</span></div>\n<div><span><b>Speed:</b></span> <span>10 kt</span></div>\n<div><span><b>Timestamp:</b></span><br/><span>2026-05-18 06:05:37 UTC<br/>2026-05-18 06:05:42 UTC</span></div>\n</div>"},"stroke-opacity":1,"stroke":"#ffffff","stroke-width":2}},{"type":"Feature","geometry":{"type":"LineString","coordinates":[[8.565104,50.045551,0],[8.565361,50.045483,0]]},"properties":{"name":"P-469","description":{"@type":"html","value":"<div><div><span><b>Altitude:</b></span> <span>0 ft</span></div>\n<div><span><b>Speed:</b></span> <span>10 kt</span></div>\n<div><span><b>Timestamp:</b></span><br/><span>2026-05-18 06:05:42 UTC<br/>2026-05-18 06:05:46 UTC</span></div>\n</div>"},"stroke-opacity":1,"stroke":"#ffffff","stroke-width":2}},{"type":"Feature","geometry":{"type":"LineString","coordinates":[[8.565361,50.045483,0],[8.565596,50.045414,0]]},"properties":{"name":"P-470","description":{"@type":"html","value":"<div><div><span><b>Altitude:</b></span> <span>0 ft</span></div>\n<div><span><b>Speed:</b></span> <span>10 kt - 6 kt</span></div>\n<div><span><b>Timestamp:</b></span><br/><span>2026-05-18 06:05:46 UTC<br/>2026-05-18 06:05:51 UTC</span></div>\n</div>"},"stroke-opacity":1,"stroke":"#ffffff","stroke-width":2}},{"type":"Feature","geometry":{"type":"LineString","coordinates":[[8.565596,50.045414,0],[8.565828,50.045341,0]]},"properties":{"name":"P-471","description":{"@type":"html","value":"<div><div><span><b>Altitude:</b></span> <span>0 ft</span></div>\n<div><span><b>Speed:</b></span> <span>6 kt - 4 kt</span></div>\n<div><span><b>Timestamp:</b></span><br/><span>2026-05-18 06:05:51 UTC<br/>2026-05-18 06:05:59 UTC</span></div>\n</div>"},"stroke-opacity":1,"stroke":"#ffffff","stroke-width":2}},{"type":"Feature","geometry":{"type":"LineString","coordinates":[[8.565828,50.045341,0],[8.565773,50.045135,0]]},"properties":{"name":"P-472","description":{"@type":"html","value":"<div><div><span><b>Altitude:</b></span> <span>0 ft</span></div>\n<div><span><b>Speed:</b></span> <span>4 kt - 0 kt</span></div>\n<div><span><b>Timestamp:</b></span><br/><span>2026-05-18 06:05:59 UTC<br/>2026-05-18 06:06:22 UTC</span></div>\n</div>"},"stroke-opacity":1,"stroke":"#ffffff","stroke-width":2}}]}