{"type":"FeatureCollection","features":[{"type":"Feature","geometry":{"type":"Point","coordinates":[8.558275,50.041107,0]},"properties":{"name":"2026-05-21 19:09:35 UTC","description":{"@type":"html","value":"<div><div><span><b>Altitude:</b></span> <span>0 ft</span></div>\n<div><span><b>Speed:</b></span> <span>0 kt</span></div>\n<div><span><b>Heading:</b></span> <span>160&deg;</span></div>\n</div>"},"icon-heading":160,"icon":"http://maps.google.com/mapfiles/kml/shapes/airports.png","timestamp":"2026-05-21T19:09:35+00:00"}},{"type":"Feature","geometry":{"type":"Point","coordinates":[8.558405,50.040897,0]},"properties":{"name":"2026-05-21 19:13:12 UTC","description":{"@type":"html","value":"<div><div><span><b>Altitude:</b></span> <span>0 ft</span></div>\n<div><span><b>Speed:</b></span> <span>4 kt</span></div>\n<div><span><b>Heading:</b></span> <span>157&deg;</span></div>\n</div>"},"icon-heading":157,"icon":"http://maps.google.com/mapfiles/kml/shapes/airports.png","timestamp":"2026-05-21T19:13:12+00:00"}},{"type":"Feature","geometry":{"type":"Point","coordinates":[8.558554,50.040642,0]},"properties":{"name":"2026-05-21 19:13:21 UTC","description":{"@type":"html","value":"<div><div><span><b>Altitude:</b></span> <span>0 ft</span></div>\n<div><span><b>Speed:</b></span> <span>7 kt</span></div>\n<div><span><b>Heading:</b></span> <span>160&deg;</span></div>\n</div>"},"icon-heading":160,"icon":"http://maps.google.com/mapfiles/kml/shapes/airports.png","timestamp":"2026-05-21T19:13:21+00:00"}},{"type":"Feature","geometry":{"type":"Point","coordinates":[8.558646,50.040363,0]},"properties":{"name":"2026-05-21 19:13:28 UTC","description":{"@type":"html","value":"<div><div><span><b>Altitude:</b></span> <span>0 ft</span></div>\n<div><span><b>Speed:</b></span> <span>10 kt</span></div>\n<div><span><b>Heading:</b></span> <span>174&deg;</span></div>\n</div>"},"icon-heading":174,"icon":"http://maps.google.com/mapfiles/kml/shapes/airports.png","timestamp":"2026-05-21T19:13:28+00:00"}},{"type":"Feature","geometry":{"type":"Point","coordinates":[8.558424,50.040188,0]},"properties":{"name":"2026-05-21 19:13:32 UTC","description":{"@type":"html","value":"<div><div><span><b>Altitude:</b></span> <span>0 ft</span></div>\n<div><span><b>Speed:</b></span> <span>9 kt</span></div>\n<div><span><b>Heading:</b></span> <span>222&deg;</span></div>\n</div>"},"icon-heading":222,"icon":"http://maps.google.com/mapfiles/kml/shapes/airports.png","timestamp":"2026-05-21T19:13:32+00:00"}},{"type":"Feature","geometry":{"type":"Point","coordinates":[8.558183,50.040176,0]},"properties":{"name":"2026-05-21 19:13:36 UTC","description":{"@type":"html","value":"<div><div><span><b>Altitude:</b></span> <span>0 ft</span></div>\n<div><span><b>Speed:</b></span> <span>9 kt</span></div>\n<div><span><b>Heading:</b></span> <span>250&deg;</span></div>\n</div>"},"icon-heading":250,"icon":"http://maps.google.com/mapfiles/kml/shapes/airports.png","timestamp":"2026-05-21T19:13:36+00:00"}},{"type":"Feature","geometry":{"type":"Point","coordinates":[8.557934,50.040115,0]},"properties":{"name":"2026-05-21 19:13:41 UTC","description":{"@type":"html","value":"<div><div><span><b>Altitude:</b></span> <span>0 ft</span></div>\n<div><span><b>Speed:</b></span> <span>9 kt</span></div>\n<div><span><b>Heading:</b></span> <span>247&deg;</span></div>\n</div>"},"icon-heading":247,"icon":"http://maps.google.com/mapfiles/kml/shapes/airports.png","timestamp":"2026-05-21T19:13:41+00:00"}},{"type":"Feature","geometry":{"type":"Point","coordinates":[8.557663,50.040047,0]},"properties":{"name":"2026-05-21 19:13:45 UTC","description":{"@type":"html","value":"<div><div><span><b>Altitude:</b></span> <span>0 ft</span></div>\n<div><span><b>Speed:</b></span> <span>10 kt</span></div>\n<div><span><b>Heading:</b></span> <span>250&deg;</span></div>\n</div>"},"icon-heading":250,"icon":"http://maps.google.com/mapfiles/kml/shapes/airports.png","timestamp":"2026-05-21T19:13:45+00:00"}},{"type":"Feature","geometry":{"type":"Point","coordinates":[8.557356,50.039978,0]},"properties":{"name":"2026-05-21 19:13:48 UTC","description":{"@type":"html","value":"<div><div><span><b>Altitude:</b></span> <span>0 ft</span></div>\n<div><span><b>Speed:</b></span> <span>12 kt</span></div>\n<div><span><b>Heading:</b></span> <span>250&deg;</span></div>\n</div>"},"icon-heading":250,"icon":"http://maps.google.com/mapfiles/kml/shapes/airports.png","timestamp":"2026-05-21T19:13:48+00:00"}},{"type":"Feature","geometry":{"type":"Point","coordinates":[8.557103,50.039909,0]},"properties":{"name":"2026-05-21 19:13:51 UTC","description":{"@type":"html","value":"<div><div><span><b>Altitude:</b></span> <span>0 ft</span></div>\n<div><span><b>Speed:</b></span> <span>13 kt</span></div>\n<div><span><b>Heading:</b></span> <span>250&deg;</span></div>\n</div>"},"icon-heading":250,"icon":"http://maps.google.com/mapfiles/kml/shapes/airports.png","timestamp":"2026-05-21T19:13:51+00:00"}},{"type":"Feature","geometry":{"type":"Point","coordinates":[8.556868,50.039852,0]},"properties":{"name":"2026-05-21 19:13:53 UTC","description":{"@type":"html","value":"<div><div><span><b>Altitude:</b></span> <span>0 ft</span></div>\n<div><span><b>Speed:</b></span> <span>14 kt</span></div>\n<div><span><b>Heading:</b></span> <span>250&deg;</span></div>\n</div>"},"icon-heading":250,"icon":"http://maps.google.com/mapfiles/kml/shapes/airports.png","timestamp":"2026-05-21T19:13:53+00:00"}},{"type":"Feature","geometry":{"type":"Point","coordinates":[8.556615,50.039795,0]},"properties":{"name":"2026-05-21 19:13:56 UTC","description":{"@type":"html","value":"<div><div><span><b>Altitude:</b></span> <span>0 ft</span></div>\n<div><span><b>Speed:</b></span> <span>15 kt</span></div>\n<div><span><b>Heading:</b></span> <span>247&deg;</span></div>\n</div>"},"icon-heading":247,"icon":"http://maps.google.com/mapfiles/kml/shapes/airports.png","timestamp":"2026-05-21T19:13:56+00:00"}},{"type":"Feature","geometry":{"type":"Point","coordinates":[8.556398,50.039738,0]},"properties":{"name":"2026-05-21 19:13:58 UTC","description":{"@type":"html","value":"<div><div><span><b>Altitude:</b></span> <span>0 ft</span></div>\n<div><span><b>Speed:</b></span> <span>15 kt</span></div>\n<div><span><b>Heading:</b></span> <span>250&deg;</span></div>\n</div>"},"icon-heading":250,"icon":"http://maps.google.com/mapfiles/kml/shapes/airports.png","timestamp":"2026-05-21T19:13:58+00:00"}},{"type":"Feature","geometry":{"type":"Point","coordinates":[8.556181,50.039692,0]},"properties":{"name":"2026-05-21 19:14:01 UTC","description":{"@type":"html","value":"<div><div><span><b>Altitude:</b></span> <span>0 ft</span></div>\n<div><span><b>Speed:</b></span> <span>15 kt</span></div>\n<div><span><b>Heading:</b></span> <span>250&deg;</span></div>\n</div>"},"icon-heading":250,"icon":"http://maps.google.com/mapfiles/kml/shapes/airports.png","timestamp":"2026-05-21T19:14:01+00:00"}},{"type":"Feature","geometry":{"type":"Point","coordinates":[8.555874,50.039623,0]},"properties":{"name":"2026-05-21 19:14:03 UTC","description":{"@type":"html","value":"<div><div><span><b>Altitude:</b></span> <span>0 ft</span></div>\n<div><span><b>Speed:</b></span> <span>15 kt</span></div>\n<div><span><b>Heading:</b></span> <span>250&deg;</span></div>\n</div>"},"icon-heading":250,"icon":"http://maps.google.com/mapfiles/kml/shapes/airports.png","timestamp":"2026-05-21T19:14:03+00:00"}},{"type":"Feature","geometry":{"type":"Point","coordinates":[8.55564,50.03957,0]},"properties":{"name":"2026-05-21 19:14:05 UTC","description":{"@type":"html","value":"<div><div><span><b>Altitude:</b></span> <span>0 ft</span></div>\n<div><span><b>Speed:</b></span> <span>16 kt</span></div>\n<div><span><b>Heading:</b></span> <span>250&deg;</span></div>\n</div>"},"icon-heading":250,"icon":"http://maps.google.com/mapfiles/kml/shapes/airports.png","timestamp":"2026-05-21T19:14:05+00:00"}},{"type":"Feature","geometry":{"type":"Point","coordinates":[8.555344,50.03949,0]},"properties":{"name":"2026-05-21 19:14:09 UTC","description":{"@type":"html","value":"<div><div><span><b>Altitude:</b></span> <span>0 ft</span></div>\n<div><span><b>Speed:</b></span> <span>16 kt</span></div>\n<div><span><b>Heading:</b></span> <span>250&deg;</span></div>\n</div>"},"icon-heading":250,"icon":"http://maps.google.com/mapfiles/kml/shapes/airports.png","timestamp":"2026-05-21T19:14:09+00:00"}},{"type":"Feature","geometry":{"type":"Point","coordinates":[8.555046,50.039421,0]},"properties":{"name":"2026-05-21 19:14:11 UTC","description":{"@type":"html","value":"<div><div><span><b>Altitude:</b></span> <span>0 ft</span></div>\n<div><span><b>Speed:</b></span> <span>16 kt</span></div>\n<div><span><b>Heading:</b></span> <span>250&deg;</span></div>\n</div>"},"icon-heading":250,"icon":"http://maps.google.com/mapfiles/kml/shapes/airports.png","timestamp":"2026-05-21T19:14:11+00:00"}},{"type":"Feature","geometry":{"type":"Point","coordinates":[8.554771,50.03936,0]},"properties":{"name":"2026-05-21 19:14:13 UTC","description":{"@type":"html","value":"<div><div><span><b>Altitude:</b></span> <span>0 ft</span></div>\n<div><span><b>Speed:</b></span> <span>16 kt</span></div>\n<div><span><b>Heading:</b></span> <span>250&deg;</span></div>\n</div>"},"icon-heading":250,"icon":"http://maps.google.com/mapfiles/kml/shapes/airports.png","timestamp":"2026-05-21T19:14:13+00:00"}},{"type":"Feature","geometry":{"type":"Point","coordinates":[8.553959,50.039165,0]},"properties":{"name":"2026-05-21 19:14:20 UTC","description":{"@type":"html","value":"<div><div><span><b>Altitude:</b></span> <span>0 ft</span></div>\n<div><span><b>Speed:</b></span> <span>17 kt</span></div>\n<div><span><b>Heading:</b></span> <span>250&deg;</span></div>\n</div>"},"icon-heading":250,"icon":"http://maps.google.com/mapfiles/kml/shapes/airports.png","timestamp":"2026-05-21T19:14:20+00:00"}},{"type":"Feature","geometry":{"type":"Point","coordinates":[8.553073,50.03896,0]},"properties":{"name":"2026-05-21 19:14:27 UTC","description":{"@type":"html","value":"<div><div><span><b>Altitude:</b></span> <span>0 ft</span></div>\n<div><span><b>Speed:</b></span> <span>18 kt</span></div>\n<div><span><b>Heading:</b></span> <span>250&deg;</span></div>\n</div>"},"icon-heading":250,"icon":"http://maps.google.com/mapfiles/kml/shapes/airports.png","timestamp":"2026-05-21T19:14:27+00:00"}},{"type":"Feature","geometry":{"type":"Point","coordinates":[8.552188,50.038734,0]},"properties":{"name":"2026-05-21 19:14:34 UTC","description":{"@type":"html","value":"<div><div><span><b>Altitude:</b></span> <span>0 ft</span></div>\n<div><span><b>Speed:</b></span> <span>19 kt</span></div>\n<div><span><b>Heading:</b></span> <span>250&deg;</span></div>\n</div>"},"icon-heading":250,"icon":"http://maps.google.com/mapfiles/kml/shapes/airports.png","timestamp":"2026-05-21T19:14:34+00:00"}},{"type":"Feature","geometry":{"type":"Point","coordinates":[8.551971,50.038685,0]},"properties":{"name":"2026-05-21 19:14:37 UTC","description":{"@type":"html","value":"<div><div><span><b>Altitude:</b></span> <span>0 ft</span></div>\n<div><span><b>Speed:</b></span> <span>19 kt</span></div>\n<div><span><b>Heading:</b></span> <span>250&deg;</span></div>\n</div>"},"icon-heading":250,"icon":"http://maps.google.com/mapfiles/kml/shapes/airports.png","timestamp":"2026-05-21T19:14:37+00:00"}},{"type":"Feature","geometry":{"type":"Point","coordinates":[8.551736,50.038639,0]},"properties":{"name":"2026-05-21 19:14:39 UTC","description":{"@type":"html","value":"<div><div><span><b>Altitude:</b></span> <span>0 ft</span></div>\n<div><span><b>Speed:</b></span> <span>20 kt</span></div>\n<div><span><b>Heading:</b></span> <span>250&deg;</span></div>\n</div>"},"icon-heading":250,"icon":"http://maps.google.com/mapfiles/kml/shapes/airports.png","timestamp":"2026-05-21T19:14:39+00:00"}},{"type":"Feature","geometry":{"type":"Point","coordinates":[8.551501,50.038582,0]},"properties":{"name":"2026-05-21 19:14:40 UTC","description":{"@type":"html","value":"<div><div><span><b>Altitude:</b></span> <span>0 ft</span></div>\n<div><span><b>Speed:</b></span> <span>20 kt</span></div>\n<div><span><b>Heading:</b></span> <span>250&deg;</span></div>\n</div>"},"icon-heading":250,"icon":"http://maps.google.com/mapfiles/kml/shapes/airports.png","timestamp":"2026-05-21T19:14:40+00:00"}},{"type":"Feature","geometry":{"type":"Point","coordinates":[8.550851,50.038422,0]},"properties":{"name":"2026-05-21 19:14:44 UTC","description":{"@type":"html","value":"<div><div><span><b>Altitude:</b></span> <span>0 ft</span></div>\n<div><span><b>Speed:</b></span> <span>21 kt</span></div>\n<div><span><b>Heading:</b></span> <span>250&deg;</span></div>\n</div>"},"icon-heading":250,"icon":"http://maps.google.com/mapfiles/kml/shapes/airports.png","timestamp":"2026-05-21T19:14:44+00:00"}},{"type":"Feature","geometry":{"type":"Point","coordinates":[8.55063,50.038372,0]},"properties":{"name":"2026-05-21 19:14:45 UTC","description":{"@type":"html","value":"<div><div><span><b>Altitude:</b></span> <span>0 ft</span></div>\n<div><span><b>Speed:</b></span> <span>21 kt</span></div>\n<div><span><b>Heading:</b></span> <span>250&deg;</span></div>\n</div>"},"icon-heading":250,"icon":"http://maps.google.com/mapfiles/kml/shapes/airports.png","timestamp":"2026-05-21T19:14:45+00:00"}},{"type":"Feature","geometry":{"type":"Point","coordinates":[8.550128,50.038254,0]},"properties":{"name":"2026-05-21 19:14:48 UTC","description":{"@type":"html","value":"<div><div><span><b>Altitude:</b></span> <span>0 ft</span></div>\n<div><span><b>Speed:</b></span> <span>21 kt</span></div>\n<div><span><b>Heading:</b></span> <span>250&deg;</span></div>\n</div>"},"icon-heading":250,"icon":"http://maps.google.com/mapfiles/kml/shapes/airports.png","timestamp":"2026-05-21T19:14:48+00:00"}},{"type":"Feature","geometry":{"type":"Point","coordinates":[8.549683,50.038151,0]},"properties":{"name":"2026-05-21 19:14:52 UTC","description":{"@type":"html","value":"<div><div><span><b>Altitude:</b></span> <span>0 ft</span></div>\n<div><span><b>Speed:</b></span> <span>22 kt</span></div>\n<div><span><b>Heading:</b></span> <span>250&deg;</span></div>\n</div>"},"icon-heading":250,"icon":"http://maps.google.com/mapfiles/kml/shapes/airports.png","timestamp":"2026-05-21T19:14:52+00:00"}},{"type":"Feature","geometry":{"type":"Point","coordinates":[8.549274,50.038048,0]},"properties":{"name":"2026-05-21 19:14:54 UTC","description":{"@type":"html","value":"<div><div><span><b>Altitude:</b></span> <span>0 ft</span></div>\n<div><span><b>Speed:</b></span> <span>22 kt</span></div>\n<div><span><b>Heading:</b></span> <span>250&deg;</span></div>\n</div>"},"icon-heading":250,"icon":"http://maps.google.com/mapfiles/kml/shapes/airports.png","timestamp":"2026-05-21T19:14:54+00:00"}},{"type":"Feature","geometry":{"type":"Point","coordinates":[8.548809,50.03793,0]},"properties":{"name":"2026-05-21 19:14:57 UTC","description":{"@type":"html","value":"<div><div><span><b>Altitude:</b></span> <span>0 ft</span></div>\n<div><span><b>Speed:</b></span> <span>23 kt</span></div>\n<div><span><b>Heading:</b></span> <span>250&deg;</span></div>\n</div>"},"icon-heading":250,"icon":"http://maps.google.com/mapfiles/kml/shapes/airports.png","timestamp":"2026-05-21T19:14:57+00:00"}},{"type":"Feature","geometry":{"type":"Point","coordinates":[8.548551,50.037872,0]},"properties":{"name":"2026-05-21 19:14:59 UTC","description":{"@type":"html","value":"<div><div><span><b>Altitude:</b></span> <span>0 ft</span></div>\n<div><span><b>Speed:</b></span> <span>23 kt</span></div>\n<div><span><b>Heading:</b></span> <span>250&deg;</span></div>\n</div>"},"icon-heading":250,"icon":"http://maps.google.com/mapfiles/kml/shapes/airports.png","timestamp":"2026-05-21T19:14:59+00:00"}},{"type":"Feature","geometry":{"type":"Point","coordinates":[8.54749,50.037621,0]},"properties":{"name":"2026-05-21 19:15:06 UTC","description":{"@type":"html","value":"<div><div><span><b>Altitude:</b></span> <span>0 ft</span></div>\n<div><span><b>Speed:</b></span> <span>24 kt</span></div>\n<div><span><b>Heading:</b></span> <span>250&deg;</span></div>\n</div>"},"icon-heading":250,"icon":"http://maps.google.com/mapfiles/kml/shapes/airports.png","timestamp":"2026-05-21T19:15:06+00:00"}},{"type":"Feature","geometry":{"type":"Point","coordinates":[8.546153,50.0373,0]},"properties":{"name":"2026-05-21 19:15:13 UTC","description":{"@type":"html","value":"<div><div><span><b>Altitude:</b></span> <span>0 ft</span></div>\n<div><span><b>Speed:</b></span> <span>25 kt</span></div>\n<div><span><b>Heading:</b></span> <span>250&deg;</span></div>\n</div>"},"icon-heading":250,"icon":"http://maps.google.com/mapfiles/kml/shapes/airports.png","timestamp":"2026-05-21T19:15:13+00:00"}},{"type":"Feature","geometry":{"type":"Point","coordinates":[8.54497,50.03701,0]},"properties":{"name":"2026-05-21 19:15:20 UTC","description":{"@type":"html","value":"<div><div><span><b>Altitude:</b></span> <span>0 ft</span></div>\n<div><span><b>Speed:</b></span> <span>22 kt</span></div>\n<div><span><b>Heading:</b></span> <span>250&deg;</span></div>\n</div>"},"icon-heading":250,"icon":"http://maps.google.com/mapfiles/kml/shapes/airports.png","timestamp":"2026-05-21T19:15:20+00:00"}},{"type":"Feature","geometry":{"type":"Point","coordinates":[8.544075,50.036808,0]},"properties":{"name":"2026-05-21 19:15:27 UTC","description":{"@type":"html","value":"<div><div><span><b>Altitude:</b></span> <span>0 ft</span></div>\n<div><span><b>Speed:</b></span> <span>20 kt</span></div>\n<div><span><b>Heading:</b></span> <span>250&deg;</span></div>\n</div>"},"icon-heading":250,"icon":"http://maps.google.com/mapfiles/kml/shapes/airports.png","timestamp":"2026-05-21T19:15:27+00:00"}},{"type":"Feature","geometry":{"type":"Point","coordinates":[8.543355,50.036602,0]},"properties":{"name":"2026-05-21 19:15:34 UTC","description":{"@type":"html","value":"<div><div><span><b>Altitude:</b></span> <span>0 ft</span></div>\n<div><span><b>Speed:</b></span> <span>12 kt</span></div>\n<div><span><b>Heading:</b></span> <span>241&deg;</span></div>\n</div>"},"icon-heading":241,"icon":"http://maps.google.com/mapfiles/kml/shapes/airports.png","timestamp":"2026-05-21T19:15:34+00:00"}},{"type":"Feature","geometry":{"type":"Point","coordinates":[8.543153,50.036465,0]},"properties":{"name":"2026-05-21 19:15:38 UTC","description":{"@type":"html","value":"<div><div><span><b>Altitude:</b></span> <span>0 ft</span></div>\n<div><span><b>Speed:</b></span> <span>11 kt</span></div>\n<div><span><b>Heading:</b></span> <span>222&deg;</span></div>\n</div>"},"icon-heading":222,"icon":"http://maps.google.com/mapfiles/kml/shapes/airports.png","timestamp":"2026-05-21T19:15:38+00:00"}},{"type":"Feature","geometry":{"type":"Point","coordinates":[8.543063,50.036236,0]},"properties":{"name":"2026-05-21 19:15:42 UTC","description":{"@type":"html","value":"<div><div><span><b>Altitude:</b></span> <span>0 ft</span></div>\n<div><span><b>Speed:</b></span> <span>12 kt</span></div>\n<div><span><b>Heading:</b></span> <span>194&deg;</span></div>\n</div>"},"icon-heading":194,"icon":"http://maps.google.com/mapfiles/kml/shapes/airports.png","timestamp":"2026-05-21T19:15:42+00:00"}},{"type":"Feature","geometry":{"type":"Point","coordinates":[8.543153,50.035995,0]},"properties":{"name":"2026-05-21 19:15:46 UTC","description":{"@type":"html","value":"<div><div><span><b>Altitude:</b></span> <span>0 ft</span></div>\n<div><span><b>Speed:</b></span> <span>13 kt</span></div>\n<div><span><b>Heading:</b></span> <span>165&deg;</span></div>\n</div>"},"icon-heading":165,"icon":"http://maps.google.com/mapfiles/kml/shapes/airports.png","timestamp":"2026-05-21T19:15:46+00:00"}},{"type":"Feature","geometry":{"type":"Point","coordinates":[8.543318,50.035755,0]},"properties":{"name":"2026-05-21 19:15:50 UTC","description":{"@type":"html","value":"<div><div><span><b>Altitude:</b></span> <span>0 ft</span></div>\n<div><span><b>Speed:</b></span> <span>13 kt</span></div>\n<div><span><b>Heading:</b></span> <span>157&deg;</span></div>\n</div>"},"icon-heading":157,"icon":"http://maps.google.com/mapfiles/kml/shapes/airports.png","timestamp":"2026-05-21T19:15:50+00:00"}},{"type":"Feature","geometry":{"type":"Point","coordinates":[8.543467,50.035473,0]},"properties":{"name":"2026-05-21 19:15:55 UTC","description":{"@type":"html","value":"<div><div><span><b>Altitude:</b></span> <span>0 ft</span></div>\n<div><span><b>Speed:</b></span> <span>14 kt</span></div>\n<div><span><b>Heading:</b></span> <span>160&deg;</span></div>\n</div>"},"icon-heading":160,"icon":"http://maps.google.com/mapfiles/kml/shapes/airports.png","timestamp":"2026-05-21T19:15:55+00:00"}},{"type":"Feature","geometry":{"type":"Point","coordinates":[8.54375,50.035011,0]},"properties":{"name":"2026-05-21 19:16:04 UTC","description":{"@type":"html","value":"<div><div><span><b>Altitude:</b></span> <span>0 ft</span></div>\n<div><span><b>Speed:</b></span> <span>11 kt</span></div>\n<div><span><b>Heading:</b></span> <span>157&deg;</span></div>\n</div>"},"icon-heading":157,"icon":"http://maps.google.com/mapfiles/kml/shapes/airports.png","timestamp":"2026-05-21T19:16:04+00:00"}},{"type":"Feature","geometry":{"type":"Point","coordinates":[8.543985,50.034809,0]},"properties":{"name":"2026-05-21 19:16:11 UTC","description":{"@type":"html","value":"<div><div><span><b>Altitude:</b></span> <span>0 ft</span></div>\n<div><span><b>Speed:</b></span> <span>8 kt</span></div>\n<div><span><b>Heading:</b></span> <span>132&deg;</span></div>\n</div>"},"icon-heading":132,"icon":"http://maps.google.com/mapfiles/kml/shapes/airports.png","timestamp":"2026-05-21T19:16:11+00:00"}},{"type":"Feature","geometry":{"type":"Point","coordinates":[8.54406,50.034836,0]},"properties":{"name":"2026-05-21 19:16:12 UTC","description":{"@type":"html","value":"<div><div><span><b>Altitude:</b></span> <span>0 ft</span></div>\n<div><span><b>Speed:</b></span> <span>7 kt</span></div>\n<div><span><b>Heading:</b></span> <span>115&deg;</span></div>\n</div>"},"icon-heading":115,"icon":"http://maps.google.com/mapfiles/kml/shapes/airports.png","timestamp":"2026-05-21T19:16:12+00:00"}},{"type":"Feature","geometry":{"type":"Point","coordinates":[8.544264,50.034939,0]},"properties":{"name":"2026-05-21 19:17:20 UTC","description":{"@type":"html","value":"<div><div><span><b>Altitude:</b></span> <span>0 ft</span></div>\n<div><span><b>Speed:</b></span> <span>0 kt</span></div>\n<div><span><b>Heading:</b></span> <span>67&deg;</span></div>\n</div>"},"icon-heading":67,"icon":"http://maps.google.com/mapfiles/kml/shapes/airports.png","timestamp":"2026-05-21T19:17:20+00:00"}},{"type":"Feature","geometry":{"type":"Point","coordinates":[8.544784,50.035069,0]},"properties":{"name":"2026-05-21 19:17:26 UTC","description":{"@type":"html","value":"<div><div><span><b>Altitude:</b></span> <span>0 ft</span></div>\n<div><span><b>Speed:</b></span> <span>18 kt</span></div>\n<div><span><b>Heading:</b></span> <span>70&deg;</span></div>\n</div>"},"icon-heading":70,"icon":"http://maps.google.com/mapfiles/kml/shapes/airports.png","timestamp":"2026-05-21T19:17:26+00:00"}},{"type":"Feature","geometry":{"type":"Point","coordinates":[8.546911,50.035572,0]},"properties":{"name":"2026-05-21 19:17:34 UTC","description":{"@type":"html","value":"<div><div><span><b>Altitude:</b></span> <span>0 ft</span></div>\n<div><span><b>Speed:</b></span> <span>53 kt</span></div>\n<div><span><b>Heading:</b></span> <span>70&deg;</span></div>\n</div>"},"icon-heading":70,"icon":"http://maps.google.com/mapfiles/kml/shapes/airports.png","timestamp":"2026-05-21T19:17:34+00:00"}},{"type":"Feature","geometry":{"type":"Point","coordinates":[8.550344,50.036396,0]},"properties":{"name":"2026-05-21 19:17:41 UTC","description":{"@type":"html","value":"<div><div><span><b>Altitude:</b></span> <span>0 ft</span></div>\n<div><span><b>Speed:</b></span> <span>84 kt</span></div>\n<div><span><b>Heading:</b></span> <span>70&deg;</span></div>\n</div>"},"icon-heading":70,"icon":"http://maps.google.com/mapfiles/kml/shapes/airports.png","timestamp":"2026-05-21T19:17:41+00:00"}},{"type":"Feature","geometry":{"type":"Point","coordinates":[8.55582,50.037689,0]},"properties":{"name":"2026-05-21 19:17:47 UTC","description":{"@type":"html","value":"<div><div><span><b>Altitude:</b></span> <span>0 ft</span></div>\n<div><span><b>Speed:</b></span> <span>106 kt</span></div>\n<div><span><b>Heading:</b></span> <span>70&deg;</span></div>\n</div>"},"icon-heading":70,"icon":"http://maps.google.com/mapfiles/kml/shapes/airports.png","timestamp":"2026-05-21T19:17:47+00:00"}},{"type":"Feature","geometry":{"type":"Point","coordinates":[8.563026,50.039421,0]},"properties":{"name":"2026-05-21 19:17:55 UTC","description":{"@type":"html","value":"<div><div><span><b>Altitude:</b></span> <span>0 ft</span></div>\n<div><span><b>Speed:</b></span> <span>136 kt</span></div>\n<div><span><b>Heading:</b></span> <span>69&deg;</span></div>\n</div>"},"icon-heading":69,"icon":"http://maps.google.com/mapfiles/kml/shapes/airports.png","timestamp":"2026-05-21T19:17:55+00:00"}},{"type":"Feature","geometry":{"type":"Point","coordinates":[8.569113,50.040863,0]},"properties":{"name":"2026-05-21 19:18:02 UTC","description":{"@type":"html","value":"<div><div><span><b>Altitude:</b></span> <span>0 ft</span></div>\n<div><span><b>Speed:</b></span> <span>158 kt</span></div>\n<div><span><b>Heading:</b></span> <span>69&deg;</span></div>\n</div>"},"icon-heading":69,"icon":"http://maps.google.com/mapfiles/kml/shapes/airports.png","timestamp":"2026-05-21T19:18:02+00:00"}},{"type":"Feature","geometry":{"type":"Point","coordinates":[8.578299,50.042999,99.06]},"properties":{"name":"2026-05-21 19:18:10 UTC","description":{"@type":"html","value":"<div><div><span><b>Altitude:</b></span> <span>325 ft</span></div>\n<div><span><b>Speed:</b></span> <span>156 kt</span></div>\n<div><span><b>Heading:</b></span> <span>69&deg;</span></div>\n</div>"},"icon-heading":69,"icon":"http://maps.google.com/mapfiles/kml/shapes/airports.png","timestamp":"2026-05-21T19:18:10+00:00"}},{"type":"Feature","geometry":{"type":"Point","coordinates":[8.587893,50.045193,220.98]},"properties":{"name":"2026-05-21 19:18:19 UTC","description":{"@type":"html","value":"<div><div><span><b>Altitude:</b></span> <span>725 ft</span></div>\n<div><span><b>Speed:</b></span> <span>153 kt</span></div>\n<div><span><b>Heading:</b></span> <span>70&deg;</span></div>\n</div>"},"icon-heading":70,"icon":"http://maps.google.com/mapfiles/kml/shapes/airports.png","timestamp":"2026-05-21T19:18:19+00:00"}},{"type":"Feature","geometry":{"type":"Point","coordinates":[8.596208,50.047054,320.04]},"properties":{"name":"2026-05-21 19:18:27 UTC","description":{"@type":"html","value":"<div><div><span><b>Altitude:</b></span> <span>1,050 ft</span></div>\n<div><span><b>Speed:</b></span> <span>152 kt</span></div>\n<div><span><b>Heading:</b></span> <span>70&deg;</span></div>\n</div>"},"icon-heading":70,"icon":"http://maps.google.com/mapfiles/kml/shapes/airports.png","timestamp":"2026-05-21T19:18:27+00:00"}},{"type":"Feature","geometry":{"type":"Point","coordinates":[8.604969,50.049042,396.24]},"properties":{"name":"2026-05-21 19:18:35 UTC","description":{"@type":"html","value":"<div><div><span><b>Altitude:</b></span> <span>1,300 ft</span></div>\n<div><span><b>Speed:</b></span> <span>156 kt</span></div>\n<div><span><b>Heading:</b></span> <span>70&deg;</span></div>\n</div>"},"icon-heading":70,"icon":"http://maps.google.com/mapfiles/kml/shapes/airports.png","timestamp":"2026-05-21T19:18:35+00:00"}},{"type":"Feature","geometry":{"type":"Point","coordinates":[8.613727,50.051056,457.2]},"properties":{"name":"2026-05-21 19:18:44 UTC","description":{"@type":"html","value":"<div><div><span><b>Altitude:</b></span> <span>1,500 ft</span></div>\n<div><span><b>Speed:</b></span> <span>165 kt</span></div>\n<div><span><b>Heading:</b></span> <span>70&deg;</span></div>\n</div>"},"icon-heading":70,"icon":"http://maps.google.com/mapfiles/kml/shapes/airports.png","timestamp":"2026-05-21T19:18:44+00:00"}},{"type":"Feature","geometry":{"type":"Point","coordinates":[8.621376,50.052795,502.92]},"properties":{"name":"2026-05-21 19:18:50 UTC","description":{"@type":"html","value":"<div><div><span><b>Altitude:</b></span> <span>1,650 ft</span></div>\n<div><span><b>Speed:</b></span> <span>174 kt</span></div>\n<div><span><b>Heading:</b></span> <span>70&deg;</span></div>\n</div>"},"icon-heading":70,"icon":"http://maps.google.com/mapfiles/kml/shapes/airports.png","timestamp":"2026-05-21T19:18:50+00:00"}},{"type":"Feature","geometry":{"type":"Point","coordinates":[8.631542,50.055107,571.5]},"properties":{"name":"2026-05-21 19:18:58 UTC","description":{"@type":"html","value":"<div><div><span><b>Altitude:</b></span> <span>1,875 ft</span></div>\n<div><span><b>Speed:</b></span> <span>183 kt</span></div>\n<div><span><b>Heading:</b></span> <span>70&deg;</span></div>\n</div>"},"icon-heading":70,"icon":"http://maps.google.com/mapfiles/kml/shapes/airports.png","timestamp":"2026-05-21T19:18:58+00:00"}},{"type":"Feature","geometry":{"type":"Point","coordinates":[8.639931,50.05711,632.46]},"properties":{"name":"2026-05-21 19:19:05 UTC","description":{"@type":"html","value":"<div><div><span><b>Altitude:</b></span> <span>2,075 ft</span></div>\n<div><span><b>Speed:</b></span> <span>189 kt</span></div>\n<div><span><b>Heading:</b></span> <span>69&deg;</span></div>\n</div>"},"icon-heading":69,"icon":"http://maps.google.com/mapfiles/kml/shapes/airports.png","timestamp":"2026-05-21T19:19:05+00:00"}},{"type":"Feature","geometry":{"type":"Point","coordinates":[8.651065,50.059715,716.28]},"properties":{"name":"2026-05-21 19:19:13 UTC","description":{"@type":"html","value":"<div><div><span><b>Altitude:</b></span> <span>2,350 ft</span></div>\n<div><span><b>Speed:</b></span> <span>195 kt</span></div>\n<div><span><b>Heading:</b></span> <span>69&deg;</span></div>\n</div>"},"icon-heading":69,"icon":"http://maps.google.com/mapfiles/kml/shapes/airports.png","timestamp":"2026-05-21T19:19:13+00:00"}},{"type":"Feature","geometry":{"type":"Point","coordinates":[8.659973,50.06181,769.62]},"properties":{"name":"2026-05-21 19:19:20 UTC","description":{"@type":"html","value":"<div><div><span><b>Altitude:</b></span> <span>2,525 ft</span></div>\n<div><span><b>Speed:</b></span> <span>202 kt</span></div>\n<div><span><b>Heading:</b></span> <span>70&deg;</span></div>\n</div>"},"icon-heading":70,"icon":"http://maps.google.com/mapfiles/kml/shapes/airports.png","timestamp":"2026-05-21T19:19:20+00:00"}},{"type":"Feature","geometry":{"type":"Point","coordinates":[8.671776,50.06451,838.2]},"properties":{"name":"2026-05-21 19:19:28 UTC","description":{"@type":"html","value":"<div><div><span><b>Altitude:</b></span> <span>2,750 ft</span></div>\n<div><span><b>Speed:</b></span> <span>212 kt</span></div>\n<div><span><b>Heading:</b></span> <span>70&deg;</span></div>\n</div>"},"icon-heading":70,"icon":"http://maps.google.com/mapfiles/kml/shapes/airports.png","timestamp":"2026-05-21T19:19:28+00:00"}},{"type":"Feature","geometry":{"type":"Point","coordinates":[8.681512,50.066711,906.78]},"properties":{"name":"2026-05-21 19:19:35 UTC","description":{"@type":"html","value":"<div><div><span><b>Altitude:</b></span> <span>2,975 ft</span></div>\n<div><span><b>Speed:</b></span> <span>218 kt</span></div>\n<div><span><b>Heading:</b></span> <span>70&deg;</span></div>\n</div>"},"icon-heading":70,"icon":"http://maps.google.com/mapfiles/kml/shapes/airports.png","timestamp":"2026-05-21T19:19:35+00:00"}},{"type":"Feature","geometry":{"type":"Point","coordinates":[8.693897,50.069679,1005.84]},"properties":{"name":"2026-05-21 19:19:43 UTC","description":{"@type":"html","value":"<div><div><span><b>Altitude:</b></span> <span>3,300 ft</span></div>\n<div><span><b>Speed:</b></span> <span>227 kt</span></div>\n<div><span><b>Heading:</b></span> <span>68&deg;</span></div>\n</div>"},"icon-heading":68,"icon":"http://maps.google.com/mapfiles/kml/shapes/airports.png","timestamp":"2026-05-21T19:19:43+00:00"}},{"type":"Feature","geometry":{"type":"Point","coordinates":[8.696836,50.070602,1036.32]},"properties":{"name":"2026-05-21 19:19:45 UTC","description":{"@type":"html","value":"<div><div><span><b>Altitude:</b></span> <span>3,400 ft</span></div>\n<div><span><b>Speed:</b></span> <span>227 kt</span></div>\n<div><span><b>Heading:</b></span> <span>65&deg;</span></div>\n</div>"},"icon-heading":65,"icon":"http://maps.google.com/mapfiles/kml/shapes/airports.png","timestamp":"2026-05-21T19:19:45+00:00"}},{"type":"Feature","geometry":{"type":"Point","coordinates":[8.700233,50.071793,1074.42]},"properties":{"name":"2026-05-21 19:19:47 UTC","description":{"@type":"html","value":"<div><div><span><b>Altitude:</b></span> <span>3,525 ft</span></div>\n<div><span><b>Speed:</b></span> <span>227 kt</span></div>\n<div><span><b>Heading:</b></span> <span>61&deg;</span></div>\n</div>"},"icon-heading":61,"icon":"http://maps.google.com/mapfiles/kml/shapes/airports.png","timestamp":"2026-05-21T19:19:47+00:00"}},{"type":"Feature","geometry":{"type":"Point","coordinates":[8.702834,50.072937,1104.9]},"properties":{"name":"2026-05-21 19:19:49 UTC","description":{"@type":"html","value":"<div><div><span><b>Altitude:</b></span> <span>3,625 ft</span></div>\n<div><span><b>Speed:</b></span> <span>227 kt</span></div>\n<div><span><b>Heading:</b></span> <span>58&deg;</span></div>\n</div>"},"icon-heading":58,"icon":"http://maps.google.com/mapfiles/kml/shapes/airports.png","timestamp":"2026-05-21T19:19:49+00:00"}},{"type":"Feature","geometry":{"type":"Point","coordinates":[8.705653,50.074219,1127.76]},"properties":{"name":"2026-05-21 19:19:52 UTC","description":{"@type":"html","value":"<div><div><span><b>Altitude:</b></span> <span>3,700 ft</span></div>\n<div><span><b>Speed:</b></span> <span>229 kt</span></div>\n<div><span><b>Heading:</b></span> <span>55&deg;</span></div>\n</div>"},"icon-heading":55,"icon":"http://maps.google.com/mapfiles/kml/shapes/airports.png","timestamp":"2026-05-21T19:19:52+00:00"}},{"type":"Feature","geometry":{"type":"Point","coordinates":[8.708183,50.075592,1158.24]},"properties":{"name":"2026-05-21 19:19:54 UTC","description":{"@type":"html","value":"<div><div><span><b>Altitude:</b></span> <span>3,800 ft</span></div>\n<div><span><b>Speed:</b></span> <span>230 kt</span></div>\n<div><span><b>Heading:</b></span> <span>51&deg;</span></div>\n</div>"},"icon-heading":51,"icon":"http://maps.google.com/mapfiles/kml/shapes/airports.png","timestamp":"2026-05-21T19:19:54+00:00"}},{"type":"Feature","geometry":{"type":"Point","coordinates":[8.711267,50.077591,1196.34]},"properties":{"name":"2026-05-21 19:19:56 UTC","description":{"@type":"html","value":"<div><div><span><b>Altitude:</b></span> <span>3,925 ft</span></div>\n<div><span><b>Speed:</b></span> <span>230 kt</span></div>\n<div><span><b>Heading:</b></span> <span>48&deg;</span></div>\n</div>"},"icon-heading":48,"icon":"http://maps.google.com/mapfiles/kml/shapes/airports.png","timestamp":"2026-05-21T19:19:56+00:00"}},{"type":"Feature","geometry":{"type":"Point","coordinates":[8.712954,50.078751,1219.2]},"properties":{"name":"2026-05-21 19:19:58 UTC","description":{"@type":"html","value":"<div><div><span><b>Altitude:</b></span> <span>4,000 ft</span></div>\n<div><span><b>Speed:</b></span> <span>232 kt</span></div>\n<div><span><b>Heading:</b></span> <span>42&deg;</span></div>\n</div>"},"icon-heading":42,"icon":"http://maps.google.com/mapfiles/kml/shapes/airports.png","timestamp":"2026-05-21T19:19:58+00:00"}},{"type":"Feature","geometry":{"type":"Point","coordinates":[8.71535,50.080853,1242.06]},"properties":{"name":"2026-05-21 19:20:00 UTC","description":{"@type":"html","value":"<div><div><span><b>Altitude:</b></span> <span>4,075 ft</span></div>\n<div><span><b>Speed:</b></span> <span>234 kt</span></div>\n<div><span><b>Heading:</b></span> <span>38&deg;</span></div>\n</div>"},"icon-heading":38,"icon":"http://maps.google.com/mapfiles/kml/shapes/airports.png","timestamp":"2026-05-21T19:20:00+00:00"}},{"type":"Feature","geometry":{"type":"Point","coordinates":[8.71729,50.082687,1264.92]},"properties":{"name":"2026-05-21 19:20:02 UTC","description":{"@type":"html","value":"<div><div><span><b>Altitude:</b></span> <span>4,150 ft</span></div>\n<div><span><b>Speed:</b></span> <span>235 kt</span></div>\n<div><span><b>Heading:</b></span> <span>34&deg;</span></div>\n</div>"},"icon-heading":34,"icon":"http://maps.google.com/mapfiles/kml/shapes/airports.png","timestamp":"2026-05-21T19:20:02+00:00"}},{"type":"Feature","geometry":{"type":"Point","coordinates":[8.719386,50.085068,1295.4]},"properties":{"name":"2026-05-21 19:20:04 UTC","description":{"@type":"html","value":"<div><div><span><b>Altitude:</b></span> <span>4,250 ft</span></div>\n<div><span><b>Speed:</b></span> <span>237 kt</span></div>\n<div><span><b>Heading:</b></span> <span>30&deg;</span></div>\n</div>"},"icon-heading":30,"icon":"http://maps.google.com/mapfiles/kml/shapes/airports.png","timestamp":"2026-05-21T19:20:04+00:00"}},{"type":"Feature","geometry":{"type":"Point","coordinates":[8.721214,50.087368,1318.26]},"properties":{"name":"2026-05-21 19:20:07 UTC","description":{"@type":"html","value":"<div><div><span><b>Altitude:</b></span> <span>4,325 ft</span></div>\n<div><span><b>Speed:</b></span> <span>240 kt</span></div>\n<div><span><b>Heading:</b></span> <span>28&deg;</span></div>\n</div>"},"icon-heading":28,"icon":"http://maps.google.com/mapfiles/kml/shapes/airports.png","timestamp":"2026-05-21T19:20:07+00:00"}},{"type":"Feature","geometry":{"type":"Point","coordinates":[8.722774,50.089508,1341.12]},"properties":{"name":"2026-05-21 19:20:09 UTC","description":{"@type":"html","value":"<div><div><span><b>Altitude:</b></span> <span>4,400 ft</span></div>\n<div><span><b>Speed:</b></span> <span>242 kt</span></div>\n<div><span><b>Heading:</b></span> <span>26&deg;</span></div>\n</div>"},"icon-heading":26,"icon":"http://maps.google.com/mapfiles/kml/shapes/airports.png","timestamp":"2026-05-21T19:20:09+00:00"}},{"type":"Feature","geometry":{"type":"Point","coordinates":[8.724184,50.091465,1363.98]},"properties":{"name":"2026-05-21 19:20:11 UTC","description":{"@type":"html","value":"<div><div><span><b>Altitude:</b></span> <span>4,475 ft</span></div>\n<div><span><b>Speed:</b></span> <span>244 kt</span></div>\n<div><span><b>Heading:</b></span> <span>25&deg;</span></div>\n</div>"},"icon-heading":25,"icon":"http://maps.google.com/mapfiles/kml/shapes/airports.png","timestamp":"2026-05-21T19:20:11+00:00"}},{"type":"Feature","geometry":{"type":"Point","coordinates":[8.72604,50.09407,1394.46]},"properties":{"name":"2026-05-21 19:20:13 UTC","description":{"@type":"html","value":"<div><div><span><b>Altitude:</b></span> <span>4,575 ft</span></div>\n<div><span><b>Speed:</b></span> <span>246 kt</span></div>\n<div><span><b>Heading:</b></span> <span>25&deg;</span></div>\n</div>"},"icon-heading":25,"icon":"http://maps.google.com/mapfiles/kml/shapes/airports.png","timestamp":"2026-05-21T19:20:13+00:00"}},{"type":"Feature","geometry":{"type":"Point","coordinates":[8.727553,50.096283,1417.32]},"properties":{"name":"2026-05-21 19:20:15 UTC","description":{"@type":"html","value":"<div><div><span><b>Altitude:</b></span> <span>4,650 ft</span></div>\n<div><span><b>Speed:</b></span> <span>247 kt</span></div>\n<div><span><b>Heading:</b></span> <span>24&deg;</span></div>\n</div>"},"icon-heading":24,"icon":"http://maps.google.com/mapfiles/kml/shapes/airports.png","timestamp":"2026-05-21T19:20:15+00:00"}},{"type":"Feature","geometry":{"type":"Point","coordinates":[8.729072,50.098526,1432.56]},"properties":{"name":"2026-05-21 19:20:17 UTC","description":{"@type":"html","value":"<div><div><span><b>Altitude:</b></span> <span>4,700 ft</span></div>\n<div><span><b>Speed:</b></span> <span>251 kt</span></div>\n<div><span><b>Heading:</b></span> <span>24&deg;</span></div>\n</div>"},"icon-heading":24,"icon":"http://maps.google.com/mapfiles/kml/shapes/airports.png","timestamp":"2026-05-21T19:20:17+00:00"}},{"type":"Feature","geometry":{"type":"Point","coordinates":[8.730661,50.100815,1447.8]},"properties":{"name":"2026-05-21 19:20:19 UTC","description":{"@type":"html","value":"<div><div><span><b>Altitude:</b></span> <span>4,750 ft</span></div>\n<div><span><b>Speed:</b></span> <span>254 kt</span></div>\n<div><span><b>Heading:</b></span> <span>23&deg;</span></div>\n</div>"},"icon-heading":23,"icon":"http://maps.google.com/mapfiles/kml/shapes/airports.png","timestamp":"2026-05-21T19:20:19+00:00"}},{"type":"Feature","geometry":{"type":"Point","coordinates":[8.732107,50.103012,1463.04]},"properties":{"name":"2026-05-21 19:20:22 UTC","description":{"@type":"html","value":"<div><div><span><b>Altitude:</b></span> <span>4,800 ft</span></div>\n<div><span><b>Speed:</b></span> <span>257 kt</span></div>\n<div><span><b>Heading:</b></span> <span>23&deg;</span></div>\n</div>"},"icon-heading":23,"icon":"http://maps.google.com/mapfiles/kml/shapes/airports.png","timestamp":"2026-05-21T19:20:22+00:00"}},{"type":"Feature","geometry":{"type":"Point","coordinates":[8.733908,50.105709,1478.28]},"properties":{"name":"2026-05-21 19:20:24 UTC","description":{"@type":"html","value":"<div><div><span><b>Altitude:</b></span> <span>4,850 ft</span></div>\n<div><span><b>Speed:</b></span> <span>260 kt</span></div>\n<div><span><b>Heading:</b></span> <span>23&deg;</span></div>\n</div>"},"icon-heading":23,"icon":"http://maps.google.com/mapfiles/kml/shapes/airports.png","timestamp":"2026-05-21T19:20:24+00:00"}},{"type":"Feature","geometry":{"type":"Point","coordinates":[8.735393,50.107853,1493.52]},"properties":{"name":"2026-05-21 19:20:26 UTC","description":{"@type":"html","value":"<div><div><span><b>Altitude:</b></span> <span>4,900 ft</span></div>\n<div><span><b>Speed:</b></span> <span>263 kt</span></div>\n<div><span><b>Heading:</b></span> <span>23&deg;</span></div>\n</div>"},"icon-heading":23,"icon":"http://maps.google.com/mapfiles/kml/shapes/airports.png","timestamp":"2026-05-21T19:20:26+00:00"}},{"type":"Feature","geometry":{"type":"Point","coordinates":[8.736432,50.109432,1508.76]},"properties":{"name":"2026-05-21 19:20:28 UTC","description":{"@type":"html","value":"<div><div><span><b>Altitude:</b></span> <span>4,950 ft</span></div>\n<div><span><b>Speed:</b></span> <span>265 kt</span></div>\n<div><span><b>Heading:</b></span> <span>23&deg;</span></div>\n</div>"},"icon-heading":23,"icon":"http://maps.google.com/mapfiles/kml/shapes/airports.png","timestamp":"2026-05-21T19:20:28+00:00"}},{"type":"Feature","geometry":{"type":"Point","coordinates":[8.738733,50.113018,1539.24]},"properties":{"name":"2026-05-21 19:20:30 UTC","description":{"@type":"html","value":"<div><div><span><b>Altitude:</b></span> <span>5,050 ft</span></div>\n<div><span><b>Speed:</b></span> <span>269 kt</span></div>\n<div><span><b>Heading:</b></span> <span>23&deg;</span></div>\n</div>"},"icon-heading":23,"icon":"http://maps.google.com/mapfiles/kml/shapes/airports.png","timestamp":"2026-05-21T19:20:30+00:00"}},{"type":"Feature","geometry":{"type":"Point","coordinates":[8.740274,50.115326,1562.1]},"properties":{"name":"2026-05-21 19:20:32 UTC","description":{"@type":"html","value":"<div><div><span><b>Altitude:</b></span> <span>5,125 ft</span></div>\n<div><span><b>Speed:</b></span> <span>270 kt</span></div>\n<div><span><b>Heading:</b></span> <span>23&deg;</span></div>\n</div>"},"icon-heading":23,"icon":"http://maps.google.com/mapfiles/kml/shapes/airports.png","timestamp":"2026-05-21T19:20:32+00:00"}},{"type":"Feature","geometry":{"type":"Point","coordinates":[8.750239,50.130615,1767.84]},"properties":{"name":"2026-05-21 19:20:46 UTC","description":{"@type":"html","value":"<div><div><span><b>Altitude:</b></span> <span>5,800 ft</span></div>\n<div><span><b>Speed:</b></span> <span>273 kt</span></div>\n<div><span><b>Heading:</b></span> <span>22&deg;</span></div>\n</div>"},"icon-heading":22,"icon":"http://maps.google.com/mapfiles/kml/shapes/airports.png","timestamp":"2026-05-21T19:20:46+00:00"}},{"type":"Feature","geometry":{"type":"Point","coordinates":[8.760801,50.145172,1981.2]},"properties":{"name":"2026-05-21 19:20:58 UTC","description":{"@type":"html","value":"<div><div><span><b>Altitude:</b></span> <span>6,500 ft</span></div>\n<div><span><b>Speed:</b></span> <span>276 kt</span></div>\n<div><span><b>Heading:</b></span> <span>28&deg;</span></div>\n</div>"},"icon-heading":28,"icon":"http://maps.google.com/mapfiles/kml/shapes/airports.png","timestamp":"2026-05-21T19:20:58+00:00"}},{"type":"Feature","geometry":{"type":"Point","coordinates":[8.76516,50.149517,2026.92]},"properties":{"name":"2026-05-21 19:21:02 UTC","description":{"@type":"html","value":"<div><div><span><b>Altitude:</b></span> <span>6,650 ft</span></div>\n<div><span><b>Speed:</b></span> <span>279 kt</span></div>\n<div><span><b>Heading:</b></span> <span>33&deg;</span></div>\n</div>"},"icon-heading":33,"icon":"http://maps.google.com/mapfiles/kml/shapes/airports.png","timestamp":"2026-05-21T19:21:02+00:00"}},{"type":"Feature","geometry":{"type":"Point","coordinates":[8.767596,50.151627,2042.16]},"properties":{"name":"2026-05-21 19:21:04 UTC","description":{"@type":"html","value":"<div><div><span><b>Altitude:</b></span> <span>6,700 ft</span></div>\n<div><span><b>Speed:</b></span> <span>281 kt</span></div>\n<div><span><b>Heading:</b></span> <span>35&deg;</span></div>\n</div>"},"icon-heading":35,"icon":"http://maps.google.com/mapfiles/kml/shapes/airports.png","timestamp":"2026-05-21T19:21:04+00:00"}},{"type":"Feature","geometry":{"type":"Point","coordinates":[8.770282,50.153751,2065.02]},"properties":{"name":"2026-05-21 19:21:07 UTC","description":{"@type":"html","value":"<div><div><span><b>Altitude:</b></span> <span>6,775 ft</span></div>\n<div><span><b>Speed:</b></span> <span>284 kt</span></div>\n<div><span><b>Heading:</b></span> <span>37&deg;</span></div>\n</div>"},"icon-heading":37,"icon":"http://maps.google.com/mapfiles/kml/shapes/airports.png","timestamp":"2026-05-21T19:21:07+00:00"}},{"type":"Feature","geometry":{"type":"Point","coordinates":[8.773103,50.155846,2087.88]},"properties":{"name":"2026-05-21 19:21:09 UTC","description":{"@type":"html","value":"<div><div><span><b>Altitude:</b></span> <span>6,850 ft</span></div>\n<div><span><b>Speed:</b></span> <span>285 kt</span></div>\n<div><span><b>Heading:</b></span> <span>40&deg;</span></div>\n</div>"},"icon-heading":40,"icon":"http://maps.google.com/mapfiles/kml/shapes/airports.png","timestamp":"2026-05-21T19:21:09+00:00"}},{"type":"Feature","geometry":{"type":"Point","coordinates":[8.776517,50.158173,2118.36]},"properties":{"name":"2026-05-21 19:21:11 UTC","description":{"@type":"html","value":"<div><div><span><b>Altitude:</b></span> <span>6,950 ft</span></div>\n<div><span><b>Speed:</b></span> <span>287 kt</span></div>\n<div><span><b>Heading:</b></span> <span>42&deg;</span></div>\n</div>"},"icon-heading":42,"icon":"http://maps.google.com/mapfiles/kml/shapes/airports.png","timestamp":"2026-05-21T19:21:11+00:00"}},{"type":"Feature","geometry":{"type":"Point","coordinates":[8.779932,50.160316,2148.84]},"properties":{"name":"2026-05-21 19:21:13 UTC","description":{"@type":"html","value":"<div><div><span><b>Altitude:</b></span> <span>7,050 ft</span></div>\n<div><span><b>Speed:</b></span> <span>288 kt</span></div>\n<div><span><b>Heading:</b></span> <span>45&deg;</span></div>\n</div>"},"icon-heading":45,"icon":"http://maps.google.com/mapfiles/kml/shapes/airports.png","timestamp":"2026-05-21T19:21:13+00:00"}},{"type":"Feature","geometry":{"type":"Point","coordinates":[8.782753,50.162083,2186.94]},"properties":{"name":"2026-05-21 19:21:15 UTC","description":{"@type":"html","value":"<div><div><span><b>Altitude:</b></span> <span>7,175 ft</span></div>\n<div><span><b>Speed:</b></span> <span>288 kt</span></div>\n<div><span><b>Heading:</b></span> <span>45&deg;</span></div>\n</div>"},"icon-heading":45,"icon":"http://maps.google.com/mapfiles/kml/shapes/airports.png","timestamp":"2026-05-21T19:21:15+00:00"}},{"type":"Feature","geometry":{"type":"Point","coordinates":[8.786167,50.164227,2225.04]},"properties":{"name":"2026-05-21 19:21:17 UTC","description":{"@type":"html","value":"<div><div><span><b>Altitude:</b></span> <span>7,300 ft</span></div>\n<div><span><b>Speed:</b></span> <span>287 kt</span></div>\n<div><span><b>Heading:</b></span> <span>45&deg;</span></div>\n</div>"},"icon-heading":45,"icon":"http://maps.google.com/mapfiles/kml/shapes/airports.png","timestamp":"2026-05-21T19:21:17+00:00"}},{"type":"Feature","geometry":{"type":"Point","coordinates":[8.789279,50.166138,2270.76]},"properties":{"name":"2026-05-21 19:21:19 UTC","description":{"@type":"html","value":"<div><div><span><b>Altitude:</b></span> <span>7,450 ft</span></div>\n<div><span><b>Speed:</b></span> <span>286 kt</span></div>\n<div><span><b>Heading:</b></span> <span>45&deg;</span></div>\n</div>"},"icon-heading":45,"icon":"http://maps.google.com/mapfiles/kml/shapes/airports.png","timestamp":"2026-05-21T19:21:19+00:00"}},{"type":"Feature","geometry":{"type":"Point","coordinates":[8.792254,50.16795,2308.86]},"properties":{"name":"2026-05-21 19:21:22 UTC","description":{"@type":"html","value":"<div><div><span><b>Altitude:</b></span> <span>7,575 ft</span></div>\n<div><span><b>Speed:</b></span> <span>285 kt</span></div>\n<div><span><b>Heading:</b></span> <span>45&deg;</span></div>\n</div>"},"icon-heading":45,"icon":"http://maps.google.com/mapfiles/kml/shapes/airports.png","timestamp":"2026-05-21T19:21:22+00:00"}},{"type":"Feature","geometry":{"type":"Point","coordinates":[8.795351,50.169891,2354.58]},"properties":{"name":"2026-05-21 19:21:24 UTC","description":{"@type":"html","value":"<div><div><span><b>Altitude:</b></span> <span>7,725 ft</span></div>\n<div><span><b>Speed:</b></span> <span>285 kt</span></div>\n<div><span><b>Heading:</b></span> <span>45&deg;</span></div>\n</div>"},"icon-heading":45,"icon":"http://maps.google.com/mapfiles/kml/shapes/airports.png","timestamp":"2026-05-21T19:21:24+00:00"}},{"type":"Feature","geometry":{"type":"Point","coordinates":[8.798935,50.172047,2392.68]},"properties":{"name":"2026-05-21 19:21:26 UTC","description":{"@type":"html","value":"<div><div><span><b>Altitude:</b></span> <span>7,850 ft</span></div>\n<div><span><b>Speed:</b></span> <span>284 kt</span></div>\n<div><span><b>Heading:</b></span> <span>46&deg;</span></div>\n</div>"},"icon-heading":46,"icon":"http://maps.google.com/mapfiles/kml/shapes/airports.png","timestamp":"2026-05-21T19:21:26+00:00"}},{"type":"Feature","geometry":{"type":"Point","coordinates":[8.801567,50.173691,2423.16]},"properties":{"name":"2026-05-21 19:21:28 UTC","description":{"@type":"html","value":"<div><div><span><b>Altitude:</b></span> <span>7,950 ft</span></div>\n<div><span><b>Speed:</b></span> <span>285 kt</span></div>\n<div><span><b>Heading:</b></span> <span>46&deg;</span></div>\n</div>"},"icon-heading":46,"icon":"http://maps.google.com/mapfiles/kml/shapes/airports.png","timestamp":"2026-05-21T19:21:28+00:00"}},{"type":"Feature","geometry":{"type":"Point","coordinates":[8.80453,50.175522,2461.26]},"properties":{"name":"2026-05-21 19:21:30 UTC","description":{"@type":"html","value":"<div><div><span><b>Altitude:</b></span> <span>8,075 ft</span></div>\n<div><span><b>Speed:</b></span> <span>285 kt</span></div>\n<div><span><b>Heading:</b></span> <span>46&deg;</span></div>\n</div>"},"icon-heading":46,"icon":"http://maps.google.com/mapfiles/kml/shapes/airports.png","timestamp":"2026-05-21T19:21:30+00:00"}},{"type":"Feature","geometry":{"type":"Point","coordinates":[8.808363,50.177864,2506.98]},"properties":{"name":"2026-05-21 19:21:32 UTC","description":{"@type":"html","value":"<div><div><span><b>Altitude:</b></span> <span>8,225 ft</span></div>\n<div><span><b>Speed:</b></span> <span>285 kt</span></div>\n<div><span><b>Heading:</b></span> <span>46&deg;</span></div>\n</div>"},"icon-heading":46,"icon":"http://maps.google.com/mapfiles/kml/shapes/airports.png","timestamp":"2026-05-21T19:21:32+00:00"}},{"type":"Feature","geometry":{"type":"Point","coordinates":[8.811481,50.179775,2537.46]},"properties":{"name":"2026-05-21 19:21:34 UTC","description":{"@type":"html","value":"<div><div><span><b>Altitude:</b></span> <span>8,325 ft</span></div>\n<div><span><b>Speed:</b></span> <span>284 kt</span></div>\n<div><span><b>Heading:</b></span> <span>46&deg;</span></div>\n</div>"},"icon-heading":46,"icon":"http://maps.google.com/mapfiles/kml/shapes/airports.png","timestamp":"2026-05-21T19:21:34+00:00"}},{"type":"Feature","geometry":{"type":"Point","coordinates":[8.831301,50.191738,2735.58]},"properties":{"name":"2026-05-21 19:21:48 UTC","description":{"@type":"html","value":"<div><div><span><b>Altitude:</b></span> <span>8,975 ft</span></div>\n<div><span><b>Speed:</b></span> <span>287 kt</span></div>\n<div><span><b>Heading:</b></span> <span>46&deg;</span></div>\n</div>"},"icon-heading":46,"icon":"http://maps.google.com/mapfiles/kml/shapes/airports.png","timestamp":"2026-05-21T19:21:48+00:00"}},{"type":"Feature","geometry":{"type":"Point","coordinates":[8.851269,50.203796,2918.46]},"properties":{"name":"2026-05-21 19:22:01 UTC","description":{"@type":"html","value":"<div><div><span><b>Altitude:</b></span> <span>9,575 ft</span></div>\n<div><span><b>Speed:</b></span> <span>292 kt</span></div>\n<div><span><b>Heading:</b></span> <span>46&deg;</span></div>\n</div>"},"icon-heading":46,"icon":"http://maps.google.com/mapfiles/kml/shapes/airports.png","timestamp":"2026-05-21T19:22:01+00:00"}},{"type":"Feature","geometry":{"type":"Point","coordinates":[8.871015,50.215714,3131.82]},"properties":{"name":"2026-05-21 19:22:14 UTC","description":{"@type":"html","value":"<div><div><span><b>Altitude:</b></span> <span>10,275 ft</span></div>\n<div><span><b>Speed:</b></span> <span>292 kt</span></div>\n<div><span><b>Heading:</b></span> <span>46&deg;</span></div>\n</div>"},"icon-heading":46,"icon":"http://maps.google.com/mapfiles/kml/shapes/airports.png","timestamp":"2026-05-21T19:22:14+00:00"}},{"type":"Feature","geometry":{"type":"Point","coordinates":[8.892132,50.228622,3261.36]},"properties":{"name":"2026-05-21 19:22:27 UTC","description":{"@type":"html","value":"<div><div><span><b>Altitude:</b></span> <span>10,700 ft</span></div>\n<div><span><b>Speed:</b></span> <span>302 kt</span></div>\n<div><span><b>Heading:</b></span> <span>46&deg;</span></div>\n</div>"},"icon-heading":46,"icon":"http://maps.google.com/mapfiles/kml/shapes/airports.png","timestamp":"2026-05-21T19:22:27+00:00"}},{"type":"Feature","geometry":{"type":"Point","coordinates":[8.913178,50.241501,3322.32]},"properties":{"name":"2026-05-21 19:22:40 UTC","description":{"@type":"html","value":"<div><div><span><b>Altitude:</b></span> <span>10,900 ft</span></div>\n<div><span><b>Speed:</b></span> <span>317 kt</span></div>\n<div><span><b>Heading:</b></span> <span>46&deg;</span></div>\n</div>"},"icon-heading":46,"icon":"http://maps.google.com/mapfiles/kml/shapes/airports.png","timestamp":"2026-05-21T19:22:40+00:00"}},{"type":"Feature","geometry":{"type":"Point","coordinates":[8.937749,50.256493,3421.38]},"properties":{"name":"2026-05-21 19:22:55 UTC","description":{"@type":"html","value":"<div><div><span><b>Altitude:</b></span> <span>11,225 ft</span></div>\n<div><span><b>Speed:</b></span> <span>334 kt</span></div>\n<div><span><b>Heading:</b></span> <span>46&deg;</span></div>\n</div>"},"icon-heading":46,"icon":"http://maps.google.com/mapfiles/kml/shapes/airports.png","timestamp":"2026-05-21T19:22:55+00:00"}},{"type":"Feature","geometry":{"type":"Point","coordinates":[8.961013,50.270554,3558.54]},"properties":{"name":"2026-05-21 19:23:07 UTC","description":{"@type":"html","value":"<div><div><span><b>Altitude:</b></span> <span>11,675 ft</span></div>\n<div><span><b>Speed:</b></span> <span>340 kt</span></div>\n<div><span><b>Heading:</b></span> <span>46&deg;</span></div>\n</div>"},"icon-heading":46,"icon":"http://maps.google.com/mapfiles/kml/shapes/airports.png","timestamp":"2026-05-21T19:23:07+00:00"}},{"type":"Feature","geometry":{"type":"Point","coordinates":[8.983995,50.284424,3703.32]},"properties":{"name":"2026-05-21 19:23:20 UTC","description":{"@type":"html","value":"<div><div><span><b>Altitude:</b></span> <span>12,150 ft</span></div>\n<div><span><b>Speed:</b></span> <span>346 kt</span></div>\n<div><span><b>Heading:</b></span> <span>46&deg;</span></div>\n</div>"},"icon-heading":46,"icon":"http://maps.google.com/mapfiles/kml/shapes/airports.png","timestamp":"2026-05-21T19:23:20+00:00"}},{"type":"Feature","geometry":{"type":"Point","coordinates":[9.042543,50.319717,4107.18]},"properties":{"name":"2026-05-21 19:23:52 UTC","description":{"@type":"html","value":"<div><div><span><b>Altitude:</b></span> <span>13,475 ft</span></div>\n<div><span><b>Speed:</b></span> <span>355 kt</span></div>\n<div><span><b>Heading:</b></span> <span>46&deg;</span></div>\n</div>"},"icon-heading":46,"icon":"http://maps.google.com/mapfiles/kml/shapes/airports.png","timestamp":"2026-05-21T19:23:52+00:00"}},{"type":"Feature","geometry":{"type":"Point","coordinates":[9.103401,50.356476,4541.52]},"properties":{"name":"2026-05-21 19:24:24 UTC","description":{"@type":"html","value":"<div><div><span><b>Altitude:</b></span> <span>14,900 ft</span></div>\n<div><span><b>Speed:</b></span> <span>360 kt</span></div>\n<div><span><b>Heading:</b></span> <span>46&deg;</span></div>\n</div>"},"icon-heading":46,"icon":"http://maps.google.com/mapfiles/kml/shapes/airports.png","timestamp":"2026-05-21T19:24:24+00:00"}},{"type":"Feature","geometry":{"type":"Point","coordinates":[9.163859,50.392845,4937.76]},"properties":{"name":"2026-05-21 19:24:56 UTC","description":{"@type":"html","value":"<div><div><span><b>Altitude:</b></span> <span>16,200 ft</span></div>\n<div><span><b>Speed:</b></span> <span>363 kt</span></div>\n<div><span><b>Heading:</b></span> <span>46&deg;</span></div>\n</div>"},"icon-heading":46,"icon":"http://maps.google.com/mapfiles/kml/shapes/airports.png","timestamp":"2026-05-21T19:24:56+00:00"}},{"type":"Feature","geometry":{"type":"Point","coordinates":[9.227359,50.430908,5288.28]},"properties":{"name":"2026-05-21 19:25:29 UTC","description":{"@type":"html","value":"<div><div><span><b>Altitude:</b></span> <span>17,350 ft</span></div>\n<div><span><b>Speed:</b></span> <span>372 kt</span></div>\n<div><span><b>Heading:</b></span> <span>46&deg;</span></div>\n</div>"},"icon-heading":46,"icon":"http://maps.google.com/mapfiles/kml/shapes/airports.png","timestamp":"2026-05-21T19:25:29+00:00"}},{"type":"Feature","geometry":{"type":"Point","coordinates":[9.290202,50.468399,5654.04]},"properties":{"name":"2026-05-21 19:26:00 UTC","description":{"@type":"html","value":"<div><div><span><b>Altitude:</b></span> <span>18,550 ft</span></div>\n<div><span><b>Speed:</b></span> <span>376 kt</span></div>\n<div><span><b>Heading:</b></span> <span>46&deg;</span></div>\n</div>"},"icon-heading":46,"icon":"http://maps.google.com/mapfiles/kml/shapes/airports.png","timestamp":"2026-05-21T19:26:00+00:00"}},{"type":"Feature","geometry":{"type":"Point","coordinates":[9.354339,50.506618,5943.6]},"properties":{"name":"2026-05-21 19:26:32 UTC","description":{"@type":"html","value":"<div><div><span><b>Altitude:</b></span> <span>19,500 ft</span></div>\n<div><span><b>Speed:</b></span> <span>385 kt</span></div>\n<div><span><b>Heading:</b></span> <span>46&deg;</span></div>\n</div>"},"icon-heading":46,"icon":"http://maps.google.com/mapfiles/kml/shapes/airports.png","timestamp":"2026-05-21T19:26:32+00:00"}},{"type":"Feature","geometry":{"type":"Point","coordinates":[9.421283,50.546356,6271.26]},"properties":{"name":"2026-05-21 19:27:05 UTC","description":{"@type":"html","value":"<div><div><span><b>Altitude:</b></span> <span>20,575 ft</span></div>\n<div><span><b>Speed:</b></span> <span>390 kt</span></div>\n<div><span><b>Heading:</b></span> <span>46&deg;</span></div>\n</div>"},"icon-heading":46,"icon":"http://maps.google.com/mapfiles/kml/shapes/airports.png","timestamp":"2026-05-21T19:27:05+00:00"}},{"type":"Feature","geometry":{"type":"Point","coordinates":[9.487659,50.585758,6507.48]},"properties":{"name":"2026-05-21 19:27:36 UTC","description":{"@type":"html","value":"<div><div><span><b>Altitude:</b></span> <span>21,350 ft</span></div>\n<div><span><b>Speed:</b></span> <span>401 kt</span></div>\n<div><span><b>Heading:</b></span> <span>47&deg;</span></div>\n</div>"},"icon-heading":47,"icon":"http://maps.google.com/mapfiles/kml/shapes/airports.png","timestamp":"2026-05-21T19:27:36+00:00"}},{"type":"Feature","geometry":{"type":"Point","coordinates":[9.555937,50.626007,6781.8]},"properties":{"name":"2026-05-21 19:28:08 UTC","description":{"@type":"html","value":"<div><div><span><b>Altitude:</b></span> <span>22,250 ft</span></div>\n<div><span><b>Speed:</b></span> <span>406 kt</span></div>\n<div><span><b>Heading:</b></span> <span>47&deg;</span></div>\n</div>"},"icon-heading":47,"icon":"http://maps.google.com/mapfiles/kml/shapes/airports.png","timestamp":"2026-05-21T19:28:08+00:00"}},{"type":"Feature","geometry":{"type":"Point","coordinates":[9.625583,50.667038,7101.84]},"properties":{"name":"2026-05-21 19:28:40 UTC","description":{"@type":"html","value":"<div><div><span><b>Altitude:</b></span> <span>23,300 ft</span></div>\n<div><span><b>Speed:</b></span> <span>409 kt</span></div>\n<div><span><b>Heading:</b></span> <span>47&deg;</span></div>\n</div>"},"icon-heading":47,"icon":"http://maps.google.com/mapfiles/kml/shapes/airports.png","timestamp":"2026-05-21T19:28:40+00:00"}},{"type":"Feature","geometry":{"type":"Point","coordinates":[9.695435,50.708221,7299.96]},"properties":{"name":"2026-05-21 19:29:12 UTC","description":{"@type":"html","value":"<div><div><span><b>Altitude:</b></span> <span>23,950 ft</span></div>\n<div><span><b>Speed:</b></span> <span>414 kt</span></div>\n<div><span><b>Heading:</b></span> <span>47&deg;</span></div>\n</div>"},"icon-heading":47,"icon":"http://maps.google.com/mapfiles/kml/shapes/airports.png","timestamp":"2026-05-21T19:29:12+00:00"}},{"type":"Feature","geometry":{"type":"Point","coordinates":[9.766464,50.749901,7437.12]},"properties":{"name":"2026-05-21 19:29:44 UTC","description":{"@type":"html","value":"<div><div><span><b>Altitude:</b></span> <span>24,400 ft</span></div>\n<div><span><b>Speed:</b></span> <span>416 kt</span></div>\n<div><span><b>Heading:</b></span> <span>47&deg;</span></div>\n</div>"},"icon-heading":47,"icon":"http://maps.google.com/mapfiles/kml/shapes/airports.png","timestamp":"2026-05-21T19:29:44+00:00"}},{"type":"Feature","geometry":{"type":"Point","coordinates":[9.83744,50.79126,7688.58]},"properties":{"name":"2026-05-21 19:30:16 UTC","description":{"@type":"html","value":"<div><div><span><b>Altitude:</b></span> <span>25,225 ft</span></div>\n<div><span><b>Speed:</b></span> <span>419 kt</span></div>\n<div><span><b>Heading:</b></span> <span>47&deg;</span></div>\n</div>"},"icon-heading":47,"icon":"http://maps.google.com/mapfiles/kml/shapes/airports.png","timestamp":"2026-05-21T19:30:16+00:00"}},{"type":"Feature","geometry":{"type":"Point","coordinates":[9.910484,50.833786,7978.14]},"properties":{"name":"2026-05-21 19:30:48 UTC","description":{"@type":"html","value":"<div><div><span><b>Altitude:</b></span> <span>26,175 ft</span></div>\n<div><span><b>Speed:</b></span> <span>419 kt</span></div>\n<div><span><b>Heading:</b></span> <span>47&deg;</span></div>\n</div>"},"icon-heading":47,"icon":"http://maps.google.com/mapfiles/kml/shapes/airports.png","timestamp":"2026-05-21T19:30:48+00:00"}},{"type":"Feature","geometry":{"type":"Point","coordinates":[9.982147,50.875359,8161.02]},"properties":{"name":"2026-05-21 19:31:20 UTC","description":{"@type":"html","value":"<div><div><span><b>Altitude:</b></span> <span>26,775 ft</span></div>\n<div><span><b>Speed:</b></span> <span>426 kt</span></div>\n<div><span><b>Heading:</b></span> <span>47&deg;</span></div>\n</div>"},"icon-heading":47,"icon":"http://maps.google.com/mapfiles/kml/shapes/airports.png","timestamp":"2026-05-21T19:31:20+00:00"}},{"type":"Feature","geometry":{"type":"Point","coordinates":[10.052194,50.908035,8343.9]},"properties":{"name":"2026-05-21 19:31:47 UTC","description":{"@type":"html","value":"<div><div><span><b>Altitude:</b></span> <span>27,375 ft</span></div>\n<div><span><b>Speed:</b></span> <span>436 kt</span></div>\n<div><span><b>Heading:</b></span> <span>58&deg;</span></div>\n</div>"},"icon-heading":58,"icon":"http://maps.google.com/mapfiles/kml/shapes/airports.png","timestamp":"2026-05-21T19:31:47+00:00"}},{"type":"Feature","geometry":{"type":"Point","coordinates":[10.057907,50.910179,8359.14]},"properties":{"name":"2026-05-21 19:31:50 UTC","description":{"@type":"html","value":"<div><div><span><b>Altitude:</b></span> <span>27,425 ft</span></div>\n<div><span><b>Speed:</b></span> <span>436 kt</span></div>\n<div><span><b>Heading:</b></span> <span>58&deg;</span></div>\n</div>"},"icon-heading":58,"icon":"http://maps.google.com/mapfiles/kml/shapes/airports.png","timestamp":"2026-05-21T19:31:50+00:00"}},{"type":"Feature","geometry":{"type":"Point","coordinates":[10.06424,50.912506,8374.38]},"properties":{"name":"2026-05-21 19:31:52 UTC","description":{"@type":"html","value":"<div><div><span><b>Altitude:</b></span> <span>27,475 ft</span></div>\n<div><span><b>Speed:</b></span> <span>436 kt</span></div>\n<div><span><b>Heading:</b></span> <span>59&deg;</span></div>\n</div>"},"icon-heading":59,"icon":"http://maps.google.com/mapfiles/kml/shapes/airports.png","timestamp":"2026-05-21T19:31:52+00:00"}},{"type":"Feature","geometry":{"type":"Point","coordinates":[10.069786,50.914536,8389.62]},"properties":{"name":"2026-05-21 19:31:54 UTC","description":{"@type":"html","value":"<div><div><span><b>Altitude:</b></span> <span>27,525 ft</span></div>\n<div><span><b>Speed:</b></span> <span>437 kt</span></div>\n<div><span><b>Heading:</b></span> <span>60&deg;</span></div>\n</div>"},"icon-heading":60,"icon":"http://maps.google.com/mapfiles/kml/shapes/airports.png","timestamp":"2026-05-21T19:31:54+00:00"}},{"type":"Feature","geometry":{"type":"Point","coordinates":[10.076218,50.916836,8404.86]},"properties":{"name":"2026-05-21 19:31:56 UTC","description":{"@type":"html","value":"<div><div><span><b>Altitude:</b></span> <span>27,575 ft</span></div>\n<div><span><b>Speed:</b></span> <span>437 kt</span></div>\n<div><span><b>Heading:</b></span> <span>60&deg;</span></div>\n</div>"},"icon-heading":60,"icon":"http://maps.google.com/mapfiles/kml/shapes/airports.png","timestamp":"2026-05-21T19:31:56+00:00"}},{"type":"Feature","geometry":{"type":"Point","coordinates":[10.080948,50.91851,8412.48]},"properties":{"name":"2026-05-21 19:31:58 UTC","description":{"@type":"html","value":"<div><div><span><b>Altitude:</b></span> <span>27,600 ft</span></div>\n<div><span><b>Speed:</b></span> <span>437 kt</span></div>\n<div><span><b>Heading:</b></span> <span>60&deg;</span></div>\n</div>"},"icon-heading":60,"icon":"http://maps.google.com/mapfiles/kml/shapes/airports.png","timestamp":"2026-05-21T19:31:58+00:00"}},{"type":"Feature","geometry":{"type":"Point","coordinates":[10.168292,50.949509,8618.22]},"properties":{"name":"2026-05-21 19:32:29 UTC","description":{"@type":"html","value":"<div><div><span><b>Altitude:</b></span> <span>28,275 ft</span></div>\n<div><span><b>Speed:</b></span> <span>442 kt</span></div>\n<div><span><b>Heading:</b></span> <span>60&deg;</span></div>\n</div>"},"icon-heading":60,"icon":"http://maps.google.com/mapfiles/kml/shapes/airports.png","timestamp":"2026-05-21T19:32:29+00:00"}},{"type":"Feature","geometry":{"type":"Point","coordinates":[10.260191,50.98201,8793.48]},"properties":{"name":"2026-05-21 19:33:01 UTC","description":{"@type":"html","value":"<div><div><span><b>Altitude:</b></span> <span>28,850 ft</span></div>\n<div><span><b>Speed:</b></span> <span>446 kt</span></div>\n<div><span><b>Heading:</b></span> <span>60&deg;</span></div>\n</div>"},"icon-heading":60,"icon":"http://maps.google.com/mapfiles/kml/shapes/airports.png","timestamp":"2026-05-21T19:33:01+00:00"}},{"type":"Feature","geometry":{"type":"Point","coordinates":[10.352859,51.014549,8976.36]},"properties":{"name":"2026-05-21 19:33:33 UTC","description":{"@type":"html","value":"<div><div><span><b>Altitude:</b></span> <span>29,450 ft</span></div>\n<div><span><b>Speed:</b></span> <span>449 kt</span></div>\n<div><span><b>Heading:</b></span> <span>60&deg;</span></div>\n</div>"},"icon-heading":60,"icon":"http://maps.google.com/mapfiles/kml/shapes/airports.png","timestamp":"2026-05-21T19:33:33+00:00"}},{"type":"Feature","geometry":{"type":"Point","coordinates":[10.445328,51.046997,9128.76]},"properties":{"name":"2026-05-21 19:34:06 UTC","description":{"@type":"html","value":"<div><div><span><b>Altitude:</b></span> <span>29,950 ft</span></div>\n<div><span><b>Speed:</b></span> <span>455 kt</span></div>\n<div><span><b>Heading:</b></span> <span>60&deg;</span></div>\n</div>"},"icon-heading":60,"icon":"http://maps.google.com/mapfiles/kml/shapes/airports.png","timestamp":"2026-05-21T19:34:06+00:00"}},{"type":"Feature","geometry":{"type":"Point","coordinates":[10.539823,51.079971,9311.64]},"properties":{"name":"2026-05-21 19:34:37 UTC","description":{"@type":"html","value":"<div><div><span><b>Altitude:</b></span> <span>30,550 ft</span></div>\n<div><span><b>Speed:</b></span> <span>456 kt</span></div>\n<div><span><b>Heading:</b></span> <span>61&deg;</span></div>\n</div>"},"icon-heading":61,"icon":"http://maps.google.com/mapfiles/kml/shapes/airports.png","timestamp":"2026-05-21T19:34:37+00:00"}},{"type":"Feature","geometry":{"type":"Point","coordinates":[10.633545,51.112541,9456.42]},"properties":{"name":"2026-05-21 19:35:09 UTC","description":{"@type":"html","value":"<div><div><span><b>Altitude:</b></span> <span>31,025 ft</span></div>\n<div><span><b>Speed:</b></span> <span>460 kt</span></div>\n<div><span><b>Heading:</b></span> <span>61&deg;</span></div>\n</div>"},"icon-heading":61,"icon":"http://maps.google.com/mapfiles/kml/shapes/airports.png","timestamp":"2026-05-21T19:35:09+00:00"}},{"type":"Feature","geometry":{"type":"Point","coordinates":[10.726547,51.144711,9631.68]},"properties":{"name":"2026-05-21 19:35:41 UTC","description":{"@type":"html","value":"<div><div><span><b>Altitude:</b></span> <span>31,600 ft</span></div>\n<div><span><b>Speed:</b></span> <span>461 kt</span></div>\n<div><span><b>Heading:</b></span> <span>61&deg;</span></div>\n</div>"},"icon-heading":61,"icon":"http://maps.google.com/mapfiles/kml/shapes/airports.png","timestamp":"2026-05-21T19:35:41+00:00"}},{"type":"Feature","geometry":{"type":"Point","coordinates":[10.820123,51.176971,9867.9]},"properties":{"name":"2026-05-21 19:36:13 UTC","description":{"@type":"html","value":"<div><div><span><b>Altitude:</b></span> <span>32,375 ft</span></div>\n<div><span><b>Speed:</b></span> <span>458 kt</span></div>\n<div><span><b>Heading:</b></span> <span>61&deg;</span></div>\n</div>"},"icon-heading":61,"icon":"http://maps.google.com/mapfiles/kml/shapes/airports.png","timestamp":"2026-05-21T19:36:13+00:00"}},{"type":"Feature","geometry":{"type":"Point","coordinates":[10.913655,51.209244,10043.16]},"properties":{"name":"2026-05-21 19:36:44 UTC","description":{"@type":"html","value":"<div><div><span><b>Altitude:</b></span> <span>32,950 ft</span></div>\n<div><span><b>Speed:</b></span> <span>457 kt</span></div>\n<div><span><b>Heading:</b></span> <span>61&deg;</span></div>\n</div>"},"icon-heading":61,"icon":"http://maps.google.com/mapfiles/kml/shapes/airports.png","timestamp":"2026-05-21T19:36:44+00:00"}},{"type":"Feature","geometry":{"type":"Point","coordinates":[11.00741,51.241287,10226.04]},"properties":{"name":"2026-05-21 19:37:16 UTC","description":{"@type":"html","value":"<div><div><span><b>Altitude:</b></span> <span>33,550 ft</span></div>\n<div><span><b>Speed:</b></span> <span>457 kt</span></div>\n<div><span><b>Heading:</b></span> <span>61&deg;</span></div>\n</div>"},"icon-heading":61,"icon":"http://maps.google.com/mapfiles/kml/shapes/airports.png","timestamp":"2026-05-21T19:37:16+00:00"}},{"type":"Feature","geometry":{"type":"Point","coordinates":[11.101913,51.273518,10431.78]},"properties":{"name":"2026-05-21 19:37:48 UTC","description":{"@type":"html","value":"<div><div><span><b>Altitude:</b></span> <span>34,225 ft</span></div>\n<div><span><b>Speed:</b></span> <span>454 kt</span></div>\n<div><span><b>Heading:</b></span> <span>61&deg;</span></div>\n</div>"},"icon-heading":61,"icon":"http://maps.google.com/mapfiles/kml/shapes/airports.png","timestamp":"2026-05-21T19:37:48+00:00"}},{"type":"Feature","geometry":{"type":"Point","coordinates":[11.194458,51.304943,10675.62]},"properties":{"name":"2026-05-21 19:38:20 UTC","description":{"@type":"html","value":"<div><div><span><b>Altitude:</b></span> <span>35,025 ft</span></div>\n<div><span><b>Speed:</b></span> <span>445 kt</span></div>\n<div><span><b>Heading:</b></span> <span>61&deg;</span></div>\n</div>"},"icon-heading":61,"icon":"http://maps.google.com/mapfiles/kml/shapes/airports.png","timestamp":"2026-05-21T19:38:20+00:00"}},{"type":"Feature","geometry":{"type":"Point","coordinates":[11.287932,51.336594,10805.16]},"properties":{"name":"2026-05-21 19:38:52 UTC","description":{"@type":"html","value":"<div><div><span><b>Altitude:</b></span> <span>35,450 ft</span></div>\n<div><span><b>Speed:</b></span> <span>447 kt</span></div>\n<div><span><b>Heading:</b></span> <span>61&deg;</span></div>\n</div>"},"icon-heading":61,"icon":"http://maps.google.com/mapfiles/kml/shapes/airports.png","timestamp":"2026-05-21T19:38:52+00:00"}},{"type":"Feature","geometry":{"type":"Point","coordinates":[11.379318,51.367508,10965.18]},"properties":{"name":"2026-05-21 19:39:24 UTC","description":{"@type":"html","value":"<div><div><span><b>Altitude:</b></span> <span>35,975 ft</span></div>\n<div><span><b>Speed:</b></span> <span>445 kt</span></div>\n<div><span><b>Heading:</b></span> <span>61&deg;</span></div>\n</div>"},"icon-heading":61,"icon":"http://maps.google.com/mapfiles/kml/shapes/airports.png","timestamp":"2026-05-21T19:39:24+00:00"}},{"type":"Feature","geometry":{"type":"Point","coordinates":[11.472102,51.398666,11132.82]},"properties":{"name":"2026-05-21 19:39:56 UTC","description":{"@type":"html","value":"<div><div><span><b>Altitude:</b></span> <span>36,525 ft</span></div>\n<div><span><b>Speed:</b></span> <span>442 kt</span></div>\n<div><span><b>Heading:</b></span> <span>61&deg;</span></div>\n</div>"},"icon-heading":61,"icon":"http://maps.google.com/mapfiles/kml/shapes/airports.png","timestamp":"2026-05-21T19:39:56+00:00"}},{"type":"Feature","geometry":{"type":"Point","coordinates":[11.560364,51.428211,11269.98]},"properties":{"name":"2026-05-21 19:40:27 UTC","description":{"@type":"html","value":"<div><div><span><b>Altitude:</b></span> <span>36,975 ft</span></div>\n<div><span><b>Speed:</b></span> <span>439 kt</span></div>\n<div><span><b>Heading:</b></span> <span>61&deg;</span></div>\n</div>"},"icon-heading":61,"icon":"http://maps.google.com/mapfiles/kml/shapes/airports.png","timestamp":"2026-05-21T19:40:27+00:00"}},{"type":"Feature","geometry":{"type":"Point","coordinates":[11.650778,51.458405,11277.6]},"properties":{"name":"2026-05-21 19:40:58 UTC","description":{"@type":"html","value":"<div><div><span><b>Altitude:</b></span> <span>37,000 ft</span></div>\n<div><span><b>Speed:</b></span> <span>444 kt</span></div>\n<div><span><b>Heading:</b></span> <span>61&deg;</span></div>\n</div>"},"icon-heading":61,"icon":"http://maps.google.com/mapfiles/kml/shapes/airports.png","timestamp":"2026-05-21T19:40:58+00:00"}},{"type":"Feature","geometry":{"type":"Point","coordinates":[11.742477,51.488823,11277.6]},"properties":{"name":"2026-05-21 19:41:30 UTC","description":{"@type":"html","value":"<div><div><span><b>Altitude:</b></span> <span>37,000 ft</span></div>\n<div><span><b>Speed:</b></span> <span>443 kt</span></div>\n<div><span><b>Heading:</b></span> <span>61&deg;</span></div>\n</div>"},"icon-heading":61,"icon":"http://maps.google.com/mapfiles/kml/shapes/airports.png","timestamp":"2026-05-21T19:41:30+00:00"}},{"type":"Feature","geometry":{"type":"Point","coordinates":[11.832572,51.518692,11277.6]},"properties":{"name":"2026-05-21 19:42:01 UTC","description":{"@type":"html","value":"<div><div><span><b>Altitude:</b></span> <span>37,000 ft</span></div>\n<div><span><b>Speed:</b></span> <span>444 kt</span></div>\n<div><span><b>Heading:</b></span> <span>62&deg;</span></div>\n</div>"},"icon-heading":62,"icon":"http://maps.google.com/mapfiles/kml/shapes/airports.png","timestamp":"2026-05-21T19:42:01+00:00"}},{"type":"Feature","geometry":{"type":"Point","coordinates":[11.922542,51.548309,11285.22]},"properties":{"name":"2026-05-21 19:42:32 UTC","description":{"@type":"html","value":"<div><div><span><b>Altitude:</b></span> <span>37,025 ft</span></div>\n<div><span><b>Speed:</b></span> <span>441 kt</span></div>\n<div><span><b>Heading:</b></span> <span>62&deg;</span></div>\n</div>"},"icon-heading":62,"icon":"http://maps.google.com/mapfiles/kml/shapes/airports.png","timestamp":"2026-05-21T19:42:32+00:00"}},{"type":"Feature","geometry":{"type":"Point","coordinates":[12.015109,51.578842,11277.6]},"properties":{"name":"2026-05-21 19:43:04 UTC","description":{"@type":"html","value":"<div><div><span><b>Altitude:</b></span> <span>37,000 ft</span></div>\n<div><span><b>Speed:</b></span> <span>440 kt</span></div>\n<div><span><b>Heading:</b></span> <span>62&deg;</span></div>\n</div>"},"icon-heading":62,"icon":"http://maps.google.com/mapfiles/kml/shapes/airports.png","timestamp":"2026-05-21T19:43:04+00:00"}},{"type":"Feature","geometry":{"type":"Point","coordinates":[12.102509,51.607487,11269.98]},"properties":{"name":"2026-05-21 19:43:35 UTC","description":{"@type":"html","value":"<div><div><span><b>Altitude:</b></span> <span>36,975 ft</span></div>\n<div><span><b>Speed:</b></span> <span>440 kt</span></div>\n<div><span><b>Heading:</b></span> <span>62&deg;</span></div>\n</div>"},"icon-heading":62,"icon":"http://maps.google.com/mapfiles/kml/shapes/airports.png","timestamp":"2026-05-21T19:43:35+00:00"}},{"type":"Feature","geometry":{"type":"Point","coordinates":[12.197952,51.63863,11277.6]},"properties":{"name":"2026-05-21 19:44:08 UTC","description":{"@type":"html","value":"<div><div><span><b>Altitude:</b></span> <span>37,000 ft</span></div>\n<div><span><b>Speed:</b></span> <span>440 kt</span></div>\n<div><span><b>Heading:</b></span> <span>62&deg;</span></div>\n</div>"},"icon-heading":62,"icon":"http://maps.google.com/mapfiles/kml/shapes/airports.png","timestamp":"2026-05-21T19:44:08+00:00"}},{"type":"Feature","geometry":{"type":"Point","coordinates":[12.288653,51.668106,11269.98]},"properties":{"name":"2026-05-21 19:44:39 UTC","description":{"@type":"html","value":"<div><div><span><b>Altitude:</b></span> <span>36,975 ft</span></div>\n<div><span><b>Speed:</b></span> <span>441 kt</span></div>\n<div><span><b>Heading:</b></span> <span>62&deg;</span></div>\n</div>"},"icon-heading":62,"icon":"http://maps.google.com/mapfiles/kml/shapes/airports.png","timestamp":"2026-05-21T19:44:39+00:00"}},{"type":"Feature","geometry":{"type":"Point","coordinates":[12.378235,51.697189,11269.98]},"properties":{"name":"2026-05-21 19:45:10 UTC","description":{"@type":"html","value":"<div><div><span><b>Altitude:</b></span> <span>36,975 ft</span></div>\n<div><span><b>Speed:</b></span> <span>442 kt</span></div>\n<div><span><b>Heading:</b></span> <span>62&deg;</span></div>\n</div>"},"icon-heading":62,"icon":"http://maps.google.com/mapfiles/kml/shapes/airports.png","timestamp":"2026-05-21T19:45:10+00:00"}},{"type":"Feature","geometry":{"type":"Point","coordinates":[12.47156,51.727341,11277.6]},"properties":{"name":"2026-05-21 19:45:42 UTC","description":{"@type":"html","value":"<div><div><span><b>Altitude:</b></span> <span>37,000 ft</span></div>\n<div><span><b>Speed:</b></span> <span>444 kt</span></div>\n<div><span><b>Heading:</b></span> <span>62&deg;</span></div>\n</div>"},"icon-heading":62,"icon":"http://maps.google.com/mapfiles/kml/shapes/airports.png","timestamp":"2026-05-21T19:45:42+00:00"}},{"type":"Feature","geometry":{"type":"Point","coordinates":[12.562198,51.756592,11277.6]},"properties":{"name":"2026-05-21 19:46:13 UTC","description":{"@type":"html","value":"<div><div><span><b>Altitude:</b></span> <span>37,000 ft</span></div>\n<div><span><b>Speed:</b></span> <span>446 kt</span></div>\n<div><span><b>Heading:</b></span> <span>62&deg;</span></div>\n</div>"},"icon-heading":62,"icon":"http://maps.google.com/mapfiles/kml/shapes/airports.png","timestamp":"2026-05-21T19:46:13+00:00"}},{"type":"Feature","geometry":{"type":"Point","coordinates":[12.655716,51.786572,11285.22]},"properties":{"name":"2026-05-21 19:46:44 UTC","description":{"@type":"html","value":"<div><div><span><b>Altitude:</b></span> <span>37,025 ft</span></div>\n<div><span><b>Speed:</b></span> <span>445 kt</span></div>\n<div><span><b>Heading:</b></span> <span>62&deg;</span></div>\n</div>"},"icon-heading":62,"icon":"http://maps.google.com/mapfiles/kml/shapes/airports.png","timestamp":"2026-05-21T19:46:44+00:00"}},{"type":"Feature","geometry":{"type":"Point","coordinates":[12.751415,51.8172,11285.22]},"properties":{"name":"2026-05-21 19:47:17 UTC","description":{"@type":"html","value":"<div><div><span><b>Altitude:</b></span> <span>37,025 ft</span></div>\n<div><span><b>Speed:</b></span> <span>445 kt</span></div>\n<div><span><b>Heading:</b></span> <span>62&deg;</span></div>\n</div>"},"icon-heading":62,"icon":"http://maps.google.com/mapfiles/kml/shapes/airports.png","timestamp":"2026-05-21T19:47:17+00:00"}},{"type":"Feature","geometry":{"type":"Point","coordinates":[12.843704,51.846577,11285.22]},"properties":{"name":"2026-05-21 19:47:48 UTC","description":{"@type":"html","value":"<div><div><span><b>Altitude:</b></span> <span>37,025 ft</span></div>\n<div><span><b>Speed:</b></span> <span>445 kt</span></div>\n<div><span><b>Heading:</b></span> <span>62&deg;</span></div>\n</div>"},"icon-heading":62,"icon":"http://maps.google.com/mapfiles/kml/shapes/airports.png","timestamp":"2026-05-21T19:47:48+00:00"}},{"type":"Feature","geometry":{"type":"Point","coordinates":[12.938479,51.876617,11277.6]},"properties":{"name":"2026-05-21 19:48:20 UTC","description":{"@type":"html","value":"<div><div><span><b>Altitude:</b></span> <span>37,000 ft</span></div>\n<div><span><b>Speed:</b></span> <span>445 kt</span></div>\n<div><span><b>Heading:</b></span> <span>62&deg;</span></div>\n</div>"},"icon-heading":62,"icon":"http://maps.google.com/mapfiles/kml/shapes/airports.png","timestamp":"2026-05-21T19:48:20+00:00"}},{"type":"Feature","geometry":{"type":"Point","coordinates":[13.030726,51.905697,11277.6]},"properties":{"name":"2026-05-21 19:48:51 UTC","description":{"@type":"html","value":"<div><div><span><b>Altitude:</b></span> <span>37,000 ft</span></div>\n<div><span><b>Speed:</b></span> <span>446 kt</span></div>\n<div><span><b>Heading:</b></span> <span>63&deg;</span></div>\n</div>"},"icon-heading":63,"icon":"http://maps.google.com/mapfiles/kml/shapes/airports.png","timestamp":"2026-05-21T19:48:51+00:00"}},{"type":"Feature","geometry":{"type":"Point","coordinates":[13.123703,51.934891,11269.98]},"properties":{"name":"2026-05-21 19:49:23 UTC","description":{"@type":"html","value":"<div><div><span><b>Altitude:</b></span> <span>36,975 ft</span></div>\n<div><span><b>Speed:</b></span> <span>448 kt</span></div>\n<div><span><b>Heading:</b></span> <span>63&deg;</span></div>\n</div>"},"icon-heading":63,"icon":"http://maps.google.com/mapfiles/kml/shapes/airports.png","timestamp":"2026-05-21T19:49:23+00:00"}},{"type":"Feature","geometry":{"type":"Point","coordinates":[13.218918,51.9646,11285.22]},"properties":{"name":"2026-05-21 19:49:54 UTC","description":{"@type":"html","value":"<div><div><span><b>Altitude:</b></span> <span>37,025 ft</span></div>\n<div><span><b>Speed:</b></span> <span>449 kt</span></div>\n<div><span><b>Heading:</b></span> <span>63&deg;</span></div>\n</div>"},"icon-heading":63,"icon":"http://maps.google.com/mapfiles/kml/shapes/airports.png","timestamp":"2026-05-21T19:49:54+00:00"}},{"type":"Feature","geometry":{"type":"Point","coordinates":[13.314331,51.994381,11224.26]},"properties":{"name":"2026-05-21 19:50:26 UTC","description":{"@type":"html","value":"<div><div><span><b>Altitude:</b></span> <span>36,825 ft</span></div>\n<div><span><b>Speed:</b></span> <span>448 kt</span></div>\n<div><span><b>Heading:</b></span> <span>63&deg;</span></div>\n</div>"},"icon-heading":63,"icon":"http://maps.google.com/mapfiles/kml/shapes/airports.png","timestamp":"2026-05-21T19:50:26+00:00"}},{"type":"Feature","geometry":{"type":"Point","coordinates":[13.405675,52.022686,11148.06]},"properties":{"name":"2026-05-21 19:50:57 UTC","description":{"@type":"html","value":"<div><div><span><b>Altitude:</b></span> <span>36,575 ft</span></div>\n<div><span><b>Speed:</b></span> <span>444 kt</span></div>\n<div><span><b>Heading:</b></span> <span>63&deg;</span></div>\n</div>"},"icon-heading":63,"icon":"http://maps.google.com/mapfiles/kml/shapes/airports.png","timestamp":"2026-05-21T19:50:57+00:00"}},{"type":"Feature","geometry":{"type":"Point","coordinates":[13.498901,52.051685,11056.62]},"properties":{"name":"2026-05-21 19:51:28 UTC","description":{"@type":"html","value":"<div><div><span><b>Altitude:</b></span> <span>36,275 ft</span></div>\n<div><span><b>Speed:</b></span> <span>444 kt</span></div>\n<div><span><b>Heading:</b></span> <span>63&deg;</span></div>\n</div>"},"icon-heading":63,"icon":"http://maps.google.com/mapfiles/kml/shapes/airports.png","timestamp":"2026-05-21T19:51:28+00:00"}},{"type":"Feature","geometry":{"type":"Point","coordinates":[13.594513,52.081055,10942.32]},"properties":{"name":"2026-05-21 19:52:00 UTC","description":{"@type":"html","value":"<div><div><span><b>Altitude:</b></span> <span>35,900 ft</span></div>\n<div><span><b>Speed:</b></span> <span>441 kt</span></div>\n<div><span><b>Heading:</b></span> <span>63&deg;</span></div>\n</div>"},"icon-heading":63,"icon":"http://maps.google.com/mapfiles/kml/shapes/airports.png","timestamp":"2026-05-21T19:52:00+00:00"}},{"type":"Feature","geometry":{"type":"Point","coordinates":[13.686689,52.109409,10843.26]},"properties":{"name":"2026-05-21 19:52:32 UTC","description":{"@type":"html","value":"<div><div><span><b>Altitude:</b></span> <span>35,575 ft</span></div>\n<div><span><b>Speed:</b></span> <span>439 kt</span></div>\n<div><span><b>Heading:</b></span> <span>63&deg;</span></div>\n</div>"},"icon-heading":63,"icon":"http://maps.google.com/mapfiles/kml/shapes/airports.png","timestamp":"2026-05-21T19:52:32+00:00"}},{"type":"Feature","geometry":{"type":"Point","coordinates":[13.780073,52.138088,10728.96]},"properties":{"name":"2026-05-21 19:53:03 UTC","description":{"@type":"html","value":"<div><div><span><b>Altitude:</b></span> <span>35,200 ft</span></div>\n<div><span><b>Speed:</b></span> <span>442 kt</span></div>\n<div><span><b>Heading:</b></span> <span>63&deg;</span></div>\n</div>"},"icon-heading":63,"icon":"http://maps.google.com/mapfiles/kml/shapes/airports.png","timestamp":"2026-05-21T19:53:03+00:00"}},{"type":"Feature","geometry":{"type":"Point","coordinates":[13.873978,52.166702,10622.28]},"properties":{"name":"2026-05-21 19:53:35 UTC","description":{"@type":"html","value":"<div><div><span><b>Altitude:</b></span> <span>34,850 ft</span></div>\n<div><span><b>Speed:</b></span> <span>444 kt</span></div>\n<div><span><b>Heading:</b></span> <span>63&deg;</span></div>\n</div>"},"icon-heading":63,"icon":"http://maps.google.com/mapfiles/kml/shapes/airports.png","timestamp":"2026-05-21T19:53:35+00:00"}},{"type":"Feature","geometry":{"type":"Point","coordinates":[13.969666,52.195812,10507.98]},"properties":{"name":"2026-05-21 19:54:06 UTC","description":{"@type":"html","value":"<div><div><span><b>Altitude:</b></span> <span>34,475 ft</span></div>\n<div><span><b>Speed:</b></span> <span>447 kt</span></div>\n<div><span><b>Heading:</b></span> <span>63&deg;</span></div>\n</div>"},"icon-heading":63,"icon":"http://maps.google.com/mapfiles/kml/shapes/airports.png","timestamp":"2026-05-21T19:54:06+00:00"}},{"type":"Feature","geometry":{"type":"Point","coordinates":[14.064865,52.224609,10386.06]},"properties":{"name":"2026-05-21 19:54:38 UTC","description":{"@type":"html","value":"<div><div><span><b>Altitude:</b></span> <span>34,075 ft</span></div>\n<div><span><b>Speed:</b></span> <span>449 kt</span></div>\n<div><span><b>Heading:</b></span> <span>63&deg;</span></div>\n</div>"},"icon-heading":63,"icon":"http://maps.google.com/mapfiles/kml/shapes/airports.png","timestamp":"2026-05-21T19:54:38+00:00"}},{"type":"Feature","geometry":{"type":"Point","coordinates":[14.160614,52.253448,10172.7]},"properties":{"name":"2026-05-21 19:55:10 UTC","description":{"@type":"html","value":"<div><div><span><b>Altitude:</b></span> <span>33,375 ft</span></div>\n<div><span><b>Speed:</b></span> <span>448 kt</span></div>\n<div><span><b>Heading:</b></span> <span>63&deg;</span></div>\n</div>"},"icon-heading":63,"icon":"http://maps.google.com/mapfiles/kml/shapes/airports.png","timestamp":"2026-05-21T19:55:10+00:00"}},{"type":"Feature","geometry":{"type":"Point","coordinates":[14.256017,52.28212,9966.96]},"properties":{"name":"2026-05-21 19:55:42 UTC","description":{"@type":"html","value":"<div><div><span><b>Altitude:</b></span> <span>32,700 ft</span></div>\n<div><span><b>Speed:</b></span> <span>445 kt</span></div>\n<div><span><b>Heading:</b></span> <span>64&deg;</span></div>\n</div>"},"icon-heading":64,"icon":"http://maps.google.com/mapfiles/kml/shapes/airports.png","timestamp":"2026-05-21T19:55:42+00:00"}},{"type":"Feature","geometry":{"type":"Point","coordinates":[14.347229,52.309433,9730.74]},"properties":{"name":"2026-05-21 19:56:12 UTC","description":{"@type":"html","value":"<div><div><span><b>Altitude:</b></span> <span>31,925 ft</span></div>\n<div><span><b>Speed:</b></span> <span>446 kt</span></div>\n<div><span><b>Heading:</b></span> <span>63&deg;</span></div>\n</div>"},"icon-heading":63,"icon":"http://maps.google.com/mapfiles/kml/shapes/airports.png","timestamp":"2026-05-21T19:56:12+00:00"}},{"type":"Feature","geometry":{"type":"Point","coordinates":[14.441452,52.337448,9410.7]},"properties":{"name":"2026-05-21 19:56:43 UTC","description":{"@type":"html","value":"<div><div><span><b>Altitude:</b></span> <span>30,875 ft</span></div>\n<div><span><b>Speed:</b></span> <span>440 kt</span></div>\n<div><span><b>Heading:</b></span> <span>64&deg;</span></div>\n</div>"},"icon-heading":64,"icon":"http://maps.google.com/mapfiles/kml/shapes/airports.png","timestamp":"2026-05-21T19:56:43+00:00"}},{"type":"Feature","geometry":{"type":"Point","coordinates":[14.537964,52.361984,9075.42]},"properties":{"name":"2026-05-21 19:57:15 UTC","description":{"@type":"html","value":"<div><div><span><b>Altitude:</b></span> <span>29,775 ft</span></div>\n<div><span><b>Speed:</b></span> <span>440 kt</span></div>\n<div><span><b>Heading:</b></span> <span>71&deg;</span></div>\n</div>"},"icon-heading":71,"icon":"http://maps.google.com/mapfiles/kml/shapes/airports.png","timestamp":"2026-05-21T19:57:15+00:00"}},{"type":"Feature","geometry":{"type":"Point","coordinates":[14.558334,52.365601,9022.08]},"properties":{"name":"2026-05-21 19:57:21 UTC","description":{"@type":"html","value":"<div><div><span><b>Altitude:</b></span> <span>29,600 ft</span></div>\n<div><span><b>Speed:</b></span> <span>440 kt</span></div>\n<div><span><b>Heading:</b></span> <span>74&deg;</span></div>\n</div>"},"icon-heading":74,"icon":"http://maps.google.com/mapfiles/kml/shapes/airports.png","timestamp":"2026-05-21T19:57:21+00:00"}},{"type":"Feature","geometry":{"type":"Point","coordinates":[14.564733,52.366657,9006.84]},"properties":{"name":"2026-05-21 19:57:23 UTC","description":{"@type":"html","value":"<div><div><span><b>Altitude:</b></span> <span>29,550 ft</span></div>\n<div><span><b>Speed:</b></span> <span>440 kt</span></div>\n<div><span><b>Heading:</b></span> <span>74&deg;</span></div>\n</div>"},"icon-heading":74,"icon":"http://maps.google.com/mapfiles/kml/shapes/airports.png","timestamp":"2026-05-21T19:57:23+00:00"}},{"type":"Feature","geometry":{"type":"Point","coordinates":[14.571533,52.367661,8983.98]},"properties":{"name":"2026-05-21 19:57:25 UTC","description":{"@type":"html","value":"<div><div><span><b>Altitude:</b></span> <span>29,475 ft</span></div>\n<div><span><b>Speed:</b></span> <span>440 kt</span></div>\n<div><span><b>Heading:</b></span> <span>75&deg;</span></div>\n</div>"},"icon-heading":75,"icon":"http://maps.google.com/mapfiles/kml/shapes/airports.png","timestamp":"2026-05-21T19:57:25+00:00"}},{"type":"Feature","geometry":{"type":"Point","coordinates":[14.576738,52.368427,8968.74]},"properties":{"name":"2026-05-21 19:57:27 UTC","description":{"@type":"html","value":"<div><div><span><b>Altitude:</b></span> <span>29,425 ft</span></div>\n<div><span><b>Speed:</b></span> <span>440 kt</span></div>\n<div><span><b>Heading:</b></span> <span>76&deg;</span></div>\n</div>"},"icon-heading":76,"icon":"http://maps.google.com/mapfiles/kml/shapes/airports.png","timestamp":"2026-05-21T19:57:27+00:00"}},{"type":"Feature","geometry":{"type":"Point","coordinates":[14.583511,52.3694,8953.5]},"properties":{"name":"2026-05-21 19:57:29 UTC","description":{"@type":"html","value":"<div><div><span><b>Altitude:</b></span> <span>29,375 ft</span></div>\n<div><span><b>Speed:</b></span> <span>441 kt</span></div>\n<div><span><b>Heading:</b></span> <span>77&deg;</span></div>\n</div>"},"icon-heading":77,"icon":"http://maps.google.com/mapfiles/kml/shapes/airports.png","timestamp":"2026-05-21T19:57:29+00:00"}},{"type":"Feature","geometry":{"type":"Point","coordinates":[14.591334,52.370384,8930.64]},"properties":{"name":"2026-05-21 19:57:31 UTC","description":{"@type":"html","value":"<div><div><span><b>Altitude:</b></span> <span>29,300 ft</span></div>\n<div><span><b>Speed:</b></span> <span>441 kt</span></div>\n<div><span><b>Heading:</b></span> <span>77&deg;</span></div>\n</div>"},"icon-heading":77,"icon":"http://maps.google.com/mapfiles/kml/shapes/airports.png","timestamp":"2026-05-21T19:57:31+00:00"}},{"type":"Feature","geometry":{"type":"Point","coordinates":[14.597855,52.37114,8915.4]},"properties":{"name":"2026-05-21 19:57:33 UTC","description":{"@type":"html","value":"<div><div><span><b>Altitude:</b></span> <span>29,250 ft</span></div>\n<div><span><b>Speed:</b></span> <span>441 kt</span></div>\n<div><span><b>Heading:</b></span> <span>78&deg;</span></div>\n</div>"},"icon-heading":78,"icon":"http://maps.google.com/mapfiles/kml/shapes/airports.png","timestamp":"2026-05-21T19:57:33+00:00"}},{"type":"Feature","geometry":{"type":"Point","coordinates":[14.605713,52.372009,8900.16]},"properties":{"name":"2026-05-21 19:57:36 UTC","description":{"@type":"html","value":"<div><div><span><b>Altitude:</b></span> <span>29,200 ft</span></div>\n<div><span><b>Speed:</b></span> <span>441 kt</span></div>\n<div><span><b>Heading:</b></span> <span>79&deg;</span></div>\n</div>"},"icon-heading":79,"icon":"http://maps.google.com/mapfiles/kml/shapes/airports.png","timestamp":"2026-05-21T19:57:36+00:00"}},{"type":"Feature","geometry":{"type":"Point","coordinates":[14.612579,52.372742,8884.92]},"properties":{"name":"2026-05-21 19:57:38 UTC","description":{"@type":"html","value":"<div><div><span><b>Altitude:</b></span> <span>29,150 ft</span></div>\n<div><span><b>Speed:</b></span> <span>441 kt</span></div>\n<div><span><b>Heading:</b></span> <span>80&deg;</span></div>\n</div>"},"icon-heading":80,"icon":"http://maps.google.com/mapfiles/kml/shapes/airports.png","timestamp":"2026-05-21T19:57:38+00:00"}},{"type":"Feature","geometry":{"type":"Point","coordinates":[14.620448,52.373455,8877.3]},"properties":{"name":"2026-05-21 19:57:40 UTC","description":{"@type":"html","value":"<div><div><span><b>Altitude:</b></span> <span>29,125 ft</span></div>\n<div><span><b>Speed:</b></span> <span>441 kt</span></div>\n<div><span><b>Heading:</b></span> <span>81&deg;</span></div>\n</div>"},"icon-heading":81,"icon":"http://maps.google.com/mapfiles/kml/shapes/airports.png","timestamp":"2026-05-21T19:57:40+00:00"}},{"type":"Feature","geometry":{"type":"Point","coordinates":[14.62704,52.373966,8862.06]},"properties":{"name":"2026-05-21 19:57:42 UTC","description":{"@type":"html","value":"<div><div><span><b>Altitude:</b></span> <span>29,075 ft</span></div>\n<div><span><b>Speed:</b></span> <span>440 kt</span></div>\n<div><span><b>Heading:</b></span> <span>81&deg;</span></div>\n</div>"},"icon-heading":81,"icon":"http://maps.google.com/mapfiles/kml/shapes/airports.png","timestamp":"2026-05-21T19:57:42+00:00"}},{"type":"Feature","geometry":{"type":"Point","coordinates":[14.633636,52.374481,8862.06]},"properties":{"name":"2026-05-21 19:57:44 UTC","description":{"@type":"html","value":"<div><div><span><b>Altitude:</b></span> <span>29,075 ft</span></div>\n<div><span><b>Speed:</b></span> <span>440 kt</span></div>\n<div><span><b>Heading:</b></span> <span>82&deg;</span></div>\n</div>"},"icon-heading":82,"icon":"http://maps.google.com/mapfiles/kml/shapes/airports.png","timestamp":"2026-05-21T19:57:44+00:00"}},{"type":"Feature","geometry":{"type":"Point","coordinates":[14.640579,52.374939,8854.44]},"properties":{"name":"2026-05-21 19:57:46 UTC","description":{"@type":"html","value":"<div><div><span><b>Altitude:</b></span> <span>29,050 ft</span></div>\n<div><span><b>Speed:</b></span> <span>440 kt</span></div>\n<div><span><b>Heading:</b></span> <span>83&deg;</span></div>\n</div>"},"icon-heading":83,"icon":"http://maps.google.com/mapfiles/kml/shapes/airports.png","timestamp":"2026-05-21T19:57:46+00:00"}},{"type":"Feature","geometry":{"type":"Point","coordinates":[14.647217,52.375305,8854.44]},"properties":{"name":"2026-05-21 19:57:48 UTC","description":{"@type":"html","value":"<div><div><span><b>Altitude:</b></span> <span>29,050 ft</span></div>\n<div><span><b>Speed:</b></span> <span>441 kt</span></div>\n<div><span><b>Heading:</b></span> <span>84&deg;</span></div>\n</div>"},"icon-heading":84,"icon":"http://maps.google.com/mapfiles/kml/shapes/airports.png","timestamp":"2026-05-21T19:57:48+00:00"}},{"type":"Feature","geometry":{"type":"Point","coordinates":[14.655457,52.375717,8846.82]},"properties":{"name":"2026-05-21 19:57:51 UTC","description":{"@type":"html","value":"<div><div><span><b>Altitude:</b></span> <span>29,025 ft</span></div>\n<div><span><b>Speed:</b></span> <span>440 kt</span></div>\n<div><span><b>Heading:</b></span> <span>85&deg;</span></div>\n</div>"},"icon-heading":85,"icon":"http://maps.google.com/mapfiles/kml/shapes/airports.png","timestamp":"2026-05-21T19:57:51+00:00"}},{"type":"Feature","geometry":{"type":"Point","coordinates":[14.662745,52.376015,8846.82]},"properties":{"name":"2026-05-21 19:57:53 UTC","description":{"@type":"html","value":"<div><div><span><b>Altitude:</b></span> <span>29,025 ft</span></div>\n<div><span><b>Speed:</b></span> <span>441 kt</span></div>\n<div><span><b>Heading:</b></span> <span>85&deg;</span></div>\n</div>"},"icon-heading":85,"icon":"http://maps.google.com/mapfiles/kml/shapes/airports.png","timestamp":"2026-05-21T19:57:53+00:00"}},{"type":"Feature","geometry":{"type":"Point","coordinates":[14.668788,52.376202,8839.2]},"properties":{"name":"2026-05-21 19:57:55 UTC","description":{"@type":"html","value":"<div><div><span><b>Altitude:</b></span> <span>29,000 ft</span></div>\n<div><span><b>Speed:</b></span> <span>441 kt</span></div>\n<div><span><b>Heading:</b></span> <span>86&deg;</span></div>\n</div>"},"icon-heading":86,"icon":"http://maps.google.com/mapfiles/kml/shapes/airports.png","timestamp":"2026-05-21T19:57:55+00:00"}},{"type":"Feature","geometry":{"type":"Point","coordinates":[14.675446,52.376404,8839.2]},"properties":{"name":"2026-05-21 19:57:57 UTC","description":{"@type":"html","value":"<div><div><span><b>Altitude:</b></span> <span>29,000 ft</span></div>\n<div><span><b>Speed:</b></span> <span>442 kt</span></div>\n<div><span><b>Heading:</b></span> <span>87&deg;</span></div>\n</div>"},"icon-heading":87,"icon":"http://maps.google.com/mapfiles/kml/shapes/airports.png","timestamp":"2026-05-21T19:57:57+00:00"}},{"type":"Feature","geometry":{"type":"Point","coordinates":[14.682388,52.376541,8839.2]},"properties":{"name":"2026-05-21 19:57:59 UTC","description":{"@type":"html","value":"<div><div><span><b>Altitude:</b></span> <span>29,000 ft</span></div>\n<div><span><b>Speed:</b></span> <span>442 kt</span></div>\n<div><span><b>Heading:</b></span> <span>87&deg;</span></div>\n</div>"},"icon-heading":87,"icon":"http://maps.google.com/mapfiles/kml/shapes/airports.png","timestamp":"2026-05-21T19:57:59+00:00"}},{"type":"Feature","geometry":{"type":"Point","coordinates":[14.688799,52.376575,8839.2]},"properties":{"name":"2026-05-21 19:58:01 UTC","description":{"@type":"html","value":"<div><div><span><b>Altitude:</b></span> <span>29,000 ft</span></div>\n<div><span><b>Speed:</b></span> <span>442 kt</span></div>\n<div><span><b>Heading:</b></span> <span>88&deg;</span></div>\n</div>"},"icon-heading":88,"icon":"http://maps.google.com/mapfiles/kml/shapes/airports.png","timestamp":"2026-05-21T19:58:01+00:00"}},{"type":"Feature","geometry":{"type":"Point","coordinates":[14.696411,52.376575,8839.2]},"properties":{"name":"2026-05-21 19:58:03 UTC","description":{"@type":"html","value":"<div><div><span><b>Altitude:</b></span> <span>29,000 ft</span></div>\n<div><span><b>Speed:</b></span> <span>444 kt</span></div>\n<div><span><b>Heading:</b></span> <span>89&deg;</span></div>\n</div>"},"icon-heading":89,"icon":"http://maps.google.com/mapfiles/kml/shapes/airports.png","timestamp":"2026-05-21T19:58:03+00:00"}},{"type":"Feature","geometry":{"type":"Point","coordinates":[14.705124,52.376541,8839.2]},"properties":{"name":"2026-05-21 19:58:05 UTC","description":{"@type":"html","value":"<div><div><span><b>Altitude:</b></span> <span>29,000 ft</span></div>\n<div><span><b>Speed:</b></span> <span>444 kt</span></div>\n<div><span><b>Heading:</b></span> <span>90&deg;</span></div>\n</div>"},"icon-heading":90,"icon":"http://maps.google.com/mapfiles/kml/shapes/airports.png","timestamp":"2026-05-21T19:58:05+00:00"}},{"type":"Feature","geometry":{"type":"Point","coordinates":[14.712184,52.376434,8839.2]},"properties":{"name":"2026-05-21 19:58:08 UTC","description":{"@type":"html","value":"<div><div><span><b>Altitude:</b></span> <span>29,000 ft</span></div>\n<div><span><b>Speed:</b></span> <span>444 kt</span></div>\n<div><span><b>Heading:</b></span> <span>91&deg;</span></div>\n</div>"},"icon-heading":91,"icon":"http://maps.google.com/mapfiles/kml/shapes/airports.png","timestamp":"2026-05-21T19:58:08+00:00"}},{"type":"Feature","geometry":{"type":"Point","coordinates":[14.718933,52.376312,8831.58]},"properties":{"name":"2026-05-21 19:58:10 UTC","description":{"@type":"html","value":"<div><div><span><b>Altitude:</b></span> <span>28,975 ft</span></div>\n<div><span><b>Speed:</b></span> <span>445 kt</span></div>\n<div><span><b>Heading:</b></span> <span>91&deg;</span></div>\n</div>"},"icon-heading":91,"icon":"http://maps.google.com/mapfiles/kml/shapes/airports.png","timestamp":"2026-05-21T19:58:10+00:00"}},{"type":"Feature","geometry":{"type":"Point","coordinates":[14.725289,52.376156,8831.58]},"properties":{"name":"2026-05-21 19:58:12 UTC","description":{"@type":"html","value":"<div><div><span><b>Altitude:</b></span> <span>28,975 ft</span></div>\n<div><span><b>Speed:</b></span> <span>445 kt</span></div>\n<div><span><b>Heading:</b></span> <span>92&deg;</span></div>\n</div>"},"icon-heading":92,"icon":"http://maps.google.com/mapfiles/kml/shapes/airports.png","timestamp":"2026-05-21T19:58:12+00:00"}},{"type":"Feature","geometry":{"type":"Point","coordinates":[14.731979,52.375992,8839.2]},"properties":{"name":"2026-05-21 19:58:14 UTC","description":{"@type":"html","value":"<div><div><span><b>Altitude:</b></span> <span>29,000 ft</span></div>\n<div><span><b>Speed:</b></span> <span>445 kt</span></div>\n<div><span><b>Heading:</b></span> <span>92&deg;</span></div>\n</div>"},"icon-heading":92,"icon":"http://maps.google.com/mapfiles/kml/shapes/airports.png","timestamp":"2026-05-21T19:58:14+00:00"}},{"type":"Feature","geometry":{"type":"Point","coordinates":[14.838292,52.37299,8839.2]},"properties":{"name":"2026-05-21 19:58:45 UTC","description":{"@type":"html","value":"<div><div><span><b>Altitude:</b></span> <span>29,000 ft</span></div>\n<div><span><b>Speed:</b></span> <span>446 kt</span></div>\n<div><span><b>Heading:</b></span> <span>92&deg;</span></div>\n</div>"},"icon-heading":92,"icon":"http://maps.google.com/mapfiles/kml/shapes/airports.png","timestamp":"2026-05-21T19:58:45+00:00"}},{"type":"Feature","geometry":{"type":"Point","coordinates":[14.943446,52.369869,8679.18]},"properties":{"name":"2026-05-21 19:59:17 UTC","description":{"@type":"html","value":"<div><div><span><b>Altitude:</b></span> <span>28,475 ft</span></div>\n<div><span><b>Speed:</b></span> <span>436 kt</span></div>\n<div><span><b>Heading:</b></span> <span>92&deg;</span></div>\n</div>"},"icon-heading":92,"icon":"http://maps.google.com/mapfiles/kml/shapes/airports.png","timestamp":"2026-05-21T19:59:17+00:00"}},{"type":"Feature","geometry":{"type":"Point","coordinates":[15.046692,52.366653,8077.2]},"properties":{"name":"2026-05-21 19:59:49 UTC","description":{"@type":"html","value":"<div><div><span><b>Altitude:</b></span> <span>26,500 ft</span></div>\n<div><span><b>Speed:</b></span> <span>434 kt</span></div>\n<div><span><b>Heading:</b></span> <span>92&deg;</span></div>\n</div>"},"icon-heading":92,"icon":"http://maps.google.com/mapfiles/kml/shapes/airports.png","timestamp":"2026-05-21T19:59:49+00:00"}},{"type":"Feature","geometry":{"type":"Point","coordinates":[15.144043,52.363632,7551.42]},"properties":{"name":"2026-05-21 20:00:19 UTC","description":{"@type":"html","value":"<div><div><span><b>Altitude:</b></span> <span>24,775 ft</span></div>\n<div><span><b>Speed:</b></span> <span>425 kt</span></div>\n<div><span><b>Heading:</b></span> <span>92&deg;</span></div>\n</div>"},"icon-heading":92,"icon":"http://maps.google.com/mapfiles/kml/shapes/airports.png","timestamp":"2026-05-21T20:00:19+00:00"}},{"type":"Feature","geometry":{"type":"Point","coordinates":[15.243149,52.360428,7071.36]},"properties":{"name":"2026-05-21 20:00:50 UTC","description":{"@type":"html","value":"<div><div><span><b>Altitude:</b></span> <span>23,200 ft</span></div>\n<div><span><b>Speed:</b></span> <span>419 kt</span></div>\n<div><span><b>Heading:</b></span> <span>92&deg;</span></div>\n</div>"},"icon-heading":92,"icon":"http://maps.google.com/mapfiles/kml/shapes/airports.png","timestamp":"2026-05-21T20:00:50+00:00"}},{"type":"Feature","geometry":{"type":"Point","coordinates":[15.34382,52.357162,6667.5]},"properties":{"name":"2026-05-21 20:01:22 UTC","description":{"@type":"html","value":"<div><div><span><b>Altitude:</b></span> <span>21,875 ft</span></div>\n<div><span><b>Speed:</b></span> <span>406 kt</span></div>\n<div><span><b>Heading:</b></span> <span>93&deg;</span></div>\n</div>"},"icon-heading":93,"icon":"http://maps.google.com/mapfiles/kml/shapes/airports.png","timestamp":"2026-05-21T20:01:22+00:00"}},{"type":"Feature","geometry":{"type":"Point","coordinates":[15.439636,52.355999,6172.2]},"properties":{"name":"2026-05-21 20:01:54 UTC","description":{"@type":"html","value":"<div><div><span><b>Altitude:</b></span> <span>20,250 ft</span></div>\n<div><span><b>Speed:</b></span> <span>391 kt</span></div>\n<div><span><b>Heading:</b></span> <span>85&deg;</span></div>\n</div>"},"icon-heading":85,"icon":"http://maps.google.com/mapfiles/kml/shapes/airports.png","timestamp":"2026-05-21T20:01:54+00:00"}},{"type":"Feature","geometry":{"type":"Point","coordinates":[15.44548,52.3564,6141.72]},"properties":{"name":"2026-05-21 20:01:56 UTC","description":{"@type":"html","value":"<div><div><span><b>Altitude:</b></span> <span>20,150 ft</span></div>\n<div><span><b>Speed:</b></span> <span>390 kt</span></div>\n<div><span><b>Heading:</b></span> <span>83&deg;</span></div>\n</div>"},"icon-heading":83,"icon":"http://maps.google.com/mapfiles/kml/shapes/airports.png","timestamp":"2026-05-21T20:01:56+00:00"}},{"type":"Feature","geometry":{"type":"Point","coordinates":[15.451879,52.35693,6103.62]},"properties":{"name":"2026-05-21 20:01:58 UTC","description":{"@type":"html","value":"<div><div><span><b>Altitude:</b></span> <span>20,025 ft</span></div>\n<div><span><b>Speed:</b></span> <span>389 kt</span></div>\n<div><span><b>Heading:</b></span> <span>82&deg;</span></div>\n</div>"},"icon-heading":82,"icon":"http://maps.google.com/mapfiles/kml/shapes/airports.png","timestamp":"2026-05-21T20:01:58+00:00"}},{"type":"Feature","geometry":{"type":"Point","coordinates":[15.457685,52.357487,6065.52]},"properties":{"name":"2026-05-21 20:02:00 UTC","description":{"@type":"html","value":"<div><div><span><b>Altitude:</b></span> <span>19,900 ft</span></div>\n<div><span><b>Speed:</b></span> <span>387 kt</span></div>\n<div><span><b>Heading:</b></span> <span>81&deg;</span></div>\n</div>"},"icon-heading":81,"icon":"http://maps.google.com/mapfiles/kml/shapes/airports.png","timestamp":"2026-05-21T20:02:00+00:00"}},{"type":"Feature","geometry":{"type":"Point","coordinates":[15.465454,52.358326,6019.8]},"properties":{"name":"2026-05-21 20:02:03 UTC","description":{"@type":"html","value":"<div><div><span><b>Altitude:</b></span> <span>19,750 ft</span></div>\n<div><span><b>Speed:</b></span> <span>387 kt</span></div>\n<div><span><b>Heading:</b></span> <span>80&deg;</span></div>\n</div>"},"icon-heading":80,"icon":"http://maps.google.com/mapfiles/kml/shapes/airports.png","timestamp":"2026-05-21T20:02:03+00:00"}},{"type":"Feature","geometry":{"type":"Point","coordinates":[15.470886,52.358917,5989.32]},"properties":{"name":"2026-05-21 20:02:05 UTC","description":{"@type":"html","value":"<div><div><span><b>Altitude:</b></span> <span>19,650 ft</span></div>\n<div><span><b>Speed:</b></span> <span>386 kt</span></div>\n<div><span><b>Heading:</b></span> <span>79&deg;</span></div>\n</div>"},"icon-heading":79,"icon":"http://maps.google.com/mapfiles/kml/shapes/airports.png","timestamp":"2026-05-21T20:02:05+00:00"}},{"type":"Feature","geometry":{"type":"Point","coordinates":[15.476913,52.359604,5951.22]},"properties":{"name":"2026-05-21 20:02:07 UTC","description":{"@type":"html","value":"<div><div><span><b>Altitude:</b></span> <span>19,525 ft</span></div>\n<div><span><b>Speed:</b></span> <span>386 kt</span></div>\n<div><span><b>Heading:</b></span> <span>79&deg;</span></div>\n</div>"},"icon-heading":79,"icon":"http://maps.google.com/mapfiles/kml/shapes/airports.png","timestamp":"2026-05-21T20:02:07+00:00"}},{"type":"Feature","geometry":{"type":"Point","coordinates":[15.482864,52.360291,5920.74]},"properties":{"name":"2026-05-21 20:02:09 UTC","description":{"@type":"html","value":"<div><div><span><b>Altitude:</b></span> <span>19,425 ft</span></div>\n<div><span><b>Speed:</b></span> <span>385 kt</span></div>\n<div><span><b>Heading:</b></span> <span>79&deg;</span></div>\n</div>"},"icon-heading":79,"icon":"http://maps.google.com/mapfiles/kml/shapes/airports.png","timestamp":"2026-05-21T20:02:09+00:00"}},{"type":"Feature","geometry":{"type":"Point","coordinates":[15.489702,52.361073,5882.64]},"properties":{"name":"2026-05-21 20:02:11 UTC","description":{"@type":"html","value":"<div><div><span><b>Altitude:</b></span> <span>19,300 ft</span></div>\n<div><span><b>Speed:</b></span> <span>384 kt</span></div>\n<div><span><b>Heading:</b></span> <span>79&deg;</span></div>\n</div>"},"icon-heading":79,"icon":"http://maps.google.com/mapfiles/kml/shapes/airports.png","timestamp":"2026-05-21T20:02:11+00:00"}},{"type":"Feature","geometry":{"type":"Point","coordinates":[15.495431,52.361725,5844.54]},"properties":{"name":"2026-05-21 20:02:13 UTC","description":{"@type":"html","value":"<div><div><span><b>Altitude:</b></span> <span>19,175 ft</span></div>\n<div><span><b>Speed:</b></span> <span>384 kt</span></div>\n<div><span><b>Heading:</b></span> <span>79&deg;</span></div>\n</div>"},"icon-heading":79,"icon":"http://maps.google.com/mapfiles/kml/shapes/airports.png","timestamp":"2026-05-21T20:02:13+00:00"}},{"type":"Feature","geometry":{"type":"Point","coordinates":[15.501395,52.362423,5798.82]},"properties":{"name":"2026-05-21 20:02:15 UTC","description":{"@type":"html","value":"<div><div><span><b>Altitude:</b></span> <span>19,025 ft</span></div>\n<div><span><b>Speed:</b></span> <span>384 kt</span></div>\n<div><span><b>Heading:</b></span> <span>79&deg;</span></div>\n</div>"},"icon-heading":79,"icon":"http://maps.google.com/mapfiles/kml/shapes/airports.png","timestamp":"2026-05-21T20:02:15+00:00"}},{"type":"Feature","geometry":{"type":"Point","coordinates":[15.505676,52.3629,5768.34]},"properties":{"name":"2026-05-21 20:02:17 UTC","description":{"@type":"html","value":"<div><div><span><b>Altitude:</b></span> <span>18,925 ft</span></div>\n<div><span><b>Speed:</b></span> <span>384 kt</span></div>\n<div><span><b>Heading:</b></span> <span>79&deg;</span></div>\n</div>"},"icon-heading":79,"icon":"http://maps.google.com/mapfiles/kml/shapes/airports.png","timestamp":"2026-05-21T20:02:17+00:00"}},{"type":"Feature","geometry":{"type":"Point","coordinates":[15.598984,52.373703,4998.72]},"properties":{"name":"2026-05-21 20:02:49 UTC","description":{"@type":"html","value":"<div><div><span><b>Altitude:</b></span> <span>16,400 ft</span></div>\n<div><span><b>Speed:</b></span> <span>395 kt</span></div>\n<div><span><b>Heading:</b></span> <span>79&deg;</span></div>\n</div>"},"icon-heading":79,"icon":"http://maps.google.com/mapfiles/kml/shapes/airports.png","timestamp":"2026-05-21T20:02:49+00:00"}},{"type":"Feature","geometry":{"type":"Point","coordinates":[15.694046,52.384598,4206.24]},"properties":{"name":"2026-05-21 20:03:21 UTC","description":{"@type":"html","value":"<div><div><span><b>Altitude:</b></span> <span>13,800 ft</span></div>\n<div><span><b>Speed:</b></span> <span>403 kt</span></div>\n<div><span><b>Heading:</b></span> <span>79&deg;</span></div>\n</div>"},"icon-heading":79,"icon":"http://maps.google.com/mapfiles/kml/shapes/airports.png","timestamp":"2026-05-21T20:03:21+00:00"}},{"type":"Feature","geometry":{"type":"Point","coordinates":[15.788295,52.395103,3642.36]},"properties":{"name":"2026-05-21 20:03:53 UTC","description":{"@type":"html","value":"<div><div><span><b>Altitude:</b></span> <span>11,950 ft</span></div>\n<div><span><b>Speed:</b></span> <span>390 kt</span></div>\n<div><span><b>Heading:</b></span> <span>79&deg;</span></div>\n</div>"},"icon-heading":79,"icon":"http://maps.google.com/mapfiles/kml/shapes/airports.png","timestamp":"2026-05-21T20:03:53+00:00"}},{"type":"Feature","geometry":{"type":"Point","coordinates":[15.823669,52.399017,3558.54]},"properties":{"name":"2026-05-21 20:04:05 UTC","description":{"@type":"html","value":"<div><div><span><b>Altitude:</b></span> <span>11,675 ft</span></div>\n<div><span><b>Speed:</b></span> <span>371 kt</span></div>\n<div><span><b>Heading:</b></span> <span>79&deg;</span></div>\n</div>"},"icon-heading":79,"icon":"http://maps.google.com/mapfiles/kml/shapes/airports.png","timestamp":"2026-05-21T20:04:05+00:00"}},{"type":"Feature","geometry":{"type":"Point","coordinates":[15.858994,52.403,3482.34]},"properties":{"name":"2026-05-21 20:04:19 UTC","description":{"@type":"html","value":"<div><div><span><b>Altitude:</b></span> <span>11,425 ft</span></div>\n<div><span><b>Speed:</b></span> <span>353 kt</span></div>\n<div><span><b>Heading:</b></span> <span>79&deg;</span></div>\n</div>"},"icon-heading":79,"icon":"http://maps.google.com/mapfiles/kml/shapes/airports.png","timestamp":"2026-05-21T20:04:19+00:00"}},{"type":"Feature","geometry":{"type":"Point","coordinates":[15.891037,52.406525,3421.38]},"properties":{"name":"2026-05-21 20:04:31 UTC","description":{"@type":"html","value":"<div><div><span><b>Altitude:</b></span> <span>11,225 ft</span></div>\n<div><span><b>Speed:</b></span> <span>336 kt</span></div>\n<div><span><b>Heading:</b></span> <span>79&deg;</span></div>\n</div>"},"icon-heading":79,"icon":"http://maps.google.com/mapfiles/kml/shapes/airports.png","timestamp":"2026-05-21T20:04:31+00:00"}},{"type":"Feature","geometry":{"type":"Point","coordinates":[15.923157,52.410095,3360.42]},"properties":{"name":"2026-05-21 20:04:44 UTC","description":{"@type":"html","value":"<div><div><span><b>Altitude:</b></span> <span>11,025 ft</span></div>\n<div><span><b>Speed:</b></span> <span>321 kt</span></div>\n<div><span><b>Heading:</b></span> <span>79&deg;</span></div>\n</div>"},"icon-heading":79,"icon":"http://maps.google.com/mapfiles/kml/shapes/airports.png","timestamp":"2026-05-21T20:04:44+00:00"}},{"type":"Feature","geometry":{"type":"Point","coordinates":[15.952227,52.413303,3299.46]},"properties":{"name":"2026-05-21 20:04:57 UTC","description":{"@type":"html","value":"<div><div><span><b>Altitude:</b></span> <span>10,825 ft</span></div>\n<div><span><b>Speed:</b></span> <span>314 kt</span></div>\n<div><span><b>Heading:</b></span> <span>79&deg;</span></div>\n</div>"},"icon-heading":79,"icon":"http://maps.google.com/mapfiles/kml/shapes/airports.png","timestamp":"2026-05-21T20:04:57+00:00"}},{"type":"Feature","geometry":{"type":"Point","coordinates":[15.983068,52.416748,3230.88]},"properties":{"name":"2026-05-21 20:05:10 UTC","description":{"@type":"html","value":"<div><div><span><b>Altitude:</b></span> <span>10,600 ft</span></div>\n<div><span><b>Speed:</b></span> <span>308 kt</span></div>\n<div><span><b>Heading:</b></span> <span>79&deg;</span></div>\n</div>"},"icon-heading":79,"icon":"http://maps.google.com/mapfiles/kml/shapes/airports.png","timestamp":"2026-05-21T20:05:10+00:00"}},{"type":"Feature","geometry":{"type":"Point","coordinates":[16.011658,52.420029,3154.68]},"properties":{"name":"2026-05-21 20:05:23 UTC","description":{"@type":"html","value":"<div><div><span><b>Altitude:</b></span> <span>10,350 ft</span></div>\n<div><span><b>Speed:</b></span> <span>304 kt</span></div>\n<div><span><b>Heading:</b></span> <span>79&deg;</span></div>\n</div>"},"icon-heading":79,"icon":"http://maps.google.com/mapfiles/kml/shapes/airports.png","timestamp":"2026-05-21T20:05:23+00:00"}},{"type":"Feature","geometry":{"type":"Point","coordinates":[16.044277,52.423637,3070.86]},"properties":{"name":"2026-05-21 20:05:37 UTC","description":{"@type":"html","value":"<div><div><span><b>Altitude:</b></span> <span>10,075 ft</span></div>\n<div><span><b>Speed:</b></span> <span>297 kt</span></div>\n<div><span><b>Heading:</b></span> <span>79&deg;</span></div>\n</div>"},"icon-heading":79,"icon":"http://maps.google.com/mapfiles/kml/shapes/airports.png","timestamp":"2026-05-21T20:05:37+00:00"}},{"type":"Feature","geometry":{"type":"Point","coordinates":[16.072617,52.426758,3048]},"properties":{"name":"2026-05-21 20:05:50 UTC","description":{"@type":"html","value":"<div><div><span><b>Altitude:</b></span> <span>10,000 ft</span></div>\n<div><span><b>Speed:</b></span> <span>288 kt</span></div>\n<div><span><b>Heading:</b></span> <span>79&deg;</span></div>\n</div>"},"icon-heading":79,"icon":"http://maps.google.com/mapfiles/kml/shapes/airports.png","timestamp":"2026-05-21T20:05:50+00:00"}},{"type":"Feature","geometry":{"type":"Point","coordinates":[16.098938,52.429642,3048]},"properties":{"name":"2026-05-21 20:06:03 UTC","description":{"@type":"html","value":"<div><div><span><b>Altitude:</b></span> <span>10,000 ft</span></div>\n<div><span><b>Speed:</b></span> <span>277 kt</span></div>\n<div><span><b>Heading:</b></span> <span>80&deg;</span></div>\n</div>"},"icon-heading":80,"icon":"http://maps.google.com/mapfiles/kml/shapes/airports.png","timestamp":"2026-05-21T20:06:03+00:00"}},{"type":"Feature","geometry":{"type":"Point","coordinates":[16.128922,52.432892,3048]},"properties":{"name":"2026-05-21 20:06:18 UTC","description":{"@type":"html","value":"<div><div><span><b>Altitude:</b></span> <span>10,000 ft</span></div>\n<div><span><b>Speed:</b></span> <span>269 kt</span></div>\n<div><span><b>Heading:</b></span> <span>79&deg;</span></div>\n</div>"},"icon-heading":79,"icon":"http://maps.google.com/mapfiles/kml/shapes/airports.png","timestamp":"2026-05-21T20:06:18+00:00"}},{"type":"Feature","geometry":{"type":"Point","coordinates":[16.154938,52.43573,3032.76]},"properties":{"name":"2026-05-21 20:06:31 UTC","description":{"@type":"html","value":"<div><div><span><b>Altitude:</b></span> <span>9,950 ft</span></div>\n<div><span><b>Speed:</b></span> <span>264 kt</span></div>\n<div><span><b>Heading:</b></span> <span>80&deg;</span></div>\n</div>"},"icon-heading":80,"icon":"http://maps.google.com/mapfiles/kml/shapes/airports.png","timestamp":"2026-05-21T20:06:31+00:00"}},{"type":"Feature","geometry":{"type":"Point","coordinates":[16.179016,52.438255,2964.18]},"properties":{"name":"2026-05-21 20:06:43 UTC","description":{"@type":"html","value":"<div><div><span><b>Altitude:</b></span> <span>9,725 ft</span></div>\n<div><span><b>Speed:</b></span> <span>258 kt</span></div>\n<div><span><b>Heading:</b></span> <span>80&deg;</span></div>\n</div>"},"icon-heading":80,"icon":"http://maps.google.com/mapfiles/kml/shapes/airports.png","timestamp":"2026-05-21T20:06:43+00:00"}},{"type":"Feature","geometry":{"type":"Point","coordinates":[16.204224,52.440948,2857.5]},"properties":{"name":"2026-05-21 20:06:56 UTC","description":{"@type":"html","value":"<div><div><span><b>Altitude:</b></span> <span>9,375 ft</span></div>\n<div><span><b>Speed:</b></span> <span>258 kt</span></div>\n<div><span><b>Heading:</b></span> <span>79&deg;</span></div>\n</div>"},"icon-heading":79,"icon":"http://maps.google.com/mapfiles/kml/shapes/airports.png","timestamp":"2026-05-21T20:06:56+00:00"}},{"type":"Feature","geometry":{"type":"Point","coordinates":[16.229172,52.443741,2766.06]},"properties":{"name":"2026-05-21 20:07:09 UTC","description":{"@type":"html","value":"<div><div><span><b>Altitude:</b></span> <span>9,075 ft</span></div>\n<div><span><b>Speed:</b></span> <span>257 kt</span></div>\n<div><span><b>Heading:</b></span> <span>79&deg;</span></div>\n</div>"},"icon-heading":79,"icon":"http://maps.google.com/mapfiles/kml/shapes/airports.png","timestamp":"2026-05-21T20:07:09+00:00"}},{"type":"Feature","geometry":{"type":"Point","coordinates":[16.253281,52.446487,2689.86]},"properties":{"name":"2026-05-21 20:07:22 UTC","description":{"@type":"html","value":"<div><div><span><b>Altitude:</b></span> <span>8,825 ft</span></div>\n<div><span><b>Speed:</b></span> <span>252 kt</span></div>\n<div><span><b>Heading:</b></span> <span>79&deg;</span></div>\n</div>"},"icon-heading":79,"icon":"http://maps.google.com/mapfiles/kml/shapes/airports.png","timestamp":"2026-05-21T20:07:22+00:00"}},{"type":"Feature","geometry":{"type":"Point","coordinates":[16.277771,52.449142,2606.04]},"properties":{"name":"2026-05-21 20:07:35 UTC","description":{"@type":"html","value":"<div><div><span><b>Altitude:</b></span> <span>8,550 ft</span></div>\n<div><span><b>Speed:</b></span> <span>246 kt</span></div>\n<div><span><b>Heading:</b></span> <span>80&deg;</span></div>\n</div>"},"icon-heading":80,"icon":"http://maps.google.com/mapfiles/kml/shapes/airports.png","timestamp":"2026-05-21T20:07:35+00:00"}},{"type":"Feature","geometry":{"type":"Point","coordinates":[16.300812,52.451477,2545.08]},"properties":{"name":"2026-05-21 20:07:48 UTC","description":{"@type":"html","value":"<div><div><span><b>Altitude:</b></span> <span>8,350 ft</span></div>\n<div><span><b>Speed:</b></span> <span>236 kt</span></div>\n<div><span><b>Heading:</b></span> <span>80&deg;</span></div>\n</div>"},"icon-heading":80,"icon":"http://maps.google.com/mapfiles/kml/shapes/airports.png","timestamp":"2026-05-21T20:07:48+00:00"}},{"type":"Feature","geometry":{"type":"Point","coordinates":[16.322098,52.453766,2484.12]},"properties":{"name":"2026-05-21 20:08:01 UTC","description":{"@type":"html","value":"<div><div><span><b>Altitude:</b></span> <span>8,150 ft</span></div>\n<div><span><b>Speed:</b></span> <span>224 kt</span></div>\n<div><span><b>Heading:</b></span> <span>79&deg;</span></div>\n</div>"},"icon-heading":79,"icon":"http://maps.google.com/mapfiles/kml/shapes/airports.png","timestamp":"2026-05-21T20:08:01+00:00"}},{"type":"Feature","geometry":{"type":"Point","coordinates":[16.343262,52.456505,2362.2]},"properties":{"name":"2026-05-21 20:08:14 UTC","description":{"@type":"html","value":"<div><div><span><b>Altitude:</b></span> <span>7,750 ft</span></div>\n<div><span><b>Speed:</b></span> <span>218 kt</span></div>\n<div><span><b>Heading:</b></span> <span>78&deg;</span></div>\n</div>"},"icon-heading":78,"icon":"http://maps.google.com/mapfiles/kml/shapes/airports.png","timestamp":"2026-05-21T20:08:14+00:00"}},{"type":"Feature","geometry":{"type":"Point","coordinates":[16.364441,52.458939,2232.66]},"properties":{"name":"2026-05-21 20:08:27 UTC","description":{"@type":"html","value":"<div><div><span><b>Altitude:</b></span> <span>7,325 ft</span></div>\n<div><span><b>Speed:</b></span> <span>217 kt</span></div>\n<div><span><b>Heading:</b></span> <span>79&deg;</span></div>\n</div>"},"icon-heading":79,"icon":"http://maps.google.com/mapfiles/kml/shapes/airports.png","timestamp":"2026-05-21T20:08:27+00:00"}},{"type":"Feature","geometry":{"type":"Point","coordinates":[16.385637,52.461067,2095.5]},"properties":{"name":"2026-05-21 20:08:40 UTC","description":{"@type":"html","value":"<div><div><span><b>Altitude:</b></span> <span>6,875 ft</span></div>\n<div><span><b>Speed:</b></span> <span>215 kt</span></div>\n<div><span><b>Heading:</b></span> <span>80&deg;</span></div>\n</div>"},"icon-heading":80,"icon":"http://maps.google.com/mapfiles/kml/shapes/airports.png","timestamp":"2026-05-21T20:08:40+00:00"}},{"type":"Feature","geometry":{"type":"Point","coordinates":[16.406631,52.463196,1965.96]},"properties":{"name":"2026-05-21 20:08:53 UTC","description":{"@type":"html","value":"<div><div><span><b>Altitude:</b></span> <span>6,450 ft</span></div>\n<div><span><b>Speed:</b></span> <span>214 kt</span></div>\n<div><span><b>Heading:</b></span> <span>80&deg;</span></div>\n</div>"},"icon-heading":80,"icon":"http://maps.google.com/mapfiles/kml/shapes/airports.png","timestamp":"2026-05-21T20:08:53+00:00"}},{"type":"Feature","geometry":{"type":"Point","coordinates":[16.429739,52.465488,1821.18]},"properties":{"name":"2026-05-21 20:09:08 UTC","description":{"@type":"html","value":"<div><div><span><b>Altitude:</b></span> <span>5,975 ft</span></div>\n<div><span><b>Speed:</b></span> <span>212 kt</span></div>\n<div><span><b>Heading:</b></span> <span>80&deg;</span></div>\n</div>"},"icon-heading":80,"icon":"http://maps.google.com/mapfiles/kml/shapes/airports.png","timestamp":"2026-05-21T20:09:08+00:00"}},{"type":"Feature","geometry":{"type":"Point","coordinates":[16.453552,52.467865,1676.4]},"properties":{"name":"2026-05-21 20:09:22 UTC","description":{"@type":"html","value":"<div><div><span><b>Altitude:</b></span> <span>5,500 ft</span></div>\n<div><span><b>Speed:</b></span> <span>209 kt</span></div>\n<div><span><b>Heading:</b></span> <span>80&deg;</span></div>\n</div>"},"icon-heading":80,"icon":"http://maps.google.com/mapfiles/kml/shapes/airports.png","timestamp":"2026-05-21T20:09:22+00:00"}},{"type":"Feature","geometry":{"type":"Point","coordinates":[16.473135,52.469864,1546.86]},"properties":{"name":"2026-05-21 20:09:35 UTC","description":{"@type":"html","value":"<div><div><span><b>Altitude:</b></span> <span>5,075 ft</span></div>\n<div><span><b>Speed:</b></span> <span>210 kt</span></div>\n<div><span><b>Heading:</b></span> <span>80&deg;</span></div>\n</div>"},"icon-heading":80,"icon":"http://maps.google.com/mapfiles/kml/shapes/airports.png","timestamp":"2026-05-21T20:09:35+00:00"}},{"type":"Feature","geometry":{"type":"Point","coordinates":[16.493683,52.471985,1417.32]},"properties":{"name":"2026-05-21 20:09:48 UTC","description":{"@type":"html","value":"<div><div><span><b>Altitude:</b></span> <span>4,650 ft</span></div>\n<div><span><b>Speed:</b></span> <span>206 kt</span></div>\n<div><span><b>Heading:</b></span> <span>80&deg;</span></div>\n</div>"},"icon-heading":80,"icon":"http://maps.google.com/mapfiles/kml/shapes/airports.png","timestamp":"2026-05-21T20:09:48+00:00"}},{"type":"Feature","geometry":{"type":"Point","coordinates":[16.507193,52.473309,1325.88]},"properties":{"name":"2026-05-21 20:09:57 UTC","description":{"@type":"html","value":"<div><div><span><b>Altitude:</b></span> <span>4,350 ft</span></div>\n<div><span><b>Speed:</b></span> <span>206 kt</span></div>\n<div><span><b>Heading:</b></span> <span>81&deg;</span></div>\n</div>"},"icon-heading":81,"icon":"http://maps.google.com/mapfiles/kml/shapes/airports.png","timestamp":"2026-05-21T20:09:57+00:00"}},{"type":"Feature","geometry":{"type":"Point","coordinates":[16.519928,52.474548,1249.68]},"properties":{"name":"2026-05-21 20:10:05 UTC","description":{"@type":"html","value":"<div><div><span><b>Altitude:</b></span> <span>4,100 ft</span></div>\n<div><span><b>Speed:</b></span> <span>203 kt</span></div>\n<div><span><b>Heading:</b></span> <span>80&deg;</span></div>\n</div>"},"icon-heading":80,"icon":"http://maps.google.com/mapfiles/kml/shapes/airports.png","timestamp":"2026-05-21T20:10:05+00:00"}},{"type":"Feature","geometry":{"type":"Point","coordinates":[16.529636,52.475452,1188.72]},"properties":{"name":"2026-05-21 20:10:12 UTC","description":{"@type":"html","value":"<div><div><span><b>Altitude:</b></span> <span>3,900 ft</span></div>\n<div><span><b>Speed:</b></span> <span>202 kt</span></div>\n<div><span><b>Heading:</b></span> <span>81&deg;</span></div>\n</div>"},"icon-heading":81,"icon":"http://maps.google.com/mapfiles/kml/shapes/airports.png","timestamp":"2026-05-21T20:10:12+00:00"}},{"type":"Feature","geometry":{"type":"Point","coordinates":[16.532974,52.475555,1165.86]},"properties":{"name":"2026-05-21 20:10:14 UTC","description":{"@type":"html","value":"<div><div><span><b>Altitude:</b></span> <span>3,825 ft</span></div>\n<div><span><b>Speed:</b></span> <span>202 kt</span></div>\n<div><span><b>Heading:</b></span> <span>85&deg;</span></div>\n</div>"},"icon-heading":85,"icon":"http://maps.google.com/mapfiles/kml/shapes/airports.png","timestamp":"2026-05-21T20:10:14+00:00"}},{"type":"Feature","geometry":{"type":"Point","coordinates":[16.536465,52.47559,1135.38]},"properties":{"name":"2026-05-21 20:10:16 UTC","description":{"@type":"html","value":"<div><div><span><b>Altitude:</b></span> <span>3,725 ft</span></div>\n<div><span><b>Speed:</b></span> <span>202 kt</span></div>\n<div><span><b>Heading:</b></span> <span>89&deg;</span></div>\n</div>"},"icon-heading":89,"icon":"http://maps.google.com/mapfiles/kml/shapes/airports.png","timestamp":"2026-05-21T20:10:16+00:00"}},{"type":"Feature","geometry":{"type":"Point","coordinates":[16.539536,52.475464,1120.14]},"properties":{"name":"2026-05-21 20:10:18 UTC","description":{"@type":"html","value":"<div><div><span><b>Altitude:</b></span> <span>3,675 ft</span></div>\n<div><span><b>Speed:</b></span> <span>202 kt</span></div>\n<div><span><b>Heading:</b></span> <span>92&deg;</span></div>\n</div>"},"icon-heading":92,"icon":"http://maps.google.com/mapfiles/kml/shapes/airports.png","timestamp":"2026-05-21T20:10:18+00:00"}},{"type":"Feature","geometry":{"type":"Point","coordinates":[16.542664,52.475266,1097.28]},"properties":{"name":"2026-05-21 20:10:21 UTC","description":{"@type":"html","value":"<div><div><span><b>Altitude:</b></span> <span>3,600 ft</span></div>\n<div><span><b>Speed:</b></span> <span>201 kt</span></div>\n<div><span><b>Heading:</b></span> <span>95&deg;</span></div>\n</div>"},"icon-heading":95,"icon":"http://maps.google.com/mapfiles/kml/shapes/airports.png","timestamp":"2026-05-21T20:10:21+00:00"}},{"type":"Feature","geometry":{"type":"Point","coordinates":[16.546194,52.474987,1074.42]},"properties":{"name":"2026-05-21 20:10:23 UTC","description":{"@type":"html","value":"<div><div><span><b>Altitude:</b></span> <span>3,525 ft</span></div>\n<div><span><b>Speed:</b></span> <span>201 kt</span></div>\n<div><span><b>Heading:</b></span> <span>96&deg;</span></div>\n</div>"},"icon-heading":96,"icon":"http://maps.google.com/mapfiles/kml/shapes/airports.png","timestamp":"2026-05-21T20:10:23+00:00"}},{"type":"Feature","geometry":{"type":"Point","coordinates":[16.549961,52.474613,1043.94]},"properties":{"name":"2026-05-21 20:10:25 UTC","description":{"@type":"html","value":"<div><div><span><b>Altitude:</b></span> <span>3,425 ft</span></div>\n<div><span><b>Speed:</b></span> <span>202 kt</span></div>\n<div><span><b>Heading:</b></span> <span>97&deg;</span></div>\n</div>"},"icon-heading":97,"icon":"http://maps.google.com/mapfiles/kml/shapes/airports.png","timestamp":"2026-05-21T20:10:25+00:00"}},{"type":"Feature","geometry":{"type":"Point","coordinates":[16.552944,52.474289,1028.7]},"properties":{"name":"2026-05-21 20:10:27 UTC","description":{"@type":"html","value":"<div><div><span><b>Altitude:</b></span> <span>3,375 ft</span></div>\n<div><span><b>Speed:</b></span> <span>200 kt</span></div>\n<div><span><b>Heading:</b></span> <span>99&deg;</span></div>\n</div>"},"icon-heading":99,"icon":"http://maps.google.com/mapfiles/kml/shapes/airports.png","timestamp":"2026-05-21T20:10:27+00:00"}},{"type":"Feature","geometry":{"type":"Point","coordinates":[16.555454,52.473961,1005.84]},"properties":{"name":"2026-05-21 20:10:29 UTC","description":{"@type":"html","value":"<div><div><span><b>Altitude:</b></span> <span>3,300 ft</span></div>\n<div><span><b>Speed:</b></span> <span>201 kt</span></div>\n<div><span><b>Heading:</b></span> <span>102&deg;</span></div>\n</div>"},"icon-heading":102,"icon":"http://maps.google.com/mapfiles/kml/shapes/airports.png","timestamp":"2026-05-21T20:10:29+00:00"}},{"type":"Feature","geometry":{"type":"Point","coordinates":[16.559143,52.473404,990.6]},"properties":{"name":"2026-05-21 20:10:31 UTC","description":{"@type":"html","value":"<div><div><span><b>Altitude:</b></span> <span>3,250 ft</span></div>\n<div><span><b>Speed:</b></span> <span>199 kt</span></div>\n<div><span><b>Heading:</b></span> <span>103&deg;</span></div>\n</div>"},"icon-heading":103,"icon":"http://maps.google.com/mapfiles/kml/shapes/airports.png","timestamp":"2026-05-21T20:10:31+00:00"}},{"type":"Feature","geometry":{"type":"Point","coordinates":[16.562283,52.472843,967.74]},"properties":{"name":"2026-05-21 20:10:33 UTC","description":{"@type":"html","value":"<div><div><span><b>Altitude:</b></span> <span>3,175 ft</span></div>\n<div><span><b>Speed:</b></span> <span>198 kt</span></div>\n<div><span><b>Heading:</b></span> <span>105&deg;</span></div>\n</div>"},"icon-heading":105,"icon":"http://maps.google.com/mapfiles/kml/shapes/airports.png","timestamp":"2026-05-21T20:10:33+00:00"}},{"type":"Feature","geometry":{"type":"Point","coordinates":[16.565342,52.472286,952.5]},"properties":{"name":"2026-05-21 20:10:36 UTC","description":{"@type":"html","value":"<div><div><span><b>Altitude:</b></span> <span>3,125 ft</span></div>\n<div><span><b>Speed:</b></span> <span>198 kt</span></div>\n<div><span><b>Heading:</b></span> <span>106&deg;</span></div>\n</div>"},"icon-heading":106,"icon":"http://maps.google.com/mapfiles/kml/shapes/airports.png","timestamp":"2026-05-21T20:10:36+00:00"}},{"type":"Feature","geometry":{"type":"Point","coordinates":[16.568298,52.47171,929.64]},"properties":{"name":"2026-05-21 20:10:38 UTC","description":{"@type":"html","value":"<div><div><span><b>Altitude:</b></span> <span>3,050 ft</span></div>\n<div><span><b>Speed:</b></span> <span>197 kt</span></div>\n<div><span><b>Heading:</b></span> <span>107&deg;</span></div>\n</div>"},"icon-heading":107,"icon":"http://maps.google.com/mapfiles/kml/shapes/airports.png","timestamp":"2026-05-21T20:10:38+00:00"}},{"type":"Feature","geometry":{"type":"Point","coordinates":[16.571274,52.471115,914.4]},"properties":{"name":"2026-05-21 20:10:40 UTC","description":{"@type":"html","value":"<div><div><span><b>Altitude:</b></span> <span>3,000 ft</span></div>\n<div><span><b>Speed:</b></span> <span>197 kt</span></div>\n<div><span><b>Heading:</b></span> <span>108&deg;</span></div>\n</div>"},"icon-heading":108,"icon":"http://maps.google.com/mapfiles/kml/shapes/airports.png","timestamp":"2026-05-21T20:10:40+00:00"}},{"type":"Feature","geometry":{"type":"Point","coordinates":[16.573975,52.470562,891.54]},"properties":{"name":"2026-05-21 20:10:42 UTC","description":{"@type":"html","value":"<div><div><span><b>Altitude:</b></span> <span>2,925 ft</span></div>\n<div><span><b>Speed:</b></span> <span>197 kt</span></div>\n<div><span><b>Heading:</b></span> <span>108&deg;</span></div>\n</div>"},"icon-heading":108,"icon":"http://maps.google.com/mapfiles/kml/shapes/airports.png","timestamp":"2026-05-21T20:10:42+00:00"}},{"type":"Feature","geometry":{"type":"Point","coordinates":[16.576643,52.470005,876.3]},"properties":{"name":"2026-05-21 20:10:44 UTC","description":{"@type":"html","value":"<div><div><span><b>Altitude:</b></span> <span>2,875 ft</span></div>\n<div><span><b>Speed:</b></span> <span>196 kt</span></div>\n<div><span><b>Heading:</b></span> <span>108&deg;</span></div>\n</div>"},"icon-heading":108,"icon":"http://maps.google.com/mapfiles/kml/shapes/airports.png","timestamp":"2026-05-21T20:10:44+00:00"}},{"type":"Feature","geometry":{"type":"Point","coordinates":[16.580252,52.469212,853.44]},"properties":{"name":"2026-05-21 20:10:46 UTC","description":{"@type":"html","value":"<div><div><span><b>Altitude:</b></span> <span>2,800 ft</span></div>\n<div><span><b>Speed:</b></span> <span>194 kt</span></div>\n<div><span><b>Heading:</b></span> <span>109&deg;</span></div>\n</div>"},"icon-heading":109,"icon":"http://maps.google.com/mapfiles/kml/shapes/airports.png","timestamp":"2026-05-21T20:10:46+00:00"}},{"type":"Feature","geometry":{"type":"Point","coordinates":[16.583023,52.468643,838.2]},"properties":{"name":"2026-05-21 20:10:48 UTC","description":{"@type":"html","value":"<div><div><span><b>Altitude:</b></span> <span>2,750 ft</span></div>\n<div><span><b>Speed:</b></span> <span>194 kt</span></div>\n<div><span><b>Heading:</b></span> <span>109&deg;</span></div>\n</div>"},"icon-heading":109,"icon":"http://maps.google.com/mapfiles/kml/shapes/airports.png","timestamp":"2026-05-21T20:10:48+00:00"}},{"type":"Feature","geometry":{"type":"Point","coordinates":[16.586294,52.467911,822.96]},"properties":{"name":"2026-05-21 20:10:50 UTC","description":{"@type":"html","value":"<div><div><span><b>Altitude:</b></span> <span>2,700 ft</span></div>\n<div><span><b>Speed:</b></span> <span>192 kt</span></div>\n<div><span><b>Heading:</b></span> <span>109&deg;</span></div>\n</div>"},"icon-heading":109,"icon":"http://maps.google.com/mapfiles/kml/shapes/airports.png","timestamp":"2026-05-21T20:10:50+00:00"}},{"type":"Feature","geometry":{"type":"Point","coordinates":[16.588898,52.467361,815.34]},"properties":{"name":"2026-05-21 20:10:53 UTC","description":{"@type":"html","value":"<div><div><span><b>Altitude:</b></span> <span>2,675 ft</span></div>\n<div><span><b>Speed:</b></span> <span>191 kt</span></div>\n<div><span><b>Heading:</b></span> <span>109&deg;</span></div>\n</div>"},"icon-heading":109,"icon":"http://maps.google.com/mapfiles/kml/shapes/airports.png","timestamp":"2026-05-21T20:10:53+00:00"}},{"type":"Feature","geometry":{"type":"Point","coordinates":[16.59218,52.466652,800.1]},"properties":{"name":"2026-05-21 20:10:55 UTC","description":{"@type":"html","value":"<div><div><span><b>Altitude:</b></span> <span>2,625 ft</span></div>\n<div><span><b>Speed:</b></span> <span>191 kt</span></div>\n<div><span><b>Heading:</b></span> <span>109&deg;</span></div>\n</div>"},"icon-heading":109,"icon":"http://maps.google.com/mapfiles/kml/shapes/airports.png","timestamp":"2026-05-21T20:10:55+00:00"}},{"type":"Feature","geometry":{"type":"Point","coordinates":[16.595306,52.465988,784.86]},"properties":{"name":"2026-05-21 20:10:57 UTC","description":{"@type":"html","value":"<div><div><span><b>Altitude:</b></span> <span>2,575 ft</span></div>\n<div><span><b>Speed:</b></span> <span>189 kt</span></div>\n<div><span><b>Heading:</b></span> <span>109&deg;</span></div>\n</div>"},"icon-heading":109,"icon":"http://maps.google.com/mapfiles/kml/shapes/airports.png","timestamp":"2026-05-21T20:10:57+00:00"}},{"type":"Feature","geometry":{"type":"Point","coordinates":[16.597988,52.465397,769.62]},"properties":{"name":"2026-05-21 20:10:59 UTC","description":{"@type":"html","value":"<div><div><span><b>Altitude:</b></span> <span>2,525 ft</span></div>\n<div><span><b>Speed:</b></span> <span>187 kt</span></div>\n<div><span><b>Heading:</b></span> <span>109&deg;</span></div>\n</div>"},"icon-heading":109,"icon":"http://maps.google.com/mapfiles/kml/shapes/airports.png","timestamp":"2026-05-21T20:10:59+00:00"}},{"type":"Feature","geometry":{"type":"Point","coordinates":[16.601028,52.464752,762]},"properties":{"name":"2026-05-21 20:11:01 UTC","description":{"@type":"html","value":"<div><div><span><b>Altitude:</b></span> <span>2,500 ft</span></div>\n<div><span><b>Speed:</b></span> <span>186 kt</span></div>\n<div><span><b>Heading:</b></span> <span>109&deg;</span></div>\n</div>"},"icon-heading":109,"icon":"http://maps.google.com/mapfiles/kml/shapes/airports.png","timestamp":"2026-05-21T20:11:01+00:00"}},{"type":"Feature","geometry":{"type":"Point","coordinates":[16.603952,52.464188,754.38]},"properties":{"name":"2026-05-21 20:11:04 UTC","description":{"@type":"html","value":"<div><div><span><b>Altitude:</b></span> <span>2,475 ft</span></div>\n<div><span><b>Speed:</b></span> <span>186 kt</span></div>\n<div><span><b>Heading:</b></span> <span>108&deg;</span></div>\n</div>"},"icon-heading":108,"icon":"http://maps.google.com/mapfiles/kml/shapes/airports.png","timestamp":"2026-05-21T20:11:04+00:00"}},{"type":"Feature","geometry":{"type":"Point","coordinates":[16.61232,52.462463,723.9]},"properties":{"name":"2026-05-21 20:11:10 UTC","description":{"@type":"html","value":"<div><div><span><b>Altitude:</b></span> <span>2,375 ft</span></div>\n<div><span><b>Speed:</b></span> <span>185 kt</span></div>\n<div><span><b>Heading:</b></span> <span>108&deg;</span></div>\n</div>"},"icon-heading":108,"icon":"http://maps.google.com/mapfiles/kml/shapes/airports.png","timestamp":"2026-05-21T20:11:10+00:00"}},{"type":"Feature","geometry":{"type":"Point","coordinates":[16.621704,52.460541,685.8]},"properties":{"name":"2026-05-21 20:11:17 UTC","description":{"@type":"html","value":"<div><div><span><b>Altitude:</b></span> <span>2,250 ft</span></div>\n<div><span><b>Speed:</b></span> <span>186 kt</span></div>\n<div><span><b>Heading:</b></span> <span>108&deg;</span></div>\n</div>"},"icon-heading":108,"icon":"http://maps.google.com/mapfiles/kml/shapes/airports.png","timestamp":"2026-05-21T20:11:17+00:00"}},{"type":"Feature","geometry":{"type":"Point","coordinates":[16.630711,52.45874,655.32]},"properties":{"name":"2026-05-21 20:11:24 UTC","description":{"@type":"html","value":"<div><div><span><b>Altitude:</b></span> <span>2,150 ft</span></div>\n<div><span><b>Speed:</b></span> <span>187 kt</span></div>\n<div><span><b>Heading:</b></span> <span>108&deg;</span></div>\n</div>"},"icon-heading":108,"icon":"http://maps.google.com/mapfiles/kml/shapes/airports.png","timestamp":"2026-05-21T20:11:24+00:00"}},{"type":"Feature","geometry":{"type":"Point","coordinates":[16.642227,52.456512,609.6]},"properties":{"name":"2026-05-21 20:11:33 UTC","description":{"@type":"html","value":"<div><div><span><b>Altitude:</b></span> <span>2,000 ft</span></div>\n<div><span><b>Speed:</b></span> <span>186 kt</span></div>\n<div><span><b>Heading:</b></span> <span>107&deg;</span></div>\n</div>"},"icon-heading":107,"icon":"http://maps.google.com/mapfiles/kml/shapes/airports.png","timestamp":"2026-05-21T20:11:33+00:00"}},{"type":"Feature","geometry":{"type":"Point","coordinates":[16.651194,52.454781,571.5]},"properties":{"name":"2026-05-21 20:11:39 UTC","description":{"@type":"html","value":"<div><div><span><b>Altitude:</b></span> <span>1,875 ft</span></div>\n<div><span><b>Speed:</b></span> <span>185 kt</span></div>\n<div><span><b>Heading:</b></span> <span>107&deg;</span></div>\n</div>"},"icon-heading":107,"icon":"http://maps.google.com/mapfiles/kml/shapes/airports.png","timestamp":"2026-05-21T20:11:39+00:00"}},{"type":"Feature","geometry":{"type":"Point","coordinates":[16.660385,52.453079,541.02]},"properties":{"name":"2026-05-21 20:11:46 UTC","description":{"@type":"html","value":"<div><div><span><b>Altitude:</b></span> <span>1,775 ft</span></div>\n<div><span><b>Speed:</b></span> <span>184 kt</span></div>\n<div><span><b>Heading:</b></span> <span>107&deg;</span></div>\n</div>"},"icon-heading":107,"icon":"http://maps.google.com/mapfiles/kml/shapes/airports.png","timestamp":"2026-05-21T20:11:46+00:00"}},{"type":"Feature","geometry":{"type":"Point","coordinates":[16.671597,52.450966,495.3]},"properties":{"name":"2026-05-21 20:11:54 UTC","description":{"@type":"html","value":"<div><div><span><b>Altitude:</b></span> <span>1,625 ft</span></div>\n<div><span><b>Speed:</b></span> <span>181 kt</span></div>\n<div><span><b>Heading:</b></span> <span>106&deg;</span></div>\n</div>"},"icon-heading":106,"icon":"http://maps.google.com/mapfiles/kml/shapes/airports.png","timestamp":"2026-05-21T20:11:54+00:00"}},{"type":"Feature","geometry":{"type":"Point","coordinates":[16.682112,52.449009,457.2]},"properties":{"name":"2026-05-21 20:12:03 UTC","description":{"@type":"html","value":"<div><div><span><b>Altitude:</b></span> <span>1,500 ft</span></div>\n<div><span><b>Speed:</b></span> <span>179 kt</span></div>\n<div><span><b>Heading:</b></span> <span>107&deg;</span></div>\n</div>"},"icon-heading":107,"icon":"http://maps.google.com/mapfiles/kml/shapes/airports.png","timestamp":"2026-05-21T20:12:03+00:00"}},{"type":"Feature","geometry":{"type":"Point","coordinates":[16.69075,52.447357,426.72]},"properties":{"name":"2026-05-21 20:12:09 UTC","description":{"@type":"html","value":"<div><div><span><b>Altitude:</b></span> <span>1,400 ft</span></div>\n<div><span><b>Speed:</b></span> <span>179 kt</span></div>\n<div><span><b>Heading:</b></span> <span>107&deg;</span></div>\n</div>"},"icon-heading":107,"icon":"http://maps.google.com/mapfiles/kml/shapes/airports.png","timestamp":"2026-05-21T20:12:09+00:00"}},{"type":"Feature","geometry":{"type":"Point","coordinates":[16.701887,52.445194,388.62]},"properties":{"name":"2026-05-21 20:12:18 UTC","description":{"@type":"html","value":"<div><div><span><b>Altitude:</b></span> <span>1,275 ft</span></div>\n<div><span><b>Speed:</b></span> <span>176 kt</span></div>\n<div><span><b>Heading:</b></span> <span>107&deg;</span></div>\n</div>"},"icon-heading":107,"icon":"http://maps.google.com/mapfiles/kml/shapes/airports.png","timestamp":"2026-05-21T20:12:18+00:00"}},{"type":"Feature","geometry":{"type":"Point","coordinates":[16.712795,52.443146,350.52]},"properties":{"name":"2026-05-21 20:12:26 UTC","description":{"@type":"html","value":"<div><div><span><b>Altitude:</b></span> <span>1,150 ft</span></div>\n<div><span><b>Speed:</b></span> <span>171 kt</span></div>\n<div><span><b>Heading:</b></span> <span>107&deg;</span></div>\n</div>"},"icon-heading":107,"icon":"http://maps.google.com/mapfiles/kml/shapes/airports.png","timestamp":"2026-05-21T20:12:26+00:00"}},{"type":"Feature","geometry":{"type":"Point","coordinates":[16.720657,52.441635,320.04]},"properties":{"name":"2026-05-21 20:12:33 UTC","description":{"@type":"html","value":"<div><div><span><b>Altitude:</b></span> <span>1,050 ft</span></div>\n<div><span><b>Speed:</b></span> <span>168 kt</span></div>\n<div><span><b>Heading:</b></span> <span>107&deg;</span></div>\n</div>"},"icon-heading":107,"icon":"http://maps.google.com/mapfiles/kml/shapes/airports.png","timestamp":"2026-05-21T20:12:33+00:00"}},{"type":"Feature","geometry":{"type":"Point","coordinates":[16.730957,52.439667,274.32]},"properties":{"name":"2026-05-21 20:12:42 UTC","description":{"@type":"html","value":"<div><div><span><b>Altitude:</b></span> <span>900 ft</span></div>\n<div><span><b>Speed:</b></span> <span>164 kt</span></div>\n<div><span><b>Heading:</b></span> <span>107&deg;</span></div>\n</div>"},"icon-heading":107,"icon":"http://maps.google.com/mapfiles/kml/shapes/airports.png","timestamp":"2026-05-21T20:12:42+00:00"}},{"type":"Feature","geometry":{"type":"Point","coordinates":[16.741791,52.437607,236.22]},"properties":{"name":"2026-05-21 20:12:51 UTC","description":{"@type":"html","value":"<div><div><span><b>Altitude:</b></span> <span>775 ft</span></div>\n<div><span><b>Speed:</b></span> <span>162 kt</span></div>\n<div><span><b>Heading:</b></span> <span>107&deg;</span></div>\n</div>"},"icon-heading":107,"icon":"http://maps.google.com/mapfiles/kml/shapes/airports.png","timestamp":"2026-05-21T20:12:51+00:00"}},{"type":"Feature","geometry":{"type":"Point","coordinates":[16.749191,52.436142,205.74]},"properties":{"name":"2026-05-21 20:12:57 UTC","description":{"@type":"html","value":"<div><div><span><b>Altitude:</b></span> <span>675 ft</span></div>\n<div><span><b>Speed:</b></span> <span>160 kt</span></div>\n<div><span><b>Heading:</b></span> <span>107&deg;</span></div>\n</div>"},"icon-heading":107,"icon":"http://maps.google.com/mapfiles/kml/shapes/airports.png","timestamp":"2026-05-21T20:12:57+00:00"}},{"type":"Feature","geometry":{"type":"Point","coordinates":[16.75878,52.434299,175.26]},"properties":{"name":"2026-05-21 20:13:05 UTC","description":{"@type":"html","value":"<div><div><span><b>Altitude:</b></span> <span>575 ft</span></div>\n<div><span><b>Speed:</b></span> <span>158 kt</span></div>\n<div><span><b>Heading:</b></span> <span>107&deg;</span></div>\n</div>"},"icon-heading":107,"icon":"http://maps.google.com/mapfiles/kml/shapes/airports.png","timestamp":"2026-05-21T20:13:05+00:00"}},{"type":"Feature","geometry":{"type":"Point","coordinates":[16.766281,52.432846,144.78]},"properties":{"name":"2026-05-21 20:13:12 UTC","description":{"@type":"html","value":"<div><div><span><b>Altitude:</b></span> <span>475 ft</span></div>\n<div><span><b>Speed:</b></span> <span>157 kt</span></div>\n<div><span><b>Heading:</b></span> <span>107&deg;</span></div>\n</div>"},"icon-heading":107,"icon":"http://maps.google.com/mapfiles/kml/shapes/airports.png","timestamp":"2026-05-21T20:13:12+00:00"}},{"type":"Feature","geometry":{"type":"Point","coordinates":[16.775652,52.430946,114.3]},"properties":{"name":"2026-05-21 20:13:21 UTC","description":{"@type":"html","value":"<div><div><span><b>Altitude:</b></span> <span>375 ft</span></div>\n<div><span><b>Speed:</b></span> <span>155 kt</span></div>\n<div><span><b>Heading:</b></span> <span>108&deg;</span></div>\n</div>"},"icon-heading":108,"icon":"http://maps.google.com/mapfiles/kml/shapes/airports.png","timestamp":"2026-05-21T20:13:21+00:00"}},{"type":"Feature","geometry":{"type":"Point","coordinates":[16.782913,52.429504,91.44]},"properties":{"name":"2026-05-21 20:13:27 UTC","description":{"@type":"html","value":"<div><div><span><b>Altitude:</b></span> <span>300 ft</span></div>\n<div><span><b>Speed:</b></span> <span>155 kt</span></div>\n<div><span><b>Heading:</b></span> <span>107&deg;</span></div>\n</div>"},"icon-heading":107,"icon":"http://maps.google.com/mapfiles/kml/shapes/airports.png","timestamp":"2026-05-21T20:13:27+00:00"}},{"type":"Feature","geometry":{"type":"Point","coordinates":[16.792374,52.427673,53.34]},"properties":{"name":"2026-05-21 20:13:36 UTC","description":{"@type":"html","value":"<div><div><span><b>Altitude:</b></span> <span>175 ft</span></div>\n<div><span><b>Speed:</b></span> <span>154 kt</span></div>\n<div><span><b>Heading:</b></span> <span>107&deg;</span></div>\n</div>"},"icon-heading":107,"icon":"http://maps.google.com/mapfiles/kml/shapes/airports.png","timestamp":"2026-05-21T20:13:36+00:00"}},{"type":"Feature","geometry":{"type":"Point","coordinates":[16.801987,52.425751,15.24]},"properties":{"name":"2026-05-21 20:13:44 UTC","description":{"@type":"html","value":"<div><div><span><b>Altitude:</b></span> <span>50 ft</span></div>\n<div><span><b>Speed:</b></span> <span>151 kt</span></div>\n<div><span><b>Heading:</b></span> <span>107&deg;</span></div>\n</div>"},"icon-heading":107,"icon":"http://maps.google.com/mapfiles/kml/shapes/airports.png","timestamp":"2026-05-21T20:13:44+00:00"}},{"type":"Feature","geometry":{"type":"Point","coordinates":[16.809238,52.424335,0]},"properties":{"name":"2026-05-21 20:13:51 UTC","description":{"@type":"html","value":"<div><div><span><b>Altitude:</b></span> <span>0 ft</span></div>\n<div><span><b>Speed:</b></span> <span>148 kt</span></div>\n<div><span><b>Heading:</b></span> <span>107&deg;</span></div>\n</div>"},"icon-heading":107,"icon":"http://maps.google.com/mapfiles/kml/shapes/airports.png","timestamp":"2026-05-21T20:13:51+00:00"}},{"type":"Feature","geometry":{"type":"Point","coordinates":[16.817932,52.422684,0]},"properties":{"name":"2026-05-21 20:13:59 UTC","description":{"@type":"html","value":"<div><div><span><b>Altitude:</b></span> <span>0 ft</span></div>\n<div><span><b>Speed:</b></span> <span>135 kt</span></div>\n<div><span><b>Heading:</b></span> <span>108&deg;</span></div>\n</div>"},"icon-heading":108,"icon":"http://maps.google.com/mapfiles/kml/shapes/airports.png","timestamp":"2026-05-21T20:13:59+00:00"}},{"type":"Feature","geometry":{"type":"Point","coordinates":[16.823425,52.421585,0]},"properties":{"name":"2026-05-21 20:14:06 UTC","description":{"@type":"html","value":"<div><div><span><b>Altitude:</b></span> <span>0 ft</span></div>\n<div><span><b>Speed:</b></span> <span>112 kt</span></div>\n<div><span><b>Heading:</b></span> <span>107&deg;</span></div>\n</div>"},"icon-heading":107,"icon":"http://maps.google.com/mapfiles/kml/shapes/airports.png","timestamp":"2026-05-21T20:14:06+00:00"}},{"type":"Feature","geometry":{"type":"Point","coordinates":[16.827837,52.420753,0]},"properties":{"name":"2026-05-21 20:14:13 UTC","description":{"@type":"html","value":"<div><div><span><b>Altitude:</b></span> <span>0 ft</span></div>\n<div><span><b>Speed:</b></span> <span>80 kt</span></div>\n<div><span><b>Heading:</b></span> <span>106&deg;</span></div>\n</div>"},"icon-heading":106,"icon":"http://maps.google.com/mapfiles/kml/shapes/airports.png","timestamp":"2026-05-21T20:14:13+00:00"}},{"type":"Feature","geometry":{"type":"Point","coordinates":[16.831329,52.42009,0]},"properties":{"name":"2026-05-21 20:14:21 UTC","description":{"@type":"html","value":"<div><div><span><b>Altitude:</b></span> <span>0 ft</span></div>\n<div><span><b>Speed:</b></span> <span>53 kt</span></div>\n<div><span><b>Heading:</b></span> <span>106&deg;</span></div>\n</div>"},"icon-heading":106,"icon":"http://maps.google.com/mapfiles/kml/shapes/airports.png","timestamp":"2026-05-21T20:14:21+00:00"}},{"type":"Feature","geometry":{"type":"Point","coordinates":[16.833212,52.419704,0]},"properties":{"name":"2026-05-21 20:14:28 UTC","description":{"@type":"html","value":"<div><div><span><b>Altitude:</b></span> <span>0 ft</span></div>\n<div><span><b>Speed:</b></span> <span>35 kt</span></div>\n<div><span><b>Heading:</b></span> <span>109&deg;</span></div>\n</div>"},"icon-heading":109,"icon":"http://maps.google.com/mapfiles/kml/shapes/airports.png","timestamp":"2026-05-21T20:14:28+00:00"}},{"type":"Feature","geometry":{"type":"Point","coordinates":[16.833858,52.419559,0]},"properties":{"name":"2026-05-21 20:14:30 UTC","description":{"@type":"html","value":"<div><div><span><b>Altitude:</b></span> <span>0 ft</span></div>\n<div><span><b>Speed:</b></span> <span>33 kt</span></div>\n<div><span><b>Heading:</b></span> <span>112&deg;</span></div>\n</div>"},"icon-heading":112,"icon":"http://maps.google.com/mapfiles/kml/shapes/airports.png","timestamp":"2026-05-21T20:14:30+00:00"}},{"type":"Feature","geometry":{"type":"Point","coordinates":[16.834173,52.419472,0]},"properties":{"name":"2026-05-21 20:14:32 UTC","description":{"@type":"html","value":"<div><div><span><b>Altitude:</b></span> <span>0 ft</span></div>\n<div><span><b>Speed:</b></span> <span>33 kt</span></div>\n<div><span><b>Heading:</b></span> <span>115&deg;</span></div>\n</div>"},"icon-heading":115,"icon":"http://maps.google.com/mapfiles/kml/shapes/airports.png","timestamp":"2026-05-21T20:14:32+00:00"}},{"type":"Feature","geometry":{"type":"Point","coordinates":[16.834391,52.419403,0]},"properties":{"name":"2026-05-21 20:14:33 UTC","description":{"@type":"html","value":"<div><div><span><b>Altitude:</b></span> <span>0 ft</span></div>\n<div><span><b>Speed:</b></span> <span>33 kt</span></div>\n<div><span><b>Heading:</b></span> <span>118&deg;</span></div>\n</div>"},"icon-heading":118,"icon":"http://maps.google.com/mapfiles/kml/shapes/airports.png","timestamp":"2026-05-21T20:14:33+00:00"}},{"type":"Feature","geometry":{"type":"Point","coordinates":[16.834812,52.419262,0]},"properties":{"name":"2026-05-21 20:14:35 UTC","description":{"@type":"html","value":"<div><div><span><b>Altitude:</b></span> <span>0 ft</span></div>\n<div><span><b>Speed:</b></span> <span>31 kt</span></div>\n<div><span><b>Heading:</b></span> <span>120&deg;</span></div>\n</div>"},"icon-heading":120,"icon":"http://maps.google.com/mapfiles/kml/shapes/airports.png","timestamp":"2026-05-21T20:14:35+00:00"}},{"type":"Feature","geometry":{"type":"Point","coordinates":[16.835155,52.419113,0]},"properties":{"name":"2026-05-21 20:14:37 UTC","description":{"@type":"html","value":"<div><div><span><b>Altitude:</b></span> <span>0 ft</span></div>\n<div><span><b>Speed:</b></span> <span>28 kt</span></div>\n<div><span><b>Heading:</b></span> <span>123&deg;</span></div>\n</div>"},"icon-heading":123,"icon":"http://maps.google.com/mapfiles/kml/shapes/airports.png","timestamp":"2026-05-21T20:14:37+00:00"}},{"type":"Feature","geometry":{"type":"Point","coordinates":[16.835384,52.41901,0]},"properties":{"name":"2026-05-21 20:14:38 UTC","description":{"@type":"html","value":"<div><div><span><b>Altitude:</b></span> <span>0 ft</span></div>\n<div><span><b>Speed:</b></span> <span>27 kt</span></div>\n<div><span><b>Heading:</b></span> <span>123&deg;</span></div>\n</div>"},"icon-heading":123,"icon":"http://maps.google.com/mapfiles/kml/shapes/airports.png","timestamp":"2026-05-21T20:14:38+00:00"}},{"type":"Feature","geometry":{"type":"Point","coordinates":[16.835783,52.418819,0]},"properties":{"name":"2026-05-21 20:14:41 UTC","description":{"@type":"html","value":"<div><div><span><b>Altitude:</b></span> <span>0 ft</span></div>\n<div><span><b>Speed:</b></span> <span>25 kt</span></div>\n<div><span><b>Heading:</b></span> <span>129&deg;</span></div>\n</div>"},"icon-heading":129,"icon":"http://maps.google.com/mapfiles/kml/shapes/airports.png","timestamp":"2026-05-21T20:14:41+00:00"}},{"type":"Feature","geometry":{"type":"Point","coordinates":[16.836071,52.418667,0]},"properties":{"name":"2026-05-21 20:14:43 UTC","description":{"@type":"html","value":"<div><div><span><b>Altitude:</b></span> <span>0 ft</span></div>\n<div><span><b>Speed:</b></span> <span>25 kt</span></div>\n<div><span><b>Heading:</b></span> <span>132&deg;</span></div>\n</div>"},"icon-heading":132,"icon":"http://maps.google.com/mapfiles/kml/shapes/airports.png","timestamp":"2026-05-21T20:14:43+00:00"}},{"type":"Feature","geometry":{"type":"Point","coordinates":[16.836351,52.418507,0]},"properties":{"name":"2026-05-21 20:14:45 UTC","description":{"@type":"html","value":"<div><div><span><b>Altitude:</b></span> <span>0 ft</span></div>\n<div><span><b>Speed:</b></span> <span>24 kt</span></div>\n<div><span><b>Heading:</b></span> <span>135&deg;</span></div>\n</div>"},"icon-heading":135,"icon":"http://maps.google.com/mapfiles/kml/shapes/airports.png","timestamp":"2026-05-21T20:14:45+00:00"}},{"type":"Feature","geometry":{"type":"Point","coordinates":[16.836685,52.418297,0]},"properties":{"name":"2026-05-21 20:14:48 UTC","description":{"@type":"html","value":"<div><div><span><b>Altitude:</b></span> <span>0 ft</span></div>\n<div><span><b>Speed:</b></span> <span>21 kt</span></div>\n<div><span><b>Heading:</b></span> <span>135&deg;</span></div>\n</div>"},"icon-heading":135,"icon":"http://maps.google.com/mapfiles/kml/shapes/airports.png","timestamp":"2026-05-21T20:14:48+00:00"}},{"type":"Feature","geometry":{"type":"Point","coordinates":[16.836901,52.418144,0]},"properties":{"name":"2026-05-21 20:14:50 UTC","description":{"@type":"html","value":"<div><div><span><b>Altitude:</b></span> <span>0 ft</span></div>\n<div><span><b>Speed:</b></span> <span>18 kt</span></div>\n<div><span><b>Heading:</b></span> <span>137&deg;</span></div>\n</div>"},"icon-heading":137,"icon":"http://maps.google.com/mapfiles/kml/shapes/airports.png","timestamp":"2026-05-21T20:14:50+00:00"}},{"type":"Feature","geometry":{"type":"Point","coordinates":[16.837137,52.417984,0]},"properties":{"name":"2026-05-21 20:14:54 UTC","description":{"@type":"html","value":"<div><div><span><b>Altitude:</b></span> <span>0 ft</span></div>\n<div><span><b>Speed:</b></span> <span>13 kt</span></div>\n<div><span><b>Heading:</b></span> <span>137&deg;</span></div>\n</div>"},"icon-heading":137,"icon":"http://maps.google.com/mapfiles/kml/shapes/airports.png","timestamp":"2026-05-21T20:14:54+00:00"}},{"type":"Feature","geometry":{"type":"Point","coordinates":[16.837368,52.417831,0]},"properties":{"name":"2026-05-21 20:14:59 UTC","description":{"@type":"html","value":"<div><div><span><b>Altitude:</b></span> <span>0 ft</span></div>\n<div><span><b>Speed:</b></span> <span>9 kt</span></div>\n<div><span><b>Heading:</b></span> <span>137&deg;</span></div>\n</div>"},"icon-heading":137,"icon":"http://maps.google.com/mapfiles/kml/shapes/airports.png","timestamp":"2026-05-21T20:14:59+00:00"}},{"type":"Feature","geometry":{"type":"Point","coordinates":[16.83754,52.417603,0]},"properties":{"name":"2026-05-21 20:15:04 UTC","description":{"@type":"html","value":"<div><div><span><b>Altitude:</b></span> <span>0 ft</span></div>\n<div><span><b>Speed:</b></span> <span>11 kt</span></div>\n<div><span><b>Heading:</b></span> <span>157&deg;</span></div>\n</div>"},"icon-heading":157,"icon":"http://maps.google.com/mapfiles/kml/shapes/airports.png","timestamp":"2026-05-21T20:15:04+00:00"}},{"type":"Feature","geometry":{"type":"Point","coordinates":[16.837469,52.417366,0]},"properties":{"name":"2026-05-21 20:15:09 UTC","description":{"@type":"html","value":"<div><div><span><b>Altitude:</b></span> <span>0 ft</span></div>\n<div><span><b>Speed:</b></span> <span>12 kt</span></div>\n<div><span><b>Heading:</b></span> <span>194&deg;</span></div>\n</div>"},"icon-heading":194,"icon":"http://maps.google.com/mapfiles/kml/shapes/airports.png","timestamp":"2026-05-21T20:15:09+00:00"}},{"type":"Feature","geometry":{"type":"Point","coordinates":[16.837175,52.417263,0]},"properties":{"name":"2026-05-21 20:15:12 UTC","description":{"@type":"html","value":"<div><div><span><b>Altitude:</b></span> <span>0 ft</span></div>\n<div><span><b>Speed:</b></span> <span>12 kt</span></div>\n<div><span><b>Heading:</b></span> <span>233&deg;</span></div>\n</div>"},"icon-heading":233,"icon":"http://maps.google.com/mapfiles/kml/shapes/airports.png","timestamp":"2026-05-21T20:15:12+00:00"}},{"type":"Feature","geometry":{"type":"Point","coordinates":[16.836941,52.417263,0]},"properties":{"name":"2026-05-21 20:15:15 UTC","description":{"@type":"html","value":"<div><div><span><b>Altitude:</b></span> <span>0 ft</span></div>\n<div><span><b>Speed:</b></span> <span>12 kt</span></div>\n<div><span><b>Heading:</b></span> <span>264&deg;</span></div>\n</div>"},"icon-heading":264,"icon":"http://maps.google.com/mapfiles/kml/shapes/airports.png","timestamp":"2026-05-21T20:15:15+00:00"}},{"type":"Feature","geometry":{"type":"Point","coordinates":[16.83672,52.417305,0]},"properties":{"name":"2026-05-21 20:15:17 UTC","description":{"@type":"html","value":"<div><div><span><b>Altitude:</b></span> <span>0 ft</span></div>\n<div><span><b>Speed:</b></span> <span>12 kt</span></div>\n<div><span><b>Heading:</b></span> <span>278&deg;</span></div>\n</div>"},"icon-heading":278,"icon":"http://maps.google.com/mapfiles/kml/shapes/airports.png","timestamp":"2026-05-21T20:15:17+00:00"}},{"type":"Feature","geometry":{"type":"Point","coordinates":[16.836411,52.417377,0]},"properties":{"name":"2026-05-21 20:15:20 UTC","description":{"@type":"html","value":"<div><div><span><b>Altitude:</b></span> <span>0 ft</span></div>\n<div><span><b>Speed:</b></span> <span>13 kt</span></div>\n<div><span><b>Heading:</b></span> <span>286&deg;</span></div>\n</div>"},"icon-heading":286,"icon":"http://maps.google.com/mapfiles/kml/shapes/airports.png","timestamp":"2026-05-21T20:15:20+00:00"}},{"type":"Feature","geometry":{"type":"Point","coordinates":[16.836155,52.417423,0]},"properties":{"name":"2026-05-21 20:15:22 UTC","description":{"@type":"html","value":"<div><div><span><b>Altitude:</b></span> <span>0 ft</span></div>\n<div><span><b>Speed:</b></span> <span>15 kt</span></div>\n<div><span><b>Heading:</b></span> <span>286&deg;</span></div>\n</div>"},"icon-heading":286,"icon":"http://maps.google.com/mapfiles/kml/shapes/airports.png","timestamp":"2026-05-21T20:15:22+00:00"}},{"type":"Feature","geometry":{"type":"Point","coordinates":[16.835918,52.417465,0]},"properties":{"name":"2026-05-21 20:15:25 UTC","description":{"@type":"html","value":"<div><div><span><b>Altitude:</b></span> <span>0 ft</span></div>\n<div><span><b>Speed:</b></span> <span>16 kt</span></div>\n<div><span><b>Heading:</b></span> <span>286&deg;</span></div>\n</div>"},"icon-heading":286,"icon":"http://maps.google.com/mapfiles/kml/shapes/airports.png","timestamp":"2026-05-21T20:15:25+00:00"}},{"type":"Feature","geometry":{"type":"Point","coordinates":[16.83569,52.417511,0]},"properties":{"name":"2026-05-21 20:15:26 UTC","description":{"@type":"html","value":"<div><div><span><b>Altitude:</b></span> <span>0 ft</span></div>\n<div><span><b>Speed:</b></span> <span>18 kt</span></div>\n<div><span><b>Heading:</b></span> <span>286&deg;</span></div>\n</div>"},"icon-heading":286,"icon":"http://maps.google.com/mapfiles/kml/shapes/airports.png","timestamp":"2026-05-21T20:15:26+00:00"}},{"type":"Feature","geometry":{"type":"Point","coordinates":[16.835384,52.417568,0]},"properties":{"name":"2026-05-21 20:15:28 UTC","description":{"@type":"html","value":"<div><div><span><b>Altitude:</b></span> <span>0 ft</span></div>\n<div><span><b>Speed:</b></span> <span>19 kt</span></div>\n<div><span><b>Heading:</b></span> <span>286&deg;</span></div>\n</div>"},"icon-heading":286,"icon":"http://maps.google.com/mapfiles/kml/shapes/airports.png","timestamp":"2026-05-21T20:15:28+00:00"}},{"type":"Feature","geometry":{"type":"Point","coordinates":[16.835175,52.417614,0]},"properties":{"name":"2026-05-21 20:15:30 UTC","description":{"@type":"html","value":"<div><div><span><b>Altitude:</b></span> <span>0 ft</span></div>\n<div><span><b>Speed:</b></span> <span>20 kt</span></div>\n<div><span><b>Heading:</b></span> <span>286&deg;</span></div>\n</div>"},"icon-heading":286,"icon":"http://maps.google.com/mapfiles/kml/shapes/airports.png","timestamp":"2026-05-21T20:15:30+00:00"}},{"type":"Feature","geometry":{"type":"Point","coordinates":[16.834869,52.417671,0]},"properties":{"name":"2026-05-21 20:15:32 UTC","description":{"@type":"html","value":"<div><div><span><b>Altitude:</b></span> <span>0 ft</span></div>\n<div><span><b>Speed:</b></span> <span>20 kt</span></div>\n<div><span><b>Heading:</b></span> <span>286&deg;</span></div>\n</div>"},"icon-heading":286,"icon":"http://maps.google.com/mapfiles/kml/shapes/airports.png","timestamp":"2026-05-21T20:15:32+00:00"}},{"type":"Feature","geometry":{"type":"Point","coordinates":[16.834606,52.417728,0]},"properties":{"name":"2026-05-21 20:15:33 UTC","description":{"@type":"html","value":"<div><div><span><b>Altitude:</b></span> <span>0 ft</span></div>\n<div><span><b>Speed:</b></span> <span>21 kt</span></div>\n<div><span><b>Heading:</b></span> <span>286&deg;</span></div>\n</div>"},"icon-heading":286,"icon":"http://maps.google.com/mapfiles/kml/shapes/airports.png","timestamp":"2026-05-21T20:15:33+00:00"}},{"type":"Feature","geometry":{"type":"Point","coordinates":[16.833515,52.417923,0]},"properties":{"name":"2026-05-21 20:15:40 UTC","description":{"@type":"html","value":"<div><div><span><b>Altitude:</b></span> <span>0 ft</span></div>\n<div><span><b>Speed:</b></span> <span>21 kt</span></div>\n<div><span><b>Heading:</b></span> <span>289&deg;</span></div>\n</div>"},"icon-heading":289,"icon":"http://maps.google.com/mapfiles/kml/shapes/airports.png","timestamp":"2026-05-21T20:15:40+00:00"}},{"type":"Feature","geometry":{"type":"Point","coordinates":[16.832821,52.418064,0]},"properties":{"name":"2026-05-21 20:15:45 UTC","description":{"@type":"html","value":"<div><div><span><b>Altitude:</b></span> <span>0 ft</span></div>\n<div><span><b>Speed:</b></span> <span>20 kt</span></div>\n<div><span><b>Heading:</b></span> <span>286&deg;</span></div>\n</div>"},"icon-heading":286,"icon":"http://maps.google.com/mapfiles/kml/shapes/airports.png","timestamp":"2026-05-21T20:15:45+00:00"}},{"type":"Feature","geometry":{"type":"Point","coordinates":[16.832506,52.418133,0]},"properties":{"name":"2026-05-21 20:15:47 UTC","description":{"@type":"html","value":"<div><div><span><b>Altitude:</b></span> <span>0 ft</span></div>\n<div><span><b>Speed:</b></span> <span>20 kt</span></div>\n<div><span><b>Heading:</b></span> <span>286&deg;</span></div>\n</div>"},"icon-heading":286,"icon":"http://maps.google.com/mapfiles/kml/shapes/airports.png","timestamp":"2026-05-21T20:15:47+00:00"}},{"type":"Feature","geometry":{"type":"Point","coordinates":[16.832161,52.418198,0]},"properties":{"name":"2026-05-21 20:15:49 UTC","description":{"@type":"html","value":"<div><div><span><b>Altitude:</b></span> <span>0 ft</span></div>\n<div><span><b>Speed:</b></span> <span>20 kt</span></div>\n<div><span><b>Heading:</b></span> <span>286&deg;</span></div>\n</div>"},"icon-heading":286,"icon":"http://maps.google.com/mapfiles/kml/shapes/airports.png","timestamp":"2026-05-21T20:15:49+00:00"}},{"type":"Feature","geometry":{"type":"Point","coordinates":[16.831957,52.418228,0]},"properties":{"name":"2026-05-21 20:15:51 UTC","description":{"@type":"html","value":"<div><div><span><b>Altitude:</b></span> <span>0 ft</span></div>\n<div><span><b>Speed:</b></span> <span>20 kt</span></div>\n<div><span><b>Heading:</b></span> <span>286&deg;</span></div>\n</div>"},"icon-heading":286,"icon":"http://maps.google.com/mapfiles/kml/shapes/airports.png","timestamp":"2026-05-21T20:15:51+00:00"}},{"type":"Feature","geometry":{"type":"Point","coordinates":[16.831627,52.418289,0]},"properties":{"name":"2026-05-21 20:15:53 UTC","description":{"@type":"html","value":"<div><div><span><b>Altitude:</b></span> <span>0 ft</span></div>\n<div><span><b>Speed:</b></span> <span>20 kt</span></div>\n<div><span><b>Heading:</b></span> <span>286&deg;</span></div>\n</div>"},"icon-heading":286,"icon":"http://maps.google.com/mapfiles/kml/shapes/airports.png","timestamp":"2026-05-21T20:15:53+00:00"}},{"type":"Feature","geometry":{"type":"Point","coordinates":[16.831289,52.418365,0]},"properties":{"name":"2026-05-21 20:15:55 UTC","description":{"@type":"html","value":"<div><div><span><b>Altitude:</b></span> <span>0 ft</span></div>\n<div><span><b>Speed:</b></span> <span>20 kt</span></div>\n<div><span><b>Heading:</b></span> <span>286&deg;</span></div>\n</div>"},"icon-heading":286,"icon":"http://maps.google.com/mapfiles/kml/shapes/airports.png","timestamp":"2026-05-21T20:15:55+00:00"}},{"type":"Feature","geometry":{"type":"Point","coordinates":[16.830957,52.418427,0]},"properties":{"name":"2026-05-21 20:15:58 UTC","description":{"@type":"html","value":"<div><div><span><b>Altitude:</b></span> <span>0 ft</span></div>\n<div><span><b>Speed:</b></span> <span>20 kt</span></div>\n<div><span><b>Heading:</b></span> <span>289&deg;</span></div>\n</div>"},"icon-heading":289,"icon":"http://maps.google.com/mapfiles/kml/shapes/airports.png","timestamp":"2026-05-21T20:15:58+00:00"}},{"type":"Feature","geometry":{"type":"Point","coordinates":[16.830654,52.418484,0]},"properties":{"name":"2026-05-21 20:16:00 UTC","description":{"@type":"html","value":"<div><div><span><b>Altitude:</b></span> <span>0 ft</span></div>\n<div><span><b>Speed:</b></span> <span>20 kt</span></div>\n<div><span><b>Heading:</b></span> <span>286&deg;</span></div>\n</div>"},"icon-heading":286,"icon":"http://maps.google.com/mapfiles/kml/shapes/airports.png","timestamp":"2026-05-21T20:16:00+00:00"}},{"type":"Feature","geometry":{"type":"Point","coordinates":[16.830254,52.418564,0]},"properties":{"name":"2026-05-21 20:16:02 UTC","description":{"@type":"html","value":"<div><div><span><b>Altitude:</b></span> <span>0 ft</span></div>\n<div><span><b>Speed:</b></span> <span>20 kt</span></div>\n<div><span><b>Heading:</b></span> <span>286&deg;</span></div>\n</div>"},"icon-heading":286,"icon":"http://maps.google.com/mapfiles/kml/shapes/airports.png","timestamp":"2026-05-21T20:16:02+00:00"}},{"type":"Feature","geometry":{"type":"Point","coordinates":[16.830034,52.41861,0]},"properties":{"name":"2026-05-21 20:16:04 UTC","description":{"@type":"html","value":"<div><div><span><b>Altitude:</b></span> <span>0 ft</span></div>\n<div><span><b>Speed:</b></span> <span>19 kt</span></div>\n<div><span><b>Heading:</b></span> <span>286&deg;</span></div>\n</div>"},"icon-heading":286,"icon":"http://maps.google.com/mapfiles/kml/shapes/airports.png","timestamp":"2026-05-21T20:16:04+00:00"}},{"type":"Feature","geometry":{"type":"Point","coordinates":[16.829819,52.418648,0]},"properties":{"name":"2026-05-21 20:16:06 UTC","description":{"@type":"html","value":"<div><div><span><b>Altitude:</b></span> <span>0 ft</span></div>\n<div><span><b>Speed:</b></span> <span>18 kt</span></div>\n<div><span><b>Heading:</b></span> <span>286&deg;</span></div>\n</div>"},"icon-heading":286,"icon":"http://maps.google.com/mapfiles/kml/shapes/airports.png","timestamp":"2026-05-21T20:16:06+00:00"}},{"type":"Feature","geometry":{"type":"Point","coordinates":[16.829529,52.418644,0]},"properties":{"name":"2026-05-21 20:16:08 UTC","description":{"@type":"html","value":"<div><div><span><b>Altitude:</b></span> <span>0 ft</span></div>\n<div><span><b>Speed:</b></span> <span>16 kt</span></div>\n<div><span><b>Heading:</b></span> <span>270&deg;</span></div>\n</div>"},"icon-heading":270,"icon":"http://maps.google.com/mapfiles/kml/shapes/airports.png","timestamp":"2026-05-21T20:16:08+00:00"}},{"type":"Feature","geometry":{"type":"Point","coordinates":[16.8293,52.418564,0]},"properties":{"name":"2026-05-21 20:16:10 UTC","description":{"@type":"html","value":"<div><div><span><b>Altitude:</b></span> <span>0 ft</span></div>\n<div><span><b>Speed:</b></span> <span>15 kt</span></div>\n<div><span><b>Heading:</b></span> <span>244&deg;</span></div>\n</div>"},"icon-heading":244,"icon":"http://maps.google.com/mapfiles/kml/shapes/airports.png","timestamp":"2026-05-21T20:16:10+00:00"}},{"type":"Feature","geometry":{"type":"Point","coordinates":[16.829073,52.41832,0]},"properties":{"name":"2026-05-21 20:16:14 UTC","description":{"@type":"html","value":"<div><div><span><b>Altitude:</b></span> <span>0 ft</span></div>\n<div><span><b>Speed:</b></span> <span>16 kt</span></div>\n<div><span><b>Heading:</b></span> <span>208&deg;</span></div>\n</div>"},"icon-heading":208,"icon":"http://maps.google.com/mapfiles/kml/shapes/airports.png","timestamp":"2026-05-21T20:16:14+00:00"}},{"type":"Feature","geometry":{"type":"Point","coordinates":[16.828918,52.418049,0]},"properties":{"name":"2026-05-21 20:16:17 UTC","description":{"@type":"html","value":"<div><div><span><b>Altitude:</b></span> <span>0 ft</span></div>\n<div><span><b>Speed:</b></span> <span>17 kt</span></div>\n<div><span><b>Heading:</b></span> <span>196&deg;</span></div>\n</div>"},"icon-heading":196,"icon":"http://maps.google.com/mapfiles/kml/shapes/airports.png","timestamp":"2026-05-21T20:16:17+00:00"}},{"type":"Feature","geometry":{"type":"Point","coordinates":[16.828779,52.417751,0]},"properties":{"name":"2026-05-21 20:16:21 UTC","description":{"@type":"html","value":"<div><div><span><b>Altitude:</b></span> <span>0 ft</span></div>\n<div><span><b>Speed:</b></span> <span>17 kt</span></div>\n<div><span><b>Heading:</b></span> <span>196&deg;</span></div>\n</div>"},"icon-heading":196,"icon":"http://maps.google.com/mapfiles/kml/shapes/airports.png","timestamp":"2026-05-21T20:16:21+00:00"}},{"type":"Feature","geometry":{"type":"Point","coordinates":[16.82868,52.417542,0]},"properties":{"name":"2026-05-21 20:16:24 UTC","description":{"@type":"html","value":"<div><div><span><b>Altitude:</b></span> <span>0 ft</span></div>\n<div><span><b>Speed:</b></span> <span>18 kt</span></div>\n<div><span><b>Heading:</b></span> <span>196&deg;</span></div>\n</div>"},"icon-heading":196,"icon":"http://maps.google.com/mapfiles/kml/shapes/airports.png","timestamp":"2026-05-21T20:16:24+00:00"}},{"type":"Feature","geometry":{"type":"Point","coordinates":[16.828543,52.417297,0]},"properties":{"name":"2026-05-21 20:16:27 UTC","description":{"@type":"html","value":"<div><div><span><b>Altitude:</b></span> <span>0 ft</span></div>\n<div><span><b>Speed:</b></span> <span>18 kt</span></div>\n<div><span><b>Heading:</b></span> <span>199&deg;</span></div>\n</div>"},"icon-heading":199,"icon":"http://maps.google.com/mapfiles/kml/shapes/airports.png","timestamp":"2026-05-21T20:16:27+00:00"}},{"type":"Feature","geometry":{"type":"Point","coordinates":[16.828442,52.417088,0]},"properties":{"name":"2026-05-21 20:16:29 UTC","description":{"@type":"html","value":"<div><div><span><b>Altitude:</b></span> <span>0 ft</span></div>\n<div><span><b>Speed:</b></span> <span>19 kt</span></div>\n<div><span><b>Heading:</b></span> <span>196&deg;</span></div>\n</div>"},"icon-heading":196,"icon":"http://maps.google.com/mapfiles/kml/shapes/airports.png","timestamp":"2026-05-21T20:16:29+00:00"}},{"type":"Feature","geometry":{"type":"Point","coordinates":[16.828289,52.416843,0]},"properties":{"name":"2026-05-21 20:16:32 UTC","description":{"@type":"html","value":"<div><div><span><b>Altitude:</b></span> <span>0 ft</span></div>\n<div><span><b>Speed:</b></span> <span>17 kt</span></div>\n<div><span><b>Heading:</b></span> <span>208&deg;</span></div>\n</div>"},"icon-heading":208,"icon":"http://maps.google.com/mapfiles/kml/shapes/airports.png","timestamp":"2026-05-21T20:16:32+00:00"}},{"type":"Feature","geometry":{"type":"Point","coordinates":[16.827974,52.416702,0]},"properties":{"name":"2026-05-21 20:16:35 UTC","description":{"@type":"html","value":"<div><div><span><b>Altitude:</b></span> <span>0 ft</span></div>\n<div><span><b>Speed:</b></span> <span>16 kt</span></div>\n<div><span><b>Heading:</b></span> <span>233&deg;</span></div>\n</div>"},"icon-heading":233,"icon":"http://maps.google.com/mapfiles/kml/shapes/airports.png","timestamp":"2026-05-21T20:16:35+00:00"}},{"type":"Feature","geometry":{"type":"Point","coordinates":[16.827641,52.416698,0]},"properties":{"name":"2026-05-21 20:16:38 UTC","description":{"@type":"html","value":"<div><div><span><b>Altitude:</b></span> <span>0 ft</span></div>\n<div><span><b>Speed:</b></span> <span>16 kt</span></div>\n<div><span><b>Heading:</b></span> <span>261&deg;</span></div>\n</div>"},"icon-heading":261,"icon":"http://maps.google.com/mapfiles/kml/shapes/airports.png","timestamp":"2026-05-21T20:16:38+00:00"}},{"type":"Feature","geometry":{"type":"Point","coordinates":[16.827269,52.416702,0]},"properties":{"name":"2026-05-21 20:16:41 UTC","description":{"@type":"html","value":"<div><div><span><b>Altitude:</b></span> <span>0 ft</span></div>\n<div><span><b>Speed:</b></span> <span>15 kt</span></div>\n<div><span><b>Heading:</b></span> <span>272&deg;</span></div>\n</div>"},"icon-heading":272,"icon":"http://maps.google.com/mapfiles/kml/shapes/airports.png","timestamp":"2026-05-21T20:16:41+00:00"}},{"type":"Feature","geometry":{"type":"Point","coordinates":[16.827013,52.416714,0]},"properties":{"name":"2026-05-21 20:16:43 UTC","description":{"@type":"html","value":"<div><div><span><b>Altitude:</b></span> <span>0 ft</span></div>\n<div><span><b>Speed:</b></span> <span>15 kt</span></div>\n<div><span><b>Heading:</b></span> <span>272&deg;</span></div>\n</div>"},"icon-heading":272,"icon":"http://maps.google.com/mapfiles/kml/shapes/airports.png","timestamp":"2026-05-21T20:16:43+00:00"}},{"type":"Feature","geometry":{"type":"Point","coordinates":[16.826679,52.416725,0]},"properties":{"name":"2026-05-21 20:16:46 UTC","description":{"@type":"html","value":"<div><div><span><b>Altitude:</b></span> <span>0 ft</span></div>\n<div><span><b>Speed:</b></span> <span>15 kt</span></div>\n<div><span><b>Heading:</b></span> <span>272&deg;</span></div>\n</div>"},"icon-heading":272,"icon":"http://maps.google.com/mapfiles/kml/shapes/airports.png","timestamp":"2026-05-21T20:16:46+00:00"}},{"type":"Feature","geometry":{"type":"Point","coordinates":[16.82642,52.416733,0]},"properties":{"name":"2026-05-21 20:16:48 UTC","description":{"@type":"html","value":"<div><div><span><b>Altitude:</b></span> <span>0 ft</span></div>\n<div><span><b>Speed:</b></span> <span>15 kt</span></div>\n<div><span><b>Heading:</b></span> <span>272&deg;</span></div>\n</div>"},"icon-heading":272,"icon":"http://maps.google.com/mapfiles/kml/shapes/airports.png","timestamp":"2026-05-21T20:16:48+00:00"}},{"type":"Feature","geometry":{"type":"Point","coordinates":[16.826111,52.416679,0]},"properties":{"name":"2026-05-21 20:16:51 UTC","description":{"@type":"html","value":"<div><div><span><b>Altitude:</b></span> <span>0 ft</span></div>\n<div><span><b>Speed:</b></span> <span>14 kt</span></div>\n<div><span><b>Heading:</b></span> <span>250&deg;</span></div>\n</div>"},"icon-heading":250,"icon":"http://maps.google.com/mapfiles/kml/shapes/airports.png","timestamp":"2026-05-21T20:16:51+00:00"}},{"type":"Feature","geometry":{"type":"Point","coordinates":[16.825933,52.416401,0]},"properties":{"name":"2026-05-21 20:16:56 UTC","description":{"@type":"html","value":"<div><div><span><b>Altitude:</b></span> <span>0 ft</span></div>\n<div><span><b>Speed:</b></span> <span>13 kt</span></div>\n<div><span><b>Heading:</b></span> <span>196&deg;</span></div>\n</div>"},"icon-heading":196,"icon":"http://maps.google.com/mapfiles/kml/shapes/airports.png","timestamp":"2026-05-21T20:16:56+00:00"}},{"type":"Feature","geometry":{"type":"Point","coordinates":[16.825943,52.416161,0]},"properties":{"name":"2026-05-21 20:17:02 UTC","description":{"@type":"html","value":"<div><div><span><b>Altitude:</b></span> <span>0 ft</span></div>\n<div><span><b>Speed:</b></span> <span>9 kt</span></div>\n<div><span><b>Heading:</b></span> <span>182&deg;</span></div>\n</div>"},"icon-heading":182,"icon":"http://maps.google.com/mapfiles/kml/shapes/airports.png","timestamp":"2026-05-21T20:17:02+00:00"}},{"type":"Feature","geometry":{"type":"Point","coordinates":[16.825905,52.415943,0]},"properties":{"name":"2026-05-21 20:17:08 UTC","description":{"@type":"html","value":"<div><div><span><b>Altitude:</b></span> <span>0 ft</span></div>\n<div><span><b>Speed:</b></span> <span>7 kt</span></div>\n<div><span><b>Heading:</b></span> <span>182&deg;</span></div>\n</div>"},"icon-heading":182,"icon":"http://maps.google.com/mapfiles/kml/shapes/airports.png","timestamp":"2026-05-21T20:17:08+00:00"}},{"type":"Feature","geometry":{"type":"Point","coordinates":[16.825848,52.415726,0]},"properties":{"name":"2026-05-21 20:23:08 UTC","description":{"@type":"html","value":"<div><div><span><b>Altitude:</b></span> <span>0 ft</span></div>\n<div><span><b>Speed:</b></span> <span>0 kt</span></div>\n<div><span><b>Heading:</b></span> <span>182&deg;</span></div>\n</div>"},"icon-heading":182,"icon":"http://maps.google.com/mapfiles/kml/shapes/airports.png","timestamp":"2026-05-21T20:23:08+00:00"}},{"type":"Feature","geometry":{"type":"LineString","coordinates":[[8.558275,50.041107,0],[8.558405,50.040897,0]]},"properties":{"name":"P-1","description":{"@type":"html","value":"<div><div><span><b>Altitude:</b></span> <span>0 ft</span></div>\n<div><span><b>Speed:</b></span> <span>0 kt - 4 kt</span></div>\n<div><span><b>Timestamp:</b></span><br/><span>2026-05-21 19:09:35 UTC<br/>2026-05-21 19:13:12 UTC</span></div>\n</div>"},"stroke-opacity":1,"stroke":"#ffffff","stroke-width":2}},{"type":"Feature","geometry":{"type":"LineString","coordinates":[[8.558405,50.040897,0],[8.558554,50.040642,0]]},"properties":{"name":"P-2","description":{"@type":"html","value":"<div><div><span><b>Altitude:</b></span> <span>0 ft</span></div>\n<div><span><b>Speed:</b></span> <span>4 kt - 7 kt</span></div>\n<div><span><b>Timestamp:</b></span><br/><span>2026-05-21 19:13:12 UTC<br/>2026-05-21 19:13:21 UTC</span></div>\n</div>"},"stroke-opacity":1,"stroke":"#ffffff","stroke-width":2}},{"type":"Feature","geometry":{"type":"LineString","coordinates":[[8.558554,50.040642,0],[8.558646,50.040363,0]]},"properties":{"name":"P-3","description":{"@type":"html","value":"<div><div><span><b>Altitude:</b></span> <span>0 ft</span></div>\n<div><span><b>Speed:</b></span> <span>7 kt - 10 kt</span></div>\n<div><span><b>Timestamp:</b></span><br/><span>2026-05-21 19:13:21 UTC<br/>2026-05-21 19:13:28 UTC</span></div>\n</div>"},"stroke-opacity":1,"stroke":"#ffffff","stroke-width":2}},{"type":"Feature","geometry":{"type":"LineString","coordinates":[[8.558646,50.040363,0],[8.558424,50.040188,0]]},"properties":{"name":"P-4","description":{"@type":"html","value":"<div><div><span><b>Altitude:</b></span> <span>0 ft</span></div>\n<div><span><b>Speed:</b></span> <span>10 kt - 9 kt</span></div>\n<div><span><b>Timestamp:</b></span><br/><span>2026-05-21 19:13:28 UTC<br/>2026-05-21 19:13:32 UTC</span></div>\n</div>"},"stroke-opacity":1,"stroke":"#ffffff","stroke-width":2}},{"type":"Feature","geometry":{"type":"LineString","coordinates":[[8.558424,50.040188,0],[8.558183,50.040176,0]]},"properties":{"name":"P-5","description":{"@type":"html","value":"<div><div><span><b>Altitude:</b></span> <span>0 ft</span></div>\n<div><span><b>Speed:</b></span> <span>9 kt</span></div>\n<div><span><b>Timestamp:</b></span><br/><span>2026-05-21 19:13:32 UTC<br/>2026-05-21 19:13:36 UTC</span></div>\n</div>"},"stroke-opacity":1,"stroke":"#ffffff","stroke-width":2}},{"type":"Feature","geometry":{"type":"LineString","coordinates":[[8.558183,50.040176,0],[8.557934,50.040115,0]]},"properties":{"name":"P-6","description":{"@type":"html","value":"<div><div><span><b>Altitude:</b></span> <span>0 ft</span></div>\n<div><span><b>Speed:</b></span> <span>9 kt</span></div>\n<div><span><b>Timestamp:</b></span><br/><span>2026-05-21 19:13:36 UTC<br/>2026-05-21 19:13:41 UTC</span></div>\n</div>"},"stroke-opacity":1,"stroke":"#ffffff","stroke-width":2}},{"type":"Feature","geometry":{"type":"LineString","coordinates":[[8.557934,50.040115,0],[8.557663,50.040047,0]]},"properties":{"name":"P-7","description":{"@type":"html","value":"<div><div><span><b>Altitude:</b></span> <span>0 ft</span></div>\n<div><span><b>Speed:</b></span> <span>9 kt - 10 kt</span></div>\n<div><span><b>Timestamp:</b></span><br/><span>2026-05-21 19:13:41 UTC<br/>2026-05-21 19:13:45 UTC</span></div>\n</div>"},"stroke-opacity":1,"stroke":"#ffffff","stroke-width":2}},{"type":"Feature","geometry":{"type":"LineString","coordinates":[[8.557663,50.040047,0],[8.557356,50.039978,0]]},"properties":{"name":"P-8","description":{"@type":"html","value":"<div><div><span><b>Altitude:</b></span> <span>0 ft</span></div>\n<div><span><b>Speed:</b></span> <span>10 kt - 12 kt</span></div>\n<div><span><b>Timestamp:</b></span><br/><span>2026-05-21 19:13:45 UTC<br/>2026-05-21 19:13:48 UTC</span></div>\n</div>"},"stroke-opacity":1,"stroke":"#ffffff","stroke-width":2}},{"type":"Feature","geometry":{"type":"LineString","coordinates":[[8.557356,50.039978,0],[8.557103,50.039909,0]]},"properties":{"name":"P-9","description":{"@type":"html","value":"<div><div><span><b>Altitude:</b></span> <span>0 ft</span></div>\n<div><span><b>Speed:</b></span> <span>12 kt - 13 kt</span></div>\n<div><span><b>Timestamp:</b></span><br/><span>2026-05-21 19:13:48 UTC<br/>2026-05-21 19:13:51 UTC</span></div>\n</div>"},"stroke-opacity":1,"stroke":"#ffffff","stroke-width":2}},{"type":"Feature","geometry":{"type":"LineString","coordinates":[[8.557103,50.039909,0],[8.556868,50.039852,0]]},"properties":{"name":"P-10","description":{"@type":"html","value":"<div><div><span><b>Altitude:</b></span> <span>0 ft</span></div>\n<div><span><b>Speed:</b></span> <span>13 kt - 14 kt</span></div>\n<div><span><b>Timestamp:</b></span><br/><span>2026-05-21 19:13:51 UTC<br/>2026-05-21 19:13:53 UTC</span></div>\n</div>"},"stroke-opacity":1,"stroke":"#ffffff","stroke-width":2}},{"type":"Feature","geometry":{"type":"LineString","coordinates":[[8.556868,50.039852,0],[8.556615,50.039795,0]]},"properties":{"name":"P-11","description":{"@type":"html","value":"<div><div><span><b>Altitude:</b></span> <span>0 ft</span></div>\n<div><span><b>Speed:</b></span> <span>14 kt - 15 kt</span></div>\n<div><span><b>Timestamp:</b></span><br/><span>2026-05-21 19:13:53 UTC<br/>2026-05-21 19:13:56 UTC</span></div>\n</div>"},"stroke-opacity":1,"stroke":"#ffffff","stroke-width":2}},{"type":"Feature","geometry":{"type":"LineString","coordinates":[[8.556615,50.039795,0],[8.556398,50.039738,0]]},"properties":{"name":"P-12","description":{"@type":"html","value":"<div><div><span><b>Altitude:</b></span> <span>0 ft</span></div>\n<div><span><b>Speed:</b></span> <span>15 kt</span></div>\n<div><span><b>Timestamp:</b></span><br/><span>2026-05-21 19:13:56 UTC<br/>2026-05-21 19:13:58 UTC</span></div>\n</div>"},"stroke-opacity":1,"stroke":"#ffffff","stroke-width":2}},{"type":"Feature","geometry":{"type":"LineString","coordinates":[[8.556398,50.039738,0],[8.556181,50.039692,0]]},"properties":{"name":"P-13","description":{"@type":"html","value":"<div><div><span><b>Altitude:</b></span> <span>0 ft</span></div>\n<div><span><b>Speed:</b></span> <span>15 kt</span></div>\n<div><span><b>Timestamp:</b></span><br/><span>2026-05-21 19:13:58 UTC<br/>2026-05-21 19:14:01 UTC</span></div>\n</div>"},"stroke-opacity":1,"stroke":"#ffffff","stroke-width":2}},{"type":"Feature","geometry":{"type":"LineString","coordinates":[[8.556181,50.039692,0],[8.555874,50.039623,0]]},"properties":{"name":"P-14","description":{"@type":"html","value":"<div><div><span><b>Altitude:</b></span> <span>0 ft</span></div>\n<div><span><b>Speed:</b></span> <span>15 kt</span></div>\n<div><span><b>Timestamp:</b></span><br/><span>2026-05-21 19:14:01 UTC<br/>2026-05-21 19:14:03 UTC</span></div>\n</div>"},"stroke-opacity":1,"stroke":"#ffffff","stroke-width":2}},{"type":"Feature","geometry":{"type":"LineString","coordinates":[[8.555874,50.039623,0],[8.55564,50.03957,0]]},"properties":{"name":"P-15","description":{"@type":"html","value":"<div><div><span><b>Altitude:</b></span> <span>0 ft</span></div>\n<div><span><b>Speed:</b></span> <span>15 kt - 16 kt</span></div>\n<div><span><b>Timestamp:</b></span><br/><span>2026-05-21 19:14:03 UTC<br/>2026-05-21 19:14:05 UTC</span></div>\n</div>"},"stroke-opacity":1,"stroke":"#ffffff","stroke-width":2}},{"type":"Feature","geometry":{"type":"LineString","coordinates":[[8.55564,50.03957,0],[8.555344,50.03949,0]]},"properties":{"name":"P-16","description":{"@type":"html","value":"<div><div><span><b>Altitude:</b></span> <span>0 ft</span></div>\n<div><span><b>Speed:</b></span> <span>16 kt</span></div>\n<div><span><b>Timestamp:</b></span><br/><span>2026-05-21 19:14:05 UTC<br/>2026-05-21 19:14:09 UTC</span></div>\n</div>"},"stroke-opacity":1,"stroke":"#ffffff","stroke-width":2}},{"type":"Feature","geometry":{"type":"LineString","coordinates":[[8.555344,50.03949,0],[8.555046,50.039421,0]]},"properties":{"name":"P-17","description":{"@type":"html","value":"<div><div><span><b>Altitude:</b></span> <span>0 ft</span></div>\n<div><span><b>Speed:</b></span> <span>16 kt</span></div>\n<div><span><b>Timestamp:</b></span><br/><span>2026-05-21 19:14:09 UTC<br/>2026-05-21 19:14:11 UTC</span></div>\n</div>"},"stroke-opacity":1,"stroke":"#ffffff","stroke-width":2}},{"type":"Feature","geometry":{"type":"LineString","coordinates":[[8.555046,50.039421,0],[8.554771,50.03936,0]]},"properties":{"name":"P-18","description":{"@type":"html","value":"<div><div><span><b>Altitude:</b></span> <span>0 ft</span></div>\n<div><span><b>Speed:</b></span> <span>16 kt</span></div>\n<div><span><b>Timestamp:</b></span><br/><span>2026-05-21 19:14:11 UTC<br/>2026-05-21 19:14:13 UTC</span></div>\n</div>"},"stroke-opacity":1,"stroke":"#ffffff","stroke-width":2}},{"type":"Feature","geometry":{"type":"LineString","coordinates":[[8.554771,50.03936,0],[8.553959,50.039165,0]]},"properties":{"name":"P-19","description":{"@type":"html","value":"<div><div><span><b>Altitude:</b></span> <span>0 ft</span></div>\n<div><span><b>Speed:</b></span> <span>16 kt - 17 kt</span></div>\n<div><span><b>Timestamp:</b></span><br/><span>2026-05-21 19:14:13 UTC<br/>2026-05-21 19:14:20 UTC</span></div>\n</div>"},"stroke-opacity":1,"stroke":"#ffffff","stroke-width":2}},{"type":"Feature","geometry":{"type":"LineString","coordinates":[[8.553959,50.039165,0],[8.553073,50.03896,0]]},"properties":{"name":"P-20","description":{"@type":"html","value":"<div><div><span><b>Altitude:</b></span> <span>0 ft</span></div>\n<div><span><b>Speed:</b></span> <span>17 kt - 18 kt</span></div>\n<div><span><b>Timestamp:</b></span><br/><span>2026-05-21 19:14:20 UTC<br/>2026-05-21 19:14:27 UTC</span></div>\n</div>"},"stroke-opacity":1,"stroke":"#ffffff","stroke-width":2}},{"type":"Feature","geometry":{"type":"LineString","coordinates":[[8.553073,50.03896,0],[8.552188,50.038734,0]]},"properties":{"name":"P-21","description":{"@type":"html","value":"<div><div><span><b>Altitude:</b></span> <span>0 ft</span></div>\n<div><span><b>Speed:</b></span> <span>18 kt - 19 kt</span></div>\n<div><span><b>Timestamp:</b></span><br/><span>2026-05-21 19:14:27 UTC<br/>2026-05-21 19:14:34 UTC</span></div>\n</div>"},"stroke-opacity":1,"stroke":"#ffffff","stroke-width":2}},{"type":"Feature","geometry":{"type":"LineString","coordinates":[[8.552188,50.038734,0],[8.551971,50.038685,0]]},"properties":{"name":"P-22","description":{"@type":"html","value":"<div><div><span><b>Altitude:</b></span> <span>0 ft</span></div>\n<div><span><b>Speed:</b></span> <span>19 kt</span></div>\n<div><span><b>Timestamp:</b></span><br/><span>2026-05-21 19:14:34 UTC<br/>2026-05-21 19:14:37 UTC</span></div>\n</div>"},"stroke-opacity":1,"stroke":"#ffffff","stroke-width":2}},{"type":"Feature","geometry":{"type":"LineString","coordinates":[[8.551971,50.038685,0],[8.551736,50.038639,0]]},"properties":{"name":"P-23","description":{"@type":"html","value":"<div><div><span><b>Altitude:</b></span> <span>0 ft</span></div>\n<div><span><b>Speed:</b></span> <span>19 kt - 20 kt</span></div>\n<div><span><b>Timestamp:</b></span><br/><span>2026-05-21 19:14:37 UTC<br/>2026-05-21 19:14:39 UTC</span></div>\n</div>"},"stroke-opacity":1,"stroke":"#ffffff","stroke-width":2}},{"type":"Feature","geometry":{"type":"LineString","coordinates":[[8.551736,50.038639,0],[8.551501,50.038582,0]]},"properties":{"name":"P-24","description":{"@type":"html","value":"<div><div><span><b>Altitude:</b></span> <span>0 ft</span></div>\n<div><span><b>Speed:</b></span> <span>20 kt</span></div>\n<div><span><b>Timestamp:</b></span><br/><span>2026-05-21 19:14:39 UTC<br/>2026-05-21 19:14:40 UTC</span></div>\n</div>"},"stroke-opacity":1,"stroke":"#ffffff","stroke-width":2}},{"type":"Feature","geometry":{"type":"LineString","coordinates":[[8.551501,50.038582,0],[8.550851,50.038422,0]]},"properties":{"name":"P-25","description":{"@type":"html","value":"<div><div><span><b>Altitude:</b></span> <span>0 ft</span></div>\n<div><span><b>Speed:</b></span> <span>20 kt - 21 kt</span></div>\n<div><span><b>Timestamp:</b></span><br/><span>2026-05-21 19:14:40 UTC<br/>2026-05-21 19:14:44 UTC</span></div>\n</div>"},"stroke-opacity":1,"stroke":"#ffffff","stroke-width":2}},{"type":"Feature","geometry":{"type":"LineString","coordinates":[[8.550851,50.038422,0],[8.55063,50.038372,0]]},"properties":{"name":"P-26","description":{"@type":"html","value":"<div><div><span><b>Altitude:</b></span> <span>0 ft</span></div>\n<div><span><b>Speed:</b></span> <span>21 kt</span></div>\n<div><span><b>Timestamp:</b></span><br/><span>2026-05-21 19:14:44 UTC<br/>2026-05-21 19:14:45 UTC</span></div>\n</div>"},"stroke-opacity":1,"stroke":"#ffffff","stroke-width":2}},{"type":"Feature","geometry":{"type":"LineString","coordinates":[[8.55063,50.038372,0],[8.550128,50.038254,0]]},"properties":{"name":"P-27","description":{"@type":"html","value":"<div><div><span><b>Altitude:</b></span> <span>0 ft</span></div>\n<div><span><b>Speed:</b></span> <span>21 kt</span></div>\n<div><span><b>Timestamp:</b></span><br/><span>2026-05-21 19:14:45 UTC<br/>2026-05-21 19:14:48 UTC</span></div>\n</div>"},"stroke-opacity":1,"stroke":"#ffffff","stroke-width":2}},{"type":"Feature","geometry":{"type":"LineString","coordinates":[[8.550128,50.038254,0],[8.549683,50.038151,0]]},"properties":{"name":"P-28","description":{"@type":"html","value":"<div><div><span><b>Altitude:</b></span> <span>0 ft</span></div>\n<div><span><b>Speed:</b></span> <span>21 kt - 22 kt</span></div>\n<div><span><b>Timestamp:</b></span><br/><span>2026-05-21 19:14:48 UTC<br/>2026-05-21 19:14:52 UTC</span></div>\n</div>"},"stroke-opacity":1,"stroke":"#ffffff","stroke-width":2}},{"type":"Feature","geometry":{"type":"LineString","coordinates":[[8.549683,50.038151,0],[8.549274,50.038048,0]]},"properties":{"name":"P-29","description":{"@type":"html","value":"<div><div><span><b>Altitude:</b></span> <span>0 ft</span></div>\n<div><span><b>Speed:</b></span> <span>22 kt</span></div>\n<div><span><b>Timestamp:</b></span><br/><span>2026-05-21 19:14:52 UTC<br/>2026-05-21 19:14:54 UTC</span></div>\n</div>"},"stroke-opacity":1,"stroke":"#ffffff","stroke-width":2}},{"type":"Feature","geometry":{"type":"LineString","coordinates":[[8.549274,50.038048,0],[8.548809,50.03793,0]]},"properties":{"name":"P-30","description":{"@type":"html","value":"<div><div><span><b>Altitude:</b></span> <span>0 ft</span></div>\n<div><span><b>Speed:</b></span> <span>22 kt - 23 kt</span></div>\n<div><span><b>Timestamp:</b></span><br/><span>2026-05-21 19:14:54 UTC<br/>2026-05-21 19:14:57 UTC</span></div>\n</div>"},"stroke-opacity":1,"stroke":"#ffffff","stroke-width":2}},{"type":"Feature","geometry":{"type":"LineString","coordinates":[[8.548809,50.03793,0],[8.548551,50.037872,0]]},"properties":{"name":"P-31","description":{"@type":"html","value":"<div><div><span><b>Altitude:</b></span> <span>0 ft</span></div>\n<div><span><b>Speed:</b></span> <span>23 kt</span></div>\n<div><span><b>Timestamp:</b></span><br/><span>2026-05-21 19:14:57 UTC<br/>2026-05-21 19:14:59 UTC</span></div>\n</div>"},"stroke-opacity":1,"stroke":"#ffffff","stroke-width":2}},{"type":"Feature","geometry":{"type":"LineString","coordinates":[[8.548551,50.037872,0],[8.54749,50.037621,0]]},"properties":{"name":"P-32","description":{"@type":"html","value":"<div><div><span><b>Altitude:</b></span> <span>0 ft</span></div>\n<div><span><b>Speed:</b></span> <span>23 kt - 24 kt</span></div>\n<div><span><b>Timestamp:</b></span><br/><span>2026-05-21 19:14:59 UTC<br/>2026-05-21 19:15:06 UTC</span></div>\n</div>"},"stroke-opacity":1,"stroke":"#ffffff","stroke-width":2}},{"type":"Feature","geometry":{"type":"LineString","coordinates":[[8.54749,50.037621,0],[8.546153,50.0373,0]]},"properties":{"name":"P-33","description":{"@type":"html","value":"<div><div><span><b>Altitude:</b></span> <span>0 ft</span></div>\n<div><span><b>Speed:</b></span> <span>24 kt - 25 kt</span></div>\n<div><span><b>Timestamp:</b></span><br/><span>2026-05-21 19:15:06 UTC<br/>2026-05-21 19:15:13 UTC</span></div>\n</div>"},"stroke-opacity":1,"stroke":"#ffffff","stroke-width":2}},{"type":"Feature","geometry":{"type":"LineString","coordinates":[[8.546153,50.0373,0],[8.54497,50.03701,0]]},"properties":{"name":"P-34","description":{"@type":"html","value":"<div><div><span><b>Altitude:</b></span> <span>0 ft</span></div>\n<div><span><b>Speed:</b></span> <span>25 kt - 22 kt</span></div>\n<div><span><b>Timestamp:</b></span><br/><span>2026-05-21 19:15:13 UTC<br/>2026-05-21 19:15:20 UTC</span></div>\n</div>"},"stroke-opacity":1,"stroke":"#ffffff","stroke-width":2}},{"type":"Feature","geometry":{"type":"LineString","coordinates":[[8.54497,50.03701,0],[8.544075,50.036808,0]]},"properties":{"name":"P-35","description":{"@type":"html","value":"<div><div><span><b>Altitude:</b></span> <span>0 ft</span></div>\n<div><span><b>Speed:</b></span> <span>22 kt - 20 kt</span></div>\n<div><span><b>Timestamp:</b></span><br/><span>2026-05-21 19:15:20 UTC<br/>2026-05-21 19:15:27 UTC</span></div>\n</div>"},"stroke-opacity":1,"stroke":"#ffffff","stroke-width":2}},{"type":"Feature","geometry":{"type":"LineString","coordinates":[[8.544075,50.036808,0],[8.543355,50.036602,0]]},"properties":{"name":"P-36","description":{"@type":"html","value":"<div><div><span><b>Altitude:</b></span> <span>0 ft</span></div>\n<div><span><b>Speed:</b></span> <span>20 kt - 12 kt</span></div>\n<div><span><b>Timestamp:</b></span><br/><span>2026-05-21 19:15:27 UTC<br/>2026-05-21 19:15:34 UTC</span></div>\n</div>"},"stroke-opacity":1,"stroke":"#ffffff","stroke-width":2}},{"type":"Feature","geometry":{"type":"LineString","coordinates":[[8.543355,50.036602,0],[8.543153,50.036465,0]]},"properties":{"name":"P-37","description":{"@type":"html","value":"<div><div><span><b>Altitude:</b></span> <span>0 ft</span></div>\n<div><span><b>Speed:</b></span> <span>12 kt - 11 kt</span></div>\n<div><span><b>Timestamp:</b></span><br/><span>2026-05-21 19:15:34 UTC<br/>2026-05-21 19:15:38 UTC</span></div>\n</div>"},"stroke-opacity":1,"stroke":"#ffffff","stroke-width":2}},{"type":"Feature","geometry":{"type":"LineString","coordinates":[[8.543153,50.036465,0],[8.543063,50.036236,0]]},"properties":{"name":"P-38","description":{"@type":"html","value":"<div><div><span><b>Altitude:</b></span> <span>0 ft</span></div>\n<div><span><b>Speed:</b></span> <span>11 kt - 12 kt</span></div>\n<div><span><b>Timestamp:</b></span><br/><span>2026-05-21 19:15:38 UTC<br/>2026-05-21 19:15:42 UTC</span></div>\n</div>"},"stroke-opacity":1,"stroke":"#ffffff","stroke-width":2}},{"type":"Feature","geometry":{"type":"LineString","coordinates":[[8.543063,50.036236,0],[8.543153,50.035995,0]]},"properties":{"name":"P-39","description":{"@type":"html","value":"<div><div><span><b>Altitude:</b></span> <span>0 ft</span></div>\n<div><span><b>Speed:</b></span> <span>12 kt - 13 kt</span></div>\n<div><span><b>Timestamp:</b></span><br/><span>2026-05-21 19:15:42 UTC<br/>2026-05-21 19:15:46 UTC</span></div>\n</div>"},"stroke-opacity":1,"stroke":"#ffffff","stroke-width":2}},{"type":"Feature","geometry":{"type":"LineString","coordinates":[[8.543153,50.035995,0],[8.543318,50.035755,0]]},"properties":{"name":"P-40","description":{"@type":"html","value":"<div><div><span><b>Altitude:</b></span> <span>0 ft</span></div>\n<div><span><b>Speed:</b></span> <span>13 kt</span></div>\n<div><span><b>Timestamp:</b></span><br/><span>2026-05-21 19:15:46 UTC<br/>2026-05-21 19:15:50 UTC</span></div>\n</div>"},"stroke-opacity":1,"stroke":"#ffffff","stroke-width":2}},{"type":"Feature","geometry":{"type":"LineString","coordinates":[[8.543318,50.035755,0],[8.543467,50.035473,0]]},"properties":{"name":"P-41","description":{"@type":"html","value":"<div><div><span><b>Altitude:</b></span> <span>0 ft</span></div>\n<div><span><b>Speed:</b></span> <span>13 kt - 14 kt</span></div>\n<div><span><b>Timestamp:</b></span><br/><span>2026-05-21 19:15:50 UTC<br/>2026-05-21 19:15:55 UTC</span></div>\n</div>"},"stroke-opacity":1,"stroke":"#ffffff","stroke-width":2}},{"type":"Feature","geometry":{"type":"LineString","coordinates":[[8.543467,50.035473,0],[8.54375,50.035011,0]]},"properties":{"name":"P-42","description":{"@type":"html","value":"<div><div><span><b>Altitude:</b></span> <span>0 ft</span></div>\n<div><span><b>Speed:</b></span> <span>14 kt - 11 kt</span></div>\n<div><span><b>Timestamp:</b></span><br/><span>2026-05-21 19:15:55 UTC<br/>2026-05-21 19:16:04 UTC</span></div>\n</div>"},"stroke-opacity":1,"stroke":"#ffffff","stroke-width":2}},{"type":"Feature","geometry":{"type":"LineString","coordinates":[[8.54375,50.035011,0],[8.543985,50.034809,0]]},"properties":{"name":"P-43","description":{"@type":"html","value":"<div><div><span><b>Altitude:</b></span> <span>0 ft</span></div>\n<div><span><b>Speed:</b></span> <span>11 kt - 8 kt</span></div>\n<div><span><b>Timestamp:</b></span><br/><span>2026-05-21 19:16:04 UTC<br/>2026-05-21 19:16:11 UTC</span></div>\n</div>"},"stroke-opacity":1,"stroke":"#ffffff","stroke-width":2}},{"type":"Feature","geometry":{"type":"LineString","coordinates":[[8.543985,50.034809,0],[8.54406,50.034836,0]]},"properties":{"name":"P-44","description":{"@type":"html","value":"<div><div><span><b>Altitude:</b></span> <span>0 ft</span></div>\n<div><span><b>Speed:</b></span> <span>8 kt - 7 kt</span></div>\n<div><span><b>Timestamp:</b></span><br/><span>2026-05-21 19:16:11 UTC<br/>2026-05-21 19:16:12 UTC</span></div>\n</div>"},"stroke-opacity":1,"stroke":"#ffffff","stroke-width":2}},{"type":"Feature","geometry":{"type":"LineString","coordinates":[[8.54406,50.034836,0],[8.544264,50.034939,0]]},"properties":{"name":"P-45","description":{"@type":"html","value":"<div><div><span><b>Altitude:</b></span> <span>0 ft</span></div>\n<div><span><b>Speed:</b></span> <span>7 kt - 0 kt</span></div>\n<div><span><b>Timestamp:</b></span><br/><span>2026-05-21 19:16:12 UTC<br/>2026-05-21 19:17:20 UTC</span></div>\n</div>"},"stroke-opacity":1,"stroke":"#ffffff","stroke-width":2}},{"type":"Feature","geometry":{"type":"LineString","coordinates":[[8.544264,50.034939,0],[8.544784,50.035069,0]]},"properties":{"name":"P-46","description":{"@type":"html","value":"<div><div><span><b>Altitude:</b></span> <span>0 ft</span></div>\n<div><span><b>Speed:</b></span> <span>0 kt - 18 kt</span></div>\n<div><span><b>Timestamp:</b></span><br/><span>2026-05-21 19:17:20 UTC<br/>2026-05-21 19:17:26 UTC</span></div>\n</div>"},"stroke-opacity":1,"stroke":"#ffffff","stroke-width":2}},{"type":"Feature","geometry":{"type":"LineString","coordinates":[[8.544784,50.035069,0],[8.546911,50.035572,0]]},"properties":{"name":"P-47","description":{"@type":"html","value":"<div><div><span><b>Altitude:</b></span> <span>0 ft</span></div>\n<div><span><b>Speed:</b></span> <span>18 kt - 53 kt</span></div>\n<div><span><b>Timestamp:</b></span><br/><span>2026-05-21 19:17:26 UTC<br/>2026-05-21 19:17:34 UTC</span></div>\n</div>"},"stroke-opacity":1,"stroke":"#ffffff","stroke-width":2}},{"type":"Feature","geometry":{"type":"LineString","coordinates":[[8.546911,50.035572,0],[8.550344,50.036396,0]]},"properties":{"name":"P-48","description":{"@type":"html","value":"<div><div><span><b>Altitude:</b></span> <span>0 ft</span></div>\n<div><span><b>Speed:</b></span> <span>53 kt - 84 kt</span></div>\n<div><span><b>Timestamp:</b></span><br/><span>2026-05-21 19:17:34 UTC<br/>2026-05-21 19:17:41 UTC</span></div>\n</div>"},"stroke-opacity":1,"stroke":"#ffffff","stroke-width":2}},{"type":"Feature","geometry":{"type":"LineString","coordinates":[[8.550344,50.036396,0],[8.55582,50.037689,0]]},"properties":{"name":"P-49","description":{"@type":"html","value":"<div><div><span><b>Altitude:</b></span> <span>0 ft</span></div>\n<div><span><b>Speed:</b></span> <span>84 kt - 106 kt</span></div>\n<div><span><b>Timestamp:</b></span><br/><span>2026-05-21 19:17:41 UTC<br/>2026-05-21 19:17:47 UTC</span></div>\n</div>"},"stroke-opacity":1,"stroke":"#ffffff","stroke-width":2}},{"type":"Feature","geometry":{"type":"LineString","coordinates":[[8.55582,50.037689,0],[8.563026,50.039421,0]]},"properties":{"name":"P-50","description":{"@type":"html","value":"<div><div><span><b>Altitude:</b></span> <span>0 ft</span></div>\n<div><span><b>Speed:</b></span> <span>106 kt - 136 kt</span></div>\n<div><span><b>Timestamp:</b></span><br/><span>2026-05-21 19:17:47 UTC<br/>2026-05-21 19:17:55 UTC</span></div>\n</div>"},"stroke-opacity":1,"stroke":"#ffffff","stroke-width":2}},{"type":"Feature","geometry":{"type":"LineString","coordinates":[[8.563026,50.039421,0],[8.569113,50.040863,0]]},"properties":{"name":"P-51","description":{"@type":"html","value":"<div><div><span><b>Altitude:</b></span> <span>0 ft</span></div>\n<div><span><b>Speed:</b></span> <span>136 kt - 158 kt</span></div>\n<div><span><b>Timestamp:</b></span><br/><span>2026-05-21 19:17:55 UTC<br/>2026-05-21 19:18:02 UTC</span></div>\n</div>"},"stroke-opacity":1,"stroke":"#ffffff","stroke-width":2}},{"type":"Feature","geometry":{"type":"LineString","coordinates":[[8.569113,50.040863,0],[8.578299,50.042999,99.06]]},"properties":{"name":"P-52","description":{"@type":"html","value":"<div><div><span><b>Altitude:</b></span> <span>0 ft - 325 ft</span></div>\n<div><span><b>Speed:</b></span> <span>158 kt - 156 kt</span></div>\n<div><span><b>Timestamp:</b></span><br/><span>2026-05-21 19:18:02 UTC<br/>2026-05-21 19:18:10 UTC</span></div>\n</div>"},"stroke-opacity":1,"stroke":"#ffffff","stroke-width":2}},{"type":"Feature","geometry":{"type":"LineString","coordinates":[[8.578299,50.042999,99.06],[8.587893,50.045193,220.98]]},"properties":{"name":"P-53","description":{"@type":"html","value":"<div><div><span><b>Altitude:</b></span> <span>325 ft - 725 ft</span></div>\n<div><span><b>Speed:</b></span> <span>156 kt - 153 kt</span></div>\n<div><span><b>Timestamp:</b></span><br/><span>2026-05-21 19:18:10 UTC<br/>2026-05-21 19:18:19 UTC</span></div>\n</div>"},"stroke-opacity":1,"stroke":"#ffffff","stroke-width":2}},{"type":"Feature","geometry":{"type":"LineString","coordinates":[[8.587893,50.045193,220.98],[8.596208,50.047054,320.04]]},"properties":{"name":"P-54","description":{"@type":"html","value":"<div><div><span><b>Altitude:</b></span> <span>725 ft - 1,050 ft</span></div>\n<div><span><b>Speed:</b></span> <span>153 kt - 152 kt</span></div>\n<div><span><b>Timestamp:</b></span><br/><span>2026-05-21 19:18:19 UTC<br/>2026-05-21 19:18:27 UTC</span></div>\n</div>"},"stroke-opacity":1,"stroke":"#00eaff","stroke-width":2}},{"type":"Feature","geometry":{"type":"LineString","coordinates":[[8.596208,50.047054,320.04],[8.604969,50.049042,396.24]]},"properties":{"name":"P-55","description":{"@type":"html","value":"<div><div><span><b>Altitude:</b></span> <span>1,050 ft - 1,300 ft</span></div>\n<div><span><b>Speed:</b></span> <span>152 kt - 156 kt</span></div>\n<div><span><b>Timestamp:</b></span><br/><span>2026-05-21 19:18:27 UTC<br/>2026-05-21 19:18:35 UTC</span></div>\n</div>"},"stroke-opacity":1,"stroke":"#00fff0","stroke-width":2}},{"type":"Feature","geometry":{"type":"LineString","coordinates":[[8.604969,50.049042,396.24],[8.613727,50.051056,457.2]]},"properties":{"name":"P-56","description":{"@type":"html","value":"<div><div><span><b>Altitude:</b></span> <span>1,300 ft - 1,500 ft</span></div>\n<div><span><b>Speed:</b></span> <span>156 kt - 165 kt</span></div>\n<div><span><b>Timestamp:</b></span><br/><span>2026-05-21 19:18:35 UTC<br/>2026-05-21 19:18:44 UTC</span></div>\n</div>"},"stroke-opacity":1,"stroke":"#00fff0","stroke-width":2}},{"type":"Feature","geometry":{"type":"LineString","coordinates":[[8.613727,50.051056,457.2],[8.621376,50.052795,502.92]]},"properties":{"name":"P-57","description":{"@type":"html","value":"<div><div><span><b>Altitude:</b></span> <span>1,500 ft - 1,650 ft</span></div>\n<div><span><b>Speed:</b></span> <span>165 kt - 174 kt</span></div>\n<div><span><b>Timestamp:</b></span><br/><span>2026-05-21 19:18:44 UTC<br/>2026-05-21 19:18:50 UTC</span></div>\n</div>"},"stroke-opacity":1,"stroke":"#00ffcc","stroke-width":2}},{"type":"Feature","geometry":{"type":"LineString","coordinates":[[8.621376,50.052795,502.92],[8.631542,50.055107,571.5]]},"properties":{"name":"P-58","description":{"@type":"html","value":"<div><div><span><b>Altitude:</b></span> <span>1,650 ft - 1,875 ft</span></div>\n<div><span><b>Speed:</b></span> <span>174 kt - 183 kt</span></div>\n<div><span><b>Timestamp:</b></span><br/><span>2026-05-21 19:18:50 UTC<br/>2026-05-21 19:18:58 UTC</span></div>\n</div>"},"stroke-opacity":1,"stroke":"#00ffcc","stroke-width":2}},{"type":"Feature","geometry":{"type":"LineString","coordinates":[[8.631542,50.055107,571.5],[8.639931,50.05711,632.46]]},"properties":{"name":"P-59","description":{"@type":"html","value":"<div><div><span><b>Altitude:</b></span> <span>1,875 ft - 2,075 ft</span></div>\n<div><span><b>Speed:</b></span> <span>183 kt - 189 kt</span></div>\n<div><span><b>Timestamp:</b></span><br/><span>2026-05-21 19:18:58 UTC<br/>2026-05-21 19:19:05 UTC</span></div>\n</div>"},"stroke-opacity":1,"stroke":"#00ffcc","stroke-width":2}},{"type":"Feature","geometry":{"type":"LineString","coordinates":[[8.639931,50.05711,632.46],[8.651065,50.059715,716.28]]},"properties":{"name":"P-60","description":{"@type":"html","value":"<div><div><span><b>Altitude:</b></span> <span>2,075 ft - 2,350 ft</span></div>\n<div><span><b>Speed:</b></span> <span>189 kt - 195 kt</span></div>\n<div><span><b>Timestamp:</b></span><br/><span>2026-05-21 19:19:05 UTC<br/>2026-05-21 19:19:13 UTC</span></div>\n</div>"},"stroke-opacity":1,"stroke":"#00ff42","stroke-width":2}},{"type":"Feature","geometry":{"type":"LineString","coordinates":[[8.651065,50.059715,716.28],[8.659973,50.06181,769.62]]},"properties":{"name":"P-61","description":{"@type":"html","value":"<div><div><span><b>Altitude:</b></span> <span>2,350 ft - 2,525 ft</span></div>\n<div><span><b>Speed:</b></span> <span>195 kt - 202 kt</span></div>\n<div><span><b>Timestamp:</b></span><br/><span>2026-05-21 19:19:13 UTC<br/>2026-05-21 19:19:20 UTC</span></div>\n</div>"},"stroke-opacity":1,"stroke":"#00ff42","stroke-width":2}},{"type":"Feature","geometry":{"type":"LineString","coordinates":[[8.659973,50.06181,769.62],[8.671776,50.06451,838.2]]},"properties":{"name":"P-62","description":{"@type":"html","value":"<div><div><span><b>Altitude:</b></span> <span>2,525 ft - 2,750 ft</span></div>\n<div><span><b>Speed:</b></span> <span>202 kt - 212 kt</span></div>\n<div><span><b>Timestamp:</b></span><br/><span>2026-05-21 19:19:20 UTC<br/>2026-05-21 19:19:28 UTC</span></div>\n</div>"},"stroke-opacity":1,"stroke":"#00ff42","stroke-width":2}},{"type":"Feature","geometry":{"type":"LineString","coordinates":[[8.671776,50.06451,838.2],[8.681512,50.066711,906.78]]},"properties":{"name":"P-63","description":{"@type":"html","value":"<div><div><span><b>Altitude:</b></span> <span>2,750 ft - 2,975 ft</span></div>\n<div><span><b>Speed:</b></span> <span>212 kt - 218 kt</span></div>\n<div><span><b>Timestamp:</b></span><br/><span>2026-05-21 19:19:28 UTC<br/>2026-05-21 19:19:35 UTC</span></div>\n</div>"},"stroke-opacity":1,"stroke":"#00ff1e","stroke-width":2}},{"type":"Feature","geometry":{"type":"LineString","coordinates":[[8.681512,50.066711,906.78],[8.693897,50.069679,1005.84]]},"properties":{"name":"P-64","description":{"@type":"html","value":"<div><div><span><b>Altitude:</b></span> <span>2,975 ft - 3,300 ft</span></div>\n<div><span><b>Speed:</b></span> <span>218 kt - 227 kt</span></div>\n<div><span><b>Timestamp:</b></span><br/><span>2026-05-21 19:19:35 UTC<br/>2026-05-21 19:19:43 UTC</span></div>\n</div>"},"stroke-opacity":1,"stroke":"#00ff1e","stroke-width":2}},{"type":"Feature","geometry":{"type":"LineString","coordinates":[[8.693897,50.069679,1005.84],[8.696836,50.070602,1036.32]]},"properties":{"name":"P-65","description":{"@type":"html","value":"<div><div><span><b>Altitude:</b></span> <span>3,300 ft - 3,400 ft</span></div>\n<div><span><b>Speed:</b></span> <span>227 kt</span></div>\n<div><span><b>Timestamp:</b></span><br/><span>2026-05-21 19:19:43 UTC<br/>2026-05-21 19:19:45 UTC</span></div>\n</div>"},"stroke-opacity":1,"stroke":"#0cff00","stroke-width":2}},{"type":"Feature","geometry":{"type":"LineString","coordinates":[[8.696836,50.070602,1036.32],[8.700233,50.071793,1074.42]]},"properties":{"name":"P-66","description":{"@type":"html","value":"<div><div><span><b>Altitude:</b></span> <span>3,400 ft - 3,525 ft</span></div>\n<div><span><b>Speed:</b></span> <span>227 kt</span></div>\n<div><span><b>Timestamp:</b></span><br/><span>2026-05-21 19:19:45 UTC<br/>2026-05-21 19:19:47 UTC</span></div>\n</div>"},"stroke-opacity":1,"stroke":"#0cff00","stroke-width":2}},{"type":"Feature","geometry":{"type":"LineString","coordinates":[[8.700233,50.071793,1074.42],[8.702834,50.072937,1104.9]]},"properties":{"name":"P-67","description":{"@type":"html","value":"<div><div><span><b>Altitude:</b></span> <span>3,525 ft - 3,625 ft</span></div>\n<div><span><b>Speed:</b></span> <span>227 kt</span></div>\n<div><span><b>Timestamp:</b></span><br/><span>2026-05-21 19:19:47 UTC<br/>2026-05-21 19:19:49 UTC</span></div>\n</div>"},"stroke-opacity":1,"stroke":"#0cff00","stroke-width":2}},{"type":"Feature","geometry":{"type":"LineString","coordinates":[[8.702834,50.072937,1104.9],[8.705653,50.074219,1127.76]]},"properties":{"name":"P-68","description":{"@type":"html","value":"<div><div><span><b>Altitude:</b></span> <span>3,625 ft - 3,700 ft</span></div>\n<div><span><b>Speed:</b></span> <span>227 kt - 229 kt</span></div>\n<div><span><b>Timestamp:</b></span><br/><span>2026-05-21 19:19:49 UTC<br/>2026-05-21 19:19:52 UTC</span></div>\n</div>"},"stroke-opacity":1,"stroke":"#0cff00","stroke-width":2}},{"type":"Feature","geometry":{"type":"LineString","coordinates":[[8.705653,50.074219,1127.76],[8.708183,50.075592,1158.24]]},"properties":{"name":"P-69","description":{"@type":"html","value":"<div><div><span><b>Altitude:</b></span> <span>3,700 ft - 3,800 ft</span></div>\n<div><span><b>Speed:</b></span> <span>229 kt - 230 kt</span></div>\n<div><span><b>Timestamp:</b></span><br/><span>2026-05-21 19:19:52 UTC<br/>2026-05-21 19:19:54 UTC</span></div>\n</div>"},"stroke-opacity":1,"stroke":"#0cff00","stroke-width":2}},{"type":"Feature","geometry":{"type":"LineString","coordinates":[[8.708183,50.075592,1158.24],[8.711267,50.077591,1196.34]]},"properties":{"name":"P-70","description":{"@type":"html","value":"<div><div><span><b>Altitude:</b></span> <span>3,800 ft - 3,925 ft</span></div>\n<div><span><b>Speed:</b></span> <span>230 kt</span></div>\n<div><span><b>Timestamp:</b></span><br/><span>2026-05-21 19:19:54 UTC<br/>2026-05-21 19:19:56 UTC</span></div>\n</div>"},"stroke-opacity":1,"stroke":"#0cff00","stroke-width":2}},{"type":"Feature","geometry":{"type":"LineString","coordinates":[[8.711267,50.077591,1196.34],[8.712954,50.078751,1219.2]]},"properties":{"name":"P-71","description":{"@type":"html","value":"<div><div><span><b>Altitude:</b></span> <span>3,925 ft - 4,000 ft</span></div>\n<div><span><b>Speed:</b></span> <span>230 kt - 232 kt</span></div>\n<div><span><b>Timestamp:</b></span><br/><span>2026-05-21 19:19:56 UTC<br/>2026-05-21 19:19:58 UTC</span></div>\n</div>"},"stroke-opacity":1,"stroke":"#0cff00","stroke-width":2}},{"type":"Feature","geometry":{"type":"LineString","coordinates":[[8.712954,50.078751,1219.2],[8.71535,50.080853,1242.06]]},"properties":{"name":"P-72","description":{"@type":"html","value":"<div><div><span><b>Altitude:</b></span> <span>4,000 ft - 4,075 ft</span></div>\n<div><span><b>Speed:</b></span> <span>232 kt - 234 kt</span></div>\n<div><span><b>Timestamp:</b></span><br/><span>2026-05-21 19:19:58 UTC<br/>2026-05-21 19:20:00 UTC</span></div>\n</div>"},"stroke-opacity":1,"stroke":"#36ff00","stroke-width":2}},{"type":"Feature","geometry":{"type":"LineString","coordinates":[[8.71535,50.080853,1242.06],[8.71729,50.082687,1264.92]]},"properties":{"name":"P-73","description":{"@type":"html","value":"<div><div><span><b>Altitude:</b></span> <span>4,075 ft - 4,150 ft</span></div>\n<div><span><b>Speed:</b></span> <span>234 kt - 235 kt</span></div>\n<div><span><b>Timestamp:</b></span><br/><span>2026-05-21 19:20:00 UTC<br/>2026-05-21 19:20:02 UTC</span></div>\n</div>"},"stroke-opacity":1,"stroke":"#36ff00","stroke-width":2}},{"type":"Feature","geometry":{"type":"LineString","coordinates":[[8.71729,50.082687,1264.92],[8.719386,50.085068,1295.4]]},"properties":{"name":"P-74","description":{"@type":"html","value":"<div><div><span><b>Altitude:</b></span> <span>4,150 ft - 4,250 ft</span></div>\n<div><span><b>Speed:</b></span> <span>235 kt - 237 kt</span></div>\n<div><span><b>Timestamp:</b></span><br/><span>2026-05-21 19:20:02 UTC<br/>2026-05-21 19:20:04 UTC</span></div>\n</div>"},"stroke-opacity":1,"stroke":"#36ff00","stroke-width":2}},{"type":"Feature","geometry":{"type":"LineString","coordinates":[[8.719386,50.085068,1295.4],[8.721214,50.087368,1318.26]]},"properties":{"name":"P-75","description":{"@type":"html","value":"<div><div><span><b>Altitude:</b></span> <span>4,250 ft - 4,325 ft</span></div>\n<div><span><b>Speed:</b></span> <span>237 kt - 240 kt</span></div>\n<div><span><b>Timestamp:</b></span><br/><span>2026-05-21 19:20:04 UTC<br/>2026-05-21 19:20:07 UTC</span></div>\n</div>"},"stroke-opacity":1,"stroke":"#36ff00","stroke-width":2}},{"type":"Feature","geometry":{"type":"LineString","coordinates":[[8.721214,50.087368,1318.26],[8.722774,50.089508,1341.12]]},"properties":{"name":"P-76","description":{"@type":"html","value":"<div><div><span><b>Altitude:</b></span> <span>4,325 ft - 4,400 ft</span></div>\n<div><span><b>Speed:</b></span> <span>240 kt - 242 kt</span></div>\n<div><span><b>Timestamp:</b></span><br/><span>2026-05-21 19:20:07 UTC<br/>2026-05-21 19:20:09 UTC</span></div>\n</div>"},"stroke-opacity":1,"stroke":"#36ff00","stroke-width":2}},{"type":"Feature","geometry":{"type":"LineString","coordinates":[[8.722774,50.089508,1341.12],[8.724184,50.091465,1363.98]]},"properties":{"name":"P-77","description":{"@type":"html","value":"<div><div><span><b>Altitude:</b></span> <span>4,400 ft - 4,475 ft</span></div>\n<div><span><b>Speed:</b></span> <span>242 kt - 244 kt</span></div>\n<div><span><b>Timestamp:</b></span><br/><span>2026-05-21 19:20:09 UTC<br/>2026-05-21 19:20:11 UTC</span></div>\n</div>"},"stroke-opacity":1,"stroke":"#36ff00","stroke-width":2}},{"type":"Feature","geometry":{"type":"LineString","coordinates":[[8.724184,50.091465,1363.98],[8.72604,50.09407,1394.46]]},"properties":{"name":"P-78","description":{"@type":"html","value":"<div><div><span><b>Altitude:</b></span> <span>4,475 ft - 4,575 ft</span></div>\n<div><span><b>Speed:</b></span> <span>244 kt - 246 kt</span></div>\n<div><span><b>Timestamp:</b></span><br/><span>2026-05-21 19:20:11 UTC<br/>2026-05-21 19:20:13 UTC</span></div>\n</div>"},"stroke-opacity":1,"stroke":"#36ff00","stroke-width":2}},{"type":"Feature","geometry":{"type":"LineString","coordinates":[[8.72604,50.09407,1394.46],[8.727553,50.096283,1417.32]]},"properties":{"name":"P-79","description":{"@type":"html","value":"<div><div><span><b>Altitude:</b></span> <span>4,575 ft - 4,650 ft</span></div>\n<div><span><b>Speed:</b></span> <span>246 kt - 247 kt</span></div>\n<div><span><b>Timestamp:</b></span><br/><span>2026-05-21 19:20:13 UTC<br/>2026-05-21 19:20:15 UTC</span></div>\n</div>"},"stroke-opacity":1,"stroke":"#36ff00","stroke-width":2}},{"type":"Feature","geometry":{"type":"LineString","coordinates":[[8.727553,50.096283,1417.32],[8.729072,50.098526,1432.56]]},"properties":{"name":"P-80","description":{"@type":"html","value":"<div><div><span><b>Altitude:</b></span> <span>4,650 ft - 4,700 ft</span></div>\n<div><span><b>Speed:</b></span> <span>247 kt - 251 kt</span></div>\n<div><span><b>Timestamp:</b></span><br/><span>2026-05-21 19:20:15 UTC<br/>2026-05-21 19:20:17 UTC</span></div>\n</div>"},"stroke-opacity":1,"stroke":"#36ff00","stroke-width":2}},{"type":"Feature","geometry":{"type":"LineString","coordinates":[[8.729072,50.098526,1432.56],[8.730661,50.100815,1447.8]]},"properties":{"name":"P-81","description":{"@type":"html","value":"<div><div><span><b>Altitude:</b></span> <span>4,700 ft - 4,750 ft</span></div>\n<div><span><b>Speed:</b></span> <span>251 kt - 254 kt</span></div>\n<div><span><b>Timestamp:</b></span><br/><span>2026-05-21 19:20:17 UTC<br/>2026-05-21 19:20:19 UTC</span></div>\n</div>"},"stroke-opacity":1,"stroke":"#36ff00","stroke-width":2}},{"type":"Feature","geometry":{"type":"LineString","coordinates":[[8.730661,50.100815,1447.8],[8.732107,50.103012,1463.04]]},"properties":{"name":"P-82","description":{"@type":"html","value":"<div><div><span><b>Altitude:</b></span> <span>4,750 ft - 4,800 ft</span></div>\n<div><span><b>Speed:</b></span> <span>254 kt - 257 kt</span></div>\n<div><span><b>Timestamp:</b></span><br/><span>2026-05-21 19:20:19 UTC<br/>2026-05-21 19:20:22 UTC</span></div>\n</div>"},"stroke-opacity":1,"stroke":"#36ff00","stroke-width":2}},{"type":"Feature","geometry":{"type":"LineString","coordinates":[[8.732107,50.103012,1463.04],[8.733908,50.105709,1478.28]]},"properties":{"name":"P-83","description":{"@type":"html","value":"<div><div><span><b>Altitude:</b></span> <span>4,800 ft - 4,850 ft</span></div>\n<div><span><b>Speed:</b></span> <span>257 kt - 260 kt</span></div>\n<div><span><b>Timestamp:</b></span><br/><span>2026-05-21 19:20:22 UTC<br/>2026-05-21 19:20:24 UTC</span></div>\n</div>"},"stroke-opacity":1,"stroke":"#36ff00","stroke-width":2}},{"type":"Feature","geometry":{"type":"LineString","coordinates":[[8.733908,50.105709,1478.28],[8.735393,50.107853,1493.52]]},"properties":{"name":"P-84","description":{"@type":"html","value":"<div><div><span><b>Altitude:</b></span> <span>4,850 ft - 4,900 ft</span></div>\n<div><span><b>Speed:</b></span> <span>260 kt - 263 kt</span></div>\n<div><span><b>Timestamp:</b></span><br/><span>2026-05-21 19:20:24 UTC<br/>2026-05-21 19:20:26 UTC</span></div>\n</div>"},"stroke-opacity":1,"stroke":"#36ff00","stroke-width":2}},{"type":"Feature","geometry":{"type":"LineString","coordinates":[[8.735393,50.107853,1493.52],[8.736432,50.109432,1508.76]]},"properties":{"name":"P-85","description":{"@type":"html","value":"<div><div><span><b>Altitude:</b></span> <span>4,900 ft - 4,950 ft</span></div>\n<div><span><b>Speed:</b></span> <span>263 kt - 265 kt</span></div>\n<div><span><b>Timestamp:</b></span><br/><span>2026-05-21 19:20:26 UTC<br/>2026-05-21 19:20:28 UTC</span></div>\n</div>"},"stroke-opacity":1,"stroke":"#36ff00","stroke-width":2}},{"type":"Feature","geometry":{"type":"LineString","coordinates":[[8.736432,50.109432,1508.76],[8.738733,50.113018,1539.24]]},"properties":{"name":"P-86","description":{"@type":"html","value":"<div><div><span><b>Altitude:</b></span> <span>4,950 ft - 5,050 ft</span></div>\n<div><span><b>Speed:</b></span> <span>265 kt - 269 kt</span></div>\n<div><span><b>Timestamp:</b></span><br/><span>2026-05-21 19:20:28 UTC<br/>2026-05-21 19:20:30 UTC</span></div>\n</div>"},"stroke-opacity":1,"stroke":"#72ff00","stroke-width":2}},{"type":"Feature","geometry":{"type":"LineString","coordinates":[[8.738733,50.113018,1539.24],[8.740274,50.115326,1562.1]]},"properties":{"name":"P-87","description":{"@type":"html","value":"<div><div><span><b>Altitude:</b></span> <span>5,050 ft - 5,125 ft</span></div>\n<div><span><b>Speed:</b></span> <span>269 kt - 270 kt</span></div>\n<div><span><b>Timestamp:</b></span><br/><span>2026-05-21 19:20:30 UTC<br/>2026-05-21 19:20:32 UTC</span></div>\n</div>"},"stroke-opacity":1,"stroke":"#72ff00","stroke-width":2}},{"type":"Feature","geometry":{"type":"LineString","coordinates":[[8.740274,50.115326,1562.1],[8.750239,50.130615,1767.84]]},"properties":{"name":"P-88","description":{"@type":"html","value":"<div><div><span><b>Altitude:</b></span> <span>5,125 ft - 5,800 ft</span></div>\n<div><span><b>Speed:</b></span> <span>270 kt - 273 kt</span></div>\n<div><span><b>Timestamp:</b></span><br/><span>2026-05-21 19:20:32 UTC<br/>2026-05-21 19:20:46 UTC</span></div>\n</div>"},"stroke-opacity":1,"stroke":"#72ff00","stroke-width":2}},{"type":"Feature","geometry":{"type":"LineString","coordinates":[[8.750239,50.130615,1767.84],[8.760801,50.145172,1981.2]]},"properties":{"name":"P-89","description":{"@type":"html","value":"<div><div><span><b>Altitude:</b></span> <span>5,800 ft - 6,500 ft</span></div>\n<div><span><b>Speed:</b></span> <span>273 kt - 276 kt</span></div>\n<div><span><b>Timestamp:</b></span><br/><span>2026-05-21 19:20:46 UTC<br/>2026-05-21 19:20:58 UTC</span></div>\n</div>"},"stroke-opacity":1,"stroke":"#72ff00","stroke-width":2}},{"type":"Feature","geometry":{"type":"LineString","coordinates":[[8.760801,50.145172,1981.2],[8.76516,50.149517,2026.92]]},"properties":{"name":"P-90","description":{"@type":"html","value":"<div><div><span><b>Altitude:</b></span> <span>6,500 ft - 6,650 ft</span></div>\n<div><span><b>Speed:</b></span> <span>276 kt - 279 kt</span></div>\n<div><span><b>Timestamp:</b></span><br/><span>2026-05-21 19:20:58 UTC<br/>2026-05-21 19:21:02 UTC</span></div>\n</div>"},"stroke-opacity":1,"stroke":"#72ff00","stroke-width":2}},{"type":"Feature","geometry":{"type":"LineString","coordinates":[[8.76516,50.149517,2026.92],[8.767596,50.151627,2042.16]]},"properties":{"name":"P-91","description":{"@type":"html","value":"<div><div><span><b>Altitude:</b></span> <span>6,650 ft - 6,700 ft</span></div>\n<div><span><b>Speed:</b></span> <span>279 kt - 281 kt</span></div>\n<div><span><b>Timestamp:</b></span><br/><span>2026-05-21 19:21:02 UTC<br/>2026-05-21 19:21:04 UTC</span></div>\n</div>"},"stroke-opacity":1,"stroke":"#9cff00","stroke-width":2}},{"type":"Feature","geometry":{"type":"LineString","coordinates":[[8.767596,50.151627,2042.16],[8.770282,50.153751,2065.02]]},"properties":{"name":"P-92","description":{"@type":"html","value":"<div><div><span><b>Altitude:</b></span> <span>6,700 ft - 6,775 ft</span></div>\n<div><span><b>Speed:</b></span> <span>281 kt - 284 kt</span></div>\n<div><span><b>Timestamp:</b></span><br/><span>2026-05-21 19:21:04 UTC<br/>2026-05-21 19:21:07 UTC</span></div>\n</div>"},"stroke-opacity":1,"stroke":"#9cff00","stroke-width":2}},{"type":"Feature","geometry":{"type":"LineString","coordinates":[[8.770282,50.153751,2065.02],[8.773103,50.155846,2087.88]]},"properties":{"name":"P-93","description":{"@type":"html","value":"<div><div><span><b>Altitude:</b></span> <span>6,775 ft - 6,850 ft</span></div>\n<div><span><b>Speed:</b></span> <span>284 kt - 285 kt</span></div>\n<div><span><b>Timestamp:</b></span><br/><span>2026-05-21 19:21:07 UTC<br/>2026-05-21 19:21:09 UTC</span></div>\n</div>"},"stroke-opacity":1,"stroke":"#9cff00","stroke-width":2}},{"type":"Feature","geometry":{"type":"LineString","coordinates":[[8.773103,50.155846,2087.88],[8.776517,50.158173,2118.36]]},"properties":{"name":"P-94","description":{"@type":"html","value":"<div><div><span><b>Altitude:</b></span> <span>6,850 ft - 6,950 ft</span></div>\n<div><span><b>Speed:</b></span> <span>285 kt - 287 kt</span></div>\n<div><span><b>Timestamp:</b></span><br/><span>2026-05-21 19:21:09 UTC<br/>2026-05-21 19:21:11 UTC</span></div>\n</div>"},"stroke-opacity":1,"stroke":"#9cff00","stroke-width":2}},{"type":"Feature","geometry":{"type":"LineString","coordinates":[[8.776517,50.158173,2118.36],[8.779932,50.160316,2148.84]]},"properties":{"name":"P-95","description":{"@type":"html","value":"<div><div><span><b>Altitude:</b></span> <span>6,950 ft - 7,050 ft</span></div>\n<div><span><b>Speed:</b></span> <span>287 kt - 288 kt</span></div>\n<div><span><b>Timestamp:</b></span><br/><span>2026-05-21 19:21:11 UTC<br/>2026-05-21 19:21:13 UTC</span></div>\n</div>"},"stroke-opacity":1,"stroke":"#9cff00","stroke-width":2}},{"type":"Feature","geometry":{"type":"LineString","coordinates":[[8.779932,50.160316,2148.84],[8.782753,50.162083,2186.94]]},"properties":{"name":"P-96","description":{"@type":"html","value":"<div><div><span><b>Altitude:</b></span> <span>7,050 ft - 7,175 ft</span></div>\n<div><span><b>Speed:</b></span> <span>288 kt</span></div>\n<div><span><b>Timestamp:</b></span><br/><span>2026-05-21 19:21:13 UTC<br/>2026-05-21 19:21:15 UTC</span></div>\n</div>"},"stroke-opacity":1,"stroke":"#9cff00","stroke-width":2}},{"type":"Feature","geometry":{"type":"LineString","coordinates":[[8.782753,50.162083,2186.94],[8.786167,50.164227,2225.04]]},"properties":{"name":"P-97","description":{"@type":"html","value":"<div><div><span><b>Altitude:</b></span> <span>7,175 ft - 7,300 ft</span></div>\n<div><span><b>Speed:</b></span> <span>288 kt - 287 kt</span></div>\n<div><span><b>Timestamp:</b></span><br/><span>2026-05-21 19:21:15 UTC<br/>2026-05-21 19:21:17 UTC</span></div>\n</div>"},"stroke-opacity":1,"stroke":"#9cff00","stroke-width":2}},{"type":"Feature","geometry":{"type":"LineString","coordinates":[[8.786167,50.164227,2225.04],[8.789279,50.166138,2270.76]]},"properties":{"name":"P-98","description":{"@type":"html","value":"<div><div><span><b>Altitude:</b></span> <span>7,300 ft - 7,450 ft</span></div>\n<div><span><b>Speed:</b></span> <span>287 kt - 286 kt</span></div>\n<div><span><b>Timestamp:</b></span><br/><span>2026-05-21 19:21:17 UTC<br/>2026-05-21 19:21:19 UTC</span></div>\n</div>"},"stroke-opacity":1,"stroke":"#9cff00","stroke-width":2}},{"type":"Feature","geometry":{"type":"LineString","coordinates":[[8.789279,50.166138,2270.76],[8.792254,50.16795,2308.86]]},"properties":{"name":"P-99","description":{"@type":"html","value":"<div><div><span><b>Altitude:</b></span> <span>7,450 ft - 7,575 ft</span></div>\n<div><span><b>Speed:</b></span> <span>286 kt - 285 kt</span></div>\n<div><span><b>Timestamp:</b></span><br/><span>2026-05-21 19:21:19 UTC<br/>2026-05-21 19:21:22 UTC</span></div>\n</div>"},"stroke-opacity":1,"stroke":"#9cff00","stroke-width":2}},{"type":"Feature","geometry":{"type":"LineString","coordinates":[[8.792254,50.16795,2308.86],[8.795351,50.169891,2354.58]]},"properties":{"name":"P-100","description":{"@type":"html","value":"<div><div><span><b>Altitude:</b></span> <span>7,575 ft - 7,725 ft</span></div>\n<div><span><b>Speed:</b></span> <span>285 kt</span></div>\n<div><span><b>Timestamp:</b></span><br/><span>2026-05-21 19:21:22 UTC<br/>2026-05-21 19:21:24 UTC</span></div>\n</div>"},"stroke-opacity":1,"stroke":"#9cff00","stroke-width":2}},{"type":"Feature","geometry":{"type":"LineString","coordinates":[[8.795351,50.169891,2354.58],[8.798935,50.172047,2392.68]]},"properties":{"name":"P-101","description":{"@type":"html","value":"<div><div><span><b>Altitude:</b></span> <span>7,725 ft - 7,850 ft</span></div>\n<div><span><b>Speed:</b></span> <span>285 kt - 284 kt</span></div>\n<div><span><b>Timestamp:</b></span><br/><span>2026-05-21 19:21:24 UTC<br/>2026-05-21 19:21:26 UTC</span></div>\n</div>"},"stroke-opacity":1,"stroke":"#9cff00","stroke-width":2}},{"type":"Feature","geometry":{"type":"LineString","coordinates":[[8.798935,50.172047,2392.68],[8.801567,50.173691,2423.16]]},"properties":{"name":"P-102","description":{"@type":"html","value":"<div><div><span><b>Altitude:</b></span> <span>7,850 ft - 7,950 ft</span></div>\n<div><span><b>Speed:</b></span> <span>284 kt - 285 kt</span></div>\n<div><span><b>Timestamp:</b></span><br/><span>2026-05-21 19:21:26 UTC<br/>2026-05-21 19:21:28 UTC</span></div>\n</div>"},"stroke-opacity":1,"stroke":"#9cff00","stroke-width":2}},{"type":"Feature","geometry":{"type":"LineString","coordinates":[[8.801567,50.173691,2423.16],[8.80453,50.175522,2461.26]]},"properties":{"name":"P-103","description":{"@type":"html","value":"<div><div><span><b>Altitude:</b></span> <span>7,950 ft - 8,075 ft</span></div>\n<div><span><b>Speed:</b></span> <span>285 kt</span></div>\n<div><span><b>Timestamp:</b></span><br/><span>2026-05-21 19:21:28 UTC<br/>2026-05-21 19:21:30 UTC</span></div>\n</div>"},"stroke-opacity":1,"stroke":"#9cff00","stroke-width":2}},{"type":"Feature","geometry":{"type":"LineString","coordinates":[[8.80453,50.175522,2461.26],[8.808363,50.177864,2506.98]]},"properties":{"name":"P-104","description":{"@type":"html","value":"<div><div><span><b>Altitude:</b></span> <span>8,075 ft - 8,225 ft</span></div>\n<div><span><b>Speed:</b></span> <span>285 kt</span></div>\n<div><span><b>Timestamp:</b></span><br/><span>2026-05-21 19:21:30 UTC<br/>2026-05-21 19:21:32 UTC</span></div>\n</div>"},"stroke-opacity":1,"stroke":"#9cff00","stroke-width":2}},{"type":"Feature","geometry":{"type":"LineString","coordinates":[[8.808363,50.177864,2506.98],[8.811481,50.179775,2537.46]]},"properties":{"name":"P-105","description":{"@type":"html","value":"<div><div><span><b>Altitude:</b></span> <span>8,225 ft - 8,325 ft</span></div>\n<div><span><b>Speed:</b></span> <span>285 kt - 284 kt</span></div>\n<div><span><b>Timestamp:</b></span><br/><span>2026-05-21 19:21:32 UTC<br/>2026-05-21 19:21:34 UTC</span></div>\n</div>"},"stroke-opacity":1,"stroke":"#d2ff00","stroke-width":2}},{"type":"Feature","geometry":{"type":"LineString","coordinates":[[8.811481,50.179775,2537.46],[8.831301,50.191738,2735.58]]},"properties":{"name":"P-106","description":{"@type":"html","value":"<div><div><span><b>Altitude:</b></span> <span>8,325 ft - 8,975 ft</span></div>\n<div><span><b>Speed:</b></span> <span>284 kt - 287 kt</span></div>\n<div><span><b>Timestamp:</b></span><br/><span>2026-05-21 19:21:34 UTC<br/>2026-05-21 19:21:48 UTC</span></div>\n</div>"},"stroke-opacity":1,"stroke":"#d2ff00","stroke-width":2}},{"type":"Feature","geometry":{"type":"LineString","coordinates":[[8.831301,50.191738,2735.58],[8.851269,50.203796,2918.46]]},"properties":{"name":"P-107","description":{"@type":"html","value":"<div><div><span><b>Altitude:</b></span> <span>8,975 ft - 9,575 ft</span></div>\n<div><span><b>Speed:</b></span> <span>287 kt - 292 kt</span></div>\n<div><span><b>Timestamp:</b></span><br/><span>2026-05-21 19:21:48 UTC<br/>2026-05-21 19:22:01 UTC</span></div>\n</div>"},"stroke-opacity":1,"stroke":"#d2ff00","stroke-width":2}},{"type":"Feature","geometry":{"type":"LineString","coordinates":[[8.851269,50.203796,2918.46],[8.871015,50.215714,3131.82]]},"properties":{"name":"P-108","description":{"@type":"html","value":"<div><div><span><b>Altitude:</b></span> <span>9,575 ft - 10,275 ft</span></div>\n<div><span><b>Speed:</b></span> <span>292 kt</span></div>\n<div><span><b>Timestamp:</b></span><br/><span>2026-05-21 19:22:01 UTC<br/>2026-05-21 19:22:14 UTC</span></div>\n</div>"},"stroke-opacity":1,"stroke":"#d2ff00","stroke-width":2}},{"type":"Feature","geometry":{"type":"LineString","coordinates":[[8.871015,50.215714,3131.82],[8.892132,50.228622,3261.36]]},"properties":{"name":"P-109","description":{"@type":"html","value":"<div><div><span><b>Altitude:</b></span> <span>10,275 ft - 10,700 ft</span></div>\n<div><span><b>Speed:</b></span> <span>292 kt - 302 kt</span></div>\n<div><span><b>Timestamp:</b></span><br/><span>2026-05-21 19:22:14 UTC<br/>2026-05-21 19:22:27 UTC</span></div>\n</div>"},"stroke-opacity":1,"stroke":"#e4ff00","stroke-width":2}},{"type":"Feature","geometry":{"type":"LineString","coordinates":[[8.892132,50.228622,3261.36],[8.913178,50.241501,3322.32]]},"properties":{"name":"P-110","description":{"@type":"html","value":"<div><div><span><b>Altitude:</b></span> <span>10,700 ft - 10,900 ft</span></div>\n<div><span><b>Speed:</b></span> <span>302 kt - 317 kt</span></div>\n<div><span><b>Timestamp:</b></span><br/><span>2026-05-21 19:22:27 UTC<br/>2026-05-21 19:22:40 UTC</span></div>\n</div>"},"stroke-opacity":1,"stroke":"#e4ff00","stroke-width":2}},{"type":"Feature","geometry":{"type":"LineString","coordinates":[[8.913178,50.241501,3322.32],[8.937749,50.256493,3421.38]]},"properties":{"name":"P-111","description":{"@type":"html","value":"<div><div><span><b>Altitude:</b></span> <span>10,900 ft - 11,225 ft</span></div>\n<div><span><b>Speed:</b></span> <span>317 kt - 334 kt</span></div>\n<div><span><b>Timestamp:</b></span><br/><span>2026-05-21 19:22:40 UTC<br/>2026-05-21 19:22:55 UTC</span></div>\n</div>"},"stroke-opacity":1,"stroke":"#e4ff00","stroke-width":2}},{"type":"Feature","geometry":{"type":"LineString","coordinates":[[8.937749,50.256493,3421.38],[8.961013,50.270554,3558.54]]},"properties":{"name":"P-112","description":{"@type":"html","value":"<div><div><span><b>Altitude:</b></span> <span>11,225 ft - 11,675 ft</span></div>\n<div><span><b>Speed:</b></span> <span>334 kt - 340 kt</span></div>\n<div><span><b>Timestamp:</b></span><br/><span>2026-05-21 19:22:55 UTC<br/>2026-05-21 19:23:07 UTC</span></div>\n</div>"},"stroke-opacity":1,"stroke":"#e4ff00","stroke-width":2}},{"type":"Feature","geometry":{"type":"LineString","coordinates":[[8.961013,50.270554,3558.54],[8.983995,50.284424,3703.32]]},"properties":{"name":"P-113","description":{"@type":"html","value":"<div><div><span><b>Altitude:</b></span> <span>11,675 ft - 12,150 ft</span></div>\n<div><span><b>Speed:</b></span> <span>340 kt - 346 kt</span></div>\n<div><span><b>Timestamp:</b></span><br/><span>2026-05-21 19:23:07 UTC<br/>2026-05-21 19:23:20 UTC</span></div>\n</div>"},"stroke-opacity":1,"stroke":"#ffea00","stroke-width":2}},{"type":"Feature","geometry":{"type":"LineString","coordinates":[[8.983995,50.284424,3703.32],[9.042543,50.319717,4107.18]]},"properties":{"name":"P-114","description":{"@type":"html","value":"<div><div><span><b>Altitude:</b></span> <span>12,150 ft - 13,475 ft</span></div>\n<div><span><b>Speed:</b></span> <span>346 kt - 355 kt</span></div>\n<div><span><b>Timestamp:</b></span><br/><span>2026-05-21 19:23:20 UTC<br/>2026-05-21 19:23:52 UTC</span></div>\n</div>"},"stroke-opacity":1,"stroke":"#ffea00","stroke-width":2}},{"type":"Feature","geometry":{"type":"LineString","coordinates":[[9.042543,50.319717,4107.18],[9.103401,50.356476,4541.52]]},"properties":{"name":"P-115","description":{"@type":"html","value":"<div><div><span><b>Altitude:</b></span> <span>13,475 ft - 14,900 ft</span></div>\n<div><span><b>Speed:</b></span> <span>355 kt - 360 kt</span></div>\n<div><span><b>Timestamp:</b></span><br/><span>2026-05-21 19:23:52 UTC<br/>2026-05-21 19:24:24 UTC</span></div>\n</div>"},"stroke-opacity":1,"stroke":"#ffc000","stroke-width":2}},{"type":"Feature","geometry":{"type":"LineString","coordinates":[[9.103401,50.356476,4541.52],[9.163859,50.392845,4937.76]]},"properties":{"name":"P-116","description":{"@type":"html","value":"<div><div><span><b>Altitude:</b></span> <span>14,900 ft - 16,200 ft</span></div>\n<div><span><b>Speed:</b></span> <span>360 kt - 363 kt</span></div>\n<div><span><b>Timestamp:</b></span><br/><span>2026-05-21 19:24:24 UTC<br/>2026-05-21 19:24:56 UTC</span></div>\n</div>"},"stroke-opacity":1,"stroke":"#ffa800","stroke-width":2}},{"type":"Feature","geometry":{"type":"LineString","coordinates":[[9.163859,50.392845,4937.76],[9.227359,50.430908,5288.28]]},"properties":{"name":"P-117","description":{"@type":"html","value":"<div><div><span><b>Altitude:</b></span> <span>16,200 ft - 17,350 ft</span></div>\n<div><span><b>Speed:</b></span> <span>363 kt - 372 kt</span></div>\n<div><span><b>Timestamp:</b></span><br/><span>2026-05-21 19:24:56 UTC<br/>2026-05-21 19:25:29 UTC</span></div>\n</div>"},"stroke-opacity":1,"stroke":"#ffa800","stroke-width":2}},{"type":"Feature","geometry":{"type":"LineString","coordinates":[[9.227359,50.430908,5288.28],[9.290202,50.468399,5654.04]]},"properties":{"name":"P-118","description":{"@type":"html","value":"<div><div><span><b>Altitude:</b></span> <span>17,350 ft - 18,550 ft</span></div>\n<div><span><b>Speed:</b></span> <span>372 kt - 376 kt</span></div>\n<div><span><b>Timestamp:</b></span><br/><span>2026-05-21 19:25:29 UTC<br/>2026-05-21 19:26:00 UTC</span></div>\n</div>"},"stroke-opacity":1,"stroke":"#ff9600","stroke-width":2}},{"type":"Feature","geometry":{"type":"LineString","coordinates":[[9.290202,50.468399,5654.04],[9.354339,50.506618,5943.6]]},"properties":{"name":"P-119","description":{"@type":"html","value":"<div><div><span><b>Altitude:</b></span> <span>18,550 ft - 19,500 ft</span></div>\n<div><span><b>Speed:</b></span> <span>376 kt - 385 kt</span></div>\n<div><span><b>Timestamp:</b></span><br/><span>2026-05-21 19:26:00 UTC<br/>2026-05-21 19:26:32 UTC</span></div>\n</div>"},"stroke-opacity":1,"stroke":"#ff7800","stroke-width":2}},{"type":"Feature","geometry":{"type":"LineString","coordinates":[[9.354339,50.506618,5943.6],[9.421283,50.546356,6271.26]]},"properties":{"name":"P-120","description":{"@type":"html","value":"<div><div><span><b>Altitude:</b></span> <span>19,500 ft - 20,575 ft</span></div>\n<div><span><b>Speed:</b></span> <span>385 kt - 390 kt</span></div>\n<div><span><b>Timestamp:</b></span><br/><span>2026-05-21 19:26:32 UTC<br/>2026-05-21 19:27:05 UTC</span></div>\n</div>"},"stroke-opacity":1,"stroke":"#ff7800","stroke-width":2}},{"type":"Feature","geometry":{"type":"LineString","coordinates":[[9.421283,50.546356,6271.26],[9.487659,50.585758,6507.48]]},"properties":{"name":"P-121","description":{"@type":"html","value":"<div><div><span><b>Altitude:</b></span> <span>20,575 ft - 21,350 ft</span></div>\n<div><span><b>Speed:</b></span> <span>390 kt - 401 kt</span></div>\n<div><span><b>Timestamp:</b></span><br/><span>2026-05-21 19:27:05 UTC<br/>2026-05-21 19:27:36 UTC</span></div>\n</div>"},"stroke-opacity":1,"stroke":"#ff5400","stroke-width":2}},{"type":"Feature","geometry":{"type":"LineString","coordinates":[[9.487659,50.585758,6507.48],[9.555937,50.626007,6781.8]]},"properties":{"name":"P-122","description":{"@type":"html","value":"<div><div><span><b>Altitude:</b></span> <span>21,350 ft - 22,250 ft</span></div>\n<div><span><b>Speed:</b></span> <span>401 kt - 406 kt</span></div>\n<div><span><b>Timestamp:</b></span><br/><span>2026-05-21 19:27:36 UTC<br/>2026-05-21 19:28:08 UTC</span></div>\n</div>"},"stroke-opacity":1,"stroke":"#ff3000","stroke-width":2}},{"type":"Feature","geometry":{"type":"LineString","coordinates":[[9.555937,50.626007,6781.8],[9.625583,50.667038,7101.84]]},"properties":{"name":"P-123","description":{"@type":"html","value":"<div><div><span><b>Altitude:</b></span> <span>22,250 ft - 23,300 ft</span></div>\n<div><span><b>Speed:</b></span> <span>406 kt - 409 kt</span></div>\n<div><span><b>Timestamp:</b></span><br/><span>2026-05-21 19:28:08 UTC<br/>2026-05-21 19:28:40 UTC</span></div>\n</div>"},"stroke-opacity":1,"stroke":"#ff3000","stroke-width":2}},{"type":"Feature","geometry":{"type":"LineString","coordinates":[[9.625583,50.667038,7101.84],[9.695435,50.708221,7299.96]]},"properties":{"name":"P-124","description":{"@type":"html","value":"<div><div><span><b>Altitude:</b></span> <span>23,300 ft - 23,950 ft</span></div>\n<div><span><b>Speed:</b></span> <span>409 kt - 414 kt</span></div>\n<div><span><b>Timestamp:</b></span><br/><span>2026-05-21 19:28:40 UTC<br/>2026-05-21 19:29:12 UTC</span></div>\n</div>"},"stroke-opacity":1,"stroke":"#ff1e00","stroke-width":2}},{"type":"Feature","geometry":{"type":"LineString","coordinates":[[9.695435,50.708221,7299.96],[9.766464,50.749901,7437.12]]},"properties":{"name":"P-125","description":{"@type":"html","value":"<div><div><span><b>Altitude:</b></span> <span>23,950 ft - 24,400 ft</span></div>\n<div><span><b>Speed:</b></span> <span>414 kt - 416 kt</span></div>\n<div><span><b>Timestamp:</b></span><br/><span>2026-05-21 19:29:12 UTC<br/>2026-05-21 19:29:44 UTC</span></div>\n</div>"},"stroke-opacity":1,"stroke":"#ff1e00","stroke-width":2}},{"type":"Feature","geometry":{"type":"LineString","coordinates":[[9.766464,50.749901,7437.12],[9.83744,50.79126,7688.58]]},"properties":{"name":"P-126","description":{"@type":"html","value":"<div><div><span><b>Altitude:</b></span> <span>24,400 ft - 25,225 ft</span></div>\n<div><span><b>Speed:</b></span> <span>416 kt - 419 kt</span></div>\n<div><span><b>Timestamp:</b></span><br/><span>2026-05-21 19:29:44 UTC<br/>2026-05-21 19:30:16 UTC</span></div>\n</div>"},"stroke-opacity":1,"stroke":"#ff1e00","stroke-width":2}},{"type":"Feature","geometry":{"type":"LineString","coordinates":[[9.83744,50.79126,7688.58],[9.910484,50.833786,7978.14]]},"properties":{"name":"P-127","description":{"@type":"html","value":"<div><div><span><b>Altitude:</b></span> <span>25,225 ft - 26,175 ft</span></div>\n<div><span><b>Speed:</b></span> <span>419 kt</span></div>\n<div><span><b>Timestamp:</b></span><br/><span>2026-05-21 19:30:16 UTC<br/>2026-05-21 19:30:48 UTC</span></div>\n</div>"},"stroke-opacity":1,"stroke":"#ff0000","stroke-width":2}},{"type":"Feature","geometry":{"type":"LineString","coordinates":[[9.910484,50.833786,7978.14],[9.982147,50.875359,8161.02]]},"properties":{"name":"P-128","description":{"@type":"html","value":"<div><div><span><b>Altitude:</b></span> <span>26,175 ft - 26,775 ft</span></div>\n<div><span><b>Speed:</b></span> <span>419 kt - 426 kt</span></div>\n<div><span><b>Timestamp:</b></span><br/><span>2026-05-21 19:30:48 UTC<br/>2026-05-21 19:31:20 UTC</span></div>\n</div>"},"stroke-opacity":1,"stroke":"#ff0000","stroke-width":2}},{"type":"Feature","geometry":{"type":"LineString","coordinates":[[9.982147,50.875359,8161.02],[10.052194,50.908035,8343.9]]},"properties":{"name":"P-129","description":{"@type":"html","value":"<div><div><span><b>Altitude:</b></span> <span>26,775 ft - 27,375 ft</span></div>\n<div><span><b>Speed:</b></span> <span>426 kt - 436 kt</span></div>\n<div><span><b>Timestamp:</b></span><br/><span>2026-05-21 19:31:20 UTC<br/>2026-05-21 19:31:47 UTC</span></div>\n</div>"},"stroke-opacity":1,"stroke":"#ff0000","stroke-width":2}},{"type":"Feature","geometry":{"type":"LineString","coordinates":[[10.052194,50.908035,8343.9],[10.057907,50.910179,8359.14]]},"properties":{"name":"P-130","description":{"@type":"html","value":"<div><div><span><b>Altitude:</b></span> <span>27,375 ft - 27,425 ft</span></div>\n<div><span><b>Speed:</b></span> <span>436 kt</span></div>\n<div><span><b>Timestamp:</b></span><br/><span>2026-05-21 19:31:47 UTC<br/>2026-05-21 19:31:50 UTC</span></div>\n</div>"},"stroke-opacity":1,"stroke":"#ff0000","stroke-width":2}},{"type":"Feature","geometry":{"type":"LineString","coordinates":[[10.057907,50.910179,8359.14],[10.06424,50.912506,8374.38]]},"properties":{"name":"P-131","description":{"@type":"html","value":"<div><div><span><b>Altitude:</b></span> <span>27,425 ft - 27,475 ft</span></div>\n<div><span><b>Speed:</b></span> <span>436 kt</span></div>\n<div><span><b>Timestamp:</b></span><br/><span>2026-05-21 19:31:50 UTC<br/>2026-05-21 19:31:52 UTC</span></div>\n</div>"},"stroke-opacity":1,"stroke":"#ff0000","stroke-width":2}},{"type":"Feature","geometry":{"type":"LineString","coordinates":[[10.06424,50.912506,8374.38],[10.069786,50.914536,8389.62]]},"properties":{"name":"P-132","description":{"@type":"html","value":"<div><div><span><b>Altitude:</b></span> <span>27,475 ft - 27,525 ft</span></div>\n<div><span><b>Speed:</b></span> <span>436 kt - 437 kt</span></div>\n<div><span><b>Timestamp:</b></span><br/><span>2026-05-21 19:31:52 UTC<br/>2026-05-21 19:31:54 UTC</span></div>\n</div>"},"stroke-opacity":1,"stroke":"#ff0000","stroke-width":2}},{"type":"Feature","geometry":{"type":"LineString","coordinates":[[10.069786,50.914536,8389.62],[10.076218,50.916836,8404.86]]},"properties":{"name":"P-133","description":{"@type":"html","value":"<div><div><span><b>Altitude:</b></span> <span>27,525 ft - 27,575 ft</span></div>\n<div><span><b>Speed:</b></span> <span>437 kt</span></div>\n<div><span><b>Timestamp:</b></span><br/><span>2026-05-21 19:31:54 UTC<br/>2026-05-21 19:31:56 UTC</span></div>\n</div>"},"stroke-opacity":1,"stroke":"#ff0000","stroke-width":2}},{"type":"Feature","geometry":{"type":"LineString","coordinates":[[10.076218,50.916836,8404.86],[10.080948,50.91851,8412.48]]},"properties":{"name":"P-134","description":{"@type":"html","value":"<div><div><span><b>Altitude:</b></span> <span>27,575 ft - 27,600 ft</span></div>\n<div><span><b>Speed:</b></span> <span>437 kt</span></div>\n<div><span><b>Timestamp:</b></span><br/><span>2026-05-21 19:31:56 UTC<br/>2026-05-21 19:31:58 UTC</span></div>\n</div>"},"stroke-opacity":1,"stroke":"#ff0000","stroke-width":2}},{"type":"Feature","geometry":{"type":"LineString","coordinates":[[10.080948,50.91851,8412.48],[10.168292,50.949509,8618.22]]},"properties":{"name":"P-135","description":{"@type":"html","value":"<div><div><span><b>Altitude:</b></span> <span>27,600 ft - 28,275 ft</span></div>\n<div><span><b>Speed:</b></span> <span>437 kt - 442 kt</span></div>\n<div><span><b>Timestamp:</b></span><br/><span>2026-05-21 19:31:58 UTC<br/>2026-05-21 19:32:29 UTC</span></div>\n</div>"},"stroke-opacity":1,"stroke":"#ff0000","stroke-width":2}},{"type":"Feature","geometry":{"type":"LineString","coordinates":[[10.168292,50.949509,8618.22],[10.260191,50.98201,8793.48]]},"properties":{"name":"P-136","description":{"@type":"html","value":"<div><div><span><b>Altitude:</b></span> <span>28,275 ft - 28,850 ft</span></div>\n<div><span><b>Speed:</b></span> <span>442 kt - 446 kt</span></div>\n<div><span><b>Timestamp:</b></span><br/><span>2026-05-21 19:32:29 UTC<br/>2026-05-21 19:33:01 UTC</span></div>\n</div>"},"stroke-opacity":1,"stroke":"#ff0024","stroke-width":2}},{"type":"Feature","geometry":{"type":"LineString","coordinates":[[10.260191,50.98201,8793.48],[10.352859,51.014549,8976.36]]},"properties":{"name":"P-137","description":{"@type":"html","value":"<div><div><span><b>Altitude:</b></span> <span>28,850 ft - 29,450 ft</span></div>\n<div><span><b>Speed:</b></span> <span>446 kt - 449 kt</span></div>\n<div><span><b>Timestamp:</b></span><br/><span>2026-05-21 19:33:01 UTC<br/>2026-05-21 19:33:33 UTC</span></div>\n</div>"},"stroke-opacity":1,"stroke":"#ff0024","stroke-width":2}},{"type":"Feature","geometry":{"type":"LineString","coordinates":[[10.352859,51.014549,8976.36],[10.445328,51.046997,9128.76]]},"properties":{"name":"P-138","description":{"@type":"html","value":"<div><div><span><b>Altitude:</b></span> <span>29,450 ft - 29,950 ft</span></div>\n<div><span><b>Speed:</b></span> <span>449 kt - 455 kt</span></div>\n<div><span><b>Timestamp:</b></span><br/><span>2026-05-21 19:33:33 UTC<br/>2026-05-21 19:34:06 UTC</span></div>\n</div>"},"stroke-opacity":1,"stroke":"#ff0024","stroke-width":2}},{"type":"Feature","geometry":{"type":"LineString","coordinates":[[10.445328,51.046997,9128.76],[10.539823,51.079971,9311.64]]},"properties":{"name":"P-139","description":{"@type":"html","value":"<div><div><span><b>Altitude:</b></span> <span>29,950 ft - 30,550 ft</span></div>\n<div><span><b>Speed:</b></span> <span>455 kt - 456 kt</span></div>\n<div><span><b>Timestamp:</b></span><br/><span>2026-05-21 19:34:06 UTC<br/>2026-05-21 19:34:37 UTC</span></div>\n</div>"},"stroke-opacity":1,"stroke":"#ff0036","stroke-width":2}},{"type":"Feature","geometry":{"type":"LineString","coordinates":[[10.539823,51.079971,9311.64],[10.633545,51.112541,9456.42]]},"properties":{"name":"P-140","description":{"@type":"html","value":"<div><div><span><b>Altitude:</b></span> <span>30,550 ft - 31,025 ft</span></div>\n<div><span><b>Speed:</b></span> <span>456 kt - 460 kt</span></div>\n<div><span><b>Timestamp:</b></span><br/><span>2026-05-21 19:34:37 UTC<br/>2026-05-21 19:35:09 UTC</span></div>\n</div>"},"stroke-opacity":1,"stroke":"#ff0036","stroke-width":2}},{"type":"Feature","geometry":{"type":"LineString","coordinates":[[10.633545,51.112541,9456.42],[10.726547,51.144711,9631.68]]},"properties":{"name":"P-141","description":{"@type":"html","value":"<div><div><span><b>Altitude:</b></span> <span>31,025 ft - 31,600 ft</span></div>\n<div><span><b>Speed:</b></span> <span>460 kt - 461 kt</span></div>\n<div><span><b>Timestamp:</b></span><br/><span>2026-05-21 19:35:09 UTC<br/>2026-05-21 19:35:41 UTC</span></div>\n</div>"},"stroke-opacity":1,"stroke":"#ff0036","stroke-width":2}},{"type":"Feature","geometry":{"type":"LineString","coordinates":[[10.726547,51.144711,9631.68],[10.820123,51.176971,9867.9]]},"properties":{"name":"P-142","description":{"@type":"html","value":"<div><div><span><b>Altitude:</b></span> <span>31,600 ft - 32,375 ft</span></div>\n<div><span><b>Speed:</b></span> <span>461 kt - 458 kt</span></div>\n<div><span><b>Timestamp:</b></span><br/><span>2026-05-21 19:35:41 UTC<br/>2026-05-21 19:36:13 UTC</span></div>\n</div>"},"stroke-opacity":1,"stroke":"#ff004e","stroke-width":2}},{"type":"Feature","geometry":{"type":"LineString","coordinates":[[10.820123,51.176971,9867.9],[10.913655,51.209244,10043.16]]},"properties":{"name":"P-143","description":{"@type":"html","value":"<div><div><span><b>Altitude:</b></span> <span>32,375 ft - 32,950 ft</span></div>\n<div><span><b>Speed:</b></span> <span>458 kt - 457 kt</span></div>\n<div><span><b>Timestamp:</b></span><br/><span>2026-05-21 19:36:13 UTC<br/>2026-05-21 19:36:44 UTC</span></div>\n</div>"},"stroke-opacity":1,"stroke":"#ff004e","stroke-width":2}},{"type":"Feature","geometry":{"type":"LineString","coordinates":[[10.913655,51.209244,10043.16],[11.00741,51.241287,10226.04]]},"properties":{"name":"P-144","description":{"@type":"html","value":"<div><div><span><b>Altitude:</b></span> <span>32,950 ft - 33,550 ft</span></div>\n<div><span><b>Speed:</b></span> <span>457 kt</span></div>\n<div><span><b>Timestamp:</b></span><br/><span>2026-05-21 19:36:44 UTC<br/>2026-05-21 19:37:16 UTC</span></div>\n</div>"},"stroke-opacity":1,"stroke":"#ff0060","stroke-width":2}},{"type":"Feature","geometry":{"type":"LineString","coordinates":[[11.00741,51.241287,10226.04],[11.101913,51.273518,10431.78]]},"properties":{"name":"P-145","description":{"@type":"html","value":"<div><div><span><b>Altitude:</b></span> <span>33,550 ft - 34,225 ft</span></div>\n<div><span><b>Speed:</b></span> <span>457 kt - 454 kt</span></div>\n<div><span><b>Timestamp:</b></span><br/><span>2026-05-21 19:37:16 UTC<br/>2026-05-21 19:37:48 UTC</span></div>\n</div>"},"stroke-opacity":1,"stroke":"#ff0060","stroke-width":2}},{"type":"Feature","geometry":{"type":"LineString","coordinates":[[11.101913,51.273518,10431.78],[11.194458,51.304943,10675.62]]},"properties":{"name":"P-146","description":{"@type":"html","value":"<div><div><span><b>Altitude:</b></span> <span>34,225 ft - 35,025 ft</span></div>\n<div><span><b>Speed:</b></span> <span>454 kt - 445 kt</span></div>\n<div><span><b>Timestamp:</b></span><br/><span>2026-05-21 19:37:48 UTC<br/>2026-05-21 19:38:20 UTC</span></div>\n</div>"},"stroke-opacity":1,"stroke":"#ff0060","stroke-width":2}},{"type":"Feature","geometry":{"type":"LineString","coordinates":[[11.194458,51.304943,10675.62],[11.287932,51.336594,10805.16]]},"properties":{"name":"P-147","description":{"@type":"html","value":"<div><div><span><b>Altitude:</b></span> <span>35,025 ft - 35,450 ft</span></div>\n<div><span><b>Speed:</b></span> <span>445 kt - 447 kt</span></div>\n<div><span><b>Timestamp:</b></span><br/><span>2026-05-21 19:38:20 UTC<br/>2026-05-21 19:38:52 UTC</span></div>\n</div>"},"stroke-opacity":1,"stroke":"#ff0078","stroke-width":2}},{"type":"Feature","geometry":{"type":"LineString","coordinates":[[11.287932,51.336594,10805.16],[11.379318,51.367508,10965.18]]},"properties":{"name":"P-148","description":{"@type":"html","value":"<div><div><span><b>Altitude:</b></span> <span>35,450 ft - 35,975 ft</span></div>\n<div><span><b>Speed:</b></span> <span>447 kt - 445 kt</span></div>\n<div><span><b>Timestamp:</b></span><br/><span>2026-05-21 19:38:52 UTC<br/>2026-05-21 19:39:24 UTC</span></div>\n</div>"},"stroke-opacity":1,"stroke":"#ff0078","stroke-width":2}},{"type":"Feature","geometry":{"type":"LineString","coordinates":[[11.379318,51.367508,10965.18],[11.472102,51.398666,11132.82]]},"properties":{"name":"P-149","description":{"@type":"html","value":"<div><div><span><b>Altitude:</b></span> <span>35,975 ft - 36,525 ft</span></div>\n<div><span><b>Speed:</b></span> <span>445 kt - 442 kt</span></div>\n<div><span><b>Timestamp:</b></span><br/><span>2026-05-21 19:39:24 UTC<br/>2026-05-21 19:39:56 UTC</span></div>\n</div>"},"stroke-opacity":1,"stroke":"#ff0078","stroke-width":2}},{"type":"Feature","geometry":{"type":"LineString","coordinates":[[11.472102,51.398666,11132.82],[11.560364,51.428211,11269.98]]},"properties":{"name":"P-150","description":{"@type":"html","value":"<div><div><span><b>Altitude:</b></span> <span>36,525 ft - 36,975 ft</span></div>\n<div><span><b>Speed:</b></span> <span>442 kt - 439 kt</span></div>\n<div><span><b>Timestamp:</b></span><br/><span>2026-05-21 19:39:56 UTC<br/>2026-05-21 19:40:27 UTC</span></div>\n</div>"},"stroke-opacity":1,"stroke":"#ff0096","stroke-width":2}},{"type":"Feature","geometry":{"type":"LineString","coordinates":[[11.560364,51.428211,11269.98],[11.650778,51.458405,11277.6]]},"properties":{"name":"P-151","description":{"@type":"html","value":"<div><div><span><b>Altitude:</b></span> <span>36,975 ft - 37,000 ft</span></div>\n<div><span><b>Speed:</b></span> <span>439 kt - 444 kt</span></div>\n<div><span><b>Timestamp:</b></span><br/><span>2026-05-21 19:40:27 UTC<br/>2026-05-21 19:40:58 UTC</span></div>\n</div>"},"stroke-opacity":1,"stroke":"#ff0096","stroke-width":2}},{"type":"Feature","geometry":{"type":"LineString","coordinates":[[11.650778,51.458405,11277.6],[11.742477,51.488823,11277.6]]},"properties":{"name":"P-152","description":{"@type":"html","value":"<div><div><span><b>Altitude:</b></span> <span>37,000 ft</span></div>\n<div><span><b>Speed:</b></span> <span>444 kt - 443 kt</span></div>\n<div><span><b>Timestamp:</b></span><br/><span>2026-05-21 19:40:58 UTC<br/>2026-05-21 19:41:30 UTC</span></div>\n</div>"},"stroke-opacity":1,"stroke":"#ff0096","stroke-width":2}},{"type":"Feature","geometry":{"type":"LineString","coordinates":[[11.742477,51.488823,11277.6],[11.832572,51.518692,11277.6]]},"properties":{"name":"P-153","description":{"@type":"html","value":"<div><div><span><b>Altitude:</b></span> <span>37,000 ft</span></div>\n<div><span><b>Speed:</b></span> <span>443 kt - 444 kt</span></div>\n<div><span><b>Timestamp:</b></span><br/><span>2026-05-21 19:41:30 UTC<br/>2026-05-21 19:42:01 UTC</span></div>\n</div>"},"stroke-opacity":1,"stroke":"#ff0096","stroke-width":2}},{"type":"Feature","geometry":{"type":"LineString","coordinates":[[11.832572,51.518692,11277.6],[11.922542,51.548309,11285.22]]},"properties":{"name":"P-154","description":{"@type":"html","value":"<div><div><span><b>Altitude:</b></span> <span>37,000 ft - 37,025 ft</span></div>\n<div><span><b>Speed:</b></span> <span>444 kt - 441 kt</span></div>\n<div><span><b>Timestamp:</b></span><br/><span>2026-05-21 19:42:01 UTC<br/>2026-05-21 19:42:32 UTC</span></div>\n</div>"},"stroke-opacity":1,"stroke":"#ff0096","stroke-width":2}},{"type":"Feature","geometry":{"type":"LineString","coordinates":[[11.922542,51.548309,11285.22],[12.015109,51.578842,11277.6]]},"properties":{"name":"P-155","description":{"@type":"html","value":"<div><div><span><b>Altitude:</b></span> <span>37,025 ft - 37,000 ft</span></div>\n<div><span><b>Speed:</b></span> <span>441 kt - 440 kt</span></div>\n<div><span><b>Timestamp:</b></span><br/><span>2026-05-21 19:42:32 UTC<br/>2026-05-21 19:43:04 UTC</span></div>\n</div>"},"stroke-opacity":1,"stroke":"#ff0096","stroke-width":2}},{"type":"Feature","geometry":{"type":"LineString","coordinates":[[12.015109,51.578842,11277.6],[12.102509,51.607487,11269.98]]},"properties":{"name":"P-156","description":{"@type":"html","value":"<div><div><span><b>Altitude:</b></span> <span>37,000 ft - 36,975 ft</span></div>\n<div><span><b>Speed:</b></span> <span>440 kt</span></div>\n<div><span><b>Timestamp:</b></span><br/><span>2026-05-21 19:43:04 UTC<br/>2026-05-21 19:43:35 UTC</span></div>\n</div>"},"stroke-opacity":1,"stroke":"#ff0096","stroke-width":2}},{"type":"Feature","geometry":{"type":"LineString","coordinates":[[12.102509,51.607487,11269.98],[12.197952,51.63863,11277.6]]},"properties":{"name":"P-157","description":{"@type":"html","value":"<div><div><span><b>Altitude:</b></span> <span>36,975 ft - 37,000 ft</span></div>\n<div><span><b>Speed:</b></span> <span>440 kt</span></div>\n<div><span><b>Timestamp:</b></span><br/><span>2026-05-21 19:43:35 UTC<br/>2026-05-21 19:44:08 UTC</span></div>\n</div>"},"stroke-opacity":1,"stroke":"#ff0096","stroke-width":2}},{"type":"Feature","geometry":{"type":"LineString","coordinates":[[12.197952,51.63863,11277.6],[12.288653,51.668106,11269.98]]},"properties":{"name":"P-158","description":{"@type":"html","value":"<div><div><span><b>Altitude:</b></span> <span>37,000 ft - 36,975 ft</span></div>\n<div><span><b>Speed:</b></span> <span>440 kt - 441 kt</span></div>\n<div><span><b>Timestamp:</b></span><br/><span>2026-05-21 19:44:08 UTC<br/>2026-05-21 19:44:39 UTC</span></div>\n</div>"},"stroke-opacity":1,"stroke":"#ff0096","stroke-width":2}},{"type":"Feature","geometry":{"type":"LineString","coordinates":[[12.288653,51.668106,11269.98],[12.378235,51.697189,11269.98]]},"properties":{"name":"P-159","description":{"@type":"html","value":"<div><div><span><b>Altitude:</b></span> <span>36,975 ft</span></div>\n<div><span><b>Speed:</b></span> <span>441 kt - 442 kt</span></div>\n<div><span><b>Timestamp:</b></span><br/><span>2026-05-21 19:44:39 UTC<br/>2026-05-21 19:45:10 UTC</span></div>\n</div>"},"stroke-opacity":1,"stroke":"#ff0096","stroke-width":2}},{"type":"Feature","geometry":{"type":"LineString","coordinates":[[12.378235,51.697189,11269.98],[12.47156,51.727341,11277.6]]},"properties":{"name":"P-160","description":{"@type":"html","value":"<div><div><span><b>Altitude:</b></span> <span>36,975 ft - 37,000 ft</span></div>\n<div><span><b>Speed:</b></span> <span>442 kt - 444 kt</span></div>\n<div><span><b>Timestamp:</b></span><br/><span>2026-05-21 19:45:10 UTC<br/>2026-05-21 19:45:42 UTC</span></div>\n</div>"},"stroke-opacity":1,"stroke":"#ff0096","stroke-width":2}},{"type":"Feature","geometry":{"type":"LineString","coordinates":[[12.47156,51.727341,11277.6],[12.562198,51.756592,11277.6]]},"properties":{"name":"P-161","description":{"@type":"html","value":"<div><div><span><b>Altitude:</b></span> <span>37,000 ft</span></div>\n<div><span><b>Speed:</b></span> <span>444 kt - 446 kt</span></div>\n<div><span><b>Timestamp:</b></span><br/><span>2026-05-21 19:45:42 UTC<br/>2026-05-21 19:46:13 UTC</span></div>\n</div>"},"stroke-opacity":1,"stroke":"#ff0096","stroke-width":2}},{"type":"Feature","geometry":{"type":"LineString","coordinates":[[12.562198,51.756592,11277.6],[12.655716,51.786572,11285.22]]},"properties":{"name":"P-162","description":{"@type":"html","value":"<div><div><span><b>Altitude:</b></span> <span>37,000 ft - 37,025 ft</span></div>\n<div><span><b>Speed:</b></span> <span>446 kt - 445 kt</span></div>\n<div><span><b>Timestamp:</b></span><br/><span>2026-05-21 19:46:13 UTC<br/>2026-05-21 19:46:44 UTC</span></div>\n</div>"},"stroke-opacity":1,"stroke":"#ff0096","stroke-width":2}},{"type":"Feature","geometry":{"type":"LineString","coordinates":[[12.655716,51.786572,11285.22],[12.751415,51.8172,11285.22]]},"properties":{"name":"P-163","description":{"@type":"html","value":"<div><div><span><b>Altitude:</b></span> <span>37,025 ft</span></div>\n<div><span><b>Speed:</b></span> <span>445 kt</span></div>\n<div><span><b>Timestamp:</b></span><br/><span>2026-05-21 19:46:44 UTC<br/>2026-05-21 19:47:17 UTC</span></div>\n</div>"},"stroke-opacity":1,"stroke":"#ff0096","stroke-width":2}},{"type":"Feature","geometry":{"type":"LineString","coordinates":[[12.751415,51.8172,11285.22],[12.843704,51.846577,11285.22]]},"properties":{"name":"P-164","description":{"@type":"html","value":"<div><div><span><b>Altitude:</b></span> <span>37,025 ft</span></div>\n<div><span><b>Speed:</b></span> <span>445 kt</span></div>\n<div><span><b>Timestamp:</b></span><br/><span>2026-05-21 19:47:17 UTC<br/>2026-05-21 19:47:48 UTC</span></div>\n</div>"},"stroke-opacity":1,"stroke":"#ff0096","stroke-width":2}},{"type":"Feature","geometry":{"type":"LineString","coordinates":[[12.843704,51.846577,11285.22],[12.938479,51.876617,11277.6]]},"properties":{"name":"P-165","description":{"@type":"html","value":"<div><div><span><b>Altitude:</b></span> <span>37,025 ft - 37,000 ft</span></div>\n<div><span><b>Speed:</b></span> <span>445 kt</span></div>\n<div><span><b>Timestamp:</b></span><br/><span>2026-05-21 19:47:48 UTC<br/>2026-05-21 19:48:20 UTC</span></div>\n</div>"},"stroke-opacity":1,"stroke":"#ff0096","stroke-width":2}},{"type":"Feature","geometry":{"type":"LineString","coordinates":[[12.938479,51.876617,11277.6],[13.030726,51.905697,11277.6]]},"properties":{"name":"P-166","description":{"@type":"html","value":"<div><div><span><b>Altitude:</b></span> <span>37,000 ft</span></div>\n<div><span><b>Speed:</b></span> <span>445 kt - 446 kt</span></div>\n<div><span><b>Timestamp:</b></span><br/><span>2026-05-21 19:48:20 UTC<br/>2026-05-21 19:48:51 UTC</span></div>\n</div>"},"stroke-opacity":1,"stroke":"#ff0096","stroke-width":2}},{"type":"Feature","geometry":{"type":"LineString","coordinates":[[13.030726,51.905697,11277.6],[13.123703,51.934891,11269.98]]},"properties":{"name":"P-167","description":{"@type":"html","value":"<div><div><span><b>Altitude:</b></span> <span>37,000 ft - 36,975 ft</span></div>\n<div><span><b>Speed:</b></span> <span>446 kt - 448 kt</span></div>\n<div><span><b>Timestamp:</b></span><br/><span>2026-05-21 19:48:51 UTC<br/>2026-05-21 19:49:23 UTC</span></div>\n</div>"},"stroke-opacity":1,"stroke":"#ff0096","stroke-width":2}},{"type":"Feature","geometry":{"type":"LineString","coordinates":[[13.123703,51.934891,11269.98],[13.218918,51.9646,11285.22]]},"properties":{"name":"P-168","description":{"@type":"html","value":"<div><div><span><b>Altitude:</b></span> <span>36,975 ft - 37,025 ft</span></div>\n<div><span><b>Speed:</b></span> <span>448 kt - 449 kt</span></div>\n<div><span><b>Timestamp:</b></span><br/><span>2026-05-21 19:49:23 UTC<br/>2026-05-21 19:49:54 UTC</span></div>\n</div>"},"stroke-opacity":1,"stroke":"#ff0096","stroke-width":2}},{"type":"Feature","geometry":{"type":"LineString","coordinates":[[13.218918,51.9646,11285.22],[13.314331,51.994381,11224.26]]},"properties":{"name":"P-169","description":{"@type":"html","value":"<div><div><span><b>Altitude:</b></span> <span>37,025 ft - 36,825 ft</span></div>\n<div><span><b>Speed:</b></span> <span>449 kt - 448 kt</span></div>\n<div><span><b>Timestamp:</b></span><br/><span>2026-05-21 19:49:54 UTC<br/>2026-05-21 19:50:26 UTC</span></div>\n</div>"},"stroke-opacity":1,"stroke":"#ff0096","stroke-width":2}},{"type":"Feature","geometry":{"type":"LineString","coordinates":[[13.314331,51.994381,11224.26],[13.405675,52.022686,11148.06]]},"properties":{"name":"P-170","description":{"@type":"html","value":"<div><div><span><b>Altitude:</b></span> <span>36,825 ft - 36,575 ft</span></div>\n<div><span><b>Speed:</b></span> <span>448 kt - 444 kt</span></div>\n<div><span><b>Timestamp:</b></span><br/><span>2026-05-21 19:50:26 UTC<br/>2026-05-21 19:50:57 UTC</span></div>\n</div>"},"stroke-opacity":1,"stroke":"#ff0096","stroke-width":2}},{"type":"Feature","geometry":{"type":"LineString","coordinates":[[13.405675,52.022686,11148.06],[13.498901,52.051685,11056.62]]},"properties":{"name":"P-171","description":{"@type":"html","value":"<div><div><span><b>Altitude:</b></span> <span>36,575 ft - 36,275 ft</span></div>\n<div><span><b>Speed:</b></span> <span>444 kt</span></div>\n<div><span><b>Timestamp:</b></span><br/><span>2026-05-21 19:50:57 UTC<br/>2026-05-21 19:51:28 UTC</span></div>\n</div>"},"stroke-opacity":1,"stroke":"#ff0096","stroke-width":2}},{"type":"Feature","geometry":{"type":"LineString","coordinates":[[13.498901,52.051685,11056.62],[13.594513,52.081055,10942.32]]},"properties":{"name":"P-172","description":{"@type":"html","value":"<div><div><span><b>Altitude:</b></span> <span>36,275 ft - 35,900 ft</span></div>\n<div><span><b>Speed:</b></span> <span>444 kt - 441 kt</span></div>\n<div><span><b>Timestamp:</b></span><br/><span>2026-05-21 19:51:28 UTC<br/>2026-05-21 19:52:00 UTC</span></div>\n</div>"},"stroke-opacity":1,"stroke":"#ff0096","stroke-width":2}},{"type":"Feature","geometry":{"type":"LineString","coordinates":[[13.594513,52.081055,10942.32],[13.686689,52.109409,10843.26]]},"properties":{"name":"P-173","description":{"@type":"html","value":"<div><div><span><b>Altitude:</b></span> <span>35,900 ft - 35,575 ft</span></div>\n<div><span><b>Speed:</b></span> <span>441 kt - 439 kt</span></div>\n<div><span><b>Timestamp:</b></span><br/><span>2026-05-21 19:52:00 UTC<br/>2026-05-21 19:52:32 UTC</span></div>\n</div>"},"stroke-opacity":1,"stroke":"#ff0078","stroke-width":2}},{"type":"Feature","geometry":{"type":"LineString","coordinates":[[13.686689,52.109409,10843.26],[13.780073,52.138088,10728.96]]},"properties":{"name":"P-174","description":{"@type":"html","value":"<div><div><span><b>Altitude:</b></span> <span>35,575 ft - 35,200 ft</span></div>\n<div><span><b>Speed:</b></span> <span>439 kt - 442 kt</span></div>\n<div><span><b>Timestamp:</b></span><br/><span>2026-05-21 19:52:32 UTC<br/>2026-05-21 19:53:03 UTC</span></div>\n</div>"},"stroke-opacity":1,"stroke":"#ff0078","stroke-width":2}},{"type":"Feature","geometry":{"type":"LineString","coordinates":[[13.780073,52.138088,10728.96],[13.873978,52.166702,10622.28]]},"properties":{"name":"P-175","description":{"@type":"html","value":"<div><div><span><b>Altitude:</b></span> <span>35,200 ft - 34,850 ft</span></div>\n<div><span><b>Speed:</b></span> <span>442 kt - 444 kt</span></div>\n<div><span><b>Timestamp:</b></span><br/><span>2026-05-21 19:53:03 UTC<br/>2026-05-21 19:53:35 UTC</span></div>\n</div>"},"stroke-opacity":1,"stroke":"#ff0078","stroke-width":2}},{"type":"Feature","geometry":{"type":"LineString","coordinates":[[13.873978,52.166702,10622.28],[13.969666,52.195812,10507.98]]},"properties":{"name":"P-176","description":{"@type":"html","value":"<div><div><span><b>Altitude:</b></span> <span>34,850 ft - 34,475 ft</span></div>\n<div><span><b>Speed:</b></span> <span>444 kt - 447 kt</span></div>\n<div><span><b>Timestamp:</b></span><br/><span>2026-05-21 19:53:35 UTC<br/>2026-05-21 19:54:06 UTC</span></div>\n</div>"},"stroke-opacity":1,"stroke":"#ff0078","stroke-width":2}},{"type":"Feature","geometry":{"type":"LineString","coordinates":[[13.969666,52.195812,10507.98],[14.064865,52.224609,10386.06]]},"properties":{"name":"P-177","description":{"@type":"html","value":"<div><div><span><b>Altitude:</b></span> <span>34,475 ft - 34,075 ft</span></div>\n<div><span><b>Speed:</b></span> <span>447 kt - 449 kt</span></div>\n<div><span><b>Timestamp:</b></span><br/><span>2026-05-21 19:54:06 UTC<br/>2026-05-21 19:54:38 UTC</span></div>\n</div>"},"stroke-opacity":1,"stroke":"#ff0078","stroke-width":2}},{"type":"Feature","geometry":{"type":"LineString","coordinates":[[14.064865,52.224609,10386.06],[14.160614,52.253448,10172.7]]},"properties":{"name":"P-178","description":{"@type":"html","value":"<div><div><span><b>Altitude:</b></span> <span>34,075 ft - 33,375 ft</span></div>\n<div><span><b>Speed:</b></span> <span>449 kt - 448 kt</span></div>\n<div><span><b>Timestamp:</b></span><br/><span>2026-05-21 19:54:38 UTC<br/>2026-05-21 19:55:10 UTC</span></div>\n</div>"},"stroke-opacity":1,"stroke":"#ff0060","stroke-width":2}},{"type":"Feature","geometry":{"type":"LineString","coordinates":[[14.160614,52.253448,10172.7],[14.256017,52.28212,9966.96]]},"properties":{"name":"P-179","description":{"@type":"html","value":"<div><div><span><b>Altitude:</b></span> <span>33,375 ft - 32,700 ft</span></div>\n<div><span><b>Speed:</b></span> <span>448 kt - 445 kt</span></div>\n<div><span><b>Timestamp:</b></span><br/><span>2026-05-21 19:55:10 UTC<br/>2026-05-21 19:55:42 UTC</span></div>\n</div>"},"stroke-opacity":1,"stroke":"#ff0060","stroke-width":2}},{"type":"Feature","geometry":{"type":"LineString","coordinates":[[14.256017,52.28212,9966.96],[14.347229,52.309433,9730.74]]},"properties":{"name":"P-180","description":{"@type":"html","value":"<div><div><span><b>Altitude:</b></span> <span>32,700 ft - 31,925 ft</span></div>\n<div><span><b>Speed:</b></span> <span>445 kt - 446 kt</span></div>\n<div><span><b>Timestamp:</b></span><br/><span>2026-05-21 19:55:42 UTC<br/>2026-05-21 19:56:12 UTC</span></div>\n</div>"},"stroke-opacity":1,"stroke":"#ff004e","stroke-width":2}},{"type":"Feature","geometry":{"type":"LineString","coordinates":[[14.347229,52.309433,9730.74],[14.441452,52.337448,9410.7]]},"properties":{"name":"P-181","description":{"@type":"html","value":"<div><div><span><b>Altitude:</b></span> <span>31,925 ft - 30,875 ft</span></div>\n<div><span><b>Speed:</b></span> <span>446 kt - 440 kt</span></div>\n<div><span><b>Timestamp:</b></span><br/><span>2026-05-21 19:56:12 UTC<br/>2026-05-21 19:56:43 UTC</span></div>\n</div>"},"stroke-opacity":1,"stroke":"#ff004e","stroke-width":2}},{"type":"Feature","geometry":{"type":"LineString","coordinates":[[14.441452,52.337448,9410.7],[14.537964,52.361984,9075.42]]},"properties":{"name":"P-182","description":{"@type":"html","value":"<div><div><span><b>Altitude:</b></span> <span>30,875 ft - 29,775 ft</span></div>\n<div><span><b>Speed:</b></span> <span>440 kt</span></div>\n<div><span><b>Timestamp:</b></span><br/><span>2026-05-21 19:56:43 UTC<br/>2026-05-21 19:57:15 UTC</span></div>\n</div>"},"stroke-opacity":1,"stroke":"#ff0036","stroke-width":2}},{"type":"Feature","geometry":{"type":"LineString","coordinates":[[14.537964,52.361984,9075.42],[14.558334,52.365601,9022.08]]},"properties":{"name":"P-183","description":{"@type":"html","value":"<div><div><span><b>Altitude:</b></span> <span>29,775 ft - 29,600 ft</span></div>\n<div><span><b>Speed:</b></span> <span>440 kt</span></div>\n<div><span><b>Timestamp:</b></span><br/><span>2026-05-21 19:57:15 UTC<br/>2026-05-21 19:57:21 UTC</span></div>\n</div>"},"stroke-opacity":1,"stroke":"#ff0036","stroke-width":2}},{"type":"Feature","geometry":{"type":"LineString","coordinates":[[14.558334,52.365601,9022.08],[14.564733,52.366657,9006.84]]},"properties":{"name":"P-184","description":{"@type":"html","value":"<div><div><span><b>Altitude:</b></span> <span>29,600 ft - 29,550 ft</span></div>\n<div><span><b>Speed:</b></span> <span>440 kt</span></div>\n<div><span><b>Timestamp:</b></span><br/><span>2026-05-21 19:57:21 UTC<br/>2026-05-21 19:57:23 UTC</span></div>\n</div>"},"stroke-opacity":1,"stroke":"#ff0036","stroke-width":2}},{"type":"Feature","geometry":{"type":"LineString","coordinates":[[14.564733,52.366657,9006.84],[14.571533,52.367661,8983.98]]},"properties":{"name":"P-185","description":{"@type":"html","value":"<div><div><span><b>Altitude:</b></span> <span>29,550 ft - 29,475 ft</span></div>\n<div><span><b>Speed:</b></span> <span>440 kt</span></div>\n<div><span><b>Timestamp:</b></span><br/><span>2026-05-21 19:57:23 UTC<br/>2026-05-21 19:57:25 UTC</span></div>\n</div>"},"stroke-opacity":1,"stroke":"#ff0036","stroke-width":2}},{"type":"Feature","geometry":{"type":"LineString","coordinates":[[14.571533,52.367661,8983.98],[14.576738,52.368427,8968.74]]},"properties":{"name":"P-186","description":{"@type":"html","value":"<div><div><span><b>Altitude:</b></span> <span>29,475 ft - 29,425 ft</span></div>\n<div><span><b>Speed:</b></span> <span>440 kt</span></div>\n<div><span><b>Timestamp:</b></span><br/><span>2026-05-21 19:57:25 UTC<br/>2026-05-21 19:57:27 UTC</span></div>\n</div>"},"stroke-opacity":1,"stroke":"#ff0024","stroke-width":2}},{"type":"Feature","geometry":{"type":"LineString","coordinates":[[14.576738,52.368427,8968.74],[14.583511,52.3694,8953.5]]},"properties":{"name":"P-187","description":{"@type":"html","value":"<div><div><span><b>Altitude:</b></span> <span>29,425 ft - 29,375 ft</span></div>\n<div><span><b>Speed:</b></span> <span>440 kt - 441 kt</span></div>\n<div><span><b>Timestamp:</b></span><br/><span>2026-05-21 19:57:27 UTC<br/>2026-05-21 19:57:29 UTC</span></div>\n</div>"},"stroke-opacity":1,"stroke":"#ff0024","stroke-width":2}},{"type":"Feature","geometry":{"type":"LineString","coordinates":[[14.583511,52.3694,8953.5],[14.591334,52.370384,8930.64]]},"properties":{"name":"P-188","description":{"@type":"html","value":"<div><div><span><b>Altitude:</b></span> <span>29,375 ft - 29,300 ft</span></div>\n<div><span><b>Speed:</b></span> <span>441 kt</span></div>\n<div><span><b>Timestamp:</b></span><br/><span>2026-05-21 19:57:29 UTC<br/>2026-05-21 19:57:31 UTC</span></div>\n</div>"},"stroke-opacity":1,"stroke":"#ff0024","stroke-width":2}},{"type":"Feature","geometry":{"type":"LineString","coordinates":[[14.591334,52.370384,8930.64],[14.597855,52.37114,8915.4]]},"properties":{"name":"P-189","description":{"@type":"html","value":"<div><div><span><b>Altitude:</b></span> <span>29,300 ft - 29,250 ft</span></div>\n<div><span><b>Speed:</b></span> <span>441 kt</span></div>\n<div><span><b>Timestamp:</b></span><br/><span>2026-05-21 19:57:31 UTC<br/>2026-05-21 19:57:33 UTC</span></div>\n</div>"},"stroke-opacity":1,"stroke":"#ff0024","stroke-width":2}},{"type":"Feature","geometry":{"type":"LineString","coordinates":[[14.597855,52.37114,8915.4],[14.605713,52.372009,8900.16]]},"properties":{"name":"P-190","description":{"@type":"html","value":"<div><div><span><b>Altitude:</b></span> <span>29,250 ft - 29,200 ft</span></div>\n<div><span><b>Speed:</b></span> <span>441 kt</span></div>\n<div><span><b>Timestamp:</b></span><br/><span>2026-05-21 19:57:33 UTC<br/>2026-05-21 19:57:36 UTC</span></div>\n</div>"},"stroke-opacity":1,"stroke":"#ff0024","stroke-width":2}},{"type":"Feature","geometry":{"type":"LineString","coordinates":[[14.605713,52.372009,8900.16],[14.612579,52.372742,8884.92]]},"properties":{"name":"P-191","description":{"@type":"html","value":"<div><div><span><b>Altitude:</b></span> <span>29,200 ft - 29,150 ft</span></div>\n<div><span><b>Speed:</b></span> <span>441 kt</span></div>\n<div><span><b>Timestamp:</b></span><br/><span>2026-05-21 19:57:36 UTC<br/>2026-05-21 19:57:38 UTC</span></div>\n</div>"},"stroke-opacity":1,"stroke":"#ff0024","stroke-width":2}},{"type":"Feature","geometry":{"type":"LineString","coordinates":[[14.612579,52.372742,8884.92],[14.620448,52.373455,8877.3]]},"properties":{"name":"P-192","description":{"@type":"html","value":"<div><div><span><b>Altitude:</b></span> <span>29,150 ft - 29,125 ft</span></div>\n<div><span><b>Speed:</b></span> <span>441 kt</span></div>\n<div><span><b>Timestamp:</b></span><br/><span>2026-05-21 19:57:38 UTC<br/>2026-05-21 19:57:40 UTC</span></div>\n</div>"},"stroke-opacity":1,"stroke":"#ff0024","stroke-width":2}},{"type":"Feature","geometry":{"type":"LineString","coordinates":[[14.620448,52.373455,8877.3],[14.62704,52.373966,8862.06]]},"properties":{"name":"P-193","description":{"@type":"html","value":"<div><div><span><b>Altitude:</b></span> <span>29,125 ft - 29,075 ft</span></div>\n<div><span><b>Speed:</b></span> <span>441 kt - 440 kt</span></div>\n<div><span><b>Timestamp:</b></span><br/><span>2026-05-21 19:57:40 UTC<br/>2026-05-21 19:57:42 UTC</span></div>\n</div>"},"stroke-opacity":1,"stroke":"#ff0024","stroke-width":2}},{"type":"Feature","geometry":{"type":"LineString","coordinates":[[14.62704,52.373966,8862.06],[14.633636,52.374481,8862.06]]},"properties":{"name":"P-194","description":{"@type":"html","value":"<div><div><span><b>Altitude:</b></span> <span>29,075 ft</span></div>\n<div><span><b>Speed:</b></span> <span>440 kt</span></div>\n<div><span><b>Timestamp:</b></span><br/><span>2026-05-21 19:57:42 UTC<br/>2026-05-21 19:57:44 UTC</span></div>\n</div>"},"stroke-opacity":1,"stroke":"#ff0024","stroke-width":2}},{"type":"Feature","geometry":{"type":"LineString","coordinates":[[14.633636,52.374481,8862.06],[14.640579,52.374939,8854.44]]},"properties":{"name":"P-195","description":{"@type":"html","value":"<div><div><span><b>Altitude:</b></span> <span>29,075 ft - 29,050 ft</span></div>\n<div><span><b>Speed:</b></span> <span>440 kt</span></div>\n<div><span><b>Timestamp:</b></span><br/><span>2026-05-21 19:57:44 UTC<br/>2026-05-21 19:57:46 UTC</span></div>\n</div>"},"stroke-opacity":1,"stroke":"#ff0024","stroke-width":2}},{"type":"Feature","geometry":{"type":"LineString","coordinates":[[14.640579,52.374939,8854.44],[14.647217,52.375305,8854.44]]},"properties":{"name":"P-196","description":{"@type":"html","value":"<div><div><span><b>Altitude:</b></span> <span>29,050 ft</span></div>\n<div><span><b>Speed:</b></span> <span>440 kt - 441 kt</span></div>\n<div><span><b>Timestamp:</b></span><br/><span>2026-05-21 19:57:46 UTC<br/>2026-05-21 19:57:48 UTC</span></div>\n</div>"},"stroke-opacity":1,"stroke":"#ff0024","stroke-width":2}},{"type":"Feature","geometry":{"type":"LineString","coordinates":[[14.647217,52.375305,8854.44],[14.655457,52.375717,8846.82]]},"properties":{"name":"P-197","description":{"@type":"html","value":"<div><div><span><b>Altitude:</b></span> <span>29,050 ft - 29,025 ft</span></div>\n<div><span><b>Speed:</b></span> <span>441 kt - 440 kt</span></div>\n<div><span><b>Timestamp:</b></span><br/><span>2026-05-21 19:57:48 UTC<br/>2026-05-21 19:57:51 UTC</span></div>\n</div>"},"stroke-opacity":1,"stroke":"#ff0024","stroke-width":2}},{"type":"Feature","geometry":{"type":"LineString","coordinates":[[14.655457,52.375717,8846.82],[14.662745,52.376015,8846.82]]},"properties":{"name":"P-198","description":{"@type":"html","value":"<div><div><span><b>Altitude:</b></span> <span>29,025 ft</span></div>\n<div><span><b>Speed:</b></span> <span>440 kt - 441 kt</span></div>\n<div><span><b>Timestamp:</b></span><br/><span>2026-05-21 19:57:51 UTC<br/>2026-05-21 19:57:53 UTC</span></div>\n</div>"},"stroke-opacity":1,"stroke":"#ff0024","stroke-width":2}},{"type":"Feature","geometry":{"type":"LineString","coordinates":[[14.662745,52.376015,8846.82],[14.668788,52.376202,8839.2]]},"properties":{"name":"P-199","description":{"@type":"html","value":"<div><div><span><b>Altitude:</b></span> <span>29,025 ft - 29,000 ft</span></div>\n<div><span><b>Speed:</b></span> <span>441 kt</span></div>\n<div><span><b>Timestamp:</b></span><br/><span>2026-05-21 19:57:53 UTC<br/>2026-05-21 19:57:55 UTC</span></div>\n</div>"},"stroke-opacity":1,"stroke":"#ff0024","stroke-width":2}},{"type":"Feature","geometry":{"type":"LineString","coordinates":[[14.668788,52.376202,8839.2],[14.675446,52.376404,8839.2]]},"properties":{"name":"P-200","description":{"@type":"html","value":"<div><div><span><b>Altitude:</b></span> <span>29,000 ft</span></div>\n<div><span><b>Speed:</b></span> <span>441 kt - 442 kt</span></div>\n<div><span><b>Timestamp:</b></span><br/><span>2026-05-21 19:57:55 UTC<br/>2026-05-21 19:57:57 UTC</span></div>\n</div>"},"stroke-opacity":1,"stroke":"#ff0024","stroke-width":2}},{"type":"Feature","geometry":{"type":"LineString","coordinates":[[14.675446,52.376404,8839.2],[14.682388,52.376541,8839.2]]},"properties":{"name":"P-201","description":{"@type":"html","value":"<div><div><span><b>Altitude:</b></span> <span>29,000 ft</span></div>\n<div><span><b>Speed:</b></span> <span>442 kt</span></div>\n<div><span><b>Timestamp:</b></span><br/><span>2026-05-21 19:57:57 UTC<br/>2026-05-21 19:57:59 UTC</span></div>\n</div>"},"stroke-opacity":1,"stroke":"#ff0024","stroke-width":2}},{"type":"Feature","geometry":{"type":"LineString","coordinates":[[14.682388,52.376541,8839.2],[14.688799,52.376575,8839.2]]},"properties":{"name":"P-202","description":{"@type":"html","value":"<div><div><span><b>Altitude:</b></span> <span>29,000 ft</span></div>\n<div><span><b>Speed:</b></span> <span>442 kt</span></div>\n<div><span><b>Timestamp:</b></span><br/><span>2026-05-21 19:57:59 UTC<br/>2026-05-21 19:58:01 UTC</span></div>\n</div>"},"stroke-opacity":1,"stroke":"#ff0024","stroke-width":2}},{"type":"Feature","geometry":{"type":"LineString","coordinates":[[14.688799,52.376575,8839.2],[14.696411,52.376575,8839.2]]},"properties":{"name":"P-203","description":{"@type":"html","value":"<div><div><span><b>Altitude:</b></span> <span>29,000 ft</span></div>\n<div><span><b>Speed:</b></span> <span>442 kt - 444 kt</span></div>\n<div><span><b>Timestamp:</b></span><br/><span>2026-05-21 19:58:01 UTC<br/>2026-05-21 19:58:03 UTC</span></div>\n</div>"},"stroke-opacity":1,"stroke":"#ff0024","stroke-width":2}},{"type":"Feature","geometry":{"type":"LineString","coordinates":[[14.696411,52.376575,8839.2],[14.705124,52.376541,8839.2]]},"properties":{"name":"P-204","description":{"@type":"html","value":"<div><div><span><b>Altitude:</b></span> <span>29,000 ft</span></div>\n<div><span><b>Speed:</b></span> <span>444 kt</span></div>\n<div><span><b>Timestamp:</b></span><br/><span>2026-05-21 19:58:03 UTC<br/>2026-05-21 19:58:05 UTC</span></div>\n</div>"},"stroke-opacity":1,"stroke":"#ff0024","stroke-width":2}},{"type":"Feature","geometry":{"type":"LineString","coordinates":[[14.705124,52.376541,8839.2],[14.712184,52.376434,8839.2]]},"properties":{"name":"P-205","description":{"@type":"html","value":"<div><div><span><b>Altitude:</b></span> <span>29,000 ft</span></div>\n<div><span><b>Speed:</b></span> <span>444 kt</span></div>\n<div><span><b>Timestamp:</b></span><br/><span>2026-05-21 19:58:05 UTC<br/>2026-05-21 19:58:08 UTC</span></div>\n</div>"},"stroke-opacity":1,"stroke":"#ff0024","stroke-width":2}},{"type":"Feature","geometry":{"type":"LineString","coordinates":[[14.712184,52.376434,8839.2],[14.718933,52.376312,8831.58]]},"properties":{"name":"P-206","description":{"@type":"html","value":"<div><div><span><b>Altitude:</b></span> <span>29,000 ft - 28,975 ft</span></div>\n<div><span><b>Speed:</b></span> <span>444 kt - 445 kt</span></div>\n<div><span><b>Timestamp:</b></span><br/><span>2026-05-21 19:58:08 UTC<br/>2026-05-21 19:58:10 UTC</span></div>\n</div>"},"stroke-opacity":1,"stroke":"#ff0024","stroke-width":2}},{"type":"Feature","geometry":{"type":"LineString","coordinates":[[14.718933,52.376312,8831.58],[14.725289,52.376156,8831.58]]},"properties":{"name":"P-207","description":{"@type":"html","value":"<div><div><span><b>Altitude:</b></span> <span>28,975 ft</span></div>\n<div><span><b>Speed:</b></span> <span>445 kt</span></div>\n<div><span><b>Timestamp:</b></span><br/><span>2026-05-21 19:58:10 UTC<br/>2026-05-21 19:58:12 UTC</span></div>\n</div>"},"stroke-opacity":1,"stroke":"#ff0024","stroke-width":2}},{"type":"Feature","geometry":{"type":"LineString","coordinates":[[14.725289,52.376156,8831.58],[14.731979,52.375992,8839.2]]},"properties":{"name":"P-208","description":{"@type":"html","value":"<div><div><span><b>Altitude:</b></span> <span>28,975 ft - 29,000 ft</span></div>\n<div><span><b>Speed:</b></span> <span>445 kt</span></div>\n<div><span><b>Timestamp:</b></span><br/><span>2026-05-21 19:58:12 UTC<br/>2026-05-21 19:58:14 UTC</span></div>\n</div>"},"stroke-opacity":1,"stroke":"#ff0024","stroke-width":2}},{"type":"Feature","geometry":{"type":"LineString","coordinates":[[14.731979,52.375992,8839.2],[14.838292,52.37299,8839.2]]},"properties":{"name":"P-209","description":{"@type":"html","value":"<div><div><span><b>Altitude:</b></span> <span>29,000 ft</span></div>\n<div><span><b>Speed:</b></span> <span>445 kt - 446 kt</span></div>\n<div><span><b>Timestamp:</b></span><br/><span>2026-05-21 19:58:14 UTC<br/>2026-05-21 19:58:45 UTC</span></div>\n</div>"},"stroke-opacity":1,"stroke":"#ff0024","stroke-width":2}},{"type":"Feature","geometry":{"type":"LineString","coordinates":[[14.838292,52.37299,8839.2],[14.943446,52.369869,8679.18]]},"properties":{"name":"P-210","description":{"@type":"html","value":"<div><div><span><b>Altitude:</b></span> <span>29,000 ft - 28,475 ft</span></div>\n<div><span><b>Speed:</b></span> <span>446 kt - 436 kt</span></div>\n<div><span><b>Timestamp:</b></span><br/><span>2026-05-21 19:58:45 UTC<br/>2026-05-21 19:59:17 UTC</span></div>\n</div>"},"stroke-opacity":1,"stroke":"#ff0024","stroke-width":2}},{"type":"Feature","geometry":{"type":"LineString","coordinates":[[14.943446,52.369869,8679.18],[15.046692,52.366653,8077.2]]},"properties":{"name":"P-211","description":{"@type":"html","value":"<div><div><span><b>Altitude:</b></span> <span>28,475 ft - 26,500 ft</span></div>\n<div><span><b>Speed:</b></span> <span>436 kt - 434 kt</span></div>\n<div><span><b>Timestamp:</b></span><br/><span>2026-05-21 19:59:17 UTC<br/>2026-05-21 19:59:49 UTC</span></div>\n</div>"},"stroke-opacity":1,"stroke":"#ff0024","stroke-width":2}},{"type":"Feature","geometry":{"type":"LineString","coordinates":[[15.046692,52.366653,8077.2],[15.144043,52.363632,7551.42]]},"properties":{"name":"P-212","description":{"@type":"html","value":"<div><div><span><b>Altitude:</b></span> <span>26,500 ft - 24,775 ft</span></div>\n<div><span><b>Speed:</b></span> <span>434 kt - 425 kt</span></div>\n<div><span><b>Timestamp:</b></span><br/><span>2026-05-21 19:59:49 UTC<br/>2026-05-21 20:00:19 UTC</span></div>\n</div>"},"stroke-opacity":1,"stroke":"#ff0000","stroke-width":2}},{"type":"Feature","geometry":{"type":"LineString","coordinates":[[15.144043,52.363632,7551.42],[15.243149,52.360428,7071.36]]},"properties":{"name":"P-213","description":{"@type":"html","value":"<div><div><span><b>Altitude:</b></span> <span>24,775 ft - 23,200 ft</span></div>\n<div><span><b>Speed:</b></span> <span>425 kt - 419 kt</span></div>\n<div><span><b>Timestamp:</b></span><br/><span>2026-05-21 20:00:19 UTC<br/>2026-05-21 20:00:50 UTC</span></div>\n</div>"},"stroke-opacity":1,"stroke":"#ff0000","stroke-width":2}},{"type":"Feature","geometry":{"type":"LineString","coordinates":[[15.243149,52.360428,7071.36],[15.34382,52.357162,6667.5]]},"properties":{"name":"P-214","description":{"@type":"html","value":"<div><div><span><b>Altitude:</b></span> <span>23,200 ft - 21,875 ft</span></div>\n<div><span><b>Speed:</b></span> <span>419 kt - 406 kt</span></div>\n<div><span><b>Timestamp:</b></span><br/><span>2026-05-21 20:00:50 UTC<br/>2026-05-21 20:01:22 UTC</span></div>\n</div>"},"stroke-opacity":1,"stroke":"#ff1e00","stroke-width":2}},{"type":"Feature","geometry":{"type":"LineString","coordinates":[[15.34382,52.357162,6667.5],[15.439636,52.355999,6172.2]]},"properties":{"name":"P-215","description":{"@type":"html","value":"<div><div><span><b>Altitude:</b></span> <span>21,875 ft - 20,250 ft</span></div>\n<div><span><b>Speed:</b></span> <span>406 kt - 391 kt</span></div>\n<div><span><b>Timestamp:</b></span><br/><span>2026-05-21 20:01:22 UTC<br/>2026-05-21 20:01:54 UTC</span></div>\n</div>"},"stroke-opacity":1,"stroke":"#ff3000","stroke-width":2}},{"type":"Feature","geometry":{"type":"LineString","coordinates":[[15.439636,52.355999,6172.2],[15.44548,52.3564,6141.72]]},"properties":{"name":"P-216","description":{"@type":"html","value":"<div><div><span><b>Altitude:</b></span> <span>20,250 ft - 20,150 ft</span></div>\n<div><span><b>Speed:</b></span> <span>391 kt - 390 kt</span></div>\n<div><span><b>Timestamp:</b></span><br/><span>2026-05-21 20:01:54 UTC<br/>2026-05-21 20:01:56 UTC</span></div>\n</div>"},"stroke-opacity":1,"stroke":"#ff5400","stroke-width":2}},{"type":"Feature","geometry":{"type":"LineString","coordinates":[[15.44548,52.3564,6141.72],[15.451879,52.35693,6103.62]]},"properties":{"name":"P-217","description":{"@type":"html","value":"<div><div><span><b>Altitude:</b></span> <span>20,150 ft - 20,025 ft</span></div>\n<div><span><b>Speed:</b></span> <span>390 kt - 389 kt</span></div>\n<div><span><b>Timestamp:</b></span><br/><span>2026-05-21 20:01:56 UTC<br/>2026-05-21 20:01:58 UTC</span></div>\n</div>"},"stroke-opacity":1,"stroke":"#ff5400","stroke-width":2}},{"type":"Feature","geometry":{"type":"LineString","coordinates":[[15.451879,52.35693,6103.62],[15.457685,52.357487,6065.52]]},"properties":{"name":"P-218","description":{"@type":"html","value":"<div><div><span><b>Altitude:</b></span> <span>20,025 ft - 19,900 ft</span></div>\n<div><span><b>Speed:</b></span> <span>389 kt - 387 kt</span></div>\n<div><span><b>Timestamp:</b></span><br/><span>2026-05-21 20:01:58 UTC<br/>2026-05-21 20:02:00 UTC</span></div>\n</div>"},"stroke-opacity":1,"stroke":"#ff5400","stroke-width":2}},{"type":"Feature","geometry":{"type":"LineString","coordinates":[[15.457685,52.357487,6065.52],[15.465454,52.358326,6019.8]]},"properties":{"name":"P-219","description":{"@type":"html","value":"<div><div><span><b>Altitude:</b></span> <span>19,900 ft - 19,750 ft</span></div>\n<div><span><b>Speed:</b></span> <span>387 kt</span></div>\n<div><span><b>Timestamp:</b></span><br/><span>2026-05-21 20:02:00 UTC<br/>2026-05-21 20:02:03 UTC</span></div>\n</div>"},"stroke-opacity":1,"stroke":"#ff5400","stroke-width":2}},{"type":"Feature","geometry":{"type":"LineString","coordinates":[[15.465454,52.358326,6019.8],[15.470886,52.358917,5989.32]]},"properties":{"name":"P-220","description":{"@type":"html","value":"<div><div><span><b>Altitude:</b></span> <span>19,750 ft - 19,650 ft</span></div>\n<div><span><b>Speed:</b></span> <span>387 kt - 386 kt</span></div>\n<div><span><b>Timestamp:</b></span><br/><span>2026-05-21 20:02:03 UTC<br/>2026-05-21 20:02:05 UTC</span></div>\n</div>"},"stroke-opacity":1,"stroke":"#ff5400","stroke-width":2}},{"type":"Feature","geometry":{"type":"LineString","coordinates":[[15.470886,52.358917,5989.32],[15.476913,52.359604,5951.22]]},"properties":{"name":"P-221","description":{"@type":"html","value":"<div><div><span><b>Altitude:</b></span> <span>19,650 ft - 19,525 ft</span></div>\n<div><span><b>Speed:</b></span> <span>386 kt</span></div>\n<div><span><b>Timestamp:</b></span><br/><span>2026-05-21 20:02:05 UTC<br/>2026-05-21 20:02:07 UTC</span></div>\n</div>"},"stroke-opacity":1,"stroke":"#ff7800","stroke-width":2}},{"type":"Feature","geometry":{"type":"LineString","coordinates":[[15.476913,52.359604,5951.22],[15.482864,52.360291,5920.74]]},"properties":{"name":"P-222","description":{"@type":"html","value":"<div><div><span><b>Altitude:</b></span> <span>19,525 ft - 19,425 ft</span></div>\n<div><span><b>Speed:</b></span> <span>386 kt - 385 kt</span></div>\n<div><span><b>Timestamp:</b></span><br/><span>2026-05-21 20:02:07 UTC<br/>2026-05-21 20:02:09 UTC</span></div>\n</div>"},"stroke-opacity":1,"stroke":"#ff7800","stroke-width":2}},{"type":"Feature","geometry":{"type":"LineString","coordinates":[[15.482864,52.360291,5920.74],[15.489702,52.361073,5882.64]]},"properties":{"name":"P-223","description":{"@type":"html","value":"<div><div><span><b>Altitude:</b></span> <span>19,425 ft - 19,300 ft</span></div>\n<div><span><b>Speed:</b></span> <span>385 kt - 384 kt</span></div>\n<div><span><b>Timestamp:</b></span><br/><span>2026-05-21 20:02:09 UTC<br/>2026-05-21 20:02:11 UTC</span></div>\n</div>"},"stroke-opacity":1,"stroke":"#ff7800","stroke-width":2}},{"type":"Feature","geometry":{"type":"LineString","coordinates":[[15.489702,52.361073,5882.64],[15.495431,52.361725,5844.54]]},"properties":{"name":"P-224","description":{"@type":"html","value":"<div><div><span><b>Altitude:</b></span> <span>19,300 ft - 19,175 ft</span></div>\n<div><span><b>Speed:</b></span> <span>384 kt</span></div>\n<div><span><b>Timestamp:</b></span><br/><span>2026-05-21 20:02:11 UTC<br/>2026-05-21 20:02:13 UTC</span></div>\n</div>"},"stroke-opacity":1,"stroke":"#ff7800","stroke-width":2}},{"type":"Feature","geometry":{"type":"LineString","coordinates":[[15.495431,52.361725,5844.54],[15.501395,52.362423,5798.82]]},"properties":{"name":"P-225","description":{"@type":"html","value":"<div><div><span><b>Altitude:</b></span> <span>19,175 ft - 19,025 ft</span></div>\n<div><span><b>Speed:</b></span> <span>384 kt</span></div>\n<div><span><b>Timestamp:</b></span><br/><span>2026-05-21 20:02:13 UTC<br/>2026-05-21 20:02:15 UTC</span></div>\n</div>"},"stroke-opacity":1,"stroke":"#ff7800","stroke-width":2}},{"type":"Feature","geometry":{"type":"LineString","coordinates":[[15.501395,52.362423,5798.82],[15.505676,52.3629,5768.34]]},"properties":{"name":"P-226","description":{"@type":"html","value":"<div><div><span><b>Altitude:</b></span> <span>19,025 ft - 18,925 ft</span></div>\n<div><span><b>Speed:</b></span> <span>384 kt</span></div>\n<div><span><b>Timestamp:</b></span><br/><span>2026-05-21 20:02:15 UTC<br/>2026-05-21 20:02:17 UTC</span></div>\n</div>"},"stroke-opacity":1,"stroke":"#ff7800","stroke-width":2}},{"type":"Feature","geometry":{"type":"LineString","coordinates":[[15.505676,52.3629,5768.34],[15.598984,52.373703,4998.72]]},"properties":{"name":"P-227","description":{"@type":"html","value":"<div><div><span><b>Altitude:</b></span> <span>18,925 ft - 16,400 ft</span></div>\n<div><span><b>Speed:</b></span> <span>384 kt - 395 kt</span></div>\n<div><span><b>Timestamp:</b></span><br/><span>2026-05-21 20:02:17 UTC<br/>2026-05-21 20:02:49 UTC</span></div>\n</div>"},"stroke-opacity":1,"stroke":"#ff7800","stroke-width":2}},{"type":"Feature","geometry":{"type":"LineString","coordinates":[[15.598984,52.373703,4998.72],[15.694046,52.384598,4206.24]]},"properties":{"name":"P-228","description":{"@type":"html","value":"<div><div><span><b>Altitude:</b></span> <span>16,400 ft - 13,800 ft</span></div>\n<div><span><b>Speed:</b></span> <span>395 kt - 403 kt</span></div>\n<div><span><b>Timestamp:</b></span><br/><span>2026-05-21 20:02:49 UTC<br/>2026-05-21 20:03:21 UTC</span></div>\n</div>"},"stroke-opacity":1,"stroke":"#ffa800","stroke-width":2}},{"type":"Feature","geometry":{"type":"LineString","coordinates":[[15.694046,52.384598,4206.24],[15.788295,52.395103,3642.36]]},"properties":{"name":"P-229","description":{"@type":"html","value":"<div><div><span><b>Altitude:</b></span> <span>13,800 ft - 11,950 ft</span></div>\n<div><span><b>Speed:</b></span> <span>403 kt - 390 kt</span></div>\n<div><span><b>Timestamp:</b></span><br/><span>2026-05-21 20:03:21 UTC<br/>2026-05-21 20:03:53 UTC</span></div>\n</div>"},"stroke-opacity":1,"stroke":"#ffc000","stroke-width":2}},{"type":"Feature","geometry":{"type":"LineString","coordinates":[[15.788295,52.395103,3642.36],[15.823669,52.399017,3558.54]]},"properties":{"name":"P-230","description":{"@type":"html","value":"<div><div><span><b>Altitude:</b></span> <span>11,950 ft - 11,675 ft</span></div>\n<div><span><b>Speed:</b></span> <span>390 kt - 371 kt</span></div>\n<div><span><b>Timestamp:</b></span><br/><span>2026-05-21 20:03:53 UTC<br/>2026-05-21 20:04:05 UTC</span></div>\n</div>"},"stroke-opacity":1,"stroke":"#ffea00","stroke-width":2}},{"type":"Feature","geometry":{"type":"LineString","coordinates":[[15.823669,52.399017,3558.54],[15.858994,52.403,3482.34]]},"properties":{"name":"P-231","description":{"@type":"html","value":"<div><div><span><b>Altitude:</b></span> <span>11,675 ft - 11,425 ft</span></div>\n<div><span><b>Speed:</b></span> <span>371 kt - 353 kt</span></div>\n<div><span><b>Timestamp:</b></span><br/><span>2026-05-21 20:04:05 UTC<br/>2026-05-21 20:04:19 UTC</span></div>\n</div>"},"stroke-opacity":1,"stroke":"#ffea00","stroke-width":2}},{"type":"Feature","geometry":{"type":"LineString","coordinates":[[15.858994,52.403,3482.34],[15.891037,52.406525,3421.38]]},"properties":{"name":"P-232","description":{"@type":"html","value":"<div><div><span><b>Altitude:</b></span> <span>11,425 ft - 11,225 ft</span></div>\n<div><span><b>Speed:</b></span> <span>353 kt - 336 kt</span></div>\n<div><span><b>Timestamp:</b></span><br/><span>2026-05-21 20:04:19 UTC<br/>2026-05-21 20:04:31 UTC</span></div>\n</div>"},"stroke-opacity":1,"stroke":"#e4ff00","stroke-width":2}},{"type":"Feature","geometry":{"type":"LineString","coordinates":[[15.891037,52.406525,3421.38],[15.923157,52.410095,3360.42]]},"properties":{"name":"P-233","description":{"@type":"html","value":"<div><div><span><b>Altitude:</b></span> <span>11,225 ft - 11,025 ft</span></div>\n<div><span><b>Speed:</b></span> <span>336 kt - 321 kt</span></div>\n<div><span><b>Timestamp:</b></span><br/><span>2026-05-21 20:04:31 UTC<br/>2026-05-21 20:04:44 UTC</span></div>\n</div>"},"stroke-opacity":1,"stroke":"#e4ff00","stroke-width":2}},{"type":"Feature","geometry":{"type":"LineString","coordinates":[[15.923157,52.410095,3360.42],[15.952227,52.413303,3299.46]]},"properties":{"name":"P-234","description":{"@type":"html","value":"<div><div><span><b>Altitude:</b></span> <span>11,025 ft - 10,825 ft</span></div>\n<div><span><b>Speed:</b></span> <span>321 kt - 314 kt</span></div>\n<div><span><b>Timestamp:</b></span><br/><span>2026-05-21 20:04:44 UTC<br/>2026-05-21 20:04:57 UTC</span></div>\n</div>"},"stroke-opacity":1,"stroke":"#e4ff00","stroke-width":2}},{"type":"Feature","geometry":{"type":"LineString","coordinates":[[15.952227,52.413303,3299.46],[15.983068,52.416748,3230.88]]},"properties":{"name":"P-235","description":{"@type":"html","value":"<div><div><span><b>Altitude:</b></span> <span>10,825 ft - 10,600 ft</span></div>\n<div><span><b>Speed:</b></span> <span>314 kt - 308 kt</span></div>\n<div><span><b>Timestamp:</b></span><br/><span>2026-05-21 20:04:57 UTC<br/>2026-05-21 20:05:10 UTC</span></div>\n</div>"},"stroke-opacity":1,"stroke":"#e4ff00","stroke-width":2}},{"type":"Feature","geometry":{"type":"LineString","coordinates":[[15.983068,52.416748,3230.88],[16.011658,52.420029,3154.68]]},"properties":{"name":"P-236","description":{"@type":"html","value":"<div><div><span><b>Altitude:</b></span> <span>10,600 ft - 10,350 ft</span></div>\n<div><span><b>Speed:</b></span> <span>308 kt - 304 kt</span></div>\n<div><span><b>Timestamp:</b></span><br/><span>2026-05-21 20:05:10 UTC<br/>2026-05-21 20:05:23 UTC</span></div>\n</div>"},"stroke-opacity":1,"stroke":"#e4ff00","stroke-width":2}},{"type":"Feature","geometry":{"type":"LineString","coordinates":[[16.011658,52.420029,3154.68],[16.044277,52.423637,3070.86]]},"properties":{"name":"P-237","description":{"@type":"html","value":"<div><div><span><b>Altitude:</b></span> <span>10,350 ft - 10,075 ft</span></div>\n<div><span><b>Speed:</b></span> <span>304 kt - 297 kt</span></div>\n<div><span><b>Timestamp:</b></span><br/><span>2026-05-21 20:05:23 UTC<br/>2026-05-21 20:05:37 UTC</span></div>\n</div>"},"stroke-opacity":1,"stroke":"#e4ff00","stroke-width":2}},{"type":"Feature","geometry":{"type":"LineString","coordinates":[[16.044277,52.423637,3070.86],[16.072617,52.426758,3048]]},"properties":{"name":"P-238","description":{"@type":"html","value":"<div><div><span><b>Altitude:</b></span> <span>10,075 ft - 10,000 ft</span></div>\n<div><span><b>Speed:</b></span> <span>297 kt - 288 kt</span></div>\n<div><span><b>Timestamp:</b></span><br/><span>2026-05-21 20:05:37 UTC<br/>2026-05-21 20:05:50 UTC</span></div>\n</div>"},"stroke-opacity":1,"stroke":"#e4ff00","stroke-width":2}},{"type":"Feature","geometry":{"type":"LineString","coordinates":[[16.072617,52.426758,3048],[16.098938,52.429642,3048]]},"properties":{"name":"P-239","description":{"@type":"html","value":"<div><div><span><b>Altitude:</b></span> <span>10,000 ft</span></div>\n<div><span><b>Speed:</b></span> <span>288 kt - 277 kt</span></div>\n<div><span><b>Timestamp:</b></span><br/><span>2026-05-21 20:05:50 UTC<br/>2026-05-21 20:06:03 UTC</span></div>\n</div>"},"stroke-opacity":1,"stroke":"#e4ff00","stroke-width":2}},{"type":"Feature","geometry":{"type":"LineString","coordinates":[[16.098938,52.429642,3048],[16.128922,52.432892,3048]]},"properties":{"name":"P-240","description":{"@type":"html","value":"<div><div><span><b>Altitude:</b></span> <span>10,000 ft</span></div>\n<div><span><b>Speed:</b></span> <span>277 kt - 269 kt</span></div>\n<div><span><b>Timestamp:</b></span><br/><span>2026-05-21 20:06:03 UTC<br/>2026-05-21 20:06:18 UTC</span></div>\n</div>"},"stroke-opacity":1,"stroke":"#e4ff00","stroke-width":2}},{"type":"Feature","geometry":{"type":"LineString","coordinates":[[16.128922,52.432892,3048],[16.154938,52.43573,3032.76]]},"properties":{"name":"P-241","description":{"@type":"html","value":"<div><div><span><b>Altitude:</b></span> <span>10,000 ft - 9,950 ft</span></div>\n<div><span><b>Speed:</b></span> <span>269 kt - 264 kt</span></div>\n<div><span><b>Timestamp:</b></span><br/><span>2026-05-21 20:06:18 UTC<br/>2026-05-21 20:06:31 UTC</span></div>\n</div>"},"stroke-opacity":1,"stroke":"#e4ff00","stroke-width":2}},{"type":"Feature","geometry":{"type":"LineString","coordinates":[[16.154938,52.43573,3032.76],[16.179016,52.438255,2964.18]]},"properties":{"name":"P-242","description":{"@type":"html","value":"<div><div><span><b>Altitude:</b></span> <span>9,950 ft - 9,725 ft</span></div>\n<div><span><b>Speed:</b></span> <span>264 kt - 258 kt</span></div>\n<div><span><b>Timestamp:</b></span><br/><span>2026-05-21 20:06:31 UTC<br/>2026-05-21 20:06:43 UTC</span></div>\n</div>"},"stroke-opacity":1,"stroke":"#e4ff00","stroke-width":2}},{"type":"Feature","geometry":{"type":"LineString","coordinates":[[16.179016,52.438255,2964.18],[16.204224,52.440948,2857.5]]},"properties":{"name":"P-243","description":{"@type":"html","value":"<div><div><span><b>Altitude:</b></span> <span>9,725 ft - 9,375 ft</span></div>\n<div><span><b>Speed:</b></span> <span>258 kt</span></div>\n<div><span><b>Timestamp:</b></span><br/><span>2026-05-21 20:06:43 UTC<br/>2026-05-21 20:06:56 UTC</span></div>\n</div>"},"stroke-opacity":1,"stroke":"#d2ff00","stroke-width":2}},{"type":"Feature","geometry":{"type":"LineString","coordinates":[[16.204224,52.440948,2857.5],[16.229172,52.443741,2766.06]]},"properties":{"name":"P-244","description":{"@type":"html","value":"<div><div><span><b>Altitude:</b></span> <span>9,375 ft - 9,075 ft</span></div>\n<div><span><b>Speed:</b></span> <span>258 kt - 257 kt</span></div>\n<div><span><b>Timestamp:</b></span><br/><span>2026-05-21 20:06:56 UTC<br/>2026-05-21 20:07:09 UTC</span></div>\n</div>"},"stroke-opacity":1,"stroke":"#d2ff00","stroke-width":2}},{"type":"Feature","geometry":{"type":"LineString","coordinates":[[16.229172,52.443741,2766.06],[16.253281,52.446487,2689.86]]},"properties":{"name":"P-245","description":{"@type":"html","value":"<div><div><span><b>Altitude:</b></span> <span>9,075 ft - 8,825 ft</span></div>\n<div><span><b>Speed:</b></span> <span>257 kt - 252 kt</span></div>\n<div><span><b>Timestamp:</b></span><br/><span>2026-05-21 20:07:09 UTC<br/>2026-05-21 20:07:22 UTC</span></div>\n</div>"},"stroke-opacity":1,"stroke":"#d2ff00","stroke-width":2}},{"type":"Feature","geometry":{"type":"LineString","coordinates":[[16.253281,52.446487,2689.86],[16.277771,52.449142,2606.04]]},"properties":{"name":"P-246","description":{"@type":"html","value":"<div><div><span><b>Altitude:</b></span> <span>8,825 ft - 8,550 ft</span></div>\n<div><span><b>Speed:</b></span> <span>252 kt - 246 kt</span></div>\n<div><span><b>Timestamp:</b></span><br/><span>2026-05-21 20:07:22 UTC<br/>2026-05-21 20:07:35 UTC</span></div>\n</div>"},"stroke-opacity":1,"stroke":"#d2ff00","stroke-width":2}},{"type":"Feature","geometry":{"type":"LineString","coordinates":[[16.277771,52.449142,2606.04],[16.300812,52.451477,2545.08]]},"properties":{"name":"P-247","description":{"@type":"html","value":"<div><div><span><b>Altitude:</b></span> <span>8,550 ft - 8,350 ft</span></div>\n<div><span><b>Speed:</b></span> <span>246 kt - 236 kt</span></div>\n<div><span><b>Timestamp:</b></span><br/><span>2026-05-21 20:07:35 UTC<br/>2026-05-21 20:07:48 UTC</span></div>\n</div>"},"stroke-opacity":1,"stroke":"#d2ff00","stroke-width":2}},{"type":"Feature","geometry":{"type":"LineString","coordinates":[[16.300812,52.451477,2545.08],[16.322098,52.453766,2484.12]]},"properties":{"name":"P-248","description":{"@type":"html","value":"<div><div><span><b>Altitude:</b></span> <span>8,350 ft - 8,150 ft</span></div>\n<div><span><b>Speed:</b></span> <span>236 kt - 224 kt</span></div>\n<div><span><b>Timestamp:</b></span><br/><span>2026-05-21 20:07:48 UTC<br/>2026-05-21 20:08:01 UTC</span></div>\n</div>"},"stroke-opacity":1,"stroke":"#d2ff00","stroke-width":2}},{"type":"Feature","geometry":{"type":"LineString","coordinates":[[16.322098,52.453766,2484.12],[16.343262,52.456505,2362.2]]},"properties":{"name":"P-249","description":{"@type":"html","value":"<div><div><span><b>Altitude:</b></span> <span>8,150 ft - 7,750 ft</span></div>\n<div><span><b>Speed:</b></span> <span>224 kt - 218 kt</span></div>\n<div><span><b>Timestamp:</b></span><br/><span>2026-05-21 20:08:01 UTC<br/>2026-05-21 20:08:14 UTC</span></div>\n</div>"},"stroke-opacity":1,"stroke":"#9cff00","stroke-width":2}},{"type":"Feature","geometry":{"type":"LineString","coordinates":[[16.343262,52.456505,2362.2],[16.364441,52.458939,2232.66]]},"properties":{"name":"P-250","description":{"@type":"html","value":"<div><div><span><b>Altitude:</b></span> <span>7,750 ft - 7,325 ft</span></div>\n<div><span><b>Speed:</b></span> <span>218 kt - 217 kt</span></div>\n<div><span><b>Timestamp:</b></span><br/><span>2026-05-21 20:08:14 UTC<br/>2026-05-21 20:08:27 UTC</span></div>\n</div>"},"stroke-opacity":1,"stroke":"#9cff00","stroke-width":2}},{"type":"Feature","geometry":{"type":"LineString","coordinates":[[16.364441,52.458939,2232.66],[16.385637,52.461067,2095.5]]},"properties":{"name":"P-251","description":{"@type":"html","value":"<div><div><span><b>Altitude:</b></span> <span>7,325 ft - 6,875 ft</span></div>\n<div><span><b>Speed:</b></span> <span>217 kt - 215 kt</span></div>\n<div><span><b>Timestamp:</b></span><br/><span>2026-05-21 20:08:27 UTC<br/>2026-05-21 20:08:40 UTC</span></div>\n</div>"},"stroke-opacity":1,"stroke":"#9cff00","stroke-width":2}},{"type":"Feature","geometry":{"type":"LineString","coordinates":[[16.385637,52.461067,2095.5],[16.406631,52.463196,1965.96]]},"properties":{"name":"P-252","description":{"@type":"html","value":"<div><div><span><b>Altitude:</b></span> <span>6,875 ft - 6,450 ft</span></div>\n<div><span><b>Speed:</b></span> <span>215 kt - 214 kt</span></div>\n<div><span><b>Timestamp:</b></span><br/><span>2026-05-21 20:08:40 UTC<br/>2026-05-21 20:08:53 UTC</span></div>\n</div>"},"stroke-opacity":1,"stroke":"#9cff00","stroke-width":2}},{"type":"Feature","geometry":{"type":"LineString","coordinates":[[16.406631,52.463196,1965.96],[16.429739,52.465488,1821.18]]},"properties":{"name":"P-253","description":{"@type":"html","value":"<div><div><span><b>Altitude:</b></span> <span>6,450 ft - 5,975 ft</span></div>\n<div><span><b>Speed:</b></span> <span>214 kt - 212 kt</span></div>\n<div><span><b>Timestamp:</b></span><br/><span>2026-05-21 20:08:53 UTC<br/>2026-05-21 20:09:08 UTC</span></div>\n</div>"},"stroke-opacity":1,"stroke":"#72ff00","stroke-width":2}},{"type":"Feature","geometry":{"type":"LineString","coordinates":[[16.429739,52.465488,1821.18],[16.453552,52.467865,1676.4]]},"properties":{"name":"P-254","description":{"@type":"html","value":"<div><div><span><b>Altitude:</b></span> <span>5,975 ft - 5,500 ft</span></div>\n<div><span><b>Speed:</b></span> <span>212 kt - 209 kt</span></div>\n<div><span><b>Timestamp:</b></span><br/><span>2026-05-21 20:09:08 UTC<br/>2026-05-21 20:09:22 UTC</span></div>\n</div>"},"stroke-opacity":1,"stroke":"#72ff00","stroke-width":2}},{"type":"Feature","geometry":{"type":"LineString","coordinates":[[16.453552,52.467865,1676.4],[16.473135,52.469864,1546.86]]},"properties":{"name":"P-255","description":{"@type":"html","value":"<div><div><span><b>Altitude:</b></span> <span>5,500 ft - 5,075 ft</span></div>\n<div><span><b>Speed:</b></span> <span>209 kt - 210 kt</span></div>\n<div><span><b>Timestamp:</b></span><br/><span>2026-05-21 20:09:22 UTC<br/>2026-05-21 20:09:35 UTC</span></div>\n</div>"},"stroke-opacity":1,"stroke":"#72ff00","stroke-width":2}},{"type":"Feature","geometry":{"type":"LineString","coordinates":[[16.473135,52.469864,1546.86],[16.493683,52.471985,1417.32]]},"properties":{"name":"P-256","description":{"@type":"html","value":"<div><div><span><b>Altitude:</b></span> <span>5,075 ft - 4,650 ft</span></div>\n<div><span><b>Speed:</b></span> <span>210 kt - 206 kt</span></div>\n<div><span><b>Timestamp:</b></span><br/><span>2026-05-21 20:09:35 UTC<br/>2026-05-21 20:09:48 UTC</span></div>\n</div>"},"stroke-opacity":1,"stroke":"#72ff00","stroke-width":2}},{"type":"Feature","geometry":{"type":"LineString","coordinates":[[16.493683,52.471985,1417.32],[16.507193,52.473309,1325.88]]},"properties":{"name":"P-257","description":{"@type":"html","value":"<div><div><span><b>Altitude:</b></span> <span>4,650 ft - 4,350 ft</span></div>\n<div><span><b>Speed:</b></span> <span>206 kt</span></div>\n<div><span><b>Timestamp:</b></span><br/><span>2026-05-21 20:09:48 UTC<br/>2026-05-21 20:09:57 UTC</span></div>\n</div>"},"stroke-opacity":1,"stroke":"#36ff00","stroke-width":2}},{"type":"Feature","geometry":{"type":"LineString","coordinates":[[16.507193,52.473309,1325.88],[16.519928,52.474548,1249.68]]},"properties":{"name":"P-258","description":{"@type":"html","value":"<div><div><span><b>Altitude:</b></span> <span>4,350 ft - 4,100 ft</span></div>\n<div><span><b>Speed:</b></span> <span>206 kt - 203 kt</span></div>\n<div><span><b>Timestamp:</b></span><br/><span>2026-05-21 20:09:57 UTC<br/>2026-05-21 20:10:05 UTC</span></div>\n</div>"},"stroke-opacity":1,"stroke":"#36ff00","stroke-width":2}},{"type":"Feature","geometry":{"type":"LineString","coordinates":[[16.519928,52.474548,1249.68],[16.529636,52.475452,1188.72]]},"properties":{"name":"P-259","description":{"@type":"html","value":"<div><div><span><b>Altitude:</b></span> <span>4,100 ft - 3,900 ft</span></div>\n<div><span><b>Speed:</b></span> <span>203 kt - 202 kt</span></div>\n<div><span><b>Timestamp:</b></span><br/><span>2026-05-21 20:10:05 UTC<br/>2026-05-21 20:10:12 UTC</span></div>\n</div>"},"stroke-opacity":1,"stroke":"#36ff00","stroke-width":2}},{"type":"Feature","geometry":{"type":"LineString","coordinates":[[16.529636,52.475452,1188.72],[16.532974,52.475555,1165.86]]},"properties":{"name":"P-260","description":{"@type":"html","value":"<div><div><span><b>Altitude:</b></span> <span>3,900 ft - 3,825 ft</span></div>\n<div><span><b>Speed:</b></span> <span>202 kt</span></div>\n<div><span><b>Timestamp:</b></span><br/><span>2026-05-21 20:10:12 UTC<br/>2026-05-21 20:10:14 UTC</span></div>\n</div>"},"stroke-opacity":1,"stroke":"#0cff00","stroke-width":2}},{"type":"Feature","geometry":{"type":"LineString","coordinates":[[16.532974,52.475555,1165.86],[16.536465,52.47559,1135.38]]},"properties":{"name":"P-261","description":{"@type":"html","value":"<div><div><span><b>Altitude:</b></span> <span>3,825 ft - 3,725 ft</span></div>\n<div><span><b>Speed:</b></span> <span>202 kt</span></div>\n<div><span><b>Timestamp:</b></span><br/><span>2026-05-21 20:10:14 UTC<br/>2026-05-21 20:10:16 UTC</span></div>\n</div>"},"stroke-opacity":1,"stroke":"#0cff00","stroke-width":2}},{"type":"Feature","geometry":{"type":"LineString","coordinates":[[16.536465,52.47559,1135.38],[16.539536,52.475464,1120.14]]},"properties":{"name":"P-262","description":{"@type":"html","value":"<div><div><span><b>Altitude:</b></span> <span>3,725 ft - 3,675 ft</span></div>\n<div><span><b>Speed:</b></span> <span>202 kt</span></div>\n<div><span><b>Timestamp:</b></span><br/><span>2026-05-21 20:10:16 UTC<br/>2026-05-21 20:10:18 UTC</span></div>\n</div>"},"stroke-opacity":1,"stroke":"#0cff00","stroke-width":2}},{"type":"Feature","geometry":{"type":"LineString","coordinates":[[16.539536,52.475464,1120.14],[16.542664,52.475266,1097.28]]},"properties":{"name":"P-263","description":{"@type":"html","value":"<div><div><span><b>Altitude:</b></span> <span>3,675 ft - 3,600 ft</span></div>\n<div><span><b>Speed:</b></span> <span>202 kt - 201 kt</span></div>\n<div><span><b>Timestamp:</b></span><br/><span>2026-05-21 20:10:18 UTC<br/>2026-05-21 20:10:21 UTC</span></div>\n</div>"},"stroke-opacity":1,"stroke":"#0cff00","stroke-width":2}},{"type":"Feature","geometry":{"type":"LineString","coordinates":[[16.542664,52.475266,1097.28],[16.546194,52.474987,1074.42]]},"properties":{"name":"P-264","description":{"@type":"html","value":"<div><div><span><b>Altitude:</b></span> <span>3,600 ft - 3,525 ft</span></div>\n<div><span><b>Speed:</b></span> <span>201 kt</span></div>\n<div><span><b>Timestamp:</b></span><br/><span>2026-05-21 20:10:21 UTC<br/>2026-05-21 20:10:23 UTC</span></div>\n</div>"},"stroke-opacity":1,"stroke":"#0cff00","stroke-width":2}},{"type":"Feature","geometry":{"type":"LineString","coordinates":[[16.546194,52.474987,1074.42],[16.549961,52.474613,1043.94]]},"properties":{"name":"P-265","description":{"@type":"html","value":"<div><div><span><b>Altitude:</b></span> <span>3,525 ft - 3,425 ft</span></div>\n<div><span><b>Speed:</b></span> <span>201 kt - 202 kt</span></div>\n<div><span><b>Timestamp:</b></span><br/><span>2026-05-21 20:10:23 UTC<br/>2026-05-21 20:10:25 UTC</span></div>\n</div>"},"stroke-opacity":1,"stroke":"#0cff00","stroke-width":2}},{"type":"Feature","geometry":{"type":"LineString","coordinates":[[16.549961,52.474613,1043.94],[16.552944,52.474289,1028.7]]},"properties":{"name":"P-266","description":{"@type":"html","value":"<div><div><span><b>Altitude:</b></span> <span>3,425 ft - 3,375 ft</span></div>\n<div><span><b>Speed:</b></span> <span>202 kt - 200 kt</span></div>\n<div><span><b>Timestamp:</b></span><br/><span>2026-05-21 20:10:25 UTC<br/>2026-05-21 20:10:27 UTC</span></div>\n</div>"},"stroke-opacity":1,"stroke":"#0cff00","stroke-width":2}},{"type":"Feature","geometry":{"type":"LineString","coordinates":[[16.552944,52.474289,1028.7],[16.555454,52.473961,1005.84]]},"properties":{"name":"P-267","description":{"@type":"html","value":"<div><div><span><b>Altitude:</b></span> <span>3,375 ft - 3,300 ft</span></div>\n<div><span><b>Speed:</b></span> <span>200 kt - 201 kt</span></div>\n<div><span><b>Timestamp:</b></span><br/><span>2026-05-21 20:10:27 UTC<br/>2026-05-21 20:10:29 UTC</span></div>\n</div>"},"stroke-opacity":1,"stroke":"#0cff00","stroke-width":2}},{"type":"Feature","geometry":{"type":"LineString","coordinates":[[16.555454,52.473961,1005.84],[16.559143,52.473404,990.6]]},"properties":{"name":"P-268","description":{"@type":"html","value":"<div><div><span><b>Altitude:</b></span> <span>3,300 ft - 3,250 ft</span></div>\n<div><span><b>Speed:</b></span> <span>201 kt - 199 kt</span></div>\n<div><span><b>Timestamp:</b></span><br/><span>2026-05-21 20:10:29 UTC<br/>2026-05-21 20:10:31 UTC</span></div>\n</div>"},"stroke-opacity":1,"stroke":"#0cff00","stroke-width":2}},{"type":"Feature","geometry":{"type":"LineString","coordinates":[[16.559143,52.473404,990.6],[16.562283,52.472843,967.74]]},"properties":{"name":"P-269","description":{"@type":"html","value":"<div><div><span><b>Altitude:</b></span> <span>3,250 ft - 3,175 ft</span></div>\n<div><span><b>Speed:</b></span> <span>199 kt - 198 kt</span></div>\n<div><span><b>Timestamp:</b></span><br/><span>2026-05-21 20:10:31 UTC<br/>2026-05-21 20:10:33 UTC</span></div>\n</div>"},"stroke-opacity":1,"stroke":"#00ff1e","stroke-width":2}},{"type":"Feature","geometry":{"type":"LineString","coordinates":[[16.562283,52.472843,967.74],[16.565342,52.472286,952.5]]},"properties":{"name":"P-270","description":{"@type":"html","value":"<div><div><span><b>Altitude:</b></span> <span>3,175 ft - 3,125 ft</span></div>\n<div><span><b>Speed:</b></span> <span>198 kt</span></div>\n<div><span><b>Timestamp:</b></span><br/><span>2026-05-21 20:10:33 UTC<br/>2026-05-21 20:10:36 UTC</span></div>\n</div>"},"stroke-opacity":1,"stroke":"#00ff1e","stroke-width":2}},{"type":"Feature","geometry":{"type":"LineString","coordinates":[[16.565342,52.472286,952.5],[16.568298,52.47171,929.64]]},"properties":{"name":"P-271","description":{"@type":"html","value":"<div><div><span><b>Altitude:</b></span> <span>3,125 ft - 3,050 ft</span></div>\n<div><span><b>Speed:</b></span> <span>198 kt - 197 kt</span></div>\n<div><span><b>Timestamp:</b></span><br/><span>2026-05-21 20:10:36 UTC<br/>2026-05-21 20:10:38 UTC</span></div>\n</div>"},"stroke-opacity":1,"stroke":"#00ff1e","stroke-width":2}},{"type":"Feature","geometry":{"type":"LineString","coordinates":[[16.568298,52.47171,929.64],[16.571274,52.471115,914.4]]},"properties":{"name":"P-272","description":{"@type":"html","value":"<div><div><span><b>Altitude:</b></span> <span>3,050 ft - 3,000 ft</span></div>\n<div><span><b>Speed:</b></span> <span>197 kt</span></div>\n<div><span><b>Timestamp:</b></span><br/><span>2026-05-21 20:10:38 UTC<br/>2026-05-21 20:10:40 UTC</span></div>\n</div>"},"stroke-opacity":1,"stroke":"#00ff1e","stroke-width":2}},{"type":"Feature","geometry":{"type":"LineString","coordinates":[[16.571274,52.471115,914.4],[16.573975,52.470562,891.54]]},"properties":{"name":"P-273","description":{"@type":"html","value":"<div><div><span><b>Altitude:</b></span> <span>3,000 ft - 2,925 ft</span></div>\n<div><span><b>Speed:</b></span> <span>197 kt</span></div>\n<div><span><b>Timestamp:</b></span><br/><span>2026-05-21 20:10:40 UTC<br/>2026-05-21 20:10:42 UTC</span></div>\n</div>"},"stroke-opacity":1,"stroke":"#00ff1e","stroke-width":2}},{"type":"Feature","geometry":{"type":"LineString","coordinates":[[16.573975,52.470562,891.54],[16.576643,52.470005,876.3]]},"properties":{"name":"P-274","description":{"@type":"html","value":"<div><div><span><b>Altitude:</b></span> <span>2,925 ft - 2,875 ft</span></div>\n<div><span><b>Speed:</b></span> <span>197 kt - 196 kt</span></div>\n<div><span><b>Timestamp:</b></span><br/><span>2026-05-21 20:10:42 UTC<br/>2026-05-21 20:10:44 UTC</span></div>\n</div>"},"stroke-opacity":1,"stroke":"#00ff1e","stroke-width":2}},{"type":"Feature","geometry":{"type":"LineString","coordinates":[[16.576643,52.470005,876.3],[16.580252,52.469212,853.44]]},"properties":{"name":"P-275","description":{"@type":"html","value":"<div><div><span><b>Altitude:</b></span> <span>2,875 ft - 2,800 ft</span></div>\n<div><span><b>Speed:</b></span> <span>196 kt - 194 kt</span></div>\n<div><span><b>Timestamp:</b></span><br/><span>2026-05-21 20:10:44 UTC<br/>2026-05-21 20:10:46 UTC</span></div>\n</div>"},"stroke-opacity":1,"stroke":"#00ff1e","stroke-width":2}},{"type":"Feature","geometry":{"type":"LineString","coordinates":[[16.580252,52.469212,853.44],[16.583023,52.468643,838.2]]},"properties":{"name":"P-276","description":{"@type":"html","value":"<div><div><span><b>Altitude:</b></span> <span>2,800 ft - 2,750 ft</span></div>\n<div><span><b>Speed:</b></span> <span>194 kt</span></div>\n<div><span><b>Timestamp:</b></span><br/><span>2026-05-21 20:10:46 UTC<br/>2026-05-21 20:10:48 UTC</span></div>\n</div>"},"stroke-opacity":1,"stroke":"#00ff1e","stroke-width":2}},{"type":"Feature","geometry":{"type":"LineString","coordinates":[[16.583023,52.468643,838.2],[16.586294,52.467911,822.96]]},"properties":{"name":"P-277","description":{"@type":"html","value":"<div><div><span><b>Altitude:</b></span> <span>2,750 ft - 2,700 ft</span></div>\n<div><span><b>Speed:</b></span> <span>194 kt - 192 kt</span></div>\n<div><span><b>Timestamp:</b></span><br/><span>2026-05-21 20:10:48 UTC<br/>2026-05-21 20:10:50 UTC</span></div>\n</div>"},"stroke-opacity":1,"stroke":"#00ff1e","stroke-width":2}},{"type":"Feature","geometry":{"type":"LineString","coordinates":[[16.586294,52.467911,822.96],[16.588898,52.467361,815.34]]},"properties":{"name":"P-278","description":{"@type":"html","value":"<div><div><span><b>Altitude:</b></span> <span>2,700 ft - 2,675 ft</span></div>\n<div><span><b>Speed:</b></span> <span>192 kt - 191 kt</span></div>\n<div><span><b>Timestamp:</b></span><br/><span>2026-05-21 20:10:50 UTC<br/>2026-05-21 20:10:53 UTC</span></div>\n</div>"},"stroke-opacity":1,"stroke":"#00ff1e","stroke-width":2}},{"type":"Feature","geometry":{"type":"LineString","coordinates":[[16.588898,52.467361,815.34],[16.59218,52.466652,800.1]]},"properties":{"name":"P-279","description":{"@type":"html","value":"<div><div><span><b>Altitude:</b></span> <span>2,675 ft - 2,625 ft</span></div>\n<div><span><b>Speed:</b></span> <span>191 kt</span></div>\n<div><span><b>Timestamp:</b></span><br/><span>2026-05-21 20:10:53 UTC<br/>2026-05-21 20:10:55 UTC</span></div>\n</div>"},"stroke-opacity":1,"stroke":"#00ff1e","stroke-width":2}},{"type":"Feature","geometry":{"type":"LineString","coordinates":[[16.59218,52.466652,800.1],[16.595306,52.465988,784.86]]},"properties":{"name":"P-280","description":{"@type":"html","value":"<div><div><span><b>Altitude:</b></span> <span>2,625 ft - 2,575 ft</span></div>\n<div><span><b>Speed:</b></span> <span>191 kt - 189 kt</span></div>\n<div><span><b>Timestamp:</b></span><br/><span>2026-05-21 20:10:55 UTC<br/>2026-05-21 20:10:57 UTC</span></div>\n</div>"},"stroke-opacity":1,"stroke":"#00ff1e","stroke-width":2}},{"type":"Feature","geometry":{"type":"LineString","coordinates":[[16.595306,52.465988,784.86],[16.597988,52.465397,769.62]]},"properties":{"name":"P-281","description":{"@type":"html","value":"<div><div><span><b>Altitude:</b></span> <span>2,575 ft - 2,525 ft</span></div>\n<div><span><b>Speed:</b></span> <span>189 kt - 187 kt</span></div>\n<div><span><b>Timestamp:</b></span><br/><span>2026-05-21 20:10:57 UTC<br/>2026-05-21 20:10:59 UTC</span></div>\n</div>"},"stroke-opacity":1,"stroke":"#00ff42","stroke-width":2}},{"type":"Feature","geometry":{"type":"LineString","coordinates":[[16.597988,52.465397,769.62],[16.601028,52.464752,762]]},"properties":{"name":"P-282","description":{"@type":"html","value":"<div><div><span><b>Altitude:</b></span> <span>2,525 ft - 2,500 ft</span></div>\n<div><span><b>Speed:</b></span> <span>187 kt - 186 kt</span></div>\n<div><span><b>Timestamp:</b></span><br/><span>2026-05-21 20:10:59 UTC<br/>2026-05-21 20:11:01 UTC</span></div>\n</div>"},"stroke-opacity":1,"stroke":"#00ff42","stroke-width":2}},{"type":"Feature","geometry":{"type":"LineString","coordinates":[[16.601028,52.464752,762],[16.603952,52.464188,754.38]]},"properties":{"name":"P-283","description":{"@type":"html","value":"<div><div><span><b>Altitude:</b></span> <span>2,500 ft - 2,475 ft</span></div>\n<div><span><b>Speed:</b></span> <span>186 kt</span></div>\n<div><span><b>Timestamp:</b></span><br/><span>2026-05-21 20:11:01 UTC<br/>2026-05-21 20:11:04 UTC</span></div>\n</div>"},"stroke-opacity":1,"stroke":"#00ff42","stroke-width":2}},{"type":"Feature","geometry":{"type":"LineString","coordinates":[[16.603952,52.464188,754.38],[16.61232,52.462463,723.9]]},"properties":{"name":"P-284","description":{"@type":"html","value":"<div><div><span><b>Altitude:</b></span> <span>2,475 ft - 2,375 ft</span></div>\n<div><span><b>Speed:</b></span> <span>186 kt - 185 kt</span></div>\n<div><span><b>Timestamp:</b></span><br/><span>2026-05-21 20:11:04 UTC<br/>2026-05-21 20:11:10 UTC</span></div>\n</div>"},"stroke-opacity":1,"stroke":"#00ff42","stroke-width":2}},{"type":"Feature","geometry":{"type":"LineString","coordinates":[[16.61232,52.462463,723.9],[16.621704,52.460541,685.8]]},"properties":{"name":"P-285","description":{"@type":"html","value":"<div><div><span><b>Altitude:</b></span> <span>2,375 ft - 2,250 ft</span></div>\n<div><span><b>Speed:</b></span> <span>185 kt - 186 kt</span></div>\n<div><span><b>Timestamp:</b></span><br/><span>2026-05-21 20:11:10 UTC<br/>2026-05-21 20:11:17 UTC</span></div>\n</div>"},"stroke-opacity":1,"stroke":"#00ff42","stroke-width":2}},{"type":"Feature","geometry":{"type":"LineString","coordinates":[[16.621704,52.460541,685.8],[16.630711,52.45874,655.32]]},"properties":{"name":"P-286","description":{"@type":"html","value":"<div><div><span><b>Altitude:</b></span> <span>2,250 ft - 2,150 ft</span></div>\n<div><span><b>Speed:</b></span> <span>186 kt - 187 kt</span></div>\n<div><span><b>Timestamp:</b></span><br/><span>2026-05-21 20:11:17 UTC<br/>2026-05-21 20:11:24 UTC</span></div>\n</div>"},"stroke-opacity":1,"stroke":"#00ff42","stroke-width":2}},{"type":"Feature","geometry":{"type":"LineString","coordinates":[[16.630711,52.45874,655.32],[16.642227,52.456512,609.6]]},"properties":{"name":"P-287","description":{"@type":"html","value":"<div><div><span><b>Altitude:</b></span> <span>2,150 ft - 2,000 ft</span></div>\n<div><span><b>Speed:</b></span> <span>187 kt - 186 kt</span></div>\n<div><span><b>Timestamp:</b></span><br/><span>2026-05-21 20:11:24 UTC<br/>2026-05-21 20:11:33 UTC</span></div>\n</div>"},"stroke-opacity":1,"stroke":"#00ff42","stroke-width":2}},{"type":"Feature","geometry":{"type":"LineString","coordinates":[[16.642227,52.456512,609.6],[16.651194,52.454781,571.5]]},"properties":{"name":"P-288","description":{"@type":"html","value":"<div><div><span><b>Altitude:</b></span> <span>2,000 ft - 1,875 ft</span></div>\n<div><span><b>Speed:</b></span> <span>186 kt - 185 kt</span></div>\n<div><span><b>Timestamp:</b></span><br/><span>2026-05-21 20:11:33 UTC<br/>2026-05-21 20:11:39 UTC</span></div>\n</div>"},"stroke-opacity":1,"stroke":"#00ff42","stroke-width":2}},{"type":"Feature","geometry":{"type":"LineString","coordinates":[[16.651194,52.454781,571.5],[16.660385,52.453079,541.02]]},"properties":{"name":"P-289","description":{"@type":"html","value":"<div><div><span><b>Altitude:</b></span> <span>1,875 ft - 1,775 ft</span></div>\n<div><span><b>Speed:</b></span> <span>185 kt - 184 kt</span></div>\n<div><span><b>Timestamp:</b></span><br/><span>2026-05-21 20:11:39 UTC<br/>2026-05-21 20:11:46 UTC</span></div>\n</div>"},"stroke-opacity":1,"stroke":"#00ffcc","stroke-width":2}},{"type":"Feature","geometry":{"type":"LineString","coordinates":[[16.660385,52.453079,541.02],[16.671597,52.450966,495.3]]},"properties":{"name":"P-290","description":{"@type":"html","value":"<div><div><span><b>Altitude:</b></span> <span>1,775 ft - 1,625 ft</span></div>\n<div><span><b>Speed:</b></span> <span>184 kt - 181 kt</span></div>\n<div><span><b>Timestamp:</b></span><br/><span>2026-05-21 20:11:46 UTC<br/>2026-05-21 20:11:54 UTC</span></div>\n</div>"},"stroke-opacity":1,"stroke":"#00ffcc","stroke-width":2}},{"type":"Feature","geometry":{"type":"LineString","coordinates":[[16.671597,52.450966,495.3],[16.682112,52.449009,457.2]]},"properties":{"name":"P-291","description":{"@type":"html","value":"<div><div><span><b>Altitude:</b></span> <span>1,625 ft - 1,500 ft</span></div>\n<div><span><b>Speed:</b></span> <span>181 kt - 179 kt</span></div>\n<div><span><b>Timestamp:</b></span><br/><span>2026-05-21 20:11:54 UTC<br/>2026-05-21 20:12:03 UTC</span></div>\n</div>"},"stroke-opacity":1,"stroke":"#00ffcc","stroke-width":2}},{"type":"Feature","geometry":{"type":"LineString","coordinates":[[16.682112,52.449009,457.2],[16.69075,52.447357,426.72]]},"properties":{"name":"P-292","description":{"@type":"html","value":"<div><div><span><b>Altitude:</b></span> <span>1,500 ft - 1,400 ft</span></div>\n<div><span><b>Speed:</b></span> <span>179 kt</span></div>\n<div><span><b>Timestamp:</b></span><br/><span>2026-05-21 20:12:03 UTC<br/>2026-05-21 20:12:09 UTC</span></div>\n</div>"},"stroke-opacity":1,"stroke":"#00ffcc","stroke-width":2}},{"type":"Feature","geometry":{"type":"LineString","coordinates":[[16.69075,52.447357,426.72],[16.701887,52.445194,388.62]]},"properties":{"name":"P-293","description":{"@type":"html","value":"<div><div><span><b>Altitude:</b></span> <span>1,400 ft - 1,275 ft</span></div>\n<div><span><b>Speed:</b></span> <span>179 kt - 176 kt</span></div>\n<div><span><b>Timestamp:</b></span><br/><span>2026-05-21 20:12:09 UTC<br/>2026-05-21 20:12:18 UTC</span></div>\n</div>"},"stroke-opacity":1,"stroke":"#00ffcc","stroke-width":2}},{"type":"Feature","geometry":{"type":"LineString","coordinates":[[16.701887,52.445194,388.62],[16.712795,52.443146,350.52]]},"properties":{"name":"P-294","description":{"@type":"html","value":"<div><div><span><b>Altitude:</b></span> <span>1,275 ft - 1,150 ft</span></div>\n<div><span><b>Speed:</b></span> <span>176 kt - 171 kt</span></div>\n<div><span><b>Timestamp:</b></span><br/><span>2026-05-21 20:12:18 UTC<br/>2026-05-21 20:12:26 UTC</span></div>\n</div>"},"stroke-opacity":1,"stroke":"#00fff0","stroke-width":2}},{"type":"Feature","geometry":{"type":"LineString","coordinates":[[16.712795,52.443146,350.52],[16.720657,52.441635,320.04]]},"properties":{"name":"P-295","description":{"@type":"html","value":"<div><div><span><b>Altitude:</b></span> <span>1,150 ft - 1,050 ft</span></div>\n<div><span><b>Speed:</b></span> <span>171 kt - 168 kt</span></div>\n<div><span><b>Timestamp:</b></span><br/><span>2026-05-21 20:12:26 UTC<br/>2026-05-21 20:12:33 UTC</span></div>\n</div>"},"stroke-opacity":1,"stroke":"#00fff0","stroke-width":2}},{"type":"Feature","geometry":{"type":"LineString","coordinates":[[16.720657,52.441635,320.04],[16.730957,52.439667,274.32]]},"properties":{"name":"P-296","description":{"@type":"html","value":"<div><div><span><b>Altitude:</b></span> <span>1,050 ft - 900 ft</span></div>\n<div><span><b>Speed:</b></span> <span>168 kt - 164 kt</span></div>\n<div><span><b>Timestamp:</b></span><br/><span>2026-05-21 20:12:33 UTC<br/>2026-05-21 20:12:42 UTC</span></div>\n</div>"},"stroke-opacity":1,"stroke":"#00fff0","stroke-width":2}},{"type":"Feature","geometry":{"type":"LineString","coordinates":[[16.730957,52.439667,274.32],[16.741791,52.437607,236.22]]},"properties":{"name":"P-297","description":{"@type":"html","value":"<div><div><span><b>Altitude:</b></span> <span>900 ft - 775 ft</span></div>\n<div><span><b>Speed:</b></span> <span>164 kt - 162 kt</span></div>\n<div><span><b>Timestamp:</b></span><br/><span>2026-05-21 20:12:42 UTC<br/>2026-05-21 20:12:51 UTC</span></div>\n</div>"},"stroke-opacity":1,"stroke":"#00eaff","stroke-width":2}},{"type":"Feature","geometry":{"type":"LineString","coordinates":[[16.741791,52.437607,236.22],[16.749191,52.436142,205.74]]},"properties":{"name":"P-298","description":{"@type":"html","value":"<div><div><span><b>Altitude:</b></span> <span>775 ft - 675 ft</span></div>\n<div><span><b>Speed:</b></span> <span>162 kt - 160 kt</span></div>\n<div><span><b>Timestamp:</b></span><br/><span>2026-05-21 20:12:51 UTC<br/>2026-05-21 20:12:57 UTC</span></div>\n</div>"},"stroke-opacity":1,"stroke":"#00eaff","stroke-width":2}},{"type":"Feature","geometry":{"type":"LineString","coordinates":[[16.749191,52.436142,205.74],[16.75878,52.434299,175.26]]},"properties":{"name":"P-299","description":{"@type":"html","value":"<div><div><span><b>Altitude:</b></span> <span>675 ft - 575 ft</span></div>\n<div><span><b>Speed:</b></span> <span>160 kt - 158 kt</span></div>\n<div><span><b>Timestamp:</b></span><br/><span>2026-05-21 20:12:57 UTC<br/>2026-05-21 20:13:05 UTC</span></div>\n</div>"},"stroke-opacity":1,"stroke":"#00eaff","stroke-width":2}},{"type":"Feature","geometry":{"type":"LineString","coordinates":[[16.75878,52.434299,175.26],[16.766281,52.432846,144.78]]},"properties":{"name":"P-300","description":{"@type":"html","value":"<div><div><span><b>Altitude:</b></span> <span>575 ft - 475 ft</span></div>\n<div><span><b>Speed:</b></span> <span>158 kt - 157 kt</span></div>\n<div><span><b>Timestamp:</b></span><br/><span>2026-05-21 20:13:05 UTC<br/>2026-05-21 20:13:12 UTC</span></div>\n</div>"},"stroke-opacity":1,"stroke":"#62e0ff","stroke-width":2}},{"type":"Feature","geometry":{"type":"LineString","coordinates":[[16.766281,52.432846,144.78],[16.775652,52.430946,114.3]]},"properties":{"name":"P-301","description":{"@type":"html","value":"<div><div><span><b>Altitude:</b></span> <span>475 ft - 375 ft</span></div>\n<div><span><b>Speed:</b></span> <span>157 kt - 155 kt</span></div>\n<div><span><b>Timestamp:</b></span><br/><span>2026-05-21 20:13:12 UTC<br/>2026-05-21 20:13:21 UTC</span></div>\n</div>"},"stroke-opacity":1,"stroke":"#62e0ff","stroke-width":2}},{"type":"Feature","geometry":{"type":"LineString","coordinates":[[16.775652,52.430946,114.3],[16.782913,52.429504,91.44]]},"properties":{"name":"P-302","description":{"@type":"html","value":"<div><div><span><b>Altitude:</b></span> <span>375 ft - 300 ft</span></div>\n<div><span><b>Speed:</b></span> <span>155 kt</span></div>\n<div><span><b>Timestamp:</b></span><br/><span>2026-05-21 20:13:21 UTC<br/>2026-05-21 20:13:27 UTC</span></div>\n</div>"},"stroke-opacity":1,"stroke":"#62e0ff","stroke-width":2}},{"type":"Feature","geometry":{"type":"LineString","coordinates":[[16.782913,52.429504,91.44],[16.792374,52.427673,53.34]]},"properties":{"name":"P-303","description":{"@type":"html","value":"<div><div><span><b>Altitude:</b></span> <span>300 ft - 175 ft</span></div>\n<div><span><b>Speed:</b></span> <span>155 kt - 154 kt</span></div>\n<div><span><b>Timestamp:</b></span><br/><span>2026-05-21 20:13:27 UTC<br/>2026-05-21 20:13:36 UTC</span></div>\n</div>"},"stroke-opacity":1,"stroke":"#ffffff","stroke-width":2}},{"type":"Feature","geometry":{"type":"LineString","coordinates":[[16.792374,52.427673,53.34],[16.801987,52.425751,15.24]]},"properties":{"name":"P-304","description":{"@type":"html","value":"<div><div><span><b>Altitude:</b></span> <span>175 ft - 50 ft</span></div>\n<div><span><b>Speed:</b></span> <span>154 kt - 151 kt</span></div>\n<div><span><b>Timestamp:</b></span><br/><span>2026-05-21 20:13:36 UTC<br/>2026-05-21 20:13:44 UTC</span></div>\n</div>"},"stroke-opacity":1,"stroke":"#ffffff","stroke-width":2}},{"type":"Feature","geometry":{"type":"LineString","coordinates":[[16.801987,52.425751,15.24],[16.809238,52.424335,0]]},"properties":{"name":"P-305","description":{"@type":"html","value":"<div><div><span><b>Altitude:</b></span> <span>50 ft - 0 ft</span></div>\n<div><span><b>Speed:</b></span> <span>151 kt - 148 kt</span></div>\n<div><span><b>Timestamp:</b></span><br/><span>2026-05-21 20:13:44 UTC<br/>2026-05-21 20:13:51 UTC</span></div>\n</div>"},"stroke-opacity":1,"stroke":"#ffffff","stroke-width":2}},{"type":"Feature","geometry":{"type":"LineString","coordinates":[[16.809238,52.424335,0],[16.817932,52.422684,0]]},"properties":{"name":"P-306","description":{"@type":"html","value":"<div><div><span><b>Altitude:</b></span> <span>0 ft</span></div>\n<div><span><b>Speed:</b></span> <span>148 kt - 135 kt</span></div>\n<div><span><b>Timestamp:</b></span><br/><span>2026-05-21 20:13:51 UTC<br/>2026-05-21 20:13:59 UTC</span></div>\n</div>"},"stroke-opacity":1,"stroke":"#ffffff","stroke-width":2}},{"type":"Feature","geometry":{"type":"LineString","coordinates":[[16.817932,52.422684,0],[16.823425,52.421585,0]]},"properties":{"name":"P-307","description":{"@type":"html","value":"<div><div><span><b>Altitude:</b></span> <span>0 ft</span></div>\n<div><span><b>Speed:</b></span> <span>135 kt - 112 kt</span></div>\n<div><span><b>Timestamp:</b></span><br/><span>2026-05-21 20:13:59 UTC<br/>2026-05-21 20:14:06 UTC</span></div>\n</div>"},"stroke-opacity":1,"stroke":"#ffffff","stroke-width":2}},{"type":"Feature","geometry":{"type":"LineString","coordinates":[[16.823425,52.421585,0],[16.827837,52.420753,0]]},"properties":{"name":"P-308","description":{"@type":"html","value":"<div><div><span><b>Altitude:</b></span> <span>0 ft</span></div>\n<div><span><b>Speed:</b></span> <span>112 kt - 80 kt</span></div>\n<div><span><b>Timestamp:</b></span><br/><span>2026-05-21 20:14:06 UTC<br/>2026-05-21 20:14:13 UTC</span></div>\n</div>"},"stroke-opacity":1,"stroke":"#ffffff","stroke-width":2}},{"type":"Feature","geometry":{"type":"LineString","coordinates":[[16.827837,52.420753,0],[16.831329,52.42009,0]]},"properties":{"name":"P-309","description":{"@type":"html","value":"<div><div><span><b>Altitude:</b></span> <span>0 ft</span></div>\n<div><span><b>Speed:</b></span> <span>80 kt - 53 kt</span></div>\n<div><span><b>Timestamp:</b></span><br/><span>2026-05-21 20:14:13 UTC<br/>2026-05-21 20:14:21 UTC</span></div>\n</div>"},"stroke-opacity":1,"stroke":"#ffffff","stroke-width":2}},{"type":"Feature","geometry":{"type":"LineString","coordinates":[[16.831329,52.42009,0],[16.833212,52.419704,0]]},"properties":{"name":"P-310","description":{"@type":"html","value":"<div><div><span><b>Altitude:</b></span> <span>0 ft</span></div>\n<div><span><b>Speed:</b></span> <span>53 kt - 35 kt</span></div>\n<div><span><b>Timestamp:</b></span><br/><span>2026-05-21 20:14:21 UTC<br/>2026-05-21 20:14:28 UTC</span></div>\n</div>"},"stroke-opacity":1,"stroke":"#ffffff","stroke-width":2}},{"type":"Feature","geometry":{"type":"LineString","coordinates":[[16.833212,52.419704,0],[16.833858,52.419559,0]]},"properties":{"name":"P-311","description":{"@type":"html","value":"<div><div><span><b>Altitude:</b></span> <span>0 ft</span></div>\n<div><span><b>Speed:</b></span> <span>35 kt - 33 kt</span></div>\n<div><span><b>Timestamp:</b></span><br/><span>2026-05-21 20:14:28 UTC<br/>2026-05-21 20:14:30 UTC</span></div>\n</div>"},"stroke-opacity":1,"stroke":"#ffffff","stroke-width":2}},{"type":"Feature","geometry":{"type":"LineString","coordinates":[[16.833858,52.419559,0],[16.834173,52.419472,0]]},"properties":{"name":"P-312","description":{"@type":"html","value":"<div><div><span><b>Altitude:</b></span> <span>0 ft</span></div>\n<div><span><b>Speed:</b></span> <span>33 kt</span></div>\n<div><span><b>Timestamp:</b></span><br/><span>2026-05-21 20:14:30 UTC<br/>2026-05-21 20:14:32 UTC</span></div>\n</div>"},"stroke-opacity":1,"stroke":"#ffffff","stroke-width":2}},{"type":"Feature","geometry":{"type":"LineString","coordinates":[[16.834173,52.419472,0],[16.834391,52.419403,0]]},"properties":{"name":"P-313","description":{"@type":"html","value":"<div><div><span><b>Altitude:</b></span> <span>0 ft</span></div>\n<div><span><b>Speed:</b></span> <span>33 kt</span></div>\n<div><span><b>Timestamp:</b></span><br/><span>2026-05-21 20:14:32 UTC<br/>2026-05-21 20:14:33 UTC</span></div>\n</div>"},"stroke-opacity":1,"stroke":"#ffffff","stroke-width":2}},{"type":"Feature","geometry":{"type":"LineString","coordinates":[[16.834391,52.419403,0],[16.834812,52.419262,0]]},"properties":{"name":"P-314","description":{"@type":"html","value":"<div><div><span><b>Altitude:</b></span> <span>0 ft</span></div>\n<div><span><b>Speed:</b></span> <span>33 kt - 31 kt</span></div>\n<div><span><b>Timestamp:</b></span><br/><span>2026-05-21 20:14:33 UTC<br/>2026-05-21 20:14:35 UTC</span></div>\n</div>"},"stroke-opacity":1,"stroke":"#ffffff","stroke-width":2}},{"type":"Feature","geometry":{"type":"LineString","coordinates":[[16.834812,52.419262,0],[16.835155,52.419113,0]]},"properties":{"name":"P-315","description":{"@type":"html","value":"<div><div><span><b>Altitude:</b></span> <span>0 ft</span></div>\n<div><span><b>Speed:</b></span> <span>31 kt - 28 kt</span></div>\n<div><span><b>Timestamp:</b></span><br/><span>2026-05-21 20:14:35 UTC<br/>2026-05-21 20:14:37 UTC</span></div>\n</div>"},"stroke-opacity":1,"stroke":"#ffffff","stroke-width":2}},{"type":"Feature","geometry":{"type":"LineString","coordinates":[[16.835155,52.419113,0],[16.835384,52.41901,0]]},"properties":{"name":"P-316","description":{"@type":"html","value":"<div><div><span><b>Altitude:</b></span> <span>0 ft</span></div>\n<div><span><b>Speed:</b></span> <span>28 kt - 27 kt</span></div>\n<div><span><b>Timestamp:</b></span><br/><span>2026-05-21 20:14:37 UTC<br/>2026-05-21 20:14:38 UTC</span></div>\n</div>"},"stroke-opacity":1,"stroke":"#ffffff","stroke-width":2}},{"type":"Feature","geometry":{"type":"LineString","coordinates":[[16.835384,52.41901,0],[16.835783,52.418819,0]]},"properties":{"name":"P-317","description":{"@type":"html","value":"<div><div><span><b>Altitude:</b></span> <span>0 ft</span></div>\n<div><span><b>Speed:</b></span> <span>27 kt - 25 kt</span></div>\n<div><span><b>Timestamp:</b></span><br/><span>2026-05-21 20:14:38 UTC<br/>2026-05-21 20:14:41 UTC</span></div>\n</div>"},"stroke-opacity":1,"stroke":"#ffffff","stroke-width":2}},{"type":"Feature","geometry":{"type":"LineString","coordinates":[[16.835783,52.418819,0],[16.836071,52.418667,0]]},"properties":{"name":"P-318","description":{"@type":"html","value":"<div><div><span><b>Altitude:</b></span> <span>0 ft</span></div>\n<div><span><b>Speed:</b></span> <span>25 kt</span></div>\n<div><span><b>Timestamp:</b></span><br/><span>2026-05-21 20:14:41 UTC<br/>2026-05-21 20:14:43 UTC</span></div>\n</div>"},"stroke-opacity":1,"stroke":"#ffffff","stroke-width":2}},{"type":"Feature","geometry":{"type":"LineString","coordinates":[[16.836071,52.418667,0],[16.836351,52.418507,0]]},"properties":{"name":"P-319","description":{"@type":"html","value":"<div><div><span><b>Altitude:</b></span> <span>0 ft</span></div>\n<div><span><b>Speed:</b></span> <span>25 kt - 24 kt</span></div>\n<div><span><b>Timestamp:</b></span><br/><span>2026-05-21 20:14:43 UTC<br/>2026-05-21 20:14:45 UTC</span></div>\n</div>"},"stroke-opacity":1,"stroke":"#ffffff","stroke-width":2}},{"type":"Feature","geometry":{"type":"LineString","coordinates":[[16.836351,52.418507,0],[16.836685,52.418297,0]]},"properties":{"name":"P-320","description":{"@type":"html","value":"<div><div><span><b>Altitude:</b></span> <span>0 ft</span></div>\n<div><span><b>Speed:</b></span> <span>24 kt - 21 kt</span></div>\n<div><span><b>Timestamp:</b></span><br/><span>2026-05-21 20:14:45 UTC<br/>2026-05-21 20:14:48 UTC</span></div>\n</div>"},"stroke-opacity":1,"stroke":"#ffffff","stroke-width":2}},{"type":"Feature","geometry":{"type":"LineString","coordinates":[[16.836685,52.418297,0],[16.836901,52.418144,0]]},"properties":{"name":"P-321","description":{"@type":"html","value":"<div><div><span><b>Altitude:</b></span> <span>0 ft</span></div>\n<div><span><b>Speed:</b></span> <span>21 kt - 18 kt</span></div>\n<div><span><b>Timestamp:</b></span><br/><span>2026-05-21 20:14:48 UTC<br/>2026-05-21 20:14:50 UTC</span></div>\n</div>"},"stroke-opacity":1,"stroke":"#ffffff","stroke-width":2}},{"type":"Feature","geometry":{"type":"LineString","coordinates":[[16.836901,52.418144,0],[16.837137,52.417984,0]]},"properties":{"name":"P-322","description":{"@type":"html","value":"<div><div><span><b>Altitude:</b></span> <span>0 ft</span></div>\n<div><span><b>Speed:</b></span> <span>18 kt - 13 kt</span></div>\n<div><span><b>Timestamp:</b></span><br/><span>2026-05-21 20:14:50 UTC<br/>2026-05-21 20:14:54 UTC</span></div>\n</div>"},"stroke-opacity":1,"stroke":"#ffffff","stroke-width":2}},{"type":"Feature","geometry":{"type":"LineString","coordinates":[[16.837137,52.417984,0],[16.837368,52.417831,0]]},"properties":{"name":"P-323","description":{"@type":"html","value":"<div><div><span><b>Altitude:</b></span> <span>0 ft</span></div>\n<div><span><b>Speed:</b></span> <span>13 kt - 9 kt</span></div>\n<div><span><b>Timestamp:</b></span><br/><span>2026-05-21 20:14:54 UTC<br/>2026-05-21 20:14:59 UTC</span></div>\n</div>"},"stroke-opacity":1,"stroke":"#ffffff","stroke-width":2}},{"type":"Feature","geometry":{"type":"LineString","coordinates":[[16.837368,52.417831,0],[16.83754,52.417603,0]]},"properties":{"name":"P-324","description":{"@type":"html","value":"<div><div><span><b>Altitude:</b></span> <span>0 ft</span></div>\n<div><span><b>Speed:</b></span> <span>9 kt - 11 kt</span></div>\n<div><span><b>Timestamp:</b></span><br/><span>2026-05-21 20:14:59 UTC<br/>2026-05-21 20:15:04 UTC</span></div>\n</div>"},"stroke-opacity":1,"stroke":"#ffffff","stroke-width":2}},{"type":"Feature","geometry":{"type":"LineString","coordinates":[[16.83754,52.417603,0],[16.837469,52.417366,0]]},"properties":{"name":"P-325","description":{"@type":"html","value":"<div><div><span><b>Altitude:</b></span> <span>0 ft</span></div>\n<div><span><b>Speed:</b></span> <span>11 kt - 12 kt</span></div>\n<div><span><b>Timestamp:</b></span><br/><span>2026-05-21 20:15:04 UTC<br/>2026-05-21 20:15:09 UTC</span></div>\n</div>"},"stroke-opacity":1,"stroke":"#ffffff","stroke-width":2}},{"type":"Feature","geometry":{"type":"LineString","coordinates":[[16.837469,52.417366,0],[16.837175,52.417263,0]]},"properties":{"name":"P-326","description":{"@type":"html","value":"<div><div><span><b>Altitude:</b></span> <span>0 ft</span></div>\n<div><span><b>Speed:</b></span> <span>12 kt</span></div>\n<div><span><b>Timestamp:</b></span><br/><span>2026-05-21 20:15:09 UTC<br/>2026-05-21 20:15:12 UTC</span></div>\n</div>"},"stroke-opacity":1,"stroke":"#ffffff","stroke-width":2}},{"type":"Feature","geometry":{"type":"LineString","coordinates":[[16.837175,52.417263,0],[16.836941,52.417263,0]]},"properties":{"name":"P-327","description":{"@type":"html","value":"<div><div><span><b>Altitude:</b></span> <span>0 ft</span></div>\n<div><span><b>Speed:</b></span> <span>12 kt</span></div>\n<div><span><b>Timestamp:</b></span><br/><span>2026-05-21 20:15:12 UTC<br/>2026-05-21 20:15:15 UTC</span></div>\n</div>"},"stroke-opacity":1,"stroke":"#ffffff","stroke-width":2}},{"type":"Feature","geometry":{"type":"LineString","coordinates":[[16.836941,52.417263,0],[16.83672,52.417305,0]]},"properties":{"name":"P-328","description":{"@type":"html","value":"<div><div><span><b>Altitude:</b></span> <span>0 ft</span></div>\n<div><span><b>Speed:</b></span> <span>12 kt</span></div>\n<div><span><b>Timestamp:</b></span><br/><span>2026-05-21 20:15:15 UTC<br/>2026-05-21 20:15:17 UTC</span></div>\n</div>"},"stroke-opacity":1,"stroke":"#ffffff","stroke-width":2}},{"type":"Feature","geometry":{"type":"LineString","coordinates":[[16.83672,52.417305,0],[16.836411,52.417377,0]]},"properties":{"name":"P-329","description":{"@type":"html","value":"<div><div><span><b>Altitude:</b></span> <span>0 ft</span></div>\n<div><span><b>Speed:</b></span> <span>12 kt - 13 kt</span></div>\n<div><span><b>Timestamp:</b></span><br/><span>2026-05-21 20:15:17 UTC<br/>2026-05-21 20:15:20 UTC</span></div>\n</div>"},"stroke-opacity":1,"stroke":"#ffffff","stroke-width":2}},{"type":"Feature","geometry":{"type":"LineString","coordinates":[[16.836411,52.417377,0],[16.836155,52.417423,0]]},"properties":{"name":"P-330","description":{"@type":"html","value":"<div><div><span><b>Altitude:</b></span> <span>0 ft</span></div>\n<div><span><b>Speed:</b></span> <span>13 kt - 15 kt</span></div>\n<div><span><b>Timestamp:</b></span><br/><span>2026-05-21 20:15:20 UTC<br/>2026-05-21 20:15:22 UTC</span></div>\n</div>"},"stroke-opacity":1,"stroke":"#ffffff","stroke-width":2}},{"type":"Feature","geometry":{"type":"LineString","coordinates":[[16.836155,52.417423,0],[16.835918,52.417465,0]]},"properties":{"name":"P-331","description":{"@type":"html","value":"<div><div><span><b>Altitude:</b></span> <span>0 ft</span></div>\n<div><span><b>Speed:</b></span> <span>15 kt - 16 kt</span></div>\n<div><span><b>Timestamp:</b></span><br/><span>2026-05-21 20:15:22 UTC<br/>2026-05-21 20:15:25 UTC</span></div>\n</div>"},"stroke-opacity":1,"stroke":"#ffffff","stroke-width":2}},{"type":"Feature","geometry":{"type":"LineString","coordinates":[[16.835918,52.417465,0],[16.83569,52.417511,0]]},"properties":{"name":"P-332","description":{"@type":"html","value":"<div><div><span><b>Altitude:</b></span> <span>0 ft</span></div>\n<div><span><b>Speed:</b></span> <span>16 kt - 18 kt</span></div>\n<div><span><b>Timestamp:</b></span><br/><span>2026-05-21 20:15:25 UTC<br/>2026-05-21 20:15:26 UTC</span></div>\n</div>"},"stroke-opacity":1,"stroke":"#ffffff","stroke-width":2}},{"type":"Feature","geometry":{"type":"LineString","coordinates":[[16.83569,52.417511,0],[16.835384,52.417568,0]]},"properties":{"name":"P-333","description":{"@type":"html","value":"<div><div><span><b>Altitude:</b></span> <span>0 ft</span></div>\n<div><span><b>Speed:</b></span> <span>18 kt - 19 kt</span></div>\n<div><span><b>Timestamp:</b></span><br/><span>2026-05-21 20:15:26 UTC<br/>2026-05-21 20:15:28 UTC</span></div>\n</div>"},"stroke-opacity":1,"stroke":"#ffffff","stroke-width":2}},{"type":"Feature","geometry":{"type":"LineString","coordinates":[[16.835384,52.417568,0],[16.835175,52.417614,0]]},"properties":{"name":"P-334","description":{"@type":"html","value":"<div><div><span><b>Altitude:</b></span> <span>0 ft</span></div>\n<div><span><b>Speed:</b></span> <span>19 kt - 20 kt</span></div>\n<div><span><b>Timestamp:</b></span><br/><span>2026-05-21 20:15:28 UTC<br/>2026-05-21 20:15:30 UTC</span></div>\n</div>"},"stroke-opacity":1,"stroke":"#ffffff","stroke-width":2}},{"type":"Feature","geometry":{"type":"LineString","coordinates":[[16.835175,52.417614,0],[16.834869,52.417671,0]]},"properties":{"name":"P-335","description":{"@type":"html","value":"<div><div><span><b>Altitude:</b></span> <span>0 ft</span></div>\n<div><span><b>Speed:</b></span> <span>20 kt</span></div>\n<div><span><b>Timestamp:</b></span><br/><span>2026-05-21 20:15:30 UTC<br/>2026-05-21 20:15:32 UTC</span></div>\n</div>"},"stroke-opacity":1,"stroke":"#ffffff","stroke-width":2}},{"type":"Feature","geometry":{"type":"LineString","coordinates":[[16.834869,52.417671,0],[16.834606,52.417728,0]]},"properties":{"name":"P-336","description":{"@type":"html","value":"<div><div><span><b>Altitude:</b></span> <span>0 ft</span></div>\n<div><span><b>Speed:</b></span> <span>20 kt - 21 kt</span></div>\n<div><span><b>Timestamp:</b></span><br/><span>2026-05-21 20:15:32 UTC<br/>2026-05-21 20:15:33 UTC</span></div>\n</div>"},"stroke-opacity":1,"stroke":"#ffffff","stroke-width":2}},{"type":"Feature","geometry":{"type":"LineString","coordinates":[[16.834606,52.417728,0],[16.833515,52.417923,0]]},"properties":{"name":"P-337","description":{"@type":"html","value":"<div><div><span><b>Altitude:</b></span> <span>0 ft</span></div>\n<div><span><b>Speed:</b></span> <span>21 kt</span></div>\n<div><span><b>Timestamp:</b></span><br/><span>2026-05-21 20:15:33 UTC<br/>2026-05-21 20:15:40 UTC</span></div>\n</div>"},"stroke-opacity":1,"stroke":"#ffffff","stroke-width":2}},{"type":"Feature","geometry":{"type":"LineString","coordinates":[[16.833515,52.417923,0],[16.832821,52.418064,0]]},"properties":{"name":"P-338","description":{"@type":"html","value":"<div><div><span><b>Altitude:</b></span> <span>0 ft</span></div>\n<div><span><b>Speed:</b></span> <span>21 kt - 20 kt</span></div>\n<div><span><b>Timestamp:</b></span><br/><span>2026-05-21 20:15:40 UTC<br/>2026-05-21 20:15:45 UTC</span></div>\n</div>"},"stroke-opacity":1,"stroke":"#ffffff","stroke-width":2}},{"type":"Feature","geometry":{"type":"LineString","coordinates":[[16.832821,52.418064,0],[16.832506,52.418133,0]]},"properties":{"name":"P-339","description":{"@type":"html","value":"<div><div><span><b>Altitude:</b></span> <span>0 ft</span></div>\n<div><span><b>Speed:</b></span> <span>20 kt</span></div>\n<div><span><b>Timestamp:</b></span><br/><span>2026-05-21 20:15:45 UTC<br/>2026-05-21 20:15:47 UTC</span></div>\n</div>"},"stroke-opacity":1,"stroke":"#ffffff","stroke-width":2}},{"type":"Feature","geometry":{"type":"LineString","coordinates":[[16.832506,52.418133,0],[16.832161,52.418198,0]]},"properties":{"name":"P-340","description":{"@type":"html","value":"<div><div><span><b>Altitude:</b></span> <span>0 ft</span></div>\n<div><span><b>Speed:</b></span> <span>20 kt</span></div>\n<div><span><b>Timestamp:</b></span><br/><span>2026-05-21 20:15:47 UTC<br/>2026-05-21 20:15:49 UTC</span></div>\n</div>"},"stroke-opacity":1,"stroke":"#ffffff","stroke-width":2}},{"type":"Feature","geometry":{"type":"LineString","coordinates":[[16.832161,52.418198,0],[16.831957,52.418228,0]]},"properties":{"name":"P-341","description":{"@type":"html","value":"<div><div><span><b>Altitude:</b></span> <span>0 ft</span></div>\n<div><span><b>Speed:</b></span> <span>20 kt</span></div>\n<div><span><b>Timestamp:</b></span><br/><span>2026-05-21 20:15:49 UTC<br/>2026-05-21 20:15:51 UTC</span></div>\n</div>"},"stroke-opacity":1,"stroke":"#ffffff","stroke-width":2}},{"type":"Feature","geometry":{"type":"LineString","coordinates":[[16.831957,52.418228,0],[16.831627,52.418289,0]]},"properties":{"name":"P-342","description":{"@type":"html","value":"<div><div><span><b>Altitude:</b></span> <span>0 ft</span></div>\n<div><span><b>Speed:</b></span> <span>20 kt</span></div>\n<div><span><b>Timestamp:</b></span><br/><span>2026-05-21 20:15:51 UTC<br/>2026-05-21 20:15:53 UTC</span></div>\n</div>"},"stroke-opacity":1,"stroke":"#ffffff","stroke-width":2}},{"type":"Feature","geometry":{"type":"LineString","coordinates":[[16.831627,52.418289,0],[16.831289,52.418365,0]]},"properties":{"name":"P-343","description":{"@type":"html","value":"<div><div><span><b>Altitude:</b></span> <span>0 ft</span></div>\n<div><span><b>Speed:</b></span> <span>20 kt</span></div>\n<div><span><b>Timestamp:</b></span><br/><span>2026-05-21 20:15:53 UTC<br/>2026-05-21 20:15:55 UTC</span></div>\n</div>"},"stroke-opacity":1,"stroke":"#ffffff","stroke-width":2}},{"type":"Feature","geometry":{"type":"LineString","coordinates":[[16.831289,52.418365,0],[16.830957,52.418427,0]]},"properties":{"name":"P-344","description":{"@type":"html","value":"<div><div><span><b>Altitude:</b></span> <span>0 ft</span></div>\n<div><span><b>Speed:</b></span> <span>20 kt</span></div>\n<div><span><b>Timestamp:</b></span><br/><span>2026-05-21 20:15:55 UTC<br/>2026-05-21 20:15:58 UTC</span></div>\n</div>"},"stroke-opacity":1,"stroke":"#ffffff","stroke-width":2}},{"type":"Feature","geometry":{"type":"LineString","coordinates":[[16.830957,52.418427,0],[16.830654,52.418484,0]]},"properties":{"name":"P-345","description":{"@type":"html","value":"<div><div><span><b>Altitude:</b></span> <span>0 ft</span></div>\n<div><span><b>Speed:</b></span> <span>20 kt</span></div>\n<div><span><b>Timestamp:</b></span><br/><span>2026-05-21 20:15:58 UTC<br/>2026-05-21 20:16:00 UTC</span></div>\n</div>"},"stroke-opacity":1,"stroke":"#ffffff","stroke-width":2}},{"type":"Feature","geometry":{"type":"LineString","coordinates":[[16.830654,52.418484,0],[16.830254,52.418564,0]]},"properties":{"name":"P-346","description":{"@type":"html","value":"<div><div><span><b>Altitude:</b></span> <span>0 ft</span></div>\n<div><span><b>Speed:</b></span> <span>20 kt</span></div>\n<div><span><b>Timestamp:</b></span><br/><span>2026-05-21 20:16:00 UTC<br/>2026-05-21 20:16:02 UTC</span></div>\n</div>"},"stroke-opacity":1,"stroke":"#ffffff","stroke-width":2}},{"type":"Feature","geometry":{"type":"LineString","coordinates":[[16.830254,52.418564,0],[16.830034,52.41861,0]]},"properties":{"name":"P-347","description":{"@type":"html","value":"<div><div><span><b>Altitude:</b></span> <span>0 ft</span></div>\n<div><span><b>Speed:</b></span> <span>20 kt - 19 kt</span></div>\n<div><span><b>Timestamp:</b></span><br/><span>2026-05-21 20:16:02 UTC<br/>2026-05-21 20:16:04 UTC</span></div>\n</div>"},"stroke-opacity":1,"stroke":"#ffffff","stroke-width":2}},{"type":"Feature","geometry":{"type":"LineString","coordinates":[[16.830034,52.41861,0],[16.829819,52.418648,0]]},"properties":{"name":"P-348","description":{"@type":"html","value":"<div><div><span><b>Altitude:</b></span> <span>0 ft</span></div>\n<div><span><b>Speed:</b></span> <span>19 kt - 18 kt</span></div>\n<div><span><b>Timestamp:</b></span><br/><span>2026-05-21 20:16:04 UTC<br/>2026-05-21 20:16:06 UTC</span></div>\n</div>"},"stroke-opacity":1,"stroke":"#ffffff","stroke-width":2}},{"type":"Feature","geometry":{"type":"LineString","coordinates":[[16.829819,52.418648,0],[16.829529,52.418644,0]]},"properties":{"name":"P-349","description":{"@type":"html","value":"<div><div><span><b>Altitude:</b></span> <span>0 ft</span></div>\n<div><span><b>Speed:</b></span> <span>18 kt - 16 kt</span></div>\n<div><span><b>Timestamp:</b></span><br/><span>2026-05-21 20:16:06 UTC<br/>2026-05-21 20:16:08 UTC</span></div>\n</div>"},"stroke-opacity":1,"stroke":"#ffffff","stroke-width":2}},{"type":"Feature","geometry":{"type":"LineString","coordinates":[[16.829529,52.418644,0],[16.8293,52.418564,0]]},"properties":{"name":"P-350","description":{"@type":"html","value":"<div><div><span><b>Altitude:</b></span> <span>0 ft</span></div>\n<div><span><b>Speed:</b></span> <span>16 kt - 15 kt</span></div>\n<div><span><b>Timestamp:</b></span><br/><span>2026-05-21 20:16:08 UTC<br/>2026-05-21 20:16:10 UTC</span></div>\n</div>"},"stroke-opacity":1,"stroke":"#ffffff","stroke-width":2}},{"type":"Feature","geometry":{"type":"LineString","coordinates":[[16.8293,52.418564,0],[16.829073,52.41832,0]]},"properties":{"name":"P-351","description":{"@type":"html","value":"<div><div><span><b>Altitude:</b></span> <span>0 ft</span></div>\n<div><span><b>Speed:</b></span> <span>15 kt - 16 kt</span></div>\n<div><span><b>Timestamp:</b></span><br/><span>2026-05-21 20:16:10 UTC<br/>2026-05-21 20:16:14 UTC</span></div>\n</div>"},"stroke-opacity":1,"stroke":"#ffffff","stroke-width":2}},{"type":"Feature","geometry":{"type":"LineString","coordinates":[[16.829073,52.41832,0],[16.828918,52.418049,0]]},"properties":{"name":"P-352","description":{"@type":"html","value":"<div><div><span><b>Altitude:</b></span> <span>0 ft</span></div>\n<div><span><b>Speed:</b></span> <span>16 kt - 17 kt</span></div>\n<div><span><b>Timestamp:</b></span><br/><span>2026-05-21 20:16:14 UTC<br/>2026-05-21 20:16:17 UTC</span></div>\n</div>"},"stroke-opacity":1,"stroke":"#ffffff","stroke-width":2}},{"type":"Feature","geometry":{"type":"LineString","coordinates":[[16.828918,52.418049,0],[16.828779,52.417751,0]]},"properties":{"name":"P-353","description":{"@type":"html","value":"<div><div><span><b>Altitude:</b></span> <span>0 ft</span></div>\n<div><span><b>Speed:</b></span> <span>17 kt</span></div>\n<div><span><b>Timestamp:</b></span><br/><span>2026-05-21 20:16:17 UTC<br/>2026-05-21 20:16:21 UTC</span></div>\n</div>"},"stroke-opacity":1,"stroke":"#ffffff","stroke-width":2}},{"type":"Feature","geometry":{"type":"LineString","coordinates":[[16.828779,52.417751,0],[16.82868,52.417542,0]]},"properties":{"name":"P-354","description":{"@type":"html","value":"<div><div><span><b>Altitude:</b></span> <span>0 ft</span></div>\n<div><span><b>Speed:</b></span> <span>17 kt - 18 kt</span></div>\n<div><span><b>Timestamp:</b></span><br/><span>2026-05-21 20:16:21 UTC<br/>2026-05-21 20:16:24 UTC</span></div>\n</div>"},"stroke-opacity":1,"stroke":"#ffffff","stroke-width":2}},{"type":"Feature","geometry":{"type":"LineString","coordinates":[[16.82868,52.417542,0],[16.828543,52.417297,0]]},"properties":{"name":"P-355","description":{"@type":"html","value":"<div><div><span><b>Altitude:</b></span> <span>0 ft</span></div>\n<div><span><b>Speed:</b></span> <span>18 kt</span></div>\n<div><span><b>Timestamp:</b></span><br/><span>2026-05-21 20:16:24 UTC<br/>2026-05-21 20:16:27 UTC</span></div>\n</div>"},"stroke-opacity":1,"stroke":"#ffffff","stroke-width":2}},{"type":"Feature","geometry":{"type":"LineString","coordinates":[[16.828543,52.417297,0],[16.828442,52.417088,0]]},"properties":{"name":"P-356","description":{"@type":"html","value":"<div><div><span><b>Altitude:</b></span> <span>0 ft</span></div>\n<div><span><b>Speed:</b></span> <span>18 kt - 19 kt</span></div>\n<div><span><b>Timestamp:</b></span><br/><span>2026-05-21 20:16:27 UTC<br/>2026-05-21 20:16:29 UTC</span></div>\n</div>"},"stroke-opacity":1,"stroke":"#ffffff","stroke-width":2}},{"type":"Feature","geometry":{"type":"LineString","coordinates":[[16.828442,52.417088,0],[16.828289,52.416843,0]]},"properties":{"name":"P-357","description":{"@type":"html","value":"<div><div><span><b>Altitude:</b></span> <span>0 ft</span></div>\n<div><span><b>Speed:</b></span> <span>19 kt - 17 kt</span></div>\n<div><span><b>Timestamp:</b></span><br/><span>2026-05-21 20:16:29 UTC<br/>2026-05-21 20:16:32 UTC</span></div>\n</div>"},"stroke-opacity":1,"stroke":"#ffffff","stroke-width":2}},{"type":"Feature","geometry":{"type":"LineString","coordinates":[[16.828289,52.416843,0],[16.827974,52.416702,0]]},"properties":{"name":"P-358","description":{"@type":"html","value":"<div><div><span><b>Altitude:</b></span> <span>0 ft</span></div>\n<div><span><b>Speed:</b></span> <span>17 kt - 16 kt</span></div>\n<div><span><b>Timestamp:</b></span><br/><span>2026-05-21 20:16:32 UTC<br/>2026-05-21 20:16:35 UTC</span></div>\n</div>"},"stroke-opacity":1,"stroke":"#ffffff","stroke-width":2}},{"type":"Feature","geometry":{"type":"LineString","coordinates":[[16.827974,52.416702,0],[16.827641,52.416698,0]]},"properties":{"name":"P-359","description":{"@type":"html","value":"<div><div><span><b>Altitude:</b></span> <span>0 ft</span></div>\n<div><span><b>Speed:</b></span> <span>16 kt</span></div>\n<div><span><b>Timestamp:</b></span><br/><span>2026-05-21 20:16:35 UTC<br/>2026-05-21 20:16:38 UTC</span></div>\n</div>"},"stroke-opacity":1,"stroke":"#ffffff","stroke-width":2}},{"type":"Feature","geometry":{"type":"LineString","coordinates":[[16.827641,52.416698,0],[16.827269,52.416702,0]]},"properties":{"name":"P-360","description":{"@type":"html","value":"<div><div><span><b>Altitude:</b></span> <span>0 ft</span></div>\n<div><span><b>Speed:</b></span> <span>16 kt - 15 kt</span></div>\n<div><span><b>Timestamp:</b></span><br/><span>2026-05-21 20:16:38 UTC<br/>2026-05-21 20:16:41 UTC</span></div>\n</div>"},"stroke-opacity":1,"stroke":"#ffffff","stroke-width":2}},{"type":"Feature","geometry":{"type":"LineString","coordinates":[[16.827269,52.416702,0],[16.827013,52.416714,0]]},"properties":{"name":"P-361","description":{"@type":"html","value":"<div><div><span><b>Altitude:</b></span> <span>0 ft</span></div>\n<div><span><b>Speed:</b></span> <span>15 kt</span></div>\n<div><span><b>Timestamp:</b></span><br/><span>2026-05-21 20:16:41 UTC<br/>2026-05-21 20:16:43 UTC</span></div>\n</div>"},"stroke-opacity":1,"stroke":"#ffffff","stroke-width":2}},{"type":"Feature","geometry":{"type":"LineString","coordinates":[[16.827013,52.416714,0],[16.826679,52.416725,0]]},"properties":{"name":"P-362","description":{"@type":"html","value":"<div><div><span><b>Altitude:</b></span> <span>0 ft</span></div>\n<div><span><b>Speed:</b></span> <span>15 kt</span></div>\n<div><span><b>Timestamp:</b></span><br/><span>2026-05-21 20:16:43 UTC<br/>2026-05-21 20:16:46 UTC</span></div>\n</div>"},"stroke-opacity":1,"stroke":"#ffffff","stroke-width":2}},{"type":"Feature","geometry":{"type":"LineString","coordinates":[[16.826679,52.416725,0],[16.82642,52.416733,0]]},"properties":{"name":"P-363","description":{"@type":"html","value":"<div><div><span><b>Altitude:</b></span> <span>0 ft</span></div>\n<div><span><b>Speed:</b></span> <span>15 kt</span></div>\n<div><span><b>Timestamp:</b></span><br/><span>2026-05-21 20:16:46 UTC<br/>2026-05-21 20:16:48 UTC</span></div>\n</div>"},"stroke-opacity":1,"stroke":"#ffffff","stroke-width":2}},{"type":"Feature","geometry":{"type":"LineString","coordinates":[[16.82642,52.416733,0],[16.826111,52.416679,0]]},"properties":{"name":"P-364","description":{"@type":"html","value":"<div><div><span><b>Altitude:</b></span> <span>0 ft</span></div>\n<div><span><b>Speed:</b></span> <span>15 kt - 14 kt</span></div>\n<div><span><b>Timestamp:</b></span><br/><span>2026-05-21 20:16:48 UTC<br/>2026-05-21 20:16:51 UTC</span></div>\n</div>"},"stroke-opacity":1,"stroke":"#ffffff","stroke-width":2}},{"type":"Feature","geometry":{"type":"LineString","coordinates":[[16.826111,52.416679,0],[16.825933,52.416401,0]]},"properties":{"name":"P-365","description":{"@type":"html","value":"<div><div><span><b>Altitude:</b></span> <span>0 ft</span></div>\n<div><span><b>Speed:</b></span> <span>14 kt - 13 kt</span></div>\n<div><span><b>Timestamp:</b></span><br/><span>2026-05-21 20:16:51 UTC<br/>2026-05-21 20:16:56 UTC</span></div>\n</div>"},"stroke-opacity":1,"stroke":"#ffffff","stroke-width":2}},{"type":"Feature","geometry":{"type":"LineString","coordinates":[[16.825933,52.416401,0],[16.825943,52.416161,0]]},"properties":{"name":"P-366","description":{"@type":"html","value":"<div><div><span><b>Altitude:</b></span> <span>0 ft</span></div>\n<div><span><b>Speed:</b></span> <span>13 kt - 9 kt</span></div>\n<div><span><b>Timestamp:</b></span><br/><span>2026-05-21 20:16:56 UTC<br/>2026-05-21 20:17:02 UTC</span></div>\n</div>"},"stroke-opacity":1,"stroke":"#ffffff","stroke-width":2}},{"type":"Feature","geometry":{"type":"LineString","coordinates":[[16.825943,52.416161,0],[16.825905,52.415943,0]]},"properties":{"name":"P-367","description":{"@type":"html","value":"<div><div><span><b>Altitude:</b></span> <span>0 ft</span></div>\n<div><span><b>Speed:</b></span> <span>9 kt - 7 kt</span></div>\n<div><span><b>Timestamp:</b></span><br/><span>2026-05-21 20:17:02 UTC<br/>2026-05-21 20:17:08 UTC</span></div>\n</div>"},"stroke-opacity":1,"stroke":"#ffffff","stroke-width":2}},{"type":"Feature","geometry":{"type":"LineString","coordinates":[[16.825905,52.415943,0],[16.825848,52.415726,0]]},"properties":{"name":"P-368","description":{"@type":"html","value":"<div><div><span><b>Altitude:</b></span> <span>0 ft</span></div>\n<div><span><b>Speed:</b></span> <span>7 kt - 0 kt</span></div>\n<div><span><b>Timestamp:</b></span><br/><span>2026-05-21 20:17:08 UTC<br/>2026-05-21 20:23:08 UTC</span></div>\n</div>"},"stroke-opacity":1,"stroke":"#ffffff","stroke-width":2}}]}