{"type":"FeatureCollection","features":[{"type":"Feature","geometry":{"type":"Point","coordinates":[8.540731,50.036533,0]},"properties":{"name":"2026-05-18 07:46:15 UTC","description":{"@type":"html","value":"<div><div><span><b>Altitude:</b></span> <span>0 ft</span></div>\n<div><span><b>Speed:</b></span> <span>3 kt</span></div>\n<div><span><b>Heading:</b></span> <span>160&deg;</span></div>\n</div>"},"icon-heading":160,"icon":"http://maps.google.com/mapfiles/kml/shapes/airports.png","timestamp":"2026-05-18T07:46:15+00:00"}},{"type":"Feature","geometry":{"type":"Point","coordinates":[8.540895,50.036224,0]},"properties":{"name":"2026-05-18 07:46:29 UTC","description":{"@type":"html","value":"<div><div><span><b>Altitude:</b></span> <span>0 ft</span></div>\n<div><span><b>Speed:</b></span> <span>6 kt</span></div>\n<div><span><b>Heading:</b></span> <span>163&deg;</span></div>\n</div>"},"icon-heading":163,"icon":"http://maps.google.com/mapfiles/kml/shapes/airports.png","timestamp":"2026-05-18T07:46:29+00:00"}},{"type":"Feature","geometry":{"type":"Point","coordinates":[8.540627,50.035988,0]},"properties":{"name":"2026-05-18 07:46:38 UTC","description":{"@type":"html","value":"<div><div><span><b>Altitude:</b></span> <span>0 ft</span></div>\n<div><span><b>Speed:</b></span> <span>7 kt</span></div>\n<div><span><b>Heading:</b></span> <span>216&deg;</span></div>\n</div>"},"icon-heading":216,"icon":"http://maps.google.com/mapfiles/kml/shapes/airports.png","timestamp":"2026-05-18T07:46:38+00:00"}},{"type":"Feature","geometry":{"type":"Point","coordinates":[8.540334,50.035904,0]},"properties":{"name":"2026-05-18 07:46:45 UTC","description":{"@type":"html","value":"<div><div><span><b>Altitude:</b></span> <span>0 ft</span></div>\n<div><span><b>Speed:</b></span> <span>8 kt</span></div>\n<div><span><b>Heading:</b></span> <span>239&deg;</span></div>\n</div>"},"icon-heading":239,"icon":"http://maps.google.com/mapfiles/kml/shapes/airports.png","timestamp":"2026-05-18T07:46:45+00:00"}},{"type":"Feature","geometry":{"type":"Point","coordinates":[8.540089,50.035858,0]},"properties":{"name":"2026-05-18 07:46:48 UTC","description":{"@type":"html","value":"<div><div><span><b>Altitude:</b></span> <span>0 ft</span></div>\n<div><span><b>Speed:</b></span> <span>8 kt</span></div>\n<div><span><b>Heading:</b></span> <span>247&deg;</span></div>\n</div>"},"icon-heading":247,"icon":"http://maps.google.com/mapfiles/kml/shapes/airports.png","timestamp":"2026-05-18T07:46:48+00:00"}},{"type":"Feature","geometry":{"type":"Point","coordinates":[8.53981,50.035789,0]},"properties":{"name":"2026-05-18 07:46:54 UTC","description":{"@type":"html","value":"<div><div><span><b>Altitude:</b></span> <span>0 ft</span></div>\n<div><span><b>Speed:</b></span> <span>9 kt</span></div>\n<div><span><b>Heading:</b></span> <span>247&deg;</span></div>\n</div>"},"icon-heading":247,"icon":"http://maps.google.com/mapfiles/kml/shapes/airports.png","timestamp":"2026-05-18T07:46:54+00:00"}},{"type":"Feature","geometry":{"type":"Point","coordinates":[8.539551,50.035728,0]},"properties":{"name":"2026-05-18 07:46:57 UTC","description":{"@type":"html","value":"<div><div><span><b>Altitude:</b></span> <span>0 ft</span></div>\n<div><span><b>Speed:</b></span> <span>10 kt</span></div>\n<div><span><b>Heading:</b></span> <span>250&deg;</span></div>\n</div>"},"icon-heading":250,"icon":"http://maps.google.com/mapfiles/kml/shapes/airports.png","timestamp":"2026-05-18T07:46:57+00:00"}},{"type":"Feature","geometry":{"type":"Point","coordinates":[8.53929,50.03566,0]},"properties":{"name":"2026-05-18 07:47:01 UTC","description":{"@type":"html","value":"<div><div><span><b>Altitude:</b></span> <span>0 ft</span></div>\n<div><span><b>Speed:</b></span> <span>10 kt</span></div>\n<div><span><b>Heading:</b></span> <span>250&deg;</span></div>\n</div>"},"icon-heading":250,"icon":"http://maps.google.com/mapfiles/kml/shapes/airports.png","timestamp":"2026-05-18T07:47:01+00:00"}},{"type":"Feature","geometry":{"type":"Point","coordinates":[8.539069,50.035606,0]},"properties":{"name":"2026-05-18 07:47:04 UTC","description":{"@type":"html","value":"<div><div><span><b>Altitude:</b></span> <span>0 ft</span></div>\n<div><span><b>Speed:</b></span> <span>11 kt</span></div>\n<div><span><b>Heading:</b></span> <span>250&deg;</span></div>\n</div>"},"icon-heading":250,"icon":"http://maps.google.com/mapfiles/kml/shapes/airports.png","timestamp":"2026-05-18T07:47:04+00:00"}},{"type":"Feature","geometry":{"type":"Point","coordinates":[8.538808,50.035545,0]},"properties":{"name":"2026-05-18 07:47:07 UTC","description":{"@type":"html","value":"<div><div><span><b>Altitude:</b></span> <span>0 ft</span></div>\n<div><span><b>Speed:</b></span> <span>11 kt</span></div>\n<div><span><b>Heading:</b></span> <span>250&deg;</span></div>\n</div>"},"icon-heading":250,"icon":"http://maps.google.com/mapfiles/kml/shapes/airports.png","timestamp":"2026-05-18T07:47:07+00:00"}},{"type":"Feature","geometry":{"type":"Point","coordinates":[8.538239,50.035412,0]},"properties":{"name":"2026-05-18 07:47:14 UTC","description":{"@type":"html","value":"<div><div><span><b>Altitude:</b></span> <span>0 ft</span></div>\n<div><span><b>Speed:</b></span> <span>13 kt</span></div>\n<div><span><b>Heading:</b></span> <span>250&deg;</span></div>\n</div>"},"icon-heading":250,"icon":"http://maps.google.com/mapfiles/kml/shapes/airports.png","timestamp":"2026-05-18T07:47:14+00:00"}},{"type":"Feature","geometry":{"type":"Point","coordinates":[8.537546,50.03524,0]},"properties":{"name":"2026-05-18 07:47:22 UTC","description":{"@type":"html","value":"<div><div><span><b>Altitude:</b></span> <span>0 ft</span></div>\n<div><span><b>Speed:</b></span> <span>14 kt</span></div>\n<div><span><b>Heading:</b></span> <span>250&deg;</span></div>\n</div>"},"icon-heading":250,"icon":"http://maps.google.com/mapfiles/kml/shapes/airports.png","timestamp":"2026-05-18T07:47:22+00:00"}},{"type":"Feature","geometry":{"type":"Point","coordinates":[8.536897,50.035091,0]},"properties":{"name":"2026-05-18 07:47:28 UTC","description":{"@type":"html","value":"<div><div><span><b>Altitude:</b></span> <span>0 ft</span></div>\n<div><span><b>Speed:</b></span> <span>15 kt</span></div>\n<div><span><b>Heading:</b></span> <span>250&deg;</span></div>\n</div>"},"icon-heading":250,"icon":"http://maps.google.com/mapfiles/kml/shapes/airports.png","timestamp":"2026-05-18T07:47:28+00:00"}},{"type":"Feature","geometry":{"type":"Point","coordinates":[8.536154,50.034916,0]},"properties":{"name":"2026-05-18 07:47:36 UTC","description":{"@type":"html","value":"<div><div><span><b>Altitude:</b></span> <span>0 ft</span></div>\n<div><span><b>Speed:</b></span> <span>15 kt</span></div>\n<div><span><b>Heading:</b></span> <span>250&deg;</span></div>\n</div>"},"icon-heading":250,"icon":"http://maps.google.com/mapfiles/kml/shapes/airports.png","timestamp":"2026-05-18T07:47:36+00:00"}},{"type":"Feature","geometry":{"type":"Point","coordinates":[8.535263,50.034695,0]},"properties":{"name":"2026-05-18 07:47:44 UTC","description":{"@type":"html","value":"<div><div><span><b>Altitude:</b></span> <span>0 ft</span></div>\n<div><span><b>Speed:</b></span> <span>16 kt</span></div>\n<div><span><b>Heading:</b></span> <span>250&deg;</span></div>\n</div>"},"icon-heading":250,"icon":"http://maps.google.com/mapfiles/kml/shapes/airports.png","timestamp":"2026-05-18T07:47:44+00:00"}},{"type":"Feature","geometry":{"type":"Point","coordinates":[8.535022,50.034637,0]},"properties":{"name":"2026-05-18 07:47:45 UTC","description":{"@type":"html","value":"<div><div><span><b>Altitude:</b></span> <span>0 ft</span></div>\n<div><span><b>Speed:</b></span> <span>16 kt</span></div>\n<div><span><b>Heading:</b></span> <span>250&deg;</span></div>\n</div>"},"icon-heading":250,"icon":"http://maps.google.com/mapfiles/kml/shapes/airports.png","timestamp":"2026-05-18T07:47:45+00:00"}},{"type":"Feature","geometry":{"type":"Point","coordinates":[8.534725,50.034565,0]},"properties":{"name":"2026-05-18 07:47:48 UTC","description":{"@type":"html","value":"<div><div><span><b>Altitude:</b></span> <span>0 ft</span></div>\n<div><span><b>Speed:</b></span> <span>17 kt</span></div>\n<div><span><b>Heading:</b></span> <span>250&deg;</span></div>\n</div>"},"icon-heading":250,"icon":"http://maps.google.com/mapfiles/kml/shapes/airports.png","timestamp":"2026-05-18T07:47:48+00:00"}},{"type":"Feature","geometry":{"type":"Point","coordinates":[8.534462,50.034508,0]},"properties":{"name":"2026-05-18 07:47:50 UTC","description":{"@type":"html","value":"<div><div><span><b>Altitude:</b></span> <span>0 ft</span></div>\n<div><span><b>Speed:</b></span> <span>17 kt</span></div>\n<div><span><b>Heading:</b></span> <span>250&deg;</span></div>\n</div>"},"icon-heading":250,"icon":"http://maps.google.com/mapfiles/kml/shapes/airports.png","timestamp":"2026-05-18T07:47:50+00:00"}},{"type":"Feature","geometry":{"type":"Point","coordinates":[8.534131,50.034428,0]},"properties":{"name":"2026-05-18 07:47:53 UTC","description":{"@type":"html","value":"<div><div><span><b>Altitude:</b></span> <span>0 ft</span></div>\n<div><span><b>Speed:</b></span> <span>16 kt</span></div>\n<div><span><b>Heading:</b></span> <span>250&deg;</span></div>\n</div>"},"icon-heading":250,"icon":"http://maps.google.com/mapfiles/kml/shapes/airports.png","timestamp":"2026-05-18T07:47:53+00:00"}},{"type":"Feature","geometry":{"type":"Point","coordinates":[8.533685,50.034313,0]},"properties":{"name":"2026-05-18 07:47:58 UTC","description":{"@type":"html","value":"<div><div><span><b>Altitude:</b></span> <span>0 ft</span></div>\n<div><span><b>Speed:</b></span> <span>12 kt</span></div>\n<div><span><b>Heading:</b></span> <span>250&deg;</span></div>\n</div>"},"icon-heading":250,"icon":"http://maps.google.com/mapfiles/kml/shapes/airports.png","timestamp":"2026-05-18T07:47:58+00:00"}},{"type":"Feature","geometry":{"type":"Point","coordinates":[8.533407,50.034252,0]},"properties":{"name":"2026-05-18 07:48:03 UTC","description":{"@type":"html","value":"<div><div><span><b>Altitude:</b></span> <span>0 ft</span></div>\n<div><span><b>Speed:</b></span> <span>9 kt</span></div>\n<div><span><b>Heading:</b></span> <span>250&deg;</span></div>\n</div>"},"icon-heading":250,"icon":"http://maps.google.com/mapfiles/kml/shapes/airports.png","timestamp":"2026-05-18T07:48:03+00:00"}},{"type":"Feature","geometry":{"type":"Point","coordinates":[8.533018,50.034161,0]},"properties":{"name":"2026-05-18 07:48:10 UTC","description":{"@type":"html","value":"<div><div><span><b>Altitude:</b></span> <span>0 ft</span></div>\n<div><span><b>Speed:</b></span> <span>8 kt</span></div>\n<div><span><b>Heading:</b></span> <span>250&deg;</span></div>\n</div>"},"icon-heading":250,"icon":"http://maps.google.com/mapfiles/kml/shapes/airports.png","timestamp":"2026-05-18T07:48:10+00:00"}},{"type":"Feature","geometry":{"type":"Point","coordinates":[8.532582,50.03405,0]},"properties":{"name":"2026-05-18 07:48:17 UTC","description":{"@type":"html","value":"<div><div><span><b>Altitude:</b></span> <span>0 ft</span></div>\n<div><span><b>Speed:</b></span> <span>9 kt</span></div>\n<div><span><b>Heading:</b></span> <span>250&deg;</span></div>\n</div>"},"icon-heading":250,"icon":"http://maps.google.com/mapfiles/kml/shapes/airports.png","timestamp":"2026-05-18T07:48:17+00:00"}},{"type":"Feature","geometry":{"type":"Point","coordinates":[8.532022,50.033924,0]},"properties":{"name":"2026-05-18 07:48:25 UTC","description":{"@type":"html","value":"<div><div><span><b>Altitude:</b></span> <span>0 ft</span></div>\n<div><span><b>Speed:</b></span> <span>11 kt</span></div>\n<div><span><b>Heading:</b></span> <span>250&deg;</span></div>\n</div>"},"icon-heading":250,"icon":"http://maps.google.com/mapfiles/kml/shapes/airports.png","timestamp":"2026-05-18T07:48:25+00:00"}},{"type":"Feature","geometry":{"type":"Point","coordinates":[8.531422,50.033775,0]},"properties":{"name":"2026-05-18 07:48:33 UTC","description":{"@type":"html","value":"<div><div><span><b>Altitude:</b></span> <span>0 ft</span></div>\n<div><span><b>Speed:</b></span> <span>12 kt</span></div>\n<div><span><b>Heading:</b></span> <span>250&deg;</span></div>\n</div>"},"icon-heading":250,"icon":"http://maps.google.com/mapfiles/kml/shapes/airports.png","timestamp":"2026-05-18T07:48:33+00:00"}},{"type":"Feature","geometry":{"type":"Point","coordinates":[8.530772,50.033623,0]},"properties":{"name":"2026-05-18 07:48:40 UTC","description":{"@type":"html","value":"<div><div><span><b>Altitude:</b></span> <span>0 ft</span></div>\n<div><span><b>Speed:</b></span> <span>13 kt</span></div>\n<div><span><b>Heading:</b></span> <span>250&deg;</span></div>\n</div>"},"icon-heading":250,"icon":"http://maps.google.com/mapfiles/kml/shapes/airports.png","timestamp":"2026-05-18T07:48:40+00:00"}},{"type":"Feature","geometry":{"type":"Point","coordinates":[8.530161,50.033466,0]},"properties":{"name":"2026-05-18 07:48:47 UTC","description":{"@type":"html","value":"<div><div><span><b>Altitude:</b></span> <span>0 ft</span></div>\n<div><span><b>Speed:</b></span> <span>13 kt</span></div>\n<div><span><b>Heading:</b></span> <span>250&deg;</span></div>\n</div>"},"icon-heading":250,"icon":"http://maps.google.com/mapfiles/kml/shapes/airports.png","timestamp":"2026-05-18T07:48:47+00:00"}},{"type":"Feature","geometry":{"type":"Point","coordinates":[8.529674,50.033363,0]},"properties":{"name":"2026-05-18 07:48:54 UTC","description":{"@type":"html","value":"<div><div><span><b>Altitude:</b></span> <span>0 ft</span></div>\n<div><span><b>Speed:</b></span> <span>8 kt</span></div>\n<div><span><b>Heading:</b></span> <span>250&deg;</span></div>\n</div>"},"icon-heading":250,"icon":"http://maps.google.com/mapfiles/kml/shapes/airports.png","timestamp":"2026-05-18T07:48:54+00:00"}},{"type":"Feature","geometry":{"type":"Point","coordinates":[8.529455,50.03331,0]},"properties":{"name":"2026-05-18 07:49:01 UTC","description":{"@type":"html","value":"<div><div><span><b>Altitude:</b></span> <span>0 ft</span></div>\n<div><span><b>Speed:</b></span> <span>3 kt</span></div>\n<div><span><b>Heading:</b></span> <span>250&deg;</span></div>\n</div>"},"icon-heading":250,"icon":"http://maps.google.com/mapfiles/kml/shapes/airports.png","timestamp":"2026-05-18T07:49:01+00:00"}},{"type":"Feature","geometry":{"type":"Point","coordinates":[8.529214,50.033253,0]},"properties":{"name":"2026-05-18 07:50:54 UTC","description":{"@type":"html","value":"<div><div><span><b>Altitude:</b></span> <span>0 ft</span></div>\n<div><span><b>Speed:</b></span> <span>4 kt</span></div>\n<div><span><b>Heading:</b></span> <span>250&deg;</span></div>\n</div>"},"icon-heading":250,"icon":"http://maps.google.com/mapfiles/kml/shapes/airports.png","timestamp":"2026-05-18T07:50:54+00:00"}},{"type":"Feature","geometry":{"type":"Point","coordinates":[8.528991,50.033192,0]},"properties":{"name":"2026-05-18 07:51:01 UTC","description":{"@type":"html","value":"<div><div><span><b>Altitude:</b></span> <span>0 ft</span></div>\n<div><span><b>Speed:</b></span> <span>6 kt</span></div>\n<div><span><b>Heading:</b></span> <span>250&deg;</span></div>\n</div>"},"icon-heading":250,"icon":"http://maps.google.com/mapfiles/kml/shapes/airports.png","timestamp":"2026-05-18T07:51:01+00:00"}},{"type":"Feature","geometry":{"type":"Point","coordinates":[8.52862,50.0331,0]},"properties":{"name":"2026-05-18 07:51:08 UTC","description":{"@type":"html","value":"<div><div><span><b>Altitude:</b></span> <span>0 ft</span></div>\n<div><span><b>Speed:</b></span> <span>7 kt</span></div>\n<div><span><b>Heading:</b></span> <span>250&deg;</span></div>\n</div>"},"icon-heading":250,"icon":"http://maps.google.com/mapfiles/kml/shapes/airports.png","timestamp":"2026-05-18T07:51:08+00:00"}},{"type":"Feature","geometry":{"type":"Point","coordinates":[8.528228,50.033009,0]},"properties":{"name":"2026-05-18 07:51:16 UTC","description":{"@type":"html","value":"<div><div><span><b>Altitude:</b></span> <span>0 ft</span></div>\n<div><span><b>Speed:</b></span> <span>7 kt</span></div>\n<div><span><b>Heading:</b></span> <span>250&deg;</span></div>\n</div>"},"icon-heading":250,"icon":"http://maps.google.com/mapfiles/kml/shapes/airports.png","timestamp":"2026-05-18T07:51:16+00:00"}},{"type":"Feature","geometry":{"type":"Point","coordinates":[8.52801,50.032963,0]},"properties":{"name":"2026-05-18 07:51:24 UTC","description":{"@type":"html","value":"<div><div><span><b>Altitude:</b></span> <span>0 ft</span></div>\n<div><span><b>Speed:</b></span> <span>4 kt</span></div>\n<div><span><b>Heading:</b></span> <span>250&deg;</span></div>\n</div>"},"icon-heading":250,"icon":"http://maps.google.com/mapfiles/kml/shapes/airports.png","timestamp":"2026-05-18T07:51:24+00:00"}},{"type":"Feature","geometry":{"type":"Point","coordinates":[8.527703,50.032894,0]},"properties":{"name":"2026-05-18 07:51:37 UTC","description":{"@type":"html","value":"<div><div><span><b>Altitude:</b></span> <span>0 ft</span></div>\n<div><span><b>Speed:</b></span> <span>0 kt</span></div>\n<div><span><b>Heading:</b></span> <span>250&deg;</span></div>\n</div>"},"icon-heading":250,"icon":"http://maps.google.com/mapfiles/kml/shapes/airports.png","timestamp":"2026-05-18T07:51:37+00:00"}},{"type":"Feature","geometry":{"type":"Point","coordinates":[8.527302,50.032787,0]},"properties":{"name":"2026-05-18 07:52:16 UTC","description":{"@type":"html","value":"<div><div><span><b>Altitude:</b></span> <span>0 ft</span></div>\n<div><span><b>Speed:</b></span> <span>0 kt</span></div>\n<div><span><b>Heading:</b></span> <span>250&deg;</span></div>\n</div>"},"icon-heading":250,"icon":"http://maps.google.com/mapfiles/kml/shapes/airports.png","timestamp":"2026-05-18T07:52:16+00:00"}},{"type":"Feature","geometry":{"type":"Point","coordinates":[8.52698,50.032711,0]},"properties":{"name":"2026-05-18 07:52:22 UTC","description":{"@type":"html","value":"<div><div><span><b>Altitude:</b></span> <span>0 ft</span></div>\n<div><span><b>Speed:</b></span> <span>7 kt</span></div>\n<div><span><b>Heading:</b></span> <span>250&deg;</span></div>\n</div>"},"icon-heading":250,"icon":"http://maps.google.com/mapfiles/kml/shapes/airports.png","timestamp":"2026-05-18T07:52:22+00:00"}},{"type":"Feature","geometry":{"type":"Point","coordinates":[8.526652,50.032658,0]},"properties":{"name":"2026-05-18 07:52:29 UTC","description":{"@type":"html","value":"<div><div><span><b>Altitude:</b></span> <span>0 ft</span></div>\n<div><span><b>Speed:</b></span> <span>8 kt</span></div>\n<div><span><b>Heading:</b></span> <span>255&deg;</span></div>\n</div>"},"icon-heading":255,"icon":"http://maps.google.com/mapfiles/kml/shapes/airports.png","timestamp":"2026-05-18T07:52:29+00:00"}},{"type":"Feature","geometry":{"type":"Point","coordinates":[8.52643,50.032658,0]},"properties":{"name":"2026-05-18 07:52:33 UTC","description":{"@type":"html","value":"<div><div><span><b>Altitude:</b></span> <span>0 ft</span></div>\n<div><span><b>Speed:</b></span> <span>8 kt</span></div>\n<div><span><b>Heading:</b></span> <span>264&deg;</span></div>\n</div>"},"icon-heading":264,"icon":"http://maps.google.com/mapfiles/kml/shapes/airports.png","timestamp":"2026-05-18T07:52:33+00:00"}},{"type":"Feature","geometry":{"type":"Point","coordinates":[8.526207,50.032669,0]},"properties":{"name":"2026-05-18 07:52:37 UTC","description":{"@type":"html","value":"<div><div><span><b>Altitude:</b></span> <span>0 ft</span></div>\n<div><span><b>Speed:</b></span> <span>7 kt</span></div>\n<div><span><b>Heading:</b></span> <span>270&deg;</span></div>\n</div>"},"icon-heading":270,"icon":"http://maps.google.com/mapfiles/kml/shapes/airports.png","timestamp":"2026-05-18T07:52:37+00:00"}},{"type":"Feature","geometry":{"type":"Point","coordinates":[8.526003,50.032635,0]},"properties":{"name":"2026-05-18 07:52:41 UTC","description":{"@type":"html","value":"<div><div><span><b>Altitude:</b></span> <span>0 ft</span></div>\n<div><span><b>Speed:</b></span> <span>7 kt</span></div>\n<div><span><b>Heading:</b></span> <span>261&deg;</span></div>\n</div>"},"icon-heading":261,"icon":"http://maps.google.com/mapfiles/kml/shapes/airports.png","timestamp":"2026-05-18T07:52:41+00:00"}},{"type":"Feature","geometry":{"type":"Point","coordinates":[8.525891,50.032413,0]},"properties":{"name":"2026-05-18 07:52:52 UTC","description":{"@type":"html","value":"<div><div><span><b>Altitude:</b></span> <span>0 ft</span></div>\n<div><span><b>Speed:</b></span> <span>5 kt</span></div>\n<div><span><b>Heading:</b></span> <span>202&deg;</span></div>\n</div>"},"icon-heading":202,"icon":"http://maps.google.com/mapfiles/kml/shapes/airports.png","timestamp":"2026-05-18T07:52:52+00:00"}},{"type":"Feature","geometry":{"type":"Point","coordinates":[8.525969,50.032162,0]},"properties":{"name":"2026-05-18 07:53:15 UTC","description":{"@type":"html","value":"<div><div><span><b>Altitude:</b></span> <span>0 ft</span></div>\n<div><span><b>Speed:</b></span> <span>13 kt</span></div>\n<div><span><b>Heading:</b></span> <span>180&deg;</span></div>\n</div>"},"icon-heading":180,"icon":"http://maps.google.com/mapfiles/kml/shapes/airports.png","timestamp":"2026-05-18T07:53:15+00:00"}},{"type":"Feature","geometry":{"type":"Point","coordinates":[8.525985,50.02755,99.06]},"properties":{"name":"2026-05-18 07:53:32 UTC","description":{"@type":"html","value":"<div><div><span><b>Altitude:</b></span> <span>325 ft</span></div>\n<div><span><b>Speed:</b></span> <span>90 kt</span></div>\n<div><span><b>Heading:</b></span> <span>179&deg;</span></div>\n</div>"},"icon-heading":179,"icon":"http://maps.google.com/mapfiles/kml/shapes/airports.png","timestamp":"2026-05-18T07:53:32+00:00"}},{"type":"Feature","geometry":{"type":"Point","coordinates":[8.526114,50.01178,167.64]},"properties":{"name":"2026-05-18 07:53:58 UTC","description":{"@type":"html","value":"<div><div><span><b>Altitude:</b></span> <span>550 ft</span></div>\n<div><span><b>Speed:</b></span> <span>166 kt</span></div>\n<div><span><b>Heading:</b></span> <span>179&deg;</span></div>\n</div>"},"icon-heading":179,"icon":"http://maps.google.com/mapfiles/kml/shapes/airports.png","timestamp":"2026-05-18T07:53:58+00:00"}},{"type":"Feature","geometry":{"type":"Point","coordinates":[8.52633,50.002808,297.18]},"properties":{"name":"2026-05-18 07:54:08 UTC","description":{"@type":"html","value":"<div><div><span><b>Altitude:</b></span> <span>975 ft</span></div>\n<div><span><b>Speed:</b></span> <span>161 kt</span></div>\n<div><span><b>Heading:</b></span> <span>178&deg;</span></div>\n</div>"},"icon-heading":178,"icon":"http://maps.google.com/mapfiles/kml/shapes/airports.png","timestamp":"2026-05-18T07:54:08+00:00"}},{"type":"Feature","geometry":{"type":"Point","coordinates":[8.526475,49.998138,388.62]},"properties":{"name":"2026-05-18 07:54:14 UTC","description":{"@type":"html","value":"<div><div><span><b>Altitude:</b></span> <span>1,275 ft</span></div>\n<div><span><b>Speed:</b></span> <span>159 kt</span></div>\n<div><span><b>Heading:</b></span> <span>178&deg;</span></div>\n</div>"},"icon-heading":178,"icon":"http://maps.google.com/mapfiles/kml/shapes/airports.png","timestamp":"2026-05-18T07:54:14+00:00"}},{"type":"Feature","geometry":{"type":"Point","coordinates":[8.526691,49.993652,472.44]},"properties":{"name":"2026-05-18 07:54:21 UTC","description":{"@type":"html","value":"<div><div><span><b>Altitude:</b></span> <span>1,550 ft</span></div>\n<div><span><b>Speed:</b></span> <span>159 kt</span></div>\n<div><span><b>Heading:</b></span> <span>178&deg;</span></div>\n</div>"},"icon-heading":178,"icon":"http://maps.google.com/mapfiles/kml/shapes/airports.png","timestamp":"2026-05-18T07:54:21+00:00"}},{"type":"Feature","geometry":{"type":"Point","coordinates":[8.52698,49.986877,563.88]},"properties":{"name":"2026-05-18 07:54:30 UTC","description":{"@type":"html","value":"<div><div><span><b>Altitude:</b></span> <span>1,850 ft</span></div>\n<div><span><b>Speed:</b></span> <span>164 kt</span></div>\n<div><span><b>Heading:</b></span> <span>178&deg;</span></div>\n</div>"},"icon-heading":178,"icon":"http://maps.google.com/mapfiles/kml/shapes/airports.png","timestamp":"2026-05-18T07:54:30+00:00"}},{"type":"Feature","geometry":{"type":"Point","coordinates":[8.527198,49.980835,632.46]},"properties":{"name":"2026-05-18 07:54:38 UTC","description":{"@type":"html","value":"<div><div><span><b>Altitude:</b></span> <span>2,075 ft</span></div>\n<div><span><b>Speed:</b></span> <span>171 kt</span></div>\n<div><span><b>Heading:</b></span> <span>178&deg;</span></div>\n</div>"},"icon-heading":178,"icon":"http://maps.google.com/mapfiles/kml/shapes/airports.png","timestamp":"2026-05-18T07:54:38+00:00"}},{"type":"Feature","geometry":{"type":"Point","coordinates":[8.527395,49.974899,693.42]},"properties":{"name":"2026-05-18 07:54:45 UTC","description":{"@type":"html","value":"<div><div><span><b>Altitude:</b></span> <span>2,275 ft</span></div>\n<div><span><b>Speed:</b></span> <span>178 kt</span></div>\n<div><span><b>Heading:</b></span> <span>178&deg;</span></div>\n</div>"},"icon-heading":178,"icon":"http://maps.google.com/mapfiles/kml/shapes/airports.png","timestamp":"2026-05-18T07:54:45+00:00"}},{"type":"Feature","geometry":{"type":"Point","coordinates":[8.527617,49.967636,754.38]},"properties":{"name":"2026-05-18 07:54:53 UTC","description":{"@type":"html","value":"<div><div><span><b>Altitude:</b></span> <span>2,475 ft</span></div>\n<div><span><b>Speed:</b></span> <span>188 kt</span></div>\n<div><span><b>Heading:</b></span> <span>178&deg;</span></div>\n</div>"},"icon-heading":178,"icon":"http://maps.google.com/mapfiles/kml/shapes/airports.png","timestamp":"2026-05-18T07:54:53+00:00"}},{"type":"Feature","geometry":{"type":"Point","coordinates":[8.527848,49.961838,807.72]},"properties":{"name":"2026-05-18 07:55:00 UTC","description":{"@type":"html","value":"<div><div><span><b>Altitude:</b></span> <span>2,650 ft</span></div>\n<div><span><b>Speed:</b></span> <span>196 kt</span></div>\n<div><span><b>Heading:</b></span> <span>178&deg;</span></div>\n</div>"},"icon-heading":178,"icon":"http://maps.google.com/mapfiles/kml/shapes/airports.png","timestamp":"2026-05-18T07:55:00+00:00"}},{"type":"Feature","geometry":{"type":"Point","coordinates":[8.52821,49.95369,883.92]},"properties":{"name":"2026-05-18 07:55:08 UTC","description":{"@type":"html","value":"<div><div><span><b>Altitude:</b></span> <span>2,900 ft</span></div>\n<div><span><b>Speed:</b></span> <span>205 kt</span></div>\n<div><span><b>Heading:</b></span> <span>178&deg;</span></div>\n</div>"},"icon-heading":178,"icon":"http://maps.google.com/mapfiles/kml/shapes/airports.png","timestamp":"2026-05-18T07:55:08+00:00"}},{"type":"Feature","geometry":{"type":"Point","coordinates":[8.528715,49.946732,960.12]},"properties":{"name":"2026-05-18 07:55:16 UTC","description":{"@type":"html","value":"<div><div><span><b>Altitude:</b></span> <span>3,150 ft</span></div>\n<div><span><b>Speed:</b></span> <span>211 kt</span></div>\n<div><span><b>Heading:</b></span> <span>177&deg;</span></div>\n</div>"},"icon-heading":177,"icon":"http://maps.google.com/mapfiles/kml/shapes/airports.png","timestamp":"2026-05-18T07:55:16+00:00"}},{"type":"Feature","geometry":{"type":"Point","coordinates":[8.529251,49.939194,1059.18]},"properties":{"name":"2026-05-18 07:55:23 UTC","description":{"@type":"html","value":"<div><div><span><b>Altitude:</b></span> <span>3,475 ft</span></div>\n<div><span><b>Speed:</b></span> <span>215 kt</span></div>\n<div><span><b>Heading:</b></span> <span>177&deg;</span></div>\n</div>"},"icon-heading":177,"icon":"http://maps.google.com/mapfiles/kml/shapes/airports.png","timestamp":"2026-05-18T07:55:23+00:00"}},{"type":"Feature","geometry":{"type":"Point","coordinates":[8.529993,49.930813,1188.72]},"properties":{"name":"2026-05-18 07:55:32 UTC","description":{"@type":"html","value":"<div><div><span><b>Altitude:</b></span> <span>3,900 ft</span></div>\n<div><span><b>Speed:</b></span> <span>216 kt</span></div>\n<div><span><b>Heading:</b></span> <span>176&deg;</span></div>\n</div>"},"icon-heading":176,"icon":"http://maps.google.com/mapfiles/kml/shapes/airports.png","timestamp":"2026-05-18T07:55:32+00:00"}},{"type":"Feature","geometry":{"type":"Point","coordinates":[8.530587,49.92453,1287.78]},"properties":{"name":"2026-05-18 07:55:38 UTC","description":{"@type":"html","value":"<div><div><span><b>Altitude:</b></span> <span>4,225 ft</span></div>\n<div><span><b>Speed:</b></span> <span>216 kt</span></div>\n<div><span><b>Heading:</b></span> <span>176&deg;</span></div>\n</div>"},"icon-heading":176,"icon":"http://maps.google.com/mapfiles/kml/shapes/airports.png","timestamp":"2026-05-18T07:55:38+00:00"}},{"type":"Feature","geometry":{"type":"Point","coordinates":[8.531478,49.915825,1432.56]},"properties":{"name":"2026-05-18 07:55:46 UTC","description":{"@type":"html","value":"<div><div><span><b>Altitude:</b></span> <span>4,700 ft</span></div>\n<div><span><b>Speed:</b></span> <span>217 kt</span></div>\n<div><span><b>Heading:</b></span> <span>176&deg;</span></div>\n</div>"},"icon-heading":176,"icon":"http://maps.google.com/mapfiles/kml/shapes/airports.png","timestamp":"2026-05-18T07:55:46+00:00"}},{"type":"Feature","geometry":{"type":"Point","coordinates":[8.532146,49.909397,1524]},"properties":{"name":"2026-05-18 07:55:53 UTC","description":{"@type":"html","value":"<div><div><span><b>Altitude:</b></span> <span>5,000 ft</span></div>\n<div><span><b>Speed:</b></span> <span>217 kt</span></div>\n<div><span><b>Heading:</b></span> <span>176&deg;</span></div>\n</div>"},"icon-heading":176,"icon":"http://maps.google.com/mapfiles/kml/shapes/airports.png","timestamp":"2026-05-18T07:55:53+00:00"}},{"type":"Feature","geometry":{"type":"Point","coordinates":[8.533414,49.896286,1706.88]},"properties":{"name":"2026-05-18 07:56:06 UTC","description":{"@type":"html","value":"<div><div><span><b>Altitude:</b></span> <span>5,600 ft</span></div>\n<div><span><b>Speed:</b></span> <span>221 kt</span></div>\n<div><span><b>Heading:</b></span> <span>176&deg;</span></div>\n</div>"},"icon-heading":176,"icon":"http://maps.google.com/mapfiles/kml/shapes/airports.png","timestamp":"2026-05-18T07:56:06+00:00"}},{"type":"Feature","geometry":{"type":"Point","coordinates":[8.534225,49.882912,1874.52]},"properties":{"name":"2026-05-18 07:56:19 UTC","description":{"@type":"html","value":"<div><div><span><b>Altitude:</b></span> <span>6,150 ft</span></div>\n<div><span><b>Speed:</b></span> <span>227 kt</span></div>\n<div><span><b>Heading:</b></span> <span>178&deg;</span></div>\n</div>"},"icon-heading":178,"icon":"http://maps.google.com/mapfiles/kml/shapes/airports.png","timestamp":"2026-05-18T07:56:19+00:00"}},{"type":"Feature","geometry":{"type":"Point","coordinates":[8.533124,49.874084,1988.82]},"properties":{"name":"2026-05-18 07:56:28 UTC","description":{"@type":"html","value":"<div><div><span><b>Altitude:</b></span> <span>6,525 ft</span></div>\n<div><span><b>Speed:</b></span> <span>227 kt</span></div>\n<div><span><b>Heading:</b></span> <span>186&deg;</span></div>\n</div>"},"icon-heading":186,"icon":"http://maps.google.com/mapfiles/kml/shapes/airports.png","timestamp":"2026-05-18T07:56:28+00:00"}},{"type":"Feature","geometry":{"type":"Point","coordinates":[8.532443,49.871506,2019.3]},"properties":{"name":"2026-05-18 07:56:30 UTC","description":{"@type":"html","value":"<div><div><span><b>Altitude:</b></span> <span>6,625 ft</span></div>\n<div><span><b>Speed:</b></span> <span>228 kt</span></div>\n<div><span><b>Heading:</b></span> <span>188&deg;</span></div>\n</div>"},"icon-heading":188,"icon":"http://maps.google.com/mapfiles/kml/shapes/airports.png","timestamp":"2026-05-18T07:56:30+00:00"}},{"type":"Feature","geometry":{"type":"Point","coordinates":[8.531751,49.869415,2049.78]},"properties":{"name":"2026-05-18 07:56:32 UTC","description":{"@type":"html","value":"<div><div><span><b>Altitude:</b></span> <span>6,725 ft</span></div>\n<div><span><b>Speed:</b></span> <span>228 kt</span></div>\n<div><span><b>Heading:</b></span> <span>190&deg;</span></div>\n</div>"},"icon-heading":190,"icon":"http://maps.google.com/mapfiles/kml/shapes/airports.png","timestamp":"2026-05-18T07:56:32+00:00"}},{"type":"Feature","geometry":{"type":"Point","coordinates":[8.530956,49.867264,2080.26]},"properties":{"name":"2026-05-18 07:56:34 UTC","description":{"@type":"html","value":"<div><div><span><b>Altitude:</b></span> <span>6,825 ft</span></div>\n<div><span><b>Speed:</b></span> <span>228 kt</span></div>\n<div><span><b>Heading:</b></span> <span>192&deg;</span></div>\n</div>"},"icon-heading":192,"icon":"http://maps.google.com/mapfiles/kml/shapes/airports.png","timestamp":"2026-05-18T07:56:34+00:00"}},{"type":"Feature","geometry":{"type":"Point","coordinates":[8.529872,49.864792,2110.74]},"properties":{"name":"2026-05-18 07:56:36 UTC","description":{"@type":"html","value":"<div><div><span><b>Altitude:</b></span> <span>6,925 ft</span></div>\n<div><span><b>Speed:</b></span> <span>228 kt</span></div>\n<div><span><b>Heading:</b></span> <span>194&deg;</span></div>\n</div>"},"icon-heading":194,"icon":"http://maps.google.com/mapfiles/kml/shapes/airports.png","timestamp":"2026-05-18T07:56:36+00:00"}},{"type":"Feature","geometry":{"type":"Point","coordinates":[8.528644,49.862274,2148.84]},"properties":{"name":"2026-05-18 07:56:39 UTC","description":{"@type":"html","value":"<div><div><span><b>Altitude:</b></span> <span>7,050 ft</span></div>\n<div><span><b>Speed:</b></span> <span>229 kt</span></div>\n<div><span><b>Heading:</b></span> <span>197&deg;</span></div>\n</div>"},"icon-heading":197,"icon":"http://maps.google.com/mapfiles/kml/shapes/airports.png","timestamp":"2026-05-18T07:56:39+00:00"}},{"type":"Feature","geometry":{"type":"Point","coordinates":[8.527692,49.860706,2171.7]},"properties":{"name":"2026-05-18 07:56:41 UTC","description":{"@type":"html","value":"<div><div><span><b>Altitude:</b></span> <span>7,125 ft</span></div>\n<div><span><b>Speed:</b></span> <span>229 kt</span></div>\n<div><span><b>Heading:</b></span> <span>198&deg;</span></div>\n</div>"},"icon-heading":198,"icon":"http://maps.google.com/mapfiles/kml/shapes/airports.png","timestamp":"2026-05-18T07:56:41+00:00"}},{"type":"Feature","geometry":{"type":"Point","coordinates":[8.526356,49.858284,2209.8]},"properties":{"name":"2026-05-18 07:56:43 UTC","description":{"@type":"html","value":"<div><div><span><b>Altitude:</b></span> <span>7,250 ft</span></div>\n<div><span><b>Speed:</b></span> <span>229 kt</span></div>\n<div><span><b>Heading:</b></span> <span>200&deg;</span></div>\n</div>"},"icon-heading":200,"icon":"http://maps.google.com/mapfiles/kml/shapes/airports.png","timestamp":"2026-05-18T07:56:43+00:00"}},{"type":"Feature","geometry":{"type":"Point","coordinates":[8.525174,49.856277,2232.66]},"properties":{"name":"2026-05-18 07:56:45 UTC","description":{"@type":"html","value":"<div><div><span><b>Altitude:</b></span> <span>7,325 ft</span></div>\n<div><span><b>Speed:</b></span> <span>230 kt</span></div>\n<div><span><b>Heading:</b></span> <span>200&deg;</span></div>\n</div>"},"icon-heading":200,"icon":"http://maps.google.com/mapfiles/kml/shapes/airports.png","timestamp":"2026-05-18T07:56:45+00:00"}},{"type":"Feature","geometry":{"type":"Point","coordinates":[8.523758,49.853863,2263.14]},"properties":{"name":"2026-05-18 07:56:47 UTC","description":{"@type":"html","value":"<div><div><span><b>Altitude:</b></span> <span>7,425 ft</span></div>\n<div><span><b>Speed:</b></span> <span>231 kt</span></div>\n<div><span><b>Heading:</b></span> <span>200&deg;</span></div>\n</div>"},"icon-heading":200,"icon":"http://maps.google.com/mapfiles/kml/shapes/airports.png","timestamp":"2026-05-18T07:56:47+00:00"}},{"type":"Feature","geometry":{"type":"Point","coordinates":[8.52257,49.85186,2286]},"properties":{"name":"2026-05-18 07:56:49 UTC","description":{"@type":"html","value":"<div><div><span><b>Altitude:</b></span> <span>7,500 ft</span></div>\n<div><span><b>Speed:</b></span> <span>232 kt</span></div>\n<div><span><b>Heading:</b></span> <span>200&deg;</span></div>\n</div>"},"icon-heading":200,"icon":"http://maps.google.com/mapfiles/kml/shapes/airports.png","timestamp":"2026-05-18T07:56:49+00:00"}},{"type":"Feature","geometry":{"type":"Point","coordinates":[8.521343,49.849823,2308.86]},"properties":{"name":"2026-05-18 07:56:51 UTC","description":{"@type":"html","value":"<div><div><span><b>Altitude:</b></span> <span>7,575 ft</span></div>\n<div><span><b>Speed:</b></span> <span>235 kt</span></div>\n<div><span><b>Heading:</b></span> <span>200&deg;</span></div>\n</div>"},"icon-heading":200,"icon":"http://maps.google.com/mapfiles/kml/shapes/airports.png","timestamp":"2026-05-18T07:56:51+00:00"}},{"type":"Feature","geometry":{"type":"Point","coordinates":[8.519897,49.84726,2331.72]},"properties":{"name":"2026-05-18 07:56:54 UTC","description":{"@type":"html","value":"<div><div><span><b>Altitude:</b></span> <span>7,650 ft</span></div>\n<div><span><b>Speed:</b></span> <span>236 kt</span></div>\n<div><span><b>Heading:</b></span> <span>200&deg;</span></div>\n</div>"},"icon-heading":200,"icon":"http://maps.google.com/mapfiles/kml/shapes/airports.png","timestamp":"2026-05-18T07:56:54+00:00"}},{"type":"Feature","geometry":{"type":"Point","coordinates":[8.518636,49.845112,2354.58]},"properties":{"name":"2026-05-18 07:56:56 UTC","description":{"@type":"html","value":"<div><div><span><b>Altitude:</b></span> <span>7,725 ft</span></div>\n<div><span><b>Speed:</b></span> <span>238 kt</span></div>\n<div><span><b>Heading:</b></span> <span>200&deg;</span></div>\n</div>"},"icon-heading":200,"icon":"http://maps.google.com/mapfiles/kml/shapes/airports.png","timestamp":"2026-05-18T07:56:56+00:00"}},{"type":"Feature","geometry":{"type":"Point","coordinates":[8.5173,49.842876,2369.82]},"properties":{"name":"2026-05-18 07:56:58 UTC","description":{"@type":"html","value":"<div><div><span><b>Altitude:</b></span> <span>7,775 ft</span></div>\n<div><span><b>Speed:</b></span> <span>240 kt</span></div>\n<div><span><b>Heading:</b></span> <span>200&deg;</span></div>\n</div>"},"icon-heading":200,"icon":"http://maps.google.com/mapfiles/kml/shapes/airports.png","timestamp":"2026-05-18T07:56:58+00:00"}},{"type":"Feature","geometry":{"type":"Point","coordinates":[8.516139,49.840805,2392.68]},"properties":{"name":"2026-05-18 07:57:00 UTC","description":{"@type":"html","value":"<div><div><span><b>Altitude:</b></span> <span>7,850 ft</span></div>\n<div><span><b>Speed:</b></span> <span>242 kt</span></div>\n<div><span><b>Heading:</b></span> <span>200&deg;</span></div>\n</div>"},"icon-heading":200,"icon":"http://maps.google.com/mapfiles/kml/shapes/airports.png","timestamp":"2026-05-18T07:57:00+00:00"}},{"type":"Feature","geometry":{"type":"Point","coordinates":[8.514775,49.838455,2415.54]},"properties":{"name":"2026-05-18 07:57:02 UTC","description":{"@type":"html","value":"<div><div><span><b>Altitude:</b></span> <span>7,925 ft</span></div>\n<div><span><b>Speed:</b></span> <span>245 kt</span></div>\n<div><span><b>Heading:</b></span> <span>200&deg;</span></div>\n</div>"},"icon-heading":200,"icon":"http://maps.google.com/mapfiles/kml/shapes/airports.png","timestamp":"2026-05-18T07:57:02+00:00"}},{"type":"Feature","geometry":{"type":"Point","coordinates":[8.506833,49.824394,2552.7]},"properties":{"name":"2026-05-18 07:57:15 UTC","description":{"@type":"html","value":"<div><div><span><b>Altitude:</b></span> <span>8,375 ft</span></div>\n<div><span><b>Speed:</b></span> <span>256 kt</span></div>\n<div><span><b>Heading:</b></span> <span>199&deg;</span></div>\n</div>"},"icon-heading":199,"icon":"http://maps.google.com/mapfiles/kml/shapes/airports.png","timestamp":"2026-05-18T07:57:15+00:00"}},{"type":"Feature","geometry":{"type":"Point","coordinates":[8.498359,49.809402,2758.44]},"properties":{"name":"2026-05-18 07:57:28 UTC","description":{"@type":"html","value":"<div><div><span><b>Altitude:</b></span> <span>9,050 ft</span></div>\n<div><span><b>Speed:</b></span> <span>258 kt</span></div>\n<div><span><b>Heading:</b></span> <span>200&deg;</span></div>\n</div>"},"icon-heading":200,"icon":"http://maps.google.com/mapfiles/kml/shapes/airports.png","timestamp":"2026-05-18T07:57:28+00:00"}},{"type":"Feature","geometry":{"type":"Point","coordinates":[8.49048,49.795441,2948.94]},"properties":{"name":"2026-05-18 07:57:41 UTC","description":{"@type":"html","value":"<div><div><span><b>Altitude:</b></span> <span>9,675 ft</span></div>\n<div><span><b>Speed:</b></span> <span>260 kt</span></div>\n<div><span><b>Heading:</b></span> <span>200&deg;</span></div>\n</div>"},"icon-heading":200,"icon":"http://maps.google.com/mapfiles/kml/shapes/airports.png","timestamp":"2026-05-18T07:57:41+00:00"}},{"type":"Feature","geometry":{"type":"Point","coordinates":[8.480406,49.781708,3108.96]},"properties":{"name":"2026-05-18 07:57:53 UTC","description":{"@type":"html","value":"<div><div><span><b>Altitude:</b></span> <span>10,200 ft</span></div>\n<div><span><b>Speed:</b></span> <span>264 kt</span></div>\n<div><span><b>Heading:</b></span> <span>210&deg;</span></div>\n</div>"},"icon-heading":210,"icon":"http://maps.google.com/mapfiles/kml/shapes/airports.png","timestamp":"2026-05-18T07:57:53+00:00"}},{"type":"Feature","geometry":{"type":"Point","coordinates":[8.47803,49.779331,3131.82]},"properties":{"name":"2026-05-18 07:57:56 UTC","description":{"@type":"html","value":"<div><div><span><b>Altitude:</b></span> <span>10,275 ft</span></div>\n<div><span><b>Speed:</b></span> <span>266 kt</span></div>\n<div><span><b>Heading:</b></span> <span>212&deg;</span></div>\n</div>"},"icon-heading":212,"icon":"http://maps.google.com/mapfiles/kml/shapes/airports.png","timestamp":"2026-05-18T07:57:56+00:00"}},{"type":"Feature","geometry":{"type":"Point","coordinates":[8.475358,49.777004,3147.06]},"properties":{"name":"2026-05-18 07:57:58 UTC","description":{"@type":"html","value":"<div><div><span><b>Altitude:</b></span> <span>10,325 ft</span></div>\n<div><span><b>Speed:</b></span> <span>268 kt</span></div>\n<div><span><b>Heading:</b></span> <span>215&deg;</span></div>\n</div>"},"icon-heading":215,"icon":"http://maps.google.com/mapfiles/kml/shapes/airports.png","timestamp":"2026-05-18T07:57:58+00:00"}},{"type":"Feature","geometry":{"type":"Point","coordinates":[8.472989,49.775162,3154.68]},"properties":{"name":"2026-05-18 07:58:00 UTC","description":{"@type":"html","value":"<div><div><span><b>Altitude:</b></span> <span>10,350 ft</span></div>\n<div><span><b>Speed:</b></span> <span>271 kt</span></div>\n<div><span><b>Heading:</b></span> <span>218&deg;</span></div>\n</div>"},"icon-heading":218,"icon":"http://maps.google.com/mapfiles/kml/shapes/airports.png","timestamp":"2026-05-18T07:58:00+00:00"}},{"type":"Feature","geometry":{"type":"Point","coordinates":[8.470098,49.773193,3169.92]},"properties":{"name":"2026-05-18 07:58:02 UTC","description":{"@type":"html","value":"<div><div><span><b>Altitude:</b></span> <span>10,400 ft</span></div>\n<div><span><b>Speed:</b></span> <span>273 kt</span></div>\n<div><span><b>Heading:</b></span> <span>221&deg;</span></div>\n</div>"},"icon-heading":221,"icon":"http://maps.google.com/mapfiles/kml/shapes/airports.png","timestamp":"2026-05-18T07:58:02+00:00"}},{"type":"Feature","geometry":{"type":"Point","coordinates":[8.467351,49.7715,3177.54]},"properties":{"name":"2026-05-18 07:58:04 UTC","description":{"@type":"html","value":"<div><div><span><b>Altitude:</b></span> <span>10,425 ft</span></div>\n<div><span><b>Speed:</b></span> <span>276 kt</span></div>\n<div><span><b>Heading:</b></span> <span>225&deg;</span></div>\n</div>"},"icon-heading":225,"icon":"http://maps.google.com/mapfiles/kml/shapes/airports.png","timestamp":"2026-05-18T07:58:04+00:00"}},{"type":"Feature","geometry":{"type":"Point","coordinates":[8.464149,49.769741,3192.78]},"properties":{"name":"2026-05-18 07:58:06 UTC","description":{"@type":"html","value":"<div><div><span><b>Altitude:</b></span> <span>10,475 ft</span></div>\n<div><span><b>Speed:</b></span> <span>279 kt</span></div>\n<div><span><b>Heading:</b></span> <span>228&deg;</span></div>\n</div>"},"icon-heading":228,"icon":"http://maps.google.com/mapfiles/kml/shapes/airports.png","timestamp":"2026-05-18T07:58:06+00:00"}},{"type":"Feature","geometry":{"type":"Point","coordinates":[8.460485,49.768021,3200.4]},"properties":{"name":"2026-05-18 07:58:08 UTC","description":{"@type":"html","value":"<div><div><span><b>Altitude:</b></span> <span>10,500 ft</span></div>\n<div><span><b>Speed:</b></span> <span>283 kt</span></div>\n<div><span><b>Heading:</b></span> <span>233&deg;</span></div>\n</div>"},"icon-heading":233,"icon":"http://maps.google.com/mapfiles/kml/shapes/airports.png","timestamp":"2026-05-18T07:58:08+00:00"}},{"type":"Feature","geometry":{"type":"Point","coordinates":[8.456871,49.76651,3208.02]},"properties":{"name":"2026-05-18 07:58:10 UTC","description":{"@type":"html","value":"<div><div><span><b>Altitude:</b></span> <span>10,525 ft</span></div>\n<div><span><b>Speed:</b></span> <span>287 kt</span></div>\n<div><span><b>Heading:</b></span> <span>237&deg;</span></div>\n</div>"},"icon-heading":237,"icon":"http://maps.google.com/mapfiles/kml/shapes/airports.png","timestamp":"2026-05-18T07:58:10+00:00"}},{"type":"Feature","geometry":{"type":"Point","coordinates":[8.452643,49.764996,3215.64]},"properties":{"name":"2026-05-18 07:58:12 UTC","description":{"@type":"html","value":"<div><div><span><b>Altitude:</b></span> <span>10,550 ft</span></div>\n<div><span><b>Speed:</b></span> <span>289 kt</span></div>\n<div><span><b>Heading:</b></span> <span>240&deg;</span></div>\n</div>"},"icon-heading":240,"icon":"http://maps.google.com/mapfiles/kml/shapes/airports.png","timestamp":"2026-05-18T07:58:12+00:00"}},{"type":"Feature","geometry":{"type":"Point","coordinates":[8.448848,49.763809,3223.26]},"properties":{"name":"2026-05-18 07:58:15 UTC","description":{"@type":"html","value":"<div><div><span><b>Altitude:</b></span> <span>10,575 ft</span></div>\n<div><span><b>Speed:</b></span> <span>293 kt</span></div>\n<div><span><b>Heading:</b></span> <span>244&deg;</span></div>\n</div>"},"icon-heading":244,"icon":"http://maps.google.com/mapfiles/kml/shapes/airports.png","timestamp":"2026-05-18T07:58:15+00:00"}},{"type":"Feature","geometry":{"type":"Point","coordinates":[8.444294,49.762665,3238.5]},"properties":{"name":"2026-05-18 07:58:17 UTC","description":{"@type":"html","value":"<div><div><span><b>Altitude:</b></span> <span>10,625 ft</span></div>\n<div><span><b>Speed:</b></span> <span>296 kt</span></div>\n<div><span><b>Heading:</b></span> <span>247&deg;</span></div>\n</div>"},"icon-heading":247,"icon":"http://maps.google.com/mapfiles/kml/shapes/airports.png","timestamp":"2026-05-18T07:58:17+00:00"}},{"type":"Feature","geometry":{"type":"Point","coordinates":[8.439958,49.761749,3246.12]},"properties":{"name":"2026-05-18 07:58:19 UTC","description":{"@type":"html","value":"<div><div><span><b>Altitude:</b></span> <span>10,650 ft</span></div>\n<div><span><b>Speed:</b></span> <span>300 kt</span></div>\n<div><span><b>Heading:</b></span> <span>251&deg;</span></div>\n</div>"},"icon-heading":251,"icon":"http://maps.google.com/mapfiles/kml/shapes/airports.png","timestamp":"2026-05-18T07:58:19+00:00"}},{"type":"Feature","geometry":{"type":"Point","coordinates":[8.434898,49.760971,3253.74]},"properties":{"name":"2026-05-18 07:58:21 UTC","description":{"@type":"html","value":"<div><div><span><b>Altitude:</b></span> <span>10,675 ft</span></div>\n<div><span><b>Speed:</b></span> <span>303 kt</span></div>\n<div><span><b>Heading:</b></span> <span>254&deg;</span></div>\n</div>"},"icon-heading":254,"icon":"http://maps.google.com/mapfiles/kml/shapes/airports.png","timestamp":"2026-05-18T07:58:21+00:00"}},{"type":"Feature","geometry":{"type":"Point","coordinates":[8.430706,49.760513,3268.98]},"properties":{"name":"2026-05-18 07:58:23 UTC","description":{"@type":"html","value":"<div><div><span><b>Altitude:</b></span> <span>10,725 ft</span></div>\n<div><span><b>Speed:</b></span> <span>308 kt</span></div>\n<div><span><b>Heading:</b></span> <span>259&deg;</span></div>\n</div>"},"icon-heading":259,"icon":"http://maps.google.com/mapfiles/kml/shapes/airports.png","timestamp":"2026-05-18T07:58:23+00:00"}},{"type":"Feature","geometry":{"type":"Point","coordinates":[8.42608,49.760147,3276.6]},"properties":{"name":"2026-05-18 07:58:25 UTC","description":{"@type":"html","value":"<div><div><span><b>Altitude:</b></span> <span>10,750 ft</span></div>\n<div><span><b>Speed:</b></span> <span>311 kt</span></div>\n<div><span><b>Heading:</b></span> <span>263&deg;</span></div>\n</div>"},"icon-heading":263,"icon":"http://maps.google.com/mapfiles/kml/shapes/airports.png","timestamp":"2026-05-18T07:58:25+00:00"}},{"type":"Feature","geometry":{"type":"Point","coordinates":[8.420659,49.76001,3291.84]},"properties":{"name":"2026-05-18 07:58:27 UTC","description":{"@type":"html","value":"<div><div><span><b>Altitude:</b></span> <span>10,800 ft</span></div>\n<div><span><b>Speed:</b></span> <span>314 kt</span></div>\n<div><span><b>Heading:</b></span> <span>266&deg;</span></div>\n</div>"},"icon-heading":266,"icon":"http://maps.google.com/mapfiles/kml/shapes/airports.png","timestamp":"2026-05-18T07:58:27+00:00"}},{"type":"Feature","geometry":{"type":"Point","coordinates":[8.415889,49.760056,3299.46]},"properties":{"name":"2026-05-18 07:58:29 UTC","description":{"@type":"html","value":"<div><div><span><b>Altitude:</b></span> <span>10,825 ft</span></div>\n<div><span><b>Speed:</b></span> <span>318 kt</span></div>\n<div><span><b>Heading:</b></span> <span>270&deg;</span></div>\n</div>"},"icon-heading":270,"icon":"http://maps.google.com/mapfiles/kml/shapes/airports.png","timestamp":"2026-05-18T07:58:29+00:00"}},{"type":"Feature","geometry":{"type":"Point","coordinates":[8.412492,49.760284,3307.08]},"properties":{"name":"2026-05-18 07:58:32 UTC","description":{"@type":"html","value":"<div><div><span><b>Altitude:</b></span> <span>10,850 ft</span></div>\n<div><span><b>Speed:</b></span> <span>321 kt</span></div>\n<div><span><b>Heading:</b></span> <span>273&deg;</span></div>\n</div>"},"icon-heading":273,"icon":"http://maps.google.com/mapfiles/kml/shapes/airports.png","timestamp":"2026-05-18T07:58:32+00:00"}},{"type":"Feature","geometry":{"type":"Point","coordinates":[8.407659,49.760666,3322.32]},"properties":{"name":"2026-05-18 07:58:34 UTC","description":{"@type":"html","value":"<div><div><span><b>Altitude:</b></span> <span>10,900 ft</span></div>\n<div><span><b>Speed:</b></span> <span>324 kt</span></div>\n<div><span><b>Heading:</b></span> <span>276&deg;</span></div>\n</div>"},"icon-heading":276,"icon":"http://maps.google.com/mapfiles/kml/shapes/airports.png","timestamp":"2026-05-18T07:58:34+00:00"}},{"type":"Feature","geometry":{"type":"Point","coordinates":[8.402834,49.761223,3329.94]},"properties":{"name":"2026-05-18 07:58:36 UTC","description":{"@type":"html","value":"<div><div><span><b>Altitude:</b></span> <span>10,925 ft</span></div>\n<div><span><b>Speed:</b></span> <span>327 kt</span></div>\n<div><span><b>Heading:</b></span> <span>279&deg;</span></div>\n</div>"},"icon-heading":279,"icon":"http://maps.google.com/mapfiles/kml/shapes/airports.png","timestamp":"2026-05-18T07:58:36+00:00"}},{"type":"Feature","geometry":{"type":"Point","coordinates":[8.397934,49.761921,3345.18]},"properties":{"name":"2026-05-18 07:58:38 UTC","description":{"@type":"html","value":"<div><div><span><b>Altitude:</b></span> <span>10,975 ft</span></div>\n<div><span><b>Speed:</b></span> <span>330 kt</span></div>\n<div><span><b>Heading:</b></span> <span>281&deg;</span></div>\n</div>"},"icon-heading":281,"icon":"http://maps.google.com/mapfiles/kml/shapes/airports.png","timestamp":"2026-05-18T07:58:38+00:00"}},{"type":"Feature","geometry":{"type":"Point","coordinates":[8.393555,49.762619,3360.42]},"properties":{"name":"2026-05-18 07:58:40 UTC","description":{"@type":"html","value":"<div><div><span><b>Altitude:</b></span> <span>11,025 ft</span></div>\n<div><span><b>Speed:</b></span> <span>332 kt</span></div>\n<div><span><b>Heading:</b></span> <span>283&deg;</span></div>\n</div>"},"icon-heading":283,"icon":"http://maps.google.com/mapfiles/kml/shapes/airports.png","timestamp":"2026-05-18T07:58:40+00:00"}},{"type":"Feature","geometry":{"type":"Point","coordinates":[8.387987,49.763504,3375.66]},"properties":{"name":"2026-05-18 07:58:42 UTC","description":{"@type":"html","value":"<div><div><span><b>Altitude:</b></span> <span>11,075 ft</span></div>\n<div><span><b>Speed:</b></span> <span>333 kt</span></div>\n<div><span><b>Heading:</b></span> <span>284&deg;</span></div>\n</div>"},"icon-heading":284,"icon":"http://maps.google.com/mapfiles/kml/shapes/airports.png","timestamp":"2026-05-18T07:58:42+00:00"}},{"type":"Feature","geometry":{"type":"Point","coordinates":[8.382857,49.764404,3398.52]},"properties":{"name":"2026-05-18 07:58:44 UTC","description":{"@type":"html","value":"<div><div><span><b>Altitude:</b></span> <span>11,150 ft</span></div>\n<div><span><b>Speed:</b></span> <span>337 kt</span></div>\n<div><span><b>Heading:</b></span> <span>284&deg;</span></div>\n</div>"},"icon-heading":284,"icon":"http://maps.google.com/mapfiles/kml/shapes/airports.png","timestamp":"2026-05-18T07:58:44+00:00"}},{"type":"Feature","geometry":{"type":"Point","coordinates":[8.379376,49.764996,3406.14]},"properties":{"name":"2026-05-18 07:58:46 UTC","description":{"@type":"html","value":"<div><div><span><b>Altitude:</b></span> <span>11,175 ft</span></div>\n<div><span><b>Speed:</b></span> <span>338 kt</span></div>\n<div><span><b>Heading:</b></span> <span>284&deg;</span></div>\n</div>"},"icon-heading":284,"icon":"http://maps.google.com/mapfiles/kml/shapes/airports.png","timestamp":"2026-05-18T07:58:46+00:00"}},{"type":"Feature","geometry":{"type":"Point","coordinates":[8.373438,49.766018,3421.38]},"properties":{"name":"2026-05-18 07:58:48 UTC","description":{"@type":"html","value":"<div><div><span><b>Altitude:</b></span> <span>11,225 ft</span></div>\n<div><span><b>Speed:</b></span> <span>341 kt</span></div>\n<div><span><b>Heading:</b></span> <span>284&deg;</span></div>\n</div>"},"icon-heading":284,"icon":"http://maps.google.com/mapfiles/kml/shapes/airports.png","timestamp":"2026-05-18T07:58:48+00:00"}},{"type":"Feature","geometry":{"type":"Point","coordinates":[8.36869,49.76683,3436.62]},"properties":{"name":"2026-05-18 07:58:50 UTC","description":{"@type":"html","value":"<div><div><span><b>Altitude:</b></span> <span>11,275 ft</span></div>\n<div><span><b>Speed:</b></span> <span>343 kt</span></div>\n<div><span><b>Heading:</b></span> <span>285&deg;</span></div>\n</div>"},"icon-heading":285,"icon":"http://maps.google.com/mapfiles/kml/shapes/airports.png","timestamp":"2026-05-18T07:58:50+00:00"}},{"type":"Feature","geometry":{"type":"Point","coordinates":[8.363713,49.767693,3451.86]},"properties":{"name":"2026-05-18 07:58:52 UTC","description":{"@type":"html","value":"<div><div><span><b>Altitude:</b></span> <span>11,325 ft</span></div>\n<div><span><b>Speed:</b></span> <span>345 kt</span></div>\n<div><span><b>Heading:</b></span> <span>284&deg;</span></div>\n</div>"},"icon-heading":284,"icon":"http://maps.google.com/mapfiles/kml/shapes/airports.png","timestamp":"2026-05-18T07:58:52+00:00"}},{"type":"Feature","geometry":{"type":"Point","coordinates":[8.358427,49.768616,3467.1]},"properties":{"name":"2026-05-18 07:58:54 UTC","description":{"@type":"html","value":"<div><div><span><b>Altitude:</b></span> <span>11,375 ft</span></div>\n<div><span><b>Speed:</b></span> <span>348 kt</span></div>\n<div><span><b>Heading:</b></span> <span>284&deg;</span></div>\n</div>"},"icon-heading":284,"icon":"http://maps.google.com/mapfiles/kml/shapes/airports.png","timestamp":"2026-05-18T07:58:54+00:00"}},{"type":"Feature","geometry":{"type":"Point","coordinates":[8.352579,49.769558,3474.72]},"properties":{"name":"2026-05-18 07:58:56 UTC","description":{"@type":"html","value":"<div><div><span><b>Altitude:</b></span> <span>11,400 ft</span></div>\n<div><span><b>Speed:</b></span> <span>350 kt</span></div>\n<div><span><b>Heading:</b></span> <span>284&deg;</span></div>\n</div>"},"icon-heading":284,"icon":"http://maps.google.com/mapfiles/kml/shapes/airports.png","timestamp":"2026-05-18T07:58:56+00:00"}},{"type":"Feature","geometry":{"type":"Point","coordinates":[8.348199,49.770302,3489.96]},"properties":{"name":"2026-05-18 07:58:59 UTC","description":{"@type":"html","value":"<div><div><span><b>Altitude:</b></span> <span>11,450 ft</span></div>\n<div><span><b>Speed:</b></span> <span>352 kt</span></div>\n<div><span><b>Heading:</b></span> <span>284&deg;</span></div>\n</div>"},"icon-heading":284,"icon":"http://maps.google.com/mapfiles/kml/shapes/airports.png","timestamp":"2026-05-18T07:58:59+00:00"}},{"type":"Feature","geometry":{"type":"Point","coordinates":[8.343249,49.771088,3497.58]},"properties":{"name":"2026-05-18 07:59:01 UTC","description":{"@type":"html","value":"<div><div><span><b>Altitude:</b></span> <span>11,475 ft</span></div>\n<div><span><b>Speed:</b></span> <span>353 kt</span></div>\n<div><span><b>Heading:</b></span> <span>284&deg;</span></div>\n</div>"},"icon-heading":284,"icon":"http://maps.google.com/mapfiles/kml/shapes/airports.png","timestamp":"2026-05-18T07:59:01+00:00"}},{"type":"Feature","geometry":{"type":"Point","coordinates":[8.336322,49.772209,3520.44]},"properties":{"name":"2026-05-18 07:59:03 UTC","description":{"@type":"html","value":"<div><div><span><b>Altitude:</b></span> <span>11,550 ft</span></div>\n<div><span><b>Speed:</b></span> <span>356 kt</span></div>\n<div><span><b>Heading:</b></span> <span>284&deg;</span></div>\n</div>"},"icon-heading":284,"icon":"http://maps.google.com/mapfiles/kml/shapes/airports.png","timestamp":"2026-05-18T07:59:03+00:00"}},{"type":"Feature","geometry":{"type":"Point","coordinates":[8.30507,49.777191,3627.12]},"properties":{"name":"2026-05-18 07:59:16 UTC","description":{"@type":"html","value":"<div><div><span><b>Altitude:</b></span> <span>11,900 ft</span></div>\n<div><span><b>Speed:</b></span> <span>366 kt</span></div>\n<div><span><b>Heading:</b></span> <span>283&deg;</span></div>\n</div>"},"icon-heading":283,"icon":"http://maps.google.com/mapfiles/kml/shapes/airports.png","timestamp":"2026-05-18T07:59:16+00:00"}},{"type":"Feature","geometry":{"type":"Point","coordinates":[8.272271,49.782394,3794.76]},"properties":{"name":"2026-05-18 07:59:29 UTC","description":{"@type":"html","value":"<div><div><span><b>Altitude:</b></span> <span>12,450 ft</span></div>\n<div><span><b>Speed:</b></span> <span>370 kt</span></div>\n<div><span><b>Heading:</b></span> <span>283&deg;</span></div>\n</div>"},"icon-heading":283,"icon":"http://maps.google.com/mapfiles/kml/shapes/airports.png","timestamp":"2026-05-18T07:59:29+00:00"}},{"type":"Feature","geometry":{"type":"Point","coordinates":[8.1885,49.795807,4213.86]},"properties":{"name":"2026-05-18 08:00:01 UTC","description":{"@type":"html","value":"<div><div><span><b>Altitude:</b></span> <span>13,825 ft</span></div>\n<div><span><b>Speed:</b></span> <span>378 kt</span></div>\n<div><span><b>Heading:</b></span> <span>283&deg;</span></div>\n</div>"},"icon-heading":283,"icon":"http://maps.google.com/mapfiles/kml/shapes/airports.png","timestamp":"2026-05-18T08:00:01+00:00"}},{"type":"Feature","geometry":{"type":"Point","coordinates":[8.102046,49.809589,4549.14]},"properties":{"name":"2026-05-18 08:00:33 UTC","description":{"@type":"html","value":"<div><div><span><b>Altitude:</b></span> <span>14,925 ft</span></div>\n<div><span><b>Speed:</b></span> <span>393 kt</span></div>\n<div><span><b>Heading:</b></span> <span>283&deg;</span></div>\n</div>"},"icon-heading":283,"icon":"http://maps.google.com/mapfiles/kml/shapes/airports.png","timestamp":"2026-05-18T08:00:33+00:00"}},{"type":"Feature","geometry":{"type":"Point","coordinates":[8.020381,49.82254,5029.2]},"properties":{"name":"2026-05-18 08:01:03 UTC","description":{"@type":"html","value":"<div><div><span><b>Altitude:</b></span> <span>16,500 ft</span></div>\n<div><span><b>Speed:</b></span> <span>391 kt</span></div>\n<div><span><b>Heading:</b></span> <span>283&deg;</span></div>\n</div>"},"icon-heading":283,"icon":"http://maps.google.com/mapfiles/kml/shapes/airports.png","timestamp":"2026-05-18T08:01:03+00:00"}},{"type":"Feature","geometry":{"type":"Point","coordinates":[7.931623,49.836456,5280.66]},"properties":{"name":"2026-05-18 08:01:35 UTC","description":{"@type":"html","value":"<div><div><span><b>Altitude:</b></span> <span>17,325 ft</span></div>\n<div><span><b>Speed:</b></span> <span>408 kt</span></div>\n<div><span><b>Heading:</b></span> <span>283&deg;</span></div>\n</div>"},"icon-heading":283,"icon":"http://maps.google.com/mapfiles/kml/shapes/airports.png","timestamp":"2026-05-18T08:01:35+00:00"}},{"type":"Feature","geometry":{"type":"Point","coordinates":[7.842234,49.85051,5524.5]},"properties":{"name":"2026-05-18 08:02:06 UTC","description":{"@type":"html","value":"<div><div><span><b>Altitude:</b></span> <span>18,125 ft</span></div>\n<div><span><b>Speed:</b></span> <span>421 kt</span></div>\n<div><span><b>Heading:</b></span> <span>283&deg;</span></div>\n</div>"},"icon-heading":283,"icon":"http://maps.google.com/mapfiles/kml/shapes/airports.png","timestamp":"2026-05-18T08:02:06+00:00"}},{"type":"Feature","geometry":{"type":"Point","coordinates":[7.746446,49.865433,5783.58]},"properties":{"name":"2026-05-18 08:02:38 UTC","description":{"@type":"html","value":"<div><div><span><b>Altitude:</b></span> <span>18,975 ft</span></div>\n<div><span><b>Speed:</b></span> <span>434 kt</span></div>\n<div><span><b>Heading:</b></span> <span>283&deg;</span></div>\n</div>"},"icon-heading":283,"icon":"http://maps.google.com/mapfiles/kml/shapes/airports.png","timestamp":"2026-05-18T08:02:38+00:00"}},{"type":"Feature","geometry":{"type":"Point","coordinates":[7.650344,49.880489,6088.38]},"properties":{"name":"2026-05-18 08:03:09 UTC","description":{"@type":"html","value":"<div><div><span><b>Altitude:</b></span> <span>19,975 ft</span></div>\n<div><span><b>Speed:</b></span> <span>439 kt</span></div>\n<div><span><b>Heading:</b></span> <span>283&deg;</span></div>\n</div>"},"icon-heading":283,"icon":"http://maps.google.com/mapfiles/kml/shapes/airports.png","timestamp":"2026-05-18T08:03:09+00:00"}},{"type":"Feature","geometry":{"type":"Point","coordinates":[7.552956,49.895508,6347.46]},"properties":{"name":"2026-05-18 08:03:41 UTC","description":{"@type":"html","value":"<div><div><span><b>Altitude:</b></span> <span>20,825 ft</span></div>\n<div><span><b>Speed:</b></span> <span>448 kt</span></div>\n<div><span><b>Heading:</b></span> <span>283&deg;</span></div>\n</div>"},"icon-heading":283,"icon":"http://maps.google.com/mapfiles/kml/shapes/airports.png","timestamp":"2026-05-18T08:03:41+00:00"}},{"type":"Feature","geometry":{"type":"Point","coordinates":[7.452633,49.910889,6637.02]},"properties":{"name":"2026-05-18 08:04:13 UTC","description":{"@type":"html","value":"<div><div><span><b>Altitude:</b></span> <span>21,775 ft</span></div>\n<div><span><b>Speed:</b></span> <span>452 kt</span></div>\n<div><span><b>Heading:</b></span> <span>283&deg;</span></div>\n</div>"},"icon-heading":283,"icon":"http://maps.google.com/mapfiles/kml/shapes/airports.png","timestamp":"2026-05-18T08:04:13+00:00"}},{"type":"Feature","geometry":{"type":"Point","coordinates":[7.352745,49.926086,6941.82]},"properties":{"name":"2026-05-18 08:04:45 UTC","description":{"@type":"html","value":"<div><div><span><b>Altitude:</b></span> <span>22,775 ft</span></div>\n<div><span><b>Speed:</b></span> <span>453 kt</span></div>\n<div><span><b>Heading:</b></span> <span>283&deg;</span></div>\n</div>"},"icon-heading":283,"icon":"http://maps.google.com/mapfiles/kml/shapes/airports.png","timestamp":"2026-05-18T08:04:45+00:00"}},{"type":"Feature","geometry":{"type":"Point","coordinates":[7.252133,49.94133,7307.58]},"properties":{"name":"2026-05-18 08:05:17 UTC","description":{"@type":"html","value":"<div><div><span><b>Altitude:</b></span> <span>23,975 ft</span></div>\n<div><span><b>Speed:</b></span> <span>447 kt</span></div>\n<div><span><b>Heading:</b></span> <span>283&deg;</span></div>\n</div>"},"icon-heading":283,"icon":"http://maps.google.com/mapfiles/kml/shapes/airports.png","timestamp":"2026-05-18T08:05:17+00:00"}},{"type":"Feature","geometry":{"type":"Point","coordinates":[7.155366,49.955952,7566.66]},"properties":{"name":"2026-05-18 08:05:48 UTC","description":{"@type":"html","value":"<div><div><span><b>Altitude:</b></span> <span>24,825 ft</span></div>\n<div><span><b>Speed:</b></span> <span>449 kt</span></div>\n<div><span><b>Heading:</b></span> <span>283&deg;</span></div>\n</div>"},"icon-heading":283,"icon":"http://maps.google.com/mapfiles/kml/shapes/airports.png","timestamp":"2026-05-18T08:05:48+00:00"}},{"type":"Feature","geometry":{"type":"Point","coordinates":[7.056712,49.970707,7795.26]},"properties":{"name":"2026-05-18 08:06:19 UTC","description":{"@type":"html","value":"<div><div><span><b>Altitude:</b></span> <span>25,575 ft</span></div>\n<div><span><b>Speed:</b></span> <span>450 kt</span></div>\n<div><span><b>Heading:</b></span> <span>283&deg;</span></div>\n</div>"},"icon-heading":283,"icon":"http://maps.google.com/mapfiles/kml/shapes/airports.png","timestamp":"2026-05-18T08:06:19+00:00"}},{"type":"Feature","geometry":{"type":"Point","coordinates":[6.959096,49.984722,7970.52]},"properties":{"name":"2026-05-18 08:06:50 UTC","description":{"@type":"html","value":"<div><div><span><b>Altitude:</b></span> <span>26,150 ft</span></div>\n<div><span><b>Speed:</b></span> <span>455 kt</span></div>\n<div><span><b>Heading:</b></span> <span>280&deg;</span></div>\n</div>"},"icon-heading":280,"icon":"http://maps.google.com/mapfiles/kml/shapes/airports.png","timestamp":"2026-05-18T08:06:50+00:00"}},{"type":"Feature","geometry":{"type":"Point","coordinates":[6.877738,49.990631,8130.54]},"properties":{"name":"2026-05-18 08:07:15 UTC","description":{"@type":"html","value":"<div><div><span><b>Altitude:</b></span> <span>26,675 ft</span></div>\n<div><span><b>Speed:</b></span> <span>451 kt</span></div>\n<div><span><b>Heading:</b></span> <span>272&deg;</span></div>\n</div>"},"icon-heading":272,"icon":"http://maps.google.com/mapfiles/kml/shapes/airports.png","timestamp":"2026-05-18T08:07:15+00:00"}},{"type":"Feature","geometry":{"type":"Point","coordinates":[6.844844,49.990997,8199.12]},"properties":{"name":"2026-05-18 08:07:26 UTC","description":{"@type":"html","value":"<div><div><span><b>Altitude:</b></span> <span>26,900 ft</span></div>\n<div><span><b>Speed:</b></span> <span>450 kt</span></div>\n<div><span><b>Heading:</b></span> <span>269&deg;</span></div>\n</div>"},"icon-heading":269,"icon":"http://maps.google.com/mapfiles/kml/shapes/airports.png","timestamp":"2026-05-18T08:07:26+00:00"}},{"type":"Feature","geometry":{"type":"Point","coordinates":[6.772782,49.991455,8389.62]},"properties":{"name":"2026-05-18 08:07:48 UTC","description":{"@type":"html","value":"<div><div><span><b>Altitude:</b></span> <span>27,525 ft</span></div>\n<div><span><b>Speed:</b></span> <span>452 kt</span></div>\n<div><span><b>Heading:</b></span> <span>275&deg;</span></div>\n</div>"},"icon-heading":275,"icon":"http://maps.google.com/mapfiles/kml/shapes/airports.png","timestamp":"2026-05-18T08:07:48+00:00"}},{"type":"Feature","geometry":{"type":"Point","coordinates":[6.765699,49.991959,8412.48]},"properties":{"name":"2026-05-18 08:07:50 UTC","description":{"@type":"html","value":"<div><div><span><b>Altitude:</b></span> <span>27,600 ft</span></div>\n<div><span><b>Speed:</b></span> <span>452 kt</span></div>\n<div><span><b>Heading:</b></span> <span>276&deg;</span></div>\n</div>"},"icon-heading":276,"icon":"http://maps.google.com/mapfiles/kml/shapes/airports.png","timestamp":"2026-05-18T08:07:50+00:00"}},{"type":"Feature","geometry":{"type":"Point","coordinates":[6.758977,49.992554,8435.34]},"properties":{"name":"2026-05-18 08:07:53 UTC","description":{"@type":"html","value":"<div><div><span><b>Altitude:</b></span> <span>27,675 ft</span></div>\n<div><span><b>Speed:</b></span> <span>451 kt</span></div>\n<div><span><b>Heading:</b></span> <span>277&deg;</span></div>\n</div>"},"icon-heading":277,"icon":"http://maps.google.com/mapfiles/kml/shapes/airports.png","timestamp":"2026-05-18T08:07:53+00:00"}},{"type":"Feature","geometry":{"type":"Point","coordinates":[6.752255,49.99324,8450.58]},"properties":{"name":"2026-05-18 08:07:55 UTC","description":{"@type":"html","value":"<div><div><span><b>Altitude:</b></span> <span>27,725 ft</span></div>\n<div><span><b>Speed:</b></span> <span>452 kt</span></div>\n<div><span><b>Heading:</b></span> <span>278&deg;</span></div>\n</div>"},"icon-heading":278,"icon":"http://maps.google.com/mapfiles/kml/shapes/airports.png","timestamp":"2026-05-18T08:07:55+00:00"}},{"type":"Feature","geometry":{"type":"Point","coordinates":[6.745244,49.994019,8473.44]},"properties":{"name":"2026-05-18 08:07:57 UTC","description":{"@type":"html","value":"<div><div><span><b>Altitude:</b></span> <span>27,800 ft</span></div>\n<div><span><b>Speed:</b></span> <span>452 kt</span></div>\n<div><span><b>Heading:</b></span> <span>279&deg;</span></div>\n</div>"},"icon-heading":279,"icon":"http://maps.google.com/mapfiles/kml/shapes/airports.png","timestamp":"2026-05-18T08:07:57+00:00"}},{"type":"Feature","geometry":{"type":"Point","coordinates":[6.738925,49.994823,8488.68]},"properties":{"name":"2026-05-18 08:07:59 UTC","description":{"@type":"html","value":"<div><div><span><b>Altitude:</b></span> <span>27,850 ft</span></div>\n<div><span><b>Speed:</b></span> <span>452 kt</span></div>\n<div><span><b>Heading:</b></span> <span>280&deg;</span></div>\n</div>"},"icon-heading":280,"icon":"http://maps.google.com/mapfiles/kml/shapes/airports.png","timestamp":"2026-05-18T08:07:59+00:00"}},{"type":"Feature","geometry":{"type":"Point","coordinates":[6.731575,49.995754,8511.54]},"properties":{"name":"2026-05-18 08:08:01 UTC","description":{"@type":"html","value":"<div><div><span><b>Altitude:</b></span> <span>27,925 ft</span></div>\n<div><span><b>Speed:</b></span> <span>452 kt</span></div>\n<div><span><b>Heading:</b></span> <span>281&deg;</span></div>\n</div>"},"icon-heading":281,"icon":"http://maps.google.com/mapfiles/kml/shapes/airports.png","timestamp":"2026-05-18T08:08:01+00:00"}},{"type":"Feature","geometry":{"type":"Point","coordinates":[6.723994,49.996811,8534.4]},"properties":{"name":"2026-05-18 08:08:03 UTC","description":{"@type":"html","value":"<div><div><span><b>Altitude:</b></span> <span>28,000 ft</span></div>\n<div><span><b>Speed:</b></span> <span>452 kt</span></div>\n<div><span><b>Heading:</b></span> <span>281&deg;</span></div>\n</div>"},"icon-heading":281,"icon":"http://maps.google.com/mapfiles/kml/shapes/airports.png","timestamp":"2026-05-18T08:08:03+00:00"}},{"type":"Feature","geometry":{"type":"Point","coordinates":[6.719585,49.997406,8549.64]},"properties":{"name":"2026-05-18 08:08:05 UTC","description":{"@type":"html","value":"<div><div><span><b>Altitude:</b></span> <span>28,050 ft</span></div>\n<div><span><b>Speed:</b></span> <span>451 kt</span></div>\n<div><span><b>Heading:</b></span> <span>281&deg;</span></div>\n</div>"},"icon-heading":281,"icon":"http://maps.google.com/mapfiles/kml/shapes/airports.png","timestamp":"2026-05-18T08:08:05+00:00"}},{"type":"Feature","geometry":{"type":"Point","coordinates":[6.711056,49.998596,8580.12]},"properties":{"name":"2026-05-18 08:08:07 UTC","description":{"@type":"html","value":"<div><div><span><b>Altitude:</b></span> <span>28,150 ft</span></div>\n<div><span><b>Speed:</b></span> <span>450 kt</span></div>\n<div><span><b>Heading:</b></span> <span>282&deg;</span></div>\n</div>"},"icon-heading":282,"icon":"http://maps.google.com/mapfiles/kml/shapes/airports.png","timestamp":"2026-05-18T08:08:07+00:00"}},{"type":"Feature","geometry":{"type":"Point","coordinates":[6.70604,49.99929,8587.74]},"properties":{"name":"2026-05-18 08:08:09 UTC","description":{"@type":"html","value":"<div><div><span><b>Altitude:</b></span> <span>28,175 ft</span></div>\n<div><span><b>Speed:</b></span> <span>450 kt</span></div>\n<div><span><b>Heading:</b></span> <span>282&deg;</span></div>\n</div>"},"icon-heading":282,"icon":"http://maps.google.com/mapfiles/kml/shapes/airports.png","timestamp":"2026-05-18T08:08:09+00:00"}},{"type":"Feature","geometry":{"type":"Point","coordinates":[6.698468,50.000317,8618.22]},"properties":{"name":"2026-05-18 08:08:11 UTC","description":{"@type":"html","value":"<div><div><span><b>Altitude:</b></span> <span>28,275 ft</span></div>\n<div><span><b>Speed:</b></span> <span>450 kt</span></div>\n<div><span><b>Heading:</b></span> <span>282&deg;</span></div>\n</div>"},"icon-heading":282,"icon":"http://maps.google.com/mapfiles/kml/shapes/airports.png","timestamp":"2026-05-18T08:08:11+00:00"}},{"type":"Feature","geometry":{"type":"Point","coordinates":[6.692192,50.001205,8633.46]},"properties":{"name":"2026-05-18 08:08:13 UTC","description":{"@type":"html","value":"<div><div><span><b>Altitude:</b></span> <span>28,325 ft</span></div>\n<div><span><b>Speed:</b></span> <span>449 kt</span></div>\n<div><span><b>Heading:</b></span> <span>282&deg;</span></div>\n</div>"},"icon-heading":282,"icon":"http://maps.google.com/mapfiles/kml/shapes/airports.png","timestamp":"2026-05-18T08:08:13+00:00"}},{"type":"Feature","geometry":{"type":"Point","coordinates":[6.593653,50.014606,8839.2]},"properties":{"name":"2026-05-18 08:08:45 UTC","description":{"@type":"html","value":"<div><div><span><b>Altitude:</b></span> <span>29,000 ft</span></div>\n<div><span><b>Speed:</b></span> <span>449 kt</span></div>\n<div><span><b>Heading:</b></span> <span>281&deg;</span></div>\n</div>"},"icon-heading":281,"icon":"http://maps.google.com/mapfiles/kml/shapes/airports.png","timestamp":"2026-05-18T08:08:45+00:00"}},{"type":"Feature","geometry":{"type":"Point","coordinates":[6.496557,50.028061,9067.8]},"properties":{"name":"2026-05-18 08:09:16 UTC","description":{"@type":"html","value":"<div><div><span><b>Altitude:</b></span> <span>29,750 ft</span></div>\n<div><span><b>Speed:</b></span> <span>447 kt</span></div>\n<div><span><b>Heading:</b></span> <span>282&deg;</span></div>\n</div>"},"icon-heading":282,"icon":"http://maps.google.com/mapfiles/kml/shapes/airports.png","timestamp":"2026-05-18T08:09:16+00:00"}},{"type":"Feature","geometry":{"type":"Point","coordinates":[6.397584,50.041946,9197.34]},"properties":{"name":"2026-05-18 08:09:47 UTC","description":{"@type":"html","value":"<div><div><span><b>Altitude:</b></span> <span>30,175 ft</span></div>\n<div><span><b>Speed:</b></span> <span>451 kt</span></div>\n<div><span><b>Heading:</b></span> <span>281&deg;</span></div>\n</div>"},"icon-heading":281,"icon":"http://maps.google.com/mapfiles/kml/shapes/airports.png","timestamp":"2026-05-18T08:09:47+00:00"}},{"type":"Feature","geometry":{"type":"Point","coordinates":[6.299503,50.054581,9509.76]},"properties":{"name":"2026-05-18 08:10:18 UTC","description":{"@type":"html","value":"<div><div><span><b>Altitude:</b></span> <span>31,200 ft</span></div>\n<div><span><b>Speed:</b></span> <span>439 kt</span></div>\n<div><span><b>Heading:</b></span> <span>280&deg;</span></div>\n</div>"},"icon-heading":280,"icon":"http://maps.google.com/mapfiles/kml/shapes/airports.png","timestamp":"2026-05-18T08:10:18+00:00"}},{"type":"Feature","geometry":{"type":"Point","coordinates":[6.202821,50.065071,9745.98]},"properties":{"name":"2026-05-18 08:10:50 UTC","description":{"@type":"html","value":"<div><div><span><b>Altitude:</b></span> <span>31,975 ft</span></div>\n<div><span><b>Speed:</b></span> <span>432 kt</span></div>\n<div><span><b>Heading:</b></span> <span>276&deg;</span></div>\n</div>"},"icon-heading":276,"icon":"http://maps.google.com/mapfiles/kml/shapes/airports.png","timestamp":"2026-05-18T08:10:50+00:00"}},{"type":"Feature","geometry":{"type":"Point","coordinates":[6.177137,50.065861,9791.7]},"properties":{"name":"2026-05-18 08:10:58 UTC","description":{"@type":"html","value":"<div><div><span><b>Altitude:</b></span> <span>32,125 ft</span></div>\n<div><span><b>Speed:</b></span> <span>430 kt</span></div>\n<div><span><b>Heading:</b></span> <span>270&deg;</span></div>\n</div>"},"icon-heading":270,"icon":"http://maps.google.com/mapfiles/kml/shapes/airports.png","timestamp":"2026-05-18T08:10:58+00:00"}},{"type":"Feature","geometry":{"type":"Point","coordinates":[6.170976,50.065815,9799.32]},"properties":{"name":"2026-05-18 08:11:00 UTC","description":{"@type":"html","value":"<div><div><span><b>Altitude:</b></span> <span>32,150 ft</span></div>\n<div><span><b>Speed:</b></span> <span>430 kt</span></div>\n<div><span><b>Heading:</b></span> <span>269&deg;</span></div>\n</div>"},"icon-heading":269,"icon":"http://maps.google.com/mapfiles/kml/shapes/airports.png","timestamp":"2026-05-18T08:11:00+00:00"}},{"type":"Feature","geometry":{"type":"Point","coordinates":[6.164518,50.065628,9806.94]},"properties":{"name":"2026-05-18 08:11:02 UTC","description":{"@type":"html","value":"<div><div><span><b>Altitude:</b></span> <span>32,175 ft</span></div>\n<div><span><b>Speed:</b></span> <span>430 kt</span></div>\n<div><span><b>Heading:</b></span> <span>267&deg;</span></div>\n</div>"},"icon-heading":267,"icon":"http://maps.google.com/mapfiles/kml/shapes/airports.png","timestamp":"2026-05-18T08:11:02+00:00"}},{"type":"Feature","geometry":{"type":"Point","coordinates":[6.156798,50.06535,9822.18]},"properties":{"name":"2026-05-18 08:11:04 UTC","description":{"@type":"html","value":"<div><div><span><b>Altitude:</b></span> <span>32,225 ft</span></div>\n<div><span><b>Speed:</b></span> <span>429 kt</span></div>\n<div><span><b>Heading:</b></span> <span>266&deg;</span></div>\n</div>"},"icon-heading":266,"icon":"http://maps.google.com/mapfiles/kml/shapes/airports.png","timestamp":"2026-05-18T08:11:04+00:00"}},{"type":"Feature","geometry":{"type":"Point","coordinates":[6.150711,50.064976,9829.8]},"properties":{"name":"2026-05-18 08:11:06 UTC","description":{"@type":"html","value":"<div><div><span><b>Altitude:</b></span> <span>32,250 ft</span></div>\n<div><span><b>Speed:</b></span> <span>430 kt</span></div>\n<div><span><b>Heading:</b></span> <span>265&deg;</span></div>\n</div>"},"icon-heading":265,"icon":"http://maps.google.com/mapfiles/kml/shapes/airports.png","timestamp":"2026-05-18T08:11:06+00:00"}},{"type":"Feature","geometry":{"type":"Point","coordinates":[6.144846,50.064556,9837.42]},"properties":{"name":"2026-05-18 08:11:09 UTC","description":{"@type":"html","value":"<div><div><span><b>Altitude:</b></span> <span>32,275 ft</span></div>\n<div><span><b>Speed:</b></span> <span>428 kt</span></div>\n<div><span><b>Heading:</b></span> <span>263&deg;</span></div>\n</div>"},"icon-heading":263,"icon":"http://maps.google.com/mapfiles/kml/shapes/airports.png","timestamp":"2026-05-18T08:11:09+00:00"}},{"type":"Feature","geometry":{"type":"Point","coordinates":[6.138177,50.063965,9852.66]},"properties":{"name":"2026-05-18 08:11:11 UTC","description":{"@type":"html","value":"<div><div><span><b>Altitude:</b></span> <span>32,325 ft</span></div>\n<div><span><b>Speed:</b></span> <span>428 kt</span></div>\n<div><span><b>Heading:</b></span> <span>262&deg;</span></div>\n</div>"},"icon-heading":262,"icon":"http://maps.google.com/mapfiles/kml/shapes/airports.png","timestamp":"2026-05-18T08:11:11+00:00"}},{"type":"Feature","geometry":{"type":"Point","coordinates":[6.132106,50.063324,9860.28]},"properties":{"name":"2026-05-18 08:11:13 UTC","description":{"@type":"html","value":"<div><div><span><b>Altitude:</b></span> <span>32,350 ft</span></div>\n<div><span><b>Speed:</b></span> <span>428 kt</span></div>\n<div><span><b>Heading:</b></span> <span>261&deg;</span></div>\n</div>"},"icon-heading":261,"icon":"http://maps.google.com/mapfiles/kml/shapes/airports.png","timestamp":"2026-05-18T08:11:13+00:00"}},{"type":"Feature","geometry":{"type":"Point","coordinates":[6.126396,50.062592,9867.9]},"properties":{"name":"2026-05-18 08:11:15 UTC","description":{"@type":"html","value":"<div><div><span><b>Altitude:</b></span> <span>32,375 ft</span></div>\n<div><span><b>Speed:</b></span> <span>428 kt</span></div>\n<div><span><b>Heading:</b></span> <span>259&deg;</span></div>\n</div>"},"icon-heading":259,"icon":"http://maps.google.com/mapfiles/kml/shapes/airports.png","timestamp":"2026-05-18T08:11:15+00:00"}},{"type":"Feature","geometry":{"type":"Point","coordinates":[6.118879,50.061539,9883.14]},"properties":{"name":"2026-05-18 08:11:17 UTC","description":{"@type":"html","value":"<div><div><span><b>Altitude:</b></span> <span>32,425 ft</span></div>\n<div><span><b>Speed:</b></span> <span>427 kt</span></div>\n<div><span><b>Heading:</b></span> <span>258&deg;</span></div>\n</div>"},"icon-heading":258,"icon":"http://maps.google.com/mapfiles/kml/shapes/airports.png","timestamp":"2026-05-18T08:11:17+00:00"}},{"type":"Feature","geometry":{"type":"Point","coordinates":[6.113817,50.060787,9890.76]},"properties":{"name":"2026-05-18 08:11:19 UTC","description":{"@type":"html","value":"<div><div><span><b>Altitude:</b></span> <span>32,450 ft</span></div>\n<div><span><b>Speed:</b></span> <span>428 kt</span></div>\n<div><span><b>Heading:</b></span> <span>257&deg;</span></div>\n</div>"},"icon-heading":257,"icon":"http://maps.google.com/mapfiles/kml/shapes/airports.png","timestamp":"2026-05-18T08:11:19+00:00"}},{"type":"Feature","geometry":{"type":"Point","coordinates":[6.107314,50.059662,9898.38]},"properties":{"name":"2026-05-18 08:11:21 UTC","description":{"@type":"html","value":"<div><div><span><b>Altitude:</b></span> <span>32,475 ft</span></div>\n<div><span><b>Speed:</b></span> <span>427 kt</span></div>\n<div><span><b>Heading:</b></span> <span>255&deg;</span></div>\n</div>"},"icon-heading":255,"icon":"http://maps.google.com/mapfiles/kml/shapes/airports.png","timestamp":"2026-05-18T08:11:21+00:00"}},{"type":"Feature","geometry":{"type":"Point","coordinates":[6.102327,50.058746,9913.62]},"properties":{"name":"2026-05-18 08:11:23 UTC","description":{"@type":"html","value":"<div><div><span><b>Altitude:</b></span> <span>32,525 ft</span></div>\n<div><span><b>Speed:</b></span> <span>428 kt</span></div>\n<div><span><b>Heading:</b></span> <span>254&deg;</span></div>\n</div>"},"icon-heading":254,"icon":"http://maps.google.com/mapfiles/kml/shapes/airports.png","timestamp":"2026-05-18T08:11:23+00:00"}},{"type":"Feature","geometry":{"type":"Point","coordinates":[6.09474,50.057156,9928.86]},"properties":{"name":"2026-05-18 08:11:25 UTC","description":{"@type":"html","value":"<div><div><span><b>Altitude:</b></span> <span>32,575 ft</span></div>\n<div><span><b>Speed:</b></span> <span>426 kt</span></div>\n<div><span><b>Heading:</b></span> <span>252&deg;</span></div>\n</div>"},"icon-heading":252,"icon":"http://maps.google.com/mapfiles/kml/shapes/airports.png","timestamp":"2026-05-18T08:11:25+00:00"}},{"type":"Feature","geometry":{"type":"Point","coordinates":[6.08895,50.055851,9936.48]},"properties":{"name":"2026-05-18 08:11:27 UTC","description":{"@type":"html","value":"<div><div><span><b>Altitude:</b></span> <span>32,600 ft</span></div>\n<div><span><b>Speed:</b></span> <span>426 kt</span></div>\n<div><span><b>Heading:</b></span> <span>251&deg;</span></div>\n</div>"},"icon-heading":251,"icon":"http://maps.google.com/mapfiles/kml/shapes/airports.png","timestamp":"2026-05-18T08:11:27+00:00"}},{"type":"Feature","geometry":{"type":"Point","coordinates":[6.084125,50.054688,9951.72]},"properties":{"name":"2026-05-18 08:11:29 UTC","description":{"@type":"html","value":"<div><div><span><b>Altitude:</b></span> <span>32,650 ft</span></div>\n<div><span><b>Speed:</b></span> <span>425 kt</span></div>\n<div><span><b>Heading:</b></span> <span>249&deg;</span></div>\n</div>"},"icon-heading":249,"icon":"http://maps.google.com/mapfiles/kml/shapes/airports.png","timestamp":"2026-05-18T08:11:29+00:00"}},{"type":"Feature","geometry":{"type":"Point","coordinates":[6.077319,50.052933,9966.96]},"properties":{"name":"2026-05-18 08:11:31 UTC","description":{"@type":"html","value":"<div><div><span><b>Altitude:</b></span> <span>32,700 ft</span></div>\n<div><span><b>Speed:</b></span> <span>425 kt</span></div>\n<div><span><b>Heading:</b></span> <span>248&deg;</span></div>\n</div>"},"icon-heading":248,"icon":"http://maps.google.com/mapfiles/kml/shapes/airports.png","timestamp":"2026-05-18T08:11:31+00:00"}},{"type":"Feature","geometry":{"type":"Point","coordinates":[6.072618,50.051617,9982.2]},"properties":{"name":"2026-05-18 08:11:33 UTC","description":{"@type":"html","value":"<div><div><span><b>Altitude:</b></span> <span>32,750 ft</span></div>\n<div><span><b>Speed:</b></span> <span>424 kt</span></div>\n<div><span><b>Heading:</b></span> <span>246&deg;</span></div>\n</div>"},"icon-heading":246,"icon":"http://maps.google.com/mapfiles/kml/shapes/airports.png","timestamp":"2026-05-18T08:11:33+00:00"}},{"type":"Feature","geometry":{"type":"Point","coordinates":[6.067055,50.050003,9997.44]},"properties":{"name":"2026-05-18 08:11:35 UTC","description":{"@type":"html","value":"<div><div><span><b>Altitude:</b></span> <span>32,800 ft</span></div>\n<div><span><b>Speed:</b></span> <span>424 kt</span></div>\n<div><span><b>Heading:</b></span> <span>245&deg;</span></div>\n</div>"},"icon-heading":245,"icon":"http://maps.google.com/mapfiles/kml/shapes/airports.png","timestamp":"2026-05-18T08:11:35+00:00"}},{"type":"Feature","geometry":{"type":"Point","coordinates":[6.060189,50.047897,10012.68]},"properties":{"name":"2026-05-18 08:11:37 UTC","description":{"@type":"html","value":"<div><div><span><b>Altitude:</b></span> <span>32,850 ft</span></div>\n<div><span><b>Speed:</b></span> <span>424 kt</span></div>\n<div><span><b>Heading:</b></span> <span>244&deg;</span></div>\n</div>"},"icon-heading":244,"icon":"http://maps.google.com/mapfiles/kml/shapes/airports.png","timestamp":"2026-05-18T08:11:37+00:00"}},{"type":"Feature","geometry":{"type":"Point","coordinates":[6.05458,50.045982,10027.92]},"properties":{"name":"2026-05-18 08:11:40 UTC","description":{"@type":"html","value":"<div><div><span><b>Altitude:</b></span> <span>32,900 ft</span></div>\n<div><span><b>Speed:</b></span> <span>423 kt</span></div>\n<div><span><b>Heading:</b></span> <span>243&deg;</span></div>\n</div>"},"icon-heading":243,"icon":"http://maps.google.com/mapfiles/kml/shapes/airports.png","timestamp":"2026-05-18T08:11:40+00:00"}},{"type":"Feature","geometry":{"type":"Point","coordinates":[6.050572,50.044632,10043.16]},"properties":{"name":"2026-05-18 08:11:42 UTC","description":{"@type":"html","value":"<div><div><span><b>Altitude:</b></span> <span>32,950 ft</span></div>\n<div><span><b>Speed:</b></span> <span>422 kt</span></div>\n<div><span><b>Heading:</b></span> <span>242&deg;</span></div>\n</div>"},"icon-heading":242,"icon":"http://maps.google.com/mapfiles/kml/shapes/airports.png","timestamp":"2026-05-18T08:11:42+00:00"}},{"type":"Feature","geometry":{"type":"Point","coordinates":[6.04493,50.042679,10058.4]},"properties":{"name":"2026-05-18 08:11:44 UTC","description":{"@type":"html","value":"<div><div><span><b>Altitude:</b></span> <span>33,000 ft</span></div>\n<div><span><b>Speed:</b></span> <span>421 kt</span></div>\n<div><span><b>Heading:</b></span> <span>241&deg;</span></div>\n</div>"},"icon-heading":241,"icon":"http://maps.google.com/mapfiles/kml/shapes/airports.png","timestamp":"2026-05-18T08:11:44+00:00"}},{"type":"Feature","geometry":{"type":"Point","coordinates":[6.03966,50.040817,10073.64]},"properties":{"name":"2026-05-18 08:11:46 UTC","description":{"@type":"html","value":"<div><div><span><b>Altitude:</b></span> <span>33,050 ft</span></div>\n<div><span><b>Speed:</b></span> <span>422 kt</span></div>\n<div><span><b>Heading:</b></span> <span>241&deg;</span></div>\n</div>"},"icon-heading":241,"icon":"http://maps.google.com/mapfiles/kml/shapes/airports.png","timestamp":"2026-05-18T08:11:46+00:00"}},{"type":"Feature","geometry":{"type":"Point","coordinates":[6.034092,50.03886,10081.26]},"properties":{"name":"2026-05-18 08:11:48 UTC","description":{"@type":"html","value":"<div><div><span><b>Altitude:</b></span> <span>33,075 ft</span></div>\n<div><span><b>Speed:</b></span> <span>421 kt</span></div>\n<div><span><b>Heading:</b></span> <span>241&deg;</span></div>\n</div>"},"icon-heading":241,"icon":"http://maps.google.com/mapfiles/kml/shapes/airports.png","timestamp":"2026-05-18T08:11:48+00:00"}},{"type":"Feature","geometry":{"type":"Point","coordinates":[6.028005,50.036766,10096.5]},"properties":{"name":"2026-05-18 08:11:50 UTC","description":{"@type":"html","value":"<div><div><span><b>Altitude:</b></span> <span>33,125 ft</span></div>\n<div><span><b>Speed:</b></span> <span>421 kt</span></div>\n<div><span><b>Heading:</b></span> <span>241&deg;</span></div>\n</div>"},"icon-heading":241,"icon":"http://maps.google.com/mapfiles/kml/shapes/airports.png","timestamp":"2026-05-18T08:11:50+00:00"}},{"type":"Feature","geometry":{"type":"Point","coordinates":[6.02318,50.035091,10104.12]},"properties":{"name":"2026-05-18 08:11:52 UTC","description":{"@type":"html","value":"<div><div><span><b>Altitude:</b></span> <span>33,150 ft</span></div>\n<div><span><b>Speed:</b></span> <span>421 kt</span></div>\n<div><span><b>Heading:</b></span> <span>241&deg;</span></div>\n</div>"},"icon-heading":241,"icon":"http://maps.google.com/mapfiles/kml/shapes/airports.png","timestamp":"2026-05-18T08:11:52+00:00"}},{"type":"Feature","geometry":{"type":"Point","coordinates":[6.017613,50.033134,10119.36]},"properties":{"name":"2026-05-18 08:11:54 UTC","description":{"@type":"html","value":"<div><div><span><b>Altitude:</b></span> <span>33,200 ft</span></div>\n<div><span><b>Speed:</b></span> <span>420 kt</span></div>\n<div><span><b>Heading:</b></span> <span>241&deg;</span></div>\n</div>"},"icon-heading":241,"icon":"http://maps.google.com/mapfiles/kml/shapes/airports.png","timestamp":"2026-05-18T08:11:54+00:00"}},{"type":"Feature","geometry":{"type":"Point","coordinates":[6.010678,50.030731,10126.98]},"properties":{"name":"2026-05-18 08:11:56 UTC","description":{"@type":"html","value":"<div><div><span><b>Altitude:</b></span> <span>33,225 ft</span></div>\n<div><span><b>Speed:</b></span> <span>422 kt</span></div>\n<div><span><b>Heading:</b></span> <span>241&deg;</span></div>\n</div>"},"icon-heading":241,"icon":"http://maps.google.com/mapfiles/kml/shapes/airports.png","timestamp":"2026-05-18T08:11:56+00:00"}},{"type":"Feature","geometry":{"type":"Point","coordinates":[5.926835,50.002167,10203.18]},"properties":{"name":"2026-05-18 08:12:27 UTC","description":{"@type":"html","value":"<div><div><span><b>Altitude:</b></span> <span>33,475 ft</span></div>\n<div><span><b>Speed:</b></span> <span>426 kt</span></div>\n<div><span><b>Heading:</b></span> <span>241&deg;</span></div>\n</div>"},"icon-heading":241,"icon":"http://maps.google.com/mapfiles/kml/shapes/airports.png","timestamp":"2026-05-18T08:12:27+00:00"}},{"type":"Feature","geometry":{"type":"Point","coordinates":[5.843613,49.973316,10317.48]},"properties":{"name":"2026-05-18 08:12:58 UTC","description":{"@type":"html","value":"<div><div><span><b>Altitude:</b></span> <span>33,850 ft</span></div>\n<div><span><b>Speed:</b></span> <span>428 kt</span></div>\n<div><span><b>Heading:</b></span> <span>241&deg;</span></div>\n</div>"},"icon-heading":241,"icon":"http://maps.google.com/mapfiles/kml/shapes/airports.png","timestamp":"2026-05-18T08:12:58+00:00"}},{"type":"Feature","geometry":{"type":"Point","coordinates":[5.760811,49.944397,10447.02]},"properties":{"name":"2026-05-18 08:13:29 UTC","description":{"@type":"html","value":"<div><div><span><b>Altitude:</b></span> <span>34,275 ft</span></div>\n<div><span><b>Speed:</b></span> <span>428 kt</span></div>\n<div><span><b>Heading:</b></span> <span>241&deg;</span></div>\n</div>"},"icon-heading":241,"icon":"http://maps.google.com/mapfiles/kml/shapes/airports.png","timestamp":"2026-05-18T08:13:29+00:00"}},{"type":"Feature","geometry":{"type":"Point","coordinates":[5.676294,49.914658,10576.56]},"properties":{"name":"2026-05-18 08:14:01 UTC","description":{"@type":"html","value":"<div><div><span><b>Altitude:</b></span> <span>34,700 ft</span></div>\n<div><span><b>Speed:</b></span> <span>428 kt</span></div>\n<div><span><b>Heading:</b></span> <span>241&deg;</span></div>\n</div>"},"icon-heading":241,"icon":"http://maps.google.com/mapfiles/kml/shapes/airports.png","timestamp":"2026-05-18T08:14:01+00:00"}},{"type":"Feature","geometry":{"type":"Point","coordinates":[5.592041,49.884109,10660.38]},"properties":{"name":"2026-05-18 08:14:32 UTC","description":{"@type":"html","value":"<div><div><span><b>Altitude:</b></span> <span>34,975 ft</span></div>\n<div><span><b>Speed:</b></span> <span>430 kt</span></div>\n<div><span><b>Heading:</b></span> <span>240&deg;</span></div>\n</div>"},"icon-heading":240,"icon":"http://maps.google.com/mapfiles/kml/shapes/airports.png","timestamp":"2026-05-18T08:14:32+00:00"}},{"type":"Feature","geometry":{"type":"Point","coordinates":[5.507713,49.853397,10668]},"properties":{"name":"2026-05-18 08:15:03 UTC","description":{"@type":"html","value":"<div><div><span><b>Altitude:</b></span> <span>35,000 ft</span></div>\n<div><span><b>Speed:</b></span> <span>436 kt</span></div>\n<div><span><b>Heading:</b></span> <span>240&deg;</span></div>\n</div>"},"icon-heading":240,"icon":"http://maps.google.com/mapfiles/kml/shapes/airports.png","timestamp":"2026-05-18T08:15:03+00:00"}},{"type":"Feature","geometry":{"type":"Point","coordinates":[5.420018,49.821533,10668]},"properties":{"name":"2026-05-18 08:15:35 UTC","description":{"@type":"html","value":"<div><div><span><b>Altitude:</b></span> <span>35,000 ft</span></div>\n<div><span><b>Speed:</b></span> <span>436 kt</span></div>\n<div><span><b>Heading:</b></span> <span>240&deg;</span></div>\n</div>"},"icon-heading":240,"icon":"http://maps.google.com/mapfiles/kml/shapes/airports.png","timestamp":"2026-05-18T08:15:35+00:00"}},{"type":"Feature","geometry":{"type":"Point","coordinates":[5.332489,49.78949,10668]},"properties":{"name":"2026-05-18 08:16:08 UTC","description":{"@type":"html","value":"<div><div><span><b>Altitude:</b></span> <span>35,000 ft</span></div>\n<div><span><b>Speed:</b></span> <span>437 kt</span></div>\n<div><span><b>Heading:</b></span> <span>240&deg;</span></div>\n</div>"},"icon-heading":240,"icon":"http://maps.google.com/mapfiles/kml/shapes/airports.png","timestamp":"2026-05-18T08:16:08+00:00"}},{"type":"Feature","geometry":{"type":"Point","coordinates":[5.248646,49.758774,10668]},"properties":{"name":"2026-05-18 08:16:39 UTC","description":{"@type":"html","value":"<div><div><span><b>Altitude:</b></span> <span>35,000 ft</span></div>\n<div><span><b>Speed:</b></span> <span>435 kt</span></div>\n<div><span><b>Heading:</b></span> <span>240&deg;</span></div>\n</div>"},"icon-heading":240,"icon":"http://maps.google.com/mapfiles/kml/shapes/airports.png","timestamp":"2026-05-18T08:16:39+00:00"}},{"type":"Feature","geometry":{"type":"Point","coordinates":[5.162832,49.727379,10668]},"properties":{"name":"2026-05-18 08:17:10 UTC","description":{"@type":"html","value":"<div><div><span><b>Altitude:</b></span> <span>35,000 ft</span></div>\n<div><span><b>Speed:</b></span> <span>436 kt</span></div>\n<div><span><b>Heading:</b></span> <span>240&deg;</span></div>\n</div>"},"icon-heading":240,"icon":"http://maps.google.com/mapfiles/kml/shapes/airports.png","timestamp":"2026-05-18T08:17:10+00:00"}},{"type":"Feature","geometry":{"type":"Point","coordinates":[5.077465,49.695724,10668]},"properties":{"name":"2026-05-18 08:17:42 UTC","description":{"@type":"html","value":"<div><div><span><b>Altitude:</b></span> <span>35,000 ft</span></div>\n<div><span><b>Speed:</b></span> <span>437 kt</span></div>\n<div><span><b>Heading:</b></span> <span>240&deg;</span></div>\n</div>"},"icon-heading":240,"icon":"http://maps.google.com/mapfiles/kml/shapes/airports.png","timestamp":"2026-05-18T08:17:42+00:00"}},{"type":"Feature","geometry":{"type":"Point","coordinates":[4.994515,49.664978,10675.62]},"properties":{"name":"2026-05-18 08:18:13 UTC","description":{"@type":"html","value":"<div><div><span><b>Altitude:</b></span> <span>35,025 ft</span></div>\n<div><span><b>Speed:</b></span> <span>438 kt</span></div>\n<div><span><b>Heading:</b></span> <span>240&deg;</span></div>\n</div>"},"icon-heading":240,"icon":"http://maps.google.com/mapfiles/kml/shapes/airports.png","timestamp":"2026-05-18T08:18:13+00:00"}},{"type":"Feature","geometry":{"type":"Point","coordinates":[4.909107,49.633438,10668]},"properties":{"name":"2026-05-18 08:18:44 UTC","description":{"@type":"html","value":"<div><div><span><b>Altitude:</b></span> <span>35,000 ft</span></div>\n<div><span><b>Speed:</b></span> <span>437 kt</span></div>\n<div><span><b>Heading:</b></span> <span>240&deg;</span></div>\n</div>"},"icon-heading":240,"icon":"http://maps.google.com/mapfiles/kml/shapes/airports.png","timestamp":"2026-05-18T08:18:44+00:00"}},{"type":"Feature","geometry":{"type":"Point","coordinates":[4.824557,49.602016,10668]},"properties":{"name":"2026-05-18 08:19:16 UTC","description":{"@type":"html","value":"<div><div><span><b>Altitude:</b></span> <span>35,000 ft</span></div>\n<div><span><b>Speed:</b></span> <span>437 kt</span></div>\n<div><span><b>Heading:</b></span> <span>240&deg;</span></div>\n</div>"},"icon-heading":240,"icon":"http://maps.google.com/mapfiles/kml/shapes/airports.png","timestamp":"2026-05-18T08:19:16+00:00"}},{"type":"Feature","geometry":{"type":"Point","coordinates":[4.737565,49.569489,10668]},"properties":{"name":"2026-05-18 08:19:48 UTC","description":{"@type":"html","value":"<div><div><span><b>Altitude:</b></span> <span>35,000 ft</span></div>\n<div><span><b>Speed:</b></span> <span>440 kt</span></div>\n<div><span><b>Heading:</b></span> <span>239&deg;</span></div>\n</div>"},"icon-heading":239,"icon":"http://maps.google.com/mapfiles/kml/shapes/airports.png","timestamp":"2026-05-18T08:19:48+00:00"}},{"type":"Feature","geometry":{"type":"Point","coordinates":[4.65271,49.537582,10668]},"properties":{"name":"2026-05-18 08:20:19 UTC","description":{"@type":"html","value":"<div><div><span><b>Altitude:</b></span> <span>35,000 ft</span></div>\n<div><span><b>Speed:</b></span> <span>440 kt</span></div>\n<div><span><b>Heading:</b></span> <span>239&deg;</span></div>\n</div>"},"icon-heading":239,"icon":"http://maps.google.com/mapfiles/kml/shapes/airports.png","timestamp":"2026-05-18T08:20:19+00:00"}},{"type":"Feature","geometry":{"type":"Point","coordinates":[4.567927,49.505493,10668]},"properties":{"name":"2026-05-18 08:20:51 UTC","description":{"@type":"html","value":"<div><div><span><b>Altitude:</b></span> <span>35,000 ft</span></div>\n<div><span><b>Speed:</b></span> <span>441 kt</span></div>\n<div><span><b>Heading:</b></span> <span>239&deg;</span></div>\n</div>"},"icon-heading":239,"icon":"http://maps.google.com/mapfiles/kml/shapes/airports.png","timestamp":"2026-05-18T08:20:51+00:00"}},{"type":"Feature","geometry":{"type":"Point","coordinates":[4.48309,49.473438,10660.38]},"properties":{"name":"2026-05-18 08:21:22 UTC","description":{"@type":"html","value":"<div><div><span><b>Altitude:</b></span> <span>34,975 ft</span></div>\n<div><span><b>Speed:</b></span> <span>442 kt</span></div>\n<div><span><b>Heading:</b></span> <span>239&deg;</span></div>\n</div>"},"icon-heading":239,"icon":"http://maps.google.com/mapfiles/kml/shapes/airports.png","timestamp":"2026-05-18T08:21:22+00:00"}},{"type":"Feature","geometry":{"type":"Point","coordinates":[4.398985,49.441547,10668]},"properties":{"name":"2026-05-18 08:21:53 UTC","description":{"@type":"html","value":"<div><div><span><b>Altitude:</b></span> <span>35,000 ft</span></div>\n<div><span><b>Speed:</b></span> <span>444 kt</span></div>\n<div><span><b>Heading:</b></span> <span>239&deg;</span></div>\n</div>"},"icon-heading":239,"icon":"http://maps.google.com/mapfiles/kml/shapes/airports.png","timestamp":"2026-05-18T08:21:53+00:00"}},{"type":"Feature","geometry":{"type":"Point","coordinates":[4.311989,49.408638,10675.62]},"properties":{"name":"2026-05-18 08:22:25 UTC","description":{"@type":"html","value":"<div><div><span><b>Altitude:</b></span> <span>35,025 ft</span></div>\n<div><span><b>Speed:</b></span> <span>444 kt</span></div>\n<div><span><b>Heading:</b></span> <span>239&deg;</span></div>\n</div>"},"icon-heading":239,"icon":"http://maps.google.com/mapfiles/kml/shapes/airports.png","timestamp":"2026-05-18T08:22:25+00:00"}},{"type":"Feature","geometry":{"type":"Point","coordinates":[4.223665,49.374981,10675.62]},"properties":{"name":"2026-05-18 08:22:58 UTC","description":{"@type":"html","value":"<div><div><span><b>Altitude:</b></span> <span>35,025 ft</span></div>\n<div><span><b>Speed:</b></span> <span>446 kt</span></div>\n<div><span><b>Heading:</b></span> <span>239&deg;</span></div>\n</div>"},"icon-heading":239,"icon":"http://maps.google.com/mapfiles/kml/shapes/airports.png","timestamp":"2026-05-18T08:22:58+00:00"}},{"type":"Feature","geometry":{"type":"Point","coordinates":[4.141629,49.336899,10675.62]},"properties":{"name":"2026-05-18 08:23:29 UTC","description":{"@type":"html","value":"<div><div><span><b>Altitude:</b></span> <span>35,025 ft</span></div>\n<div><span><b>Speed:</b></span> <span>450 kt</span></div>\n<div><span><b>Heading:</b></span> <span>230&deg;</span></div>\n</div>"},"icon-heading":230,"icon":"http://maps.google.com/mapfiles/kml/shapes/airports.png","timestamp":"2026-05-18T08:23:29+00:00"}},{"type":"Feature","geometry":{"type":"Point","coordinates":[4.131727,49.331314,10675.62]},"properties":{"name":"2026-05-18 08:23:33 UTC","description":{"@type":"html","value":"<div><div><span><b>Altitude:</b></span> <span>35,025 ft</span></div>\n<div><span><b>Speed:</b></span> <span>452 kt</span></div>\n<div><span><b>Heading:</b></span> <span>228&deg;</span></div>\n</div>"},"icon-heading":228,"icon":"http://maps.google.com/mapfiles/kml/shapes/airports.png","timestamp":"2026-05-18T08:23:33+00:00"}},{"type":"Feature","geometry":{"type":"Point","coordinates":[4.056842,49.28801,10675.62]},"properties":{"name":"2026-05-18 08:24:04 UTC","description":{"@type":"html","value":"<div><div><span><b>Altitude:</b></span> <span>35,025 ft</span></div>\n<div><span><b>Speed:</b></span> <span>452 kt</span></div>\n<div><span><b>Heading:</b></span> <span>228&deg;</span></div>\n</div>"},"icon-heading":228,"icon":"http://maps.google.com/mapfiles/kml/shapes/airports.png","timestamp":"2026-05-18T08:24:04+00:00"}},{"type":"Feature","geometry":{"type":"Point","coordinates":[3.981628,49.244659,10675.62]},"properties":{"name":"2026-05-18 08:24:36 UTC","description":{"@type":"html","value":"<div><div><span><b>Altitude:</b></span> <span>35,025 ft</span></div>\n<div><span><b>Speed:</b></span> <span>452 kt</span></div>\n<div><span><b>Heading:</b></span> <span>228&deg;</span></div>\n</div>"},"icon-heading":228,"icon":"http://maps.google.com/mapfiles/kml/shapes/airports.png","timestamp":"2026-05-18T08:24:36+00:00"}},{"type":"Feature","geometry":{"type":"Point","coordinates":[3.906273,49.201035,10668]},"properties":{"name":"2026-05-18 08:25:07 UTC","description":{"@type":"html","value":"<div><div><span><b>Altitude:</b></span> <span>35,000 ft</span></div>\n<div><span><b>Speed:</b></span> <span>453 kt</span></div>\n<div><span><b>Heading:</b></span> <span>228&deg;</span></div>\n</div>"},"icon-heading":228,"icon":"http://maps.google.com/mapfiles/kml/shapes/airports.png","timestamp":"2026-05-18T08:25:07+00:00"}},{"type":"Feature","geometry":{"type":"Point","coordinates":[3.832186,49.157959,10668]},"properties":{"name":"2026-05-18 08:25:39 UTC","description":{"@type":"html","value":"<div><div><span><b>Altitude:</b></span> <span>35,000 ft</span></div>\n<div><span><b>Speed:</b></span> <span>454 kt</span></div>\n<div><span><b>Heading:</b></span> <span>228&deg;</span></div>\n</div>"},"icon-heading":228,"icon":"http://maps.google.com/mapfiles/kml/shapes/airports.png","timestamp":"2026-05-18T08:25:39+00:00"}},{"type":"Feature","geometry":{"type":"Point","coordinates":[3.756529,49.113636,10668]},"properties":{"name":"2026-05-18 08:26:10 UTC","description":{"@type":"html","value":"<div><div><span><b>Altitude:</b></span> <span>35,000 ft</span></div>\n<div><span><b>Speed:</b></span> <span>454 kt</span></div>\n<div><span><b>Heading:</b></span> <span>228&deg;</span></div>\n</div>"},"icon-heading":228,"icon":"http://maps.google.com/mapfiles/kml/shapes/airports.png","timestamp":"2026-05-18T08:26:10+00:00"}},{"type":"Feature","geometry":{"type":"Point","coordinates":[3.680702,49.06929,10675.62]},"properties":{"name":"2026-05-18 08:26:42 UTC","description":{"@type":"html","value":"<div><div><span><b>Altitude:</b></span> <span>35,025 ft</span></div>\n<div><span><b>Speed:</b></span> <span>454 kt</span></div>\n<div><span><b>Heading:</b></span> <span>228&deg;</span></div>\n</div>"},"icon-heading":228,"icon":"http://maps.google.com/mapfiles/kml/shapes/airports.png","timestamp":"2026-05-18T08:26:42+00:00"}},{"type":"Feature","geometry":{"type":"Point","coordinates":[3.606333,49.025574,10675.62]},"properties":{"name":"2026-05-18 08:27:13 UTC","description":{"@type":"html","value":"<div><div><span><b>Altitude:</b></span> <span>35,025 ft</span></div>\n<div><span><b>Speed:</b></span> <span>453 kt</span></div>\n<div><span><b>Heading:</b></span> <span>228&deg;</span></div>\n</div>"},"icon-heading":228,"icon":"http://maps.google.com/mapfiles/kml/shapes/airports.png","timestamp":"2026-05-18T08:27:13+00:00"}},{"type":"Feature","geometry":{"type":"Point","coordinates":[3.531671,48.981613,10675.62]},"properties":{"name":"2026-05-18 08:27:45 UTC","description":{"@type":"html","value":"<div><div><span><b>Altitude:</b></span> <span>35,025 ft</span></div>\n<div><span><b>Speed:</b></span> <span>452 kt</span></div>\n<div><span><b>Heading:</b></span> <span>228&deg;</span></div>\n</div>"},"icon-heading":228,"icon":"http://maps.google.com/mapfiles/kml/shapes/airports.png","timestamp":"2026-05-18T08:27:45+00:00"}},{"type":"Feature","geometry":{"type":"Point","coordinates":[3.456116,48.936951,10668]},"properties":{"name":"2026-05-18 08:28:17 UTC","description":{"@type":"html","value":"<div><div><span><b>Altitude:</b></span> <span>35,000 ft</span></div>\n<div><span><b>Speed:</b></span> <span>453 kt</span></div>\n<div><span><b>Heading:</b></span> <span>228&deg;</span></div>\n</div>"},"icon-heading":228,"icon":"http://maps.google.com/mapfiles/kml/shapes/airports.png","timestamp":"2026-05-18T08:28:17+00:00"}},{"type":"Feature","geometry":{"type":"Point","coordinates":[3.381817,48.892914,10660.38]},"properties":{"name":"2026-05-18 08:28:48 UTC","description":{"@type":"html","value":"<div><div><span><b>Altitude:</b></span> <span>34,975 ft</span></div>\n<div><span><b>Speed:</b></span> <span>453 kt</span></div>\n<div><span><b>Heading:</b></span> <span>228&deg;</span></div>\n</div>"},"icon-heading":228,"icon":"http://maps.google.com/mapfiles/kml/shapes/airports.png","timestamp":"2026-05-18T08:28:48+00:00"}},{"type":"Feature","geometry":{"type":"Point","coordinates":[3.308223,48.849243,10660.38]},"properties":{"name":"2026-05-18 08:29:20 UTC","description":{"@type":"html","value":"<div><div><span><b>Altitude:</b></span> <span>34,975 ft</span></div>\n<div><span><b>Speed:</b></span> <span>453 kt</span></div>\n<div><span><b>Heading:</b></span> <span>228&deg;</span></div>\n</div>"},"icon-heading":228,"icon":"http://maps.google.com/mapfiles/kml/shapes/airports.png","timestamp":"2026-05-18T08:29:20+00:00"}},{"type":"Feature","geometry":{"type":"Point","coordinates":[3.233811,48.80476,10660.38]},"properties":{"name":"2026-05-18 08:29:51 UTC","description":{"@type":"html","value":"<div><div><span><b>Altitude:</b></span> <span>34,975 ft</span></div>\n<div><span><b>Speed:</b></span> <span>442 kt</span></div>\n<div><span><b>Heading:</b></span> <span>227&deg;</span></div>\n</div>"},"icon-heading":227,"icon":"http://maps.google.com/mapfiles/kml/shapes/airports.png","timestamp":"2026-05-18T08:29:51+00:00"}},{"type":"Feature","geometry":{"type":"Point","coordinates":[3.159837,48.760437,10668]},"properties":{"name":"2026-05-18 08:30:23 UTC","description":{"@type":"html","value":"<div><div><span><b>Altitude:</b></span> <span>35,000 ft</span></div>\n<div><span><b>Speed:</b></span> <span>453 kt</span></div>\n<div><span><b>Heading:</b></span> <span>227&deg;</span></div>\n</div>"},"icon-heading":227,"icon":"http://maps.google.com/mapfiles/kml/shapes/airports.png","timestamp":"2026-05-18T08:30:23+00:00"}},{"type":"Feature","geometry":{"type":"Point","coordinates":[3.085327,48.715942,10675.62]},"properties":{"name":"2026-05-18 08:30:54 UTC","description":{"@type":"html","value":"<div><div><span><b>Altitude:</b></span> <span>35,025 ft</span></div>\n<div><span><b>Speed:</b></span> <span>453 kt</span></div>\n<div><span><b>Heading:</b></span> <span>227&deg;</span></div>\n</div>"},"icon-heading":227,"icon":"http://maps.google.com/mapfiles/kml/shapes/airports.png","timestamp":"2026-05-18T08:30:54+00:00"}},{"type":"Feature","geometry":{"type":"Point","coordinates":[3.010324,48.670853,10675.62]},"properties":{"name":"2026-05-18 08:31:26 UTC","description":{"@type":"html","value":"<div><div><span><b>Altitude:</b></span> <span>35,025 ft</span></div>\n<div><span><b>Speed:</b></span> <span>453 kt</span></div>\n<div><span><b>Heading:</b></span> <span>227&deg;</span></div>\n</div>"},"icon-heading":227,"icon":"http://maps.google.com/mapfiles/kml/shapes/airports.png","timestamp":"2026-05-18T08:31:26+00:00"}},{"type":"Feature","geometry":{"type":"Point","coordinates":[2.937575,48.627045,10675.62]},"properties":{"name":"2026-05-18 08:31:58 UTC","description":{"@type":"html","value":"<div><div><span><b>Altitude:</b></span> <span>35,025 ft</span></div>\n<div><span><b>Speed:</b></span> <span>450 kt</span></div>\n<div><span><b>Heading:</b></span> <span>227&deg;</span></div>\n</div>"},"icon-heading":227,"icon":"http://maps.google.com/mapfiles/kml/shapes/airports.png","timestamp":"2026-05-18T08:31:58+00:00"}},{"type":"Feature","geometry":{"type":"Point","coordinates":[2.864474,48.582962,10668]},"properties":{"name":"2026-05-18 08:32:29 UTC","description":{"@type":"html","value":"<div><div><span><b>Altitude:</b></span> <span>35,000 ft</span></div>\n<div><span><b>Speed:</b></span> <span>450 kt</span></div>\n<div><span><b>Heading:</b></span> <span>227&deg;</span></div>\n</div>"},"icon-heading":227,"icon":"http://maps.google.com/mapfiles/kml/shapes/airports.png","timestamp":"2026-05-18T08:32:29+00:00"}},{"type":"Feature","geometry":{"type":"Point","coordinates":[2.791033,48.538437,10660.38]},"properties":{"name":"2026-05-18 08:33:01 UTC","description":{"@type":"html","value":"<div><div><span><b>Altitude:</b></span> <span>34,975 ft</span></div>\n<div><span><b>Speed:</b></span> <span>452 kt</span></div>\n<div><span><b>Heading:</b></span> <span>227&deg;</span></div>\n</div>"},"icon-heading":227,"icon":"http://maps.google.com/mapfiles/kml/shapes/airports.png","timestamp":"2026-05-18T08:33:01+00:00"}},{"type":"Feature","geometry":{"type":"Point","coordinates":[2.71968,48.495071,10652.76]},"properties":{"name":"2026-05-18 08:33:32 UTC","description":{"@type":"html","value":"<div><div><span><b>Altitude:</b></span> <span>34,950 ft</span></div>\n<div><span><b>Speed:</b></span> <span>451 kt</span></div>\n<div><span><b>Heading:</b></span> <span>227&deg;</span></div>\n</div>"},"icon-heading":227,"icon":"http://maps.google.com/mapfiles/kml/shapes/airports.png","timestamp":"2026-05-18T08:33:32+00:00"}},{"type":"Feature","geometry":{"type":"Point","coordinates":[2.642775,48.448334,10652.76]},"properties":{"name":"2026-05-18 08:34:05 UTC","description":{"@type":"html","value":"<div><div><span><b>Altitude:</b></span> <span>34,950 ft</span></div>\n<div><span><b>Speed:</b></span> <span>454 kt</span></div>\n<div><span><b>Heading:</b></span> <span>227&deg;</span></div>\n</div>"},"icon-heading":227,"icon":"http://maps.google.com/mapfiles/kml/shapes/airports.png","timestamp":"2026-05-18T08:34:05+00:00"}},{"type":"Feature","geometry":{"type":"Point","coordinates":[2.569463,48.403473,10652.76]},"properties":{"name":"2026-05-18 08:34:36 UTC","description":{"@type":"html","value":"<div><div><span><b>Altitude:</b></span> <span>34,950 ft</span></div>\n<div><span><b>Speed:</b></span> <span>456 kt</span></div>\n<div><span><b>Heading:</b></span> <span>227&deg;</span></div>\n</div>"},"icon-heading":227,"icon":"http://maps.google.com/mapfiles/kml/shapes/airports.png","timestamp":"2026-05-18T08:34:36+00:00"}},{"type":"Feature","geometry":{"type":"Point","coordinates":[2.499173,48.356091,10660.38]},"properties":{"name":"2026-05-18 08:35:07 UTC","description":{"@type":"html","value":"<div><div><span><b>Altitude:</b></span> <span>34,975 ft</span></div>\n<div><span><b>Speed:</b></span> <span>469 kt</span></div>\n<div><span><b>Heading:</b></span> <span>219&deg;</span></div>\n</div>"},"icon-heading":219,"icon":"http://maps.google.com/mapfiles/kml/shapes/airports.png","timestamp":"2026-05-18T08:35:07+00:00"}},{"type":"Feature","geometry":{"type":"Point","coordinates":[2.491873,48.349712,10660.38]},"properties":{"name":"2026-05-18 08:35:11 UTC","description":{"@type":"html","value":"<div><div><span><b>Altitude:</b></span> <span>34,975 ft</span></div>\n<div><span><b>Speed:</b></span> <span>450 kt</span></div>\n<div><span><b>Heading:</b></span> <span>217&deg;</span></div>\n</div>"},"icon-heading":217,"icon":"http://maps.google.com/mapfiles/kml/shapes/airports.png","timestamp":"2026-05-18T08:35:11+00:00"}},{"type":"Feature","geometry":{"type":"Point","coordinates":[2.48703,48.345291,10660.38]},"properties":{"name":"2026-05-18 08:35:14 UTC","description":{"@type":"html","value":"<div><div><span><b>Altitude:</b></span> <span>34,975 ft</span></div>\n<div><span><b>Speed:</b></span> <span>473 kt</span></div>\n<div><span><b>Heading:</b></span> <span>216&deg;</span></div>\n</div>"},"icon-heading":216,"icon":"http://maps.google.com/mapfiles/kml/shapes/airports.png","timestamp":"2026-05-18T08:35:14+00:00"}},{"type":"Feature","geometry":{"type":"Point","coordinates":[2.483403,48.341858,10668]},"properties":{"name":"2026-05-18 08:35:16 UTC","description":{"@type":"html","value":"<div><div><span><b>Altitude:</b></span> <span>35,000 ft</span></div>\n<div><span><b>Speed:</b></span> <span>476 kt</span></div>\n<div><span><b>Heading:</b></span> <span>215&deg;</span></div>\n</div>"},"icon-heading":215,"icon":"http://maps.google.com/mapfiles/kml/shapes/airports.png","timestamp":"2026-05-18T08:35:16+00:00"}},{"type":"Feature","geometry":{"type":"Point","coordinates":[2.47953,48.338013,10668]},"properties":{"name":"2026-05-18 08:35:18 UTC","description":{"@type":"html","value":"<div><div><span><b>Altitude:</b></span> <span>35,000 ft</span></div>\n<div><span><b>Speed:</b></span> <span>477 kt</span></div>\n<div><span><b>Heading:</b></span> <span>214&deg;</span></div>\n</div>"},"icon-heading":214,"icon":"http://maps.google.com/mapfiles/kml/shapes/airports.png","timestamp":"2026-05-18T08:35:18+00:00"}},{"type":"Feature","geometry":{"type":"Point","coordinates":[2.475971,48.334305,10668]},"properties":{"name":"2026-05-18 08:35:20 UTC","description":{"@type":"html","value":"<div><div><span><b>Altitude:</b></span> <span>35,000 ft</span></div>\n<div><span><b>Speed:</b></span> <span>478 kt</span></div>\n<div><span><b>Heading:</b></span> <span>213&deg;</span></div>\n</div>"},"icon-heading":213,"icon":"http://maps.google.com/mapfiles/kml/shapes/airports.png","timestamp":"2026-05-18T08:35:20+00:00"}},{"type":"Feature","geometry":{"type":"Point","coordinates":[2.47243,48.330582,10660.38]},"properties":{"name":"2026-05-18 08:35:22 UTC","description":{"@type":"html","value":"<div><div><span><b>Altitude:</b></span> <span>34,975 ft</span></div>\n<div><span><b>Speed:</b></span> <span>480 kt</span></div>\n<div><span><b>Heading:</b></span> <span>212&deg;</span></div>\n</div>"},"icon-heading":212,"icon":"http://maps.google.com/mapfiles/kml/shapes/airports.png","timestamp":"2026-05-18T08:35:22+00:00"}},{"type":"Feature","geometry":{"type":"Point","coordinates":[2.469177,48.32695,10668]},"properties":{"name":"2026-05-18 08:35:24 UTC","description":{"@type":"html","value":"<div><div><span><b>Altitude:</b></span> <span>35,000 ft</span></div>\n<div><span><b>Speed:</b></span> <span>480 kt</span></div>\n<div><span><b>Heading:</b></span> <span>211&deg;</span></div>\n</div>"},"icon-heading":211,"icon":"http://maps.google.com/mapfiles/kml/shapes/airports.png","timestamp":"2026-05-18T08:35:24+00:00"}},{"type":"Feature","geometry":{"type":"Point","coordinates":[2.464881,48.321899,10668]},"properties":{"name":"2026-05-18 08:35:26 UTC","description":{"@type":"html","value":"<div><div><span><b>Altitude:</b></span> <span>35,000 ft</span></div>\n<div><span><b>Speed:</b></span> <span>482 kt</span></div>\n<div><span><b>Heading:</b></span> <span>209&deg;</span></div>\n</div>"},"icon-heading":209,"icon":"http://maps.google.com/mapfiles/kml/shapes/airports.png","timestamp":"2026-05-18T08:35:26+00:00"}},{"type":"Feature","geometry":{"type":"Point","coordinates":[2.461219,48.317413,10668]},"properties":{"name":"2026-05-18 08:35:28 UTC","description":{"@type":"html","value":"<div><div><span><b>Altitude:</b></span> <span>35,000 ft</span></div>\n<div><span><b>Speed:</b></span> <span>483 kt</span></div>\n<div><span><b>Heading:</b></span> <span>208&deg;</span></div>\n</div>"},"icon-heading":208,"icon":"http://maps.google.com/mapfiles/kml/shapes/airports.png","timestamp":"2026-05-18T08:35:28+00:00"}},{"type":"Feature","geometry":{"type":"Point","coordinates":[2.458263,48.313633,10668]},"properties":{"name":"2026-05-18 08:35:30 UTC","description":{"@type":"html","value":"<div><div><span><b>Altitude:</b></span> <span>35,000 ft</span></div>\n<div><span><b>Speed:</b></span> <span>485 kt</span></div>\n<div><span><b>Heading:</b></span> <span>207&deg;</span></div>\n</div>"},"icon-heading":207,"icon":"http://maps.google.com/mapfiles/kml/shapes/airports.png","timestamp":"2026-05-18T08:35:30+00:00"}},{"type":"Feature","geometry":{"type":"Point","coordinates":[2.455233,48.309631,10668]},"properties":{"name":"2026-05-18 08:35:32 UTC","description":{"@type":"html","value":"<div><div><span><b>Altitude:</b></span> <span>35,000 ft</span></div>\n<div><span><b>Speed:</b></span> <span>486 kt</span></div>\n<div><span><b>Heading:</b></span> <span>206&deg;</span></div>\n</div>"},"icon-heading":206,"icon":"http://maps.google.com/mapfiles/kml/shapes/airports.png","timestamp":"2026-05-18T08:35:32+00:00"}},{"type":"Feature","geometry":{"type":"Point","coordinates":[2.452336,48.30558,10668]},"properties":{"name":"2026-05-18 08:35:35 UTC","description":{"@type":"html","value":"<div><div><span><b>Altitude:</b></span> <span>35,000 ft</span></div>\n<div><span><b>Speed:</b></span> <span>488 kt</span></div>\n<div><span><b>Heading:</b></span> <span>205&deg;</span></div>\n</div>"},"icon-heading":205,"icon":"http://maps.google.com/mapfiles/kml/shapes/airports.png","timestamp":"2026-05-18T08:35:35+00:00"}},{"type":"Feature","geometry":{"type":"Point","coordinates":[2.449517,48.301437,10668]},"properties":{"name":"2026-05-18 08:35:37 UTC","description":{"@type":"html","value":"<div><div><span><b>Altitude:</b></span> <span>35,000 ft</span></div>\n<div><span><b>Speed:</b></span> <span>489 kt</span></div>\n<div><span><b>Heading:</b></span> <span>204&deg;</span></div>\n</div>"},"icon-heading":204,"icon":"http://maps.google.com/mapfiles/kml/shapes/airports.png","timestamp":"2026-05-18T08:35:37+00:00"}},{"type":"Feature","geometry":{"type":"Point","coordinates":[2.446699,48.297108,10668]},"properties":{"name":"2026-05-18 08:35:39 UTC","description":{"@type":"html","value":"<div><div><span><b>Altitude:</b></span> <span>35,000 ft</span></div>\n<div><span><b>Speed:</b></span> <span>490 kt</span></div>\n<div><span><b>Heading:</b></span> <span>203&deg;</span></div>\n</div>"},"icon-heading":203,"icon":"http://maps.google.com/mapfiles/kml/shapes/airports.png","timestamp":"2026-05-18T08:35:39+00:00"}},{"type":"Feature","geometry":{"type":"Point","coordinates":[2.443952,48.292732,10675.62]},"properties":{"name":"2026-05-18 08:35:41 UTC","description":{"@type":"html","value":"<div><div><span><b>Altitude:</b></span> <span>35,025 ft</span></div>\n<div><span><b>Speed:</b></span> <span>491 kt</span></div>\n<div><span><b>Heading:</b></span> <span>203&deg;</span></div>\n</div>"},"icon-heading":203,"icon":"http://maps.google.com/mapfiles/kml/shapes/airports.png","timestamp":"2026-05-18T08:35:41+00:00"}},{"type":"Feature","geometry":{"type":"Point","coordinates":[2.44135,48.288498,10675.62]},"properties":{"name":"2026-05-18 08:35:43 UTC","description":{"@type":"html","value":"<div><div><span><b>Altitude:</b></span> <span>35,025 ft</span></div>\n<div><span><b>Speed:</b></span> <span>491 kt</span></div>\n<div><span><b>Heading:</b></span> <span>202&deg;</span></div>\n</div>"},"icon-heading":202,"icon":"http://maps.google.com/mapfiles/kml/shapes/airports.png","timestamp":"2026-05-18T08:35:43+00:00"}},{"type":"Feature","geometry":{"type":"Point","coordinates":[2.438613,48.283859,10675.62]},"properties":{"name":"2026-05-18 08:35:45 UTC","description":{"@type":"html","value":"<div><div><span><b>Altitude:</b></span> <span>35,025 ft</span></div>\n<div><span><b>Speed:</b></span> <span>492 kt</span></div>\n<div><span><b>Heading:</b></span> <span>201&deg;</span></div>\n</div>"},"icon-heading":201,"icon":"http://maps.google.com/mapfiles/kml/shapes/airports.png","timestamp":"2026-05-18T08:35:45+00:00"}},{"type":"Feature","geometry":{"type":"Point","coordinates":[2.436218,48.279839,10675.62]},"properties":{"name":"2026-05-18 08:35:47 UTC","description":{"@type":"html","value":"<div><div><span><b>Altitude:</b></span> <span>35,025 ft</span></div>\n<div><span><b>Speed:</b></span> <span>492 kt</span></div>\n<div><span><b>Heading:</b></span> <span>201&deg;</span></div>\n</div>"},"icon-heading":201,"icon":"http://maps.google.com/mapfiles/kml/shapes/airports.png","timestamp":"2026-05-18T08:35:47+00:00"}},{"type":"Feature","geometry":{"type":"Point","coordinates":[2.433833,48.275833,10675.62]},"properties":{"name":"2026-05-18 08:35:49 UTC","description":{"@type":"html","value":"<div><div><span><b>Altitude:</b></span> <span>35,025 ft</span></div>\n<div><span><b>Speed:</b></span> <span>492 kt</span></div>\n<div><span><b>Heading:</b></span> <span>201&deg;</span></div>\n</div>"},"icon-heading":201,"icon":"http://maps.google.com/mapfiles/kml/shapes/airports.png","timestamp":"2026-05-18T08:35:49+00:00"}},{"type":"Feature","geometry":{"type":"Point","coordinates":[2.431087,48.271133,10675.62]},"properties":{"name":"2026-05-18 08:35:51 UTC","description":{"@type":"html","value":"<div><div><span><b>Altitude:</b></span> <span>35,025 ft</span></div>\n<div><span><b>Speed:</b></span> <span>493 kt</span></div>\n<div><span><b>Heading:</b></span> <span>201&deg;</span></div>\n</div>"},"icon-heading":201,"icon":"http://maps.google.com/mapfiles/kml/shapes/airports.png","timestamp":"2026-05-18T08:35:51+00:00"}},{"type":"Feature","geometry":{"type":"Point","coordinates":[2.428484,48.266708,10675.62]},"properties":{"name":"2026-05-18 08:35:53 UTC","description":{"@type":"html","value":"<div><div><span><b>Altitude:</b></span> <span>35,025 ft</span></div>\n<div><span><b>Speed:</b></span> <span>492 kt</span></div>\n<div><span><b>Heading:</b></span> <span>201&deg;</span></div>\n</div>"},"icon-heading":201,"icon":"http://maps.google.com/mapfiles/kml/shapes/airports.png","timestamp":"2026-05-18T08:35:53+00:00"}},{"type":"Feature","geometry":{"type":"Point","coordinates":[2.388442,48.200375,10683.24]},"properties":{"name":"2026-05-18 08:36:24 UTC","description":{"@type":"html","value":"<div><div><span><b>Altitude:</b></span> <span>35,050 ft</span></div>\n<div><span><b>Speed:</b></span> <span>493 kt</span></div>\n<div><span><b>Heading:</b></span> <span>202&deg;</span></div>\n</div>"},"icon-heading":202,"icon":"http://maps.google.com/mapfiles/kml/shapes/airports.png","timestamp":"2026-05-18T08:36:24+00:00"}},{"type":"Feature","geometry":{"type":"Point","coordinates":[2.348877,48.134171,10683.24]},"properties":{"name":"2026-05-18 08:36:56 UTC","description":{"@type":"html","value":"<div><div><span><b>Altitude:</b></span> <span>35,050 ft</span></div>\n<div><span><b>Speed:</b></span> <span>493 kt</span></div>\n<div><span><b>Heading:</b></span> <span>201&deg;</span></div>\n</div>"},"icon-heading":201,"icon":"http://maps.google.com/mapfiles/kml/shapes/airports.png","timestamp":"2026-05-18T08:36:56+00:00"}},{"type":"Feature","geometry":{"type":"Point","coordinates":[2.309171,48.067699,10683.24]},"properties":{"name":"2026-05-18 08:37:27 UTC","description":{"@type":"html","value":"<div><div><span><b>Altitude:</b></span> <span>35,050 ft</span></div>\n<div><span><b>Speed:</b></span> <span>491 kt</span></div>\n<div><span><b>Heading:</b></span> <span>201&deg;</span></div>\n</div>"},"icon-heading":201,"icon":"http://maps.google.com/mapfiles/kml/shapes/airports.png","timestamp":"2026-05-18T08:37:27+00:00"}},{"type":"Feature","geometry":{"type":"Point","coordinates":[2.268677,48.002335,10668]},"properties":{"name":"2026-05-18 08:37:58 UTC","description":{"@type":"html","value":"<div><div><span><b>Altitude:</b></span> <span>35,000 ft</span></div>\n<div><span><b>Speed:</b></span> <span>485 kt</span></div>\n<div><span><b>Heading:</b></span> <span>204&deg;</span></div>\n</div>"},"icon-heading":204,"icon":"http://maps.google.com/mapfiles/kml/shapes/airports.png","timestamp":"2026-05-18T08:37:58+00:00"}},{"type":"Feature","geometry":{"type":"Point","coordinates":[2.22171,47.940536,10660.38]},"properties":{"name":"2026-05-18 08:38:30 UTC","description":{"@type":"html","value":"<div><div><span><b>Altitude:</b></span> <span>34,975 ft</span></div>\n<div><span><b>Speed:</b></span> <span>480 kt</span></div>\n<div><span><b>Heading:</b></span> <span>207&deg;</span></div>\n</div>"},"icon-heading":207,"icon":"http://maps.google.com/mapfiles/kml/shapes/airports.png","timestamp":"2026-05-18T08:38:30+00:00"}},{"type":"Feature","geometry":{"type":"Point","coordinates":[2.173321,47.877674,10652.76]},"properties":{"name":"2026-05-18 08:39:02 UTC","description":{"@type":"html","value":"<div><div><span><b>Altitude:</b></span> <span>34,950 ft</span></div>\n<div><span><b>Speed:</b></span> <span>479 kt</span></div>\n<div><span><b>Heading:</b></span> <span>207&deg;</span></div>\n</div>"},"icon-heading":207,"icon":"http://maps.google.com/mapfiles/kml/shapes/airports.png","timestamp":"2026-05-18T08:39:02+00:00"}},{"type":"Feature","geometry":{"type":"Point","coordinates":[2.125648,47.815521,10652.76]},"properties":{"name":"2026-05-18 08:39:33 UTC","description":{"@type":"html","value":"<div><div><span><b>Altitude:</b></span> <span>34,950 ft</span></div>\n<div><span><b>Speed:</b></span> <span>479 kt</span></div>\n<div><span><b>Heading:</b></span> <span>207&deg;</span></div>\n</div>"},"icon-heading":207,"icon":"http://maps.google.com/mapfiles/kml/shapes/airports.png","timestamp":"2026-05-18T08:39:33+00:00"}},{"type":"Feature","geometry":{"type":"Point","coordinates":[2.07827,47.753723,10652.76]},"properties":{"name":"2026-05-18 08:40:04 UTC","description":{"@type":"html","value":"<div><div><span><b>Altitude:</b></span> <span>34,950 ft</span></div>\n<div><span><b>Speed:</b></span> <span>480 kt</span></div>\n<div><span><b>Heading:</b></span> <span>207&deg;</span></div>\n</div>"},"icon-heading":207,"icon":"http://maps.google.com/mapfiles/kml/shapes/airports.png","timestamp":"2026-05-18T08:40:04+00:00"}},{"type":"Feature","geometry":{"type":"Point","coordinates":[2.030076,47.690811,10668]},"properties":{"name":"2026-05-18 08:40:36 UTC","description":{"@type":"html","value":"<div><div><span><b>Altitude:</b></span> <span>35,000 ft</span></div>\n<div><span><b>Speed:</b></span> <span>482 kt</span></div>\n<div><span><b>Heading:</b></span> <span>207&deg;</span></div>\n</div>"},"icon-heading":207,"icon":"http://maps.google.com/mapfiles/kml/shapes/airports.png","timestamp":"2026-05-18T08:40:36+00:00"}},{"type":"Feature","geometry":{"type":"Point","coordinates":[1.982826,47.628983,10660.38]},"properties":{"name":"2026-05-18 08:41:07 UTC","description":{"@type":"html","value":"<div><div><span><b>Altitude:</b></span> <span>34,975 ft</span></div>\n<div><span><b>Speed:</b></span> <span>483 kt</span></div>\n<div><span><b>Heading:</b></span> <span>207&deg;</span></div>\n</div>"},"icon-heading":207,"icon":"http://maps.google.com/mapfiles/kml/shapes/airports.png","timestamp":"2026-05-18T08:41:07+00:00"}},{"type":"Feature","geometry":{"type":"Point","coordinates":[1.935104,47.56636,10660.38]},"properties":{"name":"2026-05-18 08:41:39 UTC","description":{"@type":"html","value":"<div><div><span><b>Altitude:</b></span> <span>34,975 ft</span></div>\n<div><span><b>Speed:</b></span> <span>487 kt</span></div>\n<div><span><b>Heading:</b></span> <span>207&deg;</span></div>\n</div>"},"icon-heading":207,"icon":"http://maps.google.com/mapfiles/kml/shapes/airports.png","timestamp":"2026-05-18T08:41:39+00:00"}},{"type":"Feature","geometry":{"type":"Point","coordinates":[1.887324,47.503532,10660.38]},"properties":{"name":"2026-05-18 08:42:10 UTC","description":{"@type":"html","value":"<div><div><span><b>Altitude:</b></span> <span>34,975 ft</span></div>\n<div><span><b>Speed:</b></span> <span>490 kt</span></div>\n<div><span><b>Heading:</b></span> <span>207&deg;</span></div>\n</div>"},"icon-heading":207,"icon":"http://maps.google.com/mapfiles/kml/shapes/airports.png","timestamp":"2026-05-18T08:42:10+00:00"}},{"type":"Feature","geometry":{"type":"Point","coordinates":[1.839386,47.440475,10668]},"properties":{"name":"2026-05-18 08:42:42 UTC","description":{"@type":"html","value":"<div><div><span><b>Altitude:</b></span> <span>35,000 ft</span></div>\n<div><span><b>Speed:</b></span> <span>494 kt</span></div>\n<div><span><b>Heading:</b></span> <span>207&deg;</span></div>\n</div>"},"icon-heading":207,"icon":"http://maps.google.com/mapfiles/kml/shapes/airports.png","timestamp":"2026-05-18T08:42:42+00:00"}},{"type":"Feature","geometry":{"type":"Point","coordinates":[1.790067,47.374863,10668]},"properties":{"name":"2026-05-18 08:43:13 UTC","description":{"@type":"html","value":"<div><div><span><b>Altitude:</b></span> <span>35,000 ft</span></div>\n<div><span><b>Speed:</b></span> <span>498 kt</span></div>\n<div><span><b>Heading:</b></span> <span>206&deg;</span></div>\n</div>"},"icon-heading":206,"icon":"http://maps.google.com/mapfiles/kml/shapes/airports.png","timestamp":"2026-05-18T08:43:13+00:00"}},{"type":"Feature","geometry":{"type":"Point","coordinates":[1.741685,47.312016,10675.62]},"properties":{"name":"2026-05-18 08:43:44 UTC","description":{"@type":"html","value":"<div><div><span><b>Altitude:</b></span> <span>35,025 ft</span></div>\n<div><span><b>Speed:</b></span> <span>497 kt</span></div>\n<div><span><b>Heading:</b></span> <span>209&deg;</span></div>\n</div>"},"icon-heading":209,"icon":"http://maps.google.com/mapfiles/kml/shapes/airports.png","timestamp":"2026-05-18T08:43:44+00:00"}},{"type":"Feature","geometry":{"type":"Point","coordinates":[1.686607,47.250778,10683.24]},"properties":{"name":"2026-05-18 08:44:16 UTC","description":{"@type":"html","value":"<div><div><span><b>Altitude:</b></span> <span>35,050 ft</span></div>\n<div><span><b>Speed:</b></span> <span>495 kt</span></div>\n<div><span><b>Heading:</b></span> <span>211&deg;</span></div>\n</div>"},"icon-heading":211,"icon":"http://maps.google.com/mapfiles/kml/shapes/airports.png","timestamp":"2026-05-18T08:44:16+00:00"}},{"type":"Feature","geometry":{"type":"Point","coordinates":[1.631676,47.190033,10683.24]},"properties":{"name":"2026-05-18 08:44:47 UTC","description":{"@type":"html","value":"<div><div><span><b>Altitude:</b></span> <span>35,050 ft</span></div>\n<div><span><b>Speed:</b></span> <span>497 kt</span></div>\n<div><span><b>Heading:</b></span> <span>211&deg;</span></div>\n</div>"},"icon-heading":211,"icon":"http://maps.google.com/mapfiles/kml/shapes/airports.png","timestamp":"2026-05-18T08:44:47+00:00"}},{"type":"Feature","geometry":{"type":"Point","coordinates":[1.573654,47.13176,10668]},"properties":{"name":"2026-05-18 08:45:18 UTC","description":{"@type":"html","value":"<div><div><span><b>Altitude:</b></span> <span>35,000 ft</span></div>\n<div><span><b>Speed:</b></span> <span>486 kt</span></div>\n<div><span><b>Heading:</b></span> <span>218&deg;</span></div>\n</div>"},"icon-heading":218,"icon":"http://maps.google.com/mapfiles/kml/shapes/airports.png","timestamp":"2026-05-18T08:45:18+00:00"}},{"type":"Feature","geometry":{"type":"Point","coordinates":[1.507028,47.07935,10675.62]},"properties":{"name":"2026-05-18 08:45:49 UTC","description":{"@type":"html","value":"<div><div><span><b>Altitude:</b></span> <span>35,025 ft</span></div>\n<div><span><b>Speed:</b></span> <span>481 kt</span></div>\n<div><span><b>Heading:</b></span> <span>221&deg;</span></div>\n</div>"},"icon-heading":221,"icon":"http://maps.google.com/mapfiles/kml/shapes/airports.png","timestamp":"2026-05-18T08:45:49+00:00"}},{"type":"Feature","geometry":{"type":"Point","coordinates":[1.440033,47.026749,10668]},"properties":{"name":"2026-05-18 08:46:20 UTC","description":{"@type":"html","value":"<div><div><span><b>Altitude:</b></span> <span>35,000 ft</span></div>\n<div><span><b>Speed:</b></span> <span>479 kt</span></div>\n<div><span><b>Heading:</b></span> <span>221&deg;</span></div>\n</div>"},"icon-heading":221,"icon":"http://maps.google.com/mapfiles/kml/shapes/airports.png","timestamp":"2026-05-18T08:46:20+00:00"}},{"type":"Feature","geometry":{"type":"Point","coordinates":[1.374664,46.975296,10668]},"properties":{"name":"2026-05-18 08:46:51 UTC","description":{"@type":"html","value":"<div><div><span><b>Altitude:</b></span> <span>35,000 ft</span></div>\n<div><span><b>Speed:</b></span> <span>479 kt</span></div>\n<div><span><b>Heading:</b></span> <span>220&deg;</span></div>\n</div>"},"icon-heading":220,"icon":"http://maps.google.com/mapfiles/kml/shapes/airports.png","timestamp":"2026-05-18T08:46:51+00:00"}},{"type":"Feature","geometry":{"type":"Point","coordinates":[1.308641,46.92326,10668]},"properties":{"name":"2026-05-18 08:47:22 UTC","description":{"@type":"html","value":"<div><div><span><b>Altitude:</b></span> <span>35,000 ft</span></div>\n<div><span><b>Speed:</b></span> <span>477 kt</span></div>\n<div><span><b>Heading:</b></span> <span>221&deg;</span></div>\n</div>"},"icon-heading":221,"icon":"http://maps.google.com/mapfiles/kml/shapes/airports.png","timestamp":"2026-05-18T08:47:22+00:00"}},{"type":"Feature","geometry":{"type":"Point","coordinates":[1.243004,46.871494,10660.38]},"properties":{"name":"2026-05-18 08:47:54 UTC","description":{"@type":"html","value":"<div><div><span><b>Altitude:</b></span> <span>34,975 ft</span></div>\n<div><span><b>Speed:</b></span> <span>477 kt</span></div>\n<div><span><b>Heading:</b></span> <span>221&deg;</span></div>\n</div>"},"icon-heading":221,"icon":"http://maps.google.com/mapfiles/kml/shapes/airports.png","timestamp":"2026-05-18T08:47:54+00:00"}},{"type":"Feature","geometry":{"type":"Point","coordinates":[1.176979,46.819309,10660.38]},"properties":{"name":"2026-05-18 08:48:25 UTC","description":{"@type":"html","value":"<div><div><span><b>Altitude:</b></span> <span>34,975 ft</span></div>\n<div><span><b>Speed:</b></span> <span>476 kt</span></div>\n<div><span><b>Heading:</b></span> <span>220&deg;</span></div>\n</div>"},"icon-heading":220,"icon":"http://maps.google.com/mapfiles/kml/shapes/airports.png","timestamp":"2026-05-18T08:48:25+00:00"}},{"type":"Feature","geometry":{"type":"Point","coordinates":[1.111679,46.767727,10652.76]},"properties":{"name":"2026-05-18 08:48:56 UTC","description":{"@type":"html","value":"<div><div><span><b>Altitude:</b></span> <span>34,950 ft</span></div>\n<div><span><b>Speed:</b></span> <span>476 kt</span></div>\n<div><span><b>Heading:</b></span> <span>221&deg;</span></div>\n</div>"},"icon-heading":221,"icon":"http://maps.google.com/mapfiles/kml/shapes/airports.png","timestamp":"2026-05-18T08:48:56+00:00"}},{"type":"Feature","geometry":{"type":"Point","coordinates":[1.046917,46.714737,10660.38]},"properties":{"name":"2026-05-18 08:49:27 UTC","description":{"@type":"html","value":"<div><div><span><b>Altitude:</b></span> <span>34,975 ft</span></div>\n<div><span><b>Speed:</b></span> <span>481 kt</span></div>\n<div><span><b>Heading:</b></span> <span>217&deg;</span></div>\n</div>"},"icon-heading":217,"icon":"http://maps.google.com/mapfiles/kml/shapes/airports.png","timestamp":"2026-05-18T08:49:27+00:00"}},{"type":"Feature","geometry":{"type":"Point","coordinates":[0.989731,46.65633,10660.38]},"properties":{"name":"2026-05-18 08:49:59 UTC","description":{"@type":"html","value":"<div><div><span><b>Altitude:</b></span> <span>34,975 ft</span></div>\n<div><span><b>Speed:</b></span> <span>492 kt</span></div>\n<div><span><b>Heading:</b></span> <span>211&deg;</span></div>\n</div>"},"icon-heading":211,"icon":"http://maps.google.com/mapfiles/kml/shapes/airports.png","timestamp":"2026-05-18T08:49:59+00:00"}},{"type":"Feature","geometry":{"type":"Point","coordinates":[0.937958,46.594227,10660.38]},"properties":{"name":"2026-05-18 08:50:30 UTC","description":{"@type":"html","value":"<div><div><span><b>Altitude:</b></span> <span>34,975 ft</span></div>\n<div><span><b>Speed:</b></span> <span>492 kt</span></div>\n<div><span><b>Heading:</b></span> <span>209&deg;</span></div>\n</div>"},"icon-heading":209,"icon":"http://maps.google.com/mapfiles/kml/shapes/airports.png","timestamp":"2026-05-18T08:50:30+00:00"}},{"type":"Feature","geometry":{"type":"Point","coordinates":[0.886665,46.532917,10668]},"properties":{"name":"2026-05-18 08:51:01 UTC","description":{"@type":"html","value":"<div><div><span><b>Altitude:</b></span> <span>35,000 ft</span></div>\n<div><span><b>Speed:</b></span> <span>492 kt</span></div>\n<div><span><b>Heading:</b></span> <span>209&deg;</span></div>\n</div>"},"icon-heading":209,"icon":"http://maps.google.com/mapfiles/kml/shapes/airports.png","timestamp":"2026-05-18T08:51:01+00:00"}},{"type":"Feature","geometry":{"type":"Point","coordinates":[0.835028,46.470795,10668]},"properties":{"name":"2026-05-18 08:51:33 UTC","description":{"@type":"html","value":"<div><div><span><b>Altitude:</b></span> <span>35,000 ft</span></div>\n<div><span><b>Speed:</b></span> <span>492 kt</span></div>\n<div><span><b>Heading:</b></span> <span>209&deg;</span></div>\n</div>"},"icon-heading":209,"icon":"http://maps.google.com/mapfiles/kml/shapes/airports.png","timestamp":"2026-05-18T08:51:33+00:00"}},{"type":"Feature","geometry":{"type":"Point","coordinates":[0.784786,46.410141,10675.62]},"properties":{"name":"2026-05-18 08:52:04 UTC","description":{"@type":"html","value":"<div><div><span><b>Altitude:</b></span> <span>35,025 ft</span></div>\n<div><span><b>Speed:</b></span> <span>490 kt</span></div>\n<div><span><b>Heading:</b></span> <span>209&deg;</span></div>\n</div>"},"icon-heading":209,"icon":"http://maps.google.com/mapfiles/kml/shapes/airports.png","timestamp":"2026-05-18T08:52:04+00:00"}},{"type":"Feature","geometry":{"type":"Point","coordinates":[0.734342,46.349121,10668]},"properties":{"name":"2026-05-18 08:52:35 UTC","description":{"@type":"html","value":"<div><div><span><b>Altitude:</b></span> <span>35,000 ft</span></div>\n<div><span><b>Speed:</b></span> <span>489 kt</span></div>\n<div><span><b>Heading:</b></span> <span>209&deg;</span></div>\n</div>"},"icon-heading":209,"icon":"http://maps.google.com/mapfiles/kml/shapes/airports.png","timestamp":"2026-05-18T08:52:35+00:00"}},{"type":"Feature","geometry":{"type":"Point","coordinates":[0.683229,46.287186,10660.38]},"properties":{"name":"2026-05-18 08:53:06 UTC","description":{"@type":"html","value":"<div><div><span><b>Altitude:</b></span> <span>34,975 ft</span></div>\n<div><span><b>Speed:</b></span> <span>488 kt</span></div>\n<div><span><b>Heading:</b></span> <span>209&deg;</span></div>\n</div>"},"icon-heading":209,"icon":"http://maps.google.com/mapfiles/kml/shapes/airports.png","timestamp":"2026-05-18T08:53:06+00:00"}},{"type":"Feature","geometry":{"type":"Point","coordinates":[0.633188,46.22612,10660.38]},"properties":{"name":"2026-05-18 08:53:38 UTC","description":{"@type":"html","value":"<div><div><span><b>Altitude:</b></span> <span>34,975 ft</span></div>\n<div><span><b>Speed:</b></span> <span>489 kt</span></div>\n<div><span><b>Heading:</b></span> <span>209&deg;</span></div>\n</div>"},"icon-heading":209,"icon":"http://maps.google.com/mapfiles/kml/shapes/airports.png","timestamp":"2026-05-18T08:53:38+00:00"}},{"type":"Feature","geometry":{"type":"Point","coordinates":[0.582811,46.16478,10660.38]},"properties":{"name":"2026-05-18 08:54:09 UTC","description":{"@type":"html","value":"<div><div><span><b>Altitude:</b></span> <span>34,975 ft</span></div>\n<div><span><b>Speed:</b></span> <span>489 kt</span></div>\n<div><span><b>Heading:</b></span> <span>209&deg;</span></div>\n</div>"},"icon-heading":209,"icon":"http://maps.google.com/mapfiles/kml/shapes/airports.png","timestamp":"2026-05-18T08:54:09+00:00"}},{"type":"Feature","geometry":{"type":"Point","coordinates":[0.532167,46.102936,10668]},"properties":{"name":"2026-05-18 08:54:40 UTC","description":{"@type":"html","value":"<div><div><span><b>Altitude:</b></span> <span>35,000 ft</span></div>\n<div><span><b>Speed:</b></span> <span>488 kt</span></div>\n<div><span><b>Heading:</b></span> <span>209&deg;</span></div>\n</div>"},"icon-heading":209,"icon":"http://maps.google.com/mapfiles/kml/shapes/airports.png","timestamp":"2026-05-18T08:54:40+00:00"}},{"type":"Feature","geometry":{"type":"Point","coordinates":[0.482528,46.042099,10668]},"properties":{"name":"2026-05-18 08:55:11 UTC","description":{"@type":"html","value":"<div><div><span><b>Altitude:</b></span> <span>35,000 ft</span></div>\n<div><span><b>Speed:</b></span> <span>488 kt</span></div>\n<div><span><b>Heading:</b></span> <span>209&deg;</span></div>\n</div>"},"icon-heading":209,"icon":"http://maps.google.com/mapfiles/kml/shapes/airports.png","timestamp":"2026-05-18T08:55:11+00:00"}},{"type":"Feature","geometry":{"type":"Point","coordinates":[0.432724,45.980808,10668]},"properties":{"name":"2026-05-18 08:55:43 UTC","description":{"@type":"html","value":"<div><div><span><b>Altitude:</b></span> <span>35,000 ft</span></div>\n<div><span><b>Speed:</b></span> <span>488 kt</span></div>\n<div><span><b>Heading:</b></span> <span>209&deg;</span></div>\n</div>"},"icon-heading":209,"icon":"http://maps.google.com/mapfiles/kml/shapes/airports.png","timestamp":"2026-05-18T08:55:43+00:00"}},{"type":"Feature","geometry":{"type":"Point","coordinates":[0.383148,45.919731,10668]},"properties":{"name":"2026-05-18 08:56:14 UTC","description":{"@type":"html","value":"<div><div><span><b>Altitude:</b></span> <span>35,000 ft</span></div>\n<div><span><b>Speed:</b></span> <span>488 kt</span></div>\n<div><span><b>Heading:</b></span> <span>209&deg;</span></div>\n</div>"},"icon-heading":209,"icon":"http://maps.google.com/mapfiles/kml/shapes/airports.png","timestamp":"2026-05-18T08:56:14+00:00"}},{"type":"Feature","geometry":{"type":"Point","coordinates":[0.332954,45.857723,10668]},"properties":{"name":"2026-05-18 08:56:45 UTC","description":{"@type":"html","value":"<div><div><span><b>Altitude:</b></span> <span>35,000 ft</span></div>\n<div><span><b>Speed:</b></span> <span>488 kt</span></div>\n<div><span><b>Heading:</b></span> <span>209&deg;</span></div>\n</div>"},"icon-heading":209,"icon":"http://maps.google.com/mapfiles/kml/shapes/airports.png","timestamp":"2026-05-18T08:56:45+00:00"}},{"type":"Feature","geometry":{"type":"Point","coordinates":[0.284037,45.797287,10668]},"properties":{"name":"2026-05-18 08:57:16 UTC","description":{"@type":"html","value":"<div><div><span><b>Altitude:</b></span> <span>35,000 ft</span></div>\n<div><span><b>Speed:</b></span> <span>488 kt</span></div>\n<div><span><b>Heading:</b></span> <span>209&deg;</span></div>\n</div>"},"icon-heading":209,"icon":"http://maps.google.com/mapfiles/kml/shapes/airports.png","timestamp":"2026-05-18T08:57:16+00:00"}},{"type":"Feature","geometry":{"type":"Point","coordinates":[0.234833,45.736176,10668]},"properties":{"name":"2026-05-18 08:57:47 UTC","description":{"@type":"html","value":"<div><div><span><b>Altitude:</b></span> <span>35,000 ft</span></div>\n<div><span><b>Speed:</b></span> <span>488 kt</span></div>\n<div><span><b>Heading:</b></span> <span>209&deg;</span></div>\n</div>"},"icon-heading":209,"icon":"http://maps.google.com/mapfiles/kml/shapes/airports.png","timestamp":"2026-05-18T08:57:47+00:00"}},{"type":"Feature","geometry":{"type":"Point","coordinates":[0.184982,45.674122,10675.62]},"properties":{"name":"2026-05-18 08:58:19 UTC","description":{"@type":"html","value":"<div><div><span><b>Altitude:</b></span> <span>35,025 ft</span></div>\n<div><span><b>Speed:</b></span> <span>487 kt</span></div>\n<div><span><b>Heading:</b></span> <span>209&deg;</span></div>\n</div>"},"icon-heading":209,"icon":"http://maps.google.com/mapfiles/kml/shapes/airports.png","timestamp":"2026-05-18T08:58:19+00:00"}},{"type":"Feature","geometry":{"type":"Point","coordinates":[0.135475,45.612301,10668]},"properties":{"name":"2026-05-18 08:58:50 UTC","description":{"@type":"html","value":"<div><div><span><b>Altitude:</b></span> <span>35,000 ft</span></div>\n<div><span><b>Speed:</b></span> <span>487 kt</span></div>\n<div><span><b>Heading:</b></span> <span>209&deg;</span></div>\n</div>"},"icon-heading":209,"icon":"http://maps.google.com/mapfiles/kml/shapes/airports.png","timestamp":"2026-05-18T08:58:50+00:00"}},{"type":"Feature","geometry":{"type":"Point","coordinates":[0.086723,45.551273,10668]},"properties":{"name":"2026-05-18 08:59:21 UTC","description":{"@type":"html","value":"<div><div><span><b>Altitude:</b></span> <span>35,000 ft</span></div>\n<div><span><b>Speed:</b></span> <span>486 kt</span></div>\n<div><span><b>Heading:</b></span> <span>209&deg;</span></div>\n</div>"},"icon-heading":209,"icon":"http://maps.google.com/mapfiles/kml/shapes/airports.png","timestamp":"2026-05-18T08:59:21+00:00"}},{"type":"Feature","geometry":{"type":"Point","coordinates":[0.038125,45.490402,10668]},"properties":{"name":"2026-05-18 08:59:52 UTC","description":{"@type":"html","value":"<div><div><span><b>Altitude:</b></span> <span>35,000 ft</span></div>\n<div><span><b>Speed:</b></span> <span>485 kt</span></div>\n<div><span><b>Heading:</b></span> <span>209&deg;</span></div>\n</div>"},"icon-heading":209,"icon":"http://maps.google.com/mapfiles/kml/shapes/airports.png","timestamp":"2026-05-18T08:59:52+00:00"}},{"type":"Feature","geometry":{"type":"Point","coordinates":[-0.010594,45.429153,10668]},"properties":{"name":"2026-05-18 09:00:23 UTC","description":{"@type":"html","value":"<div><div><span><b>Altitude:</b></span> <span>35,000 ft</span></div>\n<div><span><b>Speed:</b></span> <span>485 kt</span></div>\n<div><span><b>Heading:</b></span> <span>209&deg;</span></div>\n</div>"},"icon-heading":209,"icon":"http://maps.google.com/mapfiles/kml/shapes/airports.png","timestamp":"2026-05-18T09:00:23+00:00"}},{"type":"Feature","geometry":{"type":"Point","coordinates":[-0.058986,45.368271,10668]},"properties":{"name":"2026-05-18 09:00:55 UTC","description":{"@type":"html","value":"<div><div><span><b>Altitude:</b></span> <span>35,000 ft</span></div>\n<div><span><b>Speed:</b></span> <span>485 kt</span></div>\n<div><span><b>Heading:</b></span> <span>209&deg;</span></div>\n</div>"},"icon-heading":209,"icon":"http://maps.google.com/mapfiles/kml/shapes/airports.png","timestamp":"2026-05-18T09:00:55+00:00"}},{"type":"Feature","geometry":{"type":"Point","coordinates":[-0.106581,45.307941,10668]},"properties":{"name":"2026-05-18 09:01:26 UTC","description":{"@type":"html","value":"<div><div><span><b>Altitude:</b></span> <span>35,000 ft</span></div>\n<div><span><b>Speed:</b></span> <span>486 kt</span></div>\n<div><span><b>Heading:</b></span> <span>209&deg;</span></div>\n</div>"},"icon-heading":209,"icon":"http://maps.google.com/mapfiles/kml/shapes/airports.png","timestamp":"2026-05-18T09:01:26+00:00"}},{"type":"Feature","geometry":{"type":"Point","coordinates":[-0.155751,45.245609,10668]},"properties":{"name":"2026-05-18 09:01:57 UTC","description":{"@type":"html","value":"<div><div><span><b>Altitude:</b></span> <span>35,000 ft</span></div>\n<div><span><b>Speed:</b></span> <span>485 kt</span></div>\n<div><span><b>Heading:</b></span> <span>209&deg;</span></div>\n</div>"},"icon-heading":209,"icon":"http://maps.google.com/mapfiles/kml/shapes/airports.png","timestamp":"2026-05-18T09:01:57+00:00"}},{"type":"Feature","geometry":{"type":"Point","coordinates":[-0.204097,45.18425,10668]},"properties":{"name":"2026-05-18 09:02:29 UTC","description":{"@type":"html","value":"<div><div><span><b>Altitude:</b></span> <span>35,000 ft</span></div>\n<div><span><b>Speed:</b></span> <span>486 kt</span></div>\n<div><span><b>Heading:</b></span> <span>209&deg;</span></div>\n</div>"},"icon-heading":209,"icon":"http://maps.google.com/mapfiles/kml/shapes/airports.png","timestamp":"2026-05-18T09:02:29+00:00"}},{"type":"Feature","geometry":{"type":"Point","coordinates":[-0.253013,45.12204,10668]},"properties":{"name":"2026-05-18 09:03:00 UTC","description":{"@type":"html","value":"<div><div><span><b>Altitude:</b></span> <span>35,000 ft</span></div>\n<div><span><b>Speed:</b></span> <span>486 kt</span></div>\n<div><span><b>Heading:</b></span> <span>209&deg;</span></div>\n</div>"},"icon-heading":209,"icon":"http://maps.google.com/mapfiles/kml/shapes/airports.png","timestamp":"2026-05-18T09:03:00+00:00"}},{"type":"Feature","geometry":{"type":"Point","coordinates":[-0.301208,45.060471,10668]},"properties":{"name":"2026-05-18 09:03:31 UTC","description":{"@type":"html","value":"<div><div><span><b>Altitude:</b></span> <span>35,000 ft</span></div>\n<div><span><b>Speed:</b></span> <span>487 kt</span></div>\n<div><span><b>Heading:</b></span> <span>208&deg;</span></div>\n</div>"},"icon-heading":208,"icon":"http://maps.google.com/mapfiles/kml/shapes/airports.png","timestamp":"2026-05-18T09:03:31+00:00"}},{"type":"Feature","geometry":{"type":"Point","coordinates":[-0.349339,44.998856,10668]},"properties":{"name":"2026-05-18 09:04:03 UTC","description":{"@type":"html","value":"<div><div><span><b>Altitude:</b></span> <span>35,000 ft</span></div>\n<div><span><b>Speed:</b></span> <span>487 kt</span></div>\n<div><span><b>Heading:</b></span> <span>208&deg;</span></div>\n</div>"},"icon-heading":208,"icon":"http://maps.google.com/mapfiles/kml/shapes/airports.png","timestamp":"2026-05-18T09:04:03+00:00"}},{"type":"Feature","geometry":{"type":"Point","coordinates":[-0.39747,44.937149,10668]},"properties":{"name":"2026-05-18 09:04:34 UTC","description":{"@type":"html","value":"<div><div><span><b>Altitude:</b></span> <span>35,000 ft</span></div>\n<div><span><b>Speed:</b></span> <span>487 kt</span></div>\n<div><span><b>Heading:</b></span> <span>209&deg;</span></div>\n</div>"},"icon-heading":209,"icon":"http://maps.google.com/mapfiles/kml/shapes/airports.png","timestamp":"2026-05-18T09:04:34+00:00"}},{"type":"Feature","geometry":{"type":"Point","coordinates":[-0.446123,44.874664,10668]},"properties":{"name":"2026-05-18 09:05:06 UTC","description":{"@type":"html","value":"<div><div><span><b>Altitude:</b></span> <span>35,000 ft</span></div>\n<div><span><b>Speed:</b></span> <span>487 kt</span></div>\n<div><span><b>Heading:</b></span> <span>208&deg;</span></div>\n</div>"},"icon-heading":208,"icon":"http://maps.google.com/mapfiles/kml/shapes/airports.png","timestamp":"2026-05-18T09:05:06+00:00"}},{"type":"Feature","geometry":{"type":"Point","coordinates":[-0.494921,44.811695,10668]},"properties":{"name":"2026-05-18 09:05:38 UTC","description":{"@type":"html","value":"<div><div><span><b>Altitude:</b></span> <span>35,000 ft</span></div>\n<div><span><b>Speed:</b></span> <span>488 kt</span></div>\n<div><span><b>Heading:</b></span> <span>208&deg;</span></div>\n</div>"},"icon-heading":208,"icon":"http://maps.google.com/mapfiles/kml/shapes/airports.png","timestamp":"2026-05-18T09:05:38+00:00"}},{"type":"Feature","geometry":{"type":"Point","coordinates":[-0.543421,44.749084,10668]},"properties":{"name":"2026-05-18 09:06:09 UTC","description":{"@type":"html","value":"<div><div><span><b>Altitude:</b></span> <span>35,000 ft</span></div>\n<div><span><b>Speed:</b></span> <span>488 kt</span></div>\n<div><span><b>Heading:</b></span> <span>208&deg;</span></div>\n</div>"},"icon-heading":208,"icon":"http://maps.google.com/mapfiles/kml/shapes/airports.png","timestamp":"2026-05-18T09:06:09+00:00"}},{"type":"Feature","geometry":{"type":"Point","coordinates":[-0.591989,44.686237,10668]},"properties":{"name":"2026-05-18 09:06:41 UTC","description":{"@type":"html","value":"<div><div><span><b>Altitude:</b></span> <span>35,000 ft</span></div>\n<div><span><b>Speed:</b></span> <span>488 kt</span></div>\n<div><span><b>Heading:</b></span> <span>208&deg;</span></div>\n</div>"},"icon-heading":208,"icon":"http://maps.google.com/mapfiles/kml/shapes/airports.png","timestamp":"2026-05-18T09:06:41+00:00"}},{"type":"Feature","geometry":{"type":"Point","coordinates":[-0.638949,44.625256,10668]},"properties":{"name":"2026-05-18 09:07:12 UTC","description":{"@type":"html","value":"<div><div><span><b>Altitude:</b></span> <span>35,000 ft</span></div>\n<div><span><b>Speed:</b></span> <span>489 kt</span></div>\n<div><span><b>Heading:</b></span> <span>208&deg;</span></div>\n</div>"},"icon-heading":208,"icon":"http://maps.google.com/mapfiles/kml/shapes/airports.png","timestamp":"2026-05-18T09:07:12+00:00"}},{"type":"Feature","geometry":{"type":"Point","coordinates":[-0.687299,44.562241,10668]},"properties":{"name":"2026-05-18 09:07:44 UTC","description":{"@type":"html","value":"<div><div><span><b>Altitude:</b></span> <span>35,000 ft</span></div>\n<div><span><b>Speed:</b></span> <span>489 kt</span></div>\n<div><span><b>Heading:</b></span> <span>208&deg;</span></div>\n</div>"},"icon-heading":208,"icon":"http://maps.google.com/mapfiles/kml/shapes/airports.png","timestamp":"2026-05-18T09:07:44+00:00"}},{"type":"Feature","geometry":{"type":"Point","coordinates":[-0.73628,44.498154,10668]},"properties":{"name":"2026-05-18 09:08:16 UTC","description":{"@type":"html","value":"<div><div><span><b>Altitude:</b></span> <span>35,000 ft</span></div>\n<div><span><b>Speed:</b></span> <span>490 kt</span></div>\n<div><span><b>Heading:</b></span> <span>208&deg;</span></div>\n</div>"},"icon-heading":208,"icon":"http://maps.google.com/mapfiles/kml/shapes/airports.png","timestamp":"2026-05-18T09:08:16+00:00"}},{"type":"Feature","geometry":{"type":"Point","coordinates":[-0.784149,44.435715,10668]},"properties":{"name":"2026-05-18 09:08:48 UTC","description":{"@type":"html","value":"<div><div><span><b>Altitude:</b></span> <span>35,000 ft</span></div>\n<div><span><b>Speed:</b></span> <span>489 kt</span></div>\n<div><span><b>Heading:</b></span> <span>208&deg;</span></div>\n</div>"},"icon-heading":208,"icon":"http://maps.google.com/mapfiles/kml/shapes/airports.png","timestamp":"2026-05-18T09:08:48+00:00"}},{"type":"Feature","geometry":{"type":"Point","coordinates":[-0.834023,44.370193,10668]},"properties":{"name":"2026-05-18 09:09:20 UTC","description":{"@type":"html","value":"<div><div><span><b>Altitude:</b></span> <span>35,000 ft</span></div>\n<div><span><b>Speed:</b></span> <span>490 kt</span></div>\n<div><span><b>Heading:</b></span> <span>208&deg;</span></div>\n</div>"},"icon-heading":208,"icon":"http://maps.google.com/mapfiles/kml/shapes/airports.png","timestamp":"2026-05-18T09:09:20+00:00"}},{"type":"Feature","geometry":{"type":"Point","coordinates":[-0.881385,44.308002,10668]},"properties":{"name":"2026-05-18 09:09:52 UTC","description":{"@type":"html","value":"<div><div><span><b>Altitude:</b></span> <span>35,000 ft</span></div>\n<div><span><b>Speed:</b></span> <span>490 kt</span></div>\n<div><span><b>Heading:</b></span> <span>208&deg;</span></div>\n</div>"},"icon-heading":208,"icon":"http://maps.google.com/mapfiles/kml/shapes/airports.png","timestamp":"2026-05-18T09:09:52+00:00"}},{"type":"Feature","geometry":{"type":"Point","coordinates":[-0.928737,44.24556,10668]},"properties":{"name":"2026-05-18 09:10:23 UTC","description":{"@type":"html","value":"<div><div><span><b>Altitude:</b></span> <span>35,000 ft</span></div>\n<div><span><b>Speed:</b></span> <span>490 kt</span></div>\n<div><span><b>Heading:</b></span> <span>208&deg;</span></div>\n</div>"},"icon-heading":208,"icon":"http://maps.google.com/mapfiles/kml/shapes/airports.png","timestamp":"2026-05-18T09:10:23+00:00"}},{"type":"Feature","geometry":{"type":"Point","coordinates":[-0.976606,44.182308,10668]},"properties":{"name":"2026-05-18 09:10:55 UTC","description":{"@type":"html","value":"<div><div><span><b>Altitude:</b></span> <span>35,000 ft</span></div>\n<div><span><b>Speed:</b></span> <span>490 kt</span></div>\n<div><span><b>Heading:</b></span> <span>208&deg;</span></div>\n</div>"},"icon-heading":208,"icon":"http://maps.google.com/mapfiles/kml/shapes/airports.png","timestamp":"2026-05-18T09:10:55+00:00"}},{"type":"Feature","geometry":{"type":"Point","coordinates":[-1.025433,44.117661,10668]},"properties":{"name":"2026-05-18 09:11:27 UTC","description":{"@type":"html","value":"<div><div><span><b>Altitude:</b></span> <span>35,000 ft</span></div>\n<div><span><b>Speed:</b></span> <span>490 kt</span></div>\n<div><span><b>Heading:</b></span> <span>208&deg;</span></div>\n</div>"},"icon-heading":208,"icon":"http://maps.google.com/mapfiles/kml/shapes/airports.png","timestamp":"2026-05-18T09:11:27+00:00"}},{"type":"Feature","geometry":{"type":"Point","coordinates":[-1.073848,44.053501,10668]},"properties":{"name":"2026-05-18 09:12:00 UTC","description":{"@type":"html","value":"<div><div><span><b>Altitude:</b></span> <span>35,000 ft</span></div>\n<div><span><b>Speed:</b></span> <span>491 kt</span></div>\n<div><span><b>Heading:</b></span> <span>208&deg;</span></div>\n</div>"},"icon-heading":208,"icon":"http://maps.google.com/mapfiles/kml/shapes/airports.png","timestamp":"2026-05-18T09:12:00+00:00"}},{"type":"Feature","geometry":{"type":"Point","coordinates":[-1.121372,43.990128,10668]},"properties":{"name":"2026-05-18 09:12:32 UTC","description":{"@type":"html","value":"<div><div><span><b>Altitude:</b></span> <span>35,000 ft</span></div>\n<div><span><b>Speed:</b></span> <span>490 kt</span></div>\n<div><span><b>Heading:</b></span> <span>208&deg;</span></div>\n</div>"},"icon-heading":208,"icon":"http://maps.google.com/mapfiles/kml/shapes/airports.png","timestamp":"2026-05-18T09:12:32+00:00"}},{"type":"Feature","geometry":{"type":"Point","coordinates":[-1.168474,43.927341,10660.38]},"properties":{"name":"2026-05-18 09:13:03 UTC","description":{"@type":"html","value":"<div><div><span><b>Altitude:</b></span> <span>34,975 ft</span></div>\n<div><span><b>Speed:</b></span> <span>490 kt</span></div>\n<div><span><b>Heading:</b></span> <span>208&deg;</span></div>\n</div>"},"icon-heading":208,"icon":"http://maps.google.com/mapfiles/kml/shapes/airports.png","timestamp":"2026-05-18T09:13:03+00:00"}},{"type":"Feature","geometry":{"type":"Point","coordinates":[-1.215363,43.864452,10660.38]},"properties":{"name":"2026-05-18 09:13:35 UTC","description":{"@type":"html","value":"<div><div><span><b>Altitude:</b></span> <span>34,975 ft</span></div>\n<div><span><b>Speed:</b></span> <span>490 kt</span></div>\n<div><span><b>Heading:</b></span> <span>208&deg;</span></div>\n</div>"},"icon-heading":208,"icon":"http://maps.google.com/mapfiles/kml/shapes/airports.png","timestamp":"2026-05-18T09:13:35+00:00"}},{"type":"Feature","geometry":{"type":"Point","coordinates":[-1.262981,43.800476,10668]},"properties":{"name":"2026-05-18 09:14:06 UTC","description":{"@type":"html","value":"<div><div><span><b>Altitude:</b></span> <span>35,000 ft</span></div>\n<div><span><b>Speed:</b></span> <span>492 kt</span></div>\n<div><span><b>Heading:</b></span> <span>208&deg;</span></div>\n</div>"},"icon-heading":208,"icon":"http://maps.google.com/mapfiles/kml/shapes/airports.png","timestamp":"2026-05-18T09:14:06+00:00"}},{"type":"Feature","geometry":{"type":"Point","coordinates":[-1.310316,43.736805,10668]},"properties":{"name":"2026-05-18 09:14:38 UTC","description":{"@type":"html","value":"<div><div><span><b>Altitude:</b></span> <span>35,000 ft</span></div>\n<div><span><b>Speed:</b></span> <span>493 kt</span></div>\n<div><span><b>Heading:</b></span> <span>208&deg;</span></div>\n</div>"},"icon-heading":208,"icon":"http://maps.google.com/mapfiles/kml/shapes/airports.png","timestamp":"2026-05-18T09:14:38+00:00"}},{"type":"Feature","geometry":{"type":"Point","coordinates":[-1.357067,43.673859,10668]},"properties":{"name":"2026-05-18 09:15:10 UTC","description":{"@type":"html","value":"<div><div><span><b>Altitude:</b></span> <span>35,000 ft</span></div>\n<div><span><b>Speed:</b></span> <span>493 kt</span></div>\n<div><span><b>Heading:</b></span> <span>208&deg;</span></div>\n</div>"},"icon-heading":208,"icon":"http://maps.google.com/mapfiles/kml/shapes/airports.png","timestamp":"2026-05-18T09:15:10+00:00"}},{"type":"Feature","geometry":{"type":"Point","coordinates":[-1.403567,43.611099,10675.62]},"properties":{"name":"2026-05-18 09:15:41 UTC","description":{"@type":"html","value":"<div><div><span><b>Altitude:</b></span> <span>35,025 ft</span></div>\n<div><span><b>Speed:</b></span> <span>492 kt</span></div>\n<div><span><b>Heading:</b></span> <span>208&deg;</span></div>\n</div>"},"icon-heading":208,"icon":"http://maps.google.com/mapfiles/kml/shapes/airports.png","timestamp":"2026-05-18T09:15:41+00:00"}},{"type":"Feature","geometry":{"type":"Point","coordinates":[-1.452223,43.548222,10668]},"properties":{"name":"2026-05-18 09:16:13 UTC","description":{"@type":"html","value":"<div><div><span><b>Altitude:</b></span> <span>35,000 ft</span></div>\n<div><span><b>Speed:</b></span> <span>488 kt</span></div>\n<div><span><b>Heading:</b></span> <span>212&deg;</span></div>\n</div>"},"icon-heading":212,"icon":"http://maps.google.com/mapfiles/kml/shapes/airports.png","timestamp":"2026-05-18T09:16:13+00:00"}},{"type":"Feature","geometry":{"type":"Point","coordinates":[-1.511131,43.49057,10668]},"properties":{"name":"2026-05-18 09:16:45 UTC","description":{"@type":"html","value":"<div><div><span><b>Altitude:</b></span> <span>35,000 ft</span></div>\n<div><span><b>Speed:</b></span> <span>480 kt</span></div>\n<div><span><b>Heading:</b></span> <span>220&deg;</span></div>\n</div>"},"icon-heading":220,"icon":"http://maps.google.com/mapfiles/kml/shapes/airports.png","timestamp":"2026-05-18T09:16:45+00:00"}},{"type":"Feature","geometry":{"type":"Point","coordinates":[-1.57673,43.441406,10675.62]},"properties":{"name":"2026-05-18 09:17:16 UTC","description":{"@type":"html","value":"<div><div><span><b>Altitude:</b></span> <span>35,025 ft</span></div>\n<div><span><b>Speed:</b></span> <span>472 kt</span></div>\n<div><span><b>Heading:</b></span> <span>227&deg;</span></div>\n</div>"},"icon-heading":227,"icon":"http://maps.google.com/mapfiles/kml/shapes/airports.png","timestamp":"2026-05-18T09:17:16+00:00"}},{"type":"Feature","geometry":{"type":"Point","coordinates":[-1.649192,43.399582,10668]},"properties":{"name":"2026-05-18 09:17:47 UTC","description":{"@type":"html","value":"<div><div><span><b>Altitude:</b></span> <span>35,000 ft</span></div>\n<div><span><b>Speed:</b></span> <span>463 kt</span></div>\n<div><span><b>Heading:</b></span> <span>235&deg;</span></div>\n</div>"},"icon-heading":235,"icon":"http://maps.google.com/mapfiles/kml/shapes/airports.png","timestamp":"2026-05-18T09:17:47+00:00"}},{"type":"Feature","geometry":{"type":"Point","coordinates":[-1.724534,43.362808,10675.62]},"properties":{"name":"2026-05-18 09:18:18 UTC","description":{"@type":"html","value":"<div><div><span><b>Altitude:</b></span> <span>35,025 ft</span></div>\n<div><span><b>Speed:</b></span> <span>461 kt</span></div>\n<div><span><b>Heading:</b></span> <span>236&deg;</span></div>\n</div>"},"icon-heading":236,"icon":"http://maps.google.com/mapfiles/kml/shapes/airports.png","timestamp":"2026-05-18T09:18:18+00:00"}},{"type":"Feature","geometry":{"type":"Point","coordinates":[-1.801104,43.325283,10668]},"properties":{"name":"2026-05-18 09:18:50 UTC","description":{"@type":"html","value":"<div><div><span><b>Altitude:</b></span> <span>35,000 ft</span></div>\n<div><span><b>Speed:</b></span> <span>460 kt</span></div>\n<div><span><b>Heading:</b></span> <span>236&deg;</span></div>\n</div>"},"icon-heading":236,"icon":"http://maps.google.com/mapfiles/kml/shapes/airports.png","timestamp":"2026-05-18T09:18:50+00:00"}},{"type":"Feature","geometry":{"type":"Point","coordinates":[-1.874702,43.286545,10668]},"properties":{"name":"2026-05-18 09:19:21 UTC","description":{"@type":"html","value":"<div><div><span><b>Altitude:</b></span> <span>35,000 ft</span></div>\n<div><span><b>Speed:</b></span> <span>463 kt</span></div>\n<div><span><b>Heading:</b></span> <span>232&deg;</span></div>\n</div>"},"icon-heading":232,"icon":"http://maps.google.com/mapfiles/kml/shapes/airports.png","timestamp":"2026-05-18T09:19:21+00:00"}},{"type":"Feature","geometry":{"type":"Point","coordinates":[-1.948896,43.245632,10660.38]},"properties":{"name":"2026-05-18 09:19:53 UTC","description":{"@type":"html","value":"<div><div><span><b>Altitude:</b></span> <span>34,975 ft</span></div>\n<div><span><b>Speed:</b></span> <span>464 kt</span></div>\n<div><span><b>Heading:</b></span> <span>232&deg;</span></div>\n</div>"},"icon-heading":232,"icon":"http://maps.google.com/mapfiles/kml/shapes/airports.png","timestamp":"2026-05-18T09:19:53+00:00"}},{"type":"Feature","geometry":{"type":"Point","coordinates":[-2.02091,43.205887,10660.38]},"properties":{"name":"2026-05-18 09:20:24 UTC","description":{"@type":"html","value":"<div><div><span><b>Altitude:</b></span> <span>34,975 ft</span></div>\n<div><span><b>Speed:</b></span> <span>464 kt</span></div>\n<div><span><b>Heading:</b></span> <span>232&deg;</span></div>\n</div>"},"icon-heading":232,"icon":"http://maps.google.com/mapfiles/kml/shapes/airports.png","timestamp":"2026-05-18T09:20:24+00:00"}},{"type":"Feature","geometry":{"type":"Point","coordinates":[-2.095578,43.164459,10660.38]},"properties":{"name":"2026-05-18 09:20:56 UTC","description":{"@type":"html","value":"<div><div><span><b>Altitude:</b></span> <span>34,975 ft</span></div>\n<div><span><b>Speed:</b></span> <span>464 kt</span></div>\n<div><span><b>Heading:</b></span> <span>232&deg;</span></div>\n</div>"},"icon-heading":232,"icon":"http://maps.google.com/mapfiles/kml/shapes/airports.png","timestamp":"2026-05-18T09:20:56+00:00"}},{"type":"Feature","geometry":{"type":"Point","coordinates":[-2.170822,43.122757,10660.38]},"properties":{"name":"2026-05-18 09:21:28 UTC","description":{"@type":"html","value":"<div><div><span><b>Altitude:</b></span> <span>34,975 ft</span></div>\n<div><span><b>Speed:</b></span> <span>464 kt</span></div>\n<div><span><b>Heading:</b></span> <span>232&deg;</span></div>\n</div>"},"icon-heading":232,"icon":"http://maps.google.com/mapfiles/kml/shapes/airports.png","timestamp":"2026-05-18T09:21:28+00:00"}},{"type":"Feature","geometry":{"type":"Point","coordinates":[-2.24268,43.082703,10668]},"properties":{"name":"2026-05-18 09:21:59 UTC","description":{"@type":"html","value":"<div><div><span><b>Altitude:</b></span> <span>35,000 ft</span></div>\n<div><span><b>Speed:</b></span> <span>465 kt</span></div>\n<div><span><b>Heading:</b></span> <span>232&deg;</span></div>\n</div>"},"icon-heading":232,"icon":"http://maps.google.com/mapfiles/kml/shapes/airports.png","timestamp":"2026-05-18T09:21:59+00:00"}},{"type":"Feature","geometry":{"type":"Point","coordinates":[-2.317396,43.040943,10668]},"properties":{"name":"2026-05-18 09:22:30 UTC","description":{"@type":"html","value":"<div><div><span><b>Altitude:</b></span> <span>35,000 ft</span></div>\n<div><span><b>Speed:</b></span> <span>466 kt</span></div>\n<div><span><b>Heading:</b></span> <span>232&deg;</span></div>\n</div>"},"icon-heading":232,"icon":"http://maps.google.com/mapfiles/kml/shapes/airports.png","timestamp":"2026-05-18T09:22:30+00:00"}},{"type":"Feature","geometry":{"type":"Point","coordinates":[-2.390676,42.999939,10668]},"properties":{"name":"2026-05-18 09:23:02 UTC","description":{"@type":"html","value":"<div><div><span><b>Altitude:</b></span> <span>35,000 ft</span></div>\n<div><span><b>Speed:</b></span> <span>465 kt</span></div>\n<div><span><b>Heading:</b></span> <span>232&deg;</span></div>\n</div>"},"icon-heading":232,"icon":"http://maps.google.com/mapfiles/kml/shapes/airports.png","timestamp":"2026-05-18T09:23:02+00:00"}},{"type":"Feature","geometry":{"type":"Point","coordinates":[-2.464514,42.958466,10675.62]},"properties":{"name":"2026-05-18 09:23:33 UTC","description":{"@type":"html","value":"<div><div><span><b>Altitude:</b></span> <span>35,025 ft</span></div>\n<div><span><b>Speed:</b></span> <span>465 kt</span></div>\n<div><span><b>Heading:</b></span> <span>232&deg;</span></div>\n</div>"},"icon-heading":232,"icon":"http://maps.google.com/mapfiles/kml/shapes/airports.png","timestamp":"2026-05-18T09:23:33+00:00"}},{"type":"Feature","geometry":{"type":"Point","coordinates":[-2.539247,42.916489,10675.62]},"properties":{"name":"2026-05-18 09:24:05 UTC","description":{"@type":"html","value":"<div><div><span><b>Altitude:</b></span> <span>35,025 ft</span></div>\n<div><span><b>Speed:</b></span> <span>465 kt</span></div>\n<div><span><b>Heading:</b></span> <span>232&deg;</span></div>\n</div>"},"icon-heading":232,"icon":"http://maps.google.com/mapfiles/kml/shapes/airports.png","timestamp":"2026-05-18T09:24:05+00:00"}},{"type":"Feature","geometry":{"type":"Point","coordinates":[-2.612766,42.875015,10668]},"properties":{"name":"2026-05-18 09:24:37 UTC","description":{"@type":"html","value":"<div><div><span><b>Altitude:</b></span> <span>35,000 ft</span></div>\n<div><span><b>Speed:</b></span> <span>466 kt</span></div>\n<div><span><b>Heading:</b></span> <span>232&deg;</span></div>\n</div>"},"icon-heading":232,"icon":"http://maps.google.com/mapfiles/kml/shapes/airports.png","timestamp":"2026-05-18T09:24:37+00:00"}},{"type":"Feature","geometry":{"type":"Point","coordinates":[-2.685111,42.834156,10668]},"properties":{"name":"2026-05-18 09:25:09 UTC","description":{"@type":"html","value":"<div><div><span><b>Altitude:</b></span> <span>35,000 ft</span></div>\n<div><span><b>Speed:</b></span> <span>468 kt</span></div>\n<div><span><b>Heading:</b></span> <span>232&deg;</span></div>\n</div>"},"icon-heading":232,"icon":"http://maps.google.com/mapfiles/kml/shapes/airports.png","timestamp":"2026-05-18T09:25:09+00:00"}},{"type":"Feature","geometry":{"type":"Point","coordinates":[-2.760762,42.791283,10668]},"properties":{"name":"2026-05-18 09:25:41 UTC","description":{"@type":"html","value":"<div><div><span><b>Altitude:</b></span> <span>35,000 ft</span></div>\n<div><span><b>Speed:</b></span> <span>468 kt</span></div>\n<div><span><b>Heading:</b></span> <span>232&deg;</span></div>\n</div>"},"icon-heading":232,"icon":"http://maps.google.com/mapfiles/kml/shapes/airports.png","timestamp":"2026-05-18T09:25:41+00:00"}},{"type":"Feature","geometry":{"type":"Point","coordinates":[-2.833349,42.750046,10668]},"properties":{"name":"2026-05-18 09:26:12 UTC","description":{"@type":"html","value":"<div><div><span><b>Altitude:</b></span> <span>35,000 ft</span></div>\n<div><span><b>Speed:</b></span> <span>468 kt</span></div>\n<div><span><b>Heading:</b></span> <span>232&deg;</span></div>\n</div>"},"icon-heading":232,"icon":"http://maps.google.com/mapfiles/kml/shapes/airports.png","timestamp":"2026-05-18T09:26:12+00:00"}},{"type":"Feature","geometry":{"type":"Point","coordinates":[-2.907928,42.707859,10668]},"properties":{"name":"2026-05-18 09:26:44 UTC","description":{"@type":"html","value":"<div><div><span><b>Altitude:</b></span> <span>35,000 ft</span></div>\n<div><span><b>Speed:</b></span> <span>467 kt</span></div>\n<div><span><b>Heading:</b></span> <span>232&deg;</span></div>\n</div>"},"icon-heading":232,"icon":"http://maps.google.com/mapfiles/kml/shapes/airports.png","timestamp":"2026-05-18T09:26:44+00:00"}},{"type":"Feature","geometry":{"type":"Point","coordinates":[-2.985035,42.665222,10675.62]},"properties":{"name":"2026-05-18 09:27:17 UTC","description":{"@type":"html","value":"<div><div><span><b>Altitude:</b></span> <span>35,025 ft</span></div>\n<div><span><b>Speed:</b></span> <span>467 kt</span></div>\n<div><span><b>Heading:</b></span> <span>233&deg;</span></div>\n</div>"},"icon-heading":233,"icon":"http://maps.google.com/mapfiles/kml/shapes/airports.png","timestamp":"2026-05-18T09:27:17+00:00"}},{"type":"Feature","geometry":{"type":"Point","coordinates":[-3.058862,42.624161,10675.62]},"properties":{"name":"2026-05-18 09:27:48 UTC","description":{"@type":"html","value":"<div><div><span><b>Altitude:</b></span> <span>35,025 ft</span></div>\n<div><span><b>Speed:</b></span> <span>468 kt</span></div>\n<div><span><b>Heading:</b></span> <span>233&deg;</span></div>\n</div>"},"icon-heading":233,"icon":"http://maps.google.com/mapfiles/kml/shapes/airports.png","timestamp":"2026-05-18T09:27:48+00:00"}},{"type":"Feature","geometry":{"type":"Point","coordinates":[-3.133351,42.582504,10675.62]},"properties":{"name":"2026-05-18 09:28:20 UTC","description":{"@type":"html","value":"<div><div><span><b>Altitude:</b></span> <span>35,025 ft</span></div>\n<div><span><b>Speed:</b></span> <span>466 kt</span></div>\n<div><span><b>Heading:</b></span> <span>232&deg;</span></div>\n</div>"},"icon-heading":232,"icon":"http://maps.google.com/mapfiles/kml/shapes/airports.png","timestamp":"2026-05-18T09:28:20+00:00"}},{"type":"Feature","geometry":{"type":"Point","coordinates":[-3.206283,42.541763,10675.62]},"properties":{"name":"2026-05-18 09:28:52 UTC","description":{"@type":"html","value":"<div><div><span><b>Altitude:</b></span> <span>35,025 ft</span></div>\n<div><span><b>Speed:</b></span> <span>464 kt</span></div>\n<div><span><b>Heading:</b></span> <span>232&deg;</span></div>\n</div>"},"icon-heading":232,"icon":"http://maps.google.com/mapfiles/kml/shapes/airports.png","timestamp":"2026-05-18T09:28:52+00:00"}},{"type":"Feature","geometry":{"type":"Point","coordinates":[-3.280605,42.499969,10668]},"properties":{"name":"2026-05-18 09:29:24 UTC","description":{"@type":"html","value":"<div><div><span><b>Altitude:</b></span> <span>35,000 ft</span></div>\n<div><span><b>Speed:</b></span> <span>463 kt</span></div>\n<div><span><b>Heading:</b></span> <span>232&deg;</span></div>\n</div>"},"icon-heading":232,"icon":"http://maps.google.com/mapfiles/kml/shapes/airports.png","timestamp":"2026-05-18T09:29:24+00:00"}},{"type":"Feature","geometry":{"type":"Point","coordinates":[-3.352746,42.45932,10668]},"properties":{"name":"2026-05-18 09:29:56 UTC","description":{"@type":"html","value":"<div><div><span><b>Altitude:</b></span> <span>35,000 ft</span></div>\n<div><span><b>Speed:</b></span> <span>462 kt</span></div>\n<div><span><b>Heading:</b></span> <span>232&deg;</span></div>\n</div>"},"icon-heading":232,"icon":"http://maps.google.com/mapfiles/kml/shapes/airports.png","timestamp":"2026-05-18T09:29:56+00:00"}},{"type":"Feature","geometry":{"type":"Point","coordinates":[-3.425612,42.418213,10660.38]},"properties":{"name":"2026-05-18 09:30:27 UTC","description":{"@type":"html","value":"<div><div><span><b>Altitude:</b></span> <span>34,975 ft</span></div>\n<div><span><b>Speed:</b></span> <span>461 kt</span></div>\n<div><span><b>Heading:</b></span> <span>232&deg;</span></div>\n</div>"},"icon-heading":232,"icon":"http://maps.google.com/mapfiles/kml/shapes/airports.png","timestamp":"2026-05-18T09:30:27+00:00"}},{"type":"Feature","geometry":{"type":"Point","coordinates":[-3.497357,42.377571,10660.38]},"properties":{"name":"2026-05-18 09:30:59 UTC","description":{"@type":"html","value":"<div><div><span><b>Altitude:</b></span> <span>34,975 ft</span></div>\n<div><span><b>Speed:</b></span> <span>460 kt</span></div>\n<div><span><b>Heading:</b></span> <span>232&deg;</span></div>\n</div>"},"icon-heading":232,"icon":"http://maps.google.com/mapfiles/kml/shapes/airports.png","timestamp":"2026-05-18T09:30:59+00:00"}},{"type":"Feature","geometry":{"type":"Point","coordinates":[-3.569854,42.336514,10652.76]},"properties":{"name":"2026-05-18 09:31:30 UTC","description":{"@type":"html","value":"<div><div><span><b>Altitude:</b></span> <span>34,950 ft</span></div>\n<div><span><b>Speed:</b></span> <span>461 kt</span></div>\n<div><span><b>Heading:</b></span> <span>232&deg;</span></div>\n</div>"},"icon-heading":232,"icon":"http://maps.google.com/mapfiles/kml/shapes/airports.png","timestamp":"2026-05-18T09:31:30+00:00"}},{"type":"Feature","geometry":{"type":"Point","coordinates":[-3.641593,42.295715,10660.38]},"properties":{"name":"2026-05-18 09:32:02 UTC","description":{"@type":"html","value":"<div><div><span><b>Altitude:</b></span> <span>34,975 ft</span></div>\n<div><span><b>Speed:</b></span> <span>462 kt</span></div>\n<div><span><b>Heading:</b></span> <span>232&deg;</span></div>\n</div>"},"icon-heading":232,"icon":"http://maps.google.com/mapfiles/kml/shapes/airports.png","timestamp":"2026-05-18T09:32:02+00:00"}},{"type":"Feature","geometry":{"type":"Point","coordinates":[-3.716313,42.253143,10668]},"properties":{"name":"2026-05-18 09:32:34 UTC","description":{"@type":"html","value":"<div><div><span><b>Altitude:</b></span> <span>35,000 ft</span></div>\n<div><span><b>Speed:</b></span> <span>462 kt</span></div>\n<div><span><b>Heading:</b></span> <span>232&deg;</span></div>\n</div>"},"icon-heading":232,"icon":"http://maps.google.com/mapfiles/kml/shapes/airports.png","timestamp":"2026-05-18T09:32:34+00:00"}},{"type":"Feature","geometry":{"type":"Point","coordinates":[-3.787984,42.212219,10675.62]},"properties":{"name":"2026-05-18 09:33:06 UTC","description":{"@type":"html","value":"<div><div><span><b>Altitude:</b></span> <span>35,025 ft</span></div>\n<div><span><b>Speed:</b></span> <span>462 kt</span></div>\n<div><span><b>Heading:</b></span> <span>232&deg;</span></div>\n</div>"},"icon-heading":232,"icon":"http://maps.google.com/mapfiles/kml/shapes/airports.png","timestamp":"2026-05-18T09:33:06+00:00"}},{"type":"Feature","geometry":{"type":"Point","coordinates":[-3.860928,42.170414,10675.62]},"properties":{"name":"2026-05-18 09:33:38 UTC","description":{"@type":"html","value":"<div><div><span><b>Altitude:</b></span> <span>35,025 ft</span></div>\n<div><span><b>Speed:</b></span> <span>462 kt</span></div>\n<div><span><b>Heading:</b></span> <span>232&deg;</span></div>\n</div>"},"icon-heading":232,"icon":"http://maps.google.com/mapfiles/kml/shapes/airports.png","timestamp":"2026-05-18T09:33:38+00:00"}},{"type":"Feature","geometry":{"type":"Point","coordinates":[-3.931982,42.129639,10675.62]},"properties":{"name":"2026-05-18 09:34:09 UTC","description":{"@type":"html","value":"<div><div><span><b>Altitude:</b></span> <span>35,025 ft</span></div>\n<div><span><b>Speed:</b></span> <span>462 kt</span></div>\n<div><span><b>Heading:</b></span> <span>232&deg;</span></div>\n</div>"},"icon-heading":232,"icon":"http://maps.google.com/mapfiles/kml/shapes/airports.png","timestamp":"2026-05-18T09:34:09+00:00"}},{"type":"Feature","geometry":{"type":"Point","coordinates":[-4.00209,42.089275,10675.62]},"properties":{"name":"2026-05-18 09:34:40 UTC","description":{"@type":"html","value":"<div><div><span><b>Altitude:</b></span> <span>35,025 ft</span></div>\n<div><span><b>Speed:</b></span> <span>461 kt</span></div>\n<div><span><b>Heading:</b></span> <span>232&deg;</span></div>\n</div>"},"icon-heading":232,"icon":"http://maps.google.com/mapfiles/kml/shapes/airports.png","timestamp":"2026-05-18T09:34:40+00:00"}},{"type":"Feature","geometry":{"type":"Point","coordinates":[-4.074367,42.048111,10675.62]},"properties":{"name":"2026-05-18 09:35:12 UTC","description":{"@type":"html","value":"<div><div><span><b>Altitude:</b></span> <span>35,025 ft</span></div>\n<div><span><b>Speed:</b></span> <span>459 kt</span></div>\n<div><span><b>Heading:</b></span> <span>234&deg;</span></div>\n</div>"},"icon-heading":234,"icon":"http://maps.google.com/mapfiles/kml/shapes/airports.png","timestamp":"2026-05-18T09:35:12+00:00"}},{"type":"Feature","geometry":{"type":"Point","coordinates":[-4.150405,42.012604,10668]},"properties":{"name":"2026-05-18 09:35:44 UTC","description":{"@type":"html","value":"<div><div><span><b>Altitude:</b></span> <span>35,000 ft</span></div>\n<div><span><b>Speed:</b></span> <span>453 kt</span></div>\n<div><span><b>Heading:</b></span> <span>240&deg;</span></div>\n</div>"},"icon-heading":240,"icon":"http://maps.google.com/mapfiles/kml/shapes/airports.png","timestamp":"2026-05-18T09:35:44+00:00"}},{"type":"Feature","geometry":{"type":"Point","coordinates":[-4.229736,41.982147,10668]},"properties":{"name":"2026-05-18 09:36:16 UTC","description":{"@type":"html","value":"<div><div><span><b>Altitude:</b></span> <span>35,000 ft</span></div>\n<div><span><b>Speed:</b></span> <span>448 kt</span></div>\n<div><span><b>Heading:</b></span> <span>242&deg;</span></div>\n</div>"},"icon-heading":242,"icon":"http://maps.google.com/mapfiles/kml/shapes/airports.png","timestamp":"2026-05-18T09:36:16+00:00"}},{"type":"Feature","geometry":{"type":"Point","coordinates":[-4.307982,41.952133,10668]},"properties":{"name":"2026-05-18 09:36:48 UTC","description":{"@type":"html","value":"<div><div><span><b>Altitude:</b></span> <span>35,000 ft</span></div>\n<div><span><b>Speed:</b></span> <span>447 kt</span></div>\n<div><span><b>Heading:</b></span> <span>242&deg;</span></div>\n</div>"},"icon-heading":242,"icon":"http://maps.google.com/mapfiles/kml/shapes/airports.png","timestamp":"2026-05-18T09:36:48+00:00"}},{"type":"Feature","geometry":{"type":"Point","coordinates":[-4.387041,41.92186,10668]},"properties":{"name":"2026-05-18 09:37:19 UTC","description":{"@type":"html","value":"<div><div><span><b>Altitude:</b></span> <span>35,000 ft</span></div>\n<div><span><b>Speed:</b></span> <span>446 kt</span></div>\n<div><span><b>Heading:</b></span> <span>242&deg;</span></div>\n</div>"},"icon-heading":242,"icon":"http://maps.google.com/mapfiles/kml/shapes/airports.png","timestamp":"2026-05-18T09:37:19+00:00"}},{"type":"Feature","geometry":{"type":"Point","coordinates":[-4.46588,41.891647,10668]},"properties":{"name":"2026-05-18 09:37:52 UTC","description":{"@type":"html","value":"<div><div><span><b>Altitude:</b></span> <span>35,000 ft</span></div>\n<div><span><b>Speed:</b></span> <span>445 kt</span></div>\n<div><span><b>Heading:</b></span> <span>242&deg;</span></div>\n</div>"},"icon-heading":242,"icon":"http://maps.google.com/mapfiles/kml/shapes/airports.png","timestamp":"2026-05-18T09:37:52+00:00"}},{"type":"Feature","geometry":{"type":"Point","coordinates":[-4.543294,41.861961,10660.38]},"properties":{"name":"2026-05-18 09:38:23 UTC","description":{"@type":"html","value":"<div><div><span><b>Altitude:</b></span> <span>34,975 ft</span></div>\n<div><span><b>Speed:</b></span> <span>446 kt</span></div>\n<div><span><b>Heading:</b></span> <span>242&deg;</span></div>\n</div>"},"icon-heading":242,"icon":"http://maps.google.com/mapfiles/kml/shapes/airports.png","timestamp":"2026-05-18T09:38:23+00:00"}},{"type":"Feature","geometry":{"type":"Point","coordinates":[-4.621624,41.831818,10660.38]},"properties":{"name":"2026-05-18 09:38:55 UTC","description":{"@type":"html","value":"<div><div><span><b>Altitude:</b></span> <span>34,975 ft</span></div>\n<div><span><b>Speed:</b></span> <span>445 kt</span></div>\n<div><span><b>Heading:</b></span> <span>242&deg;</span></div>\n</div>"},"icon-heading":242,"icon":"http://maps.google.com/mapfiles/kml/shapes/airports.png","timestamp":"2026-05-18T09:38:55+00:00"}},{"type":"Feature","geometry":{"type":"Point","coordinates":[-4.701462,41.80101,10652.76]},"properties":{"name":"2026-05-18 09:39:28 UTC","description":{"@type":"html","value":"<div><div><span><b>Altitude:</b></span> <span>34,950 ft</span></div>\n<div><span><b>Speed:</b></span> <span>446 kt</span></div>\n<div><span><b>Heading:</b></span> <span>242&deg;</span></div>\n</div>"},"icon-heading":242,"icon":"http://maps.google.com/mapfiles/kml/shapes/airports.png","timestamp":"2026-05-18T09:39:28+00:00"}},{"type":"Feature","geometry":{"type":"Point","coordinates":[-4.779947,41.770626,10660.38]},"properties":{"name":"2026-05-18 09:40:00 UTC","description":{"@type":"html","value":"<div><div><span><b>Altitude:</b></span> <span>34,975 ft</span></div>\n<div><span><b>Speed:</b></span> <span>447 kt</span></div>\n<div><span><b>Heading:</b></span> <span>242&deg;</span></div>\n</div>"},"icon-heading":242,"icon":"http://maps.google.com/mapfiles/kml/shapes/airports.png","timestamp":"2026-05-18T09:40:00+00:00"}},{"type":"Feature","geometry":{"type":"Point","coordinates":[-4.85832,41.740273,10668]},"properties":{"name":"2026-05-18 09:40:31 UTC","description":{"@type":"html","value":"<div><div><span><b>Altitude:</b></span> <span>35,000 ft</span></div>\n<div><span><b>Speed:</b></span> <span>448 kt</span></div>\n<div><span><b>Heading:</b></span> <span>242&deg;</span></div>\n</div>"},"icon-heading":242,"icon":"http://maps.google.com/mapfiles/kml/shapes/airports.png","timestamp":"2026-05-18T09:40:31+00:00"}},{"type":"Feature","geometry":{"type":"Point","coordinates":[-4.937269,41.709454,10668]},"properties":{"name":"2026-05-18 09:41:04 UTC","description":{"@type":"html","value":"<div><div><span><b>Altitude:</b></span> <span>35,000 ft</span></div>\n<div><span><b>Speed:</b></span> <span>449 kt</span></div>\n<div><span><b>Heading:</b></span> <span>242&deg;</span></div>\n</div>"},"icon-heading":242,"icon":"http://maps.google.com/mapfiles/kml/shapes/airports.png","timestamp":"2026-05-18T09:41:04+00:00"}},{"type":"Feature","geometry":{"type":"Point","coordinates":[-5.014429,41.679291,10675.62]},"properties":{"name":"2026-05-18 09:41:35 UTC","description":{"@type":"html","value":"<div><div><span><b>Altitude:</b></span> <span>35,025 ft</span></div>\n<div><span><b>Speed:</b></span> <span>450 kt</span></div>\n<div><span><b>Heading:</b></span> <span>242&deg;</span></div>\n</div>"},"icon-heading":242,"icon":"http://maps.google.com/mapfiles/kml/shapes/airports.png","timestamp":"2026-05-18T09:41:35+00:00"}},{"type":"Feature","geometry":{"type":"Point","coordinates":[-5.092163,41.648937,10675.62]},"properties":{"name":"2026-05-18 09:42:07 UTC","description":{"@type":"html","value":"<div><div><span><b>Altitude:</b></span> <span>35,025 ft</span></div>\n<div><span><b>Speed:</b></span> <span>451 kt</span></div>\n<div><span><b>Heading:</b></span> <span>242&deg;</span></div>\n</div>"},"icon-heading":242,"icon":"http://maps.google.com/mapfiles/kml/shapes/airports.png","timestamp":"2026-05-18T09:42:07+00:00"}},{"type":"Feature","geometry":{"type":"Point","coordinates":[-5.170856,41.618073,10675.62]},"properties":{"name":"2026-05-18 09:42:38 UTC","description":{"@type":"html","value":"<div><div><span><b>Altitude:</b></span> <span>35,025 ft</span></div>\n<div><span><b>Speed:</b></span> <span>452 kt</span></div>\n<div><span><b>Heading:</b></span> <span>242&deg;</span></div>\n</div>"},"icon-heading":242,"icon":"http://maps.google.com/mapfiles/kml/shapes/airports.png","timestamp":"2026-05-18T09:42:38+00:00"}},{"type":"Feature","geometry":{"type":"Point","coordinates":[-5.246227,41.588467,10683.24]},"properties":{"name":"2026-05-18 09:43:09 UTC","description":{"@type":"html","value":"<div><div><span><b>Altitude:</b></span> <span>35,050 ft</span></div>\n<div><span><b>Speed:</b></span> <span>450 kt</span></div>\n<div><span><b>Heading:</b></span> <span>242&deg;</span></div>\n</div>"},"icon-heading":242,"icon":"http://maps.google.com/mapfiles/kml/shapes/airports.png","timestamp":"2026-05-18T09:43:09+00:00"}},{"type":"Feature","geometry":{"type":"Point","coordinates":[-5.325498,41.557251,10668]},"properties":{"name":"2026-05-18 09:43:41 UTC","description":{"@type":"html","value":"<div><div><span><b>Altitude:</b></span> <span>35,000 ft</span></div>\n<div><span><b>Speed:</b></span> <span>451 kt</span></div>\n<div><span><b>Heading:</b></span> <span>242&deg;</span></div>\n</div>"},"icon-heading":242,"icon":"http://maps.google.com/mapfiles/kml/shapes/airports.png","timestamp":"2026-05-18T09:43:41+00:00"}},{"type":"Feature","geometry":{"type":"Point","coordinates":[-5.40406,41.52618,10675.62]},"properties":{"name":"2026-05-18 09:44:13 UTC","description":{"@type":"html","value":"<div><div><span><b>Altitude:</b></span> <span>35,025 ft</span></div>\n<div><span><b>Speed:</b></span> <span>450 kt</span></div>\n<div><span><b>Heading:</b></span> <span>242&deg;</span></div>\n</div>"},"icon-heading":242,"icon":"http://maps.google.com/mapfiles/kml/shapes/airports.png","timestamp":"2026-05-18T09:44:13+00:00"}},{"type":"Feature","geometry":{"type":"Point","coordinates":[-5.481348,41.495594,10668]},"properties":{"name":"2026-05-18 09:44:45 UTC","description":{"@type":"html","value":"<div><div><span><b>Altitude:</b></span> <span>35,000 ft</span></div>\n<div><span><b>Speed:</b></span> <span>450 kt</span></div>\n<div><span><b>Heading:</b></span> <span>242&deg;</span></div>\n</div>"},"icon-heading":242,"icon":"http://maps.google.com/mapfiles/kml/shapes/airports.png","timestamp":"2026-05-18T09:44:45+00:00"}},{"type":"Feature","geometry":{"type":"Point","coordinates":[-5.560393,41.464096,10668]},"properties":{"name":"2026-05-18 09:45:17 UTC","description":{"@type":"html","value":"<div><div><span><b>Altitude:</b></span> <span>35,000 ft</span></div>\n<div><span><b>Speed:</b></span> <span>450 kt</span></div>\n<div><span><b>Heading:</b></span> <span>241&deg;</span></div>\n</div>"},"icon-heading":241,"icon":"http://maps.google.com/mapfiles/kml/shapes/airports.png","timestamp":"2026-05-18T09:45:17+00:00"}},{"type":"Feature","geometry":{"type":"Point","coordinates":[-5.638222,41.43298,10668]},"properties":{"name":"2026-05-18 09:45:49 UTC","description":{"@type":"html","value":"<div><div><span><b>Altitude:</b></span> <span>35,000 ft</span></div>\n<div><span><b>Speed:</b></span> <span>450 kt</span></div>\n<div><span><b>Heading:</b></span> <span>242&deg;</span></div>\n</div>"},"icon-heading":242,"icon":"http://maps.google.com/mapfiles/kml/shapes/airports.png","timestamp":"2026-05-18T09:45:49+00:00"}},{"type":"Feature","geometry":{"type":"Point","coordinates":[-5.717073,41.401611,10660.38]},"properties":{"name":"2026-05-18 09:46:21 UTC","description":{"@type":"html","value":"<div><div><span><b>Altitude:</b></span> <span>34,975 ft</span></div>\n<div><span><b>Speed:</b></span> <span>449 kt</span></div>\n<div><span><b>Heading:</b></span> <span>242&deg;</span></div>\n</div>"},"icon-heading":242,"icon":"http://maps.google.com/mapfiles/kml/shapes/airports.png","timestamp":"2026-05-18T09:46:21+00:00"}},{"type":"Feature","geometry":{"type":"Point","coordinates":[-5.793228,41.371067,10660.38]},"properties":{"name":"2026-05-18 09:46:53 UTC","description":{"@type":"html","value":"<div><div><span><b>Altitude:</b></span> <span>34,975 ft</span></div>\n<div><span><b>Speed:</b></span> <span>448 kt</span></div>\n<div><span><b>Heading:</b></span> <span>241&deg;</span></div>\n</div>"},"icon-heading":241,"icon":"http://maps.google.com/mapfiles/kml/shapes/airports.png","timestamp":"2026-05-18T09:46:53+00:00"}},{"type":"Feature","geometry":{"type":"Point","coordinates":[-5.869883,41.340157,10668]},"properties":{"name":"2026-05-18 09:47:24 UTC","description":{"@type":"html","value":"<div><div><span><b>Altitude:</b></span> <span>35,000 ft</span></div>\n<div><span><b>Speed:</b></span> <span>448 kt</span></div>\n<div><span><b>Heading:</b></span> <span>241&deg;</span></div>\n</div>"},"icon-heading":241,"icon":"http://maps.google.com/mapfiles/kml/shapes/airports.png","timestamp":"2026-05-18T09:47:24+00:00"}},{"type":"Feature","geometry":{"type":"Point","coordinates":[-5.947449,41.30896,10668]},"properties":{"name":"2026-05-18 09:47:56 UTC","description":{"@type":"html","value":"<div><div><span><b>Altitude:</b></span> <span>35,000 ft</span></div>\n<div><span><b>Speed:</b></span> <span>448 kt</span></div>\n<div><span><b>Heading:</b></span> <span>241&deg;</span></div>\n</div>"},"icon-heading":241,"icon":"http://maps.google.com/mapfiles/kml/shapes/airports.png","timestamp":"2026-05-18T09:47:56+00:00"}},{"type":"Feature","geometry":{"type":"Point","coordinates":[-6.024841,41.277832,10668]},"properties":{"name":"2026-05-18 09:48:28 UTC","description":{"@type":"html","value":"<div><div><span><b>Altitude:</b></span> <span>35,000 ft</span></div>\n<div><span><b>Speed:</b></span> <span>446 kt</span></div>\n<div><span><b>Heading:</b></span> <span>242&deg;</span></div>\n</div>"},"icon-heading":242,"icon":"http://maps.google.com/mapfiles/kml/shapes/airports.png","timestamp":"2026-05-18T09:48:28+00:00"}},{"type":"Feature","geometry":{"type":"Point","coordinates":[-6.102031,41.246586,10668]},"properties":{"name":"2026-05-18 09:49:00 UTC","description":{"@type":"html","value":"<div><div><span><b>Altitude:</b></span> <span>35,000 ft</span></div>\n<div><span><b>Speed:</b></span> <span>446 kt</span></div>\n<div><span><b>Heading:</b></span> <span>241&deg;</span></div>\n</div>"},"icon-heading":241,"icon":"http://maps.google.com/mapfiles/kml/shapes/airports.png","timestamp":"2026-05-18T09:49:00+00:00"}},{"type":"Feature","geometry":{"type":"Point","coordinates":[-6.178186,41.215584,10660.38]},"properties":{"name":"2026-05-18 09:49:32 UTC","description":{"@type":"html","value":"<div><div><span><b>Altitude:</b></span> <span>34,975 ft</span></div>\n<div><span><b>Speed:</b></span> <span>447 kt</span></div>\n<div><span><b>Heading:</b></span> <span>241&deg;</span></div>\n</div>"},"icon-heading":241,"icon":"http://maps.google.com/mapfiles/kml/shapes/airports.png","timestamp":"2026-05-18T09:49:32+00:00"}},{"type":"Feature","geometry":{"type":"Point","coordinates":[-6.250908,41.182251,10668]},"properties":{"name":"2026-05-18 09:50:03 UTC","description":{"@type":"html","value":"<div><div><span><b>Altitude:</b></span> <span>35,000 ft</span></div>\n<div><span><b>Speed:</b></span> <span>449 kt</span></div>\n<div><span><b>Heading:</b></span> <span>236&deg;</span></div>\n</div>"},"icon-heading":236,"icon":"http://maps.google.com/mapfiles/kml/shapes/airports.png","timestamp":"2026-05-18T09:50:03+00:00"}},{"type":"Feature","geometry":{"type":"Point","coordinates":[-6.325684,41.14595,10668]},"properties":{"name":"2026-05-18 09:50:35 UTC","description":{"@type":"html","value":"<div><div><span><b>Altitude:</b></span> <span>35,000 ft</span></div>\n<div><span><b>Speed:</b></span> <span>449 kt</span></div>\n<div><span><b>Heading:</b></span> <span>237&deg;</span></div>\n</div>"},"icon-heading":237,"icon":"http://maps.google.com/mapfiles/kml/shapes/airports.png","timestamp":"2026-05-18T09:50:35+00:00"}},{"type":"Feature","geometry":{"type":"Point","coordinates":[-6.399599,41.110001,10668]},"properties":{"name":"2026-05-18 09:51:07 UTC","description":{"@type":"html","value":"<div><div><span><b>Altitude:</b></span> <span>35,000 ft</span></div>\n<div><span><b>Speed:</b></span> <span>450 kt</span></div>\n<div><span><b>Heading:</b></span> <span>237&deg;</span></div>\n</div>"},"icon-heading":237,"icon":"http://maps.google.com/mapfiles/kml/shapes/airports.png","timestamp":"2026-05-18T09:51:07+00:00"}},{"type":"Feature","geometry":{"type":"Point","coordinates":[-6.471619,41.074905,10668]},"properties":{"name":"2026-05-18 09:51:38 UTC","description":{"@type":"html","value":"<div><div><span><b>Altitude:</b></span> <span>35,000 ft</span></div>\n<div><span><b>Speed:</b></span> <span>450 kt</span></div>\n<div><span><b>Heading:</b></span> <span>237&deg;</span></div>\n</div>"},"icon-heading":237,"icon":"http://maps.google.com/mapfiles/kml/shapes/airports.png","timestamp":"2026-05-18T09:51:38+00:00"}},{"type":"Feature","geometry":{"type":"Point","coordinates":[-6.545604,41.038639,10668]},"properties":{"name":"2026-05-18 09:52:10 UTC","description":{"@type":"html","value":"<div><div><span><b>Altitude:</b></span> <span>35,000 ft</span></div>\n<div><span><b>Speed:</b></span> <span>449 kt</span></div>\n<div><span><b>Heading:</b></span> <span>237&deg;</span></div>\n</div>"},"icon-heading":237,"icon":"http://maps.google.com/mapfiles/kml/shapes/airports.png","timestamp":"2026-05-18T09:52:10+00:00"}},{"type":"Feature","geometry":{"type":"Point","coordinates":[-6.618077,41.003025,10675.62]},"properties":{"name":"2026-05-18 09:52:42 UTC","description":{"@type":"html","value":"<div><div><span><b>Altitude:</b></span> <span>35,025 ft</span></div>\n<div><span><b>Speed:</b></span> <span>449 kt</span></div>\n<div><span><b>Heading:</b></span> <span>237&deg;</span></div>\n</div>"},"icon-heading":237,"icon":"http://maps.google.com/mapfiles/kml/shapes/airports.png","timestamp":"2026-05-18T09:52:42+00:00"}},{"type":"Feature","geometry":{"type":"Point","coordinates":[-6.692796,40.966343,10668]},"properties":{"name":"2026-05-18 09:53:15 UTC","description":{"@type":"html","value":"<div><div><span><b>Altitude:</b></span> <span>35,000 ft</span></div>\n<div><span><b>Speed:</b></span> <span>448 kt</span></div>\n<div><span><b>Heading:</b></span> <span>236&deg;</span></div>\n</div>"},"icon-heading":236,"icon":"http://maps.google.com/mapfiles/kml/shapes/airports.png","timestamp":"2026-05-18T09:53:15+00:00"}},{"type":"Feature","geometry":{"type":"Point","coordinates":[-6.766642,40.92989,10668]},"properties":{"name":"2026-05-18 09:53:46 UTC","description":{"@type":"html","value":"<div><div><span><b>Altitude:</b></span> <span>35,000 ft</span></div>\n<div><span><b>Speed:</b></span> <span>448 kt</span></div>\n<div><span><b>Heading:</b></span> <span>236&deg;</span></div>\n</div>"},"icon-heading":236,"icon":"http://maps.google.com/mapfiles/kml/shapes/airports.png","timestamp":"2026-05-18T09:53:46+00:00"}},{"type":"Feature","geometry":{"type":"Point","coordinates":[-6.840393,40.893402,10668]},"properties":{"name":"2026-05-18 09:54:19 UTC","description":{"@type":"html","value":"<div><div><span><b>Altitude:</b></span> <span>35,000 ft</span></div>\n<div><span><b>Speed:</b></span> <span>447 kt</span></div>\n<div><span><b>Heading:</b></span> <span>236&deg;</span></div>\n</div>"},"icon-heading":236,"icon":"http://maps.google.com/mapfiles/kml/shapes/airports.png","timestamp":"2026-05-18T09:54:19+00:00"}},{"type":"Feature","geometry":{"type":"Point","coordinates":[-6.911316,40.858337,10668]},"properties":{"name":"2026-05-18 09:54:50 UTC","description":{"@type":"html","value":"<div><div><span><b>Altitude:</b></span> <span>35,000 ft</span></div>\n<div><span><b>Speed:</b></span> <span>447 kt</span></div>\n<div><span><b>Heading:</b></span> <span>236&deg;</span></div>\n</div>"},"icon-heading":236,"icon":"http://maps.google.com/mapfiles/kml/shapes/airports.png","timestamp":"2026-05-18T09:54:50+00:00"}},{"type":"Feature","geometry":{"type":"Point","coordinates":[-6.984131,40.822174,10668]},"properties":{"name":"2026-05-18 09:55:22 UTC","description":{"@type":"html","value":"<div><div><span><b>Altitude:</b></span> <span>35,000 ft</span></div>\n<div><span><b>Speed:</b></span> <span>447 kt</span></div>\n<div><span><b>Heading:</b></span> <span>236&deg;</span></div>\n</div>"},"icon-heading":236,"icon":"http://maps.google.com/mapfiles/kml/shapes/airports.png","timestamp":"2026-05-18T09:55:22+00:00"}},{"type":"Feature","geometry":{"type":"Point","coordinates":[-7.056468,40.786137,10668]},"properties":{"name":"2026-05-18 09:55:53 UTC","description":{"@type":"html","value":"<div><div><span><b>Altitude:</b></span> <span>35,000 ft</span></div>\n<div><span><b>Speed:</b></span> <span>448 kt</span></div>\n<div><span><b>Heading:</b></span> <span>236&deg;</span></div>\n</div>"},"icon-heading":236,"icon":"http://maps.google.com/mapfiles/kml/shapes/airports.png","timestamp":"2026-05-18T09:55:53+00:00"}},{"type":"Feature","geometry":{"type":"Point","coordinates":[-7.128967,40.749985,10668]},"properties":{"name":"2026-05-18 09:56:25 UTC","description":{"@type":"html","value":"<div><div><span><b>Altitude:</b></span> <span>35,000 ft</span></div>\n<div><span><b>Speed:</b></span> <span>448 kt</span></div>\n<div><span><b>Heading:</b></span> <span>236&deg;</span></div>\n</div>"},"icon-heading":236,"icon":"http://maps.google.com/mapfiles/kml/shapes/airports.png","timestamp":"2026-05-18T09:56:25+00:00"}},{"type":"Feature","geometry":{"type":"Point","coordinates":[-7.200806,40.714005,10668]},"properties":{"name":"2026-05-18 09:56:57 UTC","description":{"@type":"html","value":"<div><div><span><b>Altitude:</b></span> <span>35,000 ft</span></div>\n<div><span><b>Speed:</b></span> <span>447 kt</span></div>\n<div><span><b>Heading:</b></span> <span>236&deg;</span></div>\n</div>"},"icon-heading":236,"icon":"http://maps.google.com/mapfiles/kml/shapes/airports.png","timestamp":"2026-05-18T09:56:57+00:00"}},{"type":"Feature","geometry":{"type":"Point","coordinates":[-7.273012,40.677811,10668]},"properties":{"name":"2026-05-18 09:57:28 UTC","description":{"@type":"html","value":"<div><div><span><b>Altitude:</b></span> <span>35,000 ft</span></div>\n<div><span><b>Speed:</b></span> <span>448 kt</span></div>\n<div><span><b>Heading:</b></span> <span>236&deg;</span></div>\n</div>"},"icon-heading":236,"icon":"http://maps.google.com/mapfiles/kml/shapes/airports.png","timestamp":"2026-05-18T09:57:28+00:00"}},{"type":"Feature","geometry":{"type":"Point","coordinates":[-7.343799,40.642292,10668]},"properties":{"name":"2026-05-18 09:58:00 UTC","description":{"@type":"html","value":"<div><div><span><b>Altitude:</b></span> <span>35,000 ft</span></div>\n<div><span><b>Speed:</b></span> <span>447 kt</span></div>\n<div><span><b>Heading:</b></span> <span>236&deg;</span></div>\n</div>"},"icon-heading":236,"icon":"http://maps.google.com/mapfiles/kml/shapes/airports.png","timestamp":"2026-05-18T09:58:00+00:00"}},{"type":"Feature","geometry":{"type":"Point","coordinates":[-7.416199,40.605835,10668]},"properties":{"name":"2026-05-18 09:58:32 UTC","description":{"@type":"html","value":"<div><div><span><b>Altitude:</b></span> <span>35,000 ft</span></div>\n<div><span><b>Speed:</b></span> <span>447 kt</span></div>\n<div><span><b>Heading:</b></span> <span>236&deg;</span></div>\n</div>"},"icon-heading":236,"icon":"http://maps.google.com/mapfiles/kml/shapes/airports.png","timestamp":"2026-05-18T09:58:32+00:00"}},{"type":"Feature","geometry":{"type":"Point","coordinates":[-7.487557,40.569763,10668]},"properties":{"name":"2026-05-18 09:59:03 UTC","description":{"@type":"html","value":"<div><div><span><b>Altitude:</b></span> <span>35,000 ft</span></div>\n<div><span><b>Speed:</b></span> <span>445 kt</span></div>\n<div><span><b>Heading:</b></span> <span>236&deg;</span></div>\n</div>"},"icon-heading":236,"icon":"http://maps.google.com/mapfiles/kml/shapes/airports.png","timestamp":"2026-05-18T09:59:03+00:00"}},{"type":"Feature","geometry":{"type":"Point","coordinates":[-7.559814,40.533279,10668]},"properties":{"name":"2026-05-18 09:59:35 UTC","description":{"@type":"html","value":"<div><div><span><b>Altitude:</b></span> <span>35,000 ft</span></div>\n<div><span><b>Speed:</b></span> <span>446 kt</span></div>\n<div><span><b>Heading:</b></span> <span>236&deg;</span></div>\n</div>"},"icon-heading":236,"icon":"http://maps.google.com/mapfiles/kml/shapes/airports.png","timestamp":"2026-05-18T09:59:35+00:00"}},{"type":"Feature","geometry":{"type":"Point","coordinates":[-7.630798,40.497253,10668]},"properties":{"name":"2026-05-18 10:00:07 UTC","description":{"@type":"html","value":"<div><div><span><b>Altitude:</b></span> <span>35,000 ft</span></div>\n<div><span><b>Speed:</b></span> <span>446 kt</span></div>\n<div><span><b>Heading:</b></span> <span>236&deg;</span></div>\n</div>"},"icon-heading":236,"icon":"http://maps.google.com/mapfiles/kml/shapes/airports.png","timestamp":"2026-05-18T10:00:07+00:00"}},{"type":"Feature","geometry":{"type":"Point","coordinates":[-7.702209,40.460907,10668]},"properties":{"name":"2026-05-18 10:00:38 UTC","description":{"@type":"html","value":"<div><div><span><b>Altitude:</b></span> <span>35,000 ft</span></div>\n<div><span><b>Speed:</b></span> <span>447 kt</span></div>\n<div><span><b>Heading:</b></span> <span>236&deg;</span></div>\n</div>"},"icon-heading":236,"icon":"http://maps.google.com/mapfiles/kml/shapes/airports.png","timestamp":"2026-05-18T10:00:38+00:00"}},{"type":"Feature","geometry":{"type":"Point","coordinates":[-7.77289,40.424847,10675.62]},"properties":{"name":"2026-05-18 10:01:10 UTC","description":{"@type":"html","value":"<div><div><span><b>Altitude:</b></span> <span>35,025 ft</span></div>\n<div><span><b>Speed:</b></span> <span>447 kt</span></div>\n<div><span><b>Heading:</b></span> <span>236&deg;</span></div>\n</div>"},"icon-heading":236,"icon":"http://maps.google.com/mapfiles/kml/shapes/airports.png","timestamp":"2026-05-18T10:01:10+00:00"}},{"type":"Feature","geometry":{"type":"Point","coordinates":[-7.843445,40.388855,10668]},"properties":{"name":"2026-05-18 10:01:41 UTC","description":{"@type":"html","value":"<div><div><span><b>Altitude:</b></span> <span>35,000 ft</span></div>\n<div><span><b>Speed:</b></span> <span>446 kt</span></div>\n<div><span><b>Heading:</b></span> <span>236&deg;</span></div>\n</div>"},"icon-heading":236,"icon":"http://maps.google.com/mapfiles/kml/shapes/airports.png","timestamp":"2026-05-18T10:01:41+00:00"}},{"type":"Feature","geometry":{"type":"Point","coordinates":[-7.915466,40.352051,10675.62]},"properties":{"name":"2026-05-18 10:02:13 UTC","description":{"@type":"html","value":"<div><div><span><b>Altitude:</b></span> <span>35,025 ft</span></div>\n<div><span><b>Speed:</b></span> <span>445 kt</span></div>\n<div><span><b>Heading:</b></span> <span>236&deg;</span></div>\n</div>"},"icon-heading":236,"icon":"http://maps.google.com/mapfiles/kml/shapes/airports.png","timestamp":"2026-05-18T10:02:13+00:00"}},{"type":"Feature","geometry":{"type":"Point","coordinates":[-7.985718,40.316025,10668]},"properties":{"name":"2026-05-18 10:02:45 UTC","description":{"@type":"html","value":"<div><div><span><b>Altitude:</b></span> <span>35,000 ft</span></div>\n<div><span><b>Speed:</b></span> <span>445 kt</span></div>\n<div><span><b>Heading:</b></span> <span>236&deg;</span></div>\n</div>"},"icon-heading":236,"icon":"http://maps.google.com/mapfiles/kml/shapes/airports.png","timestamp":"2026-05-18T10:02:45+00:00"}},{"type":"Feature","geometry":{"type":"Point","coordinates":[-8.057678,40.278992,10668]},"properties":{"name":"2026-05-18 10:03:17 UTC","description":{"@type":"html","value":"<div><div><span><b>Altitude:</b></span> <span>35,000 ft</span></div>\n<div><span><b>Speed:</b></span> <span>444 kt</span></div>\n<div><span><b>Heading:</b></span> <span>236&deg;</span></div>\n</div>"},"icon-heading":236,"icon":"http://maps.google.com/mapfiles/kml/shapes/airports.png","timestamp":"2026-05-18T10:03:17+00:00"}},{"type":"Feature","geometry":{"type":"Point","coordinates":[-8.127319,40.243149,10660.38]},"properties":{"name":"2026-05-18 10:03:49 UTC","description":{"@type":"html","value":"<div><div><span><b>Altitude:</b></span> <span>34,975 ft</span></div>\n<div><span><b>Speed:</b></span> <span>444 kt</span></div>\n<div><span><b>Heading:</b></span> <span>236&deg;</span></div>\n</div>"},"icon-heading":236,"icon":"http://maps.google.com/mapfiles/kml/shapes/airports.png","timestamp":"2026-05-18T10:03:49+00:00"}},{"type":"Feature","geometry":{"type":"Point","coordinates":[-8.199036,40.206161,10507.98]},"properties":{"name":"2026-05-18 10:04:21 UTC","description":{"@type":"html","value":"<div><div><span><b>Altitude:</b></span> <span>34,475 ft</span></div>\n<div><span><b>Speed:</b></span> <span>442 kt</span></div>\n<div><span><b>Heading:</b></span> <span>236&deg;</span></div>\n</div>"},"icon-heading":236,"icon":"http://maps.google.com/mapfiles/kml/shapes/airports.png","timestamp":"2026-05-18T10:04:21+00:00"}},{"type":"Feature","geometry":{"type":"Point","coordinates":[-8.268148,40.170437,10142.22]},"properties":{"name":"2026-05-18 10:04:52 UTC","description":{"@type":"html","value":"<div><div><span><b>Altitude:</b></span> <span>33,275 ft</span></div>\n<div><span><b>Speed:</b></span> <span>443 kt</span></div>\n<div><span><b>Heading:</b></span> <span>235&deg;</span></div>\n</div>"},"icon-heading":235,"icon":"http://maps.google.com/mapfiles/kml/shapes/airports.png","timestamp":"2026-05-18T10:04:52+00:00"}},{"type":"Feature","geometry":{"type":"Point","coordinates":[-8.33881,40.133709,9761.22]},"properties":{"name":"2026-05-18 10:05:24 UTC","description":{"@type":"html","value":"<div><div><span><b>Altitude:</b></span> <span>32,025 ft</span></div>\n<div><span><b>Speed:</b></span> <span>438 kt</span></div>\n<div><span><b>Heading:</b></span> <span>235&deg;</span></div>\n</div>"},"icon-heading":235,"icon":"http://maps.google.com/mapfiles/kml/shapes/airports.png","timestamp":"2026-05-18T10:05:24+00:00"}},{"type":"Feature","geometry":{"type":"Point","coordinates":[-8.407043,40.098175,9433.56]},"properties":{"name":"2026-05-18 10:05:56 UTC","description":{"@type":"html","value":"<div><div><span><b>Altitude:</b></span> <span>30,950 ft</span></div>\n<div><span><b>Speed:</b></span> <span>429 kt</span></div>\n<div><span><b>Heading:</b></span> <span>235&deg;</span></div>\n</div>"},"icon-heading":235,"icon":"http://maps.google.com/mapfiles/kml/shapes/airports.png","timestamp":"2026-05-18T10:05:56+00:00"}},{"type":"Feature","geometry":{"type":"Point","coordinates":[-8.467401,40.062344,9113.52]},"properties":{"name":"2026-05-18 10:06:25 UTC","description":{"@type":"html","value":"<div><div><span><b>Altitude:</b></span> <span>29,900 ft</span></div>\n<div><span><b>Speed:</b></span> <span>428 kt</span></div>\n<div><span><b>Heading:</b></span> <span>225&deg;</span></div>\n</div>"},"icon-heading":225,"icon":"http://maps.google.com/mapfiles/kml/shapes/airports.png","timestamp":"2026-05-18T10:06:25+00:00"}},{"type":"Feature","geometry":{"type":"Point","coordinates":[-8.471457,40.059086,9090.66]},"properties":{"name":"2026-05-18 10:06:28 UTC","description":{"@type":"html","value":"<div><div><span><b>Altitude:</b></span> <span>29,825 ft</span></div>\n<div><span><b>Speed:</b></span> <span>428 kt</span></div>\n<div><span><b>Heading:</b></span> <span>224&deg;</span></div>\n</div>"},"icon-heading":224,"icon":"http://maps.google.com/mapfiles/kml/shapes/airports.png","timestamp":"2026-05-18T10:06:28+00:00"}},{"type":"Feature","geometry":{"type":"Point","coordinates":[-8.475586,40.055511,9067.8]},"properties":{"name":"2026-05-18 10:06:30 UTC","description":{"@type":"html","value":"<div><div><span><b>Altitude:</b></span> <span>29,750 ft</span></div>\n<div><span><b>Speed:</b></span> <span>428 kt</span></div>\n<div><span><b>Heading:</b></span> <span>223&deg;</span></div>\n</div>"},"icon-heading":223,"icon":"http://maps.google.com/mapfiles/kml/shapes/airports.png","timestamp":"2026-05-18T10:06:30+00:00"}},{"type":"Feature","geometry":{"type":"Point","coordinates":[-8.479126,40.052353,9044.94]},"properties":{"name":"2026-05-18 10:06:32 UTC","description":{"@type":"html","value":"<div><div><span><b>Altitude:</b></span> <span>29,675 ft</span></div>\n<div><span><b>Speed:</b></span> <span>430 kt</span></div>\n<div><span><b>Heading:</b></span> <span>221&deg;</span></div>\n</div>"},"icon-heading":221,"icon":"http://maps.google.com/mapfiles/kml/shapes/airports.png","timestamp":"2026-05-18T10:06:32+00:00"}},{"type":"Feature","geometry":{"type":"Point","coordinates":[-8.482422,40.049286,9022.08]},"properties":{"name":"2026-05-18 10:06:34 UTC","description":{"@type":"html","value":"<div><div><span><b>Altitude:</b></span> <span>29,600 ft</span></div>\n<div><span><b>Speed:</b></span> <span>430 kt</span></div>\n<div><span><b>Heading:</b></span> <span>220&deg;</span></div>\n</div>"},"icon-heading":220,"icon":"http://maps.google.com/mapfiles/kml/shapes/airports.png","timestamp":"2026-05-18T10:06:34+00:00"}},{"type":"Feature","geometry":{"type":"Point","coordinates":[-8.485565,40.046097,9006.84]},"properties":{"name":"2026-05-18 10:06:36 UTC","description":{"@type":"html","value":"<div><div><span><b>Altitude:</b></span> <span>29,550 ft</span></div>\n<div><span><b>Speed:</b></span> <span>430 kt</span></div>\n<div><span><b>Heading:</b></span> <span>218&deg;</span></div>\n</div>"},"icon-heading":218,"icon":"http://maps.google.com/mapfiles/kml/shapes/airports.png","timestamp":"2026-05-18T10:06:36+00:00"}},{"type":"Feature","geometry":{"type":"Point","coordinates":[-8.488624,40.042885,8983.98]},"properties":{"name":"2026-05-18 10:06:38 UTC","description":{"@type":"html","value":"<div><div><span><b>Altitude:</b></span> <span>29,475 ft</span></div>\n<div><span><b>Speed:</b></span> <span>430 kt</span></div>\n<div><span><b>Heading:</b></span> <span>217&deg;</span></div>\n</div>"},"icon-heading":217,"icon":"http://maps.google.com/mapfiles/kml/shapes/airports.png","timestamp":"2026-05-18T10:06:38+00:00"}},{"type":"Feature","geometry":{"type":"Point","coordinates":[-8.491577,40.039627,8961.12]},"properties":{"name":"2026-05-18 10:06:40 UTC","description":{"@type":"html","value":"<div><div><span><b>Altitude:</b></span> <span>29,400 ft</span></div>\n<div><span><b>Speed:</b></span> <span>430 kt</span></div>\n<div><span><b>Heading:</b></span> <span>215&deg;</span></div>\n</div>"},"icon-heading":215,"icon":"http://maps.google.com/mapfiles/kml/shapes/airports.png","timestamp":"2026-05-18T10:06:40+00:00"}},{"type":"Feature","geometry":{"type":"Point","coordinates":[-8.494554,40.036137,8938.26]},"properties":{"name":"2026-05-18 10:06:42 UTC","description":{"@type":"html","value":"<div><div><span><b>Altitude:</b></span> <span>29,325 ft</span></div>\n<div><span><b>Speed:</b></span> <span>431 kt</span></div>\n<div><span><b>Heading:</b></span> <span>213&deg;</span></div>\n</div>"},"icon-heading":213,"icon":"http://maps.google.com/mapfiles/kml/shapes/airports.png","timestamp":"2026-05-18T10:06:42+00:00"}},{"type":"Feature","geometry":{"type":"Point","coordinates":[-8.497559,40.032394,8915.4]},"properties":{"name":"2026-05-18 10:06:45 UTC","description":{"@type":"html","value":"<div><div><span><b>Altitude:</b></span> <span>29,250 ft</span></div>\n<div><span><b>Speed:</b></span> <span>432 kt</span></div>\n<div><span><b>Heading:</b></span> <span>212&deg;</span></div>\n</div>"},"icon-heading":212,"icon":"http://maps.google.com/mapfiles/kml/shapes/airports.png","timestamp":"2026-05-18T10:06:45+00:00"}},{"type":"Feature","geometry":{"type":"Point","coordinates":[-8.500047,40.029106,8892.54]},"properties":{"name":"2026-05-18 10:06:47 UTC","description":{"@type":"html","value":"<div><div><span><b>Altitude:</b></span> <span>29,175 ft</span></div>\n<div><span><b>Speed:</b></span> <span>432 kt</span></div>\n<div><span><b>Heading:</b></span> <span>210&deg;</span></div>\n</div>"},"icon-heading":210,"icon":"http://maps.google.com/mapfiles/kml/shapes/airports.png","timestamp":"2026-05-18T10:06:47+00:00"}},{"type":"Feature","geometry":{"type":"Point","coordinates":[-8.502731,40.025429,8869.68]},"properties":{"name":"2026-05-18 10:06:49 UTC","description":{"@type":"html","value":"<div><div><span><b>Altitude:</b></span> <span>29,100 ft</span></div>\n<div><span><b>Speed:</b></span> <span>432 kt</span></div>\n<div><span><b>Heading:</b></span> <span>209&deg;</span></div>\n</div>"},"icon-heading":209,"icon":"http://maps.google.com/mapfiles/kml/shapes/airports.png","timestamp":"2026-05-18T10:06:49+00:00"}},{"type":"Feature","geometry":{"type":"Point","coordinates":[-8.505798,40.020813,8846.82]},"properties":{"name":"2026-05-18 10:06:51 UTC","description":{"@type":"html","value":"<div><div><span><b>Altitude:</b></span> <span>29,025 ft</span></div>\n<div><span><b>Speed:</b></span> <span>434 kt</span></div>\n<div><span><b>Heading:</b></span> <span>208&deg;</span></div>\n</div>"},"icon-heading":208,"icon":"http://maps.google.com/mapfiles/kml/shapes/airports.png","timestamp":"2026-05-18T10:06:51+00:00"}},{"type":"Feature","geometry":{"type":"Point","coordinates":[-8.507996,40.017151,8823.96]},"properties":{"name":"2026-05-18 10:06:53 UTC","description":{"@type":"html","value":"<div><div><span><b>Altitude:</b></span> <span>28,950 ft</span></div>\n<div><span><b>Speed:</b></span> <span>434 kt</span></div>\n<div><span><b>Heading:</b></span> <span>206&deg;</span></div>\n</div>"},"icon-heading":206,"icon":"http://maps.google.com/mapfiles/kml/shapes/airports.png","timestamp":"2026-05-18T10:06:53+00:00"}},{"type":"Feature","geometry":{"type":"Point","coordinates":[-8.510254,40.013306,8808.72]},"properties":{"name":"2026-05-18 10:06:55 UTC","description":{"@type":"html","value":"<div><div><span><b>Altitude:</b></span> <span>28,900 ft</span></div>\n<div><span><b>Speed:</b></span> <span>434 kt</span></div>\n<div><span><b>Heading:</b></span> <span>205&deg;</span></div>\n</div>"},"icon-heading":205,"icon":"http://maps.google.com/mapfiles/kml/shapes/airports.png","timestamp":"2026-05-18T10:06:55+00:00"}},{"type":"Feature","geometry":{"type":"Point","coordinates":[-8.512282,40.009602,8793.48]},"properties":{"name":"2026-05-18 10:06:57 UTC","description":{"@type":"html","value":"<div><div><span><b>Altitude:</b></span> <span>28,850 ft</span></div>\n<div><span><b>Speed:</b></span> <span>435 kt</span></div>\n<div><span><b>Heading:</b></span> <span>202&deg;</span></div>\n</div>"},"icon-heading":202,"icon":"http://maps.google.com/mapfiles/kml/shapes/airports.png","timestamp":"2026-05-18T10:06:57+00:00"}},{"type":"Feature","geometry":{"type":"Point","coordinates":[-8.514529,40.005085,8778.24]},"properties":{"name":"2026-05-18 10:06:59 UTC","description":{"@type":"html","value":"<div><div><span><b>Altitude:</b></span> <span>28,800 ft</span></div>\n<div><span><b>Speed:</b></span> <span>436 kt</span></div>\n<div><span><b>Heading:</b></span> <span>201&deg;</span></div>\n</div>"},"icon-heading":201,"icon":"http://maps.google.com/mapfiles/kml/shapes/airports.png","timestamp":"2026-05-18T10:06:59+00:00"}},{"type":"Feature","geometry":{"type":"Point","coordinates":[-8.516296,40.001266,8763]},"properties":{"name":"2026-05-18 10:07:01 UTC","description":{"@type":"html","value":"<div><div><span><b>Altitude:</b></span> <span>28,750 ft</span></div>\n<div><span><b>Speed:</b></span> <span>438 kt</span></div>\n<div><span><b>Heading:</b></span> <span>200&deg;</span></div>\n</div>"},"icon-heading":200,"icon":"http://maps.google.com/mapfiles/kml/shapes/airports.png","timestamp":"2026-05-18T10:07:01+00:00"}},{"type":"Feature","geometry":{"type":"Point","coordinates":[-8.517838,39.997589,8755.38]},"properties":{"name":"2026-05-18 10:07:03 UTC","description":{"@type":"html","value":"<div><div><span><b>Altitude:</b></span> <span>28,725 ft</span></div>\n<div><span><b>Speed:</b></span> <span>438 kt</span></div>\n<div><span><b>Heading:</b></span> <span>198&deg;</span></div>\n</div>"},"icon-heading":198,"icon":"http://maps.google.com/mapfiles/kml/shapes/airports.png","timestamp":"2026-05-18T10:07:03+00:00"}},{"type":"Feature","geometry":{"type":"Point","coordinates":[-8.519348,39.993713,8740.14]},"properties":{"name":"2026-05-18 10:07:05 UTC","description":{"@type":"html","value":"<div><div><span><b>Altitude:</b></span> <span>28,675 ft</span></div>\n<div><span><b>Speed:</b></span> <span>440 kt</span></div>\n<div><span><b>Heading:</b></span> <span>197&deg;</span></div>\n</div>"},"icon-heading":197,"icon":"http://maps.google.com/mapfiles/kml/shapes/airports.png","timestamp":"2026-05-18T10:07:05+00:00"}},{"type":"Feature","geometry":{"type":"Point","coordinates":[-8.520709,39.989956,8724.9]},"properties":{"name":"2026-05-18 10:07:08 UTC","description":{"@type":"html","value":"<div><div><span><b>Altitude:</b></span> <span>28,625 ft</span></div>\n<div><span><b>Speed:</b></span> <span>441 kt</span></div>\n<div><span><b>Heading:</b></span> <span>196&deg;</span></div>\n</div>"},"icon-heading":196,"icon":"http://maps.google.com/mapfiles/kml/shapes/airports.png","timestamp":"2026-05-18T10:07:08+00:00"}},{"type":"Feature","geometry":{"type":"Point","coordinates":[-8.522332,39.98502,8709.66]},"properties":{"name":"2026-05-18 10:07:10 UTC","description":{"@type":"html","value":"<div><div><span><b>Altitude:</b></span> <span>28,575 ft</span></div>\n<div><span><b>Speed:</b></span> <span>441 kt</span></div>\n<div><span><b>Heading:</b></span> <span>194&deg;</span></div>\n</div>"},"icon-heading":194,"icon":"http://maps.google.com/mapfiles/kml/shapes/airports.png","timestamp":"2026-05-18T10:07:10+00:00"}},{"type":"Feature","geometry":{"type":"Point","coordinates":[-8.523376,39.9814,8702.04]},"properties":{"name":"2026-05-18 10:07:12 UTC","description":{"@type":"html","value":"<div><div><span><b>Altitude:</b></span> <span>28,550 ft</span></div>\n<div><span><b>Speed:</b></span> <span>442 kt</span></div>\n<div><span><b>Heading:</b></span> <span>193&deg;</span></div>\n</div>"},"icon-heading":193,"icon":"http://maps.google.com/mapfiles/kml/shapes/airports.png","timestamp":"2026-05-18T10:07:12+00:00"}},{"type":"Feature","geometry":{"type":"Point","coordinates":[-8.524517,39.97678,8679.18]},"properties":{"name":"2026-05-18 10:07:14 UTC","description":{"@type":"html","value":"<div><div><span><b>Altitude:</b></span> <span>28,475 ft</span></div>\n<div><span><b>Speed:</b></span> <span>442 kt</span></div>\n<div><span><b>Heading:</b></span> <span>192&deg;</span></div>\n</div>"},"icon-heading":192,"icon":"http://maps.google.com/mapfiles/kml/shapes/airports.png","timestamp":"2026-05-18T10:07:14+00:00"}},{"type":"Feature","geometry":{"type":"Point","coordinates":[-8.525452,39.972382,8656.32]},"properties":{"name":"2026-05-18 10:07:16 UTC","description":{"@type":"html","value":"<div><div><span><b>Altitude:</b></span> <span>28,400 ft</span></div>\n<div><span><b>Speed:</b></span> <span>441 kt</span></div>\n<div><span><b>Heading:</b></span> <span>189&deg;</span></div>\n</div>"},"icon-heading":189,"icon":"http://maps.google.com/mapfiles/kml/shapes/airports.png","timestamp":"2026-05-18T10:07:16+00:00"}},{"type":"Feature","geometry":{"type":"Point","coordinates":[-8.526184,39.968536,8641.08]},"properties":{"name":"2026-05-18 10:07:18 UTC","description":{"@type":"html","value":"<div><div><span><b>Altitude:</b></span> <span>28,350 ft</span></div>\n<div><span><b>Speed:</b></span> <span>441 kt</span></div>\n<div><span><b>Heading:</b></span> <span>188&deg;</span></div>\n</div>"},"icon-heading":188,"icon":"http://maps.google.com/mapfiles/kml/shapes/airports.png","timestamp":"2026-05-18T10:07:18+00:00"}},{"type":"Feature","geometry":{"type":"Point","coordinates":[-8.526826,39.96426,8625.84]},"properties":{"name":"2026-05-18 10:07:20 UTC","description":{"@type":"html","value":"<div><div><span><b>Altitude:</b></span> <span>28,300 ft</span></div>\n<div><span><b>Speed:</b></span> <span>442 kt</span></div>\n<div><span><b>Heading:</b></span> <span>187&deg;</span></div>\n</div>"},"icon-heading":187,"icon":"http://maps.google.com/mapfiles/kml/shapes/airports.png","timestamp":"2026-05-18T10:07:20+00:00"}},{"type":"Feature","geometry":{"type":"Point","coordinates":[-8.527283,39.960205,8602.98]},"properties":{"name":"2026-05-18 10:07:23 UTC","description":{"@type":"html","value":"<div><div><span><b>Altitude:</b></span> <span>28,225 ft</span></div>\n<div><span><b>Speed:</b></span> <span>442 kt</span></div>\n<div><span><b>Heading:</b></span> <span>185&deg;</span></div>\n</div>"},"icon-heading":185,"icon":"http://maps.google.com/mapfiles/kml/shapes/airports.png","timestamp":"2026-05-18T10:07:23+00:00"}},{"type":"Feature","geometry":{"type":"Point","coordinates":[-8.527762,39.955086,8580.12]},"properties":{"name":"2026-05-18 10:07:25 UTC","description":{"@type":"html","value":"<div><div><span><b>Altitude:</b></span> <span>28,150 ft</span></div>\n<div><span><b>Speed:</b></span> <span>442 kt</span></div>\n<div><span><b>Heading:</b></span> <span>184&deg;</span></div>\n</div>"},"icon-heading":184,"icon":"http://maps.google.com/mapfiles/kml/shapes/airports.png","timestamp":"2026-05-18T10:07:25+00:00"}},{"type":"Feature","geometry":{"type":"Point","coordinates":[-8.527893,39.951004,8557.26]},"properties":{"name":"2026-05-18 10:07:27 UTC","description":{"@type":"html","value":"<div><div><span><b>Altitude:</b></span> <span>28,075 ft</span></div>\n<div><span><b>Speed:</b></span> <span>442 kt</span></div>\n<div><span><b>Heading:</b></span> <span>182&deg;</span></div>\n</div>"},"icon-heading":182,"icon":"http://maps.google.com/mapfiles/kml/shapes/airports.png","timestamp":"2026-05-18T10:07:27+00:00"}},{"type":"Feature","geometry":{"type":"Point","coordinates":[-8.527887,39.947128,8549.64]},"properties":{"name":"2026-05-18 10:07:29 UTC","description":{"@type":"html","value":"<div><div><span><b>Altitude:</b></span> <span>28,050 ft</span></div>\n<div><span><b>Speed:</b></span> <span>442 kt</span></div>\n<div><span><b>Heading:</b></span> <span>181&deg;</span></div>\n</div>"},"icon-heading":181,"icon":"http://maps.google.com/mapfiles/kml/shapes/airports.png","timestamp":"2026-05-18T10:07:29+00:00"}},{"type":"Feature","geometry":{"type":"Point","coordinates":[-8.527771,39.942627,8526.78]},"properties":{"name":"2026-05-18 10:07:31 UTC","description":{"@type":"html","value":"<div><div><span><b>Altitude:</b></span> <span>27,975 ft</span></div>\n<div><span><b>Speed:</b></span> <span>442 kt</span></div>\n<div><span><b>Heading:</b></span> <span>179&deg;</span></div>\n</div>"},"icon-heading":179,"icon":"http://maps.google.com/mapfiles/kml/shapes/airports.png","timestamp":"2026-05-18T10:07:31+00:00"}},{"type":"Feature","geometry":{"type":"Point","coordinates":[-8.527527,39.938553,8519.16]},"properties":{"name":"2026-05-18 10:07:33 UTC","description":{"@type":"html","value":"<div><div><span><b>Altitude:</b></span> <span>27,950 ft</span></div>\n<div><span><b>Speed:</b></span> <span>441 kt</span></div>\n<div><span><b>Heading:</b></span> <span>177&deg;</span></div>\n</div>"},"icon-heading":177,"icon":"http://maps.google.com/mapfiles/kml/shapes/airports.png","timestamp":"2026-05-18T10:07:33+00:00"}},{"type":"Feature","geometry":{"type":"Point","coordinates":[-8.527201,39.934093,8503.92]},"properties":{"name":"2026-05-18 10:07:35 UTC","description":{"@type":"html","value":"<div><div><span><b>Altitude:</b></span> <span>27,900 ft</span></div>\n<div><span><b>Speed:</b></span> <span>440 kt</span></div>\n<div><span><b>Heading:</b></span> <span>176&deg;</span></div>\n</div>"},"icon-heading":176,"icon":"http://maps.google.com/mapfiles/kml/shapes/airports.png","timestamp":"2026-05-18T10:07:35+00:00"}},{"type":"Feature","geometry":{"type":"Point","coordinates":[-8.526733,39.928802,8488.68]},"properties":{"name":"2026-05-18 10:07:37 UTC","description":{"@type":"html","value":"<div><div><span><b>Altitude:</b></span> <span>27,850 ft</span></div>\n<div><span><b>Speed:</b></span> <span>438 kt</span></div>\n<div><span><b>Heading:</b></span> <span>176&deg;</span></div>\n</div>"},"icon-heading":176,"icon":"http://maps.google.com/mapfiles/kml/shapes/airports.png","timestamp":"2026-05-18T10:07:37+00:00"}},{"type":"Feature","geometry":{"type":"Point","coordinates":[-8.526367,39.924774,8473.44]},"properties":{"name":"2026-05-18 10:07:39 UTC","description":{"@type":"html","value":"<div><div><span><b>Altitude:</b></span> <span>27,800 ft</span></div>\n<div><span><b>Speed:</b></span> <span>437 kt</span></div>\n<div><span><b>Heading:</b></span> <span>176&deg;</span></div>\n</div>"},"icon-heading":176,"icon":"http://maps.google.com/mapfiles/kml/shapes/airports.png","timestamp":"2026-05-18T10:07:39+00:00"}},{"type":"Feature","geometry":{"type":"Point","coordinates":[-8.526001,39.920731,8458.2]},"properties":{"name":"2026-05-18 10:07:41 UTC","description":{"@type":"html","value":"<div><div><span><b>Altitude:</b></span> <span>27,750 ft</span></div>\n<div><span><b>Speed:</b></span> <span>437 kt</span></div>\n<div><span><b>Heading:</b></span> <span>176&deg;</span></div>\n</div>"},"icon-heading":176,"icon":"http://maps.google.com/mapfiles/kml/shapes/airports.png","timestamp":"2026-05-18T10:07:41+00:00"}},{"type":"Feature","geometry":{"type":"Point","coordinates":[-8.525696,39.917519,8450.58]},"properties":{"name":"2026-05-18 10:07:44 UTC","description":{"@type":"html","value":"<div><div><span><b>Altitude:</b></span> <span>27,725 ft</span></div>\n<div><span><b>Speed:</b></span> <span>436 kt</span></div>\n<div><span><b>Heading:</b></span> <span>176&deg;</span></div>\n</div>"},"icon-heading":176,"icon":"http://maps.google.com/mapfiles/kml/shapes/airports.png","timestamp":"2026-05-18T10:07:44+00:00"}},{"type":"Feature","geometry":{"type":"Point","coordinates":[-8.525269,39.91254,8435.34]},"properties":{"name":"2026-05-18 10:07:46 UTC","description":{"@type":"html","value":"<div><div><span><b>Altitude:</b></span> <span>27,675 ft</span></div>\n<div><span><b>Speed:</b></span> <span>435 kt</span></div>\n<div><span><b>Heading:</b></span> <span>176&deg;</span></div>\n</div>"},"icon-heading":176,"icon":"http://maps.google.com/mapfiles/kml/shapes/airports.png","timestamp":"2026-05-18T10:07:46+00:00"}},{"type":"Feature","geometry":{"type":"Point","coordinates":[-8.524963,39.909142,8420.1]},"properties":{"name":"2026-05-18 10:07:48 UTC","description":{"@type":"html","value":"<div><div><span><b>Altitude:</b></span> <span>27,625 ft</span></div>\n<div><span><b>Speed:</b></span> <span>432 kt</span></div>\n<div><span><b>Heading:</b></span> <span>176&deg;</span></div>\n</div>"},"icon-heading":176,"icon":"http://maps.google.com/mapfiles/kml/shapes/airports.png","timestamp":"2026-05-18T10:07:48+00:00"}},{"type":"Feature","geometry":{"type":"Point","coordinates":[-8.524597,39.904346,8404.86]},"properties":{"name":"2026-05-18 10:07:50 UTC","description":{"@type":"html","value":"<div><div><span><b>Altitude:</b></span> <span>27,575 ft</span></div>\n<div><span><b>Speed:</b></span> <span>431 kt</span></div>\n<div><span><b>Heading:</b></span> <span>176&deg;</span></div>\n</div>"},"icon-heading":176,"icon":"http://maps.google.com/mapfiles/kml/shapes/airports.png","timestamp":"2026-05-18T10:07:50+00:00"}},{"type":"Feature","geometry":{"type":"Point","coordinates":[-8.519837,39.842102,8168.64]},"properties":{"name":"2026-05-18 10:08:22 UTC","description":{"@type":"html","value":"<div><div><span><b>Altitude:</b></span> <span>26,800 ft</span></div>\n<div><span><b>Speed:</b></span> <span>416 kt</span></div>\n<div><span><b>Heading:</b></span> <span>176&deg;</span></div>\n</div>"},"icon-heading":176,"icon":"http://maps.google.com/mapfiles/kml/shapes/airports.png","timestamp":"2026-05-18T10:08:22+00:00"}},{"type":"Feature","geometry":{"type":"Point","coordinates":[-8.516174,39.783588,7955.28]},"properties":{"name":"2026-05-18 10:08:53 UTC","description":{"@type":"html","value":"<div><div><span><b>Altitude:</b></span> <span>26,100 ft</span></div>\n<div><span><b>Speed:</b></span> <span>400 kt</span></div>\n<div><span><b>Heading:</b></span> <span>180&deg;</span></div>\n</div>"},"icon-heading":180,"icon":"http://maps.google.com/mapfiles/kml/shapes/airports.png","timestamp":"2026-05-18T10:08:53+00:00"}},{"type":"Feature","geometry":{"type":"Point","coordinates":[-8.517395,39.771858,7909.56]},"properties":{"name":"2026-05-18 10:08:59 UTC","description":{"@type":"html","value":"<div><div><span><b>Altitude:</b></span> <span>25,950 ft</span></div>\n<div><span><b>Speed:</b></span> <span>395 kt</span></div>\n<div><span><b>Heading:</b></span> <span>186&deg;</span></div>\n</div>"},"icon-heading":186,"icon":"http://maps.google.com/mapfiles/kml/shapes/airports.png","timestamp":"2026-05-18T10:08:59+00:00"}},{"type":"Feature","geometry":{"type":"Point","coordinates":[-8.518226,39.767532,7894.32]},"properties":{"name":"2026-05-18 10:09:02 UTC","description":{"@type":"html","value":"<div><div><span><b>Altitude:</b></span> <span>25,900 ft</span></div>\n<div><span><b>Speed:</b></span> <span>393 kt</span></div>\n<div><span><b>Heading:</b></span> <span>188&deg;</span></div>\n</div>"},"icon-heading":188,"icon":"http://maps.google.com/mapfiles/kml/shapes/airports.png","timestamp":"2026-05-18T10:09:02+00:00"}},{"type":"Feature","geometry":{"type":"Point","coordinates":[-8.519226,39.763432,7879.08]},"properties":{"name":"2026-05-18 10:09:04 UTC","description":{"@type":"html","value":"<div><div><span><b>Altitude:</b></span> <span>25,850 ft</span></div>\n<div><span><b>Speed:</b></span> <span>391 kt</span></div>\n<div><span><b>Heading:</b></span> <span>189&deg;</span></div>\n</div>"},"icon-heading":189,"icon":"http://maps.google.com/mapfiles/kml/shapes/airports.png","timestamp":"2026-05-18T10:09:04+00:00"}},{"type":"Feature","geometry":{"type":"Point","coordinates":[-8.520375,39.759567,7863.84]},"properties":{"name":"2026-05-18 10:09:06 UTC","description":{"@type":"html","value":"<div><div><span><b>Altitude:</b></span> <span>25,800 ft</span></div>\n<div><span><b>Speed:</b></span> <span>390 kt</span></div>\n<div><span><b>Heading:</b></span> <span>191&deg;</span></div>\n</div>"},"icon-heading":191,"icon":"http://maps.google.com/mapfiles/kml/shapes/airports.png","timestamp":"2026-05-18T10:09:06+00:00"}},{"type":"Feature","geometry":{"type":"Point","coordinates":[-8.521688,39.755951,7848.6]},"properties":{"name":"2026-05-18 10:09:08 UTC","description":{"@type":"html","value":"<div><div><span><b>Altitude:</b></span> <span>25,750 ft</span></div>\n<div><span><b>Speed:</b></span> <span>387 kt</span></div>\n<div><span><b>Heading:</b></span> <span>194&deg;</span></div>\n</div>"},"icon-heading":194,"icon":"http://maps.google.com/mapfiles/kml/shapes/airports.png","timestamp":"2026-05-18T10:09:08+00:00"}},{"type":"Feature","geometry":{"type":"Point","coordinates":[-8.523062,39.752518,7840.98]},"properties":{"name":"2026-05-18 10:09:10 UTC","description":{"@type":"html","value":"<div><div><span><b>Altitude:</b></span> <span>25,725 ft</span></div>\n<div><span><b>Speed:</b></span> <span>386 kt</span></div>\n<div><span><b>Heading:</b></span> <span>196&deg;</span></div>\n</div>"},"icon-heading":196,"icon":"http://maps.google.com/mapfiles/kml/shapes/airports.png","timestamp":"2026-05-18T10:09:10+00:00"}},{"type":"Feature","geometry":{"type":"Point","coordinates":[-8.524794,39.748672,7825.74]},"properties":{"name":"2026-05-18 10:09:12 UTC","description":{"@type":"html","value":"<div><div><span><b>Altitude:</b></span> <span>25,675 ft</span></div>\n<div><span><b>Speed:</b></span> <span>386 kt</span></div>\n<div><span><b>Heading:</b></span> <span>197&deg;</span></div>\n</div>"},"icon-heading":197,"icon":"http://maps.google.com/mapfiles/kml/shapes/airports.png","timestamp":"2026-05-18T10:09:12+00:00"}},{"type":"Feature","geometry":{"type":"Point","coordinates":[-8.526367,39.74551,7810.5]},"properties":{"name":"2026-05-18 10:09:14 UTC","description":{"@type":"html","value":"<div><div><span><b>Altitude:</b></span> <span>25,625 ft</span></div>\n<div><span><b>Speed:</b></span> <span>382 kt</span></div>\n<div><span><b>Heading:</b></span> <span>200&deg;</span></div>\n</div>"},"icon-heading":200,"icon":"http://maps.google.com/mapfiles/kml/shapes/airports.png","timestamp":"2026-05-18T10:09:14+00:00"}},{"type":"Feature","geometry":{"type":"Point","coordinates":[-8.528316,39.741943,7802.88]},"properties":{"name":"2026-05-18 10:09:16 UTC","description":{"@type":"html","value":"<div><div><span><b>Altitude:</b></span> <span>25,600 ft</span></div>\n<div><span><b>Speed:</b></span> <span>381 kt</span></div>\n<div><span><b>Heading:</b></span> <span>202&deg;</span></div>\n</div>"},"icon-heading":202,"icon":"http://maps.google.com/mapfiles/kml/shapes/airports.png","timestamp":"2026-05-18T10:09:16+00:00"}},{"type":"Feature","geometry":{"type":"Point","coordinates":[-8.530047,39.739105,7787.64]},"properties":{"name":"2026-05-18 10:09:18 UTC","description":{"@type":"html","value":"<div><div><span><b>Altitude:</b></span> <span>25,550 ft</span></div>\n<div><span><b>Speed:</b></span> <span>379 kt</span></div>\n<div><span><b>Heading:</b></span> <span>204&deg;</span></div>\n</div>"},"icon-heading":204,"icon":"http://maps.google.com/mapfiles/kml/shapes/airports.png","timestamp":"2026-05-18T10:09:18+00:00"}},{"type":"Feature","geometry":{"type":"Point","coordinates":[-8.532104,39.735966,7780.02]},"properties":{"name":"2026-05-18 10:09:20 UTC","description":{"@type":"html","value":"<div><div><span><b>Altitude:</b></span> <span>25,525 ft</span></div>\n<div><span><b>Speed:</b></span> <span>378 kt</span></div>\n<div><span><b>Heading:</b></span> <span>206&deg;</span></div>\n</div>"},"icon-heading":206,"icon":"http://maps.google.com/mapfiles/kml/shapes/airports.png","timestamp":"2026-05-18T10:09:20+00:00"}},{"type":"Feature","geometry":{"type":"Point","coordinates":[-8.534586,39.732422,7764.78]},"properties":{"name":"2026-05-18 10:09:22 UTC","description":{"@type":"html","value":"<div><div><span><b>Altitude:</b></span> <span>25,475 ft</span></div>\n<div><span><b>Speed:</b></span> <span>376 kt</span></div>\n<div><span><b>Heading:</b></span> <span>207&deg;</span></div>\n</div>"},"icon-heading":207,"icon":"http://maps.google.com/mapfiles/kml/shapes/airports.png","timestamp":"2026-05-18T10:09:22+00:00"}},{"type":"Feature","geometry":{"type":"Point","coordinates":[-8.537292,39.728798,7749.54]},"properties":{"name":"2026-05-18 10:09:25 UTC","description":{"@type":"html","value":"<div><div><span><b>Altitude:</b></span> <span>25,425 ft</span></div>\n<div><span><b>Speed:</b></span> <span>376 kt</span></div>\n<div><span><b>Heading:</b></span> <span>209&deg;</span></div>\n</div>"},"icon-heading":209,"icon":"http://maps.google.com/mapfiles/kml/shapes/airports.png","timestamp":"2026-05-18T10:09:25+00:00"}},{"type":"Feature","geometry":{"type":"Point","coordinates":[-8.539734,39.725723,7741.92]},"properties":{"name":"2026-05-18 10:09:27 UTC","description":{"@type":"html","value":"<div><div><span><b>Altitude:</b></span> <span>25,400 ft</span></div>\n<div><span><b>Speed:</b></span> <span>375 kt</span></div>\n<div><span><b>Heading:</b></span> <span>210&deg;</span></div>\n</div>"},"icon-heading":210,"icon":"http://maps.google.com/mapfiles/kml/shapes/airports.png","timestamp":"2026-05-18T10:09:27+00:00"}},{"type":"Feature","geometry":{"type":"Point","coordinates":[-8.54193,39.7229,7726.68]},"properties":{"name":"2026-05-18 10:09:29 UTC","description":{"@type":"html","value":"<div><div><span><b>Altitude:</b></span> <span>25,350 ft</span></div>\n<div><span><b>Speed:</b></span> <span>375 kt</span></div>\n<div><span><b>Heading:</b></span> <span>211&deg;</span></div>\n</div>"},"icon-heading":211,"icon":"http://maps.google.com/mapfiles/kml/shapes/airports.png","timestamp":"2026-05-18T10:09:29+00:00"}},{"type":"Feature","geometry":{"type":"Point","coordinates":[-8.544312,39.719906,7719.06]},"properties":{"name":"2026-05-18 10:09:31 UTC","description":{"@type":"html","value":"<div><div><span><b>Altitude:</b></span> <span>25,325 ft</span></div>\n<div><span><b>Speed:</b></span> <span>376 kt</span></div>\n<div><span><b>Heading:</b></span> <span>211&deg;</span></div>\n</div>"},"icon-heading":211,"icon":"http://maps.google.com/mapfiles/kml/shapes/airports.png","timestamp":"2026-05-18T10:09:31+00:00"}},{"type":"Feature","geometry":{"type":"Point","coordinates":[-8.546766,39.716812,7703.82]},"properties":{"name":"2026-05-18 10:09:33 UTC","description":{"@type":"html","value":"<div><div><span><b>Altitude:</b></span> <span>25,275 ft</span></div>\n<div><span><b>Speed:</b></span> <span>375 kt</span></div>\n<div><span><b>Heading:</b></span> <span>211&deg;</span></div>\n</div>"},"icon-heading":211,"icon":"http://maps.google.com/mapfiles/kml/shapes/airports.png","timestamp":"2026-05-18T10:09:33+00:00"}},{"type":"Feature","geometry":{"type":"Point","coordinates":[-8.548975,39.71402,7696.2]},"properties":{"name":"2026-05-18 10:09:35 UTC","description":{"@type":"html","value":"<div><div><span><b>Altitude:</b></span> <span>25,250 ft</span></div>\n<div><span><b>Speed:</b></span> <span>375 kt</span></div>\n<div><span><b>Heading:</b></span> <span>211&deg;</span></div>\n</div>"},"icon-heading":211,"icon":"http://maps.google.com/mapfiles/kml/shapes/airports.png","timestamp":"2026-05-18T10:09:35+00:00"}},{"type":"Feature","geometry":{"type":"Point","coordinates":[-8.551961,39.710312,7680.96]},"properties":{"name":"2026-05-18 10:09:37 UTC","description":{"@type":"html","value":"<div><div><span><b>Altitude:</b></span> <span>25,200 ft</span></div>\n<div><span><b>Speed:</b></span> <span>375 kt</span></div>\n<div><span><b>Heading:</b></span> <span>211&deg;</span></div>\n</div>"},"icon-heading":211,"icon":"http://maps.google.com/mapfiles/kml/shapes/airports.png","timestamp":"2026-05-18T10:09:37+00:00"}},{"type":"Feature","geometry":{"type":"Point","coordinates":[-8.554138,39.707478,7665.72]},"properties":{"name":"2026-05-18 10:09:39 UTC","description":{"@type":"html","value":"<div><div><span><b>Altitude:</b></span> <span>25,150 ft</span></div>\n<div><span><b>Speed:</b></span> <span>376 kt</span></div>\n<div><span><b>Heading:</b></span> <span>211&deg;</span></div>\n</div>"},"icon-heading":211,"icon":"http://maps.google.com/mapfiles/kml/shapes/airports.png","timestamp":"2026-05-18T10:09:39+00:00"}},{"type":"Feature","geometry":{"type":"Point","coordinates":[-8.556738,39.704224,7650.48]},"properties":{"name":"2026-05-18 10:09:41 UTC","description":{"@type":"html","value":"<div><div><span><b>Altitude:</b></span> <span>25,100 ft</span></div>\n<div><span><b>Speed:</b></span> <span>375 kt</span></div>\n<div><span><b>Heading:</b></span> <span>211&deg;</span></div>\n</div>"},"icon-heading":211,"icon":"http://maps.google.com/mapfiles/kml/shapes/airports.png","timestamp":"2026-05-18T10:09:41+00:00"}},{"type":"Feature","geometry":{"type":"Point","coordinates":[-8.559663,39.70047,7635.24]},"properties":{"name":"2026-05-18 10:09:44 UTC","description":{"@type":"html","value":"<div><div><span><b>Altitude:</b></span> <span>25,050 ft</span></div>\n<div><span><b>Speed:</b></span> <span>376 kt</span></div>\n<div><span><b>Heading:</b></span> <span>211&deg;</span></div>\n</div>"},"icon-heading":211,"icon":"http://maps.google.com/mapfiles/kml/shapes/airports.png","timestamp":"2026-05-18T10:09:44+00:00"}},{"type":"Feature","geometry":{"type":"Point","coordinates":[-8.596313,39.653149,7429.5]},"properties":{"name":"2026-05-18 10:10:15 UTC","description":{"@type":"html","value":"<div><div><span><b>Altitude:</b></span> <span>24,375 ft</span></div>\n<div><span><b>Speed:</b></span> <span>378 kt</span></div>\n<div><span><b>Heading:</b></span> <span>211&deg;</span></div>\n</div>"},"icon-heading":211,"icon":"http://maps.google.com/mapfiles/kml/shapes/airports.png","timestamp":"2026-05-18T10:10:15+00:00"}},{"type":"Feature","geometry":{"type":"Point","coordinates":[-8.633789,39.605339,7216.14]},"properties":{"name":"2026-05-18 10:10:48 UTC","description":{"@type":"html","value":"<div><div><span><b>Altitude:</b></span> <span>23,675 ft</span></div>\n<div><span><b>Speed:</b></span> <span>376 kt</span></div>\n<div><span><b>Heading:</b></span> <span>211&deg;</span></div>\n</div>"},"icon-heading":211,"icon":"http://maps.google.com/mapfiles/kml/shapes/airports.png","timestamp":"2026-05-18T10:10:48+00:00"}},{"type":"Feature","geometry":{"type":"Point","coordinates":[-8.670243,39.558929,7025.64]},"properties":{"name":"2026-05-18 10:11:19 UTC","description":{"@type":"html","value":"<div><div><span><b>Altitude:</b></span> <span>23,050 ft</span></div>\n<div><span><b>Speed:</b></span> <span>371 kt</span></div>\n<div><span><b>Heading:</b></span> <span>211&deg;</span></div>\n</div>"},"icon-heading":211,"icon":"http://maps.google.com/mapfiles/kml/shapes/airports.png","timestamp":"2026-05-18T10:11:19+00:00"}},{"type":"Feature","geometry":{"type":"Point","coordinates":[-8.706177,39.513306,6819.9]},"properties":{"name":"2026-05-18 10:11:51 UTC","description":{"@type":"html","value":"<div><div><span><b>Altitude:</b></span> <span>22,375 ft</span></div>\n<div><span><b>Speed:</b></span> <span>361 kt</span></div>\n<div><span><b>Heading:</b></span> <span>211&deg;</span></div>\n</div>"},"icon-heading":211,"icon":"http://maps.google.com/mapfiles/kml/shapes/airports.png","timestamp":"2026-05-18T10:11:51+00:00"}},{"type":"Feature","geometry":{"type":"Point","coordinates":[-8.742432,39.466755,6629.4]},"properties":{"name":"2026-05-18 10:12:23 UTC","description":{"@type":"html","value":"<div><div><span><b>Altitude:</b></span> <span>21,750 ft</span></div>\n<div><span><b>Speed:</b></span> <span>357 kt</span></div>\n<div><span><b>Heading:</b></span> <span>211&deg;</span></div>\n</div>"},"icon-heading":211,"icon":"http://maps.google.com/mapfiles/kml/shapes/airports.png","timestamp":"2026-05-18T10:12:23+00:00"}},{"type":"Feature","geometry":{"type":"Point","coordinates":[-8.777121,39.422333,6438.9]},"properties":{"name":"2026-05-18 10:12:55 UTC","description":{"@type":"html","value":"<div><div><span><b>Altitude:</b></span> <span>21,125 ft</span></div>\n<div><span><b>Speed:</b></span> <span>356 kt</span></div>\n<div><span><b>Heading:</b></span> <span>211&deg;</span></div>\n</div>"},"icon-heading":211,"icon":"http://maps.google.com/mapfiles/kml/shapes/airports.png","timestamp":"2026-05-18T10:12:55+00:00"}},{"type":"Feature","geometry":{"type":"Point","coordinates":[-8.804109,39.393265,6301.74]},"properties":{"name":"2026-05-18 10:13:17 UTC","description":{"@type":"html","value":"<div><div><span><b>Altitude:</b></span> <span>20,675 ft</span></div>\n<div><span><b>Speed:</b></span> <span>348 kt</span></div>\n<div><span><b>Heading:</b></span> <span>222&deg;</span></div>\n</div>"},"icon-heading":222,"icon":"http://maps.google.com/mapfiles/kml/shapes/airports.png","timestamp":"2026-05-18T10:13:17+00:00"}},{"type":"Feature","geometry":{"type":"Point","coordinates":[-8.807617,39.390549,6286.5]},"properties":{"name":"2026-05-18 10:13:19 UTC","description":{"@type":"html","value":"<div><div><span><b>Altitude:</b></span> <span>20,625 ft</span></div>\n<div><span><b>Speed:</b></span> <span>347 kt</span></div>\n<div><span><b>Heading:</b></span> <span>224&deg;</span></div>\n</div>"},"icon-heading":224,"icon":"http://maps.google.com/mapfiles/kml/shapes/airports.png","timestamp":"2026-05-18T10:13:19+00:00"}},{"type":"Feature","geometry":{"type":"Point","coordinates":[-8.810797,39.388275,6278.88]},"properties":{"name":"2026-05-18 10:13:21 UTC","description":{"@type":"html","value":"<div><div><span><b>Altitude:</b></span> <span>20,600 ft</span></div>\n<div><span><b>Speed:</b></span> <span>346 kt</span></div>\n<div><span><b>Heading:</b></span> <span>225&deg;</span></div>\n</div>"},"icon-heading":225,"icon":"http://maps.google.com/mapfiles/kml/shapes/airports.png","timestamp":"2026-05-18T10:13:21+00:00"}},{"type":"Feature","geometry":{"type":"Point","coordinates":[-8.814209,39.385941,6263.64]},"properties":{"name":"2026-05-18 10:13:23 UTC","description":{"@type":"html","value":"<div><div><span><b>Altitude:</b></span> <span>20,550 ft</span></div>\n<div><span><b>Speed:</b></span> <span>344 kt</span></div>\n<div><span><b>Heading:</b></span> <span>227&deg;</span></div>\n</div>"},"icon-heading":227,"icon":"http://maps.google.com/mapfiles/kml/shapes/airports.png","timestamp":"2026-05-18T10:13:23+00:00"}},{"type":"Feature","geometry":{"type":"Point","coordinates":[-8.816711,39.384312,6256.02]},"properties":{"name":"2026-05-18 10:13:25 UTC","description":{"@type":"html","value":"<div><div><span><b>Altitude:</b></span> <span>20,525 ft</span></div>\n<div><span><b>Speed:</b></span> <span>344 kt</span></div>\n<div><span><b>Heading:</b></span> <span>228&deg;</span></div>\n</div>"},"icon-heading":228,"icon":"http://maps.google.com/mapfiles/kml/shapes/airports.png","timestamp":"2026-05-18T10:13:25+00:00"}},{"type":"Feature","geometry":{"type":"Point","coordinates":[-8.820862,39.381516,6240.78]},"properties":{"name":"2026-05-18 10:13:28 UTC","description":{"@type":"html","value":"<div><div><span><b>Altitude:</b></span> <span>20,475 ft</span></div>\n<div><span><b>Speed:</b></span> <span>343 kt</span></div>\n<div><span><b>Heading:</b></span> <span>229&deg;</span></div>\n</div>"},"icon-heading":229,"icon":"http://maps.google.com/mapfiles/kml/shapes/airports.png","timestamp":"2026-05-18T10:13:28+00:00"}},{"type":"Feature","geometry":{"type":"Point","coordinates":[-8.824158,39.37933,6233.16]},"properties":{"name":"2026-05-18 10:13:30 UTC","description":{"@type":"html","value":"<div><div><span><b>Altitude:</b></span> <span>20,450 ft</span></div>\n<div><span><b>Speed:</b></span> <span>342 kt</span></div>\n<div><span><b>Heading:</b></span> <span>229&deg;</span></div>\n</div>"},"icon-heading":229,"icon":"http://maps.google.com/mapfiles/kml/shapes/airports.png","timestamp":"2026-05-18T10:13:30+00:00"}},{"type":"Feature","geometry":{"type":"Point","coordinates":[-8.827097,39.37738,6217.92]},"properties":{"name":"2026-05-18 10:13:32 UTC","description":{"@type":"html","value":"<div><div><span><b>Altitude:</b></span> <span>20,400 ft</span></div>\n<div><span><b>Speed:</b></span> <span>341 kt</span></div>\n<div><span><b>Heading:</b></span> <span>229&deg;</span></div>\n</div>"},"icon-heading":229,"icon":"http://maps.google.com/mapfiles/kml/shapes/airports.png","timestamp":"2026-05-18T10:13:32+00:00"}},{"type":"Feature","geometry":{"type":"Point","coordinates":[-8.8302,39.375324,6210.3]},"properties":{"name":"2026-05-18 10:13:34 UTC","description":{"@type":"html","value":"<div><div><span><b>Altitude:</b></span> <span>20,375 ft</span></div>\n<div><span><b>Speed:</b></span> <span>341 kt</span></div>\n<div><span><b>Heading:</b></span> <span>229&deg;</span></div>\n</div>"},"icon-heading":229,"icon":"http://maps.google.com/mapfiles/kml/shapes/airports.png","timestamp":"2026-05-18T10:13:34+00:00"}},{"type":"Feature","geometry":{"type":"Point","coordinates":[-8.833724,39.37294,6195.06]},"properties":{"name":"2026-05-18 10:13:36 UTC","description":{"@type":"html","value":"<div><div><span><b>Altitude:</b></span> <span>20,325 ft</span></div>\n<div><span><b>Speed:</b></span> <span>341 kt</span></div>\n<div><span><b>Heading:</b></span> <span>229&deg;</span></div>\n</div>"},"icon-heading":229,"icon":"http://maps.google.com/mapfiles/kml/shapes/airports.png","timestamp":"2026-05-18T10:13:36+00:00"}},{"type":"Feature","geometry":{"type":"Point","coordinates":[-8.837307,39.37056,6187.44]},"properties":{"name":"2026-05-18 10:13:38 UTC","description":{"@type":"html","value":"<div><div><span><b>Altitude:</b></span> <span>20,300 ft</span></div>\n<div><span><b>Speed:</b></span> <span>341 kt</span></div>\n<div><span><b>Heading:</b></span> <span>229&deg;</span></div>\n</div>"},"icon-heading":229,"icon":"http://maps.google.com/mapfiles/kml/shapes/airports.png","timestamp":"2026-05-18T10:13:38+00:00"}},{"type":"Feature","geometry":{"type":"Point","coordinates":[-8.840531,39.368408,6172.2]},"properties":{"name":"2026-05-18 10:13:40 UTC","description":{"@type":"html","value":"<div><div><span><b>Altitude:</b></span> <span>20,250 ft</span></div>\n<div><span><b>Speed:</b></span> <span>341 kt</span></div>\n<div><span><b>Heading:</b></span> <span>229&deg;</span></div>\n</div>"},"icon-heading":229,"icon":"http://maps.google.com/mapfiles/kml/shapes/airports.png","timestamp":"2026-05-18T10:13:40+00:00"}},{"type":"Feature","geometry":{"type":"Point","coordinates":[-8.84375,39.366203,6164.58]},"properties":{"name":"2026-05-18 10:13:42 UTC","description":{"@type":"html","value":"<div><div><span><b>Altitude:</b></span> <span>20,225 ft</span></div>\n<div><span><b>Speed:</b></span> <span>341 kt</span></div>\n<div><span><b>Heading:</b></span> <span>228&deg;</span></div>\n</div>"},"icon-heading":228,"icon":"http://maps.google.com/mapfiles/kml/shapes/airports.png","timestamp":"2026-05-18T10:13:42+00:00"}},{"type":"Feature","geometry":{"type":"Point","coordinates":[-8.846924,39.364014,6149.34]},"properties":{"name":"2026-05-18 10:13:45 UTC","description":{"@type":"html","value":"<div><div><span><b>Altitude:</b></span> <span>20,175 ft</span></div>\n<div><span><b>Speed:</b></span> <span>342 kt</span></div>\n<div><span><b>Heading:</b></span> <span>228&deg;</span></div>\n</div>"},"icon-heading":228,"icon":"http://maps.google.com/mapfiles/kml/shapes/airports.png","timestamp":"2026-05-18T10:13:45+00:00"}},{"type":"Feature","geometry":{"type":"Point","coordinates":[-8.89502,39.330776,5966.46]},"properties":{"name":"2026-05-18 10:14:16 UTC","description":{"@type":"html","value":"<div><div><span><b>Altitude:</b></span> <span>19,575 ft</span></div>\n<div><span><b>Speed:</b></span> <span>339 kt</span></div>\n<div><span><b>Heading:</b></span> <span>228&deg;</span></div>\n</div>"},"icon-heading":228,"icon":"http://maps.google.com/mapfiles/kml/shapes/airports.png","timestamp":"2026-05-18T10:14:16+00:00"}},{"type":"Feature","geometry":{"type":"Point","coordinates":[-8.942393,39.29837,5791.2]},"properties":{"name":"2026-05-18 10:14:48 UTC","description":{"@type":"html","value":"<div><div><span><b>Altitude:</b></span> <span>19,000 ft</span></div>\n<div><span><b>Speed:</b></span> <span>338 kt</span></div>\n<div><span><b>Heading:</b></span> <span>228&deg;</span></div>\n</div>"},"icon-heading":228,"icon":"http://maps.google.com/mapfiles/kml/shapes/airports.png","timestamp":"2026-05-18T10:14:48+00:00"}},{"type":"Feature","geometry":{"type":"Point","coordinates":[-8.98825,39.267197,5615.94]},"properties":{"name":"2026-05-18 10:15:18 UTC","description":{"@type":"html","value":"<div><div><span><b>Altitude:</b></span> <span>18,425 ft</span></div>\n<div><span><b>Speed:</b></span> <span>334 kt</span></div>\n<div><span><b>Heading:</b></span> <span>228&deg;</span></div>\n</div>"},"icon-heading":228,"icon":"http://maps.google.com/mapfiles/kml/shapes/airports.png","timestamp":"2026-05-18T10:15:18+00:00"}},{"type":"Feature","geometry":{"type":"Point","coordinates":[-9.036316,39.234272,5425.44]},"properties":{"name":"2026-05-18 10:15:50 UTC","description":{"@type":"html","value":"<div><div><span><b>Altitude:</b></span> <span>17,800 ft</span></div>\n<div><span><b>Speed:</b></span> <span>334 kt</span></div>\n<div><span><b>Heading:</b></span> <span>228&deg;</span></div>\n</div>"},"icon-heading":228,"icon":"http://maps.google.com/mapfiles/kml/shapes/airports.png","timestamp":"2026-05-18T10:15:50+00:00"}},{"type":"Feature","geometry":{"type":"Point","coordinates":[-9.083961,39.201736,5234.94]},"properties":{"name":"2026-05-18 10:16:22 UTC","description":{"@type":"html","value":"<div><div><span><b>Altitude:</b></span> <span>17,175 ft</span></div>\n<div><span><b>Speed:</b></span> <span>336 kt</span></div>\n<div><span><b>Heading:</b></span> <span>228&deg;</span></div>\n</div>"},"icon-heading":228,"icon":"http://maps.google.com/mapfiles/kml/shapes/airports.png","timestamp":"2026-05-18T10:16:22+00:00"}},{"type":"Feature","geometry":{"type":"Point","coordinates":[-9.132629,39.168354,5036.82]},"properties":{"name":"2026-05-18 10:16:54 UTC","description":{"@type":"html","value":"<div><div><span><b>Altitude:</b></span> <span>16,525 ft</span></div>\n<div><span><b>Speed:</b></span> <span>332 kt</span></div>\n<div><span><b>Heading:</b></span> <span>228&deg;</span></div>\n</div>"},"icon-heading":228,"icon":"http://maps.google.com/mapfiles/kml/shapes/airports.png","timestamp":"2026-05-18T10:16:54+00:00"}},{"type":"Feature","geometry":{"type":"Point","coordinates":[-9.178589,39.136559,4861.56]},"properties":{"name":"2026-05-18 10:17:26 UTC","description":{"@type":"html","value":"<div><div><span><b>Altitude:</b></span> <span>15,950 ft</span></div>\n<div><span><b>Speed:</b></span> <span>324 kt</span></div>\n<div><span><b>Heading:</b></span> <span>228&deg;</span></div>\n</div>"},"icon-heading":228,"icon":"http://maps.google.com/mapfiles/kml/shapes/airports.png","timestamp":"2026-05-18T10:17:26+00:00"}},{"type":"Feature","geometry":{"type":"Point","coordinates":[-9.224097,39.10524,4678.68]},"properties":{"name":"2026-05-18 10:17:59 UTC","description":{"@type":"html","value":"<div><div><span><b>Altitude:</b></span> <span>15,350 ft</span></div>\n<div><span><b>Speed:</b></span> <span>315 kt</span></div>\n<div><span><b>Heading:</b></span> <span>228&deg;</span></div>\n</div>"},"icon-heading":228,"icon":"http://maps.google.com/mapfiles/kml/shapes/airports.png","timestamp":"2026-05-18T10:17:59+00:00"}},{"type":"Feature","geometry":{"type":"Point","coordinates":[-9.270132,39.073608,4503.42]},"properties":{"name":"2026-05-18 10:18:31 UTC","description":{"@type":"html","value":"<div><div><span><b>Altitude:</b></span> <span>14,775 ft</span></div>\n<div><span><b>Speed:</b></span> <span>315 kt</span></div>\n<div><span><b>Heading:</b></span> <span>228&deg;</span></div>\n</div>"},"icon-heading":228,"icon":"http://maps.google.com/mapfiles/kml/shapes/airports.png","timestamp":"2026-05-18T10:18:31+00:00"}},{"type":"Feature","geometry":{"type":"Point","coordinates":[-9.315093,39.042618,4320.54]},"properties":{"name":"2026-05-18 10:19:03 UTC","description":{"@type":"html","value":"<div><div><span><b>Altitude:</b></span> <span>14,175 ft</span></div>\n<div><span><b>Speed:</b></span> <span>310 kt</span></div>\n<div><span><b>Heading:</b></span> <span>228&deg;</span></div>\n</div>"},"icon-heading":228,"icon":"http://maps.google.com/mapfiles/kml/shapes/airports.png","timestamp":"2026-05-18T10:19:03+00:00"}},{"type":"Feature","geometry":{"type":"Point","coordinates":[-9.358582,39.012451,4145.28]},"properties":{"name":"2026-05-18 10:19:35 UTC","description":{"@type":"html","value":"<div><div><span><b>Altitude:</b></span> <span>13,600 ft</span></div>\n<div><span><b>Speed:</b></span> <span>308 kt</span></div>\n<div><span><b>Heading:</b></span> <span>228&deg;</span></div>\n</div>"},"icon-heading":228,"icon":"http://maps.google.com/mapfiles/kml/shapes/airports.png","timestamp":"2026-05-18T10:19:35+00:00"}},{"type":"Feature","geometry":{"type":"Point","coordinates":[-9.4021,38.98238,3977.64]},"properties":{"name":"2026-05-18 10:20:07 UTC","description":{"@type":"html","value":"<div><div><span><b>Altitude:</b></span> <span>13,050 ft</span></div>\n<div><span><b>Speed:</b></span> <span>305 kt</span></div>\n<div><span><b>Heading:</b></span> <span>228&deg;</span></div>\n</div>"},"icon-heading":228,"icon":"http://maps.google.com/mapfiles/kml/shapes/airports.png","timestamp":"2026-05-18T10:20:07+00:00"}},{"type":"Feature","geometry":{"type":"Point","coordinates":[-9.445801,38.952072,3756.66]},"properties":{"name":"2026-05-18 10:20:39 UTC","description":{"@type":"html","value":"<div><div><span><b>Altitude:</b></span> <span>12,325 ft</span></div>\n<div><span><b>Speed:</b></span> <span>303 kt</span></div>\n<div><span><b>Heading:</b></span> <span>228&deg;</span></div>\n</div>"},"icon-heading":228,"icon":"http://maps.google.com/mapfiles/kml/shapes/airports.png","timestamp":"2026-05-18T10:20:39+00:00"}},{"type":"Feature","geometry":{"type":"Point","coordinates":[-9.488128,38.922775,3520.44]},"properties":{"name":"2026-05-18 10:21:11 UTC","description":{"@type":"html","value":"<div><div><span><b>Altitude:</b></span> <span>11,550 ft</span></div>\n<div><span><b>Speed:</b></span> <span>296 kt</span></div>\n<div><span><b>Heading:</b></span> <span>228&deg;</span></div>\n</div>"},"icon-heading":228,"icon":"http://maps.google.com/mapfiles/kml/shapes/airports.png","timestamp":"2026-05-18T10:21:11+00:00"}},{"type":"Feature","geometry":{"type":"Point","coordinates":[-9.507174,38.909546,3406.14]},"properties":{"name":"2026-05-18 10:21:26 UTC","description":{"@type":"html","value":"<div><div><span><b>Altitude:</b></span> <span>11,175 ft</span></div>\n<div><span><b>Speed:</b></span> <span>293 kt</span></div>\n<div><span><b>Heading:</b></span> <span>228&deg;</span></div>\n</div>"},"icon-heading":228,"icon":"http://maps.google.com/mapfiles/kml/shapes/airports.png","timestamp":"2026-05-18T10:21:26+00:00"}},{"type":"Feature","geometry":{"type":"Point","coordinates":[-9.523804,38.898026,3307.08]},"properties":{"name":"2026-05-18 10:21:39 UTC","description":{"@type":"html","value":"<div><div><span><b>Altitude:</b></span> <span>10,850 ft</span></div>\n<div><span><b>Speed:</b></span> <span>291 kt</span></div>\n<div><span><b>Heading:</b></span> <span>228&deg;</span></div>\n</div>"},"icon-heading":228,"icon":"http://maps.google.com/mapfiles/kml/shapes/airports.png","timestamp":"2026-05-18T10:21:39+00:00"}},{"type":"Feature","geometry":{"type":"Point","coordinates":[-9.536377,38.887085,3223.26]},"properties":{"name":"2026-05-18 10:21:49 UTC","description":{"@type":"html","value":"<div><div><span><b>Altitude:</b></span> <span>10,575 ft</span></div>\n<div><span><b>Speed:</b></span> <span>293 kt</span></div>\n<div><span><b>Heading:</b></span> <span>217&deg;</span></div>\n</div>"},"icon-heading":217,"icon":"http://maps.google.com/mapfiles/kml/shapes/airports.png","timestamp":"2026-05-18T10:21:49+00:00"}},{"type":"Feature","geometry":{"type":"Point","coordinates":[-9.538521,38.884598,3208.02]},"properties":{"name":"2026-05-18 10:21:52 UTC","description":{"@type":"html","value":"<div><div><span><b>Altitude:</b></span> <span>10,525 ft</span></div>\n<div><span><b>Speed:</b></span> <span>292 kt</span></div>\n<div><span><b>Heading:</b></span> <span>214&deg;</span></div>\n</div>"},"icon-heading":214,"icon":"http://maps.google.com/mapfiles/kml/shapes/airports.png","timestamp":"2026-05-18T10:21:52+00:00"}},{"type":"Feature","geometry":{"type":"Point","coordinates":[-9.540611,38.881622,3185.16]},"properties":{"name":"2026-05-18 10:21:54 UTC","description":{"@type":"html","value":"<div><div><span><b>Altitude:</b></span> <span>10,450 ft</span></div>\n<div><span><b>Speed:</b></span> <span>293 kt</span></div>\n<div><span><b>Heading:</b></span> <span>211&deg;</span></div>\n</div>"},"icon-heading":211,"icon":"http://maps.google.com/mapfiles/kml/shapes/airports.png","timestamp":"2026-05-18T10:21:54+00:00"}},{"type":"Feature","geometry":{"type":"Point","coordinates":[-9.542236,38.879032,3169.92]},"properties":{"name":"2026-05-18 10:21:56 UTC","description":{"@type":"html","value":"<div><div><span><b>Altitude:</b></span> <span>10,400 ft</span></div>\n<div><span><b>Speed:</b></span> <span>294 kt</span></div>\n<div><span><b>Heading:</b></span> <span>206&deg;</span></div>\n</div>"},"icon-heading":206,"icon":"http://maps.google.com/mapfiles/kml/shapes/airports.png","timestamp":"2026-05-18T10:21:56+00:00"}},{"type":"Feature","geometry":{"type":"Point","coordinates":[-9.54364,38.876427,3147.06]},"properties":{"name":"2026-05-18 10:21:58 UTC","description":{"@type":"html","value":"<div><div><span><b>Altitude:</b></span> <span>10,325 ft</span></div>\n<div><span><b>Speed:</b></span> <span>294 kt</span></div>\n<div><span><b>Heading:</b></span> <span>205&deg;</span></div>\n</div>"},"icon-heading":205,"icon":"http://maps.google.com/mapfiles/kml/shapes/airports.png","timestamp":"2026-05-18T10:21:58+00:00"}},{"type":"Feature","geometry":{"type":"Point","coordinates":[-9.544731,38.873978,3131.82]},"properties":{"name":"2026-05-18 10:22:00 UTC","description":{"@type":"html","value":"<div><div><span><b>Altitude:</b></span> <span>10,275 ft</span></div>\n<div><span><b>Speed:</b></span> <span>295 kt</span></div>\n<div><span><b>Heading:</b></span> <span>200&deg;</span></div>\n</div>"},"icon-heading":200,"icon":"http://maps.google.com/mapfiles/kml/shapes/airports.png","timestamp":"2026-05-18T10:22:00+00:00"}},{"type":"Feature","geometry":{"type":"Point","coordinates":[-9.545898,38.870838,3116.58]},"properties":{"name":"2026-05-18 10:22:02 UTC","description":{"@type":"html","value":"<div><div><span><b>Altitude:</b></span> <span>10,225 ft</span></div>\n<div><span><b>Speed:</b></span> <span>295 kt</span></div>\n<div><span><b>Heading:</b></span> <span>196&deg;</span></div>\n</div>"},"icon-heading":196,"icon":"http://maps.google.com/mapfiles/kml/shapes/airports.png","timestamp":"2026-05-18T10:22:02+00:00"}},{"type":"Feature","geometry":{"type":"Point","coordinates":[-9.546701,38.868027,3101.34]},"properties":{"name":"2026-05-18 10:22:04 UTC","description":{"@type":"html","value":"<div><div><span><b>Altitude:</b></span> <span>10,175 ft</span></div>\n<div><span><b>Speed:</b></span> <span>296 kt</span></div>\n<div><span><b>Heading:</b></span> <span>193&deg;</span></div>\n</div>"},"icon-heading":193,"icon":"http://maps.google.com/mapfiles/kml/shapes/airports.png","timestamp":"2026-05-18T10:22:04+00:00"}},{"type":"Feature","geometry":{"type":"Point","coordinates":[-9.547179,38.865143,3086.1]},"properties":{"name":"2026-05-18 10:22:06 UTC","description":{"@type":"html","value":"<div><div><span><b>Altitude:</b></span> <span>10,125 ft</span></div>\n<div><span><b>Speed:</b></span> <span>296 kt</span></div>\n<div><span><b>Heading:</b></span> <span>189&deg;</span></div>\n</div>"},"icon-heading":189,"icon":"http://maps.google.com/mapfiles/kml/shapes/airports.png","timestamp":"2026-05-18T10:22:06+00:00"}},{"type":"Feature","geometry":{"type":"Point","coordinates":[-9.547424,38.862972,3070.86]},"properties":{"name":"2026-05-18 10:22:09 UTC","description":{"@type":"html","value":"<div><div><span><b>Altitude:</b></span> <span>10,075 ft</span></div>\n<div><span><b>Speed:</b></span> <span>296 kt</span></div>\n<div><span><b>Heading:</b></span> <span>186&deg;</span></div>\n</div>"},"icon-heading":186,"icon":"http://maps.google.com/mapfiles/kml/shapes/airports.png","timestamp":"2026-05-18T10:22:09+00:00"}},{"type":"Feature","geometry":{"type":"Point","coordinates":[-9.547607,38.859715,3055.62]},"properties":{"name":"2026-05-18 10:22:11 UTC","description":{"@type":"html","value":"<div><div><span><b>Altitude:</b></span> <span>10,025 ft</span></div>\n<div><span><b>Speed:</b></span> <span>296 kt</span></div>\n<div><span><b>Heading:</b></span> <span>183&deg;</span></div>\n</div>"},"icon-heading":183,"icon":"http://maps.google.com/mapfiles/kml/shapes/airports.png","timestamp":"2026-05-18T10:22:11+00:00"}},{"type":"Feature","geometry":{"type":"Point","coordinates":[-9.547656,38.856949,3048]},"properties":{"name":"2026-05-18 10:22:13 UTC","description":{"@type":"html","value":"<div><div><span><b>Altitude:</b></span> <span>10,000 ft</span></div>\n<div><span><b>Speed:</b></span> <span>295 kt</span></div>\n<div><span><b>Heading:</b></span> <span>181&deg;</span></div>\n</div>"},"icon-heading":181,"icon":"http://maps.google.com/mapfiles/kml/shapes/airports.png","timestamp":"2026-05-18T10:22:13+00:00"}},{"type":"Feature","geometry":{"type":"Point","coordinates":[-9.547668,38.854404,3040.38]},"properties":{"name":"2026-05-18 10:22:15 UTC","description":{"@type":"html","value":"<div><div><span><b>Altitude:</b></span> <span>9,975 ft</span></div>\n<div><span><b>Speed:</b></span> <span>294 kt</span></div>\n<div><span><b>Heading:</b></span> <span>180&deg;</span></div>\n</div>"},"icon-heading":180,"icon":"http://maps.google.com/mapfiles/kml/shapes/airports.png","timestamp":"2026-05-18T10:22:15+00:00"}},{"type":"Feature","geometry":{"type":"Point","coordinates":[-9.547656,38.851135,3032.76]},"properties":{"name":"2026-05-18 10:22:17 UTC","description":{"@type":"html","value":"<div><div><span><b>Altitude:</b></span> <span>9,950 ft</span></div>\n<div><span><b>Speed:</b></span> <span>293 kt</span></div>\n<div><span><b>Heading:</b></span> <span>180&deg;</span></div>\n</div>"},"icon-heading":180,"icon":"http://maps.google.com/mapfiles/kml/shapes/airports.png","timestamp":"2026-05-18T10:22:17+00:00"}},{"type":"Feature","geometry":{"type":"Point","coordinates":[-9.547597,38.848297,3025.14]},"properties":{"name":"2026-05-18 10:22:19 UTC","description":{"@type":"html","value":"<div><div><span><b>Altitude:</b></span> <span>9,925 ft</span></div>\n<div><span><b>Speed:</b></span> <span>292 kt</span></div>\n<div><span><b>Heading:</b></span> <span>179&deg;</span></div>\n</div>"},"icon-heading":179,"icon":"http://maps.google.com/mapfiles/kml/shapes/airports.png","timestamp":"2026-05-18T10:22:19+00:00"}},{"type":"Feature","geometry":{"type":"Point","coordinates":[-9.547597,38.845871,3017.52]},"properties":{"name":"2026-05-18 10:22:21 UTC","description":{"@type":"html","value":"<div><div><span><b>Altitude:</b></span> <span>9,900 ft</span></div>\n<div><span><b>Speed:</b></span> <span>292 kt</span></div>\n<div><span><b>Heading:</b></span> <span>179&deg;</span></div>\n</div>"},"icon-heading":179,"icon":"http://maps.google.com/mapfiles/kml/shapes/airports.png","timestamp":"2026-05-18T10:22:21+00:00"}},{"type":"Feature","geometry":{"type":"Point","coordinates":[-9.547546,38.842628,3009.9]},"properties":{"name":"2026-05-18 10:22:23 UTC","description":{"@type":"html","value":"<div><div><span><b>Altitude:</b></span> <span>9,875 ft</span></div>\n<div><span><b>Speed:</b></span> <span>292 kt</span></div>\n<div><span><b>Heading:</b></span> <span>179&deg;</span></div>\n</div>"},"icon-heading":179,"icon":"http://maps.google.com/mapfiles/kml/shapes/airports.png","timestamp":"2026-05-18T10:22:23+00:00"}},{"type":"Feature","geometry":{"type":"Point","coordinates":[-9.547597,38.839508,2994.66]},"properties":{"name":"2026-05-18 10:22:25 UTC","description":{"@type":"html","value":"<div><div><span><b>Altitude:</b></span> <span>9,825 ft</span></div>\n<div><span><b>Speed:</b></span> <span>291 kt</span></div>\n<div><span><b>Heading:</b></span> <span>180&deg;</span></div>\n</div>"},"icon-heading":180,"icon":"http://maps.google.com/mapfiles/kml/shapes/airports.png","timestamp":"2026-05-18T10:22:25+00:00"}},{"type":"Feature","geometry":{"type":"Point","coordinates":[-9.547597,38.83667,2987.04]},"properties":{"name":"2026-05-18 10:22:28 UTC","description":{"@type":"html","value":"<div><div><span><b>Altitude:</b></span> <span>9,800 ft</span></div>\n<div><span><b>Speed:</b></span> <span>291 kt</span></div>\n<div><span><b>Heading:</b></span> <span>180&deg;</span></div>\n</div>"},"icon-heading":180,"icon":"http://maps.google.com/mapfiles/kml/shapes/airports.png","timestamp":"2026-05-18T10:22:28+00:00"}},{"type":"Feature","geometry":{"type":"Point","coordinates":[-9.547656,38.833969,2979.42]},"properties":{"name":"2026-05-18 10:22:30 UTC","description":{"@type":"html","value":"<div><div><span><b>Altitude:</b></span> <span>9,775 ft</span></div>\n<div><span><b>Speed:</b></span> <span>292 kt</span></div>\n<div><span><b>Heading:</b></span> <span>180&deg;</span></div>\n</div>"},"icon-heading":180,"icon":"http://maps.google.com/mapfiles/kml/shapes/airports.png","timestamp":"2026-05-18T10:22:30+00:00"}},{"type":"Feature","geometry":{"type":"Point","coordinates":[-9.547729,38.830757,2971.8]},"properties":{"name":"2026-05-18 10:22:32 UTC","description":{"@type":"html","value":"<div><div><span><b>Altitude:</b></span> <span>9,750 ft</span></div>\n<div><span><b>Speed:</b></span> <span>292 kt</span></div>\n<div><span><b>Heading:</b></span> <span>181&deg;</span></div>\n</div>"},"icon-heading":181,"icon":"http://maps.google.com/mapfiles/kml/shapes/airports.png","timestamp":"2026-05-18T10:22:32+00:00"}},{"type":"Feature","geometry":{"type":"Point","coordinates":[-9.547835,38.828064,2956.56]},"properties":{"name":"2026-05-18 10:22:34 UTC","description":{"@type":"html","value":"<div><div><span><b>Altitude:</b></span> <span>9,700 ft</span></div>\n<div><span><b>Speed:</b></span> <span>292 kt</span></div>\n<div><span><b>Heading:</b></span> <span>181&deg;</span></div>\n</div>"},"icon-heading":181,"icon":"http://maps.google.com/mapfiles/kml/shapes/airports.png","timestamp":"2026-05-18T10:22:34+00:00"}},{"type":"Feature","geometry":{"type":"Point","coordinates":[-9.547974,38.825218,2948.94]},"properties":{"name":"2026-05-18 10:22:36 UTC","description":{"@type":"html","value":"<div><div><span><b>Altitude:</b></span> <span>9,675 ft</span></div>\n<div><span><b>Speed:</b></span> <span>291 kt</span></div>\n<div><span><b>Heading:</b></span> <span>181&deg;</span></div>\n</div>"},"icon-heading":181,"icon":"http://maps.google.com/mapfiles/kml/shapes/airports.png","timestamp":"2026-05-18T10:22:36+00:00"}},{"type":"Feature","geometry":{"type":"Point","coordinates":[-9.548767,38.807434,2880.36]},"properties":{"name":"2026-05-18 10:22:49 UTC","description":{"@type":"html","value":"<div><div><span><b>Altitude:</b></span> <span>9,450 ft</span></div>\n<div><span><b>Speed:</b></span> <span>291 kt</span></div>\n<div><span><b>Heading:</b></span> <span>181&deg;</span></div>\n</div>"},"icon-heading":181,"icon":"http://maps.google.com/mapfiles/kml/shapes/airports.png","timestamp":"2026-05-18T10:22:49+00:00"}},{"type":"Feature","geometry":{"type":"Point","coordinates":[-9.549316,38.790676,2819.4]},"properties":{"name":"2026-05-18 10:23:02 UTC","description":{"@type":"html","value":"<div><div><span><b>Altitude:</b></span> <span>9,250 ft</span></div>\n<div><span><b>Speed:</b></span> <span>289 kt</span></div>\n<div><span><b>Heading:</b></span> <span>181&deg;</span></div>\n</div>"},"icon-heading":181,"icon":"http://maps.google.com/mapfiles/kml/shapes/airports.png","timestamp":"2026-05-18T10:23:02+00:00"}},{"type":"Feature","geometry":{"type":"Point","coordinates":[-9.549744,38.773033,2750.82]},"properties":{"name":"2026-05-18 10:23:15 UTC","description":{"@type":"html","value":"<div><div><span><b>Altitude:</b></span> <span>9,025 ft</span></div>\n<div><span><b>Speed:</b></span> <span>288 kt</span></div>\n<div><span><b>Heading:</b></span> <span>180&deg;</span></div>\n</div>"},"icon-heading":180,"icon":"http://maps.google.com/mapfiles/kml/shapes/airports.png","timestamp":"2026-05-18T10:23:15+00:00"}},{"type":"Feature","geometry":{"type":"Point","coordinates":[-9.550164,38.755737,2720.34]},"properties":{"name":"2026-05-18 10:23:28 UTC","description":{"@type":"html","value":"<div><div><span><b>Altitude:</b></span> <span>8,925 ft</span></div>\n<div><span><b>Speed:</b></span> <span>288 kt</span></div>\n<div><span><b>Heading:</b></span> <span>181&deg;</span></div>\n</div>"},"icon-heading":181,"icon":"http://maps.google.com/mapfiles/kml/shapes/airports.png","timestamp":"2026-05-18T10:23:28+00:00"}},{"type":"Feature","geometry":{"type":"Point","coordinates":[-9.550537,38.738815,2689.86]},"properties":{"name":"2026-05-18 10:23:41 UTC","description":{"@type":"html","value":"<div><div><span><b>Altitude:</b></span> <span>8,825 ft</span></div>\n<div><span><b>Speed:</b></span> <span>290 kt</span></div>\n<div><span><b>Heading:</b></span> <span>180&deg;</span></div>\n</div>"},"icon-heading":180,"icon":"http://maps.google.com/mapfiles/kml/shapes/airports.png","timestamp":"2026-05-18T10:23:41+00:00"}},{"type":"Feature","geometry":{"type":"Point","coordinates":[-9.550903,38.719032,2644.14]},"properties":{"name":"2026-05-18 10:23:56 UTC","description":{"@type":"html","value":"<div><div><span><b>Altitude:</b></span> <span>8,675 ft</span></div>\n<div><span><b>Speed:</b></span> <span>291 kt</span></div>\n<div><span><b>Heading:</b></span> <span>180&deg;</span></div>\n</div>"},"icon-heading":180,"icon":"http://maps.google.com/mapfiles/kml/shapes/airports.png","timestamp":"2026-05-18T10:23:56+00:00"}},{"type":"Feature","geometry":{"type":"Point","coordinates":[-9.551208,38.702179,2613.66]},"properties":{"name":"2026-05-18 10:24:08 UTC","description":{"@type":"html","value":"<div><div><span><b>Altitude:</b></span> <span>8,575 ft</span></div>\n<div><span><b>Speed:</b></span> <span>292 kt</span></div>\n<div><span><b>Heading:</b></span> <span>180&deg;</span></div>\n</div>"},"icon-heading":180,"icon":"http://maps.google.com/mapfiles/kml/shapes/airports.png","timestamp":"2026-05-18T10:24:08+00:00"}},{"type":"Feature","geometry":{"type":"Point","coordinates":[-9.551636,38.684769,2583.18]},"properties":{"name":"2026-05-18 10:24:21 UTC","description":{"@type":"html","value":"<div><div><span><b>Altitude:</b></span> <span>8,475 ft</span></div>\n<div><span><b>Speed:</b></span> <span>291 kt</span></div>\n<div><span><b>Heading:</b></span> <span>181&deg;</span></div>\n</div>"},"icon-heading":181,"icon":"http://maps.google.com/mapfiles/kml/shapes/airports.png","timestamp":"2026-05-18T10:24:21+00:00"}},{"type":"Feature","geometry":{"type":"Point","coordinates":[-9.552075,38.667114,2537.46]},"properties":{"name":"2026-05-18 10:24:34 UTC","description":{"@type":"html","value":"<div><div><span><b>Altitude:</b></span> <span>8,325 ft</span></div>\n<div><span><b>Speed:</b></span> <span>291 kt</span></div>\n<div><span><b>Heading:</b></span> <span>181&deg;</span></div>\n</div>"},"icon-heading":181,"icon":"http://maps.google.com/mapfiles/kml/shapes/airports.png","timestamp":"2026-05-18T10:24:34+00:00"}},{"type":"Feature","geometry":{"type":"Point","coordinates":[-9.552673,38.64748,2461.26]},"properties":{"name":"2026-05-18 10:24:49 UTC","description":{"@type":"html","value":"<div><div><span><b>Altitude:</b></span> <span>8,075 ft</span></div>\n<div><span><b>Speed:</b></span> <span>290 kt</span></div>\n<div><span><b>Heading:</b></span> <span>181&deg;</span></div>\n</div>"},"icon-heading":181,"icon":"http://maps.google.com/mapfiles/kml/shapes/airports.png","timestamp":"2026-05-18T10:24:49+00:00"}},{"type":"Feature","geometry":{"type":"Point","coordinates":[-9.553149,38.629166,2392.68]},"properties":{"name":"2026-05-18 10:25:02 UTC","description":{"@type":"html","value":"<div><div><span><b>Altitude:</b></span> <span>7,850 ft</span></div>\n<div><span><b>Speed:</b></span> <span>288 kt</span></div>\n<div><span><b>Heading:</b></span> <span>181&deg;</span></div>\n</div>"},"icon-heading":181,"icon":"http://maps.google.com/mapfiles/kml/shapes/airports.png","timestamp":"2026-05-18T10:25:02+00:00"}},{"type":"Feature","geometry":{"type":"Point","coordinates":[-9.553406,38.612705,2331.72]},"properties":{"name":"2026-05-18 10:25:15 UTC","description":{"@type":"html","value":"<div><div><span><b>Altitude:</b></span> <span>7,650 ft</span></div>\n<div><span><b>Speed:</b></span> <span>286 kt</span></div>\n<div><span><b>Heading:</b></span> <span>180&deg;</span></div>\n</div>"},"icon-heading":180,"icon":"http://maps.google.com/mapfiles/kml/shapes/airports.png","timestamp":"2026-05-18T10:25:15+00:00"}},{"type":"Feature","geometry":{"type":"Point","coordinates":[-9.551598,38.601242,2278.38]},"properties":{"name":"2026-05-18 10:25:23 UTC","description":{"@type":"html","value":"<div><div><span><b>Altitude:</b></span> <span>7,475 ft</span></div>\n<div><span><b>Speed:</b></span> <span>283 kt</span></div>\n<div><span><b>Heading:</b></span> <span>169&deg;</span></div>\n</div>"},"icon-heading":169,"icon":"http://maps.google.com/mapfiles/kml/shapes/airports.png","timestamp":"2026-05-18T10:25:23+00:00"}},{"type":"Feature","geometry":{"type":"Point","coordinates":[-9.550821,38.598953,2270.76]},"properties":{"name":"2026-05-18 10:25:25 UTC","description":{"@type":"html","value":"<div><div><span><b>Altitude:</b></span> <span>7,450 ft</span></div>\n<div><span><b>Speed:</b></span> <span>283 kt</span></div>\n<div><span><b>Heading:</b></span> <span>166&deg;</span></div>\n</div>"},"icon-heading":166,"icon":"http://maps.google.com/mapfiles/kml/shapes/airports.png","timestamp":"2026-05-18T10:25:25+00:00"}},{"type":"Feature","geometry":{"type":"Point","coordinates":[-9.5495,38.59576,2255.52]},"properties":{"name":"2026-05-18 10:25:28 UTC","description":{"@type":"html","value":"<div><div><span><b>Altitude:</b></span> <span>7,400 ft</span></div>\n<div><span><b>Speed:</b></span> <span>281 kt</span></div>\n<div><span><b>Heading:</b></span> <span>163&deg;</span></div>\n</div>"},"icon-heading":163,"icon":"http://maps.google.com/mapfiles/kml/shapes/airports.png","timestamp":"2026-05-18T10:25:28+00:00"}},{"type":"Feature","geometry":{"type":"Point","coordinates":[-9.548279,38.593342,2247.9]},"properties":{"name":"2026-05-18 10:25:30 UTC","description":{"@type":"html","value":"<div><div><span><b>Altitude:</b></span> <span>7,375 ft</span></div>\n<div><span><b>Speed:</b></span> <span>281 kt</span></div>\n<div><span><b>Heading:</b></span> <span>160&deg;</span></div>\n</div>"},"icon-heading":160,"icon":"http://maps.google.com/mapfiles/kml/shapes/airports.png","timestamp":"2026-05-18T10:25:30+00:00"}},{"type":"Feature","geometry":{"type":"Point","coordinates":[-9.546936,38.591106,2240.28]},"properties":{"name":"2026-05-18 10:25:32 UTC","description":{"@type":"html","value":"<div><div><span><b>Altitude:</b></span> <span>7,350 ft</span></div>\n<div><span><b>Speed:</b></span> <span>280 kt</span></div>\n<div><span><b>Heading:</b></span> <span>157&deg;</span></div>\n</div>"},"icon-heading":157,"icon":"http://maps.google.com/mapfiles/kml/shapes/airports.png","timestamp":"2026-05-18T10:25:32+00:00"}},{"type":"Feature","geometry":{"type":"Point","coordinates":[-9.545447,38.588974,2232.66]},"properties":{"name":"2026-05-18 10:25:34 UTC","description":{"@type":"html","value":"<div><div><span><b>Altitude:</b></span> <span>7,325 ft</span></div>\n<div><span><b>Speed:</b></span> <span>279 kt</span></div>\n<div><span><b>Heading:</b></span> <span>153&deg;</span></div>\n</div>"},"icon-heading":153,"icon":"http://maps.google.com/mapfiles/kml/shapes/airports.png","timestamp":"2026-05-18T10:25:34+00:00"}},{"type":"Feature","geometry":{"type":"Point","coordinates":[-9.543298,38.586273,2225.04]},"properties":{"name":"2026-05-18 10:25:36 UTC","description":{"@type":"html","value":"<div><div><span><b>Altitude:</b></span> <span>7,300 ft</span></div>\n<div><span><b>Speed:</b></span> <span>278 kt</span></div>\n<div><span><b>Heading:</b></span> <span>150&deg;</span></div>\n</div>"},"icon-heading":150,"icon":"http://maps.google.com/mapfiles/kml/shapes/airports.png","timestamp":"2026-05-18T10:25:36+00:00"}},{"type":"Feature","geometry":{"type":"Point","coordinates":[-9.540955,38.58366,2209.8]},"properties":{"name":"2026-05-18 10:25:38 UTC","description":{"@type":"html","value":"<div><div><span><b>Altitude:</b></span> <span>7,250 ft</span></div>\n<div><span><b>Speed:</b></span> <span>276 kt</span></div>\n<div><span><b>Heading:</b></span> <span>145&deg;</span></div>\n</div>"},"icon-heading":145,"icon":"http://maps.google.com/mapfiles/kml/shapes/airports.png","timestamp":"2026-05-18T10:25:38+00:00"}},{"type":"Feature","geometry":{"type":"Point","coordinates":[-9.538879,38.581696,2202.18]},"properties":{"name":"2026-05-18 10:25:40 UTC","description":{"@type":"html","value":"<div><div><span><b>Altitude:</b></span> <span>7,225 ft</span></div>\n<div><span><b>Speed:</b></span> <span>275 kt</span></div>\n<div><span><b>Heading:</b></span> <span>142&deg;</span></div>\n</div>"},"icon-heading":142,"icon":"http://maps.google.com/mapfiles/kml/shapes/airports.png","timestamp":"2026-05-18T10:25:40+00:00"}},{"type":"Feature","geometry":{"type":"Point","coordinates":[-9.536431,38.579681,2194.56]},"properties":{"name":"2026-05-18 10:25:43 UTC","description":{"@type":"html","value":"<div><div><span><b>Altitude:</b></span> <span>7,200 ft</span></div>\n<div><span><b>Speed:</b></span> <span>274 kt</span></div>\n<div><span><b>Heading:</b></span> <span>138&deg;</span></div>\n</div>"},"icon-heading":138,"icon":"http://maps.google.com/mapfiles/kml/shapes/airports.png","timestamp":"2026-05-18T10:25:43+00:00"}},{"type":"Feature","geometry":{"type":"Point","coordinates":[-9.534119,38.57798,2186.94]},"properties":{"name":"2026-05-18 10:25:45 UTC","description":{"@type":"html","value":"<div><div><span><b>Altitude:</b></span> <span>7,175 ft</span></div>\n<div><span><b>Speed:</b></span> <span>272 kt</span></div>\n<div><span><b>Heading:</b></span> <span>135&deg;</span></div>\n</div>"},"icon-heading":135,"icon":"http://maps.google.com/mapfiles/kml/shapes/airports.png","timestamp":"2026-05-18T10:25:45+00:00"}},{"type":"Feature","geometry":{"type":"Point","coordinates":[-9.531921,38.576534,2179.32]},"properties":{"name":"2026-05-18 10:25:47 UTC","description":{"@type":"html","value":"<div><div><span><b>Altitude:</b></span> <span>7,150 ft</span></div>\n<div><span><b>Speed:</b></span> <span>270 kt</span></div>\n<div><span><b>Heading:</b></span> <span>132&deg;</span></div>\n</div>"},"icon-heading":132,"icon":"http://maps.google.com/mapfiles/kml/shapes/airports.png","timestamp":"2026-05-18T10:25:47+00:00"}},{"type":"Feature","geometry":{"type":"Point","coordinates":[-9.529236,38.574955,2171.7]},"properties":{"name":"2026-05-18 10:25:49 UTC","description":{"@type":"html","value":"<div><div><span><b>Altitude:</b></span> <span>7,125 ft</span></div>\n<div><span><b>Speed:</b></span> <span>268 kt</span></div>\n<div><span><b>Heading:</b></span> <span>128&deg;</span></div>\n</div>"},"icon-heading":128,"icon":"http://maps.google.com/mapfiles/kml/shapes/airports.png","timestamp":"2026-05-18T10:25:49+00:00"}},{"type":"Feature","geometry":{"type":"Point","coordinates":[-9.526042,38.573364,2164.08]},"properties":{"name":"2026-05-18 10:25:51 UTC","description":{"@type":"html","value":"<div><div><span><b>Altitude:</b></span> <span>7,100 ft</span></div>\n<div><span><b>Speed:</b></span> <span>268 kt</span></div>\n<div><span><b>Heading:</b></span> <span>125&deg;</span></div>\n</div>"},"icon-heading":125,"icon":"http://maps.google.com/mapfiles/kml/shapes/airports.png","timestamp":"2026-05-18T10:25:51+00:00"}},{"type":"Feature","geometry":{"type":"Point","coordinates":[-9.522878,38.571991,2156.46]},"properties":{"name":"2026-05-18 10:25:53 UTC","description":{"@type":"html","value":"<div><div><span><b>Altitude:</b></span> <span>7,075 ft</span></div>\n<div><span><b>Speed:</b></span> <span>265 kt</span></div>\n<div><span><b>Heading:</b></span> <span>120&deg;</span></div>\n</div>"},"icon-heading":120,"icon":"http://maps.google.com/mapfiles/kml/shapes/airports.png","timestamp":"2026-05-18T10:25:53+00:00"}},{"type":"Feature","geometry":{"type":"Point","coordinates":[-9.519833,38.570801,2148.84]},"properties":{"name":"2026-05-18 10:25:55 UTC","description":{"@type":"html","value":"<div><div><span><b>Altitude:</b></span> <span>7,050 ft</span></div>\n<div><span><b>Speed:</b></span> <span>264 kt</span></div>\n<div><span><b>Heading:</b></span> <span>117&deg;</span></div>\n</div>"},"icon-heading":117,"icon":"http://maps.google.com/mapfiles/kml/shapes/airports.png","timestamp":"2026-05-18T10:25:55+00:00"}},{"type":"Feature","geometry":{"type":"Point","coordinates":[-9.517385,38.570023,2141.22]},"properties":{"name":"2026-05-18 10:25:57 UTC","description":{"@type":"html","value":"<div><div><span><b>Altitude:</b></span> <span>7,025 ft</span></div>\n<div><span><b>Speed:</b></span> <span>262 kt</span></div>\n<div><span><b>Heading:</b></span> <span>114&deg;</span></div>\n</div>"},"icon-heading":114,"icon":"http://maps.google.com/mapfiles/kml/shapes/airports.png","timestamp":"2026-05-18T10:25:57+00:00"}},{"type":"Feature","geometry":{"type":"Point","coordinates":[-9.513733,38.568996,2133.6]},"properties":{"name":"2026-05-18 10:26:00 UTC","description":{"@type":"html","value":"<div><div><span><b>Altitude:</b></span> <span>7,000 ft</span></div>\n<div><span><b>Speed:</b></span> <span>261 kt</span></div>\n<div><span><b>Heading:</b></span> <span>110&deg;</span></div>\n</div>"},"icon-heading":110,"icon":"http://maps.google.com/mapfiles/kml/shapes/airports.png","timestamp":"2026-05-18T10:26:00+00:00"}},{"type":"Feature","geometry":{"type":"Point","coordinates":[-9.511115,38.56842,2125.98]},"properties":{"name":"2026-05-18 10:26:02 UTC","description":{"@type":"html","value":"<div><div><span><b>Altitude:</b></span> <span>6,975 ft</span></div>\n<div><span><b>Speed:</b></span> <span>260 kt</span></div>\n<div><span><b>Heading:</b></span> <span>107&deg;</span></div>\n</div>"},"icon-heading":107,"icon":"http://maps.google.com/mapfiles/kml/shapes/airports.png","timestamp":"2026-05-18T10:26:02+00:00"}},{"type":"Feature","geometry":{"type":"Point","coordinates":[-9.507831,38.567825,2118.36]},"properties":{"name":"2026-05-18 10:26:04 UTC","description":{"@type":"html","value":"<div><div><span><b>Altitude:</b></span> <span>6,950 ft</span></div>\n<div><span><b>Speed:</b></span> <span>258 kt</span></div>\n<div><span><b>Heading:</b></span> <span>104&deg;</span></div>\n</div>"},"icon-heading":104,"icon":"http://maps.google.com/mapfiles/kml/shapes/airports.png","timestamp":"2026-05-18T10:26:04+00:00"}},{"type":"Feature","geometry":{"type":"Point","coordinates":[-9.504726,38.567413,2110.74]},"properties":{"name":"2026-05-18 10:26:06 UTC","description":{"@type":"html","value":"<div><div><span><b>Altitude:</b></span> <span>6,925 ft</span></div>\n<div><span><b>Speed:</b></span> <span>257 kt</span></div>\n<div><span><b>Heading:</b></span> <span>101&deg;</span></div>\n</div>"},"icon-heading":101,"icon":"http://maps.google.com/mapfiles/kml/shapes/airports.png","timestamp":"2026-05-18T10:26:06+00:00"}},{"type":"Feature","geometry":{"type":"Point","coordinates":[-9.501562,38.567184,2103.12]},"properties":{"name":"2026-05-18 10:26:08 UTC","description":{"@type":"html","value":"<div><div><span><b>Altitude:</b></span> <span>6,900 ft</span></div>\n<div><span><b>Speed:</b></span> <span>255 kt</span></div>\n<div><span><b>Heading:</b></span> <span>98&deg;</span></div>\n</div>"},"icon-heading":98,"icon":"http://maps.google.com/mapfiles/kml/shapes/airports.png","timestamp":"2026-05-18T10:26:08+00:00"}},{"type":"Feature","geometry":{"type":"Point","coordinates":[-9.499173,38.567047,2095.5]},"properties":{"name":"2026-05-18 10:26:10 UTC","description":{"@type":"html","value":"<div><div><span><b>Altitude:</b></span> <span>6,875 ft</span></div>\n<div><span><b>Speed:</b></span> <span>254 kt</span></div>\n<div><span><b>Heading:</b></span> <span>95&deg;</span></div>\n</div>"},"icon-heading":95,"icon":"http://maps.google.com/mapfiles/kml/shapes/airports.png","timestamp":"2026-05-18T10:26:10+00:00"}},{"type":"Feature","geometry":{"type":"Point","coordinates":[-9.495605,38.566994,2080.26]},"properties":{"name":"2026-05-18 10:26:12 UTC","description":{"@type":"html","value":"<div><div><span><b>Altitude:</b></span> <span>6,825 ft</span></div>\n<div><span><b>Speed:</b></span> <span>253 kt</span></div>\n<div><span><b>Heading:</b></span> <span>93&deg;</span></div>\n</div>"},"icon-heading":93,"icon":"http://maps.google.com/mapfiles/kml/shapes/airports.png","timestamp":"2026-05-18T10:26:12+00:00"}},{"type":"Feature","geometry":{"type":"Point","coordinates":[-9.493024,38.566956,2072.64]},"properties":{"name":"2026-05-18 10:26:14 UTC","description":{"@type":"html","value":"<div><div><span><b>Altitude:</b></span> <span>6,800 ft</span></div>\n<div><span><b>Speed:</b></span> <span>252 kt</span></div>\n<div><span><b>Heading:</b></span> <span>90&deg;</span></div>\n</div>"},"icon-heading":90,"icon":"http://maps.google.com/mapfiles/kml/shapes/airports.png","timestamp":"2026-05-18T10:26:14+00:00"}},{"type":"Feature","geometry":{"type":"Point","coordinates":[-9.489807,38.566994,2057.4]},"properties":{"name":"2026-05-18 10:26:16 UTC","description":{"@type":"html","value":"<div><div><span><b>Altitude:</b></span> <span>6,750 ft</span></div>\n<div><span><b>Speed:</b></span> <span>252 kt</span></div>\n<div><span><b>Heading:</b></span> <span>89&deg;</span></div>\n</div>"},"icon-heading":89,"icon":"http://maps.google.com/mapfiles/kml/shapes/airports.png","timestamp":"2026-05-18T10:26:16+00:00"}},{"type":"Feature","geometry":{"type":"Point","coordinates":[-9.485918,38.567047,2042.16]},"properties":{"name":"2026-05-18 10:26:18 UTC","description":{"@type":"html","value":"<div><div><span><b>Altitude:</b></span> <span>6,700 ft</span></div>\n<div><span><b>Speed:</b></span> <span>251 kt</span></div>\n<div><span><b>Heading:</b></span> <span>88&deg;</span></div>\n</div>"},"icon-heading":88,"icon":"http://maps.google.com/mapfiles/kml/shapes/airports.png","timestamp":"2026-05-18T10:26:18+00:00"}},{"type":"Feature","geometry":{"type":"Point","coordinates":[-9.483111,38.567139,2034.54]},"properties":{"name":"2026-05-18 10:26:20 UTC","description":{"@type":"html","value":"<div><div><span><b>Altitude:</b></span> <span>6,675 ft</span></div>\n<div><span><b>Speed:</b></span> <span>251 kt</span></div>\n<div><span><b>Heading:</b></span> <span>88&deg;</span></div>\n</div>"},"icon-heading":88,"icon":"http://maps.google.com/mapfiles/kml/shapes/airports.png","timestamp":"2026-05-18T10:26:20+00:00"}},{"type":"Feature","geometry":{"type":"Point","coordinates":[-9.480286,38.567181,2019.3]},"properties":{"name":"2026-05-18 10:26:22 UTC","description":{"@type":"html","value":"<div><div><span><b>Altitude:</b></span> <span>6,625 ft</span></div>\n<div><span><b>Speed:</b></span> <span>250 kt</span></div>\n<div><span><b>Heading:</b></span> <span>88&deg;</span></div>\n</div>"},"icon-heading":88,"icon":"http://maps.google.com/mapfiles/kml/shapes/airports.png","timestamp":"2026-05-18T10:26:22+00:00"}},{"type":"Feature","geometry":{"type":"Point","coordinates":[-9.476783,38.56723,2011.68]},"properties":{"name":"2026-05-18 10:26:25 UTC","description":{"@type":"html","value":"<div><div><span><b>Altitude:</b></span> <span>6,600 ft</span></div>\n<div><span><b>Speed:</b></span> <span>250 kt</span></div>\n<div><span><b>Heading:</b></span> <span>88&deg;</span></div>\n</div>"},"icon-heading":88,"icon":"http://maps.google.com/mapfiles/kml/shapes/airports.png","timestamp":"2026-05-18T10:26:25+00:00"}},{"type":"Feature","geometry":{"type":"Point","coordinates":[-9.473798,38.567276,1996.44]},"properties":{"name":"2026-05-18 10:26:27 UTC","description":{"@type":"html","value":"<div><div><span><b>Altitude:</b></span> <span>6,550 ft</span></div>\n<div><span><b>Speed:</b></span> <span>250 kt</span></div>\n<div><span><b>Heading:</b></span> <span>88&deg;</span></div>\n</div>"},"icon-heading":88,"icon":"http://maps.google.com/mapfiles/kml/shapes/airports.png","timestamp":"2026-05-18T10:26:27+00:00"}},{"type":"Feature","geometry":{"type":"Point","coordinates":[-9.470752,38.567322,1988.82]},"properties":{"name":"2026-05-18 10:26:29 UTC","description":{"@type":"html","value":"<div><div><span><b>Altitude:</b></span> <span>6,525 ft</span></div>\n<div><span><b>Speed:</b></span> <span>250 kt</span></div>\n<div><span><b>Heading:</b></span> <span>89&deg;</span></div>\n</div>"},"icon-heading":89,"icon":"http://maps.google.com/mapfiles/kml/shapes/airports.png","timestamp":"2026-05-18T10:26:29+00:00"}},{"type":"Feature","geometry":{"type":"Point","coordinates":[-9.467957,38.567364,1973.58]},"properties":{"name":"2026-05-18 10:26:31 UTC","description":{"@type":"html","value":"<div><div><span><b>Altitude:</b></span> <span>6,475 ft</span></div>\n<div><span><b>Speed:</b></span> <span>249 kt</span></div>\n<div><span><b>Heading:</b></span> <span>89&deg;</span></div>\n</div>"},"icon-heading":89,"icon":"http://maps.google.com/mapfiles/kml/shapes/airports.png","timestamp":"2026-05-18T10:26:31+00:00"}},{"type":"Feature","geometry":{"type":"Point","coordinates":[-9.464125,38.567368,1958.34]},"properties":{"name":"2026-05-18 10:26:33 UTC","description":{"@type":"html","value":"<div><div><span><b>Altitude:</b></span> <span>6,425 ft</span></div>\n<div><span><b>Speed:</b></span> <span>249 kt</span></div>\n<div><span><b>Heading:</b></span> <span>89&deg;</span></div>\n</div>"},"icon-heading":89,"icon":"http://maps.google.com/mapfiles/kml/shapes/airports.png","timestamp":"2026-05-18T10:26:33+00:00"}},{"type":"Feature","geometry":{"type":"Point","coordinates":[-9.461318,38.567368,1950.72]},"properties":{"name":"2026-05-18 10:26:35 UTC","description":{"@type":"html","value":"<div><div><span><b>Altitude:</b></span> <span>6,400 ft</span></div>\n<div><span><b>Speed:</b></span> <span>248 kt</span></div>\n<div><span><b>Heading:</b></span> <span>89&deg;</span></div>\n</div>"},"icon-heading":89,"icon":"http://maps.google.com/mapfiles/kml/shapes/airports.png","timestamp":"2026-05-18T10:26:35+00:00"}},{"type":"Feature","geometry":{"type":"Point","coordinates":[-9.457642,38.567364,1935.48]},"properties":{"name":"2026-05-18 10:26:38 UTC","description":{"@type":"html","value":"<div><div><span><b>Altitude:</b></span> <span>6,350 ft</span></div>\n<div><span><b>Speed:</b></span> <span>248 kt</span></div>\n<div><span><b>Heading:</b></span> <span>90&deg;</span></div>\n</div>"},"icon-heading":90,"icon":"http://maps.google.com/mapfiles/kml/shapes/airports.png","timestamp":"2026-05-18T10:26:38+00:00"}},{"type":"Feature","geometry":{"type":"Point","coordinates":[-9.439704,38.567322,1859.28]},"properties":{"name":"2026-05-18 10:26:50 UTC","description":{"@type":"html","value":"<div><div><span><b>Altitude:</b></span> <span>6,100 ft</span></div>\n<div><span><b>Speed:</b></span> <span>247 kt</span></div>\n<div><span><b>Heading:</b></span> <span>90&deg;</span></div>\n</div>"},"icon-heading":90,"icon":"http://maps.google.com/mapfiles/kml/shapes/airports.png","timestamp":"2026-05-18T10:26:50+00:00"}},{"type":"Feature","geometry":{"type":"Point","coordinates":[-9.418209,38.567322,1767.84]},"properties":{"name":"2026-05-18 10:27:05 UTC","description":{"@type":"html","value":"<div><div><span><b>Altitude:</b></span> <span>5,800 ft</span></div>\n<div><span><b>Speed:</b></span> <span>246 kt</span></div>\n<div><span><b>Heading:</b></span> <span>89&deg;</span></div>\n</div>"},"icon-heading":89,"icon":"http://maps.google.com/mapfiles/kml/shapes/airports.png","timestamp":"2026-05-18T10:27:05+00:00"}},{"type":"Feature","geometry":{"type":"Point","coordinates":[-9.396535,38.567505,1699.26]},"properties":{"name":"2026-05-18 10:27:20 UTC","description":{"@type":"html","value":"<div><div><span><b>Altitude:</b></span> <span>5,575 ft</span></div>\n<div><span><b>Speed:</b></span> <span>245 kt</span></div>\n<div><span><b>Heading:</b></span> <span>89&deg;</span></div>\n</div>"},"icon-heading":89,"icon":"http://maps.google.com/mapfiles/kml/shapes/airports.png","timestamp":"2026-05-18T10:27:20+00:00"}},{"type":"Feature","geometry":{"type":"Point","coordinates":[-9.378052,38.567692,1645.92]},"properties":{"name":"2026-05-18 10:27:32 UTC","description":{"@type":"html","value":"<div><div><span><b>Altitude:</b></span> <span>5,400 ft</span></div>\n<div><span><b>Speed:</b></span> <span>247 kt</span></div>\n<div><span><b>Heading:</b></span> <span>89&deg;</span></div>\n</div>"},"icon-heading":89,"icon":"http://maps.google.com/mapfiles/kml/shapes/airports.png","timestamp":"2026-05-18T10:27:32+00:00"}},{"type":"Feature","geometry":{"type":"Point","coordinates":[-9.360046,38.567783,1577.34]},"properties":{"name":"2026-05-18 10:27:45 UTC","description":{"@type":"html","value":"<div><div><span><b>Altitude:</b></span> <span>5,175 ft</span></div>\n<div><span><b>Speed:</b></span> <span>242 kt</span></div>\n<div><span><b>Heading:</b></span> <span>90&deg;</span></div>\n</div>"},"icon-heading":90,"icon":"http://maps.google.com/mapfiles/kml/shapes/airports.png","timestamp":"2026-05-18T10:27:45+00:00"}},{"type":"Feature","geometry":{"type":"Point","coordinates":[-9.338928,38.567829,1508.76]},"properties":{"name":"2026-05-18 10:28:00 UTC","description":{"@type":"html","value":"<div><div><span><b>Altitude:</b></span> <span>4,950 ft</span></div>\n<div><span><b>Speed:</b></span> <span>235 kt</span></div>\n<div><span><b>Heading:</b></span> <span>89&deg;</span></div>\n</div>"},"icon-heading":89,"icon":"http://maps.google.com/mapfiles/kml/shapes/airports.png","timestamp":"2026-05-18T10:28:00+00:00"}},{"type":"Feature","geometry":{"type":"Point","coordinates":[-9.327148,38.567879,1470.66]},"properties":{"name":"2026-05-18 10:28:09 UTC","description":{"@type":"html","value":"<div><div><span><b>Altitude:</b></span> <span>4,825 ft</span></div>\n<div><span><b>Speed:</b></span> <span>231 kt</span></div>\n<div><span><b>Heading:</b></span> <span>89&deg;</span></div>\n</div>"},"icon-heading":89,"icon":"http://maps.google.com/mapfiles/kml/shapes/airports.png","timestamp":"2026-05-18T10:28:09+00:00"}},{"type":"Feature","geometry":{"type":"Point","coordinates":[-9.318437,38.568329,1447.8]},"properties":{"name":"2026-05-18 10:28:15 UTC","description":{"@type":"html","value":"<div><div><span><b>Altitude:</b></span> <span>4,750 ft</span></div>\n<div><span><b>Speed:</b></span> <span>225 kt</span></div>\n<div><span><b>Heading:</b></span> <span>85&deg;</span></div>\n</div>"},"icon-heading":85,"icon":"http://maps.google.com/mapfiles/kml/shapes/airports.png","timestamp":"2026-05-18T10:28:15+00:00"}},{"type":"Feature","geometry":{"type":"Point","coordinates":[-9.315749,38.568695,1447.8]},"properties":{"name":"2026-05-18 10:28:17 UTC","description":{"@type":"html","value":"<div><div><span><b>Altitude:</b></span> <span>4,750 ft</span></div>\n<div><span><b>Speed:</b></span> <span>222 kt</span></div>\n<div><span><b>Heading:</b></span> <span>82&deg;</span></div>\n</div>"},"icon-heading":82,"icon":"http://maps.google.com/mapfiles/kml/shapes/airports.png","timestamp":"2026-05-18T10:28:17+00:00"}},{"type":"Feature","geometry":{"type":"Point","coordinates":[-9.31311,38.569229,1440.18]},"properties":{"name":"2026-05-18 10:28:19 UTC","description":{"@type":"html","value":"<div><div><span><b>Altitude:</b></span> <span>4,725 ft</span></div>\n<div><span><b>Speed:</b></span> <span>218 kt</span></div>\n<div><span><b>Heading:</b></span> <span>77&deg;</span></div>\n</div>"},"icon-heading":77,"icon":"http://maps.google.com/mapfiles/kml/shapes/airports.png","timestamp":"2026-05-18T10:28:19+00:00"}},{"type":"Feature","geometry":{"type":"Point","coordinates":[-9.310303,38.569878,1432.56]},"properties":{"name":"2026-05-18 10:28:21 UTC","description":{"@type":"html","value":"<div><div><span><b>Altitude:</b></span> <span>4,700 ft</span></div>\n<div><span><b>Speed:</b></span> <span>216 kt</span></div>\n<div><span><b>Heading:</b></span> <span>74&deg;</span></div>\n</div>"},"icon-heading":74,"icon":"http://maps.google.com/mapfiles/kml/shapes/airports.png","timestamp":"2026-05-18T10:28:21+00:00"}},{"type":"Feature","geometry":{"type":"Point","coordinates":[-9.307922,38.570484,1432.56]},"properties":{"name":"2026-05-18 10:28:23 UTC","description":{"@type":"html","value":"<div><div><span><b>Altitude:</b></span> <span>4,700 ft</span></div>\n<div><span><b>Speed:</b></span> <span>214 kt</span></div>\n<div><span><b>Heading:</b></span> <span>72&deg;</span></div>\n</div>"},"icon-heading":72,"icon":"http://maps.google.com/mapfiles/kml/shapes/airports.png","timestamp":"2026-05-18T10:28:23+00:00"}},{"type":"Feature","geometry":{"type":"Point","coordinates":[-9.305301,38.571167,1417.32]},"properties":{"name":"2026-05-18 10:28:26 UTC","description":{"@type":"html","value":"<div><div><span><b>Altitude:</b></span> <span>4,650 ft</span></div>\n<div><span><b>Speed:</b></span> <span>213 kt</span></div>\n<div><span><b>Heading:</b></span> <span>71&deg;</span></div>\n</div>"},"icon-heading":71,"icon":"http://maps.google.com/mapfiles/kml/shapes/airports.png","timestamp":"2026-05-18T10:28:26+00:00"}},{"type":"Feature","geometry":{"type":"Point","coordinates":[-9.302917,38.571789,1409.7]},"properties":{"name":"2026-05-18 10:28:28 UTC","description":{"@type":"html","value":"<div><div><span><b>Altitude:</b></span> <span>4,625 ft</span></div>\n<div><span><b>Speed:</b></span> <span>211 kt</span></div>\n<div><span><b>Heading:</b></span> <span>71&deg;</span></div>\n</div>"},"icon-heading":71,"icon":"http://maps.google.com/mapfiles/kml/shapes/airports.png","timestamp":"2026-05-18T10:28:28+00:00"}},{"type":"Feature","geometry":{"type":"Point","coordinates":[-9.30011,38.572533,1402.08]},"properties":{"name":"2026-05-18 10:28:30 UTC","description":{"@type":"html","value":"<div><div><span><b>Altitude:</b></span> <span>4,600 ft</span></div>\n<div><span><b>Speed:</b></span> <span>210 kt</span></div>\n<div><span><b>Heading:</b></span> <span>71&deg;</span></div>\n</div>"},"icon-heading":71,"icon":"http://maps.google.com/mapfiles/kml/shapes/airports.png","timestamp":"2026-05-18T10:28:30+00:00"}},{"type":"Feature","geometry":{"type":"Point","coordinates":[-9.297837,38.573181,1394.46]},"properties":{"name":"2026-05-18 10:28:32 UTC","description":{"@type":"html","value":"<div><div><span><b>Altitude:</b></span> <span>4,575 ft</span></div>\n<div><span><b>Speed:</b></span> <span>208 kt</span></div>\n<div><span><b>Heading:</b></span> <span>70&deg;</span></div>\n</div>"},"icon-heading":70,"icon":"http://maps.google.com/mapfiles/kml/shapes/airports.png","timestamp":"2026-05-18T10:28:32+00:00"}},{"type":"Feature","geometry":{"type":"Point","coordinates":[-9.295654,38.573837,1386.84]},"properties":{"name":"2026-05-18 10:28:34 UTC","description":{"@type":"html","value":"<div><div><span><b>Altitude:</b></span> <span>4,550 ft</span></div>\n<div><span><b>Speed:</b></span> <span>206 kt</span></div>\n<div><span><b>Heading:</b></span> <span>70&deg;</span></div>\n</div>"},"icon-heading":70,"icon":"http://maps.google.com/mapfiles/kml/shapes/airports.png","timestamp":"2026-05-18T10:28:34+00:00"}},{"type":"Feature","geometry":{"type":"Point","coordinates":[-9.293274,38.574535,1379.22]},"properties":{"name":"2026-05-18 10:28:36 UTC","description":{"@type":"html","value":"<div><div><span><b>Altitude:</b></span> <span>4,525 ft</span></div>\n<div><span><b>Speed:</b></span> <span>205 kt</span></div>\n<div><span><b>Heading:</b></span> <span>69&deg;</span></div>\n</div>"},"icon-heading":69,"icon":"http://maps.google.com/mapfiles/kml/shapes/airports.png","timestamp":"2026-05-18T10:28:36+00:00"}},{"type":"Feature","geometry":{"type":"Point","coordinates":[-9.290552,38.575333,1363.98]},"properties":{"name":"2026-05-18 10:28:39 UTC","description":{"@type":"html","value":"<div><div><span><b>Altitude:</b></span> <span>4,475 ft</span></div>\n<div><span><b>Speed:</b></span> <span>204 kt</span></div>\n<div><span><b>Heading:</b></span> <span>69&deg;</span></div>\n</div>"},"icon-heading":69,"icon":"http://maps.google.com/mapfiles/kml/shapes/airports.png","timestamp":"2026-05-18T10:28:39+00:00"}},{"type":"Feature","geometry":{"type":"Point","coordinates":[-9.288452,38.575977,1356.36]},"properties":{"name":"2026-05-18 10:28:41 UTC","description":{"@type":"html","value":"<div><div><span><b>Altitude:</b></span> <span>4,450 ft</span></div>\n<div><span><b>Speed:</b></span> <span>203 kt</span></div>\n<div><span><b>Heading:</b></span> <span>68&deg;</span></div>\n</div>"},"icon-heading":68,"icon":"http://maps.google.com/mapfiles/kml/shapes/airports.png","timestamp":"2026-05-18T10:28:41+00:00"}},{"type":"Feature","geometry":{"type":"Point","coordinates":[-9.286133,38.576675,1348.74]},"properties":{"name":"2026-05-18 10:28:43 UTC","description":{"@type":"html","value":"<div><div><span><b>Altitude:</b></span> <span>4,425 ft</span></div>\n<div><span><b>Speed:</b></span> <span>202 kt</span></div>\n<div><span><b>Heading:</b></span> <span>68&deg;</span></div>\n</div>"},"icon-heading":68,"icon":"http://maps.google.com/mapfiles/kml/shapes/airports.png","timestamp":"2026-05-18T10:28:43+00:00"}},{"type":"Feature","geometry":{"type":"Point","coordinates":[-9.283386,38.57756,1333.5]},"properties":{"name":"2026-05-18 10:28:45 UTC","description":{"@type":"html","value":"<div><div><span><b>Altitude:</b></span> <span>4,375 ft</span></div>\n<div><span><b>Speed:</b></span> <span>201 kt</span></div>\n<div><span><b>Heading:</b></span> <span>68&deg;</span></div>\n</div>"},"icon-heading":68,"icon":"http://maps.google.com/mapfiles/kml/shapes/airports.png","timestamp":"2026-05-18T10:28:45+00:00"}},{"type":"Feature","geometry":{"type":"Point","coordinates":[-9.281059,38.578262,1325.88]},"properties":{"name":"2026-05-18 10:28:47 UTC","description":{"@type":"html","value":"<div><div><span><b>Altitude:</b></span> <span>4,350 ft</span></div>\n<div><span><b>Speed:</b></span> <span>200 kt</span></div>\n<div><span><b>Heading:</b></span> <span>68&deg;</span></div>\n</div>"},"icon-heading":68,"icon":"http://maps.google.com/mapfiles/kml/shapes/airports.png","timestamp":"2026-05-18T10:28:47+00:00"}},{"type":"Feature","geometry":{"type":"Point","coordinates":[-9.27887,38.578957,1310.64]},"properties":{"name":"2026-05-18 10:28:49 UTC","description":{"@type":"html","value":"<div><div><span><b>Altitude:</b></span> <span>4,300 ft</span></div>\n<div><span><b>Speed:</b></span> <span>199 kt</span></div>\n<div><span><b>Heading:</b></span> <span>67&deg;</span></div>\n</div>"},"icon-heading":67,"icon":"http://maps.google.com/mapfiles/kml/shapes/airports.png","timestamp":"2026-05-18T10:28:49+00:00"}},{"type":"Feature","geometry":{"type":"Point","coordinates":[-9.276733,38.579655,1303.02]},"properties":{"name":"2026-05-18 10:28:51 UTC","description":{"@type":"html","value":"<div><div><span><b>Altitude:</b></span> <span>4,275 ft</span></div>\n<div><span><b>Speed:</b></span> <span>198 kt</span></div>\n<div><span><b>Heading:</b></span> <span>67&deg;</span></div>\n</div>"},"icon-heading":67,"icon":"http://maps.google.com/mapfiles/kml/shapes/airports.png","timestamp":"2026-05-18T10:28:51+00:00"}},{"type":"Feature","geometry":{"type":"Point","coordinates":[-9.274414,38.580399,1295.4]},"properties":{"name":"2026-05-18 10:28:54 UTC","description":{"@type":"html","value":"<div><div><span><b>Altitude:</b></span> <span>4,250 ft</span></div>\n<div><span><b>Speed:</b></span> <span>197 kt</span></div>\n<div><span><b>Heading:</b></span> <span>67&deg;</span></div>\n</div>"},"icon-heading":67,"icon":"http://maps.google.com/mapfiles/kml/shapes/airports.png","timestamp":"2026-05-18T10:28:54+00:00"}},{"type":"Feature","geometry":{"type":"Point","coordinates":[-9.265442,38.583286,1257.3]},"properties":{"name":"2026-05-18 10:29:02 UTC","description":{"@type":"html","value":"<div><div><span><b>Altitude:</b></span> <span>4,125 ft</span></div>\n<div><span><b>Speed:</b></span> <span>194 kt</span></div>\n<div><span><b>Heading:</b></span> <span>67&deg;</span></div>\n</div>"},"icon-heading":67,"icon":"http://maps.google.com/mapfiles/kml/shapes/airports.png","timestamp":"2026-05-18T10:29:02+00:00"}},{"type":"Feature","geometry":{"type":"Point","coordinates":[-9.255981,38.586311,1219.2]},"properties":{"name":"2026-05-18 10:29:11 UTC","description":{"@type":"html","value":"<div><div><span><b>Altitude:</b></span> <span>4,000 ft</span></div>\n<div><span><b>Speed:</b></span> <span>192 kt</span></div>\n<div><span><b>Heading:</b></span> <span>67&deg;</span></div>\n</div>"},"icon-heading":67,"icon":"http://maps.google.com/mapfiles/kml/shapes/airports.png","timestamp":"2026-05-18T10:29:11+00:00"}},{"type":"Feature","geometry":{"type":"Point","coordinates":[-9.248962,38.588593,1196.34]},"properties":{"name":"2026-05-18 10:29:17 UTC","description":{"@type":"html","value":"<div><div><span><b>Altitude:</b></span> <span>3,925 ft</span></div>\n<div><span><b>Speed:</b></span> <span>190 kt</span></div>\n<div><span><b>Heading:</b></span> <span>67&deg;</span></div>\n</div>"},"icon-heading":67,"icon":"http://maps.google.com/mapfiles/kml/shapes/airports.png","timestamp":"2026-05-18T10:29:17+00:00"}},{"type":"Feature","geometry":{"type":"Point","coordinates":[-9.245413,38.590073,1181.1]},"properties":{"name":"2026-05-18 10:29:22 UTC","description":{"@type":"html","value":"<div><div><span><b>Altitude:</b></span> <span>3,875 ft</span></div>\n<div><span><b>Speed:</b></span> <span>186 kt</span></div>\n<div><span><b>Heading:</b></span> <span>61&deg;</span></div>\n</div>"},"icon-heading":61,"icon":"http://maps.google.com/mapfiles/kml/shapes/airports.png","timestamp":"2026-05-18T10:29:22+00:00"}},{"type":"Feature","geometry":{"type":"Point","coordinates":[-9.243042,38.591339,1165.86]},"properties":{"name":"2026-05-18 10:29:24 UTC","description":{"@type":"html","value":"<div><div><span><b>Altitude:</b></span> <span>3,825 ft</span></div>\n<div><span><b>Speed:</b></span> <span>185 kt</span></div>\n<div><span><b>Heading:</b></span> <span>56&deg;</span></div>\n</div>"},"icon-heading":56,"icon":"http://maps.google.com/mapfiles/kml/shapes/airports.png","timestamp":"2026-05-18T10:29:24+00:00"}},{"type":"Feature","geometry":{"type":"Point","coordinates":[-9.241412,38.592453,1158.24]},"properties":{"name":"2026-05-18 10:29:26 UTC","description":{"@type":"html","value":"<div><div><span><b>Altitude:</b></span> <span>3,800 ft</span></div>\n<div><span><b>Speed:</b></span> <span>183 kt</span></div>\n<div><span><b>Heading:</b></span> <span>52&deg;</span></div>\n</div>"},"icon-heading":52,"icon":"http://maps.google.com/mapfiles/kml/shapes/airports.png","timestamp":"2026-05-18T10:29:26+00:00"}},{"type":"Feature","geometry":{"type":"Point","coordinates":[-9.239861,38.593689,1150.62]},"properties":{"name":"2026-05-18 10:29:28 UTC","description":{"@type":"html","value":"<div><div><span><b>Altitude:</b></span> <span>3,775 ft</span></div>\n<div><span><b>Speed:</b></span> <span>183 kt</span></div>\n<div><span><b>Heading:</b></span> <span>46&deg;</span></div>\n</div>"},"icon-heading":46,"icon":"http://maps.google.com/mapfiles/kml/shapes/airports.png","timestamp":"2026-05-18T10:29:28+00:00"}},{"type":"Feature","geometry":{"type":"Point","coordinates":[-9.23822,38.595249,1143]},"properties":{"name":"2026-05-18 10:29:30 UTC","description":{"@type":"html","value":"<div><div><span><b>Altitude:</b></span> <span>3,750 ft</span></div>\n<div><span><b>Speed:</b></span> <span>182 kt</span></div>\n<div><span><b>Heading:</b></span> <span>42&deg;</span></div>\n</div>"},"icon-heading":42,"icon":"http://maps.google.com/mapfiles/kml/shapes/airports.png","timestamp":"2026-05-18T10:29:30+00:00"}},{"type":"Feature","geometry":{"type":"Point","coordinates":[-9.236994,38.596573,1135.38]},"properties":{"name":"2026-05-18 10:29:32 UTC","description":{"@type":"html","value":"<div><div><span><b>Altitude:</b></span> <span>3,725 ft</span></div>\n<div><span><b>Speed:</b></span> <span>181 kt</span></div>\n<div><span><b>Heading:</b></span> <span>37&deg;</span></div>\n</div>"},"icon-heading":37,"icon":"http://maps.google.com/mapfiles/kml/shapes/airports.png","timestamp":"2026-05-18T10:29:32+00:00"}},{"type":"Feature","geometry":{"type":"Point","coordinates":[-9.235501,38.598312,1127.76]},"properties":{"name":"2026-05-18 10:29:34 UTC","description":{"@type":"html","value":"<div><div><span><b>Altitude:</b></span> <span>3,700 ft</span></div>\n<div><span><b>Speed:</b></span> <span>181 kt</span></div>\n<div><span><b>Heading:</b></span> <span>34&deg;</span></div>\n</div>"},"icon-heading":34,"icon":"http://maps.google.com/mapfiles/kml/shapes/airports.png","timestamp":"2026-05-18T10:29:34+00:00"}},{"type":"Feature","geometry":{"type":"Point","coordinates":[-9.234436,38.599674,1120.14]},"properties":{"name":"2026-05-18 10:29:37 UTC","description":{"@type":"html","value":"<div><div><span><b>Altitude:</b></span> <span>3,675 ft</span></div>\n<div><span><b>Speed:</b></span> <span>182 kt</span></div>\n<div><span><b>Heading:</b></span> <span>32&deg;</span></div>\n</div>"},"icon-heading":32,"icon":"http://maps.google.com/mapfiles/kml/shapes/airports.png","timestamp":"2026-05-18T10:29:37+00:00"}},{"type":"Feature","geometry":{"type":"Point","coordinates":[-9.233215,38.601395,1104.9]},"properties":{"name":"2026-05-18 10:29:39 UTC","description":{"@type":"html","value":"<div><div><span><b>Altitude:</b></span> <span>3,625 ft</span></div>\n<div><span><b>Speed:</b></span> <span>181 kt</span></div>\n<div><span><b>Heading:</b></span> <span>30&deg;</span></div>\n</div>"},"icon-heading":30,"icon":"http://maps.google.com/mapfiles/kml/shapes/airports.png","timestamp":"2026-05-18T10:29:39+00:00"}},{"type":"Feature","geometry":{"type":"Point","coordinates":[-9.232277,38.602798,1097.28]},"properties":{"name":"2026-05-18 10:29:41 UTC","description":{"@type":"html","value":"<div><div><span><b>Altitude:</b></span> <span>3,600 ft</span></div>\n<div><span><b>Speed:</b></span> <span>182 kt</span></div>\n<div><span><b>Heading:</b></span> <span>28&deg;</span></div>\n</div>"},"icon-heading":28,"icon":"http://maps.google.com/mapfiles/kml/shapes/airports.png","timestamp":"2026-05-18T10:29:41+00:00"}},{"type":"Feature","geometry":{"type":"Point","coordinates":[-9.231262,38.604282,1089.66]},"properties":{"name":"2026-05-18 10:29:43 UTC","description":{"@type":"html","value":"<div><div><span><b>Altitude:</b></span> <span>3,575 ft</span></div>\n<div><span><b>Speed:</b></span> <span>181 kt</span></div>\n<div><span><b>Heading:</b></span> <span>27&deg;</span></div>\n</div>"},"icon-heading":27,"icon":"http://maps.google.com/mapfiles/kml/shapes/airports.png","timestamp":"2026-05-18T10:29:43+00:00"}},{"type":"Feature","geometry":{"type":"Point","coordinates":[-9.230068,38.606277,1074.42]},"properties":{"name":"2026-05-18 10:29:45 UTC","description":{"@type":"html","value":"<div><div><span><b>Altitude:</b></span> <span>3,525 ft</span></div>\n<div><span><b>Speed:</b></span> <span>181 kt</span></div>\n<div><span><b>Heading:</b></span> <span>26&deg;</span></div>\n</div>"},"icon-heading":26,"icon":"http://maps.google.com/mapfiles/kml/shapes/airports.png","timestamp":"2026-05-18T10:29:45+00:00"}},{"type":"Feature","geometry":{"type":"Point","coordinates":[-9.229187,38.607681,1066.8]},"properties":{"name":"2026-05-18 10:29:47 UTC","description":{"@type":"html","value":"<div><div><span><b>Altitude:</b></span> <span>3,500 ft</span></div>\n<div><span><b>Speed:</b></span> <span>181 kt</span></div>\n<div><span><b>Heading:</b></span> <span>25&deg;</span></div>\n</div>"},"icon-heading":25,"icon":"http://maps.google.com/mapfiles/kml/shapes/airports.png","timestamp":"2026-05-18T10:29:47+00:00"}},{"type":"Feature","geometry":{"type":"Point","coordinates":[-9.22821,38.60931,1051.56]},"properties":{"name":"2026-05-18 10:29:49 UTC","description":{"@type":"html","value":"<div><div><span><b>Altitude:</b></span> <span>3,450 ft</span></div>\n<div><span><b>Speed:</b></span> <span>181 kt</span></div>\n<div><span><b>Heading:</b></span> <span>25&deg;</span></div>\n</div>"},"icon-heading":25,"icon":"http://maps.google.com/mapfiles/kml/shapes/airports.png","timestamp":"2026-05-18T10:29:49+00:00"}},{"type":"Feature","geometry":{"type":"Point","coordinates":[-9.227202,38.611038,1036.32]},"properties":{"name":"2026-05-18 10:29:52 UTC","description":{"@type":"html","value":"<div><div><span><b>Altitude:</b></span> <span>3,400 ft</span></div>\n<div><span><b>Speed:</b></span> <span>180 kt</span></div>\n<div><span><b>Heading:</b></span> <span>24&deg;</span></div>\n</div>"},"icon-heading":24,"icon":"http://maps.google.com/mapfiles/kml/shapes/airports.png","timestamp":"2026-05-18T10:29:52+00:00"}},{"type":"Feature","geometry":{"type":"Point","coordinates":[-9.226247,38.61264,1028.7]},"properties":{"name":"2026-05-18 10:29:54 UTC","description":{"@type":"html","value":"<div><div><span><b>Altitude:</b></span> <span>3,375 ft</span></div>\n<div><span><b>Speed:</b></span> <span>180 kt</span></div>\n<div><span><b>Heading:</b></span> <span>24&deg;</span></div>\n</div>"},"icon-heading":24,"icon":"http://maps.google.com/mapfiles/kml/shapes/airports.png","timestamp":"2026-05-18T10:29:54+00:00"}},{"type":"Feature","geometry":{"type":"Point","coordinates":[-9.225112,38.614609,1013.46]},"properties":{"name":"2026-05-18 10:29:56 UTC","description":{"@type":"html","value":"<div><div><span><b>Altitude:</b></span> <span>3,325 ft</span></div>\n<div><span><b>Speed:</b></span> <span>179 kt</span></div>\n<div><span><b>Heading:</b></span> <span>24&deg;</span></div>\n</div>"},"icon-heading":24,"icon":"http://maps.google.com/mapfiles/kml/shapes/airports.png","timestamp":"2026-05-18T10:29:56+00:00"}},{"type":"Feature","geometry":{"type":"Point","coordinates":[-9.224304,38.616104,1005.84]},"properties":{"name":"2026-05-18 10:29:58 UTC","description":{"@type":"html","value":"<div><div><span><b>Altitude:</b></span> <span>3,300 ft</span></div>\n<div><span><b>Speed:</b></span> <span>178 kt</span></div>\n<div><span><b>Heading:</b></span> <span>24&deg;</span></div>\n</div>"},"icon-heading":24,"icon":"http://maps.google.com/mapfiles/kml/shapes/airports.png","timestamp":"2026-05-18T10:29:58+00:00"}},{"type":"Feature","geometry":{"type":"Point","coordinates":[-9.223321,38.617859,990.6]},"properties":{"name":"2026-05-18 10:30:00 UTC","description":{"@type":"html","value":"<div><div><span><b>Altitude:</b></span> <span>3,250 ft</span></div>\n<div><span><b>Speed:</b></span> <span>178 kt</span></div>\n<div><span><b>Heading:</b></span> <span>23&deg;</span></div>\n</div>"},"icon-heading":23,"icon":"http://maps.google.com/mapfiles/kml/shapes/airports.png","timestamp":"2026-05-18T10:30:00+00:00"}},{"type":"Feature","geometry":{"type":"Point","coordinates":[-9.222425,38.619415,982.98]},"properties":{"name":"2026-05-18 10:30:02 UTC","description":{"@type":"html","value":"<div><div><span><b>Altitude:</b></span> <span>3,225 ft</span></div>\n<div><span><b>Speed:</b></span> <span>178 kt</span></div>\n<div><span><b>Heading:</b></span> <span>23&deg;</span></div>\n</div>"},"icon-heading":23,"icon":"http://maps.google.com/mapfiles/kml/shapes/airports.png","timestamp":"2026-05-18T10:30:02+00:00"}},{"type":"Feature","geometry":{"type":"Point","coordinates":[-9.221558,38.620995,975.36]},"properties":{"name":"2026-05-18 10:30:05 UTC","description":{"@type":"html","value":"<div><div><span><b>Altitude:</b></span> <span>3,200 ft</span></div>\n<div><span><b>Speed:</b></span> <span>176 kt</span></div>\n<div><span><b>Heading:</b></span> <span>23&deg;</span></div>\n</div>"},"icon-heading":23,"icon":"http://maps.google.com/mapfiles/kml/shapes/airports.png","timestamp":"2026-05-18T10:30:05+00:00"}},{"type":"Feature","geometry":{"type":"Point","coordinates":[-9.220754,38.622482,960.12]},"properties":{"name":"2026-05-18 10:30:07 UTC","description":{"@type":"html","value":"<div><div><span><b>Altitude:</b></span> <span>3,150 ft</span></div>\n<div><span><b>Speed:</b></span> <span>175 kt</span></div>\n<div><span><b>Heading:</b></span> <span>22&deg;</span></div>\n</div>"},"icon-heading":22,"icon":"http://maps.google.com/mapfiles/kml/shapes/airports.png","timestamp":"2026-05-18T10:30:07+00:00"}},{"type":"Feature","geometry":{"type":"Point","coordinates":[-9.219849,38.624298,952.5]},"properties":{"name":"2026-05-18 10:30:09 UTC","description":{"@type":"html","value":"<div><div><span><b>Altitude:</b></span> <span>3,125 ft</span></div>\n<div><span><b>Speed:</b></span> <span>174 kt</span></div>\n<div><span><b>Heading:</b></span> <span>22&deg;</span></div>\n</div>"},"icon-heading":22,"icon":"http://maps.google.com/mapfiles/kml/shapes/airports.png","timestamp":"2026-05-18T10:30:09+00:00"}},{"type":"Feature","geometry":{"type":"Point","coordinates":[-9.219116,38.625603,944.88]},"properties":{"name":"2026-05-18 10:30:11 UTC","description":{"@type":"html","value":"<div><div><span><b>Altitude:</b></span> <span>3,100 ft</span></div>\n<div><span><b>Speed:</b></span> <span>173 kt</span></div>\n<div><span><b>Heading:</b></span> <span>22&deg;</span></div>\n</div>"},"icon-heading":22,"icon":"http://maps.google.com/mapfiles/kml/shapes/airports.png","timestamp":"2026-05-18T10:30:11+00:00"}},{"type":"Feature","geometry":{"type":"Point","coordinates":[-9.218262,38.627186,937.26]},"properties":{"name":"2026-05-18 10:30:13 UTC","description":{"@type":"html","value":"<div><div><span><b>Altitude:</b></span> <span>3,075 ft</span></div>\n<div><span><b>Speed:</b></span> <span>172 kt</span></div>\n<div><span><b>Heading:</b></span> <span>22&deg;</span></div>\n</div>"},"icon-heading":22,"icon":"http://maps.google.com/mapfiles/kml/shapes/airports.png","timestamp":"2026-05-18T10:30:13+00:00"}},{"type":"Feature","geometry":{"type":"Point","coordinates":[-9.214966,38.633282,891.54]},"properties":{"name":"2026-05-18 10:30:22 UTC","description":{"@type":"html","value":"<div><div><span><b>Altitude:</b></span> <span>2,925 ft</span></div>\n<div><span><b>Speed:</b></span> <span>170 kt</span></div>\n<div><span><b>Heading:</b></span> <span>22&deg;</span></div>\n</div>"},"icon-heading":22,"icon":"http://maps.google.com/mapfiles/kml/shapes/airports.png","timestamp":"2026-05-18T10:30:22+00:00"}},{"type":"Feature","geometry":{"type":"Point","coordinates":[-9.212402,38.638031,861.06]},"properties":{"name":"2026-05-18 10:30:28 UTC","description":{"@type":"html","value":"<div><div><span><b>Altitude:</b></span> <span>2,825 ft</span></div>\n<div><span><b>Speed:</b></span> <span>168 kt</span></div>\n<div><span><b>Heading:</b></span> <span>22&deg;</span></div>\n</div>"},"icon-heading":22,"icon":"http://maps.google.com/mapfiles/kml/shapes/airports.png","timestamp":"2026-05-18T10:30:28+00:00"}},{"type":"Feature","geometry":{"type":"Point","coordinates":[-9.209106,38.644318,815.34]},"properties":{"name":"2026-05-18 10:30:37 UTC","description":{"@type":"html","value":"<div><div><span><b>Altitude:</b></span> <span>2,675 ft</span></div>\n<div><span><b>Speed:</b></span> <span>165 kt</span></div>\n<div><span><b>Heading:</b></span> <span>22&deg;</span></div>\n</div>"},"icon-heading":22,"icon":"http://maps.google.com/mapfiles/kml/shapes/airports.png","timestamp":"2026-05-18T10:30:37+00:00"}},{"type":"Feature","geometry":{"type":"Point","coordinates":[-9.206848,38.648506,784.86]},"properties":{"name":"2026-05-18 10:30:43 UTC","description":{"@type":"html","value":"<div><div><span><b>Altitude:</b></span> <span>2,575 ft</span></div>\n<div><span><b>Speed:</b></span> <span>166 kt</span></div>\n<div><span><b>Heading:</b></span> <span>22&deg;</span></div>\n</div>"},"icon-heading":22,"icon":"http://maps.google.com/mapfiles/kml/shapes/airports.png","timestamp":"2026-05-18T10:30:43+00:00"}},{"type":"Feature","geometry":{"type":"Point","coordinates":[-9.203558,38.654663,746.76]},"properties":{"name":"2026-05-18 10:30:52 UTC","description":{"@type":"html","value":"<div><div><span><b>Altitude:</b></span> <span>2,450 ft</span></div>\n<div><span><b>Speed:</b></span> <span>163 kt</span></div>\n<div><span><b>Heading:</b></span> <span>22&deg;</span></div>\n</div>"},"icon-heading":22,"icon":"http://maps.google.com/mapfiles/kml/shapes/airports.png","timestamp":"2026-05-18T10:30:52+00:00"}},{"type":"Feature","geometry":{"type":"Point","coordinates":[-9.20099,38.659515,716.28]},"properties":{"name":"2026-05-18 10:30:58 UTC","description":{"@type":"html","value":"<div><div><span><b>Altitude:</b></span> <span>2,350 ft</span></div>\n<div><span><b>Speed:</b></span> <span>162 kt</span></div>\n<div><span><b>Heading:</b></span> <span>23&deg;</span></div>\n</div>"},"icon-heading":23,"icon":"http://maps.google.com/mapfiles/kml/shapes/airports.png","timestamp":"2026-05-18T10:30:58+00:00"}},{"type":"Feature","geometry":{"type":"Point","coordinates":[-9.198669,38.663776,693.42]},"properties":{"name":"2026-05-18 10:31:05 UTC","description":{"@type":"html","value":"<div><div><span><b>Altitude:</b></span> <span>2,275 ft</span></div>\n<div><span><b>Speed:</b></span> <span>160 kt</span></div>\n<div><span><b>Heading:</b></span> <span>22&deg;</span></div>\n</div>"},"icon-heading":22,"icon":"http://maps.google.com/mapfiles/kml/shapes/airports.png","timestamp":"2026-05-18T10:31:05+00:00"}},{"type":"Feature","geometry":{"type":"Point","coordinates":[-9.195617,38.66954,655.32]},"properties":{"name":"2026-05-18 10:31:13 UTC","description":{"@type":"html","value":"<div><div><span><b>Altitude:</b></span> <span>2,150 ft</span></div>\n<div><span><b>Speed:</b></span> <span>158 kt</span></div>\n<div><span><b>Heading:</b></span> <span>22&deg;</span></div>\n</div>"},"icon-heading":22,"icon":"http://maps.google.com/mapfiles/kml/shapes/airports.png","timestamp":"2026-05-18T10:31:13+00:00"}},{"type":"Feature","geometry":{"type":"Point","coordinates":[-9.19275,38.675125,624.84]},"properties":{"name":"2026-05-18 10:31:22 UTC","description":{"@type":"html","value":"<div><div><span><b>Altitude:</b></span> <span>2,050 ft</span></div>\n<div><span><b>Speed:</b></span> <span>158 kt</span></div>\n<div><span><b>Heading:</b></span> <span>22&deg;</span></div>\n</div>"},"icon-heading":22,"icon":"http://maps.google.com/mapfiles/kml/shapes/airports.png","timestamp":"2026-05-18T10:31:22+00:00"}},{"type":"Feature","geometry":{"type":"Point","coordinates":[-9.191019,38.678284,601.98]},"properties":{"name":"2026-05-18 10:31:26 UTC","description":{"@type":"html","value":"<div><div><span><b>Altitude:</b></span> <span>1,975 ft</span></div>\n<div><span><b>Speed:</b></span> <span>158 kt</span></div>\n<div><span><b>Heading:</b></span> <span>23&deg;</span></div>\n</div>"},"icon-heading":23,"icon":"http://maps.google.com/mapfiles/kml/shapes/airports.png","timestamp":"2026-05-18T10:31:26+00:00"}},{"type":"Feature","geometry":{"type":"Point","coordinates":[-9.187854,38.684143,563.88]},"properties":{"name":"2026-05-18 10:31:35 UTC","description":{"@type":"html","value":"<div><div><span><b>Altitude:</b></span> <span>1,850 ft</span></div>\n<div><span><b>Speed:</b></span> <span>160 kt</span></div>\n<div><span><b>Heading:</b></span> <span>22&deg;</span></div>\n</div>"},"icon-heading":22,"icon":"http://maps.google.com/mapfiles/kml/shapes/airports.png","timestamp":"2026-05-18T10:31:35+00:00"}},{"type":"Feature","geometry":{"type":"Point","coordinates":[-9.185585,38.688446,541.02]},"properties":{"name":"2026-05-18 10:31:41 UTC","description":{"@type":"html","value":"<div><div><span><b>Altitude:</b></span> <span>1,775 ft</span></div>\n<div><span><b>Speed:</b></span> <span>163 kt</span></div>\n<div><span><b>Heading:</b></span> <span>22&deg;</span></div>\n</div>"},"icon-heading":22,"icon":"http://maps.google.com/mapfiles/kml/shapes/airports.png","timestamp":"2026-05-18T10:31:41+00:00"}},{"type":"Feature","geometry":{"type":"Point","coordinates":[-9.182481,38.694351,510.54]},"properties":{"name":"2026-05-18 10:31:49 UTC","description":{"@type":"html","value":"<div><div><span><b>Altitude:</b></span> <span>1,675 ft</span></div>\n<div><span><b>Speed:</b></span> <span>167 kt</span></div>\n<div><span><b>Heading:</b></span> <span>22&deg;</span></div>\n</div>"},"icon-heading":22,"icon":"http://maps.google.com/mapfiles/kml/shapes/airports.png","timestamp":"2026-05-18T10:31:49+00:00"}},{"type":"Feature","geometry":{"type":"Point","coordinates":[-9.17981,38.699249,487.68]},"properties":{"name":"2026-05-18 10:31:56 UTC","description":{"@type":"html","value":"<div><div><span><b>Altitude:</b></span> <span>1,600 ft</span></div>\n<div><span><b>Speed:</b></span> <span>165 kt</span></div>\n<div><span><b>Heading:</b></span> <span>23&deg;</span></div>\n</div>"},"icon-heading":23,"icon":"http://maps.google.com/mapfiles/kml/shapes/airports.png","timestamp":"2026-05-18T10:31:56+00:00"}},{"type":"Feature","geometry":{"type":"Point","coordinates":[-9.177465,38.703598,457.2]},"properties":{"name":"2026-05-18 10:32:02 UTC","description":{"@type":"html","value":"<div><div><span><b>Altitude:</b></span> <span>1,500 ft</span></div>\n<div><span><b>Speed:</b></span> <span>162 kt</span></div>\n<div><span><b>Heading:</b></span> <span>22&deg;</span></div>\n</div>"},"icon-heading":22,"icon":"http://maps.google.com/mapfiles/kml/shapes/airports.png","timestamp":"2026-05-18T10:32:02+00:00"}},{"type":"Feature","geometry":{"type":"Point","coordinates":[-9.17511,38.707954,426.72]},"properties":{"name":"2026-05-18 10:32:09 UTC","description":{"@type":"html","value":"<div><div><span><b>Altitude:</b></span> <span>1,400 ft</span></div>\n<div><span><b>Speed:</b></span> <span>157 kt</span></div>\n<div><span><b>Heading:</b></span> <span>23&deg;</span></div>\n</div>"},"icon-heading":23,"icon":"http://maps.google.com/mapfiles/kml/shapes/airports.png","timestamp":"2026-05-18T10:32:09+00:00"}},{"type":"Feature","geometry":{"type":"Point","coordinates":[-9.172913,38.712002,396.24]},"properties":{"name":"2026-05-18 10:32:15 UTC","description":{"@type":"html","value":"<div><div><span><b>Altitude:</b></span> <span>1,300 ft</span></div>\n<div><span><b>Speed:</b></span> <span>152 kt</span></div>\n<div><span><b>Heading:</b></span> <span>23&deg;</span></div>\n</div>"},"icon-heading":23,"icon":"http://maps.google.com/mapfiles/kml/shapes/airports.png","timestamp":"2026-05-18T10:32:15+00:00"}},{"type":"Feature","geometry":{"type":"Point","coordinates":[-9.172151,38.713394,388.62]},"properties":{"name":"2026-05-18 10:32:17 UTC","description":{"@type":"html","value":"<div><div><span><b>Altitude:</b></span> <span>1,275 ft</span></div>\n<div><span><b>Speed:</b></span> <span>151 kt</span></div>\n<div><span><b>Heading:</b></span> <span>22&deg;</span></div>\n</div>"},"icon-heading":22,"icon":"http://maps.google.com/mapfiles/kml/shapes/airports.png","timestamp":"2026-05-18T10:32:17+00:00"}},{"type":"Feature","geometry":{"type":"Point","coordinates":[-9.171448,38.714748,373.38]},"properties":{"name":"2026-05-18 10:32:19 UTC","description":{"@type":"html","value":"<div><div><span><b>Altitude:</b></span> <span>1,225 ft</span></div>\n<div><span><b>Speed:</b></span> <span>149 kt</span></div>\n<div><span><b>Heading:</b></span> <span>22&deg;</span></div>\n</div>"},"icon-heading":22,"icon":"http://maps.google.com/mapfiles/kml/shapes/airports.png","timestamp":"2026-05-18T10:32:19+00:00"}},{"type":"Feature","geometry":{"type":"Point","coordinates":[-9.170897,38.715729,365.76]},"properties":{"name":"2026-05-18 10:32:21 UTC","description":{"@type":"html","value":"<div><div><span><b>Altitude:</b></span> <span>1,200 ft</span></div>\n<div><span><b>Speed:</b></span> <span>147 kt</span></div>\n<div><span><b>Heading:</b></span> <span>22&deg;</span></div>\n</div>"},"icon-heading":22,"icon":"http://maps.google.com/mapfiles/kml/shapes/airports.png","timestamp":"2026-05-18T10:32:21+00:00"}},{"type":"Feature","geometry":{"type":"Point","coordinates":[-9.170121,38.717239,358.14]},"properties":{"name":"2026-05-18 10:32:23 UTC","description":{"@type":"html","value":"<div><div><span><b>Altitude:</b></span> <span>1,175 ft</span></div>\n<div><span><b>Speed:</b></span> <span>146 kt</span></div>\n<div><span><b>Heading:</b></span> <span>22&deg;</span></div>\n</div>"},"icon-heading":22,"icon":"http://maps.google.com/mapfiles/kml/shapes/airports.png","timestamp":"2026-05-18T10:32:23+00:00"}},{"type":"Feature","geometry":{"type":"Point","coordinates":[-9.168031,38.721222,335.28]},"properties":{"name":"2026-05-18 10:32:30 UTC","description":{"@type":"html","value":"<div><div><span><b>Altitude:</b></span> <span>1,100 ft</span></div>\n<div><span><b>Speed:</b></span> <span>139 kt</span></div>\n<div><span><b>Heading:</b></span> <span>22&deg;</span></div>\n</div>"},"icon-heading":22,"icon":"http://maps.google.com/mapfiles/kml/shapes/airports.png","timestamp":"2026-05-18T10:32:30+00:00"}},{"type":"Feature","geometry":{"type":"Point","coordinates":[-9.165404,38.726257,297.18]},"properties":{"name":"2026-05-18 10:32:38 UTC","description":{"@type":"html","value":"<div><div><span><b>Altitude:</b></span> <span>975 ft</span></div>\n<div><span><b>Speed:</b></span> <span>135 kt</span></div>\n<div><span><b>Heading:</b></span> <span>22&deg;</span></div>\n</div>"},"icon-heading":22,"icon":"http://maps.google.com/mapfiles/kml/shapes/airports.png","timestamp":"2026-05-18T10:32:38+00:00"}},{"type":"Feature","geometry":{"type":"Point","coordinates":[-9.163391,38.730019,281.94]},"properties":{"name":"2026-05-18 10:32:45 UTC","description":{"@type":"html","value":"<div><div><span><b>Altitude:</b></span> <span>925 ft</span></div>\n<div><span><b>Speed:</b></span> <span>135 kt</span></div>\n<div><span><b>Heading:</b></span> <span>22&deg;</span></div>\n</div>"},"icon-heading":22,"icon":"http://maps.google.com/mapfiles/kml/shapes/airports.png","timestamp":"2026-05-18T10:32:45+00:00"}},{"type":"Feature","geometry":{"type":"Point","coordinates":[-9.160627,38.735138,251.46]},"properties":{"name":"2026-05-18 10:32:54 UTC","description":{"@type":"html","value":"<div><div><span><b>Altitude:</b></span> <span>825 ft</span></div>\n<div><span><b>Speed:</b></span> <span>136 kt</span></div>\n<div><span><b>Heading:</b></span> <span>22&deg;</span></div>\n</div>"},"icon-heading":22,"icon":"http://maps.google.com/mapfiles/kml/shapes/airports.png","timestamp":"2026-05-18T10:32:54+00:00"}},{"type":"Feature","geometry":{"type":"Point","coordinates":[-9.158752,38.738678,228.6]},"properties":{"name":"2026-05-18 10:33:00 UTC","description":{"@type":"html","value":"<div><div><span><b>Altitude:</b></span> <span>750 ft</span></div>\n<div><span><b>Speed:</b></span> <span>135 kt</span></div>\n<div><span><b>Heading:</b></span> <span>22&deg;</span></div>\n</div>"},"icon-heading":22,"icon":"http://maps.google.com/mapfiles/kml/shapes/airports.png","timestamp":"2026-05-18T10:33:00+00:00"}},{"type":"Feature","geometry":{"type":"Point","coordinates":[-9.15609,38.743607,190.5]},"properties":{"name":"2026-05-18 10:33:08 UTC","description":{"@type":"html","value":"<div><div><span><b>Altitude:</b></span> <span>625 ft</span></div>\n<div><span><b>Speed:</b></span> <span>133 kt</span></div>\n<div><span><b>Heading:</b></span> <span>22&deg;</span></div>\n</div>"},"icon-heading":22,"icon":"http://maps.google.com/mapfiles/kml/shapes/airports.png","timestamp":"2026-05-18T10:33:08+00:00"}},{"type":"Feature","geometry":{"type":"Point","coordinates":[-9.154179,38.747131,167.64]},"properties":{"name":"2026-05-18 10:33:15 UTC","description":{"@type":"html","value":"<div><div><span><b>Altitude:</b></span> <span>550 ft</span></div>\n<div><span><b>Speed:</b></span> <span>133 kt</span></div>\n<div><span><b>Heading:</b></span> <span>22&deg;</span></div>\n</div>"},"icon-heading":22,"icon":"http://maps.google.com/mapfiles/kml/shapes/airports.png","timestamp":"2026-05-18T10:33:15+00:00"}},{"type":"Feature","geometry":{"type":"Point","coordinates":[-9.153564,38.748314,160.02]},"properties":{"name":"2026-05-18 10:33:17 UTC","description":{"@type":"html","value":"<div><div><span><b>Altitude:</b></span> <span>525 ft</span></div>\n<div><span><b>Speed:</b></span> <span>132 kt</span></div>\n<div><span><b>Heading:</b></span> <span>23&deg;</span></div>\n</div>"},"icon-heading":23,"icon":"http://maps.google.com/mapfiles/kml/shapes/airports.png","timestamp":"2026-05-18T10:33:17+00:00"}},{"type":"Feature","geometry":{"type":"Point","coordinates":[-9.152865,38.749557,152.4]},"properties":{"name":"2026-05-18 10:33:19 UTC","description":{"@type":"html","value":"<div><div><span><b>Altitude:</b></span> <span>500 ft</span></div>\n<div><span><b>Speed:</b></span> <span>132 kt</span></div>\n<div><span><b>Heading:</b></span> <span>23&deg;</span></div>\n</div>"},"icon-heading":23,"icon":"http://maps.google.com/mapfiles/kml/shapes/airports.png","timestamp":"2026-05-18T10:33:19+00:00"}},{"type":"Feature","geometry":{"type":"Point","coordinates":[-9.1521,38.75106,144.78]},"properties":{"name":"2026-05-18 10:33:21 UTC","description":{"@type":"html","value":"<div><div><span><b>Altitude:</b></span> <span>475 ft</span></div>\n<div><span><b>Speed:</b></span> <span>132 kt</span></div>\n<div><span><b>Heading:</b></span> <span>22&deg;</span></div>\n</div>"},"icon-heading":22,"icon":"http://maps.google.com/mapfiles/kml/shapes/airports.png","timestamp":"2026-05-18T10:33:21+00:00"}},{"type":"Feature","geometry":{"type":"Point","coordinates":[-9.151489,38.752178,137.16]},"properties":{"name":"2026-05-18 10:33:24 UTC","description":{"@type":"html","value":"<div><div><span><b>Altitude:</b></span> <span>450 ft</span></div>\n<div><span><b>Speed:</b></span> <span>132 kt</span></div>\n<div><span><b>Heading:</b></span> <span>22&deg;</span></div>\n</div>"},"icon-heading":22,"icon":"http://maps.google.com/mapfiles/kml/shapes/airports.png","timestamp":"2026-05-18T10:33:24+00:00"}},{"type":"Feature","geometry":{"type":"Point","coordinates":[-9.150757,38.753574,129.54]},"properties":{"name":"2026-05-18 10:33:26 UTC","description":{"@type":"html","value":"<div><div><span><b>Altitude:</b></span> <span>425 ft</span></div>\n<div><span><b>Speed:</b></span> <span>131 kt</span></div>\n<div><span><b>Heading:</b></span> <span>22&deg;</span></div>\n</div>"},"icon-heading":22,"icon":"http://maps.google.com/mapfiles/kml/shapes/airports.png","timestamp":"2026-05-18T10:33:26+00:00"}},{"type":"Feature","geometry":{"type":"Point","coordinates":[-9.150119,38.75473,121.92]},"properties":{"name":"2026-05-18 10:33:28 UTC","description":{"@type":"html","value":"<div><div><span><b>Altitude:</b></span> <span>400 ft</span></div>\n<div><span><b>Speed:</b></span> <span>132 kt</span></div>\n<div><span><b>Heading:</b></span> <span>22&deg;</span></div>\n</div>"},"icon-heading":22,"icon":"http://maps.google.com/mapfiles/kml/shapes/airports.png","timestamp":"2026-05-18T10:33:28+00:00"}},{"type":"Feature","geometry":{"type":"Point","coordinates":[-9.149536,38.755901,114.3]},"properties":{"name":"2026-05-18 10:33:30 UTC","description":{"@type":"html","value":"<div><div><span><b>Altitude:</b></span> <span>375 ft</span></div>\n<div><span><b>Speed:</b></span> <span>132 kt</span></div>\n<div><span><b>Heading:</b></span> <span>22&deg;</span></div>\n</div>"},"icon-heading":22,"icon":"http://maps.google.com/mapfiles/kml/shapes/airports.png","timestamp":"2026-05-18T10:33:30+00:00"}},{"type":"Feature","geometry":{"type":"Point","coordinates":[-9.148865,38.757065,106.68]},"properties":{"name":"2026-05-18 10:33:32 UTC","description":{"@type":"html","value":"<div><div><span><b>Altitude:</b></span> <span>350 ft</span></div>\n<div><span><b>Speed:</b></span> <span>131 kt</span></div>\n<div><span><b>Heading:</b></span> <span>22&deg;</span></div>\n</div>"},"icon-heading":22,"icon":"http://maps.google.com/mapfiles/kml/shapes/airports.png","timestamp":"2026-05-18T10:33:32+00:00"}},{"type":"Feature","geometry":{"type":"Point","coordinates":[-9.146357,38.761826,83.82]},"properties":{"name":"2026-05-18 10:33:41 UTC","description":{"@type":"html","value":"<div><div><span><b>Altitude:</b></span> <span>275 ft</span></div>\n<div><span><b>Speed:</b></span> <span>133 kt</span></div>\n<div><span><b>Heading:</b></span> <span>22&deg;</span></div>\n</div>"},"icon-heading":22,"icon":"http://maps.google.com/mapfiles/kml/shapes/airports.png","timestamp":"2026-05-18T10:33:41+00:00"}},{"type":"Feature","geometry":{"type":"Point","coordinates":[-9.144446,38.76535,60.96]},"properties":{"name":"2026-05-18 10:33:47 UTC","description":{"@type":"html","value":"<div><div><span><b>Altitude:</b></span> <span>200 ft</span></div>\n<div><span><b>Speed:</b></span> <span>136 kt</span></div>\n<div><span><b>Heading:</b></span> <span>22&deg;</span></div>\n</div>"},"icon-heading":22,"icon":"http://maps.google.com/mapfiles/kml/shapes/airports.png","timestamp":"2026-05-18T10:33:47+00:00"}},{"type":"Feature","geometry":{"type":"Point","coordinates":[-9.1417,38.770569,38.1]},"properties":{"name":"2026-05-18 10:33:55 UTC","description":{"@type":"html","value":"<div><div><span><b>Altitude:</b></span> <span>125 ft</span></div>\n<div><span><b>Speed:</b></span> <span>139 kt</span></div>\n<div><span><b>Heading:</b></span> <span>22&deg;</span></div>\n</div>"},"icon-heading":22,"icon":"http://maps.google.com/mapfiles/kml/shapes/airports.png","timestamp":"2026-05-18T10:33:55+00:00"}},{"type":"Feature","geometry":{"type":"Point","coordinates":[-9.139832,38.77401,38.1]},"properties":{"name":"2026-05-18 10:34:02 UTC","description":{"@type":"html","value":"<div><div><span><b>Altitude:</b></span> <span>125 ft</span></div>\n<div><span><b>Speed:</b></span> <span>132 kt</span></div>\n<div><span><b>Heading:</b></span> <span>22&deg;</span></div>\n</div>"},"icon-heading":22,"icon":"http://maps.google.com/mapfiles/kml/shapes/airports.png","timestamp":"2026-05-18T10:34:02+00:00"}},{"type":"Feature","geometry":{"type":"Point","coordinates":[-9.137818,38.777802,0]},"properties":{"name":"2026-05-18 10:34:10 UTC","description":{"@type":"html","value":"<div><div><span><b>Altitude:</b></span> <span>0 ft</span></div>\n<div><span><b>Speed:</b></span> <span>100 kt</span></div>\n<div><span><b>Heading:</b></span> <span>22&deg;</span></div>\n</div>"},"icon-heading":22,"icon":"http://maps.google.com/mapfiles/kml/shapes/airports.png","timestamp":"2026-05-18T10:34:10+00:00"}},{"type":"Feature","geometry":{"type":"Point","coordinates":[-9.13649,38.780273,0]},"properties":{"name":"2026-05-18 10:34:18 UTC","description":{"@type":"html","value":"<div><div><span><b>Altitude:</b></span> <span>0 ft</span></div>\n<div><span><b>Speed:</b></span> <span>69 kt</span></div>\n<div><span><b>Heading:</b></span> <span>22&deg;</span></div>\n</div>"},"icon-heading":22,"icon":"http://maps.google.com/mapfiles/kml/shapes/airports.png","timestamp":"2026-05-18T10:34:18+00:00"}},{"type":"Feature","geometry":{"type":"Point","coordinates":[-9.135625,38.781818,0]},"properties":{"name":"2026-05-18 10:34:25 UTC","description":{"@type":"html","value":"<div><div><span><b>Altitude:</b></span> <span>0 ft</span></div>\n<div><span><b>Speed:</b></span> <span>38 kt</span></div>\n<div><span><b>Heading:</b></span> <span>25&deg;</span></div>\n</div>"},"icon-heading":25,"icon":"http://maps.google.com/mapfiles/kml/shapes/airports.png","timestamp":"2026-05-18T10:34:25+00:00"}},{"type":"Feature","geometry":{"type":"Point","coordinates":[-9.135498,38.782028,0]},"properties":{"name":"2026-05-18 10:34:27 UTC","description":{"@type":"html","value":"<div><div><span><b>Altitude:</b></span> <span>0 ft</span></div>\n<div><span><b>Speed:</b></span> <span>35 kt</span></div>\n<div><span><b>Heading:</b></span> <span>28&deg;</span></div>\n</div>"},"icon-heading":28,"icon":"http://maps.google.com/mapfiles/kml/shapes/airports.png","timestamp":"2026-05-18T10:34:27+00:00"}},{"type":"Feature","geometry":{"type":"Point","coordinates":[-9.135269,38.782295,0]},"properties":{"name":"2026-05-18 10:34:30 UTC","description":{"@type":"html","value":"<div><div><span><b>Altitude:</b></span> <span>0 ft</span></div>\n<div><span><b>Speed:</b></span> <span>30 kt</span></div>\n<div><span><b>Heading:</b></span> <span>33&deg;</span></div>\n</div>"},"icon-heading":33,"icon":"http://maps.google.com/mapfiles/kml/shapes/airports.png","timestamp":"2026-05-18T10:34:30+00:00"}},{"type":"Feature","geometry":{"type":"Point","coordinates":[-9.134938,38.782642,0]},"properties":{"name":"2026-05-18 10:34:33 UTC","description":{"@type":"html","value":"<div><div><span><b>Altitude:</b></span> <span>0 ft</span></div>\n<div><span><b>Speed:</b></span> <span>27 kt</span></div>\n<div><span><b>Heading:</b></span> <span>36&deg;</span></div>\n</div>"},"icon-heading":36,"icon":"http://maps.google.com/mapfiles/kml/shapes/airports.png","timestamp":"2026-05-18T10:34:33+00:00"}},{"type":"Feature","geometry":{"type":"Point","coordinates":[-9.134705,38.782845,0]},"properties":{"name":"2026-05-18 10:34:35 UTC","description":{"@type":"html","value":"<div><div><span><b>Altitude:</b></span> <span>0 ft</span></div>\n<div><span><b>Speed:</b></span> <span>27 kt</span></div>\n<div><span><b>Heading:</b></span> <span>42&deg;</span></div>\n</div>"},"icon-heading":42,"icon":"http://maps.google.com/mapfiles/kml/shapes/airports.png","timestamp":"2026-05-18T10:34:35+00:00"}},{"type":"Feature","geometry":{"type":"Point","coordinates":[-9.134338,38.783123,0]},"properties":{"name":"2026-05-18 10:34:38 UTC","description":{"@type":"html","value":"<div><div><span><b>Altitude:</b></span> <span>0 ft</span></div>\n<div><span><b>Speed:</b></span> <span>26 kt</span></div>\n<div><span><b>Heading:</b></span> <span>45&deg;</span></div>\n</div>"},"icon-heading":45,"icon":"http://maps.google.com/mapfiles/kml/shapes/airports.png","timestamp":"2026-05-18T10:34:38+00:00"}},{"type":"Feature","geometry":{"type":"Point","coordinates":[-9.134018,38.783367,0]},"properties":{"name":"2026-05-18 10:34:41 UTC","description":{"@type":"html","value":"<div><div><span><b>Altitude:</b></span> <span>0 ft</span></div>\n<div><span><b>Speed:</b></span> <span>23 kt</span></div>\n<div><span><b>Heading:</b></span> <span>47&deg;</span></div>\n</div>"},"icon-heading":47,"icon":"http://maps.google.com/mapfiles/kml/shapes/airports.png","timestamp":"2026-05-18T10:34:41+00:00"}},{"type":"Feature","geometry":{"type":"Point","coordinates":[-9.133759,38.783546,0]},"properties":{"name":"2026-05-18 10:34:44 UTC","description":{"@type":"html","value":"<div><div><span><b>Altitude:</b></span> <span>0 ft</span></div>\n<div><span><b>Speed:</b></span> <span>20 kt</span></div>\n<div><span><b>Heading:</b></span> <span>47&deg;</span></div>\n</div>"},"icon-heading":47,"icon":"http://maps.google.com/mapfiles/kml/shapes/airports.png","timestamp":"2026-05-18T10:34:44+00:00"}},{"type":"Feature","geometry":{"type":"Point","coordinates":[-9.13352,38.783707,0]},"properties":{"name":"2026-05-18 10:34:48 UTC","description":{"@type":"html","value":"<div><div><span><b>Altitude:</b></span> <span>0 ft</span></div>\n<div><span><b>Speed:</b></span> <span>16 kt</span></div>\n<div><span><b>Heading:</b></span> <span>50&deg;</span></div>\n</div>"},"icon-heading":50,"icon":"http://maps.google.com/mapfiles/kml/shapes/airports.png","timestamp":"2026-05-18T10:34:48+00:00"}},{"type":"Feature","geometry":{"type":"Point","coordinates":[-9.133316,38.783787,0]},"properties":{"name":"2026-05-18 10:34:51 UTC","description":{"@type":"html","value":"<div><div><span><b>Altitude:</b></span> <span>0 ft</span></div>\n<div><span><b>Speed:</b></span> <span>14 kt</span></div>\n<div><span><b>Heading:</b></span> <span>61&deg;</span></div>\n</div>"},"icon-heading":61,"icon":"http://maps.google.com/mapfiles/kml/shapes/airports.png","timestamp":"2026-05-18T10:34:51+00:00"}},{"type":"Feature","geometry":{"type":"Point","coordinates":[-9.133027,38.783775,0]},"properties":{"name":"2026-05-18 10:34:54 UTC","description":{"@type":"html","value":"<div><div><span><b>Altitude:</b></span> <span>0 ft</span></div>\n<div><span><b>Speed:</b></span> <span>13 kt</span></div>\n<div><span><b>Heading:</b></span> <span>87&deg;</span></div>\n</div>"},"icon-heading":87,"icon":"http://maps.google.com/mapfiles/kml/shapes/airports.png","timestamp":"2026-05-18T10:34:54+00:00"}},{"type":"Feature","geometry":{"type":"Point","coordinates":[-9.132767,38.78368,0]},"properties":{"name":"2026-05-18 10:34:58 UTC","description":{"@type":"html","value":"<div><div><span><b>Altitude:</b></span> <span>0 ft</span></div>\n<div><span><b>Speed:</b></span> <span>13 kt</span></div>\n<div><span><b>Heading:</b></span> <span>112&deg;</span></div>\n</div>"},"icon-heading":112,"icon":"http://maps.google.com/mapfiles/kml/shapes/airports.png","timestamp":"2026-05-18T10:34:58+00:00"}},{"type":"Feature","geometry":{"type":"Point","coordinates":[-9.132609,38.783478,0]},"properties":{"name":"2026-05-18 10:35:02 UTC","description":{"@type":"html","value":"<div><div><span><b>Altitude:</b></span> <span>0 ft</span></div>\n<div><span><b>Speed:</b></span> <span>12 kt</span></div>\n<div><span><b>Heading:</b></span> <span>143&deg;</span></div>\n</div>"},"icon-heading":143,"icon":"http://maps.google.com/mapfiles/kml/shapes/airports.png","timestamp":"2026-05-18T10:35:02+00:00"}},{"type":"Feature","geometry":{"type":"Point","coordinates":[-9.132614,38.783264,0]},"properties":{"name":"2026-05-18 10:35:05 UTC","description":{"@type":"html","value":"<div><div><span><b>Altitude:</b></span> <span>0 ft</span></div>\n<div><span><b>Speed:</b></span> <span>13 kt</span></div>\n<div><span><b>Heading:</b></span> <span>171&deg;</span></div>\n</div>"},"icon-heading":171,"icon":"http://maps.google.com/mapfiles/kml/shapes/airports.png","timestamp":"2026-05-18T10:35:05+00:00"}},{"type":"Feature","geometry":{"type":"Point","coordinates":[-9.132721,38.783043,0]},"properties":{"name":"2026-05-18 10:35:10 UTC","description":{"@type":"html","value":"<div><div><span><b>Altitude:</b></span> <span>0 ft</span></div>\n<div><span><b>Speed:</b></span> <span>12 kt</span></div>\n<div><span><b>Heading:</b></span> <span>196&deg;</span></div>\n</div>"},"icon-heading":196,"icon":"http://maps.google.com/mapfiles/kml/shapes/airports.png","timestamp":"2026-05-18T10:35:10+00:00"}},{"type":"Feature","geometry":{"type":"Point","coordinates":[-9.132843,38.78281,0]},"properties":{"name":"2026-05-18 10:35:14 UTC","description":{"@type":"html","value":"<div><div><span><b>Altitude:</b></span> <span>0 ft</span></div>\n<div><span><b>Speed:</b></span> <span>13 kt</span></div>\n<div><span><b>Heading:</b></span> <span>202&deg;</span></div>\n</div>"},"icon-heading":202,"icon":"http://maps.google.com/mapfiles/kml/shapes/airports.png","timestamp":"2026-05-18T10:35:14+00:00"}},{"type":"Feature","geometry":{"type":"Point","coordinates":[-9.132996,38.782516,0]},"properties":{"name":"2026-05-18 10:35:18 UTC","description":{"@type":"html","value":"<div><div><span><b>Altitude:</b></span> <span>0 ft</span></div>\n<div><span><b>Speed:</b></span> <span>14 kt</span></div>\n<div><span><b>Heading:</b></span> <span>202&deg;</span></div>\n</div>"},"icon-heading":202,"icon":"http://maps.google.com/mapfiles/kml/shapes/airports.png","timestamp":"2026-05-18T10:35:18+00:00"}},{"type":"Feature","geometry":{"type":"Point","coordinates":[-9.133162,38.782219,0]},"properties":{"name":"2026-05-18 10:35:23 UTC","description":{"@type":"html","value":"<div><div><span><b>Altitude:</b></span> <span>0 ft</span></div>\n<div><span><b>Speed:</b></span> <span>15 kt</span></div>\n<div><span><b>Heading:</b></span> <span>202&deg;</span></div>\n</div>"},"icon-heading":202,"icon":"http://maps.google.com/mapfiles/kml/shapes/airports.png","timestamp":"2026-05-18T10:35:23+00:00"}},{"type":"Feature","geometry":{"type":"Point","coordinates":[-9.13327,38.782005,0]},"properties":{"name":"2026-05-18 10:35:26 UTC","description":{"@type":"html","value":"<div><div><span><b>Altitude:</b></span> <span>0 ft</span></div>\n<div><span><b>Speed:</b></span> <span>16 kt</span></div>\n<div><span><b>Heading:</b></span> <span>202&deg;</span></div>\n</div>"},"icon-heading":202,"icon":"http://maps.google.com/mapfiles/kml/shapes/airports.png","timestamp":"2026-05-18T10:35:26+00:00"}},{"type":"Feature","geometry":{"type":"Point","coordinates":[-9.133392,38.781773,0]},"properties":{"name":"2026-05-18 10:35:29 UTC","description":{"@type":"html","value":"<div><div><span><b>Altitude:</b></span> <span>0 ft</span></div>\n<div><span><b>Speed:</b></span> <span>16 kt</span></div>\n<div><span><b>Heading:</b></span> <span>202&deg;</span></div>\n</div>"},"icon-heading":202,"icon":"http://maps.google.com/mapfiles/kml/shapes/airports.png","timestamp":"2026-05-18T10:35:29+00:00"}},{"type":"Feature","geometry":{"type":"Point","coordinates":[-9.13352,38.781555,0]},"properties":{"name":"2026-05-18 10:35:32 UTC","description":{"@type":"html","value":"<div><div><span><b>Altitude:</b></span> <span>0 ft</span></div>\n<div><span><b>Speed:</b></span> <span>17 kt</span></div>\n<div><span><b>Heading:</b></span> <span>202&deg;</span></div>\n</div>"},"icon-heading":202,"icon":"http://maps.google.com/mapfiles/kml/shapes/airports.png","timestamp":"2026-05-18T10:35:32+00:00"}},{"type":"Feature","geometry":{"type":"Point","coordinates":[-9.133803,38.781006,0]},"properties":{"name":"2026-05-18 10:35:39 UTC","description":{"@type":"html","value":"<div><div><span><b>Altitude:</b></span> <span>0 ft</span></div>\n<div><span><b>Speed:</b></span> <span>18 kt</span></div>\n<div><span><b>Heading:</b></span> <span>202&deg;</span></div>\n</div>"},"icon-heading":202,"icon":"http://maps.google.com/mapfiles/kml/shapes/airports.png","timestamp":"2026-05-18T10:35:39+00:00"}},{"type":"Feature","geometry":{"type":"Point","coordinates":[-9.134171,38.780331,0]},"properties":{"name":"2026-05-18 10:35:47 UTC","description":{"@type":"html","value":"<div><div><span><b>Altitude:</b></span> <span>0 ft</span></div>\n<div><span><b>Speed:</b></span> <span>20 kt</span></div>\n<div><span><b>Heading:</b></span> <span>202&deg;</span></div>\n</div>"},"icon-heading":202,"icon":"http://maps.google.com/mapfiles/kml/shapes/airports.png","timestamp":"2026-05-18T10:35:47+00:00"}},{"type":"Feature","geometry":{"type":"Point","coordinates":[-9.13452,38.779667,0]},"properties":{"name":"2026-05-18 10:35:54 UTC","description":{"@type":"html","value":"<div><div><span><b>Altitude:</b></span> <span>0 ft</span></div>\n<div><span><b>Speed:</b></span> <span>22 kt</span></div>\n<div><span><b>Heading:</b></span> <span>202&deg;</span></div>\n</div>"},"icon-heading":202,"icon":"http://maps.google.com/mapfiles/kml/shapes/airports.png","timestamp":"2026-05-18T10:35:54+00:00"}},{"type":"Feature","geometry":{"type":"Point","coordinates":[-9.134918,38.778934,0]},"properties":{"name":"2026-05-18 10:36:01 UTC","description":{"@type":"html","value":"<div><div><span><b>Altitude:</b></span> <span>0 ft</span></div>\n<div><span><b>Speed:</b></span> <span>24 kt</span></div>\n<div><span><b>Heading:</b></span> <span>202&deg;</span></div>\n</div>"},"icon-heading":202,"icon":"http://maps.google.com/mapfiles/kml/shapes/airports.png","timestamp":"2026-05-18T10:36:01+00:00"}},{"type":"Feature","geometry":{"type":"Point","coordinates":[-9.135266,38.778259,0]},"properties":{"name":"2026-05-18 10:36:08 UTC","description":{"@type":"html","value":"<div><div><span><b>Altitude:</b></span> <span>0 ft</span></div>\n<div><span><b>Speed:</b></span> <span>24 kt</span></div>\n<div><span><b>Heading:</b></span> <span>202&deg;</span></div>\n</div>"},"icon-heading":202,"icon":"http://maps.google.com/mapfiles/kml/shapes/airports.png","timestamp":"2026-05-18T10:36:08+00:00"}},{"type":"Feature","geometry":{"type":"Point","coordinates":[-9.135699,38.777493,0]},"properties":{"name":"2026-05-18 10:36:15 UTC","description":{"@type":"html","value":"<div><div><span><b>Altitude:</b></span> <span>0 ft</span></div>\n<div><span><b>Speed:</b></span> <span>21 kt</span></div>\n<div><span><b>Heading:</b></span> <span>202&deg;</span></div>\n</div>"},"icon-heading":202,"icon":"http://maps.google.com/mapfiles/kml/shapes/airports.png","timestamp":"2026-05-18T10:36:15+00:00"}},{"type":"Feature","geometry":{"type":"Point","coordinates":[-9.135941,38.777012,0]},"properties":{"name":"2026-05-18 10:36:23 UTC","description":{"@type":"html","value":"<div><div><span><b>Altitude:</b></span> <span>0 ft</span></div>\n<div><span><b>Speed:</b></span> <span>16 kt</span></div>\n<div><span><b>Heading:</b></span> <span>202&deg;</span></div>\n</div>"},"icon-heading":202,"icon":"http://maps.google.com/mapfiles/kml/shapes/airports.png","timestamp":"2026-05-18T10:36:23+00:00"}},{"type":"Feature","geometry":{"type":"Point","coordinates":[-9.136017,38.776756,0]},"properties":{"name":"2026-05-18 10:36:26 UTC","description":{"@type":"html","value":"<div><div><span><b>Altitude:</b></span> <span>0 ft</span></div>\n<div><span><b>Speed:</b></span> <span>15 kt</span></div>\n<div><span><b>Heading:</b></span> <span>188&deg;</span></div>\n</div>"},"icon-heading":188,"icon":"http://maps.google.com/mapfiles/kml/shapes/airports.png","timestamp":"2026-05-18T10:36:26+00:00"}},{"type":"Feature","geometry":{"type":"Point","coordinates":[-9.135971,38.776524,0]},"properties":{"name":"2026-05-18 10:36:30 UTC","description":{"@type":"html","value":"<div><div><span><b>Altitude:</b></span> <span>0 ft</span></div>\n<div><span><b>Speed:</b></span> <span>16 kt</span></div>\n<div><span><b>Heading:</b></span> <span>174&deg;</span></div>\n</div>"},"icon-heading":174,"icon":"http://maps.google.com/mapfiles/kml/shapes/airports.png","timestamp":"2026-05-18T10:36:30+00:00"}},{"type":"Feature","geometry":{"type":"Point","coordinates":[-9.135908,38.776268,0]},"properties":{"name":"2026-05-18 10:36:32 UTC","description":{"@type":"html","value":"<div><div><span><b>Altitude:</b></span> <span>0 ft</span></div>\n<div><span><b>Speed:</b></span> <span>16 kt</span></div>\n<div><span><b>Heading:</b></span> <span>168&deg;</span></div>\n</div>"},"icon-heading":168,"icon":"http://maps.google.com/mapfiles/kml/shapes/airports.png","timestamp":"2026-05-18T10:36:32+00:00"}},{"type":"Feature","geometry":{"type":"Point","coordinates":[-9.135818,38.77597,0]},"properties":{"name":"2026-05-18 10:36:36 UTC","description":{"@type":"html","value":"<div><div><span><b>Altitude:</b></span> <span>0 ft</span></div>\n<div><span><b>Speed:</b></span> <span>17 kt</span></div>\n<div><span><b>Heading:</b></span> <span>168&deg;</span></div>\n</div>"},"icon-heading":168,"icon":"http://maps.google.com/mapfiles/kml/shapes/airports.png","timestamp":"2026-05-18T10:36:36+00:00"}},{"type":"Feature","geometry":{"type":"Point","coordinates":[-9.135758,38.775764,0]},"properties":{"name":"2026-05-18 10:36:38 UTC","description":{"@type":"html","value":"<div><div><span><b>Altitude:</b></span> <span>0 ft</span></div>\n<div><span><b>Speed:</b></span> <span>17 kt</span></div>\n<div><span><b>Heading:</b></span> <span>168&deg;</span></div>\n</div>"},"icon-heading":168,"icon":"http://maps.google.com/mapfiles/kml/shapes/airports.png","timestamp":"2026-05-18T10:36:38+00:00"}},{"type":"Feature","geometry":{"type":"Point","coordinates":[-9.135699,38.775536,0]},"properties":{"name":"2026-05-18 10:36:42 UTC","description":{"@type":"html","value":"<div><div><span><b>Altitude:</b></span> <span>0 ft</span></div>\n<div><span><b>Speed:</b></span> <span>16 kt</span></div>\n<div><span><b>Heading:</b></span> <span>168&deg;</span></div>\n</div>"},"icon-heading":168,"icon":"http://maps.google.com/mapfiles/kml/shapes/airports.png","timestamp":"2026-05-18T10:36:42+00:00"}},{"type":"Feature","geometry":{"type":"Point","coordinates":[-9.135625,38.775261,0]},"properties":{"name":"2026-05-18 10:36:45 UTC","description":{"@type":"html","value":"<div><div><span><b>Altitude:</b></span> <span>0 ft</span></div>\n<div><span><b>Speed:</b></span> <span>16 kt</span></div>\n<div><span><b>Heading:</b></span> <span>168&deg;</span></div>\n</div>"},"icon-heading":168,"icon":"http://maps.google.com/mapfiles/kml/shapes/airports.png","timestamp":"2026-05-18T10:36:45+00:00"}},{"type":"Feature","geometry":{"type":"Point","coordinates":[-9.135559,38.77499,0]},"properties":{"name":"2026-05-18 10:36:49 UTC","description":{"@type":"html","value":"<div><div><span><b>Altitude:</b></span> <span>0 ft</span></div>\n<div><span><b>Speed:</b></span> <span>16 kt</span></div>\n<div><span><b>Heading:</b></span> <span>168&deg;</span></div>\n</div>"},"icon-heading":168,"icon":"http://maps.google.com/mapfiles/kml/shapes/airports.png","timestamp":"2026-05-18T10:36:49+00:00"}},{"type":"Feature","geometry":{"type":"Point","coordinates":[-9.135406,38.774441,0]},"properties":{"name":"2026-05-18 10:36:57 UTC","description":{"@type":"html","value":"<div><div><span><b>Altitude:</b></span> <span>0 ft</span></div>\n<div><span><b>Speed:</b></span> <span>15 kt</span></div>\n<div><span><b>Heading:</b></span> <span>168&deg;</span></div>\n</div>"},"icon-heading":168,"icon":"http://maps.google.com/mapfiles/kml/shapes/airports.png","timestamp":"2026-05-18T10:36:57+00:00"}},{"type":"Feature","geometry":{"type":"Point","coordinates":[-9.135266,38.773888,0]},"properties":{"name":"2026-05-18 10:37:04 UTC","description":{"@type":"html","value":"<div><div><span><b>Altitude:</b></span> <span>0 ft</span></div>\n<div><span><b>Speed:</b></span> <span>17 kt</span></div>\n<div><span><b>Heading:</b></span> <span>168&deg;</span></div>\n</div>"},"icon-heading":168,"icon":"http://maps.google.com/mapfiles/kml/shapes/airports.png","timestamp":"2026-05-18T10:37:04+00:00"}},{"type":"Feature","geometry":{"type":"Point","coordinates":[-9.135072,38.773144,0]},"properties":{"name":"2026-05-18 10:37:12 UTC","description":{"@type":"html","value":"<div><div><span><b>Altitude:</b></span> <span>0 ft</span></div>\n<div><span><b>Speed:</b></span> <span>19 kt</span></div>\n<div><span><b>Heading:</b></span> <span>168&deg;</span></div>\n</div>"},"icon-heading":168,"icon":"http://maps.google.com/mapfiles/kml/shapes/airports.png","timestamp":"2026-05-18T10:37:12+00:00"}},{"type":"Feature","geometry":{"type":"Point","coordinates":[-9.134893,38.772526,0]},"properties":{"name":"2026-05-18 10:37:20 UTC","description":{"@type":"html","value":"<div><div><span><b>Altitude:</b></span> <span>0 ft</span></div>\n<div><span><b>Speed:</b></span> <span>19 kt</span></div>\n<div><span><b>Heading:</b></span> <span>168&deg;</span></div>\n</div>"},"icon-heading":168,"icon":"http://maps.google.com/mapfiles/kml/shapes/airports.png","timestamp":"2026-05-18T10:37:20+00:00"}},{"type":"Feature","geometry":{"type":"Point","coordinates":[-9.13472,38.771858,0]},"properties":{"name":"2026-05-18 10:37:27 UTC","description":{"@type":"html","value":"<div><div><span><b>Altitude:</b></span> <span>0 ft</span></div>\n<div><span><b>Speed:</b></span> <span>20 kt</span></div>\n<div><span><b>Heading:</b></span> <span>168&deg;</span></div>\n</div>"},"icon-heading":168,"icon":"http://maps.google.com/mapfiles/kml/shapes/airports.png","timestamp":"2026-05-18T10:37:27+00:00"}},{"type":"Feature","geometry":{"type":"Point","coordinates":[-9.134598,38.771229,0]},"properties":{"name":"2026-05-18 10:37:36 UTC","description":{"@type":"html","value":"<div><div><span><b>Altitude:</b></span> <span>0 ft</span></div>\n<div><span><b>Speed:</b></span> <span>10 kt</span></div>\n<div><span><b>Heading:</b></span> <span>177&deg;</span></div>\n</div>"},"icon-heading":177,"icon":"http://maps.google.com/mapfiles/kml/shapes/airports.png","timestamp":"2026-05-18T10:37:36+00:00"}},{"type":"Feature","geometry":{"type":"Point","coordinates":[-9.134759,38.771015,0]},"properties":{"name":"2026-05-18 10:37:41 UTC","description":{"@type":"html","value":"<div><div><span><b>Altitude:</b></span> <span>0 ft</span></div>\n<div><span><b>Speed:</b></span> <span>11 kt</span></div>\n<div><span><b>Heading:</b></span> <span>208&deg;</span></div>\n</div>"},"icon-heading":208,"icon":"http://maps.google.com/mapfiles/kml/shapes/airports.png","timestamp":"2026-05-18T10:37:41+00:00"}},{"type":"Feature","geometry":{"type":"Point","coordinates":[-9.135013,38.770912,0]},"properties":{"name":"2026-05-18 10:37:46 UTC","description":{"@type":"html","value":"<div><div><span><b>Altitude:</b></span> <span>0 ft</span></div>\n<div><span><b>Speed:</b></span> <span>10 kt</span></div>\n<div><span><b>Heading:</b></span> <span>239&deg;</span></div>\n</div>"},"icon-heading":239,"icon":"http://maps.google.com/mapfiles/kml/shapes/airports.png","timestamp":"2026-05-18T10:37:46+00:00"}},{"type":"Feature","geometry":{"type":"Point","coordinates":[-9.135254,38.770882,0]},"properties":{"name":"2026-05-18 10:37:51 UTC","description":{"@type":"html","value":"<div><div><span><b>Altitude:</b></span> <span>0 ft</span></div>\n<div><span><b>Speed:</b></span> <span>9 kt</span></div>\n<div><span><b>Heading:</b></span> <span>255&deg;</span></div>\n</div>"},"icon-heading":255,"icon":"http://maps.google.com/mapfiles/kml/shapes/airports.png","timestamp":"2026-05-18T10:37:51+00:00"}},{"type":"Feature","geometry":{"type":"Point","coordinates":[-9.135468,38.770844,0]},"properties":{"name":"2026-05-18 10:37:55 UTC","description":{"@type":"html","value":"<div><div><span><b>Altitude:</b></span> <span>0 ft</span></div>\n<div><span><b>Speed:</b></span> <span>8 kt</span></div>\n<div><span><b>Heading:</b></span> <span>255&deg;</span></div>\n</div>"},"icon-heading":255,"icon":"http://maps.google.com/mapfiles/kml/shapes/airports.png","timestamp":"2026-05-18T10:37:55+00:00"}},{"type":"Feature","geometry":{"type":"Point","coordinates":[-9.135744,38.770798,0]},"properties":{"name":"2026-05-18 10:38:01 UTC","description":{"@type":"html","value":"<div><div><span><b>Altitude:</b></span> <span>0 ft</span></div>\n<div><span><b>Speed:</b></span> <span>8 kt</span></div>\n<div><span><b>Heading:</b></span> <span>258&deg;</span></div>\n</div>"},"icon-heading":258,"icon":"http://maps.google.com/mapfiles/kml/shapes/airports.png","timestamp":"2026-05-18T10:38:01+00:00"}},{"type":"Feature","geometry":{"type":"Point","coordinates":[-9.135971,38.770752,0]},"properties":{"name":"2026-05-18 10:38:07 UTC","description":{"@type":"html","value":"<div><div><span><b>Altitude:</b></span> <span>0 ft</span></div>\n<div><span><b>Speed:</b></span> <span>7 kt</span></div>\n<div><span><b>Heading:</b></span> <span>258&deg;</span></div>\n</div>"},"icon-heading":258,"icon":"http://maps.google.com/mapfiles/kml/shapes/airports.png","timestamp":"2026-05-18T10:38:07+00:00"}},{"type":"Feature","geometry":{"type":"Point","coordinates":[-9.136207,38.770718,0]},"properties":{"name":"2026-05-18 10:38:14 UTC","description":{"@type":"html","value":"<div><div><span><b>Altitude:</b></span> <span>0 ft</span></div>\n<div><span><b>Speed:</b></span> <span>5 kt</span></div>\n<div><span><b>Heading:</b></span> <span>258&deg;</span></div>\n</div>"},"icon-heading":258,"icon":"http://maps.google.com/mapfiles/kml/shapes/airports.png","timestamp":"2026-05-18T10:38:14+00:00"}},{"type":"Feature","geometry":{"type":"Point","coordinates":[-9.136429,38.770683,0]},"properties":{"name":"2026-05-18 10:38:25 UTC","description":{"@type":"html","value":"<div><div><span><b>Altitude:</b></span> <span>0 ft</span></div>\n<div><span><b>Speed:</b></span> <span>3 kt</span></div>\n<div><span><b>Heading:</b></span> <span>258&deg;</span></div>\n</div>"},"icon-heading":258,"icon":"http://maps.google.com/mapfiles/kml/shapes/airports.png","timestamp":"2026-05-18T10:38:25+00:00"}},{"type":"Feature","geometry":{"type":"LineString","coordinates":[[8.540731,50.036533,0],[8.540895,50.036224,0]]},"properties":{"name":"P-1","description":{"@type":"html","value":"<div><div><span><b>Altitude:</b></span> <span>0 ft</span></div>\n<div><span><b>Speed:</b></span> <span>3 kt - 6 kt</span></div>\n<div><span><b>Timestamp:</b></span><br/><span>2026-05-18 07:46:15 UTC<br/>2026-05-18 07:46:29 UTC</span></div>\n</div>"},"stroke-opacity":1,"stroke":"#ffffff","stroke-width":2}},{"type":"Feature","geometry":{"type":"LineString","coordinates":[[8.540895,50.036224,0],[8.540627,50.035988,0]]},"properties":{"name":"P-2","description":{"@type":"html","value":"<div><div><span><b>Altitude:</b></span> <span>0 ft</span></div>\n<div><span><b>Speed:</b></span> <span>6 kt - 7 kt</span></div>\n<div><span><b>Timestamp:</b></span><br/><span>2026-05-18 07:46:29 UTC<br/>2026-05-18 07:46:38 UTC</span></div>\n</div>"},"stroke-opacity":1,"stroke":"#ffffff","stroke-width":2}},{"type":"Feature","geometry":{"type":"LineString","coordinates":[[8.540627,50.035988,0],[8.540334,50.035904,0]]},"properties":{"name":"P-3","description":{"@type":"html","value":"<div><div><span><b>Altitude:</b></span> <span>0 ft</span></div>\n<div><span><b>Speed:</b></span> <span>7 kt - 8 kt</span></div>\n<div><span><b>Timestamp:</b></span><br/><span>2026-05-18 07:46:38 UTC<br/>2026-05-18 07:46:45 UTC</span></div>\n</div>"},"stroke-opacity":1,"stroke":"#ffffff","stroke-width":2}},{"type":"Feature","geometry":{"type":"LineString","coordinates":[[8.540334,50.035904,0],[8.540089,50.035858,0]]},"properties":{"name":"P-4","description":{"@type":"html","value":"<div><div><span><b>Altitude:</b></span> <span>0 ft</span></div>\n<div><span><b>Speed:</b></span> <span>8 kt</span></div>\n<div><span><b>Timestamp:</b></span><br/><span>2026-05-18 07:46:45 UTC<br/>2026-05-18 07:46:48 UTC</span></div>\n</div>"},"stroke-opacity":1,"stroke":"#ffffff","stroke-width":2}},{"type":"Feature","geometry":{"type":"LineString","coordinates":[[8.540089,50.035858,0],[8.53981,50.035789,0]]},"properties":{"name":"P-5","description":{"@type":"html","value":"<div><div><span><b>Altitude:</b></span> <span>0 ft</span></div>\n<div><span><b>Speed:</b></span> <span>8 kt - 9 kt</span></div>\n<div><span><b>Timestamp:</b></span><br/><span>2026-05-18 07:46:48 UTC<br/>2026-05-18 07:46:54 UTC</span></div>\n</div>"},"stroke-opacity":1,"stroke":"#ffffff","stroke-width":2}},{"type":"Feature","geometry":{"type":"LineString","coordinates":[[8.53981,50.035789,0],[8.539551,50.035728,0]]},"properties":{"name":"P-6","description":{"@type":"html","value":"<div><div><span><b>Altitude:</b></span> <span>0 ft</span></div>\n<div><span><b>Speed:</b></span> <span>9 kt - 10 kt</span></div>\n<div><span><b>Timestamp:</b></span><br/><span>2026-05-18 07:46:54 UTC<br/>2026-05-18 07:46:57 UTC</span></div>\n</div>"},"stroke-opacity":1,"stroke":"#ffffff","stroke-width":2}},{"type":"Feature","geometry":{"type":"LineString","coordinates":[[8.539551,50.035728,0],[8.53929,50.03566,0]]},"properties":{"name":"P-7","description":{"@type":"html","value":"<div><div><span><b>Altitude:</b></span> <span>0 ft</span></div>\n<div><span><b>Speed:</b></span> <span>10 kt</span></div>\n<div><span><b>Timestamp:</b></span><br/><span>2026-05-18 07:46:57 UTC<br/>2026-05-18 07:47:01 UTC</span></div>\n</div>"},"stroke-opacity":1,"stroke":"#ffffff","stroke-width":2}},{"type":"Feature","geometry":{"type":"LineString","coordinates":[[8.53929,50.03566,0],[8.539069,50.035606,0]]},"properties":{"name":"P-8","description":{"@type":"html","value":"<div><div><span><b>Altitude:</b></span> <span>0 ft</span></div>\n<div><span><b>Speed:</b></span> <span>10 kt - 11 kt</span></div>\n<div><span><b>Timestamp:</b></span><br/><span>2026-05-18 07:47:01 UTC<br/>2026-05-18 07:47:04 UTC</span></div>\n</div>"},"stroke-opacity":1,"stroke":"#ffffff","stroke-width":2}},{"type":"Feature","geometry":{"type":"LineString","coordinates":[[8.539069,50.035606,0],[8.538808,50.035545,0]]},"properties":{"name":"P-9","description":{"@type":"html","value":"<div><div><span><b>Altitude:</b></span> <span>0 ft</span></div>\n<div><span><b>Speed:</b></span> <span>11 kt</span></div>\n<div><span><b>Timestamp:</b></span><br/><span>2026-05-18 07:47:04 UTC<br/>2026-05-18 07:47:07 UTC</span></div>\n</div>"},"stroke-opacity":1,"stroke":"#ffffff","stroke-width":2}},{"type":"Feature","geometry":{"type":"LineString","coordinates":[[8.538808,50.035545,0],[8.538239,50.035412,0]]},"properties":{"name":"P-10","description":{"@type":"html","value":"<div><div><span><b>Altitude:</b></span> <span>0 ft</span></div>\n<div><span><b>Speed:</b></span> <span>11 kt - 13 kt</span></div>\n<div><span><b>Timestamp:</b></span><br/><span>2026-05-18 07:47:07 UTC<br/>2026-05-18 07:47:14 UTC</span></div>\n</div>"},"stroke-opacity":1,"stroke":"#ffffff","stroke-width":2}},{"type":"Feature","geometry":{"type":"LineString","coordinates":[[8.538239,50.035412,0],[8.537546,50.03524,0]]},"properties":{"name":"P-11","description":{"@type":"html","value":"<div><div><span><b>Altitude:</b></span> <span>0 ft</span></div>\n<div><span><b>Speed:</b></span> <span>13 kt - 14 kt</span></div>\n<div><span><b>Timestamp:</b></span><br/><span>2026-05-18 07:47:14 UTC<br/>2026-05-18 07:47:22 UTC</span></div>\n</div>"},"stroke-opacity":1,"stroke":"#ffffff","stroke-width":2}},{"type":"Feature","geometry":{"type":"LineString","coordinates":[[8.537546,50.03524,0],[8.536897,50.035091,0]]},"properties":{"name":"P-12","description":{"@type":"html","value":"<div><div><span><b>Altitude:</b></span> <span>0 ft</span></div>\n<div><span><b>Speed:</b></span> <span>14 kt - 15 kt</span></div>\n<div><span><b>Timestamp:</b></span><br/><span>2026-05-18 07:47:22 UTC<br/>2026-05-18 07:47:28 UTC</span></div>\n</div>"},"stroke-opacity":1,"stroke":"#ffffff","stroke-width":2}},{"type":"Feature","geometry":{"type":"LineString","coordinates":[[8.536897,50.035091,0],[8.536154,50.034916,0]]},"properties":{"name":"P-13","description":{"@type":"html","value":"<div><div><span><b>Altitude:</b></span> <span>0 ft</span></div>\n<div><span><b>Speed:</b></span> <span>15 kt</span></div>\n<div><span><b>Timestamp:</b></span><br/><span>2026-05-18 07:47:28 UTC<br/>2026-05-18 07:47:36 UTC</span></div>\n</div>"},"stroke-opacity":1,"stroke":"#ffffff","stroke-width":2}},{"type":"Feature","geometry":{"type":"LineString","coordinates":[[8.536154,50.034916,0],[8.535263,50.034695,0]]},"properties":{"name":"P-14","description":{"@type":"html","value":"<div><div><span><b>Altitude:</b></span> <span>0 ft</span></div>\n<div><span><b>Speed:</b></span> <span>15 kt - 16 kt</span></div>\n<div><span><b>Timestamp:</b></span><br/><span>2026-05-18 07:47:36 UTC<br/>2026-05-18 07:47:44 UTC</span></div>\n</div>"},"stroke-opacity":1,"stroke":"#ffffff","stroke-width":2}},{"type":"Feature","geometry":{"type":"LineString","coordinates":[[8.535263,50.034695,0],[8.535022,50.034637,0]]},"properties":{"name":"P-15","description":{"@type":"html","value":"<div><div><span><b>Altitude:</b></span> <span>0 ft</span></div>\n<div><span><b>Speed:</b></span> <span>16 kt</span></div>\n<div><span><b>Timestamp:</b></span><br/><span>2026-05-18 07:47:44 UTC<br/>2026-05-18 07:47:45 UTC</span></div>\n</div>"},"stroke-opacity":1,"stroke":"#ffffff","stroke-width":2}},{"type":"Feature","geometry":{"type":"LineString","coordinates":[[8.535022,50.034637,0],[8.534725,50.034565,0]]},"properties":{"name":"P-16","description":{"@type":"html","value":"<div><div><span><b>Altitude:</b></span> <span>0 ft</span></div>\n<div><span><b>Speed:</b></span> <span>16 kt - 17 kt</span></div>\n<div><span><b>Timestamp:</b></span><br/><span>2026-05-18 07:47:45 UTC<br/>2026-05-18 07:47:48 UTC</span></div>\n</div>"},"stroke-opacity":1,"stroke":"#ffffff","stroke-width":2}},{"type":"Feature","geometry":{"type":"LineString","coordinates":[[8.534725,50.034565,0],[8.534462,50.034508,0]]},"properties":{"name":"P-17","description":{"@type":"html","value":"<div><div><span><b>Altitude:</b></span> <span>0 ft</span></div>\n<div><span><b>Speed:</b></span> <span>17 kt</span></div>\n<div><span><b>Timestamp:</b></span><br/><span>2026-05-18 07:47:48 UTC<br/>2026-05-18 07:47:50 UTC</span></div>\n</div>"},"stroke-opacity":1,"stroke":"#ffffff","stroke-width":2}},{"type":"Feature","geometry":{"type":"LineString","coordinates":[[8.534462,50.034508,0],[8.534131,50.034428,0]]},"properties":{"name":"P-18","description":{"@type":"html","value":"<div><div><span><b>Altitude:</b></span> <span>0 ft</span></div>\n<div><span><b>Speed:</b></span> <span>17 kt - 16 kt</span></div>\n<div><span><b>Timestamp:</b></span><br/><span>2026-05-18 07:47:50 UTC<br/>2026-05-18 07:47:53 UTC</span></div>\n</div>"},"stroke-opacity":1,"stroke":"#ffffff","stroke-width":2}},{"type":"Feature","geometry":{"type":"LineString","coordinates":[[8.534131,50.034428,0],[8.533685,50.034313,0]]},"properties":{"name":"P-19","description":{"@type":"html","value":"<div><div><span><b>Altitude:</b></span> <span>0 ft</span></div>\n<div><span><b>Speed:</b></span> <span>16 kt - 12 kt</span></div>\n<div><span><b>Timestamp:</b></span><br/><span>2026-05-18 07:47:53 UTC<br/>2026-05-18 07:47:58 UTC</span></div>\n</div>"},"stroke-opacity":1,"stroke":"#ffffff","stroke-width":2}},{"type":"Feature","geometry":{"type":"LineString","coordinates":[[8.533685,50.034313,0],[8.533407,50.034252,0]]},"properties":{"name":"P-20","description":{"@type":"html","value":"<div><div><span><b>Altitude:</b></span> <span>0 ft</span></div>\n<div><span><b>Speed:</b></span> <span>12 kt - 9 kt</span></div>\n<div><span><b>Timestamp:</b></span><br/><span>2026-05-18 07:47:58 UTC<br/>2026-05-18 07:48:03 UTC</span></div>\n</div>"},"stroke-opacity":1,"stroke":"#ffffff","stroke-width":2}},{"type":"Feature","geometry":{"type":"LineString","coordinates":[[8.533407,50.034252,0],[8.533018,50.034161,0]]},"properties":{"name":"P-21","description":{"@type":"html","value":"<div><div><span><b>Altitude:</b></span> <span>0 ft</span></div>\n<div><span><b>Speed:</b></span> <span>9 kt - 8 kt</span></div>\n<div><span><b>Timestamp:</b></span><br/><span>2026-05-18 07:48:03 UTC<br/>2026-05-18 07:48:10 UTC</span></div>\n</div>"},"stroke-opacity":1,"stroke":"#ffffff","stroke-width":2}},{"type":"Feature","geometry":{"type":"LineString","coordinates":[[8.533018,50.034161,0],[8.532582,50.03405,0]]},"properties":{"name":"P-22","description":{"@type":"html","value":"<div><div><span><b>Altitude:</b></span> <span>0 ft</span></div>\n<div><span><b>Speed:</b></span> <span>8 kt - 9 kt</span></div>\n<div><span><b>Timestamp:</b></span><br/><span>2026-05-18 07:48:10 UTC<br/>2026-05-18 07:48:17 UTC</span></div>\n</div>"},"stroke-opacity":1,"stroke":"#ffffff","stroke-width":2}},{"type":"Feature","geometry":{"type":"LineString","coordinates":[[8.532582,50.03405,0],[8.532022,50.033924,0]]},"properties":{"name":"P-23","description":{"@type":"html","value":"<div><div><span><b>Altitude:</b></span> <span>0 ft</span></div>\n<div><span><b>Speed:</b></span> <span>9 kt - 11 kt</span></div>\n<div><span><b>Timestamp:</b></span><br/><span>2026-05-18 07:48:17 UTC<br/>2026-05-18 07:48:25 UTC</span></div>\n</div>"},"stroke-opacity":1,"stroke":"#ffffff","stroke-width":2}},{"type":"Feature","geometry":{"type":"LineString","coordinates":[[8.532022,50.033924,0],[8.531422,50.033775,0]]},"properties":{"name":"P-24","description":{"@type":"html","value":"<div><div><span><b>Altitude:</b></span> <span>0 ft</span></div>\n<div><span><b>Speed:</b></span> <span>11 kt - 12 kt</span></div>\n<div><span><b>Timestamp:</b></span><br/><span>2026-05-18 07:48:25 UTC<br/>2026-05-18 07:48:33 UTC</span></div>\n</div>"},"stroke-opacity":1,"stroke":"#ffffff","stroke-width":2}},{"type":"Feature","geometry":{"type":"LineString","coordinates":[[8.531422,50.033775,0],[8.530772,50.033623,0]]},"properties":{"name":"P-25","description":{"@type":"html","value":"<div><div><span><b>Altitude:</b></span> <span>0 ft</span></div>\n<div><span><b>Speed:</b></span> <span>12 kt - 13 kt</span></div>\n<div><span><b>Timestamp:</b></span><br/><span>2026-05-18 07:48:33 UTC<br/>2026-05-18 07:48:40 UTC</span></div>\n</div>"},"stroke-opacity":1,"stroke":"#ffffff","stroke-width":2}},{"type":"Feature","geometry":{"type":"LineString","coordinates":[[8.530772,50.033623,0],[8.530161,50.033466,0]]},"properties":{"name":"P-26","description":{"@type":"html","value":"<div><div><span><b>Altitude:</b></span> <span>0 ft</span></div>\n<div><span><b>Speed:</b></span> <span>13 kt</span></div>\n<div><span><b>Timestamp:</b></span><br/><span>2026-05-18 07:48:40 UTC<br/>2026-05-18 07:48:47 UTC</span></div>\n</div>"},"stroke-opacity":1,"stroke":"#ffffff","stroke-width":2}},{"type":"Feature","geometry":{"type":"LineString","coordinates":[[8.530161,50.033466,0],[8.529674,50.033363,0]]},"properties":{"name":"P-27","description":{"@type":"html","value":"<div><div><span><b>Altitude:</b></span> <span>0 ft</span></div>\n<div><span><b>Speed:</b></span> <span>13 kt - 8 kt</span></div>\n<div><span><b>Timestamp:</b></span><br/><span>2026-05-18 07:48:47 UTC<br/>2026-05-18 07:48:54 UTC</span></div>\n</div>"},"stroke-opacity":1,"stroke":"#ffffff","stroke-width":2}},{"type":"Feature","geometry":{"type":"LineString","coordinates":[[8.529674,50.033363,0],[8.529455,50.03331,0]]},"properties":{"name":"P-28","description":{"@type":"html","value":"<div><div><span><b>Altitude:</b></span> <span>0 ft</span></div>\n<div><span><b>Speed:</b></span> <span>8 kt - 3 kt</span></div>\n<div><span><b>Timestamp:</b></span><br/><span>2026-05-18 07:48:54 UTC<br/>2026-05-18 07:49:01 UTC</span></div>\n</div>"},"stroke-opacity":1,"stroke":"#ffffff","stroke-width":2}},{"type":"Feature","geometry":{"type":"LineString","coordinates":[[8.529455,50.03331,0],[8.529214,50.033253,0]]},"properties":{"name":"P-29","description":{"@type":"html","value":"<div><div><span><b>Altitude:</b></span> <span>0 ft</span></div>\n<div><span><b>Speed:</b></span> <span>3 kt - 4 kt</span></div>\n<div><span><b>Timestamp:</b></span><br/><span>2026-05-18 07:49:01 UTC<br/>2026-05-18 07:50:54 UTC</span></div>\n</div>"},"stroke-opacity":1,"stroke":"#ffffff","stroke-width":2}},{"type":"Feature","geometry":{"type":"LineString","coordinates":[[8.529214,50.033253,0],[8.528991,50.033192,0]]},"properties":{"name":"P-30","description":{"@type":"html","value":"<div><div><span><b>Altitude:</b></span> <span>0 ft</span></div>\n<div><span><b>Speed:</b></span> <span>4 kt - 6 kt</span></div>\n<div><span><b>Timestamp:</b></span><br/><span>2026-05-18 07:50:54 UTC<br/>2026-05-18 07:51:01 UTC</span></div>\n</div>"},"stroke-opacity":1,"stroke":"#ffffff","stroke-width":2}},{"type":"Feature","geometry":{"type":"LineString","coordinates":[[8.528991,50.033192,0],[8.52862,50.0331,0]]},"properties":{"name":"P-31","description":{"@type":"html","value":"<div><div><span><b>Altitude:</b></span> <span>0 ft</span></div>\n<div><span><b>Speed:</b></span> <span>6 kt - 7 kt</span></div>\n<div><span><b>Timestamp:</b></span><br/><span>2026-05-18 07:51:01 UTC<br/>2026-05-18 07:51:08 UTC</span></div>\n</div>"},"stroke-opacity":1,"stroke":"#ffffff","stroke-width":2}},{"type":"Feature","geometry":{"type":"LineString","coordinates":[[8.52862,50.0331,0],[8.528228,50.033009,0]]},"properties":{"name":"P-32","description":{"@type":"html","value":"<div><div><span><b>Altitude:</b></span> <span>0 ft</span></div>\n<div><span><b>Speed:</b></span> <span>7 kt</span></div>\n<div><span><b>Timestamp:</b></span><br/><span>2026-05-18 07:51:08 UTC<br/>2026-05-18 07:51:16 UTC</span></div>\n</div>"},"stroke-opacity":1,"stroke":"#ffffff","stroke-width":2}},{"type":"Feature","geometry":{"type":"LineString","coordinates":[[8.528228,50.033009,0],[8.52801,50.032963,0]]},"properties":{"name":"P-33","description":{"@type":"html","value":"<div><div><span><b>Altitude:</b></span> <span>0 ft</span></div>\n<div><span><b>Speed:</b></span> <span>7 kt - 4 kt</span></div>\n<div><span><b>Timestamp:</b></span><br/><span>2026-05-18 07:51:16 UTC<br/>2026-05-18 07:51:24 UTC</span></div>\n</div>"},"stroke-opacity":1,"stroke":"#ffffff","stroke-width":2}},{"type":"Feature","geometry":{"type":"LineString","coordinates":[[8.52801,50.032963,0],[8.527703,50.032894,0]]},"properties":{"name":"P-34","description":{"@type":"html","value":"<div><div><span><b>Altitude:</b></span> <span>0 ft</span></div>\n<div><span><b>Speed:</b></span> <span>4 kt - 0 kt</span></div>\n<div><span><b>Timestamp:</b></span><br/><span>2026-05-18 07:51:24 UTC<br/>2026-05-18 07:51:37 UTC</span></div>\n</div>"},"stroke-opacity":1,"stroke":"#ffffff","stroke-width":2}},{"type":"Feature","geometry":{"type":"LineString","coordinates":[[8.527703,50.032894,0],[8.527302,50.032787,0]]},"properties":{"name":"P-35","description":{"@type":"html","value":"<div><div><span><b>Altitude:</b></span> <span>0 ft</span></div>\n<div><span><b>Speed:</b></span> <span>0 kt</span></div>\n<div><span><b>Timestamp:</b></span><br/><span>2026-05-18 07:51:37 UTC<br/>2026-05-18 07:52:16 UTC</span></div>\n</div>"},"stroke-opacity":1,"stroke":"#ffffff","stroke-width":2}},{"type":"Feature","geometry":{"type":"LineString","coordinates":[[8.527302,50.032787,0],[8.52698,50.032711,0]]},"properties":{"name":"P-36","description":{"@type":"html","value":"<div><div><span><b>Altitude:</b></span> <span>0 ft</span></div>\n<div><span><b>Speed:</b></span> <span>0 kt - 7 kt</span></div>\n<div><span><b>Timestamp:</b></span><br/><span>2026-05-18 07:52:16 UTC<br/>2026-05-18 07:52:22 UTC</span></div>\n</div>"},"stroke-opacity":1,"stroke":"#ffffff","stroke-width":2}},{"type":"Feature","geometry":{"type":"LineString","coordinates":[[8.52698,50.032711,0],[8.526652,50.032658,0]]},"properties":{"name":"P-37","description":{"@type":"html","value":"<div><div><span><b>Altitude:</b></span> <span>0 ft</span></div>\n<div><span><b>Speed:</b></span> <span>7 kt - 8 kt</span></div>\n<div><span><b>Timestamp:</b></span><br/><span>2026-05-18 07:52:22 UTC<br/>2026-05-18 07:52:29 UTC</span></div>\n</div>"},"stroke-opacity":1,"stroke":"#ffffff","stroke-width":2}},{"type":"Feature","geometry":{"type":"LineString","coordinates":[[8.526652,50.032658,0],[8.52643,50.032658,0]]},"properties":{"name":"P-38","description":{"@type":"html","value":"<div><div><span><b>Altitude:</b></span> <span>0 ft</span></div>\n<div><span><b>Speed:</b></span> <span>8 kt</span></div>\n<div><span><b>Timestamp:</b></span><br/><span>2026-05-18 07:52:29 UTC<br/>2026-05-18 07:52:33 UTC</span></div>\n</div>"},"stroke-opacity":1,"stroke":"#ffffff","stroke-width":2}},{"type":"Feature","geometry":{"type":"LineString","coordinates":[[8.52643,50.032658,0],[8.526207,50.032669,0]]},"properties":{"name":"P-39","description":{"@type":"html","value":"<div><div><span><b>Altitude:</b></span> <span>0 ft</span></div>\n<div><span><b>Speed:</b></span> <span>8 kt - 7 kt</span></div>\n<div><span><b>Timestamp:</b></span><br/><span>2026-05-18 07:52:33 UTC<br/>2026-05-18 07:52:37 UTC</span></div>\n</div>"},"stroke-opacity":1,"stroke":"#ffffff","stroke-width":2}},{"type":"Feature","geometry":{"type":"LineString","coordinates":[[8.526207,50.032669,0],[8.526003,50.032635,0]]},"properties":{"name":"P-40","description":{"@type":"html","value":"<div><div><span><b>Altitude:</b></span> <span>0 ft</span></div>\n<div><span><b>Speed:</b></span> <span>7 kt</span></div>\n<div><span><b>Timestamp:</b></span><br/><span>2026-05-18 07:52:37 UTC<br/>2026-05-18 07:52:41 UTC</span></div>\n</div>"},"stroke-opacity":1,"stroke":"#ffffff","stroke-width":2}},{"type":"Feature","geometry":{"type":"LineString","coordinates":[[8.526003,50.032635,0],[8.525891,50.032413,0]]},"properties":{"name":"P-41","description":{"@type":"html","value":"<div><div><span><b>Altitude:</b></span> <span>0 ft</span></div>\n<div><span><b>Speed:</b></span> <span>7 kt - 5 kt</span></div>\n<div><span><b>Timestamp:</b></span><br/><span>2026-05-18 07:52:41 UTC<br/>2026-05-18 07:52:52 UTC</span></div>\n</div>"},"stroke-opacity":1,"stroke":"#ffffff","stroke-width":2}},{"type":"Feature","geometry":{"type":"LineString","coordinates":[[8.525891,50.032413,0],[8.525969,50.032162,0]]},"properties":{"name":"P-42","description":{"@type":"html","value":"<div><div><span><b>Altitude:</b></span> <span>0 ft</span></div>\n<div><span><b>Speed:</b></span> <span>5 kt - 13 kt</span></div>\n<div><span><b>Timestamp:</b></span><br/><span>2026-05-18 07:52:52 UTC<br/>2026-05-18 07:53:15 UTC</span></div>\n</div>"},"stroke-opacity":1,"stroke":"#ffffff","stroke-width":2}},{"type":"Feature","geometry":{"type":"LineString","coordinates":[[8.525969,50.032162,0],[8.525985,50.02755,99.06]]},"properties":{"name":"P-43","description":{"@type":"html","value":"<div><div><span><b>Altitude:</b></span> <span>0 ft - 325 ft</span></div>\n<div><span><b>Speed:</b></span> <span>13 kt - 90 kt</span></div>\n<div><span><b>Timestamp:</b></span><br/><span>2026-05-18 07:53:15 UTC<br/>2026-05-18 07:53:32 UTC</span></div>\n</div>"},"stroke-opacity":1,"stroke":"#ffffff","stroke-width":2}},{"type":"Feature","geometry":{"type":"LineString","coordinates":[[8.525985,50.02755,99.06],[8.526114,50.01178,167.64]]},"properties":{"name":"P-44","description":{"@type":"html","value":"<div><div><span><b>Altitude:</b></span> <span>325 ft - 550 ft</span></div>\n<div><span><b>Speed:</b></span> <span>90 kt - 166 kt</span></div>\n<div><span><b>Timestamp:</b></span><br/><span>2026-05-18 07:53:32 UTC<br/>2026-05-18 07:53:58 UTC</span></div>\n</div>"},"stroke-opacity":1,"stroke":"#ffffff","stroke-width":2}},{"type":"Feature","geometry":{"type":"LineString","coordinates":[[8.526114,50.01178,167.64],[8.52633,50.002808,297.18]]},"properties":{"name":"P-45","description":{"@type":"html","value":"<div><div><span><b>Altitude:</b></span> <span>550 ft - 975 ft</span></div>\n<div><span><b>Speed:</b></span> <span>166 kt - 161 kt</span></div>\n<div><span><b>Timestamp:</b></span><br/><span>2026-05-18 07:53:58 UTC<br/>2026-05-18 07:54:08 UTC</span></div>\n</div>"},"stroke-opacity":1,"stroke":"#62e0ff","stroke-width":2}},{"type":"Feature","geometry":{"type":"LineString","coordinates":[[8.52633,50.002808,297.18],[8.526475,49.998138,388.62]]},"properties":{"name":"P-46","description":{"@type":"html","value":"<div><div><span><b>Altitude:</b></span> <span>975 ft - 1,275 ft</span></div>\n<div><span><b>Speed:</b></span> <span>161 kt - 159 kt</span></div>\n<div><span><b>Timestamp:</b></span><br/><span>2026-05-18 07:54:08 UTC<br/>2026-05-18 07:54:14 UTC</span></div>\n</div>"},"stroke-opacity":1,"stroke":"#00eaff","stroke-width":2}},{"type":"Feature","geometry":{"type":"LineString","coordinates":[[8.526475,49.998138,388.62],[8.526691,49.993652,472.44]]},"properties":{"name":"P-47","description":{"@type":"html","value":"<div><div><span><b>Altitude:</b></span> <span>1,275 ft - 1,550 ft</span></div>\n<div><span><b>Speed:</b></span> <span>159 kt</span></div>\n<div><span><b>Timestamp:</b></span><br/><span>2026-05-18 07:54:14 UTC<br/>2026-05-18 07:54:21 UTC</span></div>\n</div>"},"stroke-opacity":1,"stroke":"#00fff0","stroke-width":2}},{"type":"Feature","geometry":{"type":"LineString","coordinates":[[8.526691,49.993652,472.44],[8.52698,49.986877,563.88]]},"properties":{"name":"P-48","description":{"@type":"html","value":"<div><div><span><b>Altitude:</b></span> <span>1,550 ft - 1,850 ft</span></div>\n<div><span><b>Speed:</b></span> <span>159 kt - 164 kt</span></div>\n<div><span><b>Timestamp:</b></span><br/><span>2026-05-18 07:54:21 UTC<br/>2026-05-18 07:54:30 UTC</span></div>\n</div>"},"stroke-opacity":1,"stroke":"#00ffcc","stroke-width":2}},{"type":"Feature","geometry":{"type":"LineString","coordinates":[[8.52698,49.986877,563.88],[8.527198,49.980835,632.46]]},"properties":{"name":"P-49","description":{"@type":"html","value":"<div><div><span><b>Altitude:</b></span> <span>1,850 ft - 2,075 ft</span></div>\n<div><span><b>Speed:</b></span> <span>164 kt - 171 kt</span></div>\n<div><span><b>Timestamp:</b></span><br/><span>2026-05-18 07:54:30 UTC<br/>2026-05-18 07:54:38 UTC</span></div>\n</div>"},"stroke-opacity":1,"stroke":"#00ffcc","stroke-width":2}},{"type":"Feature","geometry":{"type":"LineString","coordinates":[[8.527198,49.980835,632.46],[8.527395,49.974899,693.42]]},"properties":{"name":"P-50","description":{"@type":"html","value":"<div><div><span><b>Altitude:</b></span> <span>2,075 ft - 2,275 ft</span></div>\n<div><span><b>Speed:</b></span> <span>171 kt - 178 kt</span></div>\n<div><span><b>Timestamp:</b></span><br/><span>2026-05-18 07:54:38 UTC<br/>2026-05-18 07:54:45 UTC</span></div>\n</div>"},"stroke-opacity":1,"stroke":"#00ff42","stroke-width":2}},{"type":"Feature","geometry":{"type":"LineString","coordinates":[[8.527395,49.974899,693.42],[8.527617,49.967636,754.38]]},"properties":{"name":"P-51","description":{"@type":"html","value":"<div><div><span><b>Altitude:</b></span> <span>2,275 ft - 2,475 ft</span></div>\n<div><span><b>Speed:</b></span> <span>178 kt - 188 kt</span></div>\n<div><span><b>Timestamp:</b></span><br/><span>2026-05-18 07:54:45 UTC<br/>2026-05-18 07:54:53 UTC</span></div>\n</div>"},"stroke-opacity":1,"stroke":"#00ff42","stroke-width":2}},{"type":"Feature","geometry":{"type":"LineString","coordinates":[[8.527617,49.967636,754.38],[8.527848,49.961838,807.72]]},"properties":{"name":"P-52","description":{"@type":"html","value":"<div><div><span><b>Altitude:</b></span> <span>2,475 ft - 2,650 ft</span></div>\n<div><span><b>Speed:</b></span> <span>188 kt - 196 kt</span></div>\n<div><span><b>Timestamp:</b></span><br/><span>2026-05-18 07:54:53 UTC<br/>2026-05-18 07:55:00 UTC</span></div>\n</div>"},"stroke-opacity":1,"stroke":"#00ff42","stroke-width":2}},{"type":"Feature","geometry":{"type":"LineString","coordinates":[[8.527848,49.961838,807.72],[8.52821,49.95369,883.92]]},"properties":{"name":"P-53","description":{"@type":"html","value":"<div><div><span><b>Altitude:</b></span> <span>2,650 ft - 2,900 ft</span></div>\n<div><span><b>Speed:</b></span> <span>196 kt - 205 kt</span></div>\n<div><span><b>Timestamp:</b></span><br/><span>2026-05-18 07:55:00 UTC<br/>2026-05-18 07:55:08 UTC</span></div>\n</div>"},"stroke-opacity":1,"stroke":"#00ff1e","stroke-width":2}},{"type":"Feature","geometry":{"type":"LineString","coordinates":[[8.52821,49.95369,883.92],[8.528715,49.946732,960.12]]},"properties":{"name":"P-54","description":{"@type":"html","value":"<div><div><span><b>Altitude:</b></span> <span>2,900 ft - 3,150 ft</span></div>\n<div><span><b>Speed:</b></span> <span>205 kt - 211 kt</span></div>\n<div><span><b>Timestamp:</b></span><br/><span>2026-05-18 07:55:08 UTC<br/>2026-05-18 07:55:16 UTC</span></div>\n</div>"},"stroke-opacity":1,"stroke":"#00ff1e","stroke-width":2}},{"type":"Feature","geometry":{"type":"LineString","coordinates":[[8.528715,49.946732,960.12],[8.529251,49.939194,1059.18]]},"properties":{"name":"P-55","description":{"@type":"html","value":"<div><div><span><b>Altitude:</b></span> <span>3,150 ft - 3,475 ft</span></div>\n<div><span><b>Speed:</b></span> <span>211 kt - 215 kt</span></div>\n<div><span><b>Timestamp:</b></span><br/><span>2026-05-18 07:55:16 UTC<br/>2026-05-18 07:55:23 UTC</span></div>\n</div>"},"stroke-opacity":1,"stroke":"#00ff1e","stroke-width":2}},{"type":"Feature","geometry":{"type":"LineString","coordinates":[[8.529251,49.939194,1059.18],[8.529993,49.930813,1188.72]]},"properties":{"name":"P-56","description":{"@type":"html","value":"<div><div><span><b>Altitude:</b></span> <span>3,475 ft - 3,900 ft</span></div>\n<div><span><b>Speed:</b></span> <span>215 kt - 216 kt</span></div>\n<div><span><b>Timestamp:</b></span><br/><span>2026-05-18 07:55:23 UTC<br/>2026-05-18 07:55:32 UTC</span></div>\n</div>"},"stroke-opacity":1,"stroke":"#0cff00","stroke-width":2}},{"type":"Feature","geometry":{"type":"LineString","coordinates":[[8.529993,49.930813,1188.72],[8.530587,49.92453,1287.78]]},"properties":{"name":"P-57","description":{"@type":"html","value":"<div><div><span><b>Altitude:</b></span> <span>3,900 ft - 4,225 ft</span></div>\n<div><span><b>Speed:</b></span> <span>216 kt</span></div>\n<div><span><b>Timestamp:</b></span><br/><span>2026-05-18 07:55:32 UTC<br/>2026-05-18 07:55:38 UTC</span></div>\n</div>"},"stroke-opacity":1,"stroke":"#0cff00","stroke-width":2}},{"type":"Feature","geometry":{"type":"LineString","coordinates":[[8.530587,49.92453,1287.78],[8.531478,49.915825,1432.56]]},"properties":{"name":"P-58","description":{"@type":"html","value":"<div><div><span><b>Altitude:</b></span> <span>4,225 ft - 4,700 ft</span></div>\n<div><span><b>Speed:</b></span> <span>216 kt - 217 kt</span></div>\n<div><span><b>Timestamp:</b></span><br/><span>2026-05-18 07:55:38 UTC<br/>2026-05-18 07:55:46 UTC</span></div>\n</div>"},"stroke-opacity":1,"stroke":"#36ff00","stroke-width":2}},{"type":"Feature","geometry":{"type":"LineString","coordinates":[[8.531478,49.915825,1432.56],[8.532146,49.909397,1524]]},"properties":{"name":"P-59","description":{"@type":"html","value":"<div><div><span><b>Altitude:</b></span> <span>4,700 ft - 5,000 ft</span></div>\n<div><span><b>Speed:</b></span> <span>217 kt</span></div>\n<div><span><b>Timestamp:</b></span><br/><span>2026-05-18 07:55:46 UTC<br/>2026-05-18 07:55:53 UTC</span></div>\n</div>"},"stroke-opacity":1,"stroke":"#36ff00","stroke-width":2}},{"type":"Feature","geometry":{"type":"LineString","coordinates":[[8.532146,49.909397,1524],[8.533414,49.896286,1706.88]]},"properties":{"name":"P-60","description":{"@type":"html","value":"<div><div><span><b>Altitude:</b></span> <span>5,000 ft - 5,600 ft</span></div>\n<div><span><b>Speed:</b></span> <span>217 kt - 221 kt</span></div>\n<div><span><b>Timestamp:</b></span><br/><span>2026-05-18 07:55:53 UTC<br/>2026-05-18 07:56:06 UTC</span></div>\n</div>"},"stroke-opacity":1,"stroke":"#72ff00","stroke-width":2}},{"type":"Feature","geometry":{"type":"LineString","coordinates":[[8.533414,49.896286,1706.88],[8.534225,49.882912,1874.52]]},"properties":{"name":"P-61","description":{"@type":"html","value":"<div><div><span><b>Altitude:</b></span> <span>5,600 ft - 6,150 ft</span></div>\n<div><span><b>Speed:</b></span> <span>221 kt - 227 kt</span></div>\n<div><span><b>Timestamp:</b></span><br/><span>2026-05-18 07:56:06 UTC<br/>2026-05-18 07:56:19 UTC</span></div>\n</div>"},"stroke-opacity":1,"stroke":"#72ff00","stroke-width":2}},{"type":"Feature","geometry":{"type":"LineString","coordinates":[[8.534225,49.882912,1874.52],[8.533124,49.874084,1988.82]]},"properties":{"name":"P-62","description":{"@type":"html","value":"<div><div><span><b>Altitude:</b></span> <span>6,150 ft - 6,525 ft</span></div>\n<div><span><b>Speed:</b></span> <span>227 kt</span></div>\n<div><span><b>Timestamp:</b></span><br/><span>2026-05-18 07:56:19 UTC<br/>2026-05-18 07:56:28 UTC</span></div>\n</div>"},"stroke-opacity":1,"stroke":"#72ff00","stroke-width":2}},{"type":"Feature","geometry":{"type":"LineString","coordinates":[[8.533124,49.874084,1988.82],[8.532443,49.871506,2019.3]]},"properties":{"name":"P-63","description":{"@type":"html","value":"<div><div><span><b>Altitude:</b></span> <span>6,525 ft - 6,625 ft</span></div>\n<div><span><b>Speed:</b></span> <span>227 kt - 228 kt</span></div>\n<div><span><b>Timestamp:</b></span><br/><span>2026-05-18 07:56:28 UTC<br/>2026-05-18 07:56:30 UTC</span></div>\n</div>"},"stroke-opacity":1,"stroke":"#72ff00","stroke-width":2}},{"type":"Feature","geometry":{"type":"LineString","coordinates":[[8.532443,49.871506,2019.3],[8.531751,49.869415,2049.78]]},"properties":{"name":"P-64","description":{"@type":"html","value":"<div><div><span><b>Altitude:</b></span> <span>6,625 ft - 6,725 ft</span></div>\n<div><span><b>Speed:</b></span> <span>228 kt</span></div>\n<div><span><b>Timestamp:</b></span><br/><span>2026-05-18 07:56:30 UTC<br/>2026-05-18 07:56:32 UTC</span></div>\n</div>"},"stroke-opacity":1,"stroke":"#9cff00","stroke-width":2}},{"type":"Feature","geometry":{"type":"LineString","coordinates":[[8.531751,49.869415,2049.78],[8.530956,49.867264,2080.26]]},"properties":{"name":"P-65","description":{"@type":"html","value":"<div><div><span><b>Altitude:</b></span> <span>6,725 ft - 6,825 ft</span></div>\n<div><span><b>Speed:</b></span> <span>228 kt</span></div>\n<div><span><b>Timestamp:</b></span><br/><span>2026-05-18 07:56:32 UTC<br/>2026-05-18 07:56:34 UTC</span></div>\n</div>"},"stroke-opacity":1,"stroke":"#9cff00","stroke-width":2}},{"type":"Feature","geometry":{"type":"LineString","coordinates":[[8.530956,49.867264,2080.26],[8.529872,49.864792,2110.74]]},"properties":{"name":"P-66","description":{"@type":"html","value":"<div><div><span><b>Altitude:</b></span> <span>6,825 ft - 6,925 ft</span></div>\n<div><span><b>Speed:</b></span> <span>228 kt</span></div>\n<div><span><b>Timestamp:</b></span><br/><span>2026-05-18 07:56:34 UTC<br/>2026-05-18 07:56:36 UTC</span></div>\n</div>"},"stroke-opacity":1,"stroke":"#9cff00","stroke-width":2}},{"type":"Feature","geometry":{"type":"LineString","coordinates":[[8.529872,49.864792,2110.74],[8.528644,49.862274,2148.84]]},"properties":{"name":"P-67","description":{"@type":"html","value":"<div><div><span><b>Altitude:</b></span> <span>6,925 ft - 7,050 ft</span></div>\n<div><span><b>Speed:</b></span> <span>228 kt - 229 kt</span></div>\n<div><span><b>Timestamp:</b></span><br/><span>2026-05-18 07:56:36 UTC<br/>2026-05-18 07:56:39 UTC</span></div>\n</div>"},"stroke-opacity":1,"stroke":"#9cff00","stroke-width":2}},{"type":"Feature","geometry":{"type":"LineString","coordinates":[[8.528644,49.862274,2148.84],[8.527692,49.860706,2171.7]]},"properties":{"name":"P-68","description":{"@type":"html","value":"<div><div><span><b>Altitude:</b></span> <span>7,050 ft - 7,125 ft</span></div>\n<div><span><b>Speed:</b></span> <span>229 kt</span></div>\n<div><span><b>Timestamp:</b></span><br/><span>2026-05-18 07:56:39 UTC<br/>2026-05-18 07:56:41 UTC</span></div>\n</div>"},"stroke-opacity":1,"stroke":"#9cff00","stroke-width":2}},{"type":"Feature","geometry":{"type":"LineString","coordinates":[[8.527692,49.860706,2171.7],[8.526356,49.858284,2209.8]]},"properties":{"name":"P-69","description":{"@type":"html","value":"<div><div><span><b>Altitude:</b></span> <span>7,125 ft - 7,250 ft</span></div>\n<div><span><b>Speed:</b></span> <span>229 kt</span></div>\n<div><span><b>Timestamp:</b></span><br/><span>2026-05-18 07:56:41 UTC<br/>2026-05-18 07:56:43 UTC</span></div>\n</div>"},"stroke-opacity":1,"stroke":"#9cff00","stroke-width":2}},{"type":"Feature","geometry":{"type":"LineString","coordinates":[[8.526356,49.858284,2209.8],[8.525174,49.856277,2232.66]]},"properties":{"name":"P-70","description":{"@type":"html","value":"<div><div><span><b>Altitude:</b></span> <span>7,250 ft - 7,325 ft</span></div>\n<div><span><b>Speed:</b></span> <span>229 kt - 230 kt</span></div>\n<div><span><b>Timestamp:</b></span><br/><span>2026-05-18 07:56:43 UTC<br/>2026-05-18 07:56:45 UTC</span></div>\n</div>"},"stroke-opacity":1,"stroke":"#9cff00","stroke-width":2}},{"type":"Feature","geometry":{"type":"LineString","coordinates":[[8.525174,49.856277,2232.66],[8.523758,49.853863,2263.14]]},"properties":{"name":"P-71","description":{"@type":"html","value":"<div><div><span><b>Altitude:</b></span> <span>7,325 ft - 7,425 ft</span></div>\n<div><span><b>Speed:</b></span> <span>230 kt - 231 kt</span></div>\n<div><span><b>Timestamp:</b></span><br/><span>2026-05-18 07:56:45 UTC<br/>2026-05-18 07:56:47 UTC</span></div>\n</div>"},"stroke-opacity":1,"stroke":"#9cff00","stroke-width":2}},{"type":"Feature","geometry":{"type":"LineString","coordinates":[[8.523758,49.853863,2263.14],[8.52257,49.85186,2286]]},"properties":{"name":"P-72","description":{"@type":"html","value":"<div><div><span><b>Altitude:</b></span> <span>7,425 ft - 7,500 ft</span></div>\n<div><span><b>Speed:</b></span> <span>231 kt - 232 kt</span></div>\n<div><span><b>Timestamp:</b></span><br/><span>2026-05-18 07:56:47 UTC<br/>2026-05-18 07:56:49 UTC</span></div>\n</div>"},"stroke-opacity":1,"stroke":"#9cff00","stroke-width":2}},{"type":"Feature","geometry":{"type":"LineString","coordinates":[[8.52257,49.85186,2286],[8.521343,49.849823,2308.86]]},"properties":{"name":"P-73","description":{"@type":"html","value":"<div><div><span><b>Altitude:</b></span> <span>7,500 ft - 7,575 ft</span></div>\n<div><span><b>Speed:</b></span> <span>232 kt - 235 kt</span></div>\n<div><span><b>Timestamp:</b></span><br/><span>2026-05-18 07:56:49 UTC<br/>2026-05-18 07:56:51 UTC</span></div>\n</div>"},"stroke-opacity":1,"stroke":"#9cff00","stroke-width":2}},{"type":"Feature","geometry":{"type":"LineString","coordinates":[[8.521343,49.849823,2308.86],[8.519897,49.84726,2331.72]]},"properties":{"name":"P-74","description":{"@type":"html","value":"<div><div><span><b>Altitude:</b></span> <span>7,575 ft - 7,650 ft</span></div>\n<div><span><b>Speed:</b></span> <span>235 kt - 236 kt</span></div>\n<div><span><b>Timestamp:</b></span><br/><span>2026-05-18 07:56:51 UTC<br/>2026-05-18 07:56:54 UTC</span></div>\n</div>"},"stroke-opacity":1,"stroke":"#9cff00","stroke-width":2}},{"type":"Feature","geometry":{"type":"LineString","coordinates":[[8.519897,49.84726,2331.72],[8.518636,49.845112,2354.58]]},"properties":{"name":"P-75","description":{"@type":"html","value":"<div><div><span><b>Altitude:</b></span> <span>7,650 ft - 7,725 ft</span></div>\n<div><span><b>Speed:</b></span> <span>236 kt - 238 kt</span></div>\n<div><span><b>Timestamp:</b></span><br/><span>2026-05-18 07:56:54 UTC<br/>2026-05-18 07:56:56 UTC</span></div>\n</div>"},"stroke-opacity":1,"stroke":"#9cff00","stroke-width":2}},{"type":"Feature","geometry":{"type":"LineString","coordinates":[[8.518636,49.845112,2354.58],[8.5173,49.842876,2369.82]]},"properties":{"name":"P-76","description":{"@type":"html","value":"<div><div><span><b>Altitude:</b></span> <span>7,725 ft - 7,775 ft</span></div>\n<div><span><b>Speed:</b></span> <span>238 kt - 240 kt</span></div>\n<div><span><b>Timestamp:</b></span><br/><span>2026-05-18 07:56:56 UTC<br/>2026-05-18 07:56:58 UTC</span></div>\n</div>"},"stroke-opacity":1,"stroke":"#9cff00","stroke-width":2}},{"type":"Feature","geometry":{"type":"LineString","coordinates":[[8.5173,49.842876,2369.82],[8.516139,49.840805,2392.68]]},"properties":{"name":"P-77","description":{"@type":"html","value":"<div><div><span><b>Altitude:</b></span> <span>7,775 ft - 7,850 ft</span></div>\n<div><span><b>Speed:</b></span> <span>240 kt - 242 kt</span></div>\n<div><span><b>Timestamp:</b></span><br/><span>2026-05-18 07:56:58 UTC<br/>2026-05-18 07:57:00 UTC</span></div>\n</div>"},"stroke-opacity":1,"stroke":"#9cff00","stroke-width":2}},{"type":"Feature","geometry":{"type":"LineString","coordinates":[[8.516139,49.840805,2392.68],[8.514775,49.838455,2415.54]]},"properties":{"name":"P-78","description":{"@type":"html","value":"<div><div><span><b>Altitude:</b></span> <span>7,850 ft - 7,925 ft</span></div>\n<div><span><b>Speed:</b></span> <span>242 kt - 245 kt</span></div>\n<div><span><b>Timestamp:</b></span><br/><span>2026-05-18 07:57:00 UTC<br/>2026-05-18 07:57:02 UTC</span></div>\n</div>"},"stroke-opacity":1,"stroke":"#9cff00","stroke-width":2}},{"type":"Feature","geometry":{"type":"LineString","coordinates":[[8.514775,49.838455,2415.54],[8.506833,49.824394,2552.7]]},"properties":{"name":"P-79","description":{"@type":"html","value":"<div><div><span><b>Altitude:</b></span> <span>7,925 ft - 8,375 ft</span></div>\n<div><span><b>Speed:</b></span> <span>245 kt - 256 kt</span></div>\n<div><span><b>Timestamp:</b></span><br/><span>2026-05-18 07:57:02 UTC<br/>2026-05-18 07:57:15 UTC</span></div>\n</div>"},"stroke-opacity":1,"stroke":"#9cff00","stroke-width":2}},{"type":"Feature","geometry":{"type":"LineString","coordinates":[[8.506833,49.824394,2552.7],[8.498359,49.809402,2758.44]]},"properties":{"name":"P-80","description":{"@type":"html","value":"<div><div><span><b>Altitude:</b></span> <span>8,375 ft - 9,050 ft</span></div>\n<div><span><b>Speed:</b></span> <span>256 kt - 258 kt</span></div>\n<div><span><b>Timestamp:</b></span><br/><span>2026-05-18 07:57:15 UTC<br/>2026-05-18 07:57:28 UTC</span></div>\n</div>"},"stroke-opacity":1,"stroke":"#d2ff00","stroke-width":2}},{"type":"Feature","geometry":{"type":"LineString","coordinates":[[8.498359,49.809402,2758.44],[8.49048,49.795441,2948.94]]},"properties":{"name":"P-81","description":{"@type":"html","value":"<div><div><span><b>Altitude:</b></span> <span>9,050 ft - 9,675 ft</span></div>\n<div><span><b>Speed:</b></span> <span>258 kt - 260 kt</span></div>\n<div><span><b>Timestamp:</b></span><br/><span>2026-05-18 07:57:28 UTC<br/>2026-05-18 07:57:41 UTC</span></div>\n</div>"},"stroke-opacity":1,"stroke":"#d2ff00","stroke-width":2}},{"type":"Feature","geometry":{"type":"LineString","coordinates":[[8.49048,49.795441,2948.94],[8.480406,49.781708,3108.96]]},"properties":{"name":"P-82","description":{"@type":"html","value":"<div><div><span><b>Altitude:</b></span> <span>9,675 ft - 10,200 ft</span></div>\n<div><span><b>Speed:</b></span> <span>260 kt - 264 kt</span></div>\n<div><span><b>Timestamp:</b></span><br/><span>2026-05-18 07:57:41 UTC<br/>2026-05-18 07:57:53 UTC</span></div>\n</div>"},"stroke-opacity":1,"stroke":"#d2ff00","stroke-width":2}},{"type":"Feature","geometry":{"type":"LineString","coordinates":[[8.480406,49.781708,3108.96],[8.47803,49.779331,3131.82]]},"properties":{"name":"P-83","description":{"@type":"html","value":"<div><div><span><b>Altitude:</b></span> <span>10,200 ft - 10,275 ft</span></div>\n<div><span><b>Speed:</b></span> <span>264 kt - 266 kt</span></div>\n<div><span><b>Timestamp:</b></span><br/><span>2026-05-18 07:57:53 UTC<br/>2026-05-18 07:57:56 UTC</span></div>\n</div>"},"stroke-opacity":1,"stroke":"#e4ff00","stroke-width":2}},{"type":"Feature","geometry":{"type":"LineString","coordinates":[[8.47803,49.779331,3131.82],[8.475358,49.777004,3147.06]]},"properties":{"name":"P-84","description":{"@type":"html","value":"<div><div><span><b>Altitude:</b></span> <span>10,275 ft - 10,325 ft</span></div>\n<div><span><b>Speed:</b></span> <span>266 kt - 268 kt</span></div>\n<div><span><b>Timestamp:</b></span><br/><span>2026-05-18 07:57:56 UTC<br/>2026-05-18 07:57:58 UTC</span></div>\n</div>"},"stroke-opacity":1,"stroke":"#e4ff00","stroke-width":2}},{"type":"Feature","geometry":{"type":"LineString","coordinates":[[8.475358,49.777004,3147.06],[8.472989,49.775162,3154.68]]},"properties":{"name":"P-85","description":{"@type":"html","value":"<div><div><span><b>Altitude:</b></span> <span>10,325 ft - 10,350 ft</span></div>\n<div><span><b>Speed:</b></span> <span>268 kt - 271 kt</span></div>\n<div><span><b>Timestamp:</b></span><br/><span>2026-05-18 07:57:58 UTC<br/>2026-05-18 07:58:00 UTC</span></div>\n</div>"},"stroke-opacity":1,"stroke":"#e4ff00","stroke-width":2}},{"type":"Feature","geometry":{"type":"LineString","coordinates":[[8.472989,49.775162,3154.68],[8.470098,49.773193,3169.92]]},"properties":{"name":"P-86","description":{"@type":"html","value":"<div><div><span><b>Altitude:</b></span> <span>10,350 ft - 10,400 ft</span></div>\n<div><span><b>Speed:</b></span> <span>271 kt - 273 kt</span></div>\n<div><span><b>Timestamp:</b></span><br/><span>2026-05-18 07:58:00 UTC<br/>2026-05-18 07:58:02 UTC</span></div>\n</div>"},"stroke-opacity":1,"stroke":"#e4ff00","stroke-width":2}},{"type":"Feature","geometry":{"type":"LineString","coordinates":[[8.470098,49.773193,3169.92],[8.467351,49.7715,3177.54]]},"properties":{"name":"P-87","description":{"@type":"html","value":"<div><div><span><b>Altitude:</b></span> <span>10,400 ft - 10,425 ft</span></div>\n<div><span><b>Speed:</b></span> <span>273 kt - 276 kt</span></div>\n<div><span><b>Timestamp:</b></span><br/><span>2026-05-18 07:58:02 UTC<br/>2026-05-18 07:58:04 UTC</span></div>\n</div>"},"stroke-opacity":1,"stroke":"#e4ff00","stroke-width":2}},{"type":"Feature","geometry":{"type":"LineString","coordinates":[[8.467351,49.7715,3177.54],[8.464149,49.769741,3192.78]]},"properties":{"name":"P-88","description":{"@type":"html","value":"<div><div><span><b>Altitude:</b></span> <span>10,425 ft - 10,475 ft</span></div>\n<div><span><b>Speed:</b></span> <span>276 kt - 279 kt</span></div>\n<div><span><b>Timestamp:</b></span><br/><span>2026-05-18 07:58:04 UTC<br/>2026-05-18 07:58:06 UTC</span></div>\n</div>"},"stroke-opacity":1,"stroke":"#e4ff00","stroke-width":2}},{"type":"Feature","geometry":{"type":"LineString","coordinates":[[8.464149,49.769741,3192.78],[8.460485,49.768021,3200.4]]},"properties":{"name":"P-89","description":{"@type":"html","value":"<div><div><span><b>Altitude:</b></span> <span>10,475 ft - 10,500 ft</span></div>\n<div><span><b>Speed:</b></span> <span>279 kt - 283 kt</span></div>\n<div><span><b>Timestamp:</b></span><br/><span>2026-05-18 07:58:06 UTC<br/>2026-05-18 07:58:08 UTC</span></div>\n</div>"},"stroke-opacity":1,"stroke":"#e4ff00","stroke-width":2}},{"type":"Feature","geometry":{"type":"LineString","coordinates":[[8.460485,49.768021,3200.4],[8.456871,49.76651,3208.02]]},"properties":{"name":"P-90","description":{"@type":"html","value":"<div><div><span><b>Altitude:</b></span> <span>10,500 ft - 10,525 ft</span></div>\n<div><span><b>Speed:</b></span> <span>283 kt - 287 kt</span></div>\n<div><span><b>Timestamp:</b></span><br/><span>2026-05-18 07:58:08 UTC<br/>2026-05-18 07:58:10 UTC</span></div>\n</div>"},"stroke-opacity":1,"stroke":"#e4ff00","stroke-width":2}},{"type":"Feature","geometry":{"type":"LineString","coordinates":[[8.456871,49.76651,3208.02],[8.452643,49.764996,3215.64]]},"properties":{"name":"P-91","description":{"@type":"html","value":"<div><div><span><b>Altitude:</b></span> <span>10,525 ft - 10,550 ft</span></div>\n<div><span><b>Speed:</b></span> <span>287 kt - 289 kt</span></div>\n<div><span><b>Timestamp:</b></span><br/><span>2026-05-18 07:58:10 UTC<br/>2026-05-18 07:58:12 UTC</span></div>\n</div>"},"stroke-opacity":1,"stroke":"#e4ff00","stroke-width":2}},{"type":"Feature","geometry":{"type":"LineString","coordinates":[[8.452643,49.764996,3215.64],[8.448848,49.763809,3223.26]]},"properties":{"name":"P-92","description":{"@type":"html","value":"<div><div><span><b>Altitude:</b></span> <span>10,550 ft - 10,575 ft</span></div>\n<div><span><b>Speed:</b></span> <span>289 kt - 293 kt</span></div>\n<div><span><b>Timestamp:</b></span><br/><span>2026-05-18 07:58:12 UTC<br/>2026-05-18 07:58:15 UTC</span></div>\n</div>"},"stroke-opacity":1,"stroke":"#e4ff00","stroke-width":2}},{"type":"Feature","geometry":{"type":"LineString","coordinates":[[8.448848,49.763809,3223.26],[8.444294,49.762665,3238.5]]},"properties":{"name":"P-93","description":{"@type":"html","value":"<div><div><span><b>Altitude:</b></span> <span>10,575 ft - 10,625 ft</span></div>\n<div><span><b>Speed:</b></span> <span>293 kt - 296 kt</span></div>\n<div><span><b>Timestamp:</b></span><br/><span>2026-05-18 07:58:15 UTC<br/>2026-05-18 07:58:17 UTC</span></div>\n</div>"},"stroke-opacity":1,"stroke":"#e4ff00","stroke-width":2}},{"type":"Feature","geometry":{"type":"LineString","coordinates":[[8.444294,49.762665,3238.5],[8.439958,49.761749,3246.12]]},"properties":{"name":"P-94","description":{"@type":"html","value":"<div><div><span><b>Altitude:</b></span> <span>10,625 ft - 10,650 ft</span></div>\n<div><span><b>Speed:</b></span> <span>296 kt - 300 kt</span></div>\n<div><span><b>Timestamp:</b></span><br/><span>2026-05-18 07:58:17 UTC<br/>2026-05-18 07:58:19 UTC</span></div>\n</div>"},"stroke-opacity":1,"stroke":"#e4ff00","stroke-width":2}},{"type":"Feature","geometry":{"type":"LineString","coordinates":[[8.439958,49.761749,3246.12],[8.434898,49.760971,3253.74]]},"properties":{"name":"P-95","description":{"@type":"html","value":"<div><div><span><b>Altitude:</b></span> <span>10,650 ft - 10,675 ft</span></div>\n<div><span><b>Speed:</b></span> <span>300 kt - 303 kt</span></div>\n<div><span><b>Timestamp:</b></span><br/><span>2026-05-18 07:58:19 UTC<br/>2026-05-18 07:58:21 UTC</span></div>\n</div>"},"stroke-opacity":1,"stroke":"#e4ff00","stroke-width":2}},{"type":"Feature","geometry":{"type":"LineString","coordinates":[[8.434898,49.760971,3253.74],[8.430706,49.760513,3268.98]]},"properties":{"name":"P-96","description":{"@type":"html","value":"<div><div><span><b>Altitude:</b></span> <span>10,675 ft - 10,725 ft</span></div>\n<div><span><b>Speed:</b></span> <span>303 kt - 308 kt</span></div>\n<div><span><b>Timestamp:</b></span><br/><span>2026-05-18 07:58:21 UTC<br/>2026-05-18 07:58:23 UTC</span></div>\n</div>"},"stroke-opacity":1,"stroke":"#e4ff00","stroke-width":2}},{"type":"Feature","geometry":{"type":"LineString","coordinates":[[8.430706,49.760513,3268.98],[8.42608,49.760147,3276.6]]},"properties":{"name":"P-97","description":{"@type":"html","value":"<div><div><span><b>Altitude:</b></span> <span>10,725 ft - 10,750 ft</span></div>\n<div><span><b>Speed:</b></span> <span>308 kt - 311 kt</span></div>\n<div><span><b>Timestamp:</b></span><br/><span>2026-05-18 07:58:23 UTC<br/>2026-05-18 07:58:25 UTC</span></div>\n</div>"},"stroke-opacity":1,"stroke":"#e4ff00","stroke-width":2}},{"type":"Feature","geometry":{"type":"LineString","coordinates":[[8.42608,49.760147,3276.6],[8.420659,49.76001,3291.84]]},"properties":{"name":"P-98","description":{"@type":"html","value":"<div><div><span><b>Altitude:</b></span> <span>10,750 ft - 10,800 ft</span></div>\n<div><span><b>Speed:</b></span> <span>311 kt - 314 kt</span></div>\n<div><span><b>Timestamp:</b></span><br/><span>2026-05-18 07:58:25 UTC<br/>2026-05-18 07:58:27 UTC</span></div>\n</div>"},"stroke-opacity":1,"stroke":"#e4ff00","stroke-width":2}},{"type":"Feature","geometry":{"type":"LineString","coordinates":[[8.420659,49.76001,3291.84],[8.415889,49.760056,3299.46]]},"properties":{"name":"P-99","description":{"@type":"html","value":"<div><div><span><b>Altitude:</b></span> <span>10,800 ft - 10,825 ft</span></div>\n<div><span><b>Speed:</b></span> <span>314 kt - 318 kt</span></div>\n<div><span><b>Timestamp:</b></span><br/><span>2026-05-18 07:58:27 UTC<br/>2026-05-18 07:58:29 UTC</span></div>\n</div>"},"stroke-opacity":1,"stroke":"#e4ff00","stroke-width":2}},{"type":"Feature","geometry":{"type":"LineString","coordinates":[[8.415889,49.760056,3299.46],[8.412492,49.760284,3307.08]]},"properties":{"name":"P-100","description":{"@type":"html","value":"<div><div><span><b>Altitude:</b></span> <span>10,825 ft - 10,850 ft</span></div>\n<div><span><b>Speed:</b></span> <span>318 kt - 321 kt</span></div>\n<div><span><b>Timestamp:</b></span><br/><span>2026-05-18 07:58:29 UTC<br/>2026-05-18 07:58:32 UTC</span></div>\n</div>"},"stroke-opacity":1,"stroke":"#e4ff00","stroke-width":2}},{"type":"Feature","geometry":{"type":"LineString","coordinates":[[8.412492,49.760284,3307.08],[8.407659,49.760666,3322.32]]},"properties":{"name":"P-101","description":{"@type":"html","value":"<div><div><span><b>Altitude:</b></span> <span>10,850 ft - 10,900 ft</span></div>\n<div><span><b>Speed:</b></span> <span>321 kt - 324 kt</span></div>\n<div><span><b>Timestamp:</b></span><br/><span>2026-05-18 07:58:32 UTC<br/>2026-05-18 07:58:34 UTC</span></div>\n</div>"},"stroke-opacity":1,"stroke":"#e4ff00","stroke-width":2}},{"type":"Feature","geometry":{"type":"LineString","coordinates":[[8.407659,49.760666,3322.32],[8.402834,49.761223,3329.94]]},"properties":{"name":"P-102","description":{"@type":"html","value":"<div><div><span><b>Altitude:</b></span> <span>10,900 ft - 10,925 ft</span></div>\n<div><span><b>Speed:</b></span> <span>324 kt - 327 kt</span></div>\n<div><span><b>Timestamp:</b></span><br/><span>2026-05-18 07:58:34 UTC<br/>2026-05-18 07:58:36 UTC</span></div>\n</div>"},"stroke-opacity":1,"stroke":"#e4ff00","stroke-width":2}},{"type":"Feature","geometry":{"type":"LineString","coordinates":[[8.402834,49.761223,3329.94],[8.397934,49.761921,3345.18]]},"properties":{"name":"P-103","description":{"@type":"html","value":"<div><div><span><b>Altitude:</b></span> <span>10,925 ft - 10,975 ft</span></div>\n<div><span><b>Speed:</b></span> <span>327 kt - 330 kt</span></div>\n<div><span><b>Timestamp:</b></span><br/><span>2026-05-18 07:58:36 UTC<br/>2026-05-18 07:58:38 UTC</span></div>\n</div>"},"stroke-opacity":1,"stroke":"#e4ff00","stroke-width":2}},{"type":"Feature","geometry":{"type":"LineString","coordinates":[[8.397934,49.761921,3345.18],[8.393555,49.762619,3360.42]]},"properties":{"name":"P-104","description":{"@type":"html","value":"<div><div><span><b>Altitude:</b></span> <span>10,975 ft - 11,025 ft</span></div>\n<div><span><b>Speed:</b></span> <span>330 kt - 332 kt</span></div>\n<div><span><b>Timestamp:</b></span><br/><span>2026-05-18 07:58:38 UTC<br/>2026-05-18 07:58:40 UTC</span></div>\n</div>"},"stroke-opacity":1,"stroke":"#e4ff00","stroke-width":2}},{"type":"Feature","geometry":{"type":"LineString","coordinates":[[8.393555,49.762619,3360.42],[8.387987,49.763504,3375.66]]},"properties":{"name":"P-105","description":{"@type":"html","value":"<div><div><span><b>Altitude:</b></span> <span>11,025 ft - 11,075 ft</span></div>\n<div><span><b>Speed:</b></span> <span>332 kt - 333 kt</span></div>\n<div><span><b>Timestamp:</b></span><br/><span>2026-05-18 07:58:40 UTC<br/>2026-05-18 07:58:42 UTC</span></div>\n</div>"},"stroke-opacity":1,"stroke":"#e4ff00","stroke-width":2}},{"type":"Feature","geometry":{"type":"LineString","coordinates":[[8.387987,49.763504,3375.66],[8.382857,49.764404,3398.52]]},"properties":{"name":"P-106","description":{"@type":"html","value":"<div><div><span><b>Altitude:</b></span> <span>11,075 ft - 11,150 ft</span></div>\n<div><span><b>Speed:</b></span> <span>333 kt - 337 kt</span></div>\n<div><span><b>Timestamp:</b></span><br/><span>2026-05-18 07:58:42 UTC<br/>2026-05-18 07:58:44 UTC</span></div>\n</div>"},"stroke-opacity":1,"stroke":"#e4ff00","stroke-width":2}},{"type":"Feature","geometry":{"type":"LineString","coordinates":[[8.382857,49.764404,3398.52],[8.379376,49.764996,3406.14]]},"properties":{"name":"P-107","description":{"@type":"html","value":"<div><div><span><b>Altitude:</b></span> <span>11,150 ft - 11,175 ft</span></div>\n<div><span><b>Speed:</b></span> <span>337 kt - 338 kt</span></div>\n<div><span><b>Timestamp:</b></span><br/><span>2026-05-18 07:58:44 UTC<br/>2026-05-18 07:58:46 UTC</span></div>\n</div>"},"stroke-opacity":1,"stroke":"#e4ff00","stroke-width":2}},{"type":"Feature","geometry":{"type":"LineString","coordinates":[[8.379376,49.764996,3406.14],[8.373438,49.766018,3421.38]]},"properties":{"name":"P-108","description":{"@type":"html","value":"<div><div><span><b>Altitude:</b></span> <span>11,175 ft - 11,225 ft</span></div>\n<div><span><b>Speed:</b></span> <span>338 kt - 341 kt</span></div>\n<div><span><b>Timestamp:</b></span><br/><span>2026-05-18 07:58:46 UTC<br/>2026-05-18 07:58:48 UTC</span></div>\n</div>"},"stroke-opacity":1,"stroke":"#e4ff00","stroke-width":2}},{"type":"Feature","geometry":{"type":"LineString","coordinates":[[8.373438,49.766018,3421.38],[8.36869,49.76683,3436.62]]},"properties":{"name":"P-109","description":{"@type":"html","value":"<div><div><span><b>Altitude:</b></span> <span>11,225 ft - 11,275 ft</span></div>\n<div><span><b>Speed:</b></span> <span>341 kt - 343 kt</span></div>\n<div><span><b>Timestamp:</b></span><br/><span>2026-05-18 07:58:48 UTC<br/>2026-05-18 07:58:50 UTC</span></div>\n</div>"},"stroke-opacity":1,"stroke":"#e4ff00","stroke-width":2}},{"type":"Feature","geometry":{"type":"LineString","coordinates":[[8.36869,49.76683,3436.62],[8.363713,49.767693,3451.86]]},"properties":{"name":"P-110","description":{"@type":"html","value":"<div><div><span><b>Altitude:</b></span> <span>11,275 ft - 11,325 ft</span></div>\n<div><span><b>Speed:</b></span> <span>343 kt - 345 kt</span></div>\n<div><span><b>Timestamp:</b></span><br/><span>2026-05-18 07:58:50 UTC<br/>2026-05-18 07:58:52 UTC</span></div>\n</div>"},"stroke-opacity":1,"stroke":"#e4ff00","stroke-width":2}},{"type":"Feature","geometry":{"type":"LineString","coordinates":[[8.363713,49.767693,3451.86],[8.358427,49.768616,3467.1]]},"properties":{"name":"P-111","description":{"@type":"html","value":"<div><div><span><b>Altitude:</b></span> <span>11,325 ft - 11,375 ft</span></div>\n<div><span><b>Speed:</b></span> <span>345 kt - 348 kt</span></div>\n<div><span><b>Timestamp:</b></span><br/><span>2026-05-18 07:58:52 UTC<br/>2026-05-18 07:58:54 UTC</span></div>\n</div>"},"stroke-opacity":1,"stroke":"#e4ff00","stroke-width":2}},{"type":"Feature","geometry":{"type":"LineString","coordinates":[[8.358427,49.768616,3467.1],[8.352579,49.769558,3474.72]]},"properties":{"name":"P-112","description":{"@type":"html","value":"<div><div><span><b>Altitude:</b></span> <span>11,375 ft - 11,400 ft</span></div>\n<div><span><b>Speed:</b></span> <span>348 kt - 350 kt</span></div>\n<div><span><b>Timestamp:</b></span><br/><span>2026-05-18 07:58:54 UTC<br/>2026-05-18 07:58:56 UTC</span></div>\n</div>"},"stroke-opacity":1,"stroke":"#e4ff00","stroke-width":2}},{"type":"Feature","geometry":{"type":"LineString","coordinates":[[8.352579,49.769558,3474.72],[8.348199,49.770302,3489.96]]},"properties":{"name":"P-113","description":{"@type":"html","value":"<div><div><span><b>Altitude:</b></span> <span>11,400 ft - 11,450 ft</span></div>\n<div><span><b>Speed:</b></span> <span>350 kt - 352 kt</span></div>\n<div><span><b>Timestamp:</b></span><br/><span>2026-05-18 07:58:56 UTC<br/>2026-05-18 07:58:59 UTC</span></div>\n</div>"},"stroke-opacity":1,"stroke":"#e4ff00","stroke-width":2}},{"type":"Feature","geometry":{"type":"LineString","coordinates":[[8.348199,49.770302,3489.96],[8.343249,49.771088,3497.58]]},"properties":{"name":"P-114","description":{"@type":"html","value":"<div><div><span><b>Altitude:</b></span> <span>11,450 ft - 11,475 ft</span></div>\n<div><span><b>Speed:</b></span> <span>352 kt - 353 kt</span></div>\n<div><span><b>Timestamp:</b></span><br/><span>2026-05-18 07:58:59 UTC<br/>2026-05-18 07:59:01 UTC</span></div>\n</div>"},"stroke-opacity":1,"stroke":"#e4ff00","stroke-width":2}},{"type":"Feature","geometry":{"type":"LineString","coordinates":[[8.343249,49.771088,3497.58],[8.336322,49.772209,3520.44]]},"properties":{"name":"P-115","description":{"@type":"html","value":"<div><div><span><b>Altitude:</b></span> <span>11,475 ft - 11,550 ft</span></div>\n<div><span><b>Speed:</b></span> <span>353 kt - 356 kt</span></div>\n<div><span><b>Timestamp:</b></span><br/><span>2026-05-18 07:59:01 UTC<br/>2026-05-18 07:59:03 UTC</span></div>\n</div>"},"stroke-opacity":1,"stroke":"#e4ff00","stroke-width":2}},{"type":"Feature","geometry":{"type":"LineString","coordinates":[[8.336322,49.772209,3520.44],[8.30507,49.777191,3627.12]]},"properties":{"name":"P-116","description":{"@type":"html","value":"<div><div><span><b>Altitude:</b></span> <span>11,550 ft - 11,900 ft</span></div>\n<div><span><b>Speed:</b></span> <span>356 kt - 366 kt</span></div>\n<div><span><b>Timestamp:</b></span><br/><span>2026-05-18 07:59:03 UTC<br/>2026-05-18 07:59:16 UTC</span></div>\n</div>"},"stroke-opacity":1,"stroke":"#ffea00","stroke-width":2}},{"type":"Feature","geometry":{"type":"LineString","coordinates":[[8.30507,49.777191,3627.12],[8.272271,49.782394,3794.76]]},"properties":{"name":"P-117","description":{"@type":"html","value":"<div><div><span><b>Altitude:</b></span> <span>11,900 ft - 12,450 ft</span></div>\n<div><span><b>Speed:</b></span> <span>366 kt - 370 kt</span></div>\n<div><span><b>Timestamp:</b></span><br/><span>2026-05-18 07:59:16 UTC<br/>2026-05-18 07:59:29 UTC</span></div>\n</div>"},"stroke-opacity":1,"stroke":"#ffea00","stroke-width":2}},{"type":"Feature","geometry":{"type":"LineString","coordinates":[[8.272271,49.782394,3794.76],[8.1885,49.795807,4213.86]]},"properties":{"name":"P-118","description":{"@type":"html","value":"<div><div><span><b>Altitude:</b></span> <span>12,450 ft - 13,825 ft</span></div>\n<div><span><b>Speed:</b></span> <span>370 kt - 378 kt</span></div>\n<div><span><b>Timestamp:</b></span><br/><span>2026-05-18 07:59:29 UTC<br/>2026-05-18 08:00:01 UTC</span></div>\n</div>"},"stroke-opacity":1,"stroke":"#ffea00","stroke-width":2}},{"type":"Feature","geometry":{"type":"LineString","coordinates":[[8.1885,49.795807,4213.86],[8.102046,49.809589,4549.14]]},"properties":{"name":"P-119","description":{"@type":"html","value":"<div><div><span><b>Altitude:</b></span> <span>13,825 ft - 14,925 ft</span></div>\n<div><span><b>Speed:</b></span> <span>378 kt - 393 kt</span></div>\n<div><span><b>Timestamp:</b></span><br/><span>2026-05-18 08:00:01 UTC<br/>2026-05-18 08:00:33 UTC</span></div>\n</div>"},"stroke-opacity":1,"stroke":"#ffc000","stroke-width":2}},{"type":"Feature","geometry":{"type":"LineString","coordinates":[[8.102046,49.809589,4549.14],[8.020381,49.82254,5029.2]]},"properties":{"name":"P-120","description":{"@type":"html","value":"<div><div><span><b>Altitude:</b></span> <span>14,925 ft - 16,500 ft</span></div>\n<div><span><b>Speed:</b></span> <span>393 kt - 391 kt</span></div>\n<div><span><b>Timestamp:</b></span><br/><span>2026-05-18 08:00:33 UTC<br/>2026-05-18 08:01:03 UTC</span></div>\n</div>"},"stroke-opacity":1,"stroke":"#ffa800","stroke-width":2}},{"type":"Feature","geometry":{"type":"LineString","coordinates":[[8.020381,49.82254,5029.2],[7.931623,49.836456,5280.66]]},"properties":{"name":"P-121","description":{"@type":"html","value":"<div><div><span><b>Altitude:</b></span> <span>16,500 ft - 17,325 ft</span></div>\n<div><span><b>Speed:</b></span> <span>391 kt - 408 kt</span></div>\n<div><span><b>Timestamp:</b></span><br/><span>2026-05-18 08:01:03 UTC<br/>2026-05-18 08:01:35 UTC</span></div>\n</div>"},"stroke-opacity":1,"stroke":"#ff9600","stroke-width":2}},{"type":"Feature","geometry":{"type":"LineString","coordinates":[[7.931623,49.836456,5280.66],[7.842234,49.85051,5524.5]]},"properties":{"name":"P-122","description":{"@type":"html","value":"<div><div><span><b>Altitude:</b></span> <span>17,325 ft - 18,125 ft</span></div>\n<div><span><b>Speed:</b></span> <span>408 kt - 421 kt</span></div>\n<div><span><b>Timestamp:</b></span><br/><span>2026-05-18 08:01:35 UTC<br/>2026-05-18 08:02:06 UTC</span></div>\n</div>"},"stroke-opacity":1,"stroke":"#ff9600","stroke-width":2}},{"type":"Feature","geometry":{"type":"LineString","coordinates":[[7.842234,49.85051,5524.5],[7.746446,49.865433,5783.58]]},"properties":{"name":"P-123","description":{"@type":"html","value":"<div><div><span><b>Altitude:</b></span> <span>18,125 ft - 18,975 ft</span></div>\n<div><span><b>Speed:</b></span> <span>421 kt - 434 kt</span></div>\n<div><span><b>Timestamp:</b></span><br/><span>2026-05-18 08:02:06 UTC<br/>2026-05-18 08:02:38 UTC</span></div>\n</div>"},"stroke-opacity":1,"stroke":"#ff7800","stroke-width":2}},{"type":"Feature","geometry":{"type":"LineString","coordinates":[[7.746446,49.865433,5783.58],[7.650344,49.880489,6088.38]]},"properties":{"name":"P-124","description":{"@type":"html","value":"<div><div><span><b>Altitude:</b></span> <span>18,975 ft - 19,975 ft</span></div>\n<div><span><b>Speed:</b></span> <span>434 kt - 439 kt</span></div>\n<div><span><b>Timestamp:</b></span><br/><span>2026-05-18 08:02:38 UTC<br/>2026-05-18 08:03:09 UTC</span></div>\n</div>"},"stroke-opacity":1,"stroke":"#ff7800","stroke-width":2}},{"type":"Feature","geometry":{"type":"LineString","coordinates":[[7.650344,49.880489,6088.38],[7.552956,49.895508,6347.46]]},"properties":{"name":"P-125","description":{"@type":"html","value":"<div><div><span><b>Altitude:</b></span> <span>19,975 ft - 20,825 ft</span></div>\n<div><span><b>Speed:</b></span> <span>439 kt - 448 kt</span></div>\n<div><span><b>Timestamp:</b></span><br/><span>2026-05-18 08:03:09 UTC<br/>2026-05-18 08:03:41 UTC</span></div>\n</div>"},"stroke-opacity":1,"stroke":"#ff5400","stroke-width":2}},{"type":"Feature","geometry":{"type":"LineString","coordinates":[[7.552956,49.895508,6347.46],[7.452633,49.910889,6637.02]]},"properties":{"name":"P-126","description":{"@type":"html","value":"<div><div><span><b>Altitude:</b></span> <span>20,825 ft - 21,775 ft</span></div>\n<div><span><b>Speed:</b></span> <span>448 kt - 452 kt</span></div>\n<div><span><b>Timestamp:</b></span><br/><span>2026-05-18 08:03:41 UTC<br/>2026-05-18 08:04:13 UTC</span></div>\n</div>"},"stroke-opacity":1,"stroke":"#ff5400","stroke-width":2}},{"type":"Feature","geometry":{"type":"LineString","coordinates":[[7.452633,49.910889,6637.02],[7.352745,49.926086,6941.82]]},"properties":{"name":"P-127","description":{"@type":"html","value":"<div><div><span><b>Altitude:</b></span> <span>21,775 ft - 22,775 ft</span></div>\n<div><span><b>Speed:</b></span> <span>452 kt - 453 kt</span></div>\n<div><span><b>Timestamp:</b></span><br/><span>2026-05-18 08:04:13 UTC<br/>2026-05-18 08:04:45 UTC</span></div>\n</div>"},"stroke-opacity":1,"stroke":"#ff3000","stroke-width":2}},{"type":"Feature","geometry":{"type":"LineString","coordinates":[[7.352745,49.926086,6941.82],[7.252133,49.94133,7307.58]]},"properties":{"name":"P-128","description":{"@type":"html","value":"<div><div><span><b>Altitude:</b></span> <span>22,775 ft - 23,975 ft</span></div>\n<div><span><b>Speed:</b></span> <span>453 kt - 447 kt</span></div>\n<div><span><b>Timestamp:</b></span><br/><span>2026-05-18 08:04:45 UTC<br/>2026-05-18 08:05:17 UTC</span></div>\n</div>"},"stroke-opacity":1,"stroke":"#ff3000","stroke-width":2}},{"type":"Feature","geometry":{"type":"LineString","coordinates":[[7.252133,49.94133,7307.58],[7.155366,49.955952,7566.66]]},"properties":{"name":"P-129","description":{"@type":"html","value":"<div><div><span><b>Altitude:</b></span> <span>23,975 ft - 24,825 ft</span></div>\n<div><span><b>Speed:</b></span> <span>447 kt - 449 kt</span></div>\n<div><span><b>Timestamp:</b></span><br/><span>2026-05-18 08:05:17 UTC<br/>2026-05-18 08:05:48 UTC</span></div>\n</div>"},"stroke-opacity":1,"stroke":"#ff1e00","stroke-width":2}},{"type":"Feature","geometry":{"type":"LineString","coordinates":[[7.155366,49.955952,7566.66],[7.056712,49.970707,7795.26]]},"properties":{"name":"P-130","description":{"@type":"html","value":"<div><div><span><b>Altitude:</b></span> <span>24,825 ft - 25,575 ft</span></div>\n<div><span><b>Speed:</b></span> <span>449 kt - 450 kt</span></div>\n<div><span><b>Timestamp:</b></span><br/><span>2026-05-18 08:05:48 UTC<br/>2026-05-18 08:06:19 UTC</span></div>\n</div>"},"stroke-opacity":1,"stroke":"#ff0000","stroke-width":2}},{"type":"Feature","geometry":{"type":"LineString","coordinates":[[7.056712,49.970707,7795.26],[6.959096,49.984722,7970.52]]},"properties":{"name":"P-131","description":{"@type":"html","value":"<div><div><span><b>Altitude:</b></span> <span>25,575 ft - 26,150 ft</span></div>\n<div><span><b>Speed:</b></span> <span>450 kt - 455 kt</span></div>\n<div><span><b>Timestamp:</b></span><br/><span>2026-05-18 08:06:19 UTC<br/>2026-05-18 08:06:50 UTC</span></div>\n</div>"},"stroke-opacity":1,"stroke":"#ff0000","stroke-width":2}},{"type":"Feature","geometry":{"type":"LineString","coordinates":[[6.959096,49.984722,7970.52],[6.877738,49.990631,8130.54]]},"properties":{"name":"P-132","description":{"@type":"html","value":"<div><div><span><b>Altitude:</b></span> <span>26,150 ft - 26,675 ft</span></div>\n<div><span><b>Speed:</b></span> <span>455 kt - 451 kt</span></div>\n<div><span><b>Timestamp:</b></span><br/><span>2026-05-18 08:06:50 UTC<br/>2026-05-18 08:07:15 UTC</span></div>\n</div>"},"stroke-opacity":1,"stroke":"#ff0000","stroke-width":2}},{"type":"Feature","geometry":{"type":"LineString","coordinates":[[6.877738,49.990631,8130.54],[6.844844,49.990997,8199.12]]},"properties":{"name":"P-133","description":{"@type":"html","value":"<div><div><span><b>Altitude:</b></span> <span>26,675 ft - 26,900 ft</span></div>\n<div><span><b>Speed:</b></span> <span>451 kt - 450 kt</span></div>\n<div><span><b>Timestamp:</b></span><br/><span>2026-05-18 08:07:15 UTC<br/>2026-05-18 08:07:26 UTC</span></div>\n</div>"},"stroke-opacity":1,"stroke":"#ff0000","stroke-width":2}},{"type":"Feature","geometry":{"type":"LineString","coordinates":[[6.844844,49.990997,8199.12],[6.772782,49.991455,8389.62]]},"properties":{"name":"P-134","description":{"@type":"html","value":"<div><div><span><b>Altitude:</b></span> <span>26,900 ft - 27,525 ft</span></div>\n<div><span><b>Speed:</b></span> <span>450 kt - 452 kt</span></div>\n<div><span><b>Timestamp:</b></span><br/><span>2026-05-18 08:07:26 UTC<br/>2026-05-18 08:07:48 UTC</span></div>\n</div>"},"stroke-opacity":1,"stroke":"#ff0000","stroke-width":2}},{"type":"Feature","geometry":{"type":"LineString","coordinates":[[6.772782,49.991455,8389.62],[6.765699,49.991959,8412.48]]},"properties":{"name":"P-135","description":{"@type":"html","value":"<div><div><span><b>Altitude:</b></span> <span>27,525 ft - 27,600 ft</span></div>\n<div><span><b>Speed:</b></span> <span>452 kt</span></div>\n<div><span><b>Timestamp:</b></span><br/><span>2026-05-18 08:07:48 UTC<br/>2026-05-18 08:07:50 UTC</span></div>\n</div>"},"stroke-opacity":1,"stroke":"#ff0000","stroke-width":2}},{"type":"Feature","geometry":{"type":"LineString","coordinates":[[6.765699,49.991959,8412.48],[6.758977,49.992554,8435.34]]},"properties":{"name":"P-136","description":{"@type":"html","value":"<div><div><span><b>Altitude:</b></span> <span>27,600 ft - 27,675 ft</span></div>\n<div><span><b>Speed:</b></span> <span>452 kt - 451 kt</span></div>\n<div><span><b>Timestamp:</b></span><br/><span>2026-05-18 08:07:50 UTC<br/>2026-05-18 08:07:53 UTC</span></div>\n</div>"},"stroke-opacity":1,"stroke":"#ff0000","stroke-width":2}},{"type":"Feature","geometry":{"type":"LineString","coordinates":[[6.758977,49.992554,8435.34],[6.752255,49.99324,8450.58]]},"properties":{"name":"P-137","description":{"@type":"html","value":"<div><div><span><b>Altitude:</b></span> <span>27,675 ft - 27,725 ft</span></div>\n<div><span><b>Speed:</b></span> <span>451 kt - 452 kt</span></div>\n<div><span><b>Timestamp:</b></span><br/><span>2026-05-18 08:07:53 UTC<br/>2026-05-18 08:07:55 UTC</span></div>\n</div>"},"stroke-opacity":1,"stroke":"#ff0000","stroke-width":2}},{"type":"Feature","geometry":{"type":"LineString","coordinates":[[6.752255,49.99324,8450.58],[6.745244,49.994019,8473.44]]},"properties":{"name":"P-138","description":{"@type":"html","value":"<div><div><span><b>Altitude:</b></span> <span>27,725 ft - 27,800 ft</span></div>\n<div><span><b>Speed:</b></span> <span>452 kt</span></div>\n<div><span><b>Timestamp:</b></span><br/><span>2026-05-18 08:07:55 UTC<br/>2026-05-18 08:07:57 UTC</span></div>\n</div>"},"stroke-opacity":1,"stroke":"#ff0000","stroke-width":2}},{"type":"Feature","geometry":{"type":"LineString","coordinates":[[6.745244,49.994019,8473.44],[6.738925,49.994823,8488.68]]},"properties":{"name":"P-139","description":{"@type":"html","value":"<div><div><span><b>Altitude:</b></span> <span>27,800 ft - 27,850 ft</span></div>\n<div><span><b>Speed:</b></span> <span>452 kt</span></div>\n<div><span><b>Timestamp:</b></span><br/><span>2026-05-18 08:07:57 UTC<br/>2026-05-18 08:07:59 UTC</span></div>\n</div>"},"stroke-opacity":1,"stroke":"#ff0000","stroke-width":2}},{"type":"Feature","geometry":{"type":"LineString","coordinates":[[6.738925,49.994823,8488.68],[6.731575,49.995754,8511.54]]},"properties":{"name":"P-140","description":{"@type":"html","value":"<div><div><span><b>Altitude:</b></span> <span>27,850 ft - 27,925 ft</span></div>\n<div><span><b>Speed:</b></span> <span>452 kt</span></div>\n<div><span><b>Timestamp:</b></span><br/><span>2026-05-18 08:07:59 UTC<br/>2026-05-18 08:08:01 UTC</span></div>\n</div>"},"stroke-opacity":1,"stroke":"#ff0000","stroke-width":2}},{"type":"Feature","geometry":{"type":"LineString","coordinates":[[6.731575,49.995754,8511.54],[6.723994,49.996811,8534.4]]},"properties":{"name":"P-141","description":{"@type":"html","value":"<div><div><span><b>Altitude:</b></span> <span>27,925 ft - 28,000 ft</span></div>\n<div><span><b>Speed:</b></span> <span>452 kt</span></div>\n<div><span><b>Timestamp:</b></span><br/><span>2026-05-18 08:08:01 UTC<br/>2026-05-18 08:08:03 UTC</span></div>\n</div>"},"stroke-opacity":1,"stroke":"#ff0024","stroke-width":2}},{"type":"Feature","geometry":{"type":"LineString","coordinates":[[6.723994,49.996811,8534.4],[6.719585,49.997406,8549.64]]},"properties":{"name":"P-142","description":{"@type":"html","value":"<div><div><span><b>Altitude:</b></span> <span>28,000 ft - 28,050 ft</span></div>\n<div><span><b>Speed:</b></span> <span>452 kt - 451 kt</span></div>\n<div><span><b>Timestamp:</b></span><br/><span>2026-05-18 08:08:03 UTC<br/>2026-05-18 08:08:05 UTC</span></div>\n</div>"},"stroke-opacity":1,"stroke":"#ff0024","stroke-width":2}},{"type":"Feature","geometry":{"type":"LineString","coordinates":[[6.719585,49.997406,8549.64],[6.711056,49.998596,8580.12]]},"properties":{"name":"P-143","description":{"@type":"html","value":"<div><div><span><b>Altitude:</b></span> <span>28,050 ft - 28,150 ft</span></div>\n<div><span><b>Speed:</b></span> <span>451 kt - 450 kt</span></div>\n<div><span><b>Timestamp:</b></span><br/><span>2026-05-18 08:08:05 UTC<br/>2026-05-18 08:08:07 UTC</span></div>\n</div>"},"stroke-opacity":1,"stroke":"#ff0024","stroke-width":2}},{"type":"Feature","geometry":{"type":"LineString","coordinates":[[6.711056,49.998596,8580.12],[6.70604,49.99929,8587.74]]},"properties":{"name":"P-144","description":{"@type":"html","value":"<div><div><span><b>Altitude:</b></span> <span>28,150 ft - 28,175 ft</span></div>\n<div><span><b>Speed:</b></span> <span>450 kt</span></div>\n<div><span><b>Timestamp:</b></span><br/><span>2026-05-18 08:08:07 UTC<br/>2026-05-18 08:08:09 UTC</span></div>\n</div>"},"stroke-opacity":1,"stroke":"#ff0024","stroke-width":2}},{"type":"Feature","geometry":{"type":"LineString","coordinates":[[6.70604,49.99929,8587.74],[6.698468,50.000317,8618.22]]},"properties":{"name":"P-145","description":{"@type":"html","value":"<div><div><span><b>Altitude:</b></span> <span>28,175 ft - 28,275 ft</span></div>\n<div><span><b>Speed:</b></span> <span>450 kt</span></div>\n<div><span><b>Timestamp:</b></span><br/><span>2026-05-18 08:08:09 UTC<br/>2026-05-18 08:08:11 UTC</span></div>\n</div>"},"stroke-opacity":1,"stroke":"#ff0024","stroke-width":2}},{"type":"Feature","geometry":{"type":"LineString","coordinates":[[6.698468,50.000317,8618.22],[6.692192,50.001205,8633.46]]},"properties":{"name":"P-146","description":{"@type":"html","value":"<div><div><span><b>Altitude:</b></span> <span>28,275 ft - 28,325 ft</span></div>\n<div><span><b>Speed:</b></span> <span>450 kt - 449 kt</span></div>\n<div><span><b>Timestamp:</b></span><br/><span>2026-05-18 08:08:11 UTC<br/>2026-05-18 08:08:13 UTC</span></div>\n</div>"},"stroke-opacity":1,"stroke":"#ff0024","stroke-width":2}},{"type":"Feature","geometry":{"type":"LineString","coordinates":[[6.692192,50.001205,8633.46],[6.593653,50.014606,8839.2]]},"properties":{"name":"P-147","description":{"@type":"html","value":"<div><div><span><b>Altitude:</b></span> <span>28,325 ft - 29,000 ft</span></div>\n<div><span><b>Speed:</b></span> <span>449 kt</span></div>\n<div><span><b>Timestamp:</b></span><br/><span>2026-05-18 08:08:13 UTC<br/>2026-05-18 08:08:45 UTC</span></div>\n</div>"},"stroke-opacity":1,"stroke":"#ff0024","stroke-width":2}},{"type":"Feature","geometry":{"type":"LineString","coordinates":[[6.593653,50.014606,8839.2],[6.496557,50.028061,9067.8]]},"properties":{"name":"P-148","description":{"@type":"html","value":"<div><div><span><b>Altitude:</b></span> <span>29,000 ft - 29,750 ft</span></div>\n<div><span><b>Speed:</b></span> <span>449 kt - 447 kt</span></div>\n<div><span><b>Timestamp:</b></span><br/><span>2026-05-18 08:08:45 UTC<br/>2026-05-18 08:09:16 UTC</span></div>\n</div>"},"stroke-opacity":1,"stroke":"#ff0024","stroke-width":2}},{"type":"Feature","geometry":{"type":"LineString","coordinates":[[6.496557,50.028061,9067.8],[6.397584,50.041946,9197.34]]},"properties":{"name":"P-149","description":{"@type":"html","value":"<div><div><span><b>Altitude:</b></span> <span>29,750 ft - 30,175 ft</span></div>\n<div><span><b>Speed:</b></span> <span>447 kt - 451 kt</span></div>\n<div><span><b>Timestamp:</b></span><br/><span>2026-05-18 08:09:16 UTC<br/>2026-05-18 08:09:47 UTC</span></div>\n</div>"},"stroke-opacity":1,"stroke":"#ff0036","stroke-width":2}},{"type":"Feature","geometry":{"type":"LineString","coordinates":[[6.397584,50.041946,9197.34],[6.299503,50.054581,9509.76]]},"properties":{"name":"P-150","description":{"@type":"html","value":"<div><div><span><b>Altitude:</b></span> <span>30,175 ft - 31,200 ft</span></div>\n<div><span><b>Speed:</b></span> <span>451 kt - 439 kt</span></div>\n<div><span><b>Timestamp:</b></span><br/><span>2026-05-18 08:09:47 UTC<br/>2026-05-18 08:10:18 UTC</span></div>\n</div>"},"stroke-opacity":1,"stroke":"#ff0036","stroke-width":2}},{"type":"Feature","geometry":{"type":"LineString","coordinates":[[6.299503,50.054581,9509.76],[6.202821,50.065071,9745.98]]},"properties":{"name":"P-151","description":{"@type":"html","value":"<div><div><span><b>Altitude:</b></span> <span>31,200 ft - 31,975 ft</span></div>\n<div><span><b>Speed:</b></span> <span>439 kt - 432 kt</span></div>\n<div><span><b>Timestamp:</b></span><br/><span>2026-05-18 08:10:18 UTC<br/>2026-05-18 08:10:50 UTC</span></div>\n</div>"},"stroke-opacity":1,"stroke":"#ff004e","stroke-width":2}},{"type":"Feature","geometry":{"type":"LineString","coordinates":[[6.202821,50.065071,9745.98],[6.177137,50.065861,9791.7]]},"properties":{"name":"P-152","description":{"@type":"html","value":"<div><div><span><b>Altitude:</b></span> <span>31,975 ft - 32,125 ft</span></div>\n<div><span><b>Speed:</b></span> <span>432 kt - 430 kt</span></div>\n<div><span><b>Timestamp:</b></span><br/><span>2026-05-18 08:10:50 UTC<br/>2026-05-18 08:10:58 UTC</span></div>\n</div>"},"stroke-opacity":1,"stroke":"#ff004e","stroke-width":2}},{"type":"Feature","geometry":{"type":"LineString","coordinates":[[6.177137,50.065861,9791.7],[6.170976,50.065815,9799.32]]},"properties":{"name":"P-153","description":{"@type":"html","value":"<div><div><span><b>Altitude:</b></span> <span>32,125 ft - 32,150 ft</span></div>\n<div><span><b>Speed:</b></span> <span>430 kt</span></div>\n<div><span><b>Timestamp:</b></span><br/><span>2026-05-18 08:10:58 UTC<br/>2026-05-18 08:11:00 UTC</span></div>\n</div>"},"stroke-opacity":1,"stroke":"#ff004e","stroke-width":2}},{"type":"Feature","geometry":{"type":"LineString","coordinates":[[6.170976,50.065815,9799.32],[6.164518,50.065628,9806.94]]},"properties":{"name":"P-154","description":{"@type":"html","value":"<div><div><span><b>Altitude:</b></span> <span>32,150 ft - 32,175 ft</span></div>\n<div><span><b>Speed:</b></span> <span>430 kt</span></div>\n<div><span><b>Timestamp:</b></span><br/><span>2026-05-18 08:11:00 UTC<br/>2026-05-18 08:11:02 UTC</span></div>\n</div>"},"stroke-opacity":1,"stroke":"#ff004e","stroke-width":2}},{"type":"Feature","geometry":{"type":"LineString","coordinates":[[6.164518,50.065628,9806.94],[6.156798,50.06535,9822.18]]},"properties":{"name":"P-155","description":{"@type":"html","value":"<div><div><span><b>Altitude:</b></span> <span>32,175 ft - 32,225 ft</span></div>\n<div><span><b>Speed:</b></span> <span>430 kt - 429 kt</span></div>\n<div><span><b>Timestamp:</b></span><br/><span>2026-05-18 08:11:02 UTC<br/>2026-05-18 08:11:04 UTC</span></div>\n</div>"},"stroke-opacity":1,"stroke":"#ff004e","stroke-width":2}},{"type":"Feature","geometry":{"type":"LineString","coordinates":[[6.156798,50.06535,9822.18],[6.150711,50.064976,9829.8]]},"properties":{"name":"P-156","description":{"@type":"html","value":"<div><div><span><b>Altitude:</b></span> <span>32,225 ft - 32,250 ft</span></div>\n<div><span><b>Speed:</b></span> <span>429 kt - 430 kt</span></div>\n<div><span><b>Timestamp:</b></span><br/><span>2026-05-18 08:11:04 UTC<br/>2026-05-18 08:11:06 UTC</span></div>\n</div>"},"stroke-opacity":1,"stroke":"#ff004e","stroke-width":2}},{"type":"Feature","geometry":{"type":"LineString","coordinates":[[6.150711,50.064976,9829.8],[6.144846,50.064556,9837.42]]},"properties":{"name":"P-157","description":{"@type":"html","value":"<div><div><span><b>Altitude:</b></span> <span>32,250 ft - 32,275 ft</span></div>\n<div><span><b>Speed:</b></span> <span>430 kt - 428 kt</span></div>\n<div><span><b>Timestamp:</b></span><br/><span>2026-05-18 08:11:06 UTC<br/>2026-05-18 08:11:09 UTC</span></div>\n</div>"},"stroke-opacity":1,"stroke":"#ff004e","stroke-width":2}},{"type":"Feature","geometry":{"type":"LineString","coordinates":[[6.144846,50.064556,9837.42],[6.138177,50.063965,9852.66]]},"properties":{"name":"P-158","description":{"@type":"html","value":"<div><div><span><b>Altitude:</b></span> <span>32,275 ft - 32,325 ft</span></div>\n<div><span><b>Speed:</b></span> <span>428 kt</span></div>\n<div><span><b>Timestamp:</b></span><br/><span>2026-05-18 08:11:09 UTC<br/>2026-05-18 08:11:11 UTC</span></div>\n</div>"},"stroke-opacity":1,"stroke":"#ff004e","stroke-width":2}},{"type":"Feature","geometry":{"type":"LineString","coordinates":[[6.138177,50.063965,9852.66],[6.132106,50.063324,9860.28]]},"properties":{"name":"P-159","description":{"@type":"html","value":"<div><div><span><b>Altitude:</b></span> <span>32,325 ft - 32,350 ft</span></div>\n<div><span><b>Speed:</b></span> <span>428 kt</span></div>\n<div><span><b>Timestamp:</b></span><br/><span>2026-05-18 08:11:11 UTC<br/>2026-05-18 08:11:13 UTC</span></div>\n</div>"},"stroke-opacity":1,"stroke":"#ff004e","stroke-width":2}},{"type":"Feature","geometry":{"type":"LineString","coordinates":[[6.132106,50.063324,9860.28],[6.126396,50.062592,9867.9]]},"properties":{"name":"P-160","description":{"@type":"html","value":"<div><div><span><b>Altitude:</b></span> <span>32,350 ft - 32,375 ft</span></div>\n<div><span><b>Speed:</b></span> <span>428 kt</span></div>\n<div><span><b>Timestamp:</b></span><br/><span>2026-05-18 08:11:13 UTC<br/>2026-05-18 08:11:15 UTC</span></div>\n</div>"},"stroke-opacity":1,"stroke":"#ff004e","stroke-width":2}},{"type":"Feature","geometry":{"type":"LineString","coordinates":[[6.126396,50.062592,9867.9],[6.118879,50.061539,9883.14]]},"properties":{"name":"P-161","description":{"@type":"html","value":"<div><div><span><b>Altitude:</b></span> <span>32,375 ft - 32,425 ft</span></div>\n<div><span><b>Speed:</b></span> <span>428 kt - 427 kt</span></div>\n<div><span><b>Timestamp:</b></span><br/><span>2026-05-18 08:11:15 UTC<br/>2026-05-18 08:11:17 UTC</span></div>\n</div>"},"stroke-opacity":1,"stroke":"#ff004e","stroke-width":2}},{"type":"Feature","geometry":{"type":"LineString","coordinates":[[6.118879,50.061539,9883.14],[6.113817,50.060787,9890.76]]},"properties":{"name":"P-162","description":{"@type":"html","value":"<div><div><span><b>Altitude:</b></span> <span>32,425 ft - 32,450 ft</span></div>\n<div><span><b>Speed:</b></span> <span>427 kt - 428 kt</span></div>\n<div><span><b>Timestamp:</b></span><br/><span>2026-05-18 08:11:17 UTC<br/>2026-05-18 08:11:19 UTC</span></div>\n</div>"},"stroke-opacity":1,"stroke":"#ff004e","stroke-width":2}},{"type":"Feature","geometry":{"type":"LineString","coordinates":[[6.113817,50.060787,9890.76],[6.107314,50.059662,9898.38]]},"properties":{"name":"P-163","description":{"@type":"html","value":"<div><div><span><b>Altitude:</b></span> <span>32,450 ft - 32,475 ft</span></div>\n<div><span><b>Speed:</b></span> <span>428 kt - 427 kt</span></div>\n<div><span><b>Timestamp:</b></span><br/><span>2026-05-18 08:11:19 UTC<br/>2026-05-18 08:11:21 UTC</span></div>\n</div>"},"stroke-opacity":1,"stroke":"#ff004e","stroke-width":2}},{"type":"Feature","geometry":{"type":"LineString","coordinates":[[6.107314,50.059662,9898.38],[6.102327,50.058746,9913.62]]},"properties":{"name":"P-164","description":{"@type":"html","value":"<div><div><span><b>Altitude:</b></span> <span>32,475 ft - 32,525 ft</span></div>\n<div><span><b>Speed:</b></span> <span>427 kt - 428 kt</span></div>\n<div><span><b>Timestamp:</b></span><br/><span>2026-05-18 08:11:21 UTC<br/>2026-05-18 08:11:23 UTC</span></div>\n</div>"},"stroke-opacity":1,"stroke":"#ff004e","stroke-width":2}},{"type":"Feature","geometry":{"type":"LineString","coordinates":[[6.102327,50.058746,9913.62],[6.09474,50.057156,9928.86]]},"properties":{"name":"P-165","description":{"@type":"html","value":"<div><div><span><b>Altitude:</b></span> <span>32,525 ft - 32,575 ft</span></div>\n<div><span><b>Speed:</b></span> <span>428 kt - 426 kt</span></div>\n<div><span><b>Timestamp:</b></span><br/><span>2026-05-18 08:11:23 UTC<br/>2026-05-18 08:11:25 UTC</span></div>\n</div>"},"stroke-opacity":1,"stroke":"#ff004e","stroke-width":2}},{"type":"Feature","geometry":{"type":"LineString","coordinates":[[6.09474,50.057156,9928.86],[6.08895,50.055851,9936.48]]},"properties":{"name":"P-166","description":{"@type":"html","value":"<div><div><span><b>Altitude:</b></span> <span>32,575 ft - 32,600 ft</span></div>\n<div><span><b>Speed:</b></span> <span>426 kt</span></div>\n<div><span><b>Timestamp:</b></span><br/><span>2026-05-18 08:11:25 UTC<br/>2026-05-18 08:11:27 UTC</span></div>\n</div>"},"stroke-opacity":1,"stroke":"#ff004e","stroke-width":2}},{"type":"Feature","geometry":{"type":"LineString","coordinates":[[6.08895,50.055851,9936.48],[6.084125,50.054688,9951.72]]},"properties":{"name":"P-167","description":{"@type":"html","value":"<div><div><span><b>Altitude:</b></span> <span>32,600 ft - 32,650 ft</span></div>\n<div><span><b>Speed:</b></span> <span>426 kt - 425 kt</span></div>\n<div><span><b>Timestamp:</b></span><br/><span>2026-05-18 08:11:27 UTC<br/>2026-05-18 08:11:29 UTC</span></div>\n</div>"},"stroke-opacity":1,"stroke":"#ff004e","stroke-width":2}},{"type":"Feature","geometry":{"type":"LineString","coordinates":[[6.084125,50.054688,9951.72],[6.077319,50.052933,9966.96]]},"properties":{"name":"P-168","description":{"@type":"html","value":"<div><div><span><b>Altitude:</b></span> <span>32,650 ft - 32,700 ft</span></div>\n<div><span><b>Speed:</b></span> <span>425 kt</span></div>\n<div><span><b>Timestamp:</b></span><br/><span>2026-05-18 08:11:29 UTC<br/>2026-05-18 08:11:31 UTC</span></div>\n</div>"},"stroke-opacity":1,"stroke":"#ff004e","stroke-width":2}},{"type":"Feature","geometry":{"type":"LineString","coordinates":[[6.077319,50.052933,9966.96],[6.072618,50.051617,9982.2]]},"properties":{"name":"P-169","description":{"@type":"html","value":"<div><div><span><b>Altitude:</b></span> <span>32,700 ft - 32,750 ft</span></div>\n<div><span><b>Speed:</b></span> <span>425 kt - 424 kt</span></div>\n<div><span><b>Timestamp:</b></span><br/><span>2026-05-18 08:11:31 UTC<br/>2026-05-18 08:11:33 UTC</span></div>\n</div>"},"stroke-opacity":1,"stroke":"#ff004e","stroke-width":2}},{"type":"Feature","geometry":{"type":"LineString","coordinates":[[6.072618,50.051617,9982.2],[6.067055,50.050003,9997.44]]},"properties":{"name":"P-170","description":{"@type":"html","value":"<div><div><span><b>Altitude:</b></span> <span>32,750 ft - 32,800 ft</span></div>\n<div><span><b>Speed:</b></span> <span>424 kt</span></div>\n<div><span><b>Timestamp:</b></span><br/><span>2026-05-18 08:11:33 UTC<br/>2026-05-18 08:11:35 UTC</span></div>\n</div>"},"stroke-opacity":1,"stroke":"#ff004e","stroke-width":2}},{"type":"Feature","geometry":{"type":"LineString","coordinates":[[6.067055,50.050003,9997.44],[6.060189,50.047897,10012.68]]},"properties":{"name":"P-171","description":{"@type":"html","value":"<div><div><span><b>Altitude:</b></span> <span>32,800 ft - 32,850 ft</span></div>\n<div><span><b>Speed:</b></span> <span>424 kt</span></div>\n<div><span><b>Timestamp:</b></span><br/><span>2026-05-18 08:11:35 UTC<br/>2026-05-18 08:11:37 UTC</span></div>\n</div>"},"stroke-opacity":1,"stroke":"#ff004e","stroke-width":2}},{"type":"Feature","geometry":{"type":"LineString","coordinates":[[6.060189,50.047897,10012.68],[6.05458,50.045982,10027.92]]},"properties":{"name":"P-172","description":{"@type":"html","value":"<div><div><span><b>Altitude:</b></span> <span>32,850 ft - 32,900 ft</span></div>\n<div><span><b>Speed:</b></span> <span>424 kt - 423 kt</span></div>\n<div><span><b>Timestamp:</b></span><br/><span>2026-05-18 08:11:37 UTC<br/>2026-05-18 08:11:40 UTC</span></div>\n</div>"},"stroke-opacity":1,"stroke":"#ff0060","stroke-width":2}},{"type":"Feature","geometry":{"type":"LineString","coordinates":[[6.05458,50.045982,10027.92],[6.050572,50.044632,10043.16]]},"properties":{"name":"P-173","description":{"@type":"html","value":"<div><div><span><b>Altitude:</b></span> <span>32,900 ft - 32,950 ft</span></div>\n<div><span><b>Speed:</b></span> <span>423 kt - 422 kt</span></div>\n<div><span><b>Timestamp:</b></span><br/><span>2026-05-18 08:11:40 UTC<br/>2026-05-18 08:11:42 UTC</span></div>\n</div>"},"stroke-opacity":1,"stroke":"#ff0060","stroke-width":2}},{"type":"Feature","geometry":{"type":"LineString","coordinates":[[6.050572,50.044632,10043.16],[6.04493,50.042679,10058.4]]},"properties":{"name":"P-174","description":{"@type":"html","value":"<div><div><span><b>Altitude:</b></span> <span>32,950 ft - 33,000 ft</span></div>\n<div><span><b>Speed:</b></span> <span>422 kt - 421 kt</span></div>\n<div><span><b>Timestamp:</b></span><br/><span>2026-05-18 08:11:42 UTC<br/>2026-05-18 08:11:44 UTC</span></div>\n</div>"},"stroke-opacity":1,"stroke":"#ff0060","stroke-width":2}},{"type":"Feature","geometry":{"type":"LineString","coordinates":[[6.04493,50.042679,10058.4],[6.03966,50.040817,10073.64]]},"properties":{"name":"P-175","description":{"@type":"html","value":"<div><div><span><b>Altitude:</b></span> <span>33,000 ft - 33,050 ft</span></div>\n<div><span><b>Speed:</b></span> <span>421 kt - 422 kt</span></div>\n<div><span><b>Timestamp:</b></span><br/><span>2026-05-18 08:11:44 UTC<br/>2026-05-18 08:11:46 UTC</span></div>\n</div>"},"stroke-opacity":1,"stroke":"#ff0060","stroke-width":2}},{"type":"Feature","geometry":{"type":"LineString","coordinates":[[6.03966,50.040817,10073.64],[6.034092,50.03886,10081.26]]},"properties":{"name":"P-176","description":{"@type":"html","value":"<div><div><span><b>Altitude:</b></span> <span>33,050 ft - 33,075 ft</span></div>\n<div><span><b>Speed:</b></span> <span>422 kt - 421 kt</span></div>\n<div><span><b>Timestamp:</b></span><br/><span>2026-05-18 08:11:46 UTC<br/>2026-05-18 08:11:48 UTC</span></div>\n</div>"},"stroke-opacity":1,"stroke":"#ff0060","stroke-width":2}},{"type":"Feature","geometry":{"type":"LineString","coordinates":[[6.034092,50.03886,10081.26],[6.028005,50.036766,10096.5]]},"properties":{"name":"P-177","description":{"@type":"html","value":"<div><div><span><b>Altitude:</b></span> <span>33,075 ft - 33,125 ft</span></div>\n<div><span><b>Speed:</b></span> <span>421 kt</span></div>\n<div><span><b>Timestamp:</b></span><br/><span>2026-05-18 08:11:48 UTC<br/>2026-05-18 08:11:50 UTC</span></div>\n</div>"},"stroke-opacity":1,"stroke":"#ff0060","stroke-width":2}},{"type":"Feature","geometry":{"type":"LineString","coordinates":[[6.028005,50.036766,10096.5],[6.02318,50.035091,10104.12]]},"properties":{"name":"P-178","description":{"@type":"html","value":"<div><div><span><b>Altitude:</b></span> <span>33,125 ft - 33,150 ft</span></div>\n<div><span><b>Speed:</b></span> <span>421 kt</span></div>\n<div><span><b>Timestamp:</b></span><br/><span>2026-05-18 08:11:50 UTC<br/>2026-05-18 08:11:52 UTC</span></div>\n</div>"},"stroke-opacity":1,"stroke":"#ff0060","stroke-width":2}},{"type":"Feature","geometry":{"type":"LineString","coordinates":[[6.02318,50.035091,10104.12],[6.017613,50.033134,10119.36]]},"properties":{"name":"P-179","description":{"@type":"html","value":"<div><div><span><b>Altitude:</b></span> <span>33,150 ft - 33,200 ft</span></div>\n<div><span><b>Speed:</b></span> <span>421 kt - 420 kt</span></div>\n<div><span><b>Timestamp:</b></span><br/><span>2026-05-18 08:11:52 UTC<br/>2026-05-18 08:11:54 UTC</span></div>\n</div>"},"stroke-opacity":1,"stroke":"#ff0060","stroke-width":2}},{"type":"Feature","geometry":{"type":"LineString","coordinates":[[6.017613,50.033134,10119.36],[6.010678,50.030731,10126.98]]},"properties":{"name":"P-180","description":{"@type":"html","value":"<div><div><span><b>Altitude:</b></span> <span>33,200 ft - 33,225 ft</span></div>\n<div><span><b>Speed:</b></span> <span>420 kt - 422 kt</span></div>\n<div><span><b>Timestamp:</b></span><br/><span>2026-05-18 08:11:54 UTC<br/>2026-05-18 08:11:56 UTC</span></div>\n</div>"},"stroke-opacity":1,"stroke":"#ff0060","stroke-width":2}},{"type":"Feature","geometry":{"type":"LineString","coordinates":[[6.010678,50.030731,10126.98],[5.926835,50.002167,10203.18]]},"properties":{"name":"P-181","description":{"@type":"html","value":"<div><div><span><b>Altitude:</b></span> <span>33,225 ft - 33,475 ft</span></div>\n<div><span><b>Speed:</b></span> <span>422 kt - 426 kt</span></div>\n<div><span><b>Timestamp:</b></span><br/><span>2026-05-18 08:11:56 UTC<br/>2026-05-18 08:12:27 UTC</span></div>\n</div>"},"stroke-opacity":1,"stroke":"#ff0060","stroke-width":2}},{"type":"Feature","geometry":{"type":"LineString","coordinates":[[5.926835,50.002167,10203.18],[5.843613,49.973316,10317.48]]},"properties":{"name":"P-182","description":{"@type":"html","value":"<div><div><span><b>Altitude:</b></span> <span>33,475 ft - 33,850 ft</span></div>\n<div><span><b>Speed:</b></span> <span>426 kt - 428 kt</span></div>\n<div><span><b>Timestamp:</b></span><br/><span>2026-05-18 08:12:27 UTC<br/>2026-05-18 08:12:58 UTC</span></div>\n</div>"},"stroke-opacity":1,"stroke":"#ff0060","stroke-width":2}},{"type":"Feature","geometry":{"type":"LineString","coordinates":[[5.843613,49.973316,10317.48],[5.760811,49.944397,10447.02]]},"properties":{"name":"P-183","description":{"@type":"html","value":"<div><div><span><b>Altitude:</b></span> <span>33,850 ft - 34,275 ft</span></div>\n<div><span><b>Speed:</b></span> <span>428 kt</span></div>\n<div><span><b>Timestamp:</b></span><br/><span>2026-05-18 08:12:58 UTC<br/>2026-05-18 08:13:29 UTC</span></div>\n</div>"},"stroke-opacity":1,"stroke":"#ff0060","stroke-width":2}},{"type":"Feature","geometry":{"type":"LineString","coordinates":[[5.760811,49.944397,10447.02],[5.676294,49.914658,10576.56]]},"properties":{"name":"P-184","description":{"@type":"html","value":"<div><div><span><b>Altitude:</b></span> <span>34,275 ft - 34,700 ft</span></div>\n<div><span><b>Speed:</b></span> <span>428 kt</span></div>\n<div><span><b>Timestamp:</b></span><br/><span>2026-05-18 08:13:29 UTC<br/>2026-05-18 08:14:01 UTC</span></div>\n</div>"},"stroke-opacity":1,"stroke":"#ff0060","stroke-width":2}},{"type":"Feature","geometry":{"type":"LineString","coordinates":[[5.676294,49.914658,10576.56],[5.592041,49.884109,10660.38]]},"properties":{"name":"P-185","description":{"@type":"html","value":"<div><div><span><b>Altitude:</b></span> <span>34,700 ft - 34,975 ft</span></div>\n<div><span><b>Speed:</b></span> <span>428 kt - 430 kt</span></div>\n<div><span><b>Timestamp:</b></span><br/><span>2026-05-18 08:14:01 UTC<br/>2026-05-18 08:14:32 UTC</span></div>\n</div>"},"stroke-opacity":1,"stroke":"#ff0078","stroke-width":2}},{"type":"Feature","geometry":{"type":"LineString","coordinates":[[5.592041,49.884109,10660.38],[5.507713,49.853397,10668]]},"properties":{"name":"P-186","description":{"@type":"html","value":"<div><div><span><b>Altitude:</b></span> <span>34,975 ft - 35,000 ft</span></div>\n<div><span><b>Speed:</b></span> <span>430 kt - 436 kt</span></div>\n<div><span><b>Timestamp:</b></span><br/><span>2026-05-18 08:14:32 UTC<br/>2026-05-18 08:15:03 UTC</span></div>\n</div>"},"stroke-opacity":1,"stroke":"#ff0078","stroke-width":2}},{"type":"Feature","geometry":{"type":"LineString","coordinates":[[5.507713,49.853397,10668],[5.420018,49.821533,10668]]},"properties":{"name":"P-187","description":{"@type":"html","value":"<div><div><span><b>Altitude:</b></span> <span>35,000 ft</span></div>\n<div><span><b>Speed:</b></span> <span>436 kt</span></div>\n<div><span><b>Timestamp:</b></span><br/><span>2026-05-18 08:15:03 UTC<br/>2026-05-18 08:15:35 UTC</span></div>\n</div>"},"stroke-opacity":1,"stroke":"#ff0078","stroke-width":2}},{"type":"Feature","geometry":{"type":"LineString","coordinates":[[5.420018,49.821533,10668],[5.332489,49.78949,10668]]},"properties":{"name":"P-188","description":{"@type":"html","value":"<div><div><span><b>Altitude:</b></span> <span>35,000 ft</span></div>\n<div><span><b>Speed:</b></span> <span>436 kt - 437 kt</span></div>\n<div><span><b>Timestamp:</b></span><br/><span>2026-05-18 08:15:35 UTC<br/>2026-05-18 08:16:08 UTC</span></div>\n</div>"},"stroke-opacity":1,"stroke":"#ff0078","stroke-width":2}},{"type":"Feature","geometry":{"type":"LineString","coordinates":[[5.332489,49.78949,10668],[5.248646,49.758774,10668]]},"properties":{"name":"P-189","description":{"@type":"html","value":"<div><div><span><b>Altitude:</b></span> <span>35,000 ft</span></div>\n<div><span><b>Speed:</b></span> <span>437 kt - 435 kt</span></div>\n<div><span><b>Timestamp:</b></span><br/><span>2026-05-18 08:16:08 UTC<br/>2026-05-18 08:16:39 UTC</span></div>\n</div>"},"stroke-opacity":1,"stroke":"#ff0078","stroke-width":2}},{"type":"Feature","geometry":{"type":"LineString","coordinates":[[5.248646,49.758774,10668],[5.162832,49.727379,10668]]},"properties":{"name":"P-190","description":{"@type":"html","value":"<div><div><span><b>Altitude:</b></span> <span>35,000 ft</span></div>\n<div><span><b>Speed:</b></span> <span>435 kt - 436 kt</span></div>\n<div><span><b>Timestamp:</b></span><br/><span>2026-05-18 08:16:39 UTC<br/>2026-05-18 08:17:10 UTC</span></div>\n</div>"},"stroke-opacity":1,"stroke":"#ff0078","stroke-width":2}},{"type":"Feature","geometry":{"type":"LineString","coordinates":[[5.162832,49.727379,10668],[5.077465,49.695724,10668]]},"properties":{"name":"P-191","description":{"@type":"html","value":"<div><div><span><b>Altitude:</b></span> <span>35,000 ft</span></div>\n<div><span><b>Speed:</b></span> <span>436 kt - 437 kt</span></div>\n<div><span><b>Timestamp:</b></span><br/><span>2026-05-18 08:17:10 UTC<br/>2026-05-18 08:17:42 UTC</span></div>\n</div>"},"stroke-opacity":1,"stroke":"#ff0078","stroke-width":2}},{"type":"Feature","geometry":{"type":"LineString","coordinates":[[5.077465,49.695724,10668],[4.994515,49.664978,10675.62]]},"properties":{"name":"P-192","description":{"@type":"html","value":"<div><div><span><b>Altitude:</b></span> <span>35,000 ft - 35,025 ft</span></div>\n<div><span><b>Speed:</b></span> <span>437 kt - 438 kt</span></div>\n<div><span><b>Timestamp:</b></span><br/><span>2026-05-18 08:17:42 UTC<br/>2026-05-18 08:18:13 UTC</span></div>\n</div>"},"stroke-opacity":1,"stroke":"#ff0078","stroke-width":2}},{"type":"Feature","geometry":{"type":"LineString","coordinates":[[4.994515,49.664978,10675.62],[4.909107,49.633438,10668]]},"properties":{"name":"P-193","description":{"@type":"html","value":"<div><div><span><b>Altitude:</b></span> <span>35,025 ft - 35,000 ft</span></div>\n<div><span><b>Speed:</b></span> <span>438 kt - 437 kt</span></div>\n<div><span><b>Timestamp:</b></span><br/><span>2026-05-18 08:18:13 UTC<br/>2026-05-18 08:18:44 UTC</span></div>\n</div>"},"stroke-opacity":1,"stroke":"#ff0078","stroke-width":2}},{"type":"Feature","geometry":{"type":"LineString","coordinates":[[4.909107,49.633438,10668],[4.824557,49.602016,10668]]},"properties":{"name":"P-194","description":{"@type":"html","value":"<div><div><span><b>Altitude:</b></span> <span>35,000 ft</span></div>\n<div><span><b>Speed:</b></span> <span>437 kt</span></div>\n<div><span><b>Timestamp:</b></span><br/><span>2026-05-18 08:18:44 UTC<br/>2026-05-18 08:19:16 UTC</span></div>\n</div>"},"stroke-opacity":1,"stroke":"#ff0078","stroke-width":2}},{"type":"Feature","geometry":{"type":"LineString","coordinates":[[4.824557,49.602016,10668],[4.737565,49.569489,10668]]},"properties":{"name":"P-195","description":{"@type":"html","value":"<div><div><span><b>Altitude:</b></span> <span>35,000 ft</span></div>\n<div><span><b>Speed:</b></span> <span>437 kt - 440 kt</span></div>\n<div><span><b>Timestamp:</b></span><br/><span>2026-05-18 08:19:16 UTC<br/>2026-05-18 08:19:48 UTC</span></div>\n</div>"},"stroke-opacity":1,"stroke":"#ff0078","stroke-width":2}},{"type":"Feature","geometry":{"type":"LineString","coordinates":[[4.737565,49.569489,10668],[4.65271,49.537582,10668]]},"properties":{"name":"P-196","description":{"@type":"html","value":"<div><div><span><b>Altitude:</b></span> <span>35,000 ft</span></div>\n<div><span><b>Speed:</b></span> <span>440 kt</span></div>\n<div><span><b>Timestamp:</b></span><br/><span>2026-05-18 08:19:48 UTC<br/>2026-05-18 08:20:19 UTC</span></div>\n</div>"},"stroke-opacity":1,"stroke":"#ff0078","stroke-width":2}},{"type":"Feature","geometry":{"type":"LineString","coordinates":[[4.65271,49.537582,10668],[4.567927,49.505493,10668]]},"properties":{"name":"P-197","description":{"@type":"html","value":"<div><div><span><b>Altitude:</b></span> <span>35,000 ft</span></div>\n<div><span><b>Speed:</b></span> <span>440 kt - 441 kt</span></div>\n<div><span><b>Timestamp:</b></span><br/><span>2026-05-18 08:20:19 UTC<br/>2026-05-18 08:20:51 UTC</span></div>\n</div>"},"stroke-opacity":1,"stroke":"#ff0078","stroke-width":2}},{"type":"Feature","geometry":{"type":"LineString","coordinates":[[4.567927,49.505493,10668],[4.48309,49.473438,10660.38]]},"properties":{"name":"P-198","description":{"@type":"html","value":"<div><div><span><b>Altitude:</b></span> <span>35,000 ft - 34,975 ft</span></div>\n<div><span><b>Speed:</b></span> <span>441 kt - 442 kt</span></div>\n<div><span><b>Timestamp:</b></span><br/><span>2026-05-18 08:20:51 UTC<br/>2026-05-18 08:21:22 UTC</span></div>\n</div>"},"stroke-opacity":1,"stroke":"#ff0078","stroke-width":2}},{"type":"Feature","geometry":{"type":"LineString","coordinates":[[4.48309,49.473438,10660.38],[4.398985,49.441547,10668]]},"properties":{"name":"P-199","description":{"@type":"html","value":"<div><div><span><b>Altitude:</b></span> <span>34,975 ft - 35,000 ft</span></div>\n<div><span><b>Speed:</b></span> <span>442 kt - 444 kt</span></div>\n<div><span><b>Timestamp:</b></span><br/><span>2026-05-18 08:21:22 UTC<br/>2026-05-18 08:21:53 UTC</span></div>\n</div>"},"stroke-opacity":1,"stroke":"#ff0078","stroke-width":2}},{"type":"Feature","geometry":{"type":"LineString","coordinates":[[4.398985,49.441547,10668],[4.311989,49.408638,10675.62]]},"properties":{"name":"P-200","description":{"@type":"html","value":"<div><div><span><b>Altitude:</b></span> <span>35,000 ft - 35,025 ft</span></div>\n<div><span><b>Speed:</b></span> <span>444 kt</span></div>\n<div><span><b>Timestamp:</b></span><br/><span>2026-05-18 08:21:53 UTC<br/>2026-05-18 08:22:25 UTC</span></div>\n</div>"},"stroke-opacity":1,"stroke":"#ff0078","stroke-width":2}},{"type":"Feature","geometry":{"type":"LineString","coordinates":[[4.311989,49.408638,10675.62],[4.223665,49.374981,10675.62]]},"properties":{"name":"P-201","description":{"@type":"html","value":"<div><div><span><b>Altitude:</b></span> <span>35,025 ft</span></div>\n<div><span><b>Speed:</b></span> <span>444 kt - 446 kt</span></div>\n<div><span><b>Timestamp:</b></span><br/><span>2026-05-18 08:22:25 UTC<br/>2026-05-18 08:22:58 UTC</span></div>\n</div>"},"stroke-opacity":1,"stroke":"#ff0078","stroke-width":2}},{"type":"Feature","geometry":{"type":"LineString","coordinates":[[4.223665,49.374981,10675.62],[4.141629,49.336899,10675.62]]},"properties":{"name":"P-202","description":{"@type":"html","value":"<div><div><span><b>Altitude:</b></span> <span>35,025 ft</span></div>\n<div><span><b>Speed:</b></span> <span>446 kt - 450 kt</span></div>\n<div><span><b>Timestamp:</b></span><br/><span>2026-05-18 08:22:58 UTC<br/>2026-05-18 08:23:29 UTC</span></div>\n</div>"},"stroke-opacity":1,"stroke":"#ff0078","stroke-width":2}},{"type":"Feature","geometry":{"type":"LineString","coordinates":[[4.141629,49.336899,10675.62],[4.131727,49.331314,10675.62]]},"properties":{"name":"P-203","description":{"@type":"html","value":"<div><div><span><b>Altitude:</b></span> <span>35,025 ft</span></div>\n<div><span><b>Speed:</b></span> <span>450 kt - 452 kt</span></div>\n<div><span><b>Timestamp:</b></span><br/><span>2026-05-18 08:23:29 UTC<br/>2026-05-18 08:23:33 UTC</span></div>\n</div>"},"stroke-opacity":1,"stroke":"#ff0078","stroke-width":2}},{"type":"Feature","geometry":{"type":"LineString","coordinates":[[4.131727,49.331314,10675.62],[4.056842,49.28801,10675.62]]},"properties":{"name":"P-204","description":{"@type":"html","value":"<div><div><span><b>Altitude:</b></span> <span>35,025 ft</span></div>\n<div><span><b>Speed:</b></span> <span>452 kt</span></div>\n<div><span><b>Timestamp:</b></span><br/><span>2026-05-18 08:23:33 UTC<br/>2026-05-18 08:24:04 UTC</span></div>\n</div>"},"stroke-opacity":1,"stroke":"#ff0078","stroke-width":2}},{"type":"Feature","geometry":{"type":"LineString","coordinates":[[4.056842,49.28801,10675.62],[3.981628,49.244659,10675.62]]},"properties":{"name":"P-205","description":{"@type":"html","value":"<div><div><span><b>Altitude:</b></span> <span>35,025 ft</span></div>\n<div><span><b>Speed:</b></span> <span>452 kt</span></div>\n<div><span><b>Timestamp:</b></span><br/><span>2026-05-18 08:24:04 UTC<br/>2026-05-18 08:24:36 UTC</span></div>\n</div>"},"stroke-opacity":1,"stroke":"#ff0078","stroke-width":2}},{"type":"Feature","geometry":{"type":"LineString","coordinates":[[3.981628,49.244659,10675.62],[3.906273,49.201035,10668]]},"properties":{"name":"P-206","description":{"@type":"html","value":"<div><div><span><b>Altitude:</b></span> <span>35,025 ft - 35,000 ft</span></div>\n<div><span><b>Speed:</b></span> <span>452 kt - 453 kt</span></div>\n<div><span><b>Timestamp:</b></span><br/><span>2026-05-18 08:24:36 UTC<br/>2026-05-18 08:25:07 UTC</span></div>\n</div>"},"stroke-opacity":1,"stroke":"#ff0078","stroke-width":2}},{"type":"Feature","geometry":{"type":"LineString","coordinates":[[3.906273,49.201035,10668],[3.832186,49.157959,10668]]},"properties":{"name":"P-207","description":{"@type":"html","value":"<div><div><span><b>Altitude:</b></span> <span>35,000 ft</span></div>\n<div><span><b>Speed:</b></span> <span>453 kt - 454 kt</span></div>\n<div><span><b>Timestamp:</b></span><br/><span>2026-05-18 08:25:07 UTC<br/>2026-05-18 08:25:39 UTC</span></div>\n</div>"},"stroke-opacity":1,"stroke":"#ff0078","stroke-width":2}},{"type":"Feature","geometry":{"type":"LineString","coordinates":[[3.832186,49.157959,10668],[3.756529,49.113636,10668]]},"properties":{"name":"P-208","description":{"@type":"html","value":"<div><div><span><b>Altitude:</b></span> <span>35,000 ft</span></div>\n<div><span><b>Speed:</b></span> <span>454 kt</span></div>\n<div><span><b>Timestamp:</b></span><br/><span>2026-05-18 08:25:39 UTC<br/>2026-05-18 08:26:10 UTC</span></div>\n</div>"},"stroke-opacity":1,"stroke":"#ff0078","stroke-width":2}},{"type":"Feature","geometry":{"type":"LineString","coordinates":[[3.756529,49.113636,10668],[3.680702,49.06929,10675.62]]},"properties":{"name":"P-209","description":{"@type":"html","value":"<div><div><span><b>Altitude:</b></span> <span>35,000 ft - 35,025 ft</span></div>\n<div><span><b>Speed:</b></span> <span>454 kt</span></div>\n<div><span><b>Timestamp:</b></span><br/><span>2026-05-18 08:26:10 UTC<br/>2026-05-18 08:26:42 UTC</span></div>\n</div>"},"stroke-opacity":1,"stroke":"#ff0078","stroke-width":2}},{"type":"Feature","geometry":{"type":"LineString","coordinates":[[3.680702,49.06929,10675.62],[3.606333,49.025574,10675.62]]},"properties":{"name":"P-210","description":{"@type":"html","value":"<div><div><span><b>Altitude:</b></span> <span>35,025 ft</span></div>\n<div><span><b>Speed:</b></span> <span>454 kt - 453 kt</span></div>\n<div><span><b>Timestamp:</b></span><br/><span>2026-05-18 08:26:42 UTC<br/>2026-05-18 08:27:13 UTC</span></div>\n</div>"},"stroke-opacity":1,"stroke":"#ff0078","stroke-width":2}},{"type":"Feature","geometry":{"type":"LineString","coordinates":[[3.606333,49.025574,10675.62],[3.531671,48.981613,10675.62]]},"properties":{"name":"P-211","description":{"@type":"html","value":"<div><div><span><b>Altitude:</b></span> <span>35,025 ft</span></div>\n<div><span><b>Speed:</b></span> <span>453 kt - 452 kt</span></div>\n<div><span><b>Timestamp:</b></span><br/><span>2026-05-18 08:27:13 UTC<br/>2026-05-18 08:27:45 UTC</span></div>\n</div>"},"stroke-opacity":1,"stroke":"#ff0078","stroke-width":2}},{"type":"Feature","geometry":{"type":"LineString","coordinates":[[3.531671,48.981613,10675.62],[3.456116,48.936951,10668]]},"properties":{"name":"P-212","description":{"@type":"html","value":"<div><div><span><b>Altitude:</b></span> <span>35,025 ft - 35,000 ft</span></div>\n<div><span><b>Speed:</b></span> <span>452 kt - 453 kt</span></div>\n<div><span><b>Timestamp:</b></span><br/><span>2026-05-18 08:27:45 UTC<br/>2026-05-18 08:28:17 UTC</span></div>\n</div>"},"stroke-opacity":1,"stroke":"#ff0078","stroke-width":2}},{"type":"Feature","geometry":{"type":"LineString","coordinates":[[3.456116,48.936951,10668],[3.381817,48.892914,10660.38]]},"properties":{"name":"P-213","description":{"@type":"html","value":"<div><div><span><b>Altitude:</b></span> <span>35,000 ft - 34,975 ft</span></div>\n<div><span><b>Speed:</b></span> <span>453 kt</span></div>\n<div><span><b>Timestamp:</b></span><br/><span>2026-05-18 08:28:17 UTC<br/>2026-05-18 08:28:48 UTC</span></div>\n</div>"},"stroke-opacity":1,"stroke":"#ff0078","stroke-width":2}},{"type":"Feature","geometry":{"type":"LineString","coordinates":[[3.381817,48.892914,10660.38],[3.308223,48.849243,10660.38]]},"properties":{"name":"P-214","description":{"@type":"html","value":"<div><div><span><b>Altitude:</b></span> <span>34,975 ft</span></div>\n<div><span><b>Speed:</b></span> <span>453 kt</span></div>\n<div><span><b>Timestamp:</b></span><br/><span>2026-05-18 08:28:48 UTC<br/>2026-05-18 08:29:20 UTC</span></div>\n</div>"},"stroke-opacity":1,"stroke":"#ff0078","stroke-width":2}},{"type":"Feature","geometry":{"type":"LineString","coordinates":[[3.308223,48.849243,10660.38],[3.233811,48.80476,10660.38]]},"properties":{"name":"P-215","description":{"@type":"html","value":"<div><div><span><b>Altitude:</b></span> <span>34,975 ft</span></div>\n<div><span><b>Speed:</b></span> <span>453 kt - 442 kt</span></div>\n<div><span><b>Timestamp:</b></span><br/><span>2026-05-18 08:29:20 UTC<br/>2026-05-18 08:29:51 UTC</span></div>\n</div>"},"stroke-opacity":1,"stroke":"#ff0078","stroke-width":2}},{"type":"Feature","geometry":{"type":"LineString","coordinates":[[3.233811,48.80476,10660.38],[3.159837,48.760437,10668]]},"properties":{"name":"P-216","description":{"@type":"html","value":"<div><div><span><b>Altitude:</b></span> <span>34,975 ft - 35,000 ft</span></div>\n<div><span><b>Speed:</b></span> <span>442 kt - 453 kt</span></div>\n<div><span><b>Timestamp:</b></span><br/><span>2026-05-18 08:29:51 UTC<br/>2026-05-18 08:30:23 UTC</span></div>\n</div>"},"stroke-opacity":1,"stroke":"#ff0078","stroke-width":2}},{"type":"Feature","geometry":{"type":"LineString","coordinates":[[3.159837,48.760437,10668],[3.085327,48.715942,10675.62]]},"properties":{"name":"P-217","description":{"@type":"html","value":"<div><div><span><b>Altitude:</b></span> <span>35,000 ft - 35,025 ft</span></div>\n<div><span><b>Speed:</b></span> <span>453 kt</span></div>\n<div><span><b>Timestamp:</b></span><br/><span>2026-05-18 08:30:23 UTC<br/>2026-05-18 08:30:54 UTC</span></div>\n</div>"},"stroke-opacity":1,"stroke":"#ff0078","stroke-width":2}},{"type":"Feature","geometry":{"type":"LineString","coordinates":[[3.085327,48.715942,10675.62],[3.010324,48.670853,10675.62]]},"properties":{"name":"P-218","description":{"@type":"html","value":"<div><div><span><b>Altitude:</b></span> <span>35,025 ft</span></div>\n<div><span><b>Speed:</b></span> <span>453 kt</span></div>\n<div><span><b>Timestamp:</b></span><br/><span>2026-05-18 08:30:54 UTC<br/>2026-05-18 08:31:26 UTC</span></div>\n</div>"},"stroke-opacity":1,"stroke":"#ff0078","stroke-width":2}},{"type":"Feature","geometry":{"type":"LineString","coordinates":[[3.010324,48.670853,10675.62],[2.937575,48.627045,10675.62]]},"properties":{"name":"P-219","description":{"@type":"html","value":"<div><div><span><b>Altitude:</b></span> <span>35,025 ft</span></div>\n<div><span><b>Speed:</b></span> <span>453 kt - 450 kt</span></div>\n<div><span><b>Timestamp:</b></span><br/><span>2026-05-18 08:31:26 UTC<br/>2026-05-18 08:31:58 UTC</span></div>\n</div>"},"stroke-opacity":1,"stroke":"#ff0078","stroke-width":2}},{"type":"Feature","geometry":{"type":"LineString","coordinates":[[2.937575,48.627045,10675.62],[2.864474,48.582962,10668]]},"properties":{"name":"P-220","description":{"@type":"html","value":"<div><div><span><b>Altitude:</b></span> <span>35,025 ft - 35,000 ft</span></div>\n<div><span><b>Speed:</b></span> <span>450 kt</span></div>\n<div><span><b>Timestamp:</b></span><br/><span>2026-05-18 08:31:58 UTC<br/>2026-05-18 08:32:29 UTC</span></div>\n</div>"},"stroke-opacity":1,"stroke":"#ff0078","stroke-width":2}},{"type":"Feature","geometry":{"type":"LineString","coordinates":[[2.864474,48.582962,10668],[2.791033,48.538437,10660.38]]},"properties":{"name":"P-221","description":{"@type":"html","value":"<div><div><span><b>Altitude:</b></span> <span>35,000 ft - 34,975 ft</span></div>\n<div><span><b>Speed:</b></span> <span>450 kt - 452 kt</span></div>\n<div><span><b>Timestamp:</b></span><br/><span>2026-05-18 08:32:29 UTC<br/>2026-05-18 08:33:01 UTC</span></div>\n</div>"},"stroke-opacity":1,"stroke":"#ff0078","stroke-width":2}},{"type":"Feature","geometry":{"type":"LineString","coordinates":[[2.791033,48.538437,10660.38],[2.71968,48.495071,10652.76]]},"properties":{"name":"P-222","description":{"@type":"html","value":"<div><div><span><b>Altitude:</b></span> <span>34,975 ft - 34,950 ft</span></div>\n<div><span><b>Speed:</b></span> <span>452 kt - 451 kt</span></div>\n<div><span><b>Timestamp:</b></span><br/><span>2026-05-18 08:33:01 UTC<br/>2026-05-18 08:33:32 UTC</span></div>\n</div>"},"stroke-opacity":1,"stroke":"#ff0078","stroke-width":2}},{"type":"Feature","geometry":{"type":"LineString","coordinates":[[2.71968,48.495071,10652.76],[2.642775,48.448334,10652.76]]},"properties":{"name":"P-223","description":{"@type":"html","value":"<div><div><span><b>Altitude:</b></span> <span>34,950 ft</span></div>\n<div><span><b>Speed:</b></span> <span>451 kt - 454 kt</span></div>\n<div><span><b>Timestamp:</b></span><br/><span>2026-05-18 08:33:32 UTC<br/>2026-05-18 08:34:05 UTC</span></div>\n</div>"},"stroke-opacity":1,"stroke":"#ff0078","stroke-width":2}},{"type":"Feature","geometry":{"type":"LineString","coordinates":[[2.642775,48.448334,10652.76],[2.569463,48.403473,10652.76]]},"properties":{"name":"P-224","description":{"@type":"html","value":"<div><div><span><b>Altitude:</b></span> <span>34,950 ft</span></div>\n<div><span><b>Speed:</b></span> <span>454 kt - 456 kt</span></div>\n<div><span><b>Timestamp:</b></span><br/><span>2026-05-18 08:34:05 UTC<br/>2026-05-18 08:34:36 UTC</span></div>\n</div>"},"stroke-opacity":1,"stroke":"#ff0078","stroke-width":2}},{"type":"Feature","geometry":{"type":"LineString","coordinates":[[2.569463,48.403473,10652.76],[2.499173,48.356091,10660.38]]},"properties":{"name":"P-225","description":{"@type":"html","value":"<div><div><span><b>Altitude:</b></span> <span>34,950 ft - 34,975 ft</span></div>\n<div><span><b>Speed:</b></span> <span>456 kt - 469 kt</span></div>\n<div><span><b>Timestamp:</b></span><br/><span>2026-05-18 08:34:36 UTC<br/>2026-05-18 08:35:07 UTC</span></div>\n</div>"},"stroke-opacity":1,"stroke":"#ff0078","stroke-width":2}},{"type":"Feature","geometry":{"type":"LineString","coordinates":[[2.499173,48.356091,10660.38],[2.491873,48.349712,10660.38]]},"properties":{"name":"P-226","description":{"@type":"html","value":"<div><div><span><b>Altitude:</b></span> <span>34,975 ft</span></div>\n<div><span><b>Speed:</b></span> <span>469 kt - 450 kt</span></div>\n<div><span><b>Timestamp:</b></span><br/><span>2026-05-18 08:35:07 UTC<br/>2026-05-18 08:35:11 UTC</span></div>\n</div>"},"stroke-opacity":1,"stroke":"#ff0078","stroke-width":2}},{"type":"Feature","geometry":{"type":"LineString","coordinates":[[2.491873,48.349712,10660.38],[2.48703,48.345291,10660.38]]},"properties":{"name":"P-227","description":{"@type":"html","value":"<div><div><span><b>Altitude:</b></span> <span>34,975 ft</span></div>\n<div><span><b>Speed:</b></span> <span>450 kt - 473 kt</span></div>\n<div><span><b>Timestamp:</b></span><br/><span>2026-05-18 08:35:11 UTC<br/>2026-05-18 08:35:14 UTC</span></div>\n</div>"},"stroke-opacity":1,"stroke":"#ff0078","stroke-width":2}},{"type":"Feature","geometry":{"type":"LineString","coordinates":[[2.48703,48.345291,10660.38],[2.483403,48.341858,10668]]},"properties":{"name":"P-228","description":{"@type":"html","value":"<div><div><span><b>Altitude:</b></span> <span>34,975 ft - 35,000 ft</span></div>\n<div><span><b>Speed:</b></span> <span>473 kt - 476 kt</span></div>\n<div><span><b>Timestamp:</b></span><br/><span>2026-05-18 08:35:14 UTC<br/>2026-05-18 08:35:16 UTC</span></div>\n</div>"},"stroke-opacity":1,"stroke":"#ff0078","stroke-width":2}},{"type":"Feature","geometry":{"type":"LineString","coordinates":[[2.483403,48.341858,10668],[2.47953,48.338013,10668]]},"properties":{"name":"P-229","description":{"@type":"html","value":"<div><div><span><b>Altitude:</b></span> <span>35,000 ft</span></div>\n<div><span><b>Speed:</b></span> <span>476 kt - 477 kt</span></div>\n<div><span><b>Timestamp:</b></span><br/><span>2026-05-18 08:35:16 UTC<br/>2026-05-18 08:35:18 UTC</span></div>\n</div>"},"stroke-opacity":1,"stroke":"#ff0078","stroke-width":2}},{"type":"Feature","geometry":{"type":"LineString","coordinates":[[2.47953,48.338013,10668],[2.475971,48.334305,10668]]},"properties":{"name":"P-230","description":{"@type":"html","value":"<div><div><span><b>Altitude:</b></span> <span>35,000 ft</span></div>\n<div><span><b>Speed:</b></span> <span>477 kt - 478 kt</span></div>\n<div><span><b>Timestamp:</b></span><br/><span>2026-05-18 08:35:18 UTC<br/>2026-05-18 08:35:20 UTC</span></div>\n</div>"},"stroke-opacity":1,"stroke":"#ff0078","stroke-width":2}},{"type":"Feature","geometry":{"type":"LineString","coordinates":[[2.475971,48.334305,10668],[2.47243,48.330582,10660.38]]},"properties":{"name":"P-231","description":{"@type":"html","value":"<div><div><span><b>Altitude:</b></span> <span>35,000 ft - 34,975 ft</span></div>\n<div><span><b>Speed:</b></span> <span>478 kt - 480 kt</span></div>\n<div><span><b>Timestamp:</b></span><br/><span>2026-05-18 08:35:20 UTC<br/>2026-05-18 08:35:22 UTC</span></div>\n</div>"},"stroke-opacity":1,"stroke":"#ff0078","stroke-width":2}},{"type":"Feature","geometry":{"type":"LineString","coordinates":[[2.47243,48.330582,10660.38],[2.469177,48.32695,10668]]},"properties":{"name":"P-232","description":{"@type":"html","value":"<div><div><span><b>Altitude:</b></span> <span>34,975 ft - 35,000 ft</span></div>\n<div><span><b>Speed:</b></span> <span>480 kt</span></div>\n<div><span><b>Timestamp:</b></span><br/><span>2026-05-18 08:35:22 UTC<br/>2026-05-18 08:35:24 UTC</span></div>\n</div>"},"stroke-opacity":1,"stroke":"#ff0078","stroke-width":2}},{"type":"Feature","geometry":{"type":"LineString","coordinates":[[2.469177,48.32695,10668],[2.464881,48.321899,10668]]},"properties":{"name":"P-233","description":{"@type":"html","value":"<div><div><span><b>Altitude:</b></span> <span>35,000 ft</span></div>\n<div><span><b>Speed:</b></span> <span>480 kt - 482 kt</span></div>\n<div><span><b>Timestamp:</b></span><br/><span>2026-05-18 08:35:24 UTC<br/>2026-05-18 08:35:26 UTC</span></div>\n</div>"},"stroke-opacity":1,"stroke":"#ff0078","stroke-width":2}},{"type":"Feature","geometry":{"type":"LineString","coordinates":[[2.464881,48.321899,10668],[2.461219,48.317413,10668]]},"properties":{"name":"P-234","description":{"@type":"html","value":"<div><div><span><b>Altitude:</b></span> <span>35,000 ft</span></div>\n<div><span><b>Speed:</b></span> <span>482 kt - 483 kt</span></div>\n<div><span><b>Timestamp:</b></span><br/><span>2026-05-18 08:35:26 UTC<br/>2026-05-18 08:35:28 UTC</span></div>\n</div>"},"stroke-opacity":1,"stroke":"#ff0078","stroke-width":2}},{"type":"Feature","geometry":{"type":"LineString","coordinates":[[2.461219,48.317413,10668],[2.458263,48.313633,10668]]},"properties":{"name":"P-235","description":{"@type":"html","value":"<div><div><span><b>Altitude:</b></span> <span>35,000 ft</span></div>\n<div><span><b>Speed:</b></span> <span>483 kt - 485 kt</span></div>\n<div><span><b>Timestamp:</b></span><br/><span>2026-05-18 08:35:28 UTC<br/>2026-05-18 08:35:30 UTC</span></div>\n</div>"},"stroke-opacity":1,"stroke":"#ff0078","stroke-width":2}},{"type":"Feature","geometry":{"type":"LineString","coordinates":[[2.458263,48.313633,10668],[2.455233,48.309631,10668]]},"properties":{"name":"P-236","description":{"@type":"html","value":"<div><div><span><b>Altitude:</b></span> <span>35,000 ft</span></div>\n<div><span><b>Speed:</b></span> <span>485 kt - 486 kt</span></div>\n<div><span><b>Timestamp:</b></span><br/><span>2026-05-18 08:35:30 UTC<br/>2026-05-18 08:35:32 UTC</span></div>\n</div>"},"stroke-opacity":1,"stroke":"#ff0078","stroke-width":2}},{"type":"Feature","geometry":{"type":"LineString","coordinates":[[2.455233,48.309631,10668],[2.452336,48.30558,10668]]},"properties":{"name":"P-237","description":{"@type":"html","value":"<div><div><span><b>Altitude:</b></span> <span>35,000 ft</span></div>\n<div><span><b>Speed:</b></span> <span>486 kt - 488 kt</span></div>\n<div><span><b>Timestamp:</b></span><br/><span>2026-05-18 08:35:32 UTC<br/>2026-05-18 08:35:35 UTC</span></div>\n</div>"},"stroke-opacity":1,"stroke":"#ff0078","stroke-width":2}},{"type":"Feature","geometry":{"type":"LineString","coordinates":[[2.452336,48.30558,10668],[2.449517,48.301437,10668]]},"properties":{"name":"P-238","description":{"@type":"html","value":"<div><div><span><b>Altitude:</b></span> <span>35,000 ft</span></div>\n<div><span><b>Speed:</b></span> <span>488 kt - 489 kt</span></div>\n<div><span><b>Timestamp:</b></span><br/><span>2026-05-18 08:35:35 UTC<br/>2026-05-18 08:35:37 UTC</span></div>\n</div>"},"stroke-opacity":1,"stroke":"#ff0078","stroke-width":2}},{"type":"Feature","geometry":{"type":"LineString","coordinates":[[2.449517,48.301437,10668],[2.446699,48.297108,10668]]},"properties":{"name":"P-239","description":{"@type":"html","value":"<div><div><span><b>Altitude:</b></span> <span>35,000 ft</span></div>\n<div><span><b>Speed:</b></span> <span>489 kt - 490 kt</span></div>\n<div><span><b>Timestamp:</b></span><br/><span>2026-05-18 08:35:37 UTC<br/>2026-05-18 08:35:39 UTC</span></div>\n</div>"},"stroke-opacity":1,"stroke":"#ff0078","stroke-width":2}},{"type":"Feature","geometry":{"type":"LineString","coordinates":[[2.446699,48.297108,10668],[2.443952,48.292732,10675.62]]},"properties":{"name":"P-240","description":{"@type":"html","value":"<div><div><span><b>Altitude:</b></span> <span>35,000 ft - 35,025 ft</span></div>\n<div><span><b>Speed:</b></span> <span>490 kt - 491 kt</span></div>\n<div><span><b>Timestamp:</b></span><br/><span>2026-05-18 08:35:39 UTC<br/>2026-05-18 08:35:41 UTC</span></div>\n</div>"},"stroke-opacity":1,"stroke":"#ff0078","stroke-width":2}},{"type":"Feature","geometry":{"type":"LineString","coordinates":[[2.443952,48.292732,10675.62],[2.44135,48.288498,10675.62]]},"properties":{"name":"P-241","description":{"@type":"html","value":"<div><div><span><b>Altitude:</b></span> <span>35,025 ft</span></div>\n<div><span><b>Speed:</b></span> <span>491 kt</span></div>\n<div><span><b>Timestamp:</b></span><br/><span>2026-05-18 08:35:41 UTC<br/>2026-05-18 08:35:43 UTC</span></div>\n</div>"},"stroke-opacity":1,"stroke":"#ff0078","stroke-width":2}},{"type":"Feature","geometry":{"type":"LineString","coordinates":[[2.44135,48.288498,10675.62],[2.438613,48.283859,10675.62]]},"properties":{"name":"P-242","description":{"@type":"html","value":"<div><div><span><b>Altitude:</b></span> <span>35,025 ft</span></div>\n<div><span><b>Speed:</b></span> <span>491 kt - 492 kt</span></div>\n<div><span><b>Timestamp:</b></span><br/><span>2026-05-18 08:35:43 UTC<br/>2026-05-18 08:35:45 UTC</span></div>\n</div>"},"stroke-opacity":1,"stroke":"#ff0078","stroke-width":2}},{"type":"Feature","geometry":{"type":"LineString","coordinates":[[2.438613,48.283859,10675.62],[2.436218,48.279839,10675.62]]},"properties":{"name":"P-243","description":{"@type":"html","value":"<div><div><span><b>Altitude:</b></span> <span>35,025 ft</span></div>\n<div><span><b>Speed:</b></span> <span>492 kt</span></div>\n<div><span><b>Timestamp:</b></span><br/><span>2026-05-18 08:35:45 UTC<br/>2026-05-18 08:35:47 UTC</span></div>\n</div>"},"stroke-opacity":1,"stroke":"#ff0078","stroke-width":2}},{"type":"Feature","geometry":{"type":"LineString","coordinates":[[2.436218,48.279839,10675.62],[2.433833,48.275833,10675.62]]},"properties":{"name":"P-244","description":{"@type":"html","value":"<div><div><span><b>Altitude:</b></span> <span>35,025 ft</span></div>\n<div><span><b>Speed:</b></span> <span>492 kt</span></div>\n<div><span><b>Timestamp:</b></span><br/><span>2026-05-18 08:35:47 UTC<br/>2026-05-18 08:35:49 UTC</span></div>\n</div>"},"stroke-opacity":1,"stroke":"#ff0078","stroke-width":2}},{"type":"Feature","geometry":{"type":"LineString","coordinates":[[2.433833,48.275833,10675.62],[2.431087,48.271133,10675.62]]},"properties":{"name":"P-245","description":{"@type":"html","value":"<div><div><span><b>Altitude:</b></span> <span>35,025 ft</span></div>\n<div><span><b>Speed:</b></span> <span>492 kt - 493 kt</span></div>\n<div><span><b>Timestamp:</b></span><br/><span>2026-05-18 08:35:49 UTC<br/>2026-05-18 08:35:51 UTC</span></div>\n</div>"},"stroke-opacity":1,"stroke":"#ff0078","stroke-width":2}},{"type":"Feature","geometry":{"type":"LineString","coordinates":[[2.431087,48.271133,10675.62],[2.428484,48.266708,10675.62]]},"properties":{"name":"P-246","description":{"@type":"html","value":"<div><div><span><b>Altitude:</b></span> <span>35,025 ft</span></div>\n<div><span><b>Speed:</b></span> <span>493 kt - 492 kt</span></div>\n<div><span><b>Timestamp:</b></span><br/><span>2026-05-18 08:35:51 UTC<br/>2026-05-18 08:35:53 UTC</span></div>\n</div>"},"stroke-opacity":1,"stroke":"#ff0078","stroke-width":2}},{"type":"Feature","geometry":{"type":"LineString","coordinates":[[2.428484,48.266708,10675.62],[2.388442,48.200375,10683.24]]},"properties":{"name":"P-247","description":{"@type":"html","value":"<div><div><span><b>Altitude:</b></span> <span>35,025 ft - 35,050 ft</span></div>\n<div><span><b>Speed:</b></span> <span>492 kt - 493 kt</span></div>\n<div><span><b>Timestamp:</b></span><br/><span>2026-05-18 08:35:53 UTC<br/>2026-05-18 08:36:24 UTC</span></div>\n</div>"},"stroke-opacity":1,"stroke":"#ff0078","stroke-width":2}},{"type":"Feature","geometry":{"type":"LineString","coordinates":[[2.388442,48.200375,10683.24],[2.348877,48.134171,10683.24]]},"properties":{"name":"P-248","description":{"@type":"html","value":"<div><div><span><b>Altitude:</b></span> <span>35,050 ft</span></div>\n<div><span><b>Speed:</b></span> <span>493 kt</span></div>\n<div><span><b>Timestamp:</b></span><br/><span>2026-05-18 08:36:24 UTC<br/>2026-05-18 08:36:56 UTC</span></div>\n</div>"},"stroke-opacity":1,"stroke":"#ff0078","stroke-width":2}},{"type":"Feature","geometry":{"type":"LineString","coordinates":[[2.348877,48.134171,10683.24],[2.309171,48.067699,10683.24]]},"properties":{"name":"P-249","description":{"@type":"html","value":"<div><div><span><b>Altitude:</b></span> <span>35,050 ft</span></div>\n<div><span><b>Speed:</b></span> <span>493 kt - 491 kt</span></div>\n<div><span><b>Timestamp:</b></span><br/><span>2026-05-18 08:36:56 UTC<br/>2026-05-18 08:37:27 UTC</span></div>\n</div>"},"stroke-opacity":1,"stroke":"#ff0078","stroke-width":2}},{"type":"Feature","geometry":{"type":"LineString","coordinates":[[2.309171,48.067699,10683.24],[2.268677,48.002335,10668]]},"properties":{"name":"P-250","description":{"@type":"html","value":"<div><div><span><b>Altitude:</b></span> <span>35,050 ft - 35,000 ft</span></div>\n<div><span><b>Speed:</b></span> <span>491 kt - 485 kt</span></div>\n<div><span><b>Timestamp:</b></span><br/><span>2026-05-18 08:37:27 UTC<br/>2026-05-18 08:37:58 UTC</span></div>\n</div>"},"stroke-opacity":1,"stroke":"#ff0078","stroke-width":2}},{"type":"Feature","geometry":{"type":"LineString","coordinates":[[2.268677,48.002335,10668],[2.22171,47.940536,10660.38]]},"properties":{"name":"P-251","description":{"@type":"html","value":"<div><div><span><b>Altitude:</b></span> <span>35,000 ft - 34,975 ft</span></div>\n<div><span><b>Speed:</b></span> <span>485 kt - 480 kt</span></div>\n<div><span><b>Timestamp:</b></span><br/><span>2026-05-18 08:37:58 UTC<br/>2026-05-18 08:38:30 UTC</span></div>\n</div>"},"stroke-opacity":1,"stroke":"#ff0078","stroke-width":2}},{"type":"Feature","geometry":{"type":"LineString","coordinates":[[2.22171,47.940536,10660.38],[2.173321,47.877674,10652.76]]},"properties":{"name":"P-252","description":{"@type":"html","value":"<div><div><span><b>Altitude:</b></span> <span>34,975 ft - 34,950 ft</span></div>\n<div><span><b>Speed:</b></span> <span>480 kt - 479 kt</span></div>\n<div><span><b>Timestamp:</b></span><br/><span>2026-05-18 08:38:30 UTC<br/>2026-05-18 08:39:02 UTC</span></div>\n</div>"},"stroke-opacity":1,"stroke":"#ff0078","stroke-width":2}},{"type":"Feature","geometry":{"type":"LineString","coordinates":[[2.173321,47.877674,10652.76],[2.125648,47.815521,10652.76]]},"properties":{"name":"P-253","description":{"@type":"html","value":"<div><div><span><b>Altitude:</b></span> <span>34,950 ft</span></div>\n<div><span><b>Speed:</b></span> <span>479 kt</span></div>\n<div><span><b>Timestamp:</b></span><br/><span>2026-05-18 08:39:02 UTC<br/>2026-05-18 08:39:33 UTC</span></div>\n</div>"},"stroke-opacity":1,"stroke":"#ff0078","stroke-width":2}},{"type":"Feature","geometry":{"type":"LineString","coordinates":[[2.125648,47.815521,10652.76],[2.07827,47.753723,10652.76]]},"properties":{"name":"P-254","description":{"@type":"html","value":"<div><div><span><b>Altitude:</b></span> <span>34,950 ft</span></div>\n<div><span><b>Speed:</b></span> <span>479 kt - 480 kt</span></div>\n<div><span><b>Timestamp:</b></span><br/><span>2026-05-18 08:39:33 UTC<br/>2026-05-18 08:40:04 UTC</span></div>\n</div>"},"stroke-opacity":1,"stroke":"#ff0078","stroke-width":2}},{"type":"Feature","geometry":{"type":"LineString","coordinates":[[2.07827,47.753723,10652.76],[2.030076,47.690811,10668]]},"properties":{"name":"P-255","description":{"@type":"html","value":"<div><div><span><b>Altitude:</b></span> <span>34,950 ft - 35,000 ft</span></div>\n<div><span><b>Speed:</b></span> <span>480 kt - 482 kt</span></div>\n<div><span><b>Timestamp:</b></span><br/><span>2026-05-18 08:40:04 UTC<br/>2026-05-18 08:40:36 UTC</span></div>\n</div>"},"stroke-opacity":1,"stroke":"#ff0078","stroke-width":2}},{"type":"Feature","geometry":{"type":"LineString","coordinates":[[2.030076,47.690811,10668],[1.982826,47.628983,10660.38]]},"properties":{"name":"P-256","description":{"@type":"html","value":"<div><div><span><b>Altitude:</b></span> <span>35,000 ft - 34,975 ft</span></div>\n<div><span><b>Speed:</b></span> <span>482 kt - 483 kt</span></div>\n<div><span><b>Timestamp:</b></span><br/><span>2026-05-18 08:40:36 UTC<br/>2026-05-18 08:41:07 UTC</span></div>\n</div>"},"stroke-opacity":1,"stroke":"#ff0078","stroke-width":2}},{"type":"Feature","geometry":{"type":"LineString","coordinates":[[1.982826,47.628983,10660.38],[1.935104,47.56636,10660.38]]},"properties":{"name":"P-257","description":{"@type":"html","value":"<div><div><span><b>Altitude:</b></span> <span>34,975 ft</span></div>\n<div><span><b>Speed:</b></span> <span>483 kt - 487 kt</span></div>\n<div><span><b>Timestamp:</b></span><br/><span>2026-05-18 08:41:07 UTC<br/>2026-05-18 08:41:39 UTC</span></div>\n</div>"},"stroke-opacity":1,"stroke":"#ff0078","stroke-width":2}},{"type":"Feature","geometry":{"type":"LineString","coordinates":[[1.935104,47.56636,10660.38],[1.887324,47.503532,10660.38]]},"properties":{"name":"P-258","description":{"@type":"html","value":"<div><div><span><b>Altitude:</b></span> <span>34,975 ft</span></div>\n<div><span><b>Speed:</b></span> <span>487 kt - 490 kt</span></div>\n<div><span><b>Timestamp:</b></span><br/><span>2026-05-18 08:41:39 UTC<br/>2026-05-18 08:42:10 UTC</span></div>\n</div>"},"stroke-opacity":1,"stroke":"#ff0078","stroke-width":2}},{"type":"Feature","geometry":{"type":"LineString","coordinates":[[1.887324,47.503532,10660.38],[1.839386,47.440475,10668]]},"properties":{"name":"P-259","description":{"@type":"html","value":"<div><div><span><b>Altitude:</b></span> <span>34,975 ft - 35,000 ft</span></div>\n<div><span><b>Speed:</b></span> <span>490 kt - 494 kt</span></div>\n<div><span><b>Timestamp:</b></span><br/><span>2026-05-18 08:42:10 UTC<br/>2026-05-18 08:42:42 UTC</span></div>\n</div>"},"stroke-opacity":1,"stroke":"#ff0078","stroke-width":2}},{"type":"Feature","geometry":{"type":"LineString","coordinates":[[1.839386,47.440475,10668],[1.790067,47.374863,10668]]},"properties":{"name":"P-260","description":{"@type":"html","value":"<div><div><span><b>Altitude:</b></span> <span>35,000 ft</span></div>\n<div><span><b>Speed:</b></span> <span>494 kt - 498 kt</span></div>\n<div><span><b>Timestamp:</b></span><br/><span>2026-05-18 08:42:42 UTC<br/>2026-05-18 08:43:13 UTC</span></div>\n</div>"},"stroke-opacity":1,"stroke":"#ff0078","stroke-width":2}},{"type":"Feature","geometry":{"type":"LineString","coordinates":[[1.790067,47.374863,10668],[1.741685,47.312016,10675.62]]},"properties":{"name":"P-261","description":{"@type":"html","value":"<div><div><span><b>Altitude:</b></span> <span>35,000 ft - 35,025 ft</span></div>\n<div><span><b>Speed:</b></span> <span>498 kt - 497 kt</span></div>\n<div><span><b>Timestamp:</b></span><br/><span>2026-05-18 08:43:13 UTC<br/>2026-05-18 08:43:44 UTC</span></div>\n</div>"},"stroke-opacity":1,"stroke":"#ff0078","stroke-width":2}},{"type":"Feature","geometry":{"type":"LineString","coordinates":[[1.741685,47.312016,10675.62],[1.686607,47.250778,10683.24]]},"properties":{"name":"P-262","description":{"@type":"html","value":"<div><div><span><b>Altitude:</b></span> <span>35,025 ft - 35,050 ft</span></div>\n<div><span><b>Speed:</b></span> <span>497 kt - 495 kt</span></div>\n<div><span><b>Timestamp:</b></span><br/><span>2026-05-18 08:43:44 UTC<br/>2026-05-18 08:44:16 UTC</span></div>\n</div>"},"stroke-opacity":1,"stroke":"#ff0078","stroke-width":2}},{"type":"Feature","geometry":{"type":"LineString","coordinates":[[1.686607,47.250778,10683.24],[1.631676,47.190033,10683.24]]},"properties":{"name":"P-263","description":{"@type":"html","value":"<div><div><span><b>Altitude:</b></span> <span>35,050 ft</span></div>\n<div><span><b>Speed:</b></span> <span>495 kt - 497 kt</span></div>\n<div><span><b>Timestamp:</b></span><br/><span>2026-05-18 08:44:16 UTC<br/>2026-05-18 08:44:47 UTC</span></div>\n</div>"},"stroke-opacity":1,"stroke":"#ff0078","stroke-width":2}},{"type":"Feature","geometry":{"type":"LineString","coordinates":[[1.631676,47.190033,10683.24],[1.573654,47.13176,10668]]},"properties":{"name":"P-264","description":{"@type":"html","value":"<div><div><span><b>Altitude:</b></span> <span>35,050 ft - 35,000 ft</span></div>\n<div><span><b>Speed:</b></span> <span>497 kt - 486 kt</span></div>\n<div><span><b>Timestamp:</b></span><br/><span>2026-05-18 08:44:47 UTC<br/>2026-05-18 08:45:18 UTC</span></div>\n</div>"},"stroke-opacity":1,"stroke":"#ff0078","stroke-width":2}},{"type":"Feature","geometry":{"type":"LineString","coordinates":[[1.573654,47.13176,10668],[1.507028,47.07935,10675.62]]},"properties":{"name":"P-265","description":{"@type":"html","value":"<div><div><span><b>Altitude:</b></span> <span>35,000 ft - 35,025 ft</span></div>\n<div><span><b>Speed:</b></span> <span>486 kt - 481 kt</span></div>\n<div><span><b>Timestamp:</b></span><br/><span>2026-05-18 08:45:18 UTC<br/>2026-05-18 08:45:49 UTC</span></div>\n</div>"},"stroke-opacity":1,"stroke":"#ff0078","stroke-width":2}},{"type":"Feature","geometry":{"type":"LineString","coordinates":[[1.507028,47.07935,10675.62],[1.440033,47.026749,10668]]},"properties":{"name":"P-266","description":{"@type":"html","value":"<div><div><span><b>Altitude:</b></span> <span>35,025 ft - 35,000 ft</span></div>\n<div><span><b>Speed:</b></span> <span>481 kt - 479 kt</span></div>\n<div><span><b>Timestamp:</b></span><br/><span>2026-05-18 08:45:49 UTC<br/>2026-05-18 08:46:20 UTC</span></div>\n</div>"},"stroke-opacity":1,"stroke":"#ff0078","stroke-width":2}},{"type":"Feature","geometry":{"type":"LineString","coordinates":[[1.440033,47.026749,10668],[1.374664,46.975296,10668]]},"properties":{"name":"P-267","description":{"@type":"html","value":"<div><div><span><b>Altitude:</b></span> <span>35,000 ft</span></div>\n<div><span><b>Speed:</b></span> <span>479 kt</span></div>\n<div><span><b>Timestamp:</b></span><br/><span>2026-05-18 08:46:20 UTC<br/>2026-05-18 08:46:51 UTC</span></div>\n</div>"},"stroke-opacity":1,"stroke":"#ff0078","stroke-width":2}},{"type":"Feature","geometry":{"type":"LineString","coordinates":[[1.374664,46.975296,10668],[1.308641,46.92326,10668]]},"properties":{"name":"P-268","description":{"@type":"html","value":"<div><div><span><b>Altitude:</b></span> <span>35,000 ft</span></div>\n<div><span><b>Speed:</b></span> <span>479 kt - 477 kt</span></div>\n<div><span><b>Timestamp:</b></span><br/><span>2026-05-18 08:46:51 UTC<br/>2026-05-18 08:47:22 UTC</span></div>\n</div>"},"stroke-opacity":1,"stroke":"#ff0078","stroke-width":2}},{"type":"Feature","geometry":{"type":"LineString","coordinates":[[1.308641,46.92326,10668],[1.243004,46.871494,10660.38]]},"properties":{"name":"P-269","description":{"@type":"html","value":"<div><div><span><b>Altitude:</b></span> <span>35,000 ft - 34,975 ft</span></div>\n<div><span><b>Speed:</b></span> <span>477 kt</span></div>\n<div><span><b>Timestamp:</b></span><br/><span>2026-05-18 08:47:22 UTC<br/>2026-05-18 08:47:54 UTC</span></div>\n</div>"},"stroke-opacity":1,"stroke":"#ff0078","stroke-width":2}},{"type":"Feature","geometry":{"type":"LineString","coordinates":[[1.243004,46.871494,10660.38],[1.176979,46.819309,10660.38]]},"properties":{"name":"P-270","description":{"@type":"html","value":"<div><div><span><b>Altitude:</b></span> <span>34,975 ft</span></div>\n<div><span><b>Speed:</b></span> <span>477 kt - 476 kt</span></div>\n<div><span><b>Timestamp:</b></span><br/><span>2026-05-18 08:47:54 UTC<br/>2026-05-18 08:48:25 UTC</span></div>\n</div>"},"stroke-opacity":1,"stroke":"#ff0078","stroke-width":2}},{"type":"Feature","geometry":{"type":"LineString","coordinates":[[1.176979,46.819309,10660.38],[1.111679,46.767727,10652.76]]},"properties":{"name":"P-271","description":{"@type":"html","value":"<div><div><span><b>Altitude:</b></span> <span>34,975 ft - 34,950 ft</span></div>\n<div><span><b>Speed:</b></span> <span>476 kt</span></div>\n<div><span><b>Timestamp:</b></span><br/><span>2026-05-18 08:48:25 UTC<br/>2026-05-18 08:48:56 UTC</span></div>\n</div>"},"stroke-opacity":1,"stroke":"#ff0078","stroke-width":2}},{"type":"Feature","geometry":{"type":"LineString","coordinates":[[1.111679,46.767727,10652.76],[1.046917,46.714737,10660.38]]},"properties":{"name":"P-272","description":{"@type":"html","value":"<div><div><span><b>Altitude:</b></span> <span>34,950 ft - 34,975 ft</span></div>\n<div><span><b>Speed:</b></span> <span>476 kt - 481 kt</span></div>\n<div><span><b>Timestamp:</b></span><br/><span>2026-05-18 08:48:56 UTC<br/>2026-05-18 08:49:27 UTC</span></div>\n</div>"},"stroke-opacity":1,"stroke":"#ff0078","stroke-width":2}},{"type":"Feature","geometry":{"type":"LineString","coordinates":[[1.046917,46.714737,10660.38],[0.989731,46.65633,10660.38]]},"properties":{"name":"P-273","description":{"@type":"html","value":"<div><div><span><b>Altitude:</b></span> <span>34,975 ft</span></div>\n<div><span><b>Speed:</b></span> <span>481 kt - 492 kt</span></div>\n<div><span><b>Timestamp:</b></span><br/><span>2026-05-18 08:49:27 UTC<br/>2026-05-18 08:49:59 UTC</span></div>\n</div>"},"stroke-opacity":1,"stroke":"#ff0078","stroke-width":2}},{"type":"Feature","geometry":{"type":"LineString","coordinates":[[0.989731,46.65633,10660.38],[0.937958,46.594227,10660.38]]},"properties":{"name":"P-274","description":{"@type":"html","value":"<div><div><span><b>Altitude:</b></span> <span>34,975 ft</span></div>\n<div><span><b>Speed:</b></span> <span>492 kt</span></div>\n<div><span><b>Timestamp:</b></span><br/><span>2026-05-18 08:49:59 UTC<br/>2026-05-18 08:50:30 UTC</span></div>\n</div>"},"stroke-opacity":1,"stroke":"#ff0078","stroke-width":2}},{"type":"Feature","geometry":{"type":"LineString","coordinates":[[0.937958,46.594227,10660.38],[0.886665,46.532917,10668]]},"properties":{"name":"P-275","description":{"@type":"html","value":"<div><div><span><b>Altitude:</b></span> <span>34,975 ft - 35,000 ft</span></div>\n<div><span><b>Speed:</b></span> <span>492 kt</span></div>\n<div><span><b>Timestamp:</b></span><br/><span>2026-05-18 08:50:30 UTC<br/>2026-05-18 08:51:01 UTC</span></div>\n</div>"},"stroke-opacity":1,"stroke":"#ff0078","stroke-width":2}},{"type":"Feature","geometry":{"type":"LineString","coordinates":[[0.886665,46.532917,10668],[0.835028,46.470795,10668]]},"properties":{"name":"P-276","description":{"@type":"html","value":"<div><div><span><b>Altitude:</b></span> <span>35,000 ft</span></div>\n<div><span><b>Speed:</b></span> <span>492 kt</span></div>\n<div><span><b>Timestamp:</b></span><br/><span>2026-05-18 08:51:01 UTC<br/>2026-05-18 08:51:33 UTC</span></div>\n</div>"},"stroke-opacity":1,"stroke":"#ff0078","stroke-width":2}},{"type":"Feature","geometry":{"type":"LineString","coordinates":[[0.835028,46.470795,10668],[0.784786,46.410141,10675.62]]},"properties":{"name":"P-277","description":{"@type":"html","value":"<div><div><span><b>Altitude:</b></span> <span>35,000 ft - 35,025 ft</span></div>\n<div><span><b>Speed:</b></span> <span>492 kt - 490 kt</span></div>\n<div><span><b>Timestamp:</b></span><br/><span>2026-05-18 08:51:33 UTC<br/>2026-05-18 08:52:04 UTC</span></div>\n</div>"},"stroke-opacity":1,"stroke":"#ff0078","stroke-width":2}},{"type":"Feature","geometry":{"type":"LineString","coordinates":[[0.784786,46.410141,10675.62],[0.734342,46.349121,10668]]},"properties":{"name":"P-278","description":{"@type":"html","value":"<div><div><span><b>Altitude:</b></span> <span>35,025 ft - 35,000 ft</span></div>\n<div><span><b>Speed:</b></span> <span>490 kt - 489 kt</span></div>\n<div><span><b>Timestamp:</b></span><br/><span>2026-05-18 08:52:04 UTC<br/>2026-05-18 08:52:35 UTC</span></div>\n</div>"},"stroke-opacity":1,"stroke":"#ff0078","stroke-width":2}},{"type":"Feature","geometry":{"type":"LineString","coordinates":[[0.734342,46.349121,10668],[0.683229,46.287186,10660.38]]},"properties":{"name":"P-279","description":{"@type":"html","value":"<div><div><span><b>Altitude:</b></span> <span>35,000 ft - 34,975 ft</span></div>\n<div><span><b>Speed:</b></span> <span>489 kt - 488 kt</span></div>\n<div><span><b>Timestamp:</b></span><br/><span>2026-05-18 08:52:35 UTC<br/>2026-05-18 08:53:06 UTC</span></div>\n</div>"},"stroke-opacity":1,"stroke":"#ff0078","stroke-width":2}},{"type":"Feature","geometry":{"type":"LineString","coordinates":[[0.683229,46.287186,10660.38],[0.633188,46.22612,10660.38]]},"properties":{"name":"P-280","description":{"@type":"html","value":"<div><div><span><b>Altitude:</b></span> <span>34,975 ft</span></div>\n<div><span><b>Speed:</b></span> <span>488 kt - 489 kt</span></div>\n<div><span><b>Timestamp:</b></span><br/><span>2026-05-18 08:53:06 UTC<br/>2026-05-18 08:53:38 UTC</span></div>\n</div>"},"stroke-opacity":1,"stroke":"#ff0078","stroke-width":2}},{"type":"Feature","geometry":{"type":"LineString","coordinates":[[0.633188,46.22612,10660.38],[0.582811,46.16478,10660.38]]},"properties":{"name":"P-281","description":{"@type":"html","value":"<div><div><span><b>Altitude:</b></span> <span>34,975 ft</span></div>\n<div><span><b>Speed:</b></span> <span>489 kt</span></div>\n<div><span><b>Timestamp:</b></span><br/><span>2026-05-18 08:53:38 UTC<br/>2026-05-18 08:54:09 UTC</span></div>\n</div>"},"stroke-opacity":1,"stroke":"#ff0078","stroke-width":2}},{"type":"Feature","geometry":{"type":"LineString","coordinates":[[0.582811,46.16478,10660.38],[0.532167,46.102936,10668]]},"properties":{"name":"P-282","description":{"@type":"html","value":"<div><div><span><b>Altitude:</b></span> <span>34,975 ft - 35,000 ft</span></div>\n<div><span><b>Speed:</b></span> <span>489 kt - 488 kt</span></div>\n<div><span><b>Timestamp:</b></span><br/><span>2026-05-18 08:54:09 UTC<br/>2026-05-18 08:54:40 UTC</span></div>\n</div>"},"stroke-opacity":1,"stroke":"#ff0078","stroke-width":2}},{"type":"Feature","geometry":{"type":"LineString","coordinates":[[0.532167,46.102936,10668],[0.482528,46.042099,10668]]},"properties":{"name":"P-283","description":{"@type":"html","value":"<div><div><span><b>Altitude:</b></span> <span>35,000 ft</span></div>\n<div><span><b>Speed:</b></span> <span>488 kt</span></div>\n<div><span><b>Timestamp:</b></span><br/><span>2026-05-18 08:54:40 UTC<br/>2026-05-18 08:55:11 UTC</span></div>\n</div>"},"stroke-opacity":1,"stroke":"#ff0078","stroke-width":2}},{"type":"Feature","geometry":{"type":"LineString","coordinates":[[0.482528,46.042099,10668],[0.432724,45.980808,10668]]},"properties":{"name":"P-284","description":{"@type":"html","value":"<div><div><span><b>Altitude:</b></span> <span>35,000 ft</span></div>\n<div><span><b>Speed:</b></span> <span>488 kt</span></div>\n<div><span><b>Timestamp:</b></span><br/><span>2026-05-18 08:55:11 UTC<br/>2026-05-18 08:55:43 UTC</span></div>\n</div>"},"stroke-opacity":1,"stroke":"#ff0078","stroke-width":2}},{"type":"Feature","geometry":{"type":"LineString","coordinates":[[0.432724,45.980808,10668],[0.383148,45.919731,10668]]},"properties":{"name":"P-285","description":{"@type":"html","value":"<div><div><span><b>Altitude:</b></span> <span>35,000 ft</span></div>\n<div><span><b>Speed:</b></span> <span>488 kt</span></div>\n<div><span><b>Timestamp:</b></span><br/><span>2026-05-18 08:55:43 UTC<br/>2026-05-18 08:56:14 UTC</span></div>\n</div>"},"stroke-opacity":1,"stroke":"#ff0078","stroke-width":2}},{"type":"Feature","geometry":{"type":"LineString","coordinates":[[0.383148,45.919731,10668],[0.332954,45.857723,10668]]},"properties":{"name":"P-286","description":{"@type":"html","value":"<div><div><span><b>Altitude:</b></span> <span>35,000 ft</span></div>\n<div><span><b>Speed:</b></span> <span>488 kt</span></div>\n<div><span><b>Timestamp:</b></span><br/><span>2026-05-18 08:56:14 UTC<br/>2026-05-18 08:56:45 UTC</span></div>\n</div>"},"stroke-opacity":1,"stroke":"#ff0078","stroke-width":2}},{"type":"Feature","geometry":{"type":"LineString","coordinates":[[0.332954,45.857723,10668],[0.284037,45.797287,10668]]},"properties":{"name":"P-287","description":{"@type":"html","value":"<div><div><span><b>Altitude:</b></span> <span>35,000 ft</span></div>\n<div><span><b>Speed:</b></span> <span>488 kt</span></div>\n<div><span><b>Timestamp:</b></span><br/><span>2026-05-18 08:56:45 UTC<br/>2026-05-18 08:57:16 UTC</span></div>\n</div>"},"stroke-opacity":1,"stroke":"#ff0078","stroke-width":2}},{"type":"Feature","geometry":{"type":"LineString","coordinates":[[0.284037,45.797287,10668],[0.234833,45.736176,10668]]},"properties":{"name":"P-288","description":{"@type":"html","value":"<div><div><span><b>Altitude:</b></span> <span>35,000 ft</span></div>\n<div><span><b>Speed:</b></span> <span>488 kt</span></div>\n<div><span><b>Timestamp:</b></span><br/><span>2026-05-18 08:57:16 UTC<br/>2026-05-18 08:57:47 UTC</span></div>\n</div>"},"stroke-opacity":1,"stroke":"#ff0078","stroke-width":2}},{"type":"Feature","geometry":{"type":"LineString","coordinates":[[0.234833,45.736176,10668],[0.184982,45.674122,10675.62]]},"properties":{"name":"P-289","description":{"@type":"html","value":"<div><div><span><b>Altitude:</b></span> <span>35,000 ft - 35,025 ft</span></div>\n<div><span><b>Speed:</b></span> <span>488 kt - 487 kt</span></div>\n<div><span><b>Timestamp:</b></span><br/><span>2026-05-18 08:57:47 UTC<br/>2026-05-18 08:58:19 UTC</span></div>\n</div>"},"stroke-opacity":1,"stroke":"#ff0078","stroke-width":2}},{"type":"Feature","geometry":{"type":"LineString","coordinates":[[0.184982,45.674122,10675.62],[0.135475,45.612301,10668]]},"properties":{"name":"P-290","description":{"@type":"html","value":"<div><div><span><b>Altitude:</b></span> <span>35,025 ft - 35,000 ft</span></div>\n<div><span><b>Speed:</b></span> <span>487 kt</span></div>\n<div><span><b>Timestamp:</b></span><br/><span>2026-05-18 08:58:19 UTC<br/>2026-05-18 08:58:50 UTC</span></div>\n</div>"},"stroke-opacity":1,"stroke":"#ff0078","stroke-width":2}},{"type":"Feature","geometry":{"type":"LineString","coordinates":[[0.135475,45.612301,10668],[0.086723,45.551273,10668]]},"properties":{"name":"P-291","description":{"@type":"html","value":"<div><div><span><b>Altitude:</b></span> <span>35,000 ft</span></div>\n<div><span><b>Speed:</b></span> <span>487 kt - 486 kt</span></div>\n<div><span><b>Timestamp:</b></span><br/><span>2026-05-18 08:58:50 UTC<br/>2026-05-18 08:59:21 UTC</span></div>\n</div>"},"stroke-opacity":1,"stroke":"#ff0078","stroke-width":2}},{"type":"Feature","geometry":{"type":"LineString","coordinates":[[0.086723,45.551273,10668],[0.038125,45.490402,10668]]},"properties":{"name":"P-292","description":{"@type":"html","value":"<div><div><span><b>Altitude:</b></span> <span>35,000 ft</span></div>\n<div><span><b>Speed:</b></span> <span>486 kt - 485 kt</span></div>\n<div><span><b>Timestamp:</b></span><br/><span>2026-05-18 08:59:21 UTC<br/>2026-05-18 08:59:52 UTC</span></div>\n</div>"},"stroke-opacity":1,"stroke":"#ff0078","stroke-width":2}},{"type":"Feature","geometry":{"type":"LineString","coordinates":[[0.038125,45.490402,10668],[-0.010594,45.429153,10668]]},"properties":{"name":"P-293","description":{"@type":"html","value":"<div><div><span><b>Altitude:</b></span> <span>35,000 ft</span></div>\n<div><span><b>Speed:</b></span> <span>485 kt</span></div>\n<div><span><b>Timestamp:</b></span><br/><span>2026-05-18 08:59:52 UTC<br/>2026-05-18 09:00:23 UTC</span></div>\n</div>"},"stroke-opacity":1,"stroke":"#ff0078","stroke-width":2}},{"type":"Feature","geometry":{"type":"LineString","coordinates":[[-0.010594,45.429153,10668],[-0.058986,45.368271,10668]]},"properties":{"name":"P-294","description":{"@type":"html","value":"<div><div><span><b>Altitude:</b></span> <span>35,000 ft</span></div>\n<div><span><b>Speed:</b></span> <span>485 kt</span></div>\n<div><span><b>Timestamp:</b></span><br/><span>2026-05-18 09:00:23 UTC<br/>2026-05-18 09:00:55 UTC</span></div>\n</div>"},"stroke-opacity":1,"stroke":"#ff0078","stroke-width":2}},{"type":"Feature","geometry":{"type":"LineString","coordinates":[[-0.058986,45.368271,10668],[-0.106581,45.307941,10668]]},"properties":{"name":"P-295","description":{"@type":"html","value":"<div><div><span><b>Altitude:</b></span> <span>35,000 ft</span></div>\n<div><span><b>Speed:</b></span> <span>485 kt - 486 kt</span></div>\n<div><span><b>Timestamp:</b></span><br/><span>2026-05-18 09:00:55 UTC<br/>2026-05-18 09:01:26 UTC</span></div>\n</div>"},"stroke-opacity":1,"stroke":"#ff0078","stroke-width":2}},{"type":"Feature","geometry":{"type":"LineString","coordinates":[[-0.106581,45.307941,10668],[-0.155751,45.245609,10668]]},"properties":{"name":"P-296","description":{"@type":"html","value":"<div><div><span><b>Altitude:</b></span> <span>35,000 ft</span></div>\n<div><span><b>Speed:</b></span> <span>486 kt - 485 kt</span></div>\n<div><span><b>Timestamp:</b></span><br/><span>2026-05-18 09:01:26 UTC<br/>2026-05-18 09:01:57 UTC</span></div>\n</div>"},"stroke-opacity":1,"stroke":"#ff0078","stroke-width":2}},{"type":"Feature","geometry":{"type":"LineString","coordinates":[[-0.155751,45.245609,10668],[-0.204097,45.18425,10668]]},"properties":{"name":"P-297","description":{"@type":"html","value":"<div><div><span><b>Altitude:</b></span> <span>35,000 ft</span></div>\n<div><span><b>Speed:</b></span> <span>485 kt - 486 kt</span></div>\n<div><span><b>Timestamp:</b></span><br/><span>2026-05-18 09:01:57 UTC<br/>2026-05-18 09:02:29 UTC</span></div>\n</div>"},"stroke-opacity":1,"stroke":"#ff0078","stroke-width":2}},{"type":"Feature","geometry":{"type":"LineString","coordinates":[[-0.204097,45.18425,10668],[-0.253013,45.12204,10668]]},"properties":{"name":"P-298","description":{"@type":"html","value":"<div><div><span><b>Altitude:</b></span> <span>35,000 ft</span></div>\n<div><span><b>Speed:</b></span> <span>486 kt</span></div>\n<div><span><b>Timestamp:</b></span><br/><span>2026-05-18 09:02:29 UTC<br/>2026-05-18 09:03:00 UTC</span></div>\n</div>"},"stroke-opacity":1,"stroke":"#ff0078","stroke-width":2}},{"type":"Feature","geometry":{"type":"LineString","coordinates":[[-0.253013,45.12204,10668],[-0.301208,45.060471,10668]]},"properties":{"name":"P-299","description":{"@type":"html","value":"<div><div><span><b>Altitude:</b></span> <span>35,000 ft</span></div>\n<div><span><b>Speed:</b></span> <span>486 kt - 487 kt</span></div>\n<div><span><b>Timestamp:</b></span><br/><span>2026-05-18 09:03:00 UTC<br/>2026-05-18 09:03:31 UTC</span></div>\n</div>"},"stroke-opacity":1,"stroke":"#ff0078","stroke-width":2}},{"type":"Feature","geometry":{"type":"LineString","coordinates":[[-0.301208,45.060471,10668],[-0.349339,44.998856,10668]]},"properties":{"name":"P-300","description":{"@type":"html","value":"<div><div><span><b>Altitude:</b></span> <span>35,000 ft</span></div>\n<div><span><b>Speed:</b></span> <span>487 kt</span></div>\n<div><span><b>Timestamp:</b></span><br/><span>2026-05-18 09:03:31 UTC<br/>2026-05-18 09:04:03 UTC</span></div>\n</div>"},"stroke-opacity":1,"stroke":"#ff0078","stroke-width":2}},{"type":"Feature","geometry":{"type":"LineString","coordinates":[[-0.349339,44.998856,10668],[-0.39747,44.937149,10668]]},"properties":{"name":"P-301","description":{"@type":"html","value":"<div><div><span><b>Altitude:</b></span> <span>35,000 ft</span></div>\n<div><span><b>Speed:</b></span> <span>487 kt</span></div>\n<div><span><b>Timestamp:</b></span><br/><span>2026-05-18 09:04:03 UTC<br/>2026-05-18 09:04:34 UTC</span></div>\n</div>"},"stroke-opacity":1,"stroke":"#ff0078","stroke-width":2}},{"type":"Feature","geometry":{"type":"LineString","coordinates":[[-0.39747,44.937149,10668],[-0.446123,44.874664,10668]]},"properties":{"name":"P-302","description":{"@type":"html","value":"<div><div><span><b>Altitude:</b></span> <span>35,000 ft</span></div>\n<div><span><b>Speed:</b></span> <span>487 kt</span></div>\n<div><span><b>Timestamp:</b></span><br/><span>2026-05-18 09:04:34 UTC<br/>2026-05-18 09:05:06 UTC</span></div>\n</div>"},"stroke-opacity":1,"stroke":"#ff0078","stroke-width":2}},{"type":"Feature","geometry":{"type":"LineString","coordinates":[[-0.446123,44.874664,10668],[-0.494921,44.811695,10668]]},"properties":{"name":"P-303","description":{"@type":"html","value":"<div><div><span><b>Altitude:</b></span> <span>35,000 ft</span></div>\n<div><span><b>Speed:</b></span> <span>487 kt - 488 kt</span></div>\n<div><span><b>Timestamp:</b></span><br/><span>2026-05-18 09:05:06 UTC<br/>2026-05-18 09:05:38 UTC</span></div>\n</div>"},"stroke-opacity":1,"stroke":"#ff0078","stroke-width":2}},{"type":"Feature","geometry":{"type":"LineString","coordinates":[[-0.494921,44.811695,10668],[-0.543421,44.749084,10668]]},"properties":{"name":"P-304","description":{"@type":"html","value":"<div><div><span><b>Altitude:</b></span> <span>35,000 ft</span></div>\n<div><span><b>Speed:</b></span> <span>488 kt</span></div>\n<div><span><b>Timestamp:</b></span><br/><span>2026-05-18 09:05:38 UTC<br/>2026-05-18 09:06:09 UTC</span></div>\n</div>"},"stroke-opacity":1,"stroke":"#ff0078","stroke-width":2}},{"type":"Feature","geometry":{"type":"LineString","coordinates":[[-0.543421,44.749084,10668],[-0.591989,44.686237,10668]]},"properties":{"name":"P-305","description":{"@type":"html","value":"<div><div><span><b>Altitude:</b></span> <span>35,000 ft</span></div>\n<div><span><b>Speed:</b></span> <span>488 kt</span></div>\n<div><span><b>Timestamp:</b></span><br/><span>2026-05-18 09:06:09 UTC<br/>2026-05-18 09:06:41 UTC</span></div>\n</div>"},"stroke-opacity":1,"stroke":"#ff0078","stroke-width":2}},{"type":"Feature","geometry":{"type":"LineString","coordinates":[[-0.591989,44.686237,10668],[-0.638949,44.625256,10668]]},"properties":{"name":"P-306","description":{"@type":"html","value":"<div><div><span><b>Altitude:</b></span> <span>35,000 ft</span></div>\n<div><span><b>Speed:</b></span> <span>488 kt - 489 kt</span></div>\n<div><span><b>Timestamp:</b></span><br/><span>2026-05-18 09:06:41 UTC<br/>2026-05-18 09:07:12 UTC</span></div>\n</div>"},"stroke-opacity":1,"stroke":"#ff0078","stroke-width":2}},{"type":"Feature","geometry":{"type":"LineString","coordinates":[[-0.638949,44.625256,10668],[-0.687299,44.562241,10668]]},"properties":{"name":"P-307","description":{"@type":"html","value":"<div><div><span><b>Altitude:</b></span> <span>35,000 ft</span></div>\n<div><span><b>Speed:</b></span> <span>489 kt</span></div>\n<div><span><b>Timestamp:</b></span><br/><span>2026-05-18 09:07:12 UTC<br/>2026-05-18 09:07:44 UTC</span></div>\n</div>"},"stroke-opacity":1,"stroke":"#ff0078","stroke-width":2}},{"type":"Feature","geometry":{"type":"LineString","coordinates":[[-0.687299,44.562241,10668],[-0.73628,44.498154,10668]]},"properties":{"name":"P-308","description":{"@type":"html","value":"<div><div><span><b>Altitude:</b></span> <span>35,000 ft</span></div>\n<div><span><b>Speed:</b></span> <span>489 kt - 490 kt</span></div>\n<div><span><b>Timestamp:</b></span><br/><span>2026-05-18 09:07:44 UTC<br/>2026-05-18 09:08:16 UTC</span></div>\n</div>"},"stroke-opacity":1,"stroke":"#ff0078","stroke-width":2}},{"type":"Feature","geometry":{"type":"LineString","coordinates":[[-0.73628,44.498154,10668],[-0.784149,44.435715,10668]]},"properties":{"name":"P-309","description":{"@type":"html","value":"<div><div><span><b>Altitude:</b></span> <span>35,000 ft</span></div>\n<div><span><b>Speed:</b></span> <span>490 kt - 489 kt</span></div>\n<div><span><b>Timestamp:</b></span><br/><span>2026-05-18 09:08:16 UTC<br/>2026-05-18 09:08:48 UTC</span></div>\n</div>"},"stroke-opacity":1,"stroke":"#ff0078","stroke-width":2}},{"type":"Feature","geometry":{"type":"LineString","coordinates":[[-0.784149,44.435715,10668],[-0.834023,44.370193,10668]]},"properties":{"name":"P-310","description":{"@type":"html","value":"<div><div><span><b>Altitude:</b></span> <span>35,000 ft</span></div>\n<div><span><b>Speed:</b></span> <span>489 kt - 490 kt</span></div>\n<div><span><b>Timestamp:</b></span><br/><span>2026-05-18 09:08:48 UTC<br/>2026-05-18 09:09:20 UTC</span></div>\n</div>"},"stroke-opacity":1,"stroke":"#ff0078","stroke-width":2}},{"type":"Feature","geometry":{"type":"LineString","coordinates":[[-0.834023,44.370193,10668],[-0.881385,44.308002,10668]]},"properties":{"name":"P-311","description":{"@type":"html","value":"<div><div><span><b>Altitude:</b></span> <span>35,000 ft</span></div>\n<div><span><b>Speed:</b></span> <span>490 kt</span></div>\n<div><span><b>Timestamp:</b></span><br/><span>2026-05-18 09:09:20 UTC<br/>2026-05-18 09:09:52 UTC</span></div>\n</div>"},"stroke-opacity":1,"stroke":"#ff0078","stroke-width":2}},{"type":"Feature","geometry":{"type":"LineString","coordinates":[[-0.881385,44.308002,10668],[-0.928737,44.24556,10668]]},"properties":{"name":"P-312","description":{"@type":"html","value":"<div><div><span><b>Altitude:</b></span> <span>35,000 ft</span></div>\n<div><span><b>Speed:</b></span> <span>490 kt</span></div>\n<div><span><b>Timestamp:</b></span><br/><span>2026-05-18 09:09:52 UTC<br/>2026-05-18 09:10:23 UTC</span></div>\n</div>"},"stroke-opacity":1,"stroke":"#ff0078","stroke-width":2}},{"type":"Feature","geometry":{"type":"LineString","coordinates":[[-0.928737,44.24556,10668],[-0.976606,44.182308,10668]]},"properties":{"name":"P-313","description":{"@type":"html","value":"<div><div><span><b>Altitude:</b></span> <span>35,000 ft</span></div>\n<div><span><b>Speed:</b></span> <span>490 kt</span></div>\n<div><span><b>Timestamp:</b></span><br/><span>2026-05-18 09:10:23 UTC<br/>2026-05-18 09:10:55 UTC</span></div>\n</div>"},"stroke-opacity":1,"stroke":"#ff0078","stroke-width":2}},{"type":"Feature","geometry":{"type":"LineString","coordinates":[[-0.976606,44.182308,10668],[-1.025433,44.117661,10668]]},"properties":{"name":"P-314","description":{"@type":"html","value":"<div><div><span><b>Altitude:</b></span> <span>35,000 ft</span></div>\n<div><span><b>Speed:</b></span> <span>490 kt</span></div>\n<div><span><b>Timestamp:</b></span><br/><span>2026-05-18 09:10:55 UTC<br/>2026-05-18 09:11:27 UTC</span></div>\n</div>"},"stroke-opacity":1,"stroke":"#ff0078","stroke-width":2}},{"type":"Feature","geometry":{"type":"LineString","coordinates":[[-1.025433,44.117661,10668],[-1.073848,44.053501,10668]]},"properties":{"name":"P-315","description":{"@type":"html","value":"<div><div><span><b>Altitude:</b></span> <span>35,000 ft</span></div>\n<div><span><b>Speed:</b></span> <span>490 kt - 491 kt</span></div>\n<div><span><b>Timestamp:</b></span><br/><span>2026-05-18 09:11:27 UTC<br/>2026-05-18 09:12:00 UTC</span></div>\n</div>"},"stroke-opacity":1,"stroke":"#ff0078","stroke-width":2}},{"type":"Feature","geometry":{"type":"LineString","coordinates":[[-1.073848,44.053501,10668],[-1.121372,43.990128,10668]]},"properties":{"name":"P-316","description":{"@type":"html","value":"<div><div><span><b>Altitude:</b></span> <span>35,000 ft</span></div>\n<div><span><b>Speed:</b></span> <span>491 kt - 490 kt</span></div>\n<div><span><b>Timestamp:</b></span><br/><span>2026-05-18 09:12:00 UTC<br/>2026-05-18 09:12:32 UTC</span></div>\n</div>"},"stroke-opacity":1,"stroke":"#ff0078","stroke-width":2}},{"type":"Feature","geometry":{"type":"LineString","coordinates":[[-1.121372,43.990128,10668],[-1.168474,43.927341,10660.38]]},"properties":{"name":"P-317","description":{"@type":"html","value":"<div><div><span><b>Altitude:</b></span> <span>35,000 ft - 34,975 ft</span></div>\n<div><span><b>Speed:</b></span> <span>490 kt</span></div>\n<div><span><b>Timestamp:</b></span><br/><span>2026-05-18 09:12:32 UTC<br/>2026-05-18 09:13:03 UTC</span></div>\n</div>"},"stroke-opacity":1,"stroke":"#ff0078","stroke-width":2}},{"type":"Feature","geometry":{"type":"LineString","coordinates":[[-1.168474,43.927341,10660.38],[-1.215363,43.864452,10660.38]]},"properties":{"name":"P-318","description":{"@type":"html","value":"<div><div><span><b>Altitude:</b></span> <span>34,975 ft</span></div>\n<div><span><b>Speed:</b></span> <span>490 kt</span></div>\n<div><span><b>Timestamp:</b></span><br/><span>2026-05-18 09:13:03 UTC<br/>2026-05-18 09:13:35 UTC</span></div>\n</div>"},"stroke-opacity":1,"stroke":"#ff0078","stroke-width":2}},{"type":"Feature","geometry":{"type":"LineString","coordinates":[[-1.215363,43.864452,10660.38],[-1.262981,43.800476,10668]]},"properties":{"name":"P-319","description":{"@type":"html","value":"<div><div><span><b>Altitude:</b></span> <span>34,975 ft - 35,000 ft</span></div>\n<div><span><b>Speed:</b></span> <span>490 kt - 492 kt</span></div>\n<div><span><b>Timestamp:</b></span><br/><span>2026-05-18 09:13:35 UTC<br/>2026-05-18 09:14:06 UTC</span></div>\n</div>"},"stroke-opacity":1,"stroke":"#ff0078","stroke-width":2}},{"type":"Feature","geometry":{"type":"LineString","coordinates":[[-1.262981,43.800476,10668],[-1.310316,43.736805,10668]]},"properties":{"name":"P-320","description":{"@type":"html","value":"<div><div><span><b>Altitude:</b></span> <span>35,000 ft</span></div>\n<div><span><b>Speed:</b></span> <span>492 kt - 493 kt</span></div>\n<div><span><b>Timestamp:</b></span><br/><span>2026-05-18 09:14:06 UTC<br/>2026-05-18 09:14:38 UTC</span></div>\n</div>"},"stroke-opacity":1,"stroke":"#ff0078","stroke-width":2}},{"type":"Feature","geometry":{"type":"LineString","coordinates":[[-1.310316,43.736805,10668],[-1.357067,43.673859,10668]]},"properties":{"name":"P-321","description":{"@type":"html","value":"<div><div><span><b>Altitude:</b></span> <span>35,000 ft</span></div>\n<div><span><b>Speed:</b></span> <span>493 kt</span></div>\n<div><span><b>Timestamp:</b></span><br/><span>2026-05-18 09:14:38 UTC<br/>2026-05-18 09:15:10 UTC</span></div>\n</div>"},"stroke-opacity":1,"stroke":"#ff0078","stroke-width":2}},{"type":"Feature","geometry":{"type":"LineString","coordinates":[[-1.357067,43.673859,10668],[-1.403567,43.611099,10675.62]]},"properties":{"name":"P-322","description":{"@type":"html","value":"<div><div><span><b>Altitude:</b></span> <span>35,000 ft - 35,025 ft</span></div>\n<div><span><b>Speed:</b></span> <span>493 kt - 492 kt</span></div>\n<div><span><b>Timestamp:</b></span><br/><span>2026-05-18 09:15:10 UTC<br/>2026-05-18 09:15:41 UTC</span></div>\n</div>"},"stroke-opacity":1,"stroke":"#ff0078","stroke-width":2}},{"type":"Feature","geometry":{"type":"LineString","coordinates":[[-1.403567,43.611099,10675.62],[-1.452223,43.548222,10668]]},"properties":{"name":"P-323","description":{"@type":"html","value":"<div><div><span><b>Altitude:</b></span> <span>35,025 ft - 35,000 ft</span></div>\n<div><span><b>Speed:</b></span> <span>492 kt - 488 kt</span></div>\n<div><span><b>Timestamp:</b></span><br/><span>2026-05-18 09:15:41 UTC<br/>2026-05-18 09:16:13 UTC</span></div>\n</div>"},"stroke-opacity":1,"stroke":"#ff0078","stroke-width":2}},{"type":"Feature","geometry":{"type":"LineString","coordinates":[[-1.452223,43.548222,10668],[-1.511131,43.49057,10668]]},"properties":{"name":"P-324","description":{"@type":"html","value":"<div><div><span><b>Altitude:</b></span> <span>35,000 ft</span></div>\n<div><span><b>Speed:</b></span> <span>488 kt - 480 kt</span></div>\n<div><span><b>Timestamp:</b></span><br/><span>2026-05-18 09:16:13 UTC<br/>2026-05-18 09:16:45 UTC</span></div>\n</div>"},"stroke-opacity":1,"stroke":"#ff0078","stroke-width":2}},{"type":"Feature","geometry":{"type":"LineString","coordinates":[[-1.511131,43.49057,10668],[-1.57673,43.441406,10675.62]]},"properties":{"name":"P-325","description":{"@type":"html","value":"<div><div><span><b>Altitude:</b></span> <span>35,000 ft - 35,025 ft</span></div>\n<div><span><b>Speed:</b></span> <span>480 kt - 472 kt</span></div>\n<div><span><b>Timestamp:</b></span><br/><span>2026-05-18 09:16:45 UTC<br/>2026-05-18 09:17:16 UTC</span></div>\n</div>"},"stroke-opacity":1,"stroke":"#ff0078","stroke-width":2}},{"type":"Feature","geometry":{"type":"LineString","coordinates":[[-1.57673,43.441406,10675.62],[-1.649192,43.399582,10668]]},"properties":{"name":"P-326","description":{"@type":"html","value":"<div><div><span><b>Altitude:</b></span> <span>35,025 ft - 35,000 ft</span></div>\n<div><span><b>Speed:</b></span> <span>472 kt - 463 kt</span></div>\n<div><span><b>Timestamp:</b></span><br/><span>2026-05-18 09:17:16 UTC<br/>2026-05-18 09:17:47 UTC</span></div>\n</div>"},"stroke-opacity":1,"stroke":"#ff0078","stroke-width":2}},{"type":"Feature","geometry":{"type":"LineString","coordinates":[[-1.649192,43.399582,10668],[-1.724534,43.362808,10675.62]]},"properties":{"name":"P-327","description":{"@type":"html","value":"<div><div><span><b>Altitude:</b></span> <span>35,000 ft - 35,025 ft</span></div>\n<div><span><b>Speed:</b></span> <span>463 kt - 461 kt</span></div>\n<div><span><b>Timestamp:</b></span><br/><span>2026-05-18 09:17:47 UTC<br/>2026-05-18 09:18:18 UTC</span></div>\n</div>"},"stroke-opacity":1,"stroke":"#ff0078","stroke-width":2}},{"type":"Feature","geometry":{"type":"LineString","coordinates":[[-1.724534,43.362808,10675.62],[-1.801104,43.325283,10668]]},"properties":{"name":"P-328","description":{"@type":"html","value":"<div><div><span><b>Altitude:</b></span> <span>35,025 ft - 35,000 ft</span></div>\n<div><span><b>Speed:</b></span> <span>461 kt - 460 kt</span></div>\n<div><span><b>Timestamp:</b></span><br/><span>2026-05-18 09:18:18 UTC<br/>2026-05-18 09:18:50 UTC</span></div>\n</div>"},"stroke-opacity":1,"stroke":"#ff0078","stroke-width":2}},{"type":"Feature","geometry":{"type":"LineString","coordinates":[[-1.801104,43.325283,10668],[-1.874702,43.286545,10668]]},"properties":{"name":"P-329","description":{"@type":"html","value":"<div><div><span><b>Altitude:</b></span> <span>35,000 ft</span></div>\n<div><span><b>Speed:</b></span> <span>460 kt - 463 kt</span></div>\n<div><span><b>Timestamp:</b></span><br/><span>2026-05-18 09:18:50 UTC<br/>2026-05-18 09:19:21 UTC</span></div>\n</div>"},"stroke-opacity":1,"stroke":"#ff0078","stroke-width":2}},{"type":"Feature","geometry":{"type":"LineString","coordinates":[[-1.874702,43.286545,10668],[-1.948896,43.245632,10660.38]]},"properties":{"name":"P-330","description":{"@type":"html","value":"<div><div><span><b>Altitude:</b></span> <span>35,000 ft - 34,975 ft</span></div>\n<div><span><b>Speed:</b></span> <span>463 kt - 464 kt</span></div>\n<div><span><b>Timestamp:</b></span><br/><span>2026-05-18 09:19:21 UTC<br/>2026-05-18 09:19:53 UTC</span></div>\n</div>"},"stroke-opacity":1,"stroke":"#ff0078","stroke-width":2}},{"type":"Feature","geometry":{"type":"LineString","coordinates":[[-1.948896,43.245632,10660.38],[-2.02091,43.205887,10660.38]]},"properties":{"name":"P-331","description":{"@type":"html","value":"<div><div><span><b>Altitude:</b></span> <span>34,975 ft</span></div>\n<div><span><b>Speed:</b></span> <span>464 kt</span></div>\n<div><span><b>Timestamp:</b></span><br/><span>2026-05-18 09:19:53 UTC<br/>2026-05-18 09:20:24 UTC</span></div>\n</div>"},"stroke-opacity":1,"stroke":"#ff0078","stroke-width":2}},{"type":"Feature","geometry":{"type":"LineString","coordinates":[[-2.02091,43.205887,10660.38],[-2.095578,43.164459,10660.38]]},"properties":{"name":"P-332","description":{"@type":"html","value":"<div><div><span><b>Altitude:</b></span> <span>34,975 ft</span></div>\n<div><span><b>Speed:</b></span> <span>464 kt</span></div>\n<div><span><b>Timestamp:</b></span><br/><span>2026-05-18 09:20:24 UTC<br/>2026-05-18 09:20:56 UTC</span></div>\n</div>"},"stroke-opacity":1,"stroke":"#ff0078","stroke-width":2}},{"type":"Feature","geometry":{"type":"LineString","coordinates":[[-2.095578,43.164459,10660.38],[-2.170822,43.122757,10660.38]]},"properties":{"name":"P-333","description":{"@type":"html","value":"<div><div><span><b>Altitude:</b></span> <span>34,975 ft</span></div>\n<div><span><b>Speed:</b></span> <span>464 kt</span></div>\n<div><span><b>Timestamp:</b></span><br/><span>2026-05-18 09:20:56 UTC<br/>2026-05-18 09:21:28 UTC</span></div>\n</div>"},"stroke-opacity":1,"stroke":"#ff0078","stroke-width":2}},{"type":"Feature","geometry":{"type":"LineString","coordinates":[[-2.170822,43.122757,10660.38],[-2.24268,43.082703,10668]]},"properties":{"name":"P-334","description":{"@type":"html","value":"<div><div><span><b>Altitude:</b></span> <span>34,975 ft - 35,000 ft</span></div>\n<div><span><b>Speed:</b></span> <span>464 kt - 465 kt</span></div>\n<div><span><b>Timestamp:</b></span><br/><span>2026-05-18 09:21:28 UTC<br/>2026-05-18 09:21:59 UTC</span></div>\n</div>"},"stroke-opacity":1,"stroke":"#ff0078","stroke-width":2}},{"type":"Feature","geometry":{"type":"LineString","coordinates":[[-2.24268,43.082703,10668],[-2.317396,43.040943,10668]]},"properties":{"name":"P-335","description":{"@type":"html","value":"<div><div><span><b>Altitude:</b></span> <span>35,000 ft</span></div>\n<div><span><b>Speed:</b></span> <span>465 kt - 466 kt</span></div>\n<div><span><b>Timestamp:</b></span><br/><span>2026-05-18 09:21:59 UTC<br/>2026-05-18 09:22:30 UTC</span></div>\n</div>"},"stroke-opacity":1,"stroke":"#ff0078","stroke-width":2}},{"type":"Feature","geometry":{"type":"LineString","coordinates":[[-2.317396,43.040943,10668],[-2.390676,42.999939,10668]]},"properties":{"name":"P-336","description":{"@type":"html","value":"<div><div><span><b>Altitude:</b></span> <span>35,000 ft</span></div>\n<div><span><b>Speed:</b></span> <span>466 kt - 465 kt</span></div>\n<div><span><b>Timestamp:</b></span><br/><span>2026-05-18 09:22:30 UTC<br/>2026-05-18 09:23:02 UTC</span></div>\n</div>"},"stroke-opacity":1,"stroke":"#ff0078","stroke-width":2}},{"type":"Feature","geometry":{"type":"LineString","coordinates":[[-2.390676,42.999939,10668],[-2.464514,42.958466,10675.62]]},"properties":{"name":"P-337","description":{"@type":"html","value":"<div><div><span><b>Altitude:</b></span> <span>35,000 ft - 35,025 ft</span></div>\n<div><span><b>Speed:</b></span> <span>465 kt</span></div>\n<div><span><b>Timestamp:</b></span><br/><span>2026-05-18 09:23:02 UTC<br/>2026-05-18 09:23:33 UTC</span></div>\n</div>"},"stroke-opacity":1,"stroke":"#ff0078","stroke-width":2}},{"type":"Feature","geometry":{"type":"LineString","coordinates":[[-2.464514,42.958466,10675.62],[-2.539247,42.916489,10675.62]]},"properties":{"name":"P-338","description":{"@type":"html","value":"<div><div><span><b>Altitude:</b></span> <span>35,025 ft</span></div>\n<div><span><b>Speed:</b></span> <span>465 kt</span></div>\n<div><span><b>Timestamp:</b></span><br/><span>2026-05-18 09:23:33 UTC<br/>2026-05-18 09:24:05 UTC</span></div>\n</div>"},"stroke-opacity":1,"stroke":"#ff0078","stroke-width":2}},{"type":"Feature","geometry":{"type":"LineString","coordinates":[[-2.539247,42.916489,10675.62],[-2.612766,42.875015,10668]]},"properties":{"name":"P-339","description":{"@type":"html","value":"<div><div><span><b>Altitude:</b></span> <span>35,025 ft - 35,000 ft</span></div>\n<div><span><b>Speed:</b></span> <span>465 kt - 466 kt</span></div>\n<div><span><b>Timestamp:</b></span><br/><span>2026-05-18 09:24:05 UTC<br/>2026-05-18 09:24:37 UTC</span></div>\n</div>"},"stroke-opacity":1,"stroke":"#ff0078","stroke-width":2}},{"type":"Feature","geometry":{"type":"LineString","coordinates":[[-2.612766,42.875015,10668],[-2.685111,42.834156,10668]]},"properties":{"name":"P-340","description":{"@type":"html","value":"<div><div><span><b>Altitude:</b></span> <span>35,000 ft</span></div>\n<div><span><b>Speed:</b></span> <span>466 kt - 468 kt</span></div>\n<div><span><b>Timestamp:</b></span><br/><span>2026-05-18 09:24:37 UTC<br/>2026-05-18 09:25:09 UTC</span></div>\n</div>"},"stroke-opacity":1,"stroke":"#ff0078","stroke-width":2}},{"type":"Feature","geometry":{"type":"LineString","coordinates":[[-2.685111,42.834156,10668],[-2.760762,42.791283,10668]]},"properties":{"name":"P-341","description":{"@type":"html","value":"<div><div><span><b>Altitude:</b></span> <span>35,000 ft</span></div>\n<div><span><b>Speed:</b></span> <span>468 kt</span></div>\n<div><span><b>Timestamp:</b></span><br/><span>2026-05-18 09:25:09 UTC<br/>2026-05-18 09:25:41 UTC</span></div>\n</div>"},"stroke-opacity":1,"stroke":"#ff0078","stroke-width":2}},{"type":"Feature","geometry":{"type":"LineString","coordinates":[[-2.760762,42.791283,10668],[-2.833349,42.750046,10668]]},"properties":{"name":"P-342","description":{"@type":"html","value":"<div><div><span><b>Altitude:</b></span> <span>35,000 ft</span></div>\n<div><span><b>Speed:</b></span> <span>468 kt</span></div>\n<div><span><b>Timestamp:</b></span><br/><span>2026-05-18 09:25:41 UTC<br/>2026-05-18 09:26:12 UTC</span></div>\n</div>"},"stroke-opacity":1,"stroke":"#ff0078","stroke-width":2}},{"type":"Feature","geometry":{"type":"LineString","coordinates":[[-2.833349,42.750046,10668],[-2.907928,42.707859,10668]]},"properties":{"name":"P-343","description":{"@type":"html","value":"<div><div><span><b>Altitude:</b></span> <span>35,000 ft</span></div>\n<div><span><b>Speed:</b></span> <span>468 kt - 467 kt</span></div>\n<div><span><b>Timestamp:</b></span><br/><span>2026-05-18 09:26:12 UTC<br/>2026-05-18 09:26:44 UTC</span></div>\n</div>"},"stroke-opacity":1,"stroke":"#ff0078","stroke-width":2}},{"type":"Feature","geometry":{"type":"LineString","coordinates":[[-2.907928,42.707859,10668],[-2.985035,42.665222,10675.62]]},"properties":{"name":"P-344","description":{"@type":"html","value":"<div><div><span><b>Altitude:</b></span> <span>35,000 ft - 35,025 ft</span></div>\n<div><span><b>Speed:</b></span> <span>467 kt</span></div>\n<div><span><b>Timestamp:</b></span><br/><span>2026-05-18 09:26:44 UTC<br/>2026-05-18 09:27:17 UTC</span></div>\n</div>"},"stroke-opacity":1,"stroke":"#ff0078","stroke-width":2}},{"type":"Feature","geometry":{"type":"LineString","coordinates":[[-2.985035,42.665222,10675.62],[-3.058862,42.624161,10675.62]]},"properties":{"name":"P-345","description":{"@type":"html","value":"<div><div><span><b>Altitude:</b></span> <span>35,025 ft</span></div>\n<div><span><b>Speed:</b></span> <span>467 kt - 468 kt</span></div>\n<div><span><b>Timestamp:</b></span><br/><span>2026-05-18 09:27:17 UTC<br/>2026-05-18 09:27:48 UTC</span></div>\n</div>"},"stroke-opacity":1,"stroke":"#ff0078","stroke-width":2}},{"type":"Feature","geometry":{"type":"LineString","coordinates":[[-3.058862,42.624161,10675.62],[-3.133351,42.582504,10675.62]]},"properties":{"name":"P-346","description":{"@type":"html","value":"<div><div><span><b>Altitude:</b></span> <span>35,025 ft</span></div>\n<div><span><b>Speed:</b></span> <span>468 kt - 466 kt</span></div>\n<div><span><b>Timestamp:</b></span><br/><span>2026-05-18 09:27:48 UTC<br/>2026-05-18 09:28:20 UTC</span></div>\n</div>"},"stroke-opacity":1,"stroke":"#ff0078","stroke-width":2}},{"type":"Feature","geometry":{"type":"LineString","coordinates":[[-3.133351,42.582504,10675.62],[-3.206283,42.541763,10675.62]]},"properties":{"name":"P-347","description":{"@type":"html","value":"<div><div><span><b>Altitude:</b></span> <span>35,025 ft</span></div>\n<div><span><b>Speed:</b></span> <span>466 kt - 464 kt</span></div>\n<div><span><b>Timestamp:</b></span><br/><span>2026-05-18 09:28:20 UTC<br/>2026-05-18 09:28:52 UTC</span></div>\n</div>"},"stroke-opacity":1,"stroke":"#ff0078","stroke-width":2}},{"type":"Feature","geometry":{"type":"LineString","coordinates":[[-3.206283,42.541763,10675.62],[-3.280605,42.499969,10668]]},"properties":{"name":"P-348","description":{"@type":"html","value":"<div><div><span><b>Altitude:</b></span> <span>35,025 ft - 35,000 ft</span></div>\n<div><span><b>Speed:</b></span> <span>464 kt - 463 kt</span></div>\n<div><span><b>Timestamp:</b></span><br/><span>2026-05-18 09:28:52 UTC<br/>2026-05-18 09:29:24 UTC</span></div>\n</div>"},"stroke-opacity":1,"stroke":"#ff0078","stroke-width":2}},{"type":"Feature","geometry":{"type":"LineString","coordinates":[[-3.280605,42.499969,10668],[-3.352746,42.45932,10668]]},"properties":{"name":"P-349","description":{"@type":"html","value":"<div><div><span><b>Altitude:</b></span> <span>35,000 ft</span></div>\n<div><span><b>Speed:</b></span> <span>463 kt - 462 kt</span></div>\n<div><span><b>Timestamp:</b></span><br/><span>2026-05-18 09:29:24 UTC<br/>2026-05-18 09:29:56 UTC</span></div>\n</div>"},"stroke-opacity":1,"stroke":"#ff0078","stroke-width":2}},{"type":"Feature","geometry":{"type":"LineString","coordinates":[[-3.352746,42.45932,10668],[-3.425612,42.418213,10660.38]]},"properties":{"name":"P-350","description":{"@type":"html","value":"<div><div><span><b>Altitude:</b></span> <span>35,000 ft - 34,975 ft</span></div>\n<div><span><b>Speed:</b></span> <span>462 kt - 461 kt</span></div>\n<div><span><b>Timestamp:</b></span><br/><span>2026-05-18 09:29:56 UTC<br/>2026-05-18 09:30:27 UTC</span></div>\n</div>"},"stroke-opacity":1,"stroke":"#ff0078","stroke-width":2}},{"type":"Feature","geometry":{"type":"LineString","coordinates":[[-3.425612,42.418213,10660.38],[-3.497357,42.377571,10660.38]]},"properties":{"name":"P-351","description":{"@type":"html","value":"<div><div><span><b>Altitude:</b></span> <span>34,975 ft</span></div>\n<div><span><b>Speed:</b></span> <span>461 kt - 460 kt</span></div>\n<div><span><b>Timestamp:</b></span><br/><span>2026-05-18 09:30:27 UTC<br/>2026-05-18 09:30:59 UTC</span></div>\n</div>"},"stroke-opacity":1,"stroke":"#ff0078","stroke-width":2}},{"type":"Feature","geometry":{"type":"LineString","coordinates":[[-3.497357,42.377571,10660.38],[-3.569854,42.336514,10652.76]]},"properties":{"name":"P-352","description":{"@type":"html","value":"<div><div><span><b>Altitude:</b></span> <span>34,975 ft - 34,950 ft</span></div>\n<div><span><b>Speed:</b></span> <span>460 kt - 461 kt</span></div>\n<div><span><b>Timestamp:</b></span><br/><span>2026-05-18 09:30:59 UTC<br/>2026-05-18 09:31:30 UTC</span></div>\n</div>"},"stroke-opacity":1,"stroke":"#ff0078","stroke-width":2}},{"type":"Feature","geometry":{"type":"LineString","coordinates":[[-3.569854,42.336514,10652.76],[-3.641593,42.295715,10660.38]]},"properties":{"name":"P-353","description":{"@type":"html","value":"<div><div><span><b>Altitude:</b></span> <span>34,950 ft - 34,975 ft</span></div>\n<div><span><b>Speed:</b></span> <span>461 kt - 462 kt</span></div>\n<div><span><b>Timestamp:</b></span><br/><span>2026-05-18 09:31:30 UTC<br/>2026-05-18 09:32:02 UTC</span></div>\n</div>"},"stroke-opacity":1,"stroke":"#ff0078","stroke-width":2}},{"type":"Feature","geometry":{"type":"LineString","coordinates":[[-3.641593,42.295715,10660.38],[-3.716313,42.253143,10668]]},"properties":{"name":"P-354","description":{"@type":"html","value":"<div><div><span><b>Altitude:</b></span> <span>34,975 ft - 35,000 ft</span></div>\n<div><span><b>Speed:</b></span> <span>462 kt</span></div>\n<div><span><b>Timestamp:</b></span><br/><span>2026-05-18 09:32:02 UTC<br/>2026-05-18 09:32:34 UTC</span></div>\n</div>"},"stroke-opacity":1,"stroke":"#ff0078","stroke-width":2}},{"type":"Feature","geometry":{"type":"LineString","coordinates":[[-3.716313,42.253143,10668],[-3.787984,42.212219,10675.62]]},"properties":{"name":"P-355","description":{"@type":"html","value":"<div><div><span><b>Altitude:</b></span> <span>35,000 ft - 35,025 ft</span></div>\n<div><span><b>Speed:</b></span> <span>462 kt</span></div>\n<div><span><b>Timestamp:</b></span><br/><span>2026-05-18 09:32:34 UTC<br/>2026-05-18 09:33:06 UTC</span></div>\n</div>"},"stroke-opacity":1,"stroke":"#ff0078","stroke-width":2}},{"type":"Feature","geometry":{"type":"LineString","coordinates":[[-3.787984,42.212219,10675.62],[-3.860928,42.170414,10675.62]]},"properties":{"name":"P-356","description":{"@type":"html","value":"<div><div><span><b>Altitude:</b></span> <span>35,025 ft</span></div>\n<div><span><b>Speed:</b></span> <span>462 kt</span></div>\n<div><span><b>Timestamp:</b></span><br/><span>2026-05-18 09:33:06 UTC<br/>2026-05-18 09:33:38 UTC</span></div>\n</div>"},"stroke-opacity":1,"stroke":"#ff0078","stroke-width":2}},{"type":"Feature","geometry":{"type":"LineString","coordinates":[[-3.860928,42.170414,10675.62],[-3.931982,42.129639,10675.62]]},"properties":{"name":"P-357","description":{"@type":"html","value":"<div><div><span><b>Altitude:</b></span> <span>35,025 ft</span></div>\n<div><span><b>Speed:</b></span> <span>462 kt</span></div>\n<div><span><b>Timestamp:</b></span><br/><span>2026-05-18 09:33:38 UTC<br/>2026-05-18 09:34:09 UTC</span></div>\n</div>"},"stroke-opacity":1,"stroke":"#ff0078","stroke-width":2}},{"type":"Feature","geometry":{"type":"LineString","coordinates":[[-3.931982,42.129639,10675.62],[-4.00209,42.089275,10675.62]]},"properties":{"name":"P-358","description":{"@type":"html","value":"<div><div><span><b>Altitude:</b></span> <span>35,025 ft</span></div>\n<div><span><b>Speed:</b></span> <span>462 kt - 461 kt</span></div>\n<div><span><b>Timestamp:</b></span><br/><span>2026-05-18 09:34:09 UTC<br/>2026-05-18 09:34:40 UTC</span></div>\n</div>"},"stroke-opacity":1,"stroke":"#ff0078","stroke-width":2}},{"type":"Feature","geometry":{"type":"LineString","coordinates":[[-4.00209,42.089275,10675.62],[-4.074367,42.048111,10675.62]]},"properties":{"name":"P-359","description":{"@type":"html","value":"<div><div><span><b>Altitude:</b></span> <span>35,025 ft</span></div>\n<div><span><b>Speed:</b></span> <span>461 kt - 459 kt</span></div>\n<div><span><b>Timestamp:</b></span><br/><span>2026-05-18 09:34:40 UTC<br/>2026-05-18 09:35:12 UTC</span></div>\n</div>"},"stroke-opacity":1,"stroke":"#ff0078","stroke-width":2}},{"type":"Feature","geometry":{"type":"LineString","coordinates":[[-4.074367,42.048111,10675.62],[-4.150405,42.012604,10668]]},"properties":{"name":"P-360","description":{"@type":"html","value":"<div><div><span><b>Altitude:</b></span> <span>35,025 ft - 35,000 ft</span></div>\n<div><span><b>Speed:</b></span> <span>459 kt - 453 kt</span></div>\n<div><span><b>Timestamp:</b></span><br/><span>2026-05-18 09:35:12 UTC<br/>2026-05-18 09:35:44 UTC</span></div>\n</div>"},"stroke-opacity":1,"stroke":"#ff0078","stroke-width":2}},{"type":"Feature","geometry":{"type":"LineString","coordinates":[[-4.150405,42.012604,10668],[-4.229736,41.982147,10668]]},"properties":{"name":"P-361","description":{"@type":"html","value":"<div><div><span><b>Altitude:</b></span> <span>35,000 ft</span></div>\n<div><span><b>Speed:</b></span> <span>453 kt - 448 kt</span></div>\n<div><span><b>Timestamp:</b></span><br/><span>2026-05-18 09:35:44 UTC<br/>2026-05-18 09:36:16 UTC</span></div>\n</div>"},"stroke-opacity":1,"stroke":"#ff0078","stroke-width":2}},{"type":"Feature","geometry":{"type":"LineString","coordinates":[[-4.229736,41.982147,10668],[-4.307982,41.952133,10668]]},"properties":{"name":"P-362","description":{"@type":"html","value":"<div><div><span><b>Altitude:</b></span> <span>35,000 ft</span></div>\n<div><span><b>Speed:</b></span> <span>448 kt - 447 kt</span></div>\n<div><span><b>Timestamp:</b></span><br/><span>2026-05-18 09:36:16 UTC<br/>2026-05-18 09:36:48 UTC</span></div>\n</div>"},"stroke-opacity":1,"stroke":"#ff0078","stroke-width":2}},{"type":"Feature","geometry":{"type":"LineString","coordinates":[[-4.307982,41.952133,10668],[-4.387041,41.92186,10668]]},"properties":{"name":"P-363","description":{"@type":"html","value":"<div><div><span><b>Altitude:</b></span> <span>35,000 ft</span></div>\n<div><span><b>Speed:</b></span> <span>447 kt - 446 kt</span></div>\n<div><span><b>Timestamp:</b></span><br/><span>2026-05-18 09:36:48 UTC<br/>2026-05-18 09:37:19 UTC</span></div>\n</div>"},"stroke-opacity":1,"stroke":"#ff0078","stroke-width":2}},{"type":"Feature","geometry":{"type":"LineString","coordinates":[[-4.387041,41.92186,10668],[-4.46588,41.891647,10668]]},"properties":{"name":"P-364","description":{"@type":"html","value":"<div><div><span><b>Altitude:</b></span> <span>35,000 ft</span></div>\n<div><span><b>Speed:</b></span> <span>446 kt - 445 kt</span></div>\n<div><span><b>Timestamp:</b></span><br/><span>2026-05-18 09:37:19 UTC<br/>2026-05-18 09:37:52 UTC</span></div>\n</div>"},"stroke-opacity":1,"stroke":"#ff0078","stroke-width":2}},{"type":"Feature","geometry":{"type":"LineString","coordinates":[[-4.46588,41.891647,10668],[-4.543294,41.861961,10660.38]]},"properties":{"name":"P-365","description":{"@type":"html","value":"<div><div><span><b>Altitude:</b></span> <span>35,000 ft - 34,975 ft</span></div>\n<div><span><b>Speed:</b></span> <span>445 kt - 446 kt</span></div>\n<div><span><b>Timestamp:</b></span><br/><span>2026-05-18 09:37:52 UTC<br/>2026-05-18 09:38:23 UTC</span></div>\n</div>"},"stroke-opacity":1,"stroke":"#ff0078","stroke-width":2}},{"type":"Feature","geometry":{"type":"LineString","coordinates":[[-4.543294,41.861961,10660.38],[-4.621624,41.831818,10660.38]]},"properties":{"name":"P-366","description":{"@type":"html","value":"<div><div><span><b>Altitude:</b></span> <span>34,975 ft</span></div>\n<div><span><b>Speed:</b></span> <span>446 kt - 445 kt</span></div>\n<div><span><b>Timestamp:</b></span><br/><span>2026-05-18 09:38:23 UTC<br/>2026-05-18 09:38:55 UTC</span></div>\n</div>"},"stroke-opacity":1,"stroke":"#ff0078","stroke-width":2}},{"type":"Feature","geometry":{"type":"LineString","coordinates":[[-4.621624,41.831818,10660.38],[-4.701462,41.80101,10652.76]]},"properties":{"name":"P-367","description":{"@type":"html","value":"<div><div><span><b>Altitude:</b></span> <span>34,975 ft - 34,950 ft</span></div>\n<div><span><b>Speed:</b></span> <span>445 kt - 446 kt</span></div>\n<div><span><b>Timestamp:</b></span><br/><span>2026-05-18 09:38:55 UTC<br/>2026-05-18 09:39:28 UTC</span></div>\n</div>"},"stroke-opacity":1,"stroke":"#ff0078","stroke-width":2}},{"type":"Feature","geometry":{"type":"LineString","coordinates":[[-4.701462,41.80101,10652.76],[-4.779947,41.770626,10660.38]]},"properties":{"name":"P-368","description":{"@type":"html","value":"<div><div><span><b>Altitude:</b></span> <span>34,950 ft - 34,975 ft</span></div>\n<div><span><b>Speed:</b></span> <span>446 kt - 447 kt</span></div>\n<div><span><b>Timestamp:</b></span><br/><span>2026-05-18 09:39:28 UTC<br/>2026-05-18 09:40:00 UTC</span></div>\n</div>"},"stroke-opacity":1,"stroke":"#ff0078","stroke-width":2}},{"type":"Feature","geometry":{"type":"LineString","coordinates":[[-4.779947,41.770626,10660.38],[-4.85832,41.740273,10668]]},"properties":{"name":"P-369","description":{"@type":"html","value":"<div><div><span><b>Altitude:</b></span> <span>34,975 ft - 35,000 ft</span></div>\n<div><span><b>Speed:</b></span> <span>447 kt - 448 kt</span></div>\n<div><span><b>Timestamp:</b></span><br/><span>2026-05-18 09:40:00 UTC<br/>2026-05-18 09:40:31 UTC</span></div>\n</div>"},"stroke-opacity":1,"stroke":"#ff0078","stroke-width":2}},{"type":"Feature","geometry":{"type":"LineString","coordinates":[[-4.85832,41.740273,10668],[-4.937269,41.709454,10668]]},"properties":{"name":"P-370","description":{"@type":"html","value":"<div><div><span><b>Altitude:</b></span> <span>35,000 ft</span></div>\n<div><span><b>Speed:</b></span> <span>448 kt - 449 kt</span></div>\n<div><span><b>Timestamp:</b></span><br/><span>2026-05-18 09:40:31 UTC<br/>2026-05-18 09:41:04 UTC</span></div>\n</div>"},"stroke-opacity":1,"stroke":"#ff0078","stroke-width":2}},{"type":"Feature","geometry":{"type":"LineString","coordinates":[[-4.937269,41.709454,10668],[-5.014429,41.679291,10675.62]]},"properties":{"name":"P-371","description":{"@type":"html","value":"<div><div><span><b>Altitude:</b></span> <span>35,000 ft - 35,025 ft</span></div>\n<div><span><b>Speed:</b></span> <span>449 kt - 450 kt</span></div>\n<div><span><b>Timestamp:</b></span><br/><span>2026-05-18 09:41:04 UTC<br/>2026-05-18 09:41:35 UTC</span></div>\n</div>"},"stroke-opacity":1,"stroke":"#ff0078","stroke-width":2}},{"type":"Feature","geometry":{"type":"LineString","coordinates":[[-5.014429,41.679291,10675.62],[-5.092163,41.648937,10675.62]]},"properties":{"name":"P-372","description":{"@type":"html","value":"<div><div><span><b>Altitude:</b></span> <span>35,025 ft</span></div>\n<div><span><b>Speed:</b></span> <span>450 kt - 451 kt</span></div>\n<div><span><b>Timestamp:</b></span><br/><span>2026-05-18 09:41:35 UTC<br/>2026-05-18 09:42:07 UTC</span></div>\n</div>"},"stroke-opacity":1,"stroke":"#ff0078","stroke-width":2}},{"type":"Feature","geometry":{"type":"LineString","coordinates":[[-5.092163,41.648937,10675.62],[-5.170856,41.618073,10675.62]]},"properties":{"name":"P-373","description":{"@type":"html","value":"<div><div><span><b>Altitude:</b></span> <span>35,025 ft</span></div>\n<div><span><b>Speed:</b></span> <span>451 kt - 452 kt</span></div>\n<div><span><b>Timestamp:</b></span><br/><span>2026-05-18 09:42:07 UTC<br/>2026-05-18 09:42:38 UTC</span></div>\n</div>"},"stroke-opacity":1,"stroke":"#ff0078","stroke-width":2}},{"type":"Feature","geometry":{"type":"LineString","coordinates":[[-5.170856,41.618073,10675.62],[-5.246227,41.588467,10683.24]]},"properties":{"name":"P-374","description":{"@type":"html","value":"<div><div><span><b>Altitude:</b></span> <span>35,025 ft - 35,050 ft</span></div>\n<div><span><b>Speed:</b></span> <span>452 kt - 450 kt</span></div>\n<div><span><b>Timestamp:</b></span><br/><span>2026-05-18 09:42:38 UTC<br/>2026-05-18 09:43:09 UTC</span></div>\n</div>"},"stroke-opacity":1,"stroke":"#ff0078","stroke-width":2}},{"type":"Feature","geometry":{"type":"LineString","coordinates":[[-5.246227,41.588467,10683.24],[-5.325498,41.557251,10668]]},"properties":{"name":"P-375","description":{"@type":"html","value":"<div><div><span><b>Altitude:</b></span> <span>35,050 ft - 35,000 ft</span></div>\n<div><span><b>Speed:</b></span> <span>450 kt - 451 kt</span></div>\n<div><span><b>Timestamp:</b></span><br/><span>2026-05-18 09:43:09 UTC<br/>2026-05-18 09:43:41 UTC</span></div>\n</div>"},"stroke-opacity":1,"stroke":"#ff0078","stroke-width":2}},{"type":"Feature","geometry":{"type":"LineString","coordinates":[[-5.325498,41.557251,10668],[-5.40406,41.52618,10675.62]]},"properties":{"name":"P-376","description":{"@type":"html","value":"<div><div><span><b>Altitude:</b></span> <span>35,000 ft - 35,025 ft</span></div>\n<div><span><b>Speed:</b></span> <span>451 kt - 450 kt</span></div>\n<div><span><b>Timestamp:</b></span><br/><span>2026-05-18 09:43:41 UTC<br/>2026-05-18 09:44:13 UTC</span></div>\n</div>"},"stroke-opacity":1,"stroke":"#ff0078","stroke-width":2}},{"type":"Feature","geometry":{"type":"LineString","coordinates":[[-5.40406,41.52618,10675.62],[-5.481348,41.495594,10668]]},"properties":{"name":"P-377","description":{"@type":"html","value":"<div><div><span><b>Altitude:</b></span> <span>35,025 ft - 35,000 ft</span></div>\n<div><span><b>Speed:</b></span> <span>450 kt</span></div>\n<div><span><b>Timestamp:</b></span><br/><span>2026-05-18 09:44:13 UTC<br/>2026-05-18 09:44:45 UTC</span></div>\n</div>"},"stroke-opacity":1,"stroke":"#ff0078","stroke-width":2}},{"type":"Feature","geometry":{"type":"LineString","coordinates":[[-5.481348,41.495594,10668],[-5.560393,41.464096,10668]]},"properties":{"name":"P-378","description":{"@type":"html","value":"<div><div><span><b>Altitude:</b></span> <span>35,000 ft</span></div>\n<div><span><b>Speed:</b></span> <span>450 kt</span></div>\n<div><span><b>Timestamp:</b></span><br/><span>2026-05-18 09:44:45 UTC<br/>2026-05-18 09:45:17 UTC</span></div>\n</div>"},"stroke-opacity":1,"stroke":"#ff0078","stroke-width":2}},{"type":"Feature","geometry":{"type":"LineString","coordinates":[[-5.560393,41.464096,10668],[-5.638222,41.43298,10668]]},"properties":{"name":"P-379","description":{"@type":"html","value":"<div><div><span><b>Altitude:</b></span> <span>35,000 ft</span></div>\n<div><span><b>Speed:</b></span> <span>450 kt</span></div>\n<div><span><b>Timestamp:</b></span><br/><span>2026-05-18 09:45:17 UTC<br/>2026-05-18 09:45:49 UTC</span></div>\n</div>"},"stroke-opacity":1,"stroke":"#ff0078","stroke-width":2}},{"type":"Feature","geometry":{"type":"LineString","coordinates":[[-5.638222,41.43298,10668],[-5.717073,41.401611,10660.38]]},"properties":{"name":"P-380","description":{"@type":"html","value":"<div><div><span><b>Altitude:</b></span> <span>35,000 ft - 34,975 ft</span></div>\n<div><span><b>Speed:</b></span> <span>450 kt - 449 kt</span></div>\n<div><span><b>Timestamp:</b></span><br/><span>2026-05-18 09:45:49 UTC<br/>2026-05-18 09:46:21 UTC</span></div>\n</div>"},"stroke-opacity":1,"stroke":"#ff0078","stroke-width":2}},{"type":"Feature","geometry":{"type":"LineString","coordinates":[[-5.717073,41.401611,10660.38],[-5.793228,41.371067,10660.38]]},"properties":{"name":"P-381","description":{"@type":"html","value":"<div><div><span><b>Altitude:</b></span> <span>34,975 ft</span></div>\n<div><span><b>Speed:</b></span> <span>449 kt - 448 kt</span></div>\n<div><span><b>Timestamp:</b></span><br/><span>2026-05-18 09:46:21 UTC<br/>2026-05-18 09:46:53 UTC</span></div>\n</div>"},"stroke-opacity":1,"stroke":"#ff0078","stroke-width":2}},{"type":"Feature","geometry":{"type":"LineString","coordinates":[[-5.793228,41.371067,10660.38],[-5.869883,41.340157,10668]]},"properties":{"name":"P-382","description":{"@type":"html","value":"<div><div><span><b>Altitude:</b></span> <span>34,975 ft - 35,000 ft</span></div>\n<div><span><b>Speed:</b></span> <span>448 kt</span></div>\n<div><span><b>Timestamp:</b></span><br/><span>2026-05-18 09:46:53 UTC<br/>2026-05-18 09:47:24 UTC</span></div>\n</div>"},"stroke-opacity":1,"stroke":"#ff0078","stroke-width":2}},{"type":"Feature","geometry":{"type":"LineString","coordinates":[[-5.869883,41.340157,10668],[-5.947449,41.30896,10668]]},"properties":{"name":"P-383","description":{"@type":"html","value":"<div><div><span><b>Altitude:</b></span> <span>35,000 ft</span></div>\n<div><span><b>Speed:</b></span> <span>448 kt</span></div>\n<div><span><b>Timestamp:</b></span><br/><span>2026-05-18 09:47:24 UTC<br/>2026-05-18 09:47:56 UTC</span></div>\n</div>"},"stroke-opacity":1,"stroke":"#ff0078","stroke-width":2}},{"type":"Feature","geometry":{"type":"LineString","coordinates":[[-5.947449,41.30896,10668],[-6.024841,41.277832,10668]]},"properties":{"name":"P-384","description":{"@type":"html","value":"<div><div><span><b>Altitude:</b></span> <span>35,000 ft</span></div>\n<div><span><b>Speed:</b></span> <span>448 kt - 446 kt</span></div>\n<div><span><b>Timestamp:</b></span><br/><span>2026-05-18 09:47:56 UTC<br/>2026-05-18 09:48:28 UTC</span></div>\n</div>"},"stroke-opacity":1,"stroke":"#ff0078","stroke-width":2}},{"type":"Feature","geometry":{"type":"LineString","coordinates":[[-6.024841,41.277832,10668],[-6.102031,41.246586,10668]]},"properties":{"name":"P-385","description":{"@type":"html","value":"<div><div><span><b>Altitude:</b></span> <span>35,000 ft</span></div>\n<div><span><b>Speed:</b></span> <span>446 kt</span></div>\n<div><span><b>Timestamp:</b></span><br/><span>2026-05-18 09:48:28 UTC<br/>2026-05-18 09:49:00 UTC</span></div>\n</div>"},"stroke-opacity":1,"stroke":"#ff0078","stroke-width":2}},{"type":"Feature","geometry":{"type":"LineString","coordinates":[[-6.102031,41.246586,10668],[-6.178186,41.215584,10660.38]]},"properties":{"name":"P-386","description":{"@type":"html","value":"<div><div><span><b>Altitude:</b></span> <span>35,000 ft - 34,975 ft</span></div>\n<div><span><b>Speed:</b></span> <span>446 kt - 447 kt</span></div>\n<div><span><b>Timestamp:</b></span><br/><span>2026-05-18 09:49:00 UTC<br/>2026-05-18 09:49:32 UTC</span></div>\n</div>"},"stroke-opacity":1,"stroke":"#ff0078","stroke-width":2}},{"type":"Feature","geometry":{"type":"LineString","coordinates":[[-6.178186,41.215584,10660.38],[-6.250908,41.182251,10668]]},"properties":{"name":"P-387","description":{"@type":"html","value":"<div><div><span><b>Altitude:</b></span> <span>34,975 ft - 35,000 ft</span></div>\n<div><span><b>Speed:</b></span> <span>447 kt - 449 kt</span></div>\n<div><span><b>Timestamp:</b></span><br/><span>2026-05-18 09:49:32 UTC<br/>2026-05-18 09:50:03 UTC</span></div>\n</div>"},"stroke-opacity":1,"stroke":"#ff0078","stroke-width":2}},{"type":"Feature","geometry":{"type":"LineString","coordinates":[[-6.250908,41.182251,10668],[-6.325684,41.14595,10668]]},"properties":{"name":"P-388","description":{"@type":"html","value":"<div><div><span><b>Altitude:</b></span> <span>35,000 ft</span></div>\n<div><span><b>Speed:</b></span> <span>449 kt</span></div>\n<div><span><b>Timestamp:</b></span><br/><span>2026-05-18 09:50:03 UTC<br/>2026-05-18 09:50:35 UTC</span></div>\n</div>"},"stroke-opacity":1,"stroke":"#ff0078","stroke-width":2}},{"type":"Feature","geometry":{"type":"LineString","coordinates":[[-6.325684,41.14595,10668],[-6.399599,41.110001,10668]]},"properties":{"name":"P-389","description":{"@type":"html","value":"<div><div><span><b>Altitude:</b></span> <span>35,000 ft</span></div>\n<div><span><b>Speed:</b></span> <span>449 kt - 450 kt</span></div>\n<div><span><b>Timestamp:</b></span><br/><span>2026-05-18 09:50:35 UTC<br/>2026-05-18 09:51:07 UTC</span></div>\n</div>"},"stroke-opacity":1,"stroke":"#ff0078","stroke-width":2}},{"type":"Feature","geometry":{"type":"LineString","coordinates":[[-6.399599,41.110001,10668],[-6.471619,41.074905,10668]]},"properties":{"name":"P-390","description":{"@type":"html","value":"<div><div><span><b>Altitude:</b></span> <span>35,000 ft</span></div>\n<div><span><b>Speed:</b></span> <span>450 kt</span></div>\n<div><span><b>Timestamp:</b></span><br/><span>2026-05-18 09:51:07 UTC<br/>2026-05-18 09:51:38 UTC</span></div>\n</div>"},"stroke-opacity":1,"stroke":"#ff0078","stroke-width":2}},{"type":"Feature","geometry":{"type":"LineString","coordinates":[[-6.471619,41.074905,10668],[-6.545604,41.038639,10668]]},"properties":{"name":"P-391","description":{"@type":"html","value":"<div><div><span><b>Altitude:</b></span> <span>35,000 ft</span></div>\n<div><span><b>Speed:</b></span> <span>450 kt - 449 kt</span></div>\n<div><span><b>Timestamp:</b></span><br/><span>2026-05-18 09:51:38 UTC<br/>2026-05-18 09:52:10 UTC</span></div>\n</div>"},"stroke-opacity":1,"stroke":"#ff0078","stroke-width":2}},{"type":"Feature","geometry":{"type":"LineString","coordinates":[[-6.545604,41.038639,10668],[-6.618077,41.003025,10675.62]]},"properties":{"name":"P-392","description":{"@type":"html","value":"<div><div><span><b>Altitude:</b></span> <span>35,000 ft - 35,025 ft</span></div>\n<div><span><b>Speed:</b></span> <span>449 kt</span></div>\n<div><span><b>Timestamp:</b></span><br/><span>2026-05-18 09:52:10 UTC<br/>2026-05-18 09:52:42 UTC</span></div>\n</div>"},"stroke-opacity":1,"stroke":"#ff0078","stroke-width":2}},{"type":"Feature","geometry":{"type":"LineString","coordinates":[[-6.618077,41.003025,10675.62],[-6.692796,40.966343,10668]]},"properties":{"name":"P-393","description":{"@type":"html","value":"<div><div><span><b>Altitude:</b></span> <span>35,025 ft - 35,000 ft</span></div>\n<div><span><b>Speed:</b></span> <span>449 kt - 448 kt</span></div>\n<div><span><b>Timestamp:</b></span><br/><span>2026-05-18 09:52:42 UTC<br/>2026-05-18 09:53:15 UTC</span></div>\n</div>"},"stroke-opacity":1,"stroke":"#ff0078","stroke-width":2}},{"type":"Feature","geometry":{"type":"LineString","coordinates":[[-6.692796,40.966343,10668],[-6.766642,40.92989,10668]]},"properties":{"name":"P-394","description":{"@type":"html","value":"<div><div><span><b>Altitude:</b></span> <span>35,000 ft</span></div>\n<div><span><b>Speed:</b></span> <span>448 kt</span></div>\n<div><span><b>Timestamp:</b></span><br/><span>2026-05-18 09:53:15 UTC<br/>2026-05-18 09:53:46 UTC</span></div>\n</div>"},"stroke-opacity":1,"stroke":"#ff0078","stroke-width":2}},{"type":"Feature","geometry":{"type":"LineString","coordinates":[[-6.766642,40.92989,10668],[-6.840393,40.893402,10668]]},"properties":{"name":"P-395","description":{"@type":"html","value":"<div><div><span><b>Altitude:</b></span> <span>35,000 ft</span></div>\n<div><span><b>Speed:</b></span> <span>448 kt - 447 kt</span></div>\n<div><span><b>Timestamp:</b></span><br/><span>2026-05-18 09:53:46 UTC<br/>2026-05-18 09:54:19 UTC</span></div>\n</div>"},"stroke-opacity":1,"stroke":"#ff0078","stroke-width":2}},{"type":"Feature","geometry":{"type":"LineString","coordinates":[[-6.840393,40.893402,10668],[-6.911316,40.858337,10668]]},"properties":{"name":"P-396","description":{"@type":"html","value":"<div><div><span><b>Altitude:</b></span> <span>35,000 ft</span></div>\n<div><span><b>Speed:</b></span> <span>447 kt</span></div>\n<div><span><b>Timestamp:</b></span><br/><span>2026-05-18 09:54:19 UTC<br/>2026-05-18 09:54:50 UTC</span></div>\n</div>"},"stroke-opacity":1,"stroke":"#ff0078","stroke-width":2}},{"type":"Feature","geometry":{"type":"LineString","coordinates":[[-6.911316,40.858337,10668],[-6.984131,40.822174,10668]]},"properties":{"name":"P-397","description":{"@type":"html","value":"<div><div><span><b>Altitude:</b></span> <span>35,000 ft</span></div>\n<div><span><b>Speed:</b></span> <span>447 kt</span></div>\n<div><span><b>Timestamp:</b></span><br/><span>2026-05-18 09:54:50 UTC<br/>2026-05-18 09:55:22 UTC</span></div>\n</div>"},"stroke-opacity":1,"stroke":"#ff0078","stroke-width":2}},{"type":"Feature","geometry":{"type":"LineString","coordinates":[[-6.984131,40.822174,10668],[-7.056468,40.786137,10668]]},"properties":{"name":"P-398","description":{"@type":"html","value":"<div><div><span><b>Altitude:</b></span> <span>35,000 ft</span></div>\n<div><span><b>Speed:</b></span> <span>447 kt - 448 kt</span></div>\n<div><span><b>Timestamp:</b></span><br/><span>2026-05-18 09:55:22 UTC<br/>2026-05-18 09:55:53 UTC</span></div>\n</div>"},"stroke-opacity":1,"stroke":"#ff0078","stroke-width":2}},{"type":"Feature","geometry":{"type":"LineString","coordinates":[[-7.056468,40.786137,10668],[-7.128967,40.749985,10668]]},"properties":{"name":"P-399","description":{"@type":"html","value":"<div><div><span><b>Altitude:</b></span> <span>35,000 ft</span></div>\n<div><span><b>Speed:</b></span> <span>448 kt</span></div>\n<div><span><b>Timestamp:</b></span><br/><span>2026-05-18 09:55:53 UTC<br/>2026-05-18 09:56:25 UTC</span></div>\n</div>"},"stroke-opacity":1,"stroke":"#ff0078","stroke-width":2}},{"type":"Feature","geometry":{"type":"LineString","coordinates":[[-7.128967,40.749985,10668],[-7.200806,40.714005,10668]]},"properties":{"name":"P-400","description":{"@type":"html","value":"<div><div><span><b>Altitude:</b></span> <span>35,000 ft</span></div>\n<div><span><b>Speed:</b></span> <span>448 kt - 447 kt</span></div>\n<div><span><b>Timestamp:</b></span><br/><span>2026-05-18 09:56:25 UTC<br/>2026-05-18 09:56:57 UTC</span></div>\n</div>"},"stroke-opacity":1,"stroke":"#ff0078","stroke-width":2}},{"type":"Feature","geometry":{"type":"LineString","coordinates":[[-7.200806,40.714005,10668],[-7.273012,40.677811,10668]]},"properties":{"name":"P-401","description":{"@type":"html","value":"<div><div><span><b>Altitude:</b></span> <span>35,000 ft</span></div>\n<div><span><b>Speed:</b></span> <span>447 kt - 448 kt</span></div>\n<div><span><b>Timestamp:</b></span><br/><span>2026-05-18 09:56:57 UTC<br/>2026-05-18 09:57:28 UTC</span></div>\n</div>"},"stroke-opacity":1,"stroke":"#ff0078","stroke-width":2}},{"type":"Feature","geometry":{"type":"LineString","coordinates":[[-7.273012,40.677811,10668],[-7.343799,40.642292,10668]]},"properties":{"name":"P-402","description":{"@type":"html","value":"<div><div><span><b>Altitude:</b></span> <span>35,000 ft</span></div>\n<div><span><b>Speed:</b></span> <span>448 kt - 447 kt</span></div>\n<div><span><b>Timestamp:</b></span><br/><span>2026-05-18 09:57:28 UTC<br/>2026-05-18 09:58:00 UTC</span></div>\n</div>"},"stroke-opacity":1,"stroke":"#ff0078","stroke-width":2}},{"type":"Feature","geometry":{"type":"LineString","coordinates":[[-7.343799,40.642292,10668],[-7.416199,40.605835,10668]]},"properties":{"name":"P-403","description":{"@type":"html","value":"<div><div><span><b>Altitude:</b></span> <span>35,000 ft</span></div>\n<div><span><b>Speed:</b></span> <span>447 kt</span></div>\n<div><span><b>Timestamp:</b></span><br/><span>2026-05-18 09:58:00 UTC<br/>2026-05-18 09:58:32 UTC</span></div>\n</div>"},"stroke-opacity":1,"stroke":"#ff0078","stroke-width":2}},{"type":"Feature","geometry":{"type":"LineString","coordinates":[[-7.416199,40.605835,10668],[-7.487557,40.569763,10668]]},"properties":{"name":"P-404","description":{"@type":"html","value":"<div><div><span><b>Altitude:</b></span> <span>35,000 ft</span></div>\n<div><span><b>Speed:</b></span> <span>447 kt - 445 kt</span></div>\n<div><span><b>Timestamp:</b></span><br/><span>2026-05-18 09:58:32 UTC<br/>2026-05-18 09:59:03 UTC</span></div>\n</div>"},"stroke-opacity":1,"stroke":"#ff0078","stroke-width":2}},{"type":"Feature","geometry":{"type":"LineString","coordinates":[[-7.487557,40.569763,10668],[-7.559814,40.533279,10668]]},"properties":{"name":"P-405","description":{"@type":"html","value":"<div><div><span><b>Altitude:</b></span> <span>35,000 ft</span></div>\n<div><span><b>Speed:</b></span> <span>445 kt - 446 kt</span></div>\n<div><span><b>Timestamp:</b></span><br/><span>2026-05-18 09:59:03 UTC<br/>2026-05-18 09:59:35 UTC</span></div>\n</div>"},"stroke-opacity":1,"stroke":"#ff0078","stroke-width":2}},{"type":"Feature","geometry":{"type":"LineString","coordinates":[[-7.559814,40.533279,10668],[-7.630798,40.497253,10668]]},"properties":{"name":"P-406","description":{"@type":"html","value":"<div><div><span><b>Altitude:</b></span> <span>35,000 ft</span></div>\n<div><span><b>Speed:</b></span> <span>446 kt</span></div>\n<div><span><b>Timestamp:</b></span><br/><span>2026-05-18 09:59:35 UTC<br/>2026-05-18 10:00:07 UTC</span></div>\n</div>"},"stroke-opacity":1,"stroke":"#ff0078","stroke-width":2}},{"type":"Feature","geometry":{"type":"LineString","coordinates":[[-7.630798,40.497253,10668],[-7.702209,40.460907,10668]]},"properties":{"name":"P-407","description":{"@type":"html","value":"<div><div><span><b>Altitude:</b></span> <span>35,000 ft</span></div>\n<div><span><b>Speed:</b></span> <span>446 kt - 447 kt</span></div>\n<div><span><b>Timestamp:</b></span><br/><span>2026-05-18 10:00:07 UTC<br/>2026-05-18 10:00:38 UTC</span></div>\n</div>"},"stroke-opacity":1,"stroke":"#ff0078","stroke-width":2}},{"type":"Feature","geometry":{"type":"LineString","coordinates":[[-7.702209,40.460907,10668],[-7.77289,40.424847,10675.62]]},"properties":{"name":"P-408","description":{"@type":"html","value":"<div><div><span><b>Altitude:</b></span> <span>35,000 ft - 35,025 ft</span></div>\n<div><span><b>Speed:</b></span> <span>447 kt</span></div>\n<div><span><b>Timestamp:</b></span><br/><span>2026-05-18 10:00:38 UTC<br/>2026-05-18 10:01:10 UTC</span></div>\n</div>"},"stroke-opacity":1,"stroke":"#ff0078","stroke-width":2}},{"type":"Feature","geometry":{"type":"LineString","coordinates":[[-7.77289,40.424847,10675.62],[-7.843445,40.388855,10668]]},"properties":{"name":"P-409","description":{"@type":"html","value":"<div><div><span><b>Altitude:</b></span> <span>35,025 ft - 35,000 ft</span></div>\n<div><span><b>Speed:</b></span> <span>447 kt - 446 kt</span></div>\n<div><span><b>Timestamp:</b></span><br/><span>2026-05-18 10:01:10 UTC<br/>2026-05-18 10:01:41 UTC</span></div>\n</div>"},"stroke-opacity":1,"stroke":"#ff0078","stroke-width":2}},{"type":"Feature","geometry":{"type":"LineString","coordinates":[[-7.843445,40.388855,10668],[-7.915466,40.352051,10675.62]]},"properties":{"name":"P-410","description":{"@type":"html","value":"<div><div><span><b>Altitude:</b></span> <span>35,000 ft - 35,025 ft</span></div>\n<div><span><b>Speed:</b></span> <span>446 kt - 445 kt</span></div>\n<div><span><b>Timestamp:</b></span><br/><span>2026-05-18 10:01:41 UTC<br/>2026-05-18 10:02:13 UTC</span></div>\n</div>"},"stroke-opacity":1,"stroke":"#ff0078","stroke-width":2}},{"type":"Feature","geometry":{"type":"LineString","coordinates":[[-7.915466,40.352051,10675.62],[-7.985718,40.316025,10668]]},"properties":{"name":"P-411","description":{"@type":"html","value":"<div><div><span><b>Altitude:</b></span> <span>35,025 ft - 35,000 ft</span></div>\n<div><span><b>Speed:</b></span> <span>445 kt</span></div>\n<div><span><b>Timestamp:</b></span><br/><span>2026-05-18 10:02:13 UTC<br/>2026-05-18 10:02:45 UTC</span></div>\n</div>"},"stroke-opacity":1,"stroke":"#ff0078","stroke-width":2}},{"type":"Feature","geometry":{"type":"LineString","coordinates":[[-7.985718,40.316025,10668],[-8.057678,40.278992,10668]]},"properties":{"name":"P-412","description":{"@type":"html","value":"<div><div><span><b>Altitude:</b></span> <span>35,000 ft</span></div>\n<div><span><b>Speed:</b></span> <span>445 kt - 444 kt</span></div>\n<div><span><b>Timestamp:</b></span><br/><span>2026-05-18 10:02:45 UTC<br/>2026-05-18 10:03:17 UTC</span></div>\n</div>"},"stroke-opacity":1,"stroke":"#ff0078","stroke-width":2}},{"type":"Feature","geometry":{"type":"LineString","coordinates":[[-8.057678,40.278992,10668],[-8.127319,40.243149,10660.38]]},"properties":{"name":"P-413","description":{"@type":"html","value":"<div><div><span><b>Altitude:</b></span> <span>35,000 ft - 34,975 ft</span></div>\n<div><span><b>Speed:</b></span> <span>444 kt</span></div>\n<div><span><b>Timestamp:</b></span><br/><span>2026-05-18 10:03:17 UTC<br/>2026-05-18 10:03:49 UTC</span></div>\n</div>"},"stroke-opacity":1,"stroke":"#ff0078","stroke-width":2}},{"type":"Feature","geometry":{"type":"LineString","coordinates":[[-8.127319,40.243149,10660.38],[-8.199036,40.206161,10507.98]]},"properties":{"name":"P-414","description":{"@type":"html","value":"<div><div><span><b>Altitude:</b></span> <span>34,975 ft - 34,475 ft</span></div>\n<div><span><b>Speed:</b></span> <span>444 kt - 442 kt</span></div>\n<div><span><b>Timestamp:</b></span><br/><span>2026-05-18 10:03:49 UTC<br/>2026-05-18 10:04:21 UTC</span></div>\n</div>"},"stroke-opacity":1,"stroke":"#ff0078","stroke-width":2}},{"type":"Feature","geometry":{"type":"LineString","coordinates":[[-8.199036,40.206161,10507.98],[-8.268148,40.170437,10142.22]]},"properties":{"name":"P-415","description":{"@type":"html","value":"<div><div><span><b>Altitude:</b></span> <span>34,475 ft - 33,275 ft</span></div>\n<div><span><b>Speed:</b></span> <span>442 kt - 443 kt</span></div>\n<div><span><b>Timestamp:</b></span><br/><span>2026-05-18 10:04:21 UTC<br/>2026-05-18 10:04:52 UTC</span></div>\n</div>"},"stroke-opacity":1,"stroke":"#ff0078","stroke-width":2}},{"type":"Feature","geometry":{"type":"LineString","coordinates":[[-8.268148,40.170437,10142.22],[-8.33881,40.133709,9761.22]]},"properties":{"name":"P-416","description":{"@type":"html","value":"<div><div><span><b>Altitude:</b></span> <span>33,275 ft - 32,025 ft</span></div>\n<div><span><b>Speed:</b></span> <span>443 kt - 438 kt</span></div>\n<div><span><b>Timestamp:</b></span><br/><span>2026-05-18 10:04:52 UTC<br/>2026-05-18 10:05:24 UTC</span></div>\n</div>"},"stroke-opacity":1,"stroke":"#ff0060","stroke-width":2}},{"type":"Feature","geometry":{"type":"LineString","coordinates":[[-8.33881,40.133709,9761.22],[-8.407043,40.098175,9433.56]]},"properties":{"name":"P-417","description":{"@type":"html","value":"<div><div><span><b>Altitude:</b></span> <span>32,025 ft - 30,950 ft</span></div>\n<div><span><b>Speed:</b></span> <span>438 kt - 429 kt</span></div>\n<div><span><b>Timestamp:</b></span><br/><span>2026-05-18 10:05:24 UTC<br/>2026-05-18 10:05:56 UTC</span></div>\n</div>"},"stroke-opacity":1,"stroke":"#ff004e","stroke-width":2}},{"type":"Feature","geometry":{"type":"LineString","coordinates":[[-8.407043,40.098175,9433.56],[-8.467401,40.062344,9113.52]]},"properties":{"name":"P-418","description":{"@type":"html","value":"<div><div><span><b>Altitude:</b></span> <span>30,950 ft - 29,900 ft</span></div>\n<div><span><b>Speed:</b></span> <span>429 kt - 428 kt</span></div>\n<div><span><b>Timestamp:</b></span><br/><span>2026-05-18 10:05:56 UTC<br/>2026-05-18 10:06:25 UTC</span></div>\n</div>"},"stroke-opacity":1,"stroke":"#ff0036","stroke-width":2}},{"type":"Feature","geometry":{"type":"LineString","coordinates":[[-8.467401,40.062344,9113.52],[-8.471457,40.059086,9090.66]]},"properties":{"name":"P-419","description":{"@type":"html","value":"<div><div><span><b>Altitude:</b></span> <span>29,900 ft - 29,825 ft</span></div>\n<div><span><b>Speed:</b></span> <span>428 kt</span></div>\n<div><span><b>Timestamp:</b></span><br/><span>2026-05-18 10:06:25 UTC<br/>2026-05-18 10:06:28 UTC</span></div>\n</div>"},"stroke-opacity":1,"stroke":"#ff0036","stroke-width":2}},{"type":"Feature","geometry":{"type":"LineString","coordinates":[[-8.471457,40.059086,9090.66],[-8.475586,40.055511,9067.8]]},"properties":{"name":"P-420","description":{"@type":"html","value":"<div><div><span><b>Altitude:</b></span> <span>29,825 ft - 29,750 ft</span></div>\n<div><span><b>Speed:</b></span> <span>428 kt</span></div>\n<div><span><b>Timestamp:</b></span><br/><span>2026-05-18 10:06:28 UTC<br/>2026-05-18 10:06:30 UTC</span></div>\n</div>"},"stroke-opacity":1,"stroke":"#ff0036","stroke-width":2}},{"type":"Feature","geometry":{"type":"LineString","coordinates":[[-8.475586,40.055511,9067.8],[-8.479126,40.052353,9044.94]]},"properties":{"name":"P-421","description":{"@type":"html","value":"<div><div><span><b>Altitude:</b></span> <span>29,750 ft - 29,675 ft</span></div>\n<div><span><b>Speed:</b></span> <span>428 kt - 430 kt</span></div>\n<div><span><b>Timestamp:</b></span><br/><span>2026-05-18 10:06:30 UTC<br/>2026-05-18 10:06:32 UTC</span></div>\n</div>"},"stroke-opacity":1,"stroke":"#ff0036","stroke-width":2}},{"type":"Feature","geometry":{"type":"LineString","coordinates":[[-8.479126,40.052353,9044.94],[-8.482422,40.049286,9022.08]]},"properties":{"name":"P-422","description":{"@type":"html","value":"<div><div><span><b>Altitude:</b></span> <span>29,675 ft - 29,600 ft</span></div>\n<div><span><b>Speed:</b></span> <span>430 kt</span></div>\n<div><span><b>Timestamp:</b></span><br/><span>2026-05-18 10:06:32 UTC<br/>2026-05-18 10:06:34 UTC</span></div>\n</div>"},"stroke-opacity":1,"stroke":"#ff0036","stroke-width":2}},{"type":"Feature","geometry":{"type":"LineString","coordinates":[[-8.482422,40.049286,9022.08],[-8.485565,40.046097,9006.84]]},"properties":{"name":"P-423","description":{"@type":"html","value":"<div><div><span><b>Altitude:</b></span> <span>29,600 ft - 29,550 ft</span></div>\n<div><span><b>Speed:</b></span> <span>430 kt</span></div>\n<div><span><b>Timestamp:</b></span><br/><span>2026-05-18 10:06:34 UTC<br/>2026-05-18 10:06:36 UTC</span></div>\n</div>"},"stroke-opacity":1,"stroke":"#ff0036","stroke-width":2}},{"type":"Feature","geometry":{"type":"LineString","coordinates":[[-8.485565,40.046097,9006.84],[-8.488624,40.042885,8983.98]]},"properties":{"name":"P-424","description":{"@type":"html","value":"<div><div><span><b>Altitude:</b></span> <span>29,550 ft - 29,475 ft</span></div>\n<div><span><b>Speed:</b></span> <span>430 kt</span></div>\n<div><span><b>Timestamp:</b></span><br/><span>2026-05-18 10:06:36 UTC<br/>2026-05-18 10:06:38 UTC</span></div>\n</div>"},"stroke-opacity":1,"stroke":"#ff0036","stroke-width":2}},{"type":"Feature","geometry":{"type":"LineString","coordinates":[[-8.488624,40.042885,8983.98],[-8.491577,40.039627,8961.12]]},"properties":{"name":"P-425","description":{"@type":"html","value":"<div><div><span><b>Altitude:</b></span> <span>29,475 ft - 29,400 ft</span></div>\n<div><span><b>Speed:</b></span> <span>430 kt</span></div>\n<div><span><b>Timestamp:</b></span><br/><span>2026-05-18 10:06:38 UTC<br/>2026-05-18 10:06:40 UTC</span></div>\n</div>"},"stroke-opacity":1,"stroke":"#ff0024","stroke-width":2}},{"type":"Feature","geometry":{"type":"LineString","coordinates":[[-8.491577,40.039627,8961.12],[-8.494554,40.036137,8938.26]]},"properties":{"name":"P-426","description":{"@type":"html","value":"<div><div><span><b>Altitude:</b></span> <span>29,400 ft - 29,325 ft</span></div>\n<div><span><b>Speed:</b></span> <span>430 kt - 431 kt</span></div>\n<div><span><b>Timestamp:</b></span><br/><span>2026-05-18 10:06:40 UTC<br/>2026-05-18 10:06:42 UTC</span></div>\n</div>"},"stroke-opacity":1,"stroke":"#ff0024","stroke-width":2}},{"type":"Feature","geometry":{"type":"LineString","coordinates":[[-8.494554,40.036137,8938.26],[-8.497559,40.032394,8915.4]]},"properties":{"name":"P-427","description":{"@type":"html","value":"<div><div><span><b>Altitude:</b></span> <span>29,325 ft - 29,250 ft</span></div>\n<div><span><b>Speed:</b></span> <span>431 kt - 432 kt</span></div>\n<div><span><b>Timestamp:</b></span><br/><span>2026-05-18 10:06:42 UTC<br/>2026-05-18 10:06:45 UTC</span></div>\n</div>"},"stroke-opacity":1,"stroke":"#ff0024","stroke-width":2}},{"type":"Feature","geometry":{"type":"LineString","coordinates":[[-8.497559,40.032394,8915.4],[-8.500047,40.029106,8892.54]]},"properties":{"name":"P-428","description":{"@type":"html","value":"<div><div><span><b>Altitude:</b></span> <span>29,250 ft - 29,175 ft</span></div>\n<div><span><b>Speed:</b></span> <span>432 kt</span></div>\n<div><span><b>Timestamp:</b></span><br/><span>2026-05-18 10:06:45 UTC<br/>2026-05-18 10:06:47 UTC</span></div>\n</div>"},"stroke-opacity":1,"stroke":"#ff0024","stroke-width":2}},{"type":"Feature","geometry":{"type":"LineString","coordinates":[[-8.500047,40.029106,8892.54],[-8.502731,40.025429,8869.68]]},"properties":{"name":"P-429","description":{"@type":"html","value":"<div><div><span><b>Altitude:</b></span> <span>29,175 ft - 29,100 ft</span></div>\n<div><span><b>Speed:</b></span> <span>432 kt</span></div>\n<div><span><b>Timestamp:</b></span><br/><span>2026-05-18 10:06:47 UTC<br/>2026-05-18 10:06:49 UTC</span></div>\n</div>"},"stroke-opacity":1,"stroke":"#ff0024","stroke-width":2}},{"type":"Feature","geometry":{"type":"LineString","coordinates":[[-8.502731,40.025429,8869.68],[-8.505798,40.020813,8846.82]]},"properties":{"name":"P-430","description":{"@type":"html","value":"<div><div><span><b>Altitude:</b></span> <span>29,100 ft - 29,025 ft</span></div>\n<div><span><b>Speed:</b></span> <span>432 kt - 434 kt</span></div>\n<div><span><b>Timestamp:</b></span><br/><span>2026-05-18 10:06:49 UTC<br/>2026-05-18 10:06:51 UTC</span></div>\n</div>"},"stroke-opacity":1,"stroke":"#ff0024","stroke-width":2}},{"type":"Feature","geometry":{"type":"LineString","coordinates":[[-8.505798,40.020813,8846.82],[-8.507996,40.017151,8823.96]]},"properties":{"name":"P-431","description":{"@type":"html","value":"<div><div><span><b>Altitude:</b></span> <span>29,025 ft - 28,950 ft</span></div>\n<div><span><b>Speed:</b></span> <span>434 kt</span></div>\n<div><span><b>Timestamp:</b></span><br/><span>2026-05-18 10:06:51 UTC<br/>2026-05-18 10:06:53 UTC</span></div>\n</div>"},"stroke-opacity":1,"stroke":"#ff0024","stroke-width":2}},{"type":"Feature","geometry":{"type":"LineString","coordinates":[[-8.507996,40.017151,8823.96],[-8.510254,40.013306,8808.72]]},"properties":{"name":"P-432","description":{"@type":"html","value":"<div><div><span><b>Altitude:</b></span> <span>28,950 ft - 28,900 ft</span></div>\n<div><span><b>Speed:</b></span> <span>434 kt</span></div>\n<div><span><b>Timestamp:</b></span><br/><span>2026-05-18 10:06:53 UTC<br/>2026-05-18 10:06:55 UTC</span></div>\n</div>"},"stroke-opacity":1,"stroke":"#ff0024","stroke-width":2}},{"type":"Feature","geometry":{"type":"LineString","coordinates":[[-8.510254,40.013306,8808.72],[-8.512282,40.009602,8793.48]]},"properties":{"name":"P-433","description":{"@type":"html","value":"<div><div><span><b>Altitude:</b></span> <span>28,900 ft - 28,850 ft</span></div>\n<div><span><b>Speed:</b></span> <span>434 kt - 435 kt</span></div>\n<div><span><b>Timestamp:</b></span><br/><span>2026-05-18 10:06:55 UTC<br/>2026-05-18 10:06:57 UTC</span></div>\n</div>"},"stroke-opacity":1,"stroke":"#ff0024","stroke-width":2}},{"type":"Feature","geometry":{"type":"LineString","coordinates":[[-8.512282,40.009602,8793.48],[-8.514529,40.005085,8778.24]]},"properties":{"name":"P-434","description":{"@type":"html","value":"<div><div><span><b>Altitude:</b></span> <span>28,850 ft - 28,800 ft</span></div>\n<div><span><b>Speed:</b></span> <span>435 kt - 436 kt</span></div>\n<div><span><b>Timestamp:</b></span><br/><span>2026-05-18 10:06:57 UTC<br/>2026-05-18 10:06:59 UTC</span></div>\n</div>"},"stroke-opacity":1,"stroke":"#ff0024","stroke-width":2}},{"type":"Feature","geometry":{"type":"LineString","coordinates":[[-8.514529,40.005085,8778.24],[-8.516296,40.001266,8763]]},"properties":{"name":"P-435","description":{"@type":"html","value":"<div><div><span><b>Altitude:</b></span> <span>28,800 ft - 28,750 ft</span></div>\n<div><span><b>Speed:</b></span> <span>436 kt - 438 kt</span></div>\n<div><span><b>Timestamp:</b></span><br/><span>2026-05-18 10:06:59 UTC<br/>2026-05-18 10:07:01 UTC</span></div>\n</div>"},"stroke-opacity":1,"stroke":"#ff0024","stroke-width":2}},{"type":"Feature","geometry":{"type":"LineString","coordinates":[[-8.516296,40.001266,8763],[-8.517838,39.997589,8755.38]]},"properties":{"name":"P-436","description":{"@type":"html","value":"<div><div><span><b>Altitude:</b></span> <span>28,750 ft - 28,725 ft</span></div>\n<div><span><b>Speed:</b></span> <span>438 kt</span></div>\n<div><span><b>Timestamp:</b></span><br/><span>2026-05-18 10:07:01 UTC<br/>2026-05-18 10:07:03 UTC</span></div>\n</div>"},"stroke-opacity":1,"stroke":"#ff0024","stroke-width":2}},{"type":"Feature","geometry":{"type":"LineString","coordinates":[[-8.517838,39.997589,8755.38],[-8.519348,39.993713,8740.14]]},"properties":{"name":"P-437","description":{"@type":"html","value":"<div><div><span><b>Altitude:</b></span> <span>28,725 ft - 28,675 ft</span></div>\n<div><span><b>Speed:</b></span> <span>438 kt - 440 kt</span></div>\n<div><span><b>Timestamp:</b></span><br/><span>2026-05-18 10:07:03 UTC<br/>2026-05-18 10:07:05 UTC</span></div>\n</div>"},"stroke-opacity":1,"stroke":"#ff0024","stroke-width":2}},{"type":"Feature","geometry":{"type":"LineString","coordinates":[[-8.519348,39.993713,8740.14],[-8.520709,39.989956,8724.9]]},"properties":{"name":"P-438","description":{"@type":"html","value":"<div><div><span><b>Altitude:</b></span> <span>28,675 ft - 28,625 ft</span></div>\n<div><span><b>Speed:</b></span> <span>440 kt - 441 kt</span></div>\n<div><span><b>Timestamp:</b></span><br/><span>2026-05-18 10:07:05 UTC<br/>2026-05-18 10:07:08 UTC</span></div>\n</div>"},"stroke-opacity":1,"stroke":"#ff0024","stroke-width":2}},{"type":"Feature","geometry":{"type":"LineString","coordinates":[[-8.520709,39.989956,8724.9],[-8.522332,39.98502,8709.66]]},"properties":{"name":"P-439","description":{"@type":"html","value":"<div><div><span><b>Altitude:</b></span> <span>28,625 ft - 28,575 ft</span></div>\n<div><span><b>Speed:</b></span> <span>441 kt</span></div>\n<div><span><b>Timestamp:</b></span><br/><span>2026-05-18 10:07:08 UTC<br/>2026-05-18 10:07:10 UTC</span></div>\n</div>"},"stroke-opacity":1,"stroke":"#ff0024","stroke-width":2}},{"type":"Feature","geometry":{"type":"LineString","coordinates":[[-8.522332,39.98502,8709.66],[-8.523376,39.9814,8702.04]]},"properties":{"name":"P-440","description":{"@type":"html","value":"<div><div><span><b>Altitude:</b></span> <span>28,575 ft - 28,550 ft</span></div>\n<div><span><b>Speed:</b></span> <span>441 kt - 442 kt</span></div>\n<div><span><b>Timestamp:</b></span><br/><span>2026-05-18 10:07:10 UTC<br/>2026-05-18 10:07:12 UTC</span></div>\n</div>"},"stroke-opacity":1,"stroke":"#ff0024","stroke-width":2}},{"type":"Feature","geometry":{"type":"LineString","coordinates":[[-8.523376,39.9814,8702.04],[-8.524517,39.97678,8679.18]]},"properties":{"name":"P-441","description":{"@type":"html","value":"<div><div><span><b>Altitude:</b></span> <span>28,550 ft - 28,475 ft</span></div>\n<div><span><b>Speed:</b></span> <span>442 kt</span></div>\n<div><span><b>Timestamp:</b></span><br/><span>2026-05-18 10:07:12 UTC<br/>2026-05-18 10:07:14 UTC</span></div>\n</div>"},"stroke-opacity":1,"stroke":"#ff0024","stroke-width":2}},{"type":"Feature","geometry":{"type":"LineString","coordinates":[[-8.524517,39.97678,8679.18],[-8.525452,39.972382,8656.32]]},"properties":{"name":"P-442","description":{"@type":"html","value":"<div><div><span><b>Altitude:</b></span> <span>28,475 ft - 28,400 ft</span></div>\n<div><span><b>Speed:</b></span> <span>442 kt - 441 kt</span></div>\n<div><span><b>Timestamp:</b></span><br/><span>2026-05-18 10:07:14 UTC<br/>2026-05-18 10:07:16 UTC</span></div>\n</div>"},"stroke-opacity":1,"stroke":"#ff0024","stroke-width":2}},{"type":"Feature","geometry":{"type":"LineString","coordinates":[[-8.525452,39.972382,8656.32],[-8.526184,39.968536,8641.08]]},"properties":{"name":"P-443","description":{"@type":"html","value":"<div><div><span><b>Altitude:</b></span> <span>28,400 ft - 28,350 ft</span></div>\n<div><span><b>Speed:</b></span> <span>441 kt</span></div>\n<div><span><b>Timestamp:</b></span><br/><span>2026-05-18 10:07:16 UTC<br/>2026-05-18 10:07:18 UTC</span></div>\n</div>"},"stroke-opacity":1,"stroke":"#ff0024","stroke-width":2}},{"type":"Feature","geometry":{"type":"LineString","coordinates":[[-8.526184,39.968536,8641.08],[-8.526826,39.96426,8625.84]]},"properties":{"name":"P-444","description":{"@type":"html","value":"<div><div><span><b>Altitude:</b></span> <span>28,350 ft - 28,300 ft</span></div>\n<div><span><b>Speed:</b></span> <span>441 kt - 442 kt</span></div>\n<div><span><b>Timestamp:</b></span><br/><span>2026-05-18 10:07:18 UTC<br/>2026-05-18 10:07:20 UTC</span></div>\n</div>"},"stroke-opacity":1,"stroke":"#ff0024","stroke-width":2}},{"type":"Feature","geometry":{"type":"LineString","coordinates":[[-8.526826,39.96426,8625.84],[-8.527283,39.960205,8602.98]]},"properties":{"name":"P-445","description":{"@type":"html","value":"<div><div><span><b>Altitude:</b></span> <span>28,300 ft - 28,225 ft</span></div>\n<div><span><b>Speed:</b></span> <span>442 kt</span></div>\n<div><span><b>Timestamp:</b></span><br/><span>2026-05-18 10:07:20 UTC<br/>2026-05-18 10:07:23 UTC</span></div>\n</div>"},"stroke-opacity":1,"stroke":"#ff0024","stroke-width":2}},{"type":"Feature","geometry":{"type":"LineString","coordinates":[[-8.527283,39.960205,8602.98],[-8.527762,39.955086,8580.12]]},"properties":{"name":"P-446","description":{"@type":"html","value":"<div><div><span><b>Altitude:</b></span> <span>28,225 ft - 28,150 ft</span></div>\n<div><span><b>Speed:</b></span> <span>442 kt</span></div>\n<div><span><b>Timestamp:</b></span><br/><span>2026-05-18 10:07:23 UTC<br/>2026-05-18 10:07:25 UTC</span></div>\n</div>"},"stroke-opacity":1,"stroke":"#ff0024","stroke-width":2}},{"type":"Feature","geometry":{"type":"LineString","coordinates":[[-8.527762,39.955086,8580.12],[-8.527893,39.951004,8557.26]]},"properties":{"name":"P-447","description":{"@type":"html","value":"<div><div><span><b>Altitude:</b></span> <span>28,150 ft - 28,075 ft</span></div>\n<div><span><b>Speed:</b></span> <span>442 kt</span></div>\n<div><span><b>Timestamp:</b></span><br/><span>2026-05-18 10:07:25 UTC<br/>2026-05-18 10:07:27 UTC</span></div>\n</div>"},"stroke-opacity":1,"stroke":"#ff0024","stroke-width":2}},{"type":"Feature","geometry":{"type":"LineString","coordinates":[[-8.527893,39.951004,8557.26],[-8.527887,39.947128,8549.64]]},"properties":{"name":"P-448","description":{"@type":"html","value":"<div><div><span><b>Altitude:</b></span> <span>28,075 ft - 28,050 ft</span></div>\n<div><span><b>Speed:</b></span> <span>442 kt</span></div>\n<div><span><b>Timestamp:</b></span><br/><span>2026-05-18 10:07:27 UTC<br/>2026-05-18 10:07:29 UTC</span></div>\n</div>"},"stroke-opacity":1,"stroke":"#ff0024","stroke-width":2}},{"type":"Feature","geometry":{"type":"LineString","coordinates":[[-8.527887,39.947128,8549.64],[-8.527771,39.942627,8526.78]]},"properties":{"name":"P-449","description":{"@type":"html","value":"<div><div><span><b>Altitude:</b></span> <span>28,050 ft - 27,975 ft</span></div>\n<div><span><b>Speed:</b></span> <span>442 kt</span></div>\n<div><span><b>Timestamp:</b></span><br/><span>2026-05-18 10:07:29 UTC<br/>2026-05-18 10:07:31 UTC</span></div>\n</div>"},"stroke-opacity":1,"stroke":"#ff0024","stroke-width":2}},{"type":"Feature","geometry":{"type":"LineString","coordinates":[[-8.527771,39.942627,8526.78],[-8.527527,39.938553,8519.16]]},"properties":{"name":"P-450","description":{"@type":"html","value":"<div><div><span><b>Altitude:</b></span> <span>27,975 ft - 27,950 ft</span></div>\n<div><span><b>Speed:</b></span> <span>442 kt - 441 kt</span></div>\n<div><span><b>Timestamp:</b></span><br/><span>2026-05-18 10:07:31 UTC<br/>2026-05-18 10:07:33 UTC</span></div>\n</div>"},"stroke-opacity":1,"stroke":"#ff0024","stroke-width":2}},{"type":"Feature","geometry":{"type":"LineString","coordinates":[[-8.527527,39.938553,8519.16],[-8.527201,39.934093,8503.92]]},"properties":{"name":"P-451","description":{"@type":"html","value":"<div><div><span><b>Altitude:</b></span> <span>27,950 ft - 27,900 ft</span></div>\n<div><span><b>Speed:</b></span> <span>441 kt - 440 kt</span></div>\n<div><span><b>Timestamp:</b></span><br/><span>2026-05-18 10:07:33 UTC<br/>2026-05-18 10:07:35 UTC</span></div>\n</div>"},"stroke-opacity":1,"stroke":"#ff0024","stroke-width":2}},{"type":"Feature","geometry":{"type":"LineString","coordinates":[[-8.527201,39.934093,8503.92],[-8.526733,39.928802,8488.68]]},"properties":{"name":"P-452","description":{"@type":"html","value":"<div><div><span><b>Altitude:</b></span> <span>27,900 ft - 27,850 ft</span></div>\n<div><span><b>Speed:</b></span> <span>440 kt - 438 kt</span></div>\n<div><span><b>Timestamp:</b></span><br/><span>2026-05-18 10:07:35 UTC<br/>2026-05-18 10:07:37 UTC</span></div>\n</div>"},"stroke-opacity":1,"stroke":"#ff0024","stroke-width":2}},{"type":"Feature","geometry":{"type":"LineString","coordinates":[[-8.526733,39.928802,8488.68],[-8.526367,39.924774,8473.44]]},"properties":{"name":"P-453","description":{"@type":"html","value":"<div><div><span><b>Altitude:</b></span> <span>27,850 ft - 27,800 ft</span></div>\n<div><span><b>Speed:</b></span> <span>438 kt - 437 kt</span></div>\n<div><span><b>Timestamp:</b></span><br/><span>2026-05-18 10:07:37 UTC<br/>2026-05-18 10:07:39 UTC</span></div>\n</div>"},"stroke-opacity":1,"stroke":"#ff0000","stroke-width":2}},{"type":"Feature","geometry":{"type":"LineString","coordinates":[[-8.526367,39.924774,8473.44],[-8.526001,39.920731,8458.2]]},"properties":{"name":"P-454","description":{"@type":"html","value":"<div><div><span><b>Altitude:</b></span> <span>27,800 ft - 27,750 ft</span></div>\n<div><span><b>Speed:</b></span> <span>437 kt</span></div>\n<div><span><b>Timestamp:</b></span><br/><span>2026-05-18 10:07:39 UTC<br/>2026-05-18 10:07:41 UTC</span></div>\n</div>"},"stroke-opacity":1,"stroke":"#ff0000","stroke-width":2}},{"type":"Feature","geometry":{"type":"LineString","coordinates":[[-8.526001,39.920731,8458.2],[-8.525696,39.917519,8450.58]]},"properties":{"name":"P-455","description":{"@type":"html","value":"<div><div><span><b>Altitude:</b></span> <span>27,750 ft - 27,725 ft</span></div>\n<div><span><b>Speed:</b></span> <span>437 kt - 436 kt</span></div>\n<div><span><b>Timestamp:</b></span><br/><span>2026-05-18 10:07:41 UTC<br/>2026-05-18 10:07:44 UTC</span></div>\n</div>"},"stroke-opacity":1,"stroke":"#ff0000","stroke-width":2}},{"type":"Feature","geometry":{"type":"LineString","coordinates":[[-8.525696,39.917519,8450.58],[-8.525269,39.91254,8435.34]]},"properties":{"name":"P-456","description":{"@type":"html","value":"<div><div><span><b>Altitude:</b></span> <span>27,725 ft - 27,675 ft</span></div>\n<div><span><b>Speed:</b></span> <span>436 kt - 435 kt</span></div>\n<div><span><b>Timestamp:</b></span><br/><span>2026-05-18 10:07:44 UTC<br/>2026-05-18 10:07:46 UTC</span></div>\n</div>"},"stroke-opacity":1,"stroke":"#ff0000","stroke-width":2}},{"type":"Feature","geometry":{"type":"LineString","coordinates":[[-8.525269,39.91254,8435.34],[-8.524963,39.909142,8420.1]]},"properties":{"name":"P-457","description":{"@type":"html","value":"<div><div><span><b>Altitude:</b></span> <span>27,675 ft - 27,625 ft</span></div>\n<div><span><b>Speed:</b></span> <span>435 kt - 432 kt</span></div>\n<div><span><b>Timestamp:</b></span><br/><span>2026-05-18 10:07:46 UTC<br/>2026-05-18 10:07:48 UTC</span></div>\n</div>"},"stroke-opacity":1,"stroke":"#ff0000","stroke-width":2}},{"type":"Feature","geometry":{"type":"LineString","coordinates":[[-8.524963,39.909142,8420.1],[-8.524597,39.904346,8404.86]]},"properties":{"name":"P-458","description":{"@type":"html","value":"<div><div><span><b>Altitude:</b></span> <span>27,625 ft - 27,575 ft</span></div>\n<div><span><b>Speed:</b></span> <span>432 kt - 431 kt</span></div>\n<div><span><b>Timestamp:</b></span><br/><span>2026-05-18 10:07:48 UTC<br/>2026-05-18 10:07:50 UTC</span></div>\n</div>"},"stroke-opacity":1,"stroke":"#ff0000","stroke-width":2}},{"type":"Feature","geometry":{"type":"LineString","coordinates":[[-8.524597,39.904346,8404.86],[-8.519837,39.842102,8168.64]]},"properties":{"name":"P-459","description":{"@type":"html","value":"<div><div><span><b>Altitude:</b></span> <span>27,575 ft - 26,800 ft</span></div>\n<div><span><b>Speed:</b></span> <span>431 kt - 416 kt</span></div>\n<div><span><b>Timestamp:</b></span><br/><span>2026-05-18 10:07:50 UTC<br/>2026-05-18 10:08:22 UTC</span></div>\n</div>"},"stroke-opacity":1,"stroke":"#ff0000","stroke-width":2}},{"type":"Feature","geometry":{"type":"LineString","coordinates":[[-8.519837,39.842102,8168.64],[-8.516174,39.783588,7955.28]]},"properties":{"name":"P-460","description":{"@type":"html","value":"<div><div><span><b>Altitude:</b></span> <span>26,800 ft - 26,100 ft</span></div>\n<div><span><b>Speed:</b></span> <span>416 kt - 400 kt</span></div>\n<div><span><b>Timestamp:</b></span><br/><span>2026-05-18 10:08:22 UTC<br/>2026-05-18 10:08:53 UTC</span></div>\n</div>"},"stroke-opacity":1,"stroke":"#ff0000","stroke-width":2}},{"type":"Feature","geometry":{"type":"LineString","coordinates":[[-8.516174,39.783588,7955.28],[-8.517395,39.771858,7909.56]]},"properties":{"name":"P-461","description":{"@type":"html","value":"<div><div><span><b>Altitude:</b></span> <span>26,100 ft - 25,950 ft</span></div>\n<div><span><b>Speed:</b></span> <span>400 kt - 395 kt</span></div>\n<div><span><b>Timestamp:</b></span><br/><span>2026-05-18 10:08:53 UTC<br/>2026-05-18 10:08:59 UTC</span></div>\n</div>"},"stroke-opacity":1,"stroke":"#ff0000","stroke-width":2}},{"type":"Feature","geometry":{"type":"LineString","coordinates":[[-8.517395,39.771858,7909.56],[-8.518226,39.767532,7894.32]]},"properties":{"name":"P-462","description":{"@type":"html","value":"<div><div><span><b>Altitude:</b></span> <span>25,950 ft - 25,900 ft</span></div>\n<div><span><b>Speed:</b></span> <span>395 kt - 393 kt</span></div>\n<div><span><b>Timestamp:</b></span><br/><span>2026-05-18 10:08:59 UTC<br/>2026-05-18 10:09:02 UTC</span></div>\n</div>"},"stroke-opacity":1,"stroke":"#ff0000","stroke-width":2}},{"type":"Feature","geometry":{"type":"LineString","coordinates":[[-8.518226,39.767532,7894.32],[-8.519226,39.763432,7879.08]]},"properties":{"name":"P-463","description":{"@type":"html","value":"<div><div><span><b>Altitude:</b></span> <span>25,900 ft - 25,850 ft</span></div>\n<div><span><b>Speed:</b></span> <span>393 kt - 391 kt</span></div>\n<div><span><b>Timestamp:</b></span><br/><span>2026-05-18 10:09:02 UTC<br/>2026-05-18 10:09:04 UTC</span></div>\n</div>"},"stroke-opacity":1,"stroke":"#ff0000","stroke-width":2}},{"type":"Feature","geometry":{"type":"LineString","coordinates":[[-8.519226,39.763432,7879.08],[-8.520375,39.759567,7863.84]]},"properties":{"name":"P-464","description":{"@type":"html","value":"<div><div><span><b>Altitude:</b></span> <span>25,850 ft - 25,800 ft</span></div>\n<div><span><b>Speed:</b></span> <span>391 kt - 390 kt</span></div>\n<div><span><b>Timestamp:</b></span><br/><span>2026-05-18 10:09:04 UTC<br/>2026-05-18 10:09:06 UTC</span></div>\n</div>"},"stroke-opacity":1,"stroke":"#ff0000","stroke-width":2}},{"type":"Feature","geometry":{"type":"LineString","coordinates":[[-8.520375,39.759567,7863.84],[-8.521688,39.755951,7848.6]]},"properties":{"name":"P-465","description":{"@type":"html","value":"<div><div><span><b>Altitude:</b></span> <span>25,800 ft - 25,750 ft</span></div>\n<div><span><b>Speed:</b></span> <span>390 kt - 387 kt</span></div>\n<div><span><b>Timestamp:</b></span><br/><span>2026-05-18 10:09:06 UTC<br/>2026-05-18 10:09:08 UTC</span></div>\n</div>"},"stroke-opacity":1,"stroke":"#ff0000","stroke-width":2}},{"type":"Feature","geometry":{"type":"LineString","coordinates":[[-8.521688,39.755951,7848.6],[-8.523062,39.752518,7840.98]]},"properties":{"name":"P-466","description":{"@type":"html","value":"<div><div><span><b>Altitude:</b></span> <span>25,750 ft - 25,725 ft</span></div>\n<div><span><b>Speed:</b></span> <span>387 kt - 386 kt</span></div>\n<div><span><b>Timestamp:</b></span><br/><span>2026-05-18 10:09:08 UTC<br/>2026-05-18 10:09:10 UTC</span></div>\n</div>"},"stroke-opacity":1,"stroke":"#ff0000","stroke-width":2}},{"type":"Feature","geometry":{"type":"LineString","coordinates":[[-8.523062,39.752518,7840.98],[-8.524794,39.748672,7825.74]]},"properties":{"name":"P-467","description":{"@type":"html","value":"<div><div><span><b>Altitude:</b></span> <span>25,725 ft - 25,675 ft</span></div>\n<div><span><b>Speed:</b></span> <span>386 kt</span></div>\n<div><span><b>Timestamp:</b></span><br/><span>2026-05-18 10:09:10 UTC<br/>2026-05-18 10:09:12 UTC</span></div>\n</div>"},"stroke-opacity":1,"stroke":"#ff0000","stroke-width":2}},{"type":"Feature","geometry":{"type":"LineString","coordinates":[[-8.524794,39.748672,7825.74],[-8.526367,39.74551,7810.5]]},"properties":{"name":"P-468","description":{"@type":"html","value":"<div><div><span><b>Altitude:</b></span> <span>25,675 ft - 25,625 ft</span></div>\n<div><span><b>Speed:</b></span> <span>386 kt - 382 kt</span></div>\n<div><span><b>Timestamp:</b></span><br/><span>2026-05-18 10:09:12 UTC<br/>2026-05-18 10:09:14 UTC</span></div>\n</div>"},"stroke-opacity":1,"stroke":"#ff0000","stroke-width":2}},{"type":"Feature","geometry":{"type":"LineString","coordinates":[[-8.526367,39.74551,7810.5],[-8.528316,39.741943,7802.88]]},"properties":{"name":"P-469","description":{"@type":"html","value":"<div><div><span><b>Altitude:</b></span> <span>25,625 ft - 25,600 ft</span></div>\n<div><span><b>Speed:</b></span> <span>382 kt - 381 kt</span></div>\n<div><span><b>Timestamp:</b></span><br/><span>2026-05-18 10:09:14 UTC<br/>2026-05-18 10:09:16 UTC</span></div>\n</div>"},"stroke-opacity":1,"stroke":"#ff0000","stroke-width":2}},{"type":"Feature","geometry":{"type":"LineString","coordinates":[[-8.528316,39.741943,7802.88],[-8.530047,39.739105,7787.64]]},"properties":{"name":"P-470","description":{"@type":"html","value":"<div><div><span><b>Altitude:</b></span> <span>25,600 ft - 25,550 ft</span></div>\n<div><span><b>Speed:</b></span> <span>381 kt - 379 kt</span></div>\n<div><span><b>Timestamp:</b></span><br/><span>2026-05-18 10:09:16 UTC<br/>2026-05-18 10:09:18 UTC</span></div>\n</div>"},"stroke-opacity":1,"stroke":"#ff0000","stroke-width":2}},{"type":"Feature","geometry":{"type":"LineString","coordinates":[[-8.530047,39.739105,7787.64],[-8.532104,39.735966,7780.02]]},"properties":{"name":"P-471","description":{"@type":"html","value":"<div><div><span><b>Altitude:</b></span> <span>25,550 ft - 25,525 ft</span></div>\n<div><span><b>Speed:</b></span> <span>379 kt - 378 kt</span></div>\n<div><span><b>Timestamp:</b></span><br/><span>2026-05-18 10:09:18 UTC<br/>2026-05-18 10:09:20 UTC</span></div>\n</div>"},"stroke-opacity":1,"stroke":"#ff0000","stroke-width":2}},{"type":"Feature","geometry":{"type":"LineString","coordinates":[[-8.532104,39.735966,7780.02],[-8.534586,39.732422,7764.78]]},"properties":{"name":"P-472","description":{"@type":"html","value":"<div><div><span><b>Altitude:</b></span> <span>25,525 ft - 25,475 ft</span></div>\n<div><span><b>Speed:</b></span> <span>378 kt - 376 kt</span></div>\n<div><span><b>Timestamp:</b></span><br/><span>2026-05-18 10:09:20 UTC<br/>2026-05-18 10:09:22 UTC</span></div>\n</div>"},"stroke-opacity":1,"stroke":"#ff0000","stroke-width":2}},{"type":"Feature","geometry":{"type":"LineString","coordinates":[[-8.534586,39.732422,7764.78],[-8.537292,39.728798,7749.54]]},"properties":{"name":"P-473","description":{"@type":"html","value":"<div><div><span><b>Altitude:</b></span> <span>25,475 ft - 25,425 ft</span></div>\n<div><span><b>Speed:</b></span> <span>376 kt</span></div>\n<div><span><b>Timestamp:</b></span><br/><span>2026-05-18 10:09:22 UTC<br/>2026-05-18 10:09:25 UTC</span></div>\n</div>"},"stroke-opacity":1,"stroke":"#ff0000","stroke-width":2}},{"type":"Feature","geometry":{"type":"LineString","coordinates":[[-8.537292,39.728798,7749.54],[-8.539734,39.725723,7741.92]]},"properties":{"name":"P-474","description":{"@type":"html","value":"<div><div><span><b>Altitude:</b></span> <span>25,425 ft - 25,400 ft</span></div>\n<div><span><b>Speed:</b></span> <span>376 kt - 375 kt</span></div>\n<div><span><b>Timestamp:</b></span><br/><span>2026-05-18 10:09:25 UTC<br/>2026-05-18 10:09:27 UTC</span></div>\n</div>"},"stroke-opacity":1,"stroke":"#ff0000","stroke-width":2}},{"type":"Feature","geometry":{"type":"LineString","coordinates":[[-8.539734,39.725723,7741.92],[-8.54193,39.7229,7726.68]]},"properties":{"name":"P-475","description":{"@type":"html","value":"<div><div><span><b>Altitude:</b></span> <span>25,400 ft - 25,350 ft</span></div>\n<div><span><b>Speed:</b></span> <span>375 kt</span></div>\n<div><span><b>Timestamp:</b></span><br/><span>2026-05-18 10:09:27 UTC<br/>2026-05-18 10:09:29 UTC</span></div>\n</div>"},"stroke-opacity":1,"stroke":"#ff0000","stroke-width":2}},{"type":"Feature","geometry":{"type":"LineString","coordinates":[[-8.54193,39.7229,7726.68],[-8.544312,39.719906,7719.06]]},"properties":{"name":"P-476","description":{"@type":"html","value":"<div><div><span><b>Altitude:</b></span> <span>25,350 ft - 25,325 ft</span></div>\n<div><span><b>Speed:</b></span> <span>375 kt - 376 kt</span></div>\n<div><span><b>Timestamp:</b></span><br/><span>2026-05-18 10:09:29 UTC<br/>2026-05-18 10:09:31 UTC</span></div>\n</div>"},"stroke-opacity":1,"stroke":"#ff0000","stroke-width":2}},{"type":"Feature","geometry":{"type":"LineString","coordinates":[[-8.544312,39.719906,7719.06],[-8.546766,39.716812,7703.82]]},"properties":{"name":"P-477","description":{"@type":"html","value":"<div><div><span><b>Altitude:</b></span> <span>25,325 ft - 25,275 ft</span></div>\n<div><span><b>Speed:</b></span> <span>376 kt - 375 kt</span></div>\n<div><span><b>Timestamp:</b></span><br/><span>2026-05-18 10:09:31 UTC<br/>2026-05-18 10:09:33 UTC</span></div>\n</div>"},"stroke-opacity":1,"stroke":"#ff0000","stroke-width":2}},{"type":"Feature","geometry":{"type":"LineString","coordinates":[[-8.546766,39.716812,7703.82],[-8.548975,39.71402,7696.2]]},"properties":{"name":"P-478","description":{"@type":"html","value":"<div><div><span><b>Altitude:</b></span> <span>25,275 ft - 25,250 ft</span></div>\n<div><span><b>Speed:</b></span> <span>375 kt</span></div>\n<div><span><b>Timestamp:</b></span><br/><span>2026-05-18 10:09:33 UTC<br/>2026-05-18 10:09:35 UTC</span></div>\n</div>"},"stroke-opacity":1,"stroke":"#ff0000","stroke-width":2}},{"type":"Feature","geometry":{"type":"LineString","coordinates":[[-8.548975,39.71402,7696.2],[-8.551961,39.710312,7680.96]]},"properties":{"name":"P-479","description":{"@type":"html","value":"<div><div><span><b>Altitude:</b></span> <span>25,250 ft - 25,200 ft</span></div>\n<div><span><b>Speed:</b></span> <span>375 kt</span></div>\n<div><span><b>Timestamp:</b></span><br/><span>2026-05-18 10:09:35 UTC<br/>2026-05-18 10:09:37 UTC</span></div>\n</div>"},"stroke-opacity":1,"stroke":"#ff0000","stroke-width":2}},{"type":"Feature","geometry":{"type":"LineString","coordinates":[[-8.551961,39.710312,7680.96],[-8.554138,39.707478,7665.72]]},"properties":{"name":"P-480","description":{"@type":"html","value":"<div><div><span><b>Altitude:</b></span> <span>25,200 ft - 25,150 ft</span></div>\n<div><span><b>Speed:</b></span> <span>375 kt - 376 kt</span></div>\n<div><span><b>Timestamp:</b></span><br/><span>2026-05-18 10:09:37 UTC<br/>2026-05-18 10:09:39 UTC</span></div>\n</div>"},"stroke-opacity":1,"stroke":"#ff0000","stroke-width":2}},{"type":"Feature","geometry":{"type":"LineString","coordinates":[[-8.554138,39.707478,7665.72],[-8.556738,39.704224,7650.48]]},"properties":{"name":"P-481","description":{"@type":"html","value":"<div><div><span><b>Altitude:</b></span> <span>25,150 ft - 25,100 ft</span></div>\n<div><span><b>Speed:</b></span> <span>376 kt - 375 kt</span></div>\n<div><span><b>Timestamp:</b></span><br/><span>2026-05-18 10:09:39 UTC<br/>2026-05-18 10:09:41 UTC</span></div>\n</div>"},"stroke-opacity":1,"stroke":"#ff0000","stroke-width":2}},{"type":"Feature","geometry":{"type":"LineString","coordinates":[[-8.556738,39.704224,7650.48],[-8.559663,39.70047,7635.24]]},"properties":{"name":"P-482","description":{"@type":"html","value":"<div><div><span><b>Altitude:</b></span> <span>25,100 ft - 25,050 ft</span></div>\n<div><span><b>Speed:</b></span> <span>375 kt - 376 kt</span></div>\n<div><span><b>Timestamp:</b></span><br/><span>2026-05-18 10:09:41 UTC<br/>2026-05-18 10:09:44 UTC</span></div>\n</div>"},"stroke-opacity":1,"stroke":"#ff0000","stroke-width":2}},{"type":"Feature","geometry":{"type":"LineString","coordinates":[[-8.559663,39.70047,7635.24],[-8.596313,39.653149,7429.5]]},"properties":{"name":"P-483","description":{"@type":"html","value":"<div><div><span><b>Altitude:</b></span> <span>25,050 ft - 24,375 ft</span></div>\n<div><span><b>Speed:</b></span> <span>376 kt - 378 kt</span></div>\n<div><span><b>Timestamp:</b></span><br/><span>2026-05-18 10:09:44 UTC<br/>2026-05-18 10:10:15 UTC</span></div>\n</div>"},"stroke-opacity":1,"stroke":"#ff0000","stroke-width":2}},{"type":"Feature","geometry":{"type":"LineString","coordinates":[[-8.596313,39.653149,7429.5],[-8.633789,39.605339,7216.14]]},"properties":{"name":"P-484","description":{"@type":"html","value":"<div><div><span><b>Altitude:</b></span> <span>24,375 ft - 23,675 ft</span></div>\n<div><span><b>Speed:</b></span> <span>378 kt - 376 kt</span></div>\n<div><span><b>Timestamp:</b></span><br/><span>2026-05-18 10:10:15 UTC<br/>2026-05-18 10:10:48 UTC</span></div>\n</div>"},"stroke-opacity":1,"stroke":"#ff1e00","stroke-width":2}},{"type":"Feature","geometry":{"type":"LineString","coordinates":[[-8.633789,39.605339,7216.14],[-8.670243,39.558929,7025.64]]},"properties":{"name":"P-485","description":{"@type":"html","value":"<div><div><span><b>Altitude:</b></span> <span>23,675 ft - 23,050 ft</span></div>\n<div><span><b>Speed:</b></span> <span>376 kt - 371 kt</span></div>\n<div><span><b>Timestamp:</b></span><br/><span>2026-05-18 10:10:48 UTC<br/>2026-05-18 10:11:19 UTC</span></div>\n</div>"},"stroke-opacity":1,"stroke":"#ff1e00","stroke-width":2}},{"type":"Feature","geometry":{"type":"LineString","coordinates":[[-8.670243,39.558929,7025.64],[-8.706177,39.513306,6819.9]]},"properties":{"name":"P-486","description":{"@type":"html","value":"<div><div><span><b>Altitude:</b></span> <span>23,050 ft - 22,375 ft</span></div>\n<div><span><b>Speed:</b></span> <span>371 kt - 361 kt</span></div>\n<div><span><b>Timestamp:</b></span><br/><span>2026-05-18 10:11:19 UTC<br/>2026-05-18 10:11:51 UTC</span></div>\n</div>"},"stroke-opacity":1,"stroke":"#ff1e00","stroke-width":2}},{"type":"Feature","geometry":{"type":"LineString","coordinates":[[-8.706177,39.513306,6819.9],[-8.742432,39.466755,6629.4]]},"properties":{"name":"P-487","description":{"@type":"html","value":"<div><div><span><b>Altitude:</b></span> <span>22,375 ft - 21,750 ft</span></div>\n<div><span><b>Speed:</b></span> <span>361 kt - 357 kt</span></div>\n<div><span><b>Timestamp:</b></span><br/><span>2026-05-18 10:11:51 UTC<br/>2026-05-18 10:12:23 UTC</span></div>\n</div>"},"stroke-opacity":1,"stroke":"#ff3000","stroke-width":2}},{"type":"Feature","geometry":{"type":"LineString","coordinates":[[-8.742432,39.466755,6629.4],[-8.777121,39.422333,6438.9]]},"properties":{"name":"P-488","description":{"@type":"html","value":"<div><div><span><b>Altitude:</b></span> <span>21,750 ft - 21,125 ft</span></div>\n<div><span><b>Speed:</b></span> <span>357 kt - 356 kt</span></div>\n<div><span><b>Timestamp:</b></span><br/><span>2026-05-18 10:12:23 UTC<br/>2026-05-18 10:12:55 UTC</span></div>\n</div>"},"stroke-opacity":1,"stroke":"#ff3000","stroke-width":2}},{"type":"Feature","geometry":{"type":"LineString","coordinates":[[-8.777121,39.422333,6438.9],[-8.804109,39.393265,6301.74]]},"properties":{"name":"P-489","description":{"@type":"html","value":"<div><div><span><b>Altitude:</b></span> <span>21,125 ft - 20,675 ft</span></div>\n<div><span><b>Speed:</b></span> <span>356 kt - 348 kt</span></div>\n<div><span><b>Timestamp:</b></span><br/><span>2026-05-18 10:12:55 UTC<br/>2026-05-18 10:13:17 UTC</span></div>\n</div>"},"stroke-opacity":1,"stroke":"#ff5400","stroke-width":2}},{"type":"Feature","geometry":{"type":"LineString","coordinates":[[-8.804109,39.393265,6301.74],[-8.807617,39.390549,6286.5]]},"properties":{"name":"P-490","description":{"@type":"html","value":"<div><div><span><b>Altitude:</b></span> <span>20,675 ft - 20,625 ft</span></div>\n<div><span><b>Speed:</b></span> <span>348 kt - 347 kt</span></div>\n<div><span><b>Timestamp:</b></span><br/><span>2026-05-18 10:13:17 UTC<br/>2026-05-18 10:13:19 UTC</span></div>\n</div>"},"stroke-opacity":1,"stroke":"#ff5400","stroke-width":2}},{"type":"Feature","geometry":{"type":"LineString","coordinates":[[-8.807617,39.390549,6286.5],[-8.810797,39.388275,6278.88]]},"properties":{"name":"P-491","description":{"@type":"html","value":"<div><div><span><b>Altitude:</b></span> <span>20,625 ft - 20,600 ft</span></div>\n<div><span><b>Speed:</b></span> <span>347 kt - 346 kt</span></div>\n<div><span><b>Timestamp:</b></span><br/><span>2026-05-18 10:13:19 UTC<br/>2026-05-18 10:13:21 UTC</span></div>\n</div>"},"stroke-opacity":1,"stroke":"#ff5400","stroke-width":2}},{"type":"Feature","geometry":{"type":"LineString","coordinates":[[-8.810797,39.388275,6278.88],[-8.814209,39.385941,6263.64]]},"properties":{"name":"P-492","description":{"@type":"html","value":"<div><div><span><b>Altitude:</b></span> <span>20,600 ft - 20,550 ft</span></div>\n<div><span><b>Speed:</b></span> <span>346 kt - 344 kt</span></div>\n<div><span><b>Timestamp:</b></span><br/><span>2026-05-18 10:13:21 UTC<br/>2026-05-18 10:13:23 UTC</span></div>\n</div>"},"stroke-opacity":1,"stroke":"#ff5400","stroke-width":2}},{"type":"Feature","geometry":{"type":"LineString","coordinates":[[-8.814209,39.385941,6263.64],[-8.816711,39.384312,6256.02]]},"properties":{"name":"P-493","description":{"@type":"html","value":"<div><div><span><b>Altitude:</b></span> <span>20,550 ft - 20,525 ft</span></div>\n<div><span><b>Speed:</b></span> <span>344 kt</span></div>\n<div><span><b>Timestamp:</b></span><br/><span>2026-05-18 10:13:23 UTC<br/>2026-05-18 10:13:25 UTC</span></div>\n</div>"},"stroke-opacity":1,"stroke":"#ff5400","stroke-width":2}},{"type":"Feature","geometry":{"type":"LineString","coordinates":[[-8.816711,39.384312,6256.02],[-8.820862,39.381516,6240.78]]},"properties":{"name":"P-494","description":{"@type":"html","value":"<div><div><span><b>Altitude:</b></span> <span>20,525 ft - 20,475 ft</span></div>\n<div><span><b>Speed:</b></span> <span>344 kt - 343 kt</span></div>\n<div><span><b>Timestamp:</b></span><br/><span>2026-05-18 10:13:25 UTC<br/>2026-05-18 10:13:28 UTC</span></div>\n</div>"},"stroke-opacity":1,"stroke":"#ff5400","stroke-width":2}},{"type":"Feature","geometry":{"type":"LineString","coordinates":[[-8.820862,39.381516,6240.78],[-8.824158,39.37933,6233.16]]},"properties":{"name":"P-495","description":{"@type":"html","value":"<div><div><span><b>Altitude:</b></span> <span>20,475 ft - 20,450 ft</span></div>\n<div><span><b>Speed:</b></span> <span>343 kt - 342 kt</span></div>\n<div><span><b>Timestamp:</b></span><br/><span>2026-05-18 10:13:28 UTC<br/>2026-05-18 10:13:30 UTC</span></div>\n</div>"},"stroke-opacity":1,"stroke":"#ff5400","stroke-width":2}},{"type":"Feature","geometry":{"type":"LineString","coordinates":[[-8.824158,39.37933,6233.16],[-8.827097,39.37738,6217.92]]},"properties":{"name":"P-496","description":{"@type":"html","value":"<div><div><span><b>Altitude:</b></span> <span>20,450 ft - 20,400 ft</span></div>\n<div><span><b>Speed:</b></span> <span>342 kt - 341 kt</span></div>\n<div><span><b>Timestamp:</b></span><br/><span>2026-05-18 10:13:30 UTC<br/>2026-05-18 10:13:32 UTC</span></div>\n</div>"},"stroke-opacity":1,"stroke":"#ff5400","stroke-width":2}},{"type":"Feature","geometry":{"type":"LineString","coordinates":[[-8.827097,39.37738,6217.92],[-8.8302,39.375324,6210.3]]},"properties":{"name":"P-497","description":{"@type":"html","value":"<div><div><span><b>Altitude:</b></span> <span>20,400 ft - 20,375 ft</span></div>\n<div><span><b>Speed:</b></span> <span>341 kt</span></div>\n<div><span><b>Timestamp:</b></span><br/><span>2026-05-18 10:13:32 UTC<br/>2026-05-18 10:13:34 UTC</span></div>\n</div>"},"stroke-opacity":1,"stroke":"#ff5400","stroke-width":2}},{"type":"Feature","geometry":{"type":"LineString","coordinates":[[-8.8302,39.375324,6210.3],[-8.833724,39.37294,6195.06]]},"properties":{"name":"P-498","description":{"@type":"html","value":"<div><div><span><b>Altitude:</b></span> <span>20,375 ft - 20,325 ft</span></div>\n<div><span><b>Speed:</b></span> <span>341 kt</span></div>\n<div><span><b>Timestamp:</b></span><br/><span>2026-05-18 10:13:34 UTC<br/>2026-05-18 10:13:36 UTC</span></div>\n</div>"},"stroke-opacity":1,"stroke":"#ff5400","stroke-width":2}},{"type":"Feature","geometry":{"type":"LineString","coordinates":[[-8.833724,39.37294,6195.06],[-8.837307,39.37056,6187.44]]},"properties":{"name":"P-499","description":{"@type":"html","value":"<div><div><span><b>Altitude:</b></span> <span>20,325 ft - 20,300 ft</span></div>\n<div><span><b>Speed:</b></span> <span>341 kt</span></div>\n<div><span><b>Timestamp:</b></span><br/><span>2026-05-18 10:13:36 UTC<br/>2026-05-18 10:13:38 UTC</span></div>\n</div>"},"stroke-opacity":1,"stroke":"#ff5400","stroke-width":2}},{"type":"Feature","geometry":{"type":"LineString","coordinates":[[-8.837307,39.37056,6187.44],[-8.840531,39.368408,6172.2]]},"properties":{"name":"P-500","description":{"@type":"html","value":"<div><div><span><b>Altitude:</b></span> <span>20,300 ft - 20,250 ft</span></div>\n<div><span><b>Speed:</b></span> <span>341 kt</span></div>\n<div><span><b>Timestamp:</b></span><br/><span>2026-05-18 10:13:38 UTC<br/>2026-05-18 10:13:40 UTC</span></div>\n</div>"},"stroke-opacity":1,"stroke":"#ff5400","stroke-width":2}},{"type":"Feature","geometry":{"type":"LineString","coordinates":[[-8.840531,39.368408,6172.2],[-8.84375,39.366203,6164.58]]},"properties":{"name":"P-501","description":{"@type":"html","value":"<div><div><span><b>Altitude:</b></span> <span>20,250 ft - 20,225 ft</span></div>\n<div><span><b>Speed:</b></span> <span>341 kt</span></div>\n<div><span><b>Timestamp:</b></span><br/><span>2026-05-18 10:13:40 UTC<br/>2026-05-18 10:13:42 UTC</span></div>\n</div>"},"stroke-opacity":1,"stroke":"#ff5400","stroke-width":2}},{"type":"Feature","geometry":{"type":"LineString","coordinates":[[-8.84375,39.366203,6164.58],[-8.846924,39.364014,6149.34]]},"properties":{"name":"P-502","description":{"@type":"html","value":"<div><div><span><b>Altitude:</b></span> <span>20,225 ft - 20,175 ft</span></div>\n<div><span><b>Speed:</b></span> <span>341 kt - 342 kt</span></div>\n<div><span><b>Timestamp:</b></span><br/><span>2026-05-18 10:13:42 UTC<br/>2026-05-18 10:13:45 UTC</span></div>\n</div>"},"stroke-opacity":1,"stroke":"#ff5400","stroke-width":2}},{"type":"Feature","geometry":{"type":"LineString","coordinates":[[-8.846924,39.364014,6149.34],[-8.89502,39.330776,5966.46]]},"properties":{"name":"P-503","description":{"@type":"html","value":"<div><div><span><b>Altitude:</b></span> <span>20,175 ft - 19,575 ft</span></div>\n<div><span><b>Speed:</b></span> <span>342 kt - 339 kt</span></div>\n<div><span><b>Timestamp:</b></span><br/><span>2026-05-18 10:13:45 UTC<br/>2026-05-18 10:14:16 UTC</span></div>\n</div>"},"stroke-opacity":1,"stroke":"#ff5400","stroke-width":2}},{"type":"Feature","geometry":{"type":"LineString","coordinates":[[-8.89502,39.330776,5966.46],[-8.942393,39.29837,5791.2]]},"properties":{"name":"P-504","description":{"@type":"html","value":"<div><div><span><b>Altitude:</b></span> <span>19,575 ft - 19,000 ft</span></div>\n<div><span><b>Speed:</b></span> <span>339 kt - 338 kt</span></div>\n<div><span><b>Timestamp:</b></span><br/><span>2026-05-18 10:14:16 UTC<br/>2026-05-18 10:14:48 UTC</span></div>\n</div>"},"stroke-opacity":1,"stroke":"#ff7800","stroke-width":2}},{"type":"Feature","geometry":{"type":"LineString","coordinates":[[-8.942393,39.29837,5791.2],[-8.98825,39.267197,5615.94]]},"properties":{"name":"P-505","description":{"@type":"html","value":"<div><div><span><b>Altitude:</b></span> <span>19,000 ft - 18,425 ft</span></div>\n<div><span><b>Speed:</b></span> <span>338 kt - 334 kt</span></div>\n<div><span><b>Timestamp:</b></span><br/><span>2026-05-18 10:14:48 UTC<br/>2026-05-18 10:15:18 UTC</span></div>\n</div>"},"stroke-opacity":1,"stroke":"#ff7800","stroke-width":2}},{"type":"Feature","geometry":{"type":"LineString","coordinates":[[-8.98825,39.267197,5615.94],[-9.036316,39.234272,5425.44]]},"properties":{"name":"P-506","description":{"@type":"html","value":"<div><div><span><b>Altitude:</b></span> <span>18,425 ft - 17,800 ft</span></div>\n<div><span><b>Speed:</b></span> <span>334 kt</span></div>\n<div><span><b>Timestamp:</b></span><br/><span>2026-05-18 10:15:18 UTC<br/>2026-05-18 10:15:50 UTC</span></div>\n</div>"},"stroke-opacity":1,"stroke":"#ff7800","stroke-width":2}},{"type":"Feature","geometry":{"type":"LineString","coordinates":[[-9.036316,39.234272,5425.44],[-9.083961,39.201736,5234.94]]},"properties":{"name":"P-507","description":{"@type":"html","value":"<div><div><span><b>Altitude:</b></span> <span>17,800 ft - 17,175 ft</span></div>\n<div><span><b>Speed:</b></span> <span>334 kt - 336 kt</span></div>\n<div><span><b>Timestamp:</b></span><br/><span>2026-05-18 10:15:50 UTC<br/>2026-05-18 10:16:22 UTC</span></div>\n</div>"},"stroke-opacity":1,"stroke":"#ff9600","stroke-width":2}},{"type":"Feature","geometry":{"type":"LineString","coordinates":[[-9.083961,39.201736,5234.94],[-9.132629,39.168354,5036.82]]},"properties":{"name":"P-508","description":{"@type":"html","value":"<div><div><span><b>Altitude:</b></span> <span>17,175 ft - 16,525 ft</span></div>\n<div><span><b>Speed:</b></span> <span>336 kt - 332 kt</span></div>\n<div><span><b>Timestamp:</b></span><br/><span>2026-05-18 10:16:22 UTC<br/>2026-05-18 10:16:54 UTC</span></div>\n</div>"},"stroke-opacity":1,"stroke":"#ff9600","stroke-width":2}},{"type":"Feature","geometry":{"type":"LineString","coordinates":[[-9.132629,39.168354,5036.82],[-9.178589,39.136559,4861.56]]},"properties":{"name":"P-509","description":{"@type":"html","value":"<div><div><span><b>Altitude:</b></span> <span>16,525 ft - 15,950 ft</span></div>\n<div><span><b>Speed:</b></span> <span>332 kt - 324 kt</span></div>\n<div><span><b>Timestamp:</b></span><br/><span>2026-05-18 10:16:54 UTC<br/>2026-05-18 10:17:26 UTC</span></div>\n</div>"},"stroke-opacity":1,"stroke":"#ff9600","stroke-width":2}},{"type":"Feature","geometry":{"type":"LineString","coordinates":[[-9.178589,39.136559,4861.56],[-9.224097,39.10524,4678.68]]},"properties":{"name":"P-510","description":{"@type":"html","value":"<div><div><span><b>Altitude:</b></span> <span>15,950 ft - 15,350 ft</span></div>\n<div><span><b>Speed:</b></span> <span>324 kt - 315 kt</span></div>\n<div><span><b>Timestamp:</b></span><br/><span>2026-05-18 10:17:26 UTC<br/>2026-05-18 10:17:59 UTC</span></div>\n</div>"},"stroke-opacity":1,"stroke":"#ffa800","stroke-width":2}},{"type":"Feature","geometry":{"type":"LineString","coordinates":[[-9.224097,39.10524,4678.68],[-9.270132,39.073608,4503.42]]},"properties":{"name":"P-511","description":{"@type":"html","value":"<div><div><span><b>Altitude:</b></span> <span>15,350 ft - 14,775 ft</span></div>\n<div><span><b>Speed:</b></span> <span>315 kt</span></div>\n<div><span><b>Timestamp:</b></span><br/><span>2026-05-18 10:17:59 UTC<br/>2026-05-18 10:18:31 UTC</span></div>\n</div>"},"stroke-opacity":1,"stroke":"#ffa800","stroke-width":2}},{"type":"Feature","geometry":{"type":"LineString","coordinates":[[-9.270132,39.073608,4503.42],[-9.315093,39.042618,4320.54]]},"properties":{"name":"P-512","description":{"@type":"html","value":"<div><div><span><b>Altitude:</b></span> <span>14,775 ft - 14,175 ft</span></div>\n<div><span><b>Speed:</b></span> <span>315 kt - 310 kt</span></div>\n<div><span><b>Timestamp:</b></span><br/><span>2026-05-18 10:18:31 UTC<br/>2026-05-18 10:19:03 UTC</span></div>\n</div>"},"stroke-opacity":1,"stroke":"#ffa800","stroke-width":2}},{"type":"Feature","geometry":{"type":"LineString","coordinates":[[-9.315093,39.042618,4320.54],[-9.358582,39.012451,4145.28]]},"properties":{"name":"P-513","description":{"@type":"html","value":"<div><div><span><b>Altitude:</b></span> <span>14,175 ft - 13,600 ft</span></div>\n<div><span><b>Speed:</b></span> <span>310 kt - 308 kt</span></div>\n<div><span><b>Timestamp:</b></span><br/><span>2026-05-18 10:19:03 UTC<br/>2026-05-18 10:19:35 UTC</span></div>\n</div>"},"stroke-opacity":1,"stroke":"#ffc000","stroke-width":2}},{"type":"Feature","geometry":{"type":"LineString","coordinates":[[-9.358582,39.012451,4145.28],[-9.4021,38.98238,3977.64]]},"properties":{"name":"P-514","description":{"@type":"html","value":"<div><div><span><b>Altitude:</b></span> <span>13,600 ft - 13,050 ft</span></div>\n<div><span><b>Speed:</b></span> <span>308 kt - 305 kt</span></div>\n<div><span><b>Timestamp:</b></span><br/><span>2026-05-18 10:19:35 UTC<br/>2026-05-18 10:20:07 UTC</span></div>\n</div>"},"stroke-opacity":1,"stroke":"#ffc000","stroke-width":2}},{"type":"Feature","geometry":{"type":"LineString","coordinates":[[-9.4021,38.98238,3977.64],[-9.445801,38.952072,3756.66]]},"properties":{"name":"P-515","description":{"@type":"html","value":"<div><div><span><b>Altitude:</b></span> <span>13,050 ft - 12,325 ft</span></div>\n<div><span><b>Speed:</b></span> <span>305 kt - 303 kt</span></div>\n<div><span><b>Timestamp:</b></span><br/><span>2026-05-18 10:20:07 UTC<br/>2026-05-18 10:20:39 UTC</span></div>\n</div>"},"stroke-opacity":1,"stroke":"#ffea00","stroke-width":2}},{"type":"Feature","geometry":{"type":"LineString","coordinates":[[-9.445801,38.952072,3756.66],[-9.488128,38.922775,3520.44]]},"properties":{"name":"P-516","description":{"@type":"html","value":"<div><div><span><b>Altitude:</b></span> <span>12,325 ft - 11,550 ft</span></div>\n<div><span><b>Speed:</b></span> <span>303 kt - 296 kt</span></div>\n<div><span><b>Timestamp:</b></span><br/><span>2026-05-18 10:20:39 UTC<br/>2026-05-18 10:21:11 UTC</span></div>\n</div>"},"stroke-opacity":1,"stroke":"#ffea00","stroke-width":2}},{"type":"Feature","geometry":{"type":"LineString","coordinates":[[-9.488128,38.922775,3520.44],[-9.507174,38.909546,3406.14]]},"properties":{"name":"P-517","description":{"@type":"html","value":"<div><div><span><b>Altitude:</b></span> <span>11,550 ft - 11,175 ft</span></div>\n<div><span><b>Speed:</b></span> <span>296 kt - 293 kt</span></div>\n<div><span><b>Timestamp:</b></span><br/><span>2026-05-18 10:21:11 UTC<br/>2026-05-18 10:21:26 UTC</span></div>\n</div>"},"stroke-opacity":1,"stroke":"#ffea00","stroke-width":2}},{"type":"Feature","geometry":{"type":"LineString","coordinates":[[-9.507174,38.909546,3406.14],[-9.523804,38.898026,3307.08]]},"properties":{"name":"P-518","description":{"@type":"html","value":"<div><div><span><b>Altitude:</b></span> <span>11,175 ft - 10,850 ft</span></div>\n<div><span><b>Speed:</b></span> <span>293 kt - 291 kt</span></div>\n<div><span><b>Timestamp:</b></span><br/><span>2026-05-18 10:21:26 UTC<br/>2026-05-18 10:21:39 UTC</span></div>\n</div>"},"stroke-opacity":1,"stroke":"#e4ff00","stroke-width":2}},{"type":"Feature","geometry":{"type":"LineString","coordinates":[[-9.523804,38.898026,3307.08],[-9.536377,38.887085,3223.26]]},"properties":{"name":"P-519","description":{"@type":"html","value":"<div><div><span><b>Altitude:</b></span> <span>10,850 ft - 10,575 ft</span></div>\n<div><span><b>Speed:</b></span> <span>291 kt - 293 kt</span></div>\n<div><span><b>Timestamp:</b></span><br/><span>2026-05-18 10:21:39 UTC<br/>2026-05-18 10:21:49 UTC</span></div>\n</div>"},"stroke-opacity":1,"stroke":"#e4ff00","stroke-width":2}},{"type":"Feature","geometry":{"type":"LineString","coordinates":[[-9.536377,38.887085,3223.26],[-9.538521,38.884598,3208.02]]},"properties":{"name":"P-520","description":{"@type":"html","value":"<div><div><span><b>Altitude:</b></span> <span>10,575 ft - 10,525 ft</span></div>\n<div><span><b>Speed:</b></span> <span>293 kt - 292 kt</span></div>\n<div><span><b>Timestamp:</b></span><br/><span>2026-05-18 10:21:49 UTC<br/>2026-05-18 10:21:52 UTC</span></div>\n</div>"},"stroke-opacity":1,"stroke":"#e4ff00","stroke-width":2}},{"type":"Feature","geometry":{"type":"LineString","coordinates":[[-9.538521,38.884598,3208.02],[-9.540611,38.881622,3185.16]]},"properties":{"name":"P-521","description":{"@type":"html","value":"<div><div><span><b>Altitude:</b></span> <span>10,525 ft - 10,450 ft</span></div>\n<div><span><b>Speed:</b></span> <span>292 kt - 293 kt</span></div>\n<div><span><b>Timestamp:</b></span><br/><span>2026-05-18 10:21:52 UTC<br/>2026-05-18 10:21:54 UTC</span></div>\n</div>"},"stroke-opacity":1,"stroke":"#e4ff00","stroke-width":2}},{"type":"Feature","geometry":{"type":"LineString","coordinates":[[-9.540611,38.881622,3185.16],[-9.542236,38.879032,3169.92]]},"properties":{"name":"P-522","description":{"@type":"html","value":"<div><div><span><b>Altitude:</b></span> <span>10,450 ft - 10,400 ft</span></div>\n<div><span><b>Speed:</b></span> <span>293 kt - 294 kt</span></div>\n<div><span><b>Timestamp:</b></span><br/><span>2026-05-18 10:21:54 UTC<br/>2026-05-18 10:21:56 UTC</span></div>\n</div>"},"stroke-opacity":1,"stroke":"#e4ff00","stroke-width":2}},{"type":"Feature","geometry":{"type":"LineString","coordinates":[[-9.542236,38.879032,3169.92],[-9.54364,38.876427,3147.06]]},"properties":{"name":"P-523","description":{"@type":"html","value":"<div><div><span><b>Altitude:</b></span> <span>10,400 ft - 10,325 ft</span></div>\n<div><span><b>Speed:</b></span> <span>294 kt</span></div>\n<div><span><b>Timestamp:</b></span><br/><span>2026-05-18 10:21:56 UTC<br/>2026-05-18 10:21:58 UTC</span></div>\n</div>"},"stroke-opacity":1,"stroke":"#e4ff00","stroke-width":2}},{"type":"Feature","geometry":{"type":"LineString","coordinates":[[-9.54364,38.876427,3147.06],[-9.544731,38.873978,3131.82]]},"properties":{"name":"P-524","description":{"@type":"html","value":"<div><div><span><b>Altitude:</b></span> <span>10,325 ft - 10,275 ft</span></div>\n<div><span><b>Speed:</b></span> <span>294 kt - 295 kt</span></div>\n<div><span><b>Timestamp:</b></span><br/><span>2026-05-18 10:21:58 UTC<br/>2026-05-18 10:22:00 UTC</span></div>\n</div>"},"stroke-opacity":1,"stroke":"#e4ff00","stroke-width":2}},{"type":"Feature","geometry":{"type":"LineString","coordinates":[[-9.544731,38.873978,3131.82],[-9.545898,38.870838,3116.58]]},"properties":{"name":"P-525","description":{"@type":"html","value":"<div><div><span><b>Altitude:</b></span> <span>10,275 ft - 10,225 ft</span></div>\n<div><span><b>Speed:</b></span> <span>295 kt</span></div>\n<div><span><b>Timestamp:</b></span><br/><span>2026-05-18 10:22:00 UTC<br/>2026-05-18 10:22:02 UTC</span></div>\n</div>"},"stroke-opacity":1,"stroke":"#e4ff00","stroke-width":2}},{"type":"Feature","geometry":{"type":"LineString","coordinates":[[-9.545898,38.870838,3116.58],[-9.546701,38.868027,3101.34]]},"properties":{"name":"P-526","description":{"@type":"html","value":"<div><div><span><b>Altitude:</b></span> <span>10,225 ft - 10,175 ft</span></div>\n<div><span><b>Speed:</b></span> <span>295 kt - 296 kt</span></div>\n<div><span><b>Timestamp:</b></span><br/><span>2026-05-18 10:22:02 UTC<br/>2026-05-18 10:22:04 UTC</span></div>\n</div>"},"stroke-opacity":1,"stroke":"#e4ff00","stroke-width":2}},{"type":"Feature","geometry":{"type":"LineString","coordinates":[[-9.546701,38.868027,3101.34],[-9.547179,38.865143,3086.1]]},"properties":{"name":"P-527","description":{"@type":"html","value":"<div><div><span><b>Altitude:</b></span> <span>10,175 ft - 10,125 ft</span></div>\n<div><span><b>Speed:</b></span> <span>296 kt</span></div>\n<div><span><b>Timestamp:</b></span><br/><span>2026-05-18 10:22:04 UTC<br/>2026-05-18 10:22:06 UTC</span></div>\n</div>"},"stroke-opacity":1,"stroke":"#e4ff00","stroke-width":2}},{"type":"Feature","geometry":{"type":"LineString","coordinates":[[-9.547179,38.865143,3086.1],[-9.547424,38.862972,3070.86]]},"properties":{"name":"P-528","description":{"@type":"html","value":"<div><div><span><b>Altitude:</b></span> <span>10,125 ft - 10,075 ft</span></div>\n<div><span><b>Speed:</b></span> <span>296 kt</span></div>\n<div><span><b>Timestamp:</b></span><br/><span>2026-05-18 10:22:06 UTC<br/>2026-05-18 10:22:09 UTC</span></div>\n</div>"},"stroke-opacity":1,"stroke":"#e4ff00","stroke-width":2}},{"type":"Feature","geometry":{"type":"LineString","coordinates":[[-9.547424,38.862972,3070.86],[-9.547607,38.859715,3055.62]]},"properties":{"name":"P-529","description":{"@type":"html","value":"<div><div><span><b>Altitude:</b></span> <span>10,075 ft - 10,025 ft</span></div>\n<div><span><b>Speed:</b></span> <span>296 kt</span></div>\n<div><span><b>Timestamp:</b></span><br/><span>2026-05-18 10:22:09 UTC<br/>2026-05-18 10:22:11 UTC</span></div>\n</div>"},"stroke-opacity":1,"stroke":"#e4ff00","stroke-width":2}},{"type":"Feature","geometry":{"type":"LineString","coordinates":[[-9.547607,38.859715,3055.62],[-9.547656,38.856949,3048]]},"properties":{"name":"P-530","description":{"@type":"html","value":"<div><div><span><b>Altitude:</b></span> <span>10,025 ft - 10,000 ft</span></div>\n<div><span><b>Speed:</b></span> <span>296 kt - 295 kt</span></div>\n<div><span><b>Timestamp:</b></span><br/><span>2026-05-18 10:22:11 UTC<br/>2026-05-18 10:22:13 UTC</span></div>\n</div>"},"stroke-opacity":1,"stroke":"#e4ff00","stroke-width":2}},{"type":"Feature","geometry":{"type":"LineString","coordinates":[[-9.547656,38.856949,3048],[-9.547668,38.854404,3040.38]]},"properties":{"name":"P-531","description":{"@type":"html","value":"<div><div><span><b>Altitude:</b></span> <span>10,000 ft - 9,975 ft</span></div>\n<div><span><b>Speed:</b></span> <span>295 kt - 294 kt</span></div>\n<div><span><b>Timestamp:</b></span><br/><span>2026-05-18 10:22:13 UTC<br/>2026-05-18 10:22:15 UTC</span></div>\n</div>"},"stroke-opacity":1,"stroke":"#e4ff00","stroke-width":2}},{"type":"Feature","geometry":{"type":"LineString","coordinates":[[-9.547668,38.854404,3040.38],[-9.547656,38.851135,3032.76]]},"properties":{"name":"P-532","description":{"@type":"html","value":"<div><div><span><b>Altitude:</b></span> <span>9,975 ft - 9,950 ft</span></div>\n<div><span><b>Speed:</b></span> <span>294 kt - 293 kt</span></div>\n<div><span><b>Timestamp:</b></span><br/><span>2026-05-18 10:22:15 UTC<br/>2026-05-18 10:22:17 UTC</span></div>\n</div>"},"stroke-opacity":1,"stroke":"#e4ff00","stroke-width":2}},{"type":"Feature","geometry":{"type":"LineString","coordinates":[[-9.547656,38.851135,3032.76],[-9.547597,38.848297,3025.14]]},"properties":{"name":"P-533","description":{"@type":"html","value":"<div><div><span><b>Altitude:</b></span> <span>9,950 ft - 9,925 ft</span></div>\n<div><span><b>Speed:</b></span> <span>293 kt - 292 kt</span></div>\n<div><span><b>Timestamp:</b></span><br/><span>2026-05-18 10:22:17 UTC<br/>2026-05-18 10:22:19 UTC</span></div>\n</div>"},"stroke-opacity":1,"stroke":"#e4ff00","stroke-width":2}},{"type":"Feature","geometry":{"type":"LineString","coordinates":[[-9.547597,38.848297,3025.14],[-9.547597,38.845871,3017.52]]},"properties":{"name":"P-534","description":{"@type":"html","value":"<div><div><span><b>Altitude:</b></span> <span>9,925 ft - 9,900 ft</span></div>\n<div><span><b>Speed:</b></span> <span>292 kt</span></div>\n<div><span><b>Timestamp:</b></span><br/><span>2026-05-18 10:22:19 UTC<br/>2026-05-18 10:22:21 UTC</span></div>\n</div>"},"stroke-opacity":1,"stroke":"#e4ff00","stroke-width":2}},{"type":"Feature","geometry":{"type":"LineString","coordinates":[[-9.547597,38.845871,3017.52],[-9.547546,38.842628,3009.9]]},"properties":{"name":"P-535","description":{"@type":"html","value":"<div><div><span><b>Altitude:</b></span> <span>9,900 ft - 9,875 ft</span></div>\n<div><span><b>Speed:</b></span> <span>292 kt</span></div>\n<div><span><b>Timestamp:</b></span><br/><span>2026-05-18 10:22:21 UTC<br/>2026-05-18 10:22:23 UTC</span></div>\n</div>"},"stroke-opacity":1,"stroke":"#e4ff00","stroke-width":2}},{"type":"Feature","geometry":{"type":"LineString","coordinates":[[-9.547546,38.842628,3009.9],[-9.547597,38.839508,2994.66]]},"properties":{"name":"P-536","description":{"@type":"html","value":"<div><div><span><b>Altitude:</b></span> <span>9,875 ft - 9,825 ft</span></div>\n<div><span><b>Speed:</b></span> <span>292 kt - 291 kt</span></div>\n<div><span><b>Timestamp:</b></span><br/><span>2026-05-18 10:22:23 UTC<br/>2026-05-18 10:22:25 UTC</span></div>\n</div>"},"stroke-opacity":1,"stroke":"#e4ff00","stroke-width":2}},{"type":"Feature","geometry":{"type":"LineString","coordinates":[[-9.547597,38.839508,2994.66],[-9.547597,38.83667,2987.04]]},"properties":{"name":"P-537","description":{"@type":"html","value":"<div><div><span><b>Altitude:</b></span> <span>9,825 ft - 9,800 ft</span></div>\n<div><span><b>Speed:</b></span> <span>291 kt</span></div>\n<div><span><b>Timestamp:</b></span><br/><span>2026-05-18 10:22:25 UTC<br/>2026-05-18 10:22:28 UTC</span></div>\n</div>"},"stroke-opacity":1,"stroke":"#d2ff00","stroke-width":2}},{"type":"Feature","geometry":{"type":"LineString","coordinates":[[-9.547597,38.83667,2987.04],[-9.547656,38.833969,2979.42]]},"properties":{"name":"P-538","description":{"@type":"html","value":"<div><div><span><b>Altitude:</b></span> <span>9,800 ft - 9,775 ft</span></div>\n<div><span><b>Speed:</b></span> <span>291 kt - 292 kt</span></div>\n<div><span><b>Timestamp:</b></span><br/><span>2026-05-18 10:22:28 UTC<br/>2026-05-18 10:22:30 UTC</span></div>\n</div>"},"stroke-opacity":1,"stroke":"#d2ff00","stroke-width":2}},{"type":"Feature","geometry":{"type":"LineString","coordinates":[[-9.547656,38.833969,2979.42],[-9.547729,38.830757,2971.8]]},"properties":{"name":"P-539","description":{"@type":"html","value":"<div><div><span><b>Altitude:</b></span> <span>9,775 ft - 9,750 ft</span></div>\n<div><span><b>Speed:</b></span> <span>292 kt</span></div>\n<div><span><b>Timestamp:</b></span><br/><span>2026-05-18 10:22:30 UTC<br/>2026-05-18 10:22:32 UTC</span></div>\n</div>"},"stroke-opacity":1,"stroke":"#d2ff00","stroke-width":2}},{"type":"Feature","geometry":{"type":"LineString","coordinates":[[-9.547729,38.830757,2971.8],[-9.547835,38.828064,2956.56]]},"properties":{"name":"P-540","description":{"@type":"html","value":"<div><div><span><b>Altitude:</b></span> <span>9,750 ft - 9,700 ft</span></div>\n<div><span><b>Speed:</b></span> <span>292 kt</span></div>\n<div><span><b>Timestamp:</b></span><br/><span>2026-05-18 10:22:32 UTC<br/>2026-05-18 10:22:34 UTC</span></div>\n</div>"},"stroke-opacity":1,"stroke":"#d2ff00","stroke-width":2}},{"type":"Feature","geometry":{"type":"LineString","coordinates":[[-9.547835,38.828064,2956.56],[-9.547974,38.825218,2948.94]]},"properties":{"name":"P-541","description":{"@type":"html","value":"<div><div><span><b>Altitude:</b></span> <span>9,700 ft - 9,675 ft</span></div>\n<div><span><b>Speed:</b></span> <span>292 kt - 291 kt</span></div>\n<div><span><b>Timestamp:</b></span><br/><span>2026-05-18 10:22:34 UTC<br/>2026-05-18 10:22:36 UTC</span></div>\n</div>"},"stroke-opacity":1,"stroke":"#d2ff00","stroke-width":2}},{"type":"Feature","geometry":{"type":"LineString","coordinates":[[-9.547974,38.825218,2948.94],[-9.548767,38.807434,2880.36]]},"properties":{"name":"P-542","description":{"@type":"html","value":"<div><div><span><b>Altitude:</b></span> <span>9,675 ft - 9,450 ft</span></div>\n<div><span><b>Speed:</b></span> <span>291 kt</span></div>\n<div><span><b>Timestamp:</b></span><br/><span>2026-05-18 10:22:36 UTC<br/>2026-05-18 10:22:49 UTC</span></div>\n</div>"},"stroke-opacity":1,"stroke":"#d2ff00","stroke-width":2}},{"type":"Feature","geometry":{"type":"LineString","coordinates":[[-9.548767,38.807434,2880.36],[-9.549316,38.790676,2819.4]]},"properties":{"name":"P-543","description":{"@type":"html","value":"<div><div><span><b>Altitude:</b></span> <span>9,450 ft - 9,250 ft</span></div>\n<div><span><b>Speed:</b></span> <span>291 kt - 289 kt</span></div>\n<div><span><b>Timestamp:</b></span><br/><span>2026-05-18 10:22:49 UTC<br/>2026-05-18 10:23:02 UTC</span></div>\n</div>"},"stroke-opacity":1,"stroke":"#d2ff00","stroke-width":2}},{"type":"Feature","geometry":{"type":"LineString","coordinates":[[-9.549316,38.790676,2819.4],[-9.549744,38.773033,2750.82]]},"properties":{"name":"P-544","description":{"@type":"html","value":"<div><div><span><b>Altitude:</b></span> <span>9,250 ft - 9,025 ft</span></div>\n<div><span><b>Speed:</b></span> <span>289 kt - 288 kt</span></div>\n<div><span><b>Timestamp:</b></span><br/><span>2026-05-18 10:23:02 UTC<br/>2026-05-18 10:23:15 UTC</span></div>\n</div>"},"stroke-opacity":1,"stroke":"#d2ff00","stroke-width":2}},{"type":"Feature","geometry":{"type":"LineString","coordinates":[[-9.549744,38.773033,2750.82],[-9.550164,38.755737,2720.34]]},"properties":{"name":"P-545","description":{"@type":"html","value":"<div><div><span><b>Altitude:</b></span> <span>9,025 ft - 8,925 ft</span></div>\n<div><span><b>Speed:</b></span> <span>288 kt</span></div>\n<div><span><b>Timestamp:</b></span><br/><span>2026-05-18 10:23:15 UTC<br/>2026-05-18 10:23:28 UTC</span></div>\n</div>"},"stroke-opacity":1,"stroke":"#d2ff00","stroke-width":2}},{"type":"Feature","geometry":{"type":"LineString","coordinates":[[-9.550164,38.755737,2720.34],[-9.550537,38.738815,2689.86]]},"properties":{"name":"P-546","description":{"@type":"html","value":"<div><div><span><b>Altitude:</b></span> <span>8,925 ft - 8,825 ft</span></div>\n<div><span><b>Speed:</b></span> <span>288 kt - 290 kt</span></div>\n<div><span><b>Timestamp:</b></span><br/><span>2026-05-18 10:23:28 UTC<br/>2026-05-18 10:23:41 UTC</span></div>\n</div>"},"stroke-opacity":1,"stroke":"#d2ff00","stroke-width":2}},{"type":"Feature","geometry":{"type":"LineString","coordinates":[[-9.550537,38.738815,2689.86],[-9.550903,38.719032,2644.14]]},"properties":{"name":"P-547","description":{"@type":"html","value":"<div><div><span><b>Altitude:</b></span> <span>8,825 ft - 8,675 ft</span></div>\n<div><span><b>Speed:</b></span> <span>290 kt - 291 kt</span></div>\n<div><span><b>Timestamp:</b></span><br/><span>2026-05-18 10:23:41 UTC<br/>2026-05-18 10:23:56 UTC</span></div>\n</div>"},"stroke-opacity":1,"stroke":"#d2ff00","stroke-width":2}},{"type":"Feature","geometry":{"type":"LineString","coordinates":[[-9.550903,38.719032,2644.14],[-9.551208,38.702179,2613.66]]},"properties":{"name":"P-548","description":{"@type":"html","value":"<div><div><span><b>Altitude:</b></span> <span>8,675 ft - 8,575 ft</span></div>\n<div><span><b>Speed:</b></span> <span>291 kt - 292 kt</span></div>\n<div><span><b>Timestamp:</b></span><br/><span>2026-05-18 10:23:56 UTC<br/>2026-05-18 10:24:08 UTC</span></div>\n</div>"},"stroke-opacity":1,"stroke":"#d2ff00","stroke-width":2}},{"type":"Feature","geometry":{"type":"LineString","coordinates":[[-9.551208,38.702179,2613.66],[-9.551636,38.684769,2583.18]]},"properties":{"name":"P-549","description":{"@type":"html","value":"<div><div><span><b>Altitude:</b></span> <span>8,575 ft - 8,475 ft</span></div>\n<div><span><b>Speed:</b></span> <span>292 kt - 291 kt</span></div>\n<div><span><b>Timestamp:</b></span><br/><span>2026-05-18 10:24:08 UTC<br/>2026-05-18 10:24:21 UTC</span></div>\n</div>"},"stroke-opacity":1,"stroke":"#d2ff00","stroke-width":2}},{"type":"Feature","geometry":{"type":"LineString","coordinates":[[-9.551636,38.684769,2583.18],[-9.552075,38.667114,2537.46]]},"properties":{"name":"P-550","description":{"@type":"html","value":"<div><div><span><b>Altitude:</b></span> <span>8,475 ft - 8,325 ft</span></div>\n<div><span><b>Speed:</b></span> <span>291 kt</span></div>\n<div><span><b>Timestamp:</b></span><br/><span>2026-05-18 10:24:21 UTC<br/>2026-05-18 10:24:34 UTC</span></div>\n</div>"},"stroke-opacity":1,"stroke":"#d2ff00","stroke-width":2}},{"type":"Feature","geometry":{"type":"LineString","coordinates":[[-9.552075,38.667114,2537.46],[-9.552673,38.64748,2461.26]]},"properties":{"name":"P-551","description":{"@type":"html","value":"<div><div><span><b>Altitude:</b></span> <span>8,325 ft - 8,075 ft</span></div>\n<div><span><b>Speed:</b></span> <span>291 kt - 290 kt</span></div>\n<div><span><b>Timestamp:</b></span><br/><span>2026-05-18 10:24:34 UTC<br/>2026-05-18 10:24:49 UTC</span></div>\n</div>"},"stroke-opacity":1,"stroke":"#d2ff00","stroke-width":2}},{"type":"Feature","geometry":{"type":"LineString","coordinates":[[-9.552673,38.64748,2461.26],[-9.553149,38.629166,2392.68]]},"properties":{"name":"P-552","description":{"@type":"html","value":"<div><div><span><b>Altitude:</b></span> <span>8,075 ft - 7,850 ft</span></div>\n<div><span><b>Speed:</b></span> <span>290 kt - 288 kt</span></div>\n<div><span><b>Timestamp:</b></span><br/><span>2026-05-18 10:24:49 UTC<br/>2026-05-18 10:25:02 UTC</span></div>\n</div>"},"stroke-opacity":1,"stroke":"#9cff00","stroke-width":2}},{"type":"Feature","geometry":{"type":"LineString","coordinates":[[-9.553149,38.629166,2392.68],[-9.553406,38.612705,2331.72]]},"properties":{"name":"P-553","description":{"@type":"html","value":"<div><div><span><b>Altitude:</b></span> <span>7,850 ft - 7,650 ft</span></div>\n<div><span><b>Speed:</b></span> <span>288 kt - 286 kt</span></div>\n<div><span><b>Timestamp:</b></span><br/><span>2026-05-18 10:25:02 UTC<br/>2026-05-18 10:25:15 UTC</span></div>\n</div>"},"stroke-opacity":1,"stroke":"#9cff00","stroke-width":2}},{"type":"Feature","geometry":{"type":"LineString","coordinates":[[-9.553406,38.612705,2331.72],[-9.551598,38.601242,2278.38]]},"properties":{"name":"P-554","description":{"@type":"html","value":"<div><div><span><b>Altitude:</b></span> <span>7,650 ft - 7,475 ft</span></div>\n<div><span><b>Speed:</b></span> <span>286 kt - 283 kt</span></div>\n<div><span><b>Timestamp:</b></span><br/><span>2026-05-18 10:25:15 UTC<br/>2026-05-18 10:25:23 UTC</span></div>\n</div>"},"stroke-opacity":1,"stroke":"#9cff00","stroke-width":2}},{"type":"Feature","geometry":{"type":"LineString","coordinates":[[-9.551598,38.601242,2278.38],[-9.550821,38.598953,2270.76]]},"properties":{"name":"P-555","description":{"@type":"html","value":"<div><div><span><b>Altitude:</b></span> <span>7,475 ft - 7,450 ft</span></div>\n<div><span><b>Speed:</b></span> <span>283 kt</span></div>\n<div><span><b>Timestamp:</b></span><br/><span>2026-05-18 10:25:23 UTC<br/>2026-05-18 10:25:25 UTC</span></div>\n</div>"},"stroke-opacity":1,"stroke":"#9cff00","stroke-width":2}},{"type":"Feature","geometry":{"type":"LineString","coordinates":[[-9.550821,38.598953,2270.76],[-9.5495,38.59576,2255.52]]},"properties":{"name":"P-556","description":{"@type":"html","value":"<div><div><span><b>Altitude:</b></span> <span>7,450 ft - 7,400 ft</span></div>\n<div><span><b>Speed:</b></span> <span>283 kt - 281 kt</span></div>\n<div><span><b>Timestamp:</b></span><br/><span>2026-05-18 10:25:25 UTC<br/>2026-05-18 10:25:28 UTC</span></div>\n</div>"},"stroke-opacity":1,"stroke":"#9cff00","stroke-width":2}},{"type":"Feature","geometry":{"type":"LineString","coordinates":[[-9.5495,38.59576,2255.52],[-9.548279,38.593342,2247.9]]},"properties":{"name":"P-557","description":{"@type":"html","value":"<div><div><span><b>Altitude:</b></span> <span>7,400 ft - 7,375 ft</span></div>\n<div><span><b>Speed:</b></span> <span>281 kt</span></div>\n<div><span><b>Timestamp:</b></span><br/><span>2026-05-18 10:25:28 UTC<br/>2026-05-18 10:25:30 UTC</span></div>\n</div>"},"stroke-opacity":1,"stroke":"#9cff00","stroke-width":2}},{"type":"Feature","geometry":{"type":"LineString","coordinates":[[-9.548279,38.593342,2247.9],[-9.546936,38.591106,2240.28]]},"properties":{"name":"P-558","description":{"@type":"html","value":"<div><div><span><b>Altitude:</b></span> <span>7,375 ft - 7,350 ft</span></div>\n<div><span><b>Speed:</b></span> <span>281 kt - 280 kt</span></div>\n<div><span><b>Timestamp:</b></span><br/><span>2026-05-18 10:25:30 UTC<br/>2026-05-18 10:25:32 UTC</span></div>\n</div>"},"stroke-opacity":1,"stroke":"#9cff00","stroke-width":2}},{"type":"Feature","geometry":{"type":"LineString","coordinates":[[-9.546936,38.591106,2240.28],[-9.545447,38.588974,2232.66]]},"properties":{"name":"P-559","description":{"@type":"html","value":"<div><div><span><b>Altitude:</b></span> <span>7,350 ft - 7,325 ft</span></div>\n<div><span><b>Speed:</b></span> <span>280 kt - 279 kt</span></div>\n<div><span><b>Timestamp:</b></span><br/><span>2026-05-18 10:25:32 UTC<br/>2026-05-18 10:25:34 UTC</span></div>\n</div>"},"stroke-opacity":1,"stroke":"#9cff00","stroke-width":2}},{"type":"Feature","geometry":{"type":"LineString","coordinates":[[-9.545447,38.588974,2232.66],[-9.543298,38.586273,2225.04]]},"properties":{"name":"P-560","description":{"@type":"html","value":"<div><div><span><b>Altitude:</b></span> <span>7,325 ft - 7,300 ft</span></div>\n<div><span><b>Speed:</b></span> <span>279 kt - 278 kt</span></div>\n<div><span><b>Timestamp:</b></span><br/><span>2026-05-18 10:25:34 UTC<br/>2026-05-18 10:25:36 UTC</span></div>\n</div>"},"stroke-opacity":1,"stroke":"#9cff00","stroke-width":2}},{"type":"Feature","geometry":{"type":"LineString","coordinates":[[-9.543298,38.586273,2225.04],[-9.540955,38.58366,2209.8]]},"properties":{"name":"P-561","description":{"@type":"html","value":"<div><div><span><b>Altitude:</b></span> <span>7,300 ft - 7,250 ft</span></div>\n<div><span><b>Speed:</b></span> <span>278 kt - 276 kt</span></div>\n<div><span><b>Timestamp:</b></span><br/><span>2026-05-18 10:25:36 UTC<br/>2026-05-18 10:25:38 UTC</span></div>\n</div>"},"stroke-opacity":1,"stroke":"#9cff00","stroke-width":2}},{"type":"Feature","geometry":{"type":"LineString","coordinates":[[-9.540955,38.58366,2209.8],[-9.538879,38.581696,2202.18]]},"properties":{"name":"P-562","description":{"@type":"html","value":"<div><div><span><b>Altitude:</b></span> <span>7,250 ft - 7,225 ft</span></div>\n<div><span><b>Speed:</b></span> <span>276 kt - 275 kt</span></div>\n<div><span><b>Timestamp:</b></span><br/><span>2026-05-18 10:25:38 UTC<br/>2026-05-18 10:25:40 UTC</span></div>\n</div>"},"stroke-opacity":1,"stroke":"#9cff00","stroke-width":2}},{"type":"Feature","geometry":{"type":"LineString","coordinates":[[-9.538879,38.581696,2202.18],[-9.536431,38.579681,2194.56]]},"properties":{"name":"P-563","description":{"@type":"html","value":"<div><div><span><b>Altitude:</b></span> <span>7,225 ft - 7,200 ft</span></div>\n<div><span><b>Speed:</b></span> <span>275 kt - 274 kt</span></div>\n<div><span><b>Timestamp:</b></span><br/><span>2026-05-18 10:25:40 UTC<br/>2026-05-18 10:25:43 UTC</span></div>\n</div>"},"stroke-opacity":1,"stroke":"#9cff00","stroke-width":2}},{"type":"Feature","geometry":{"type":"LineString","coordinates":[[-9.536431,38.579681,2194.56],[-9.534119,38.57798,2186.94]]},"properties":{"name":"P-564","description":{"@type":"html","value":"<div><div><span><b>Altitude:</b></span> <span>7,200 ft - 7,175 ft</span></div>\n<div><span><b>Speed:</b></span> <span>274 kt - 272 kt</span></div>\n<div><span><b>Timestamp:</b></span><br/><span>2026-05-18 10:25:43 UTC<br/>2026-05-18 10:25:45 UTC</span></div>\n</div>"},"stroke-opacity":1,"stroke":"#9cff00","stroke-width":2}},{"type":"Feature","geometry":{"type":"LineString","coordinates":[[-9.534119,38.57798,2186.94],[-9.531921,38.576534,2179.32]]},"properties":{"name":"P-565","description":{"@type":"html","value":"<div><div><span><b>Altitude:</b></span> <span>7,175 ft - 7,150 ft</span></div>\n<div><span><b>Speed:</b></span> <span>272 kt - 270 kt</span></div>\n<div><span><b>Timestamp:</b></span><br/><span>2026-05-18 10:25:45 UTC<br/>2026-05-18 10:25:47 UTC</span></div>\n</div>"},"stroke-opacity":1,"stroke":"#9cff00","stroke-width":2}},{"type":"Feature","geometry":{"type":"LineString","coordinates":[[-9.531921,38.576534,2179.32],[-9.529236,38.574955,2171.7]]},"properties":{"name":"P-566","description":{"@type":"html","value":"<div><div><span><b>Altitude:</b></span> <span>7,150 ft - 7,125 ft</span></div>\n<div><span><b>Speed:</b></span> <span>270 kt - 268 kt</span></div>\n<div><span><b>Timestamp:</b></span><br/><span>2026-05-18 10:25:47 UTC<br/>2026-05-18 10:25:49 UTC</span></div>\n</div>"},"stroke-opacity":1,"stroke":"#9cff00","stroke-width":2}},{"type":"Feature","geometry":{"type":"LineString","coordinates":[[-9.529236,38.574955,2171.7],[-9.526042,38.573364,2164.08]]},"properties":{"name":"P-567","description":{"@type":"html","value":"<div><div><span><b>Altitude:</b></span> <span>7,125 ft - 7,100 ft</span></div>\n<div><span><b>Speed:</b></span> <span>268 kt</span></div>\n<div><span><b>Timestamp:</b></span><br/><span>2026-05-18 10:25:49 UTC<br/>2026-05-18 10:25:51 UTC</span></div>\n</div>"},"stroke-opacity":1,"stroke":"#9cff00","stroke-width":2}},{"type":"Feature","geometry":{"type":"LineString","coordinates":[[-9.526042,38.573364,2164.08],[-9.522878,38.571991,2156.46]]},"properties":{"name":"P-568","description":{"@type":"html","value":"<div><div><span><b>Altitude:</b></span> <span>7,100 ft - 7,075 ft</span></div>\n<div><span><b>Speed:</b></span> <span>268 kt - 265 kt</span></div>\n<div><span><b>Timestamp:</b></span><br/><span>2026-05-18 10:25:51 UTC<br/>2026-05-18 10:25:53 UTC</span></div>\n</div>"},"stroke-opacity":1,"stroke":"#9cff00","stroke-width":2}},{"type":"Feature","geometry":{"type":"LineString","coordinates":[[-9.522878,38.571991,2156.46],[-9.519833,38.570801,2148.84]]},"properties":{"name":"P-569","description":{"@type":"html","value":"<div><div><span><b>Altitude:</b></span> <span>7,075 ft - 7,050 ft</span></div>\n<div><span><b>Speed:</b></span> <span>265 kt - 264 kt</span></div>\n<div><span><b>Timestamp:</b></span><br/><span>2026-05-18 10:25:53 UTC<br/>2026-05-18 10:25:55 UTC</span></div>\n</div>"},"stroke-opacity":1,"stroke":"#9cff00","stroke-width":2}},{"type":"Feature","geometry":{"type":"LineString","coordinates":[[-9.519833,38.570801,2148.84],[-9.517385,38.570023,2141.22]]},"properties":{"name":"P-570","description":{"@type":"html","value":"<div><div><span><b>Altitude:</b></span> <span>7,050 ft - 7,025 ft</span></div>\n<div><span><b>Speed:</b></span> <span>264 kt - 262 kt</span></div>\n<div><span><b>Timestamp:</b></span><br/><span>2026-05-18 10:25:55 UTC<br/>2026-05-18 10:25:57 UTC</span></div>\n</div>"},"stroke-opacity":1,"stroke":"#9cff00","stroke-width":2}},{"type":"Feature","geometry":{"type":"LineString","coordinates":[[-9.517385,38.570023,2141.22],[-9.513733,38.568996,2133.6]]},"properties":{"name":"P-571","description":{"@type":"html","value":"<div><div><span><b>Altitude:</b></span> <span>7,025 ft - 7,000 ft</span></div>\n<div><span><b>Speed:</b></span> <span>262 kt - 261 kt</span></div>\n<div><span><b>Timestamp:</b></span><br/><span>2026-05-18 10:25:57 UTC<br/>2026-05-18 10:26:00 UTC</span></div>\n</div>"},"stroke-opacity":1,"stroke":"#9cff00","stroke-width":2}},{"type":"Feature","geometry":{"type":"LineString","coordinates":[[-9.513733,38.568996,2133.6],[-9.511115,38.56842,2125.98]]},"properties":{"name":"P-572","description":{"@type":"html","value":"<div><div><span><b>Altitude:</b></span> <span>7,000 ft - 6,975 ft</span></div>\n<div><span><b>Speed:</b></span> <span>261 kt - 260 kt</span></div>\n<div><span><b>Timestamp:</b></span><br/><span>2026-05-18 10:26:00 UTC<br/>2026-05-18 10:26:02 UTC</span></div>\n</div>"},"stroke-opacity":1,"stroke":"#9cff00","stroke-width":2}},{"type":"Feature","geometry":{"type":"LineString","coordinates":[[-9.511115,38.56842,2125.98],[-9.507831,38.567825,2118.36]]},"properties":{"name":"P-573","description":{"@type":"html","value":"<div><div><span><b>Altitude:</b></span> <span>6,975 ft - 6,950 ft</span></div>\n<div><span><b>Speed:</b></span> <span>260 kt - 258 kt</span></div>\n<div><span><b>Timestamp:</b></span><br/><span>2026-05-18 10:26:02 UTC<br/>2026-05-18 10:26:04 UTC</span></div>\n</div>"},"stroke-opacity":1,"stroke":"#9cff00","stroke-width":2}},{"type":"Feature","geometry":{"type":"LineString","coordinates":[[-9.507831,38.567825,2118.36],[-9.504726,38.567413,2110.74]]},"properties":{"name":"P-574","description":{"@type":"html","value":"<div><div><span><b>Altitude:</b></span> <span>6,950 ft - 6,925 ft</span></div>\n<div><span><b>Speed:</b></span> <span>258 kt - 257 kt</span></div>\n<div><span><b>Timestamp:</b></span><br/><span>2026-05-18 10:26:04 UTC<br/>2026-05-18 10:26:06 UTC</span></div>\n</div>"},"stroke-opacity":1,"stroke":"#9cff00","stroke-width":2}},{"type":"Feature","geometry":{"type":"LineString","coordinates":[[-9.504726,38.567413,2110.74],[-9.501562,38.567184,2103.12]]},"properties":{"name":"P-575","description":{"@type":"html","value":"<div><div><span><b>Altitude:</b></span> <span>6,925 ft - 6,900 ft</span></div>\n<div><span><b>Speed:</b></span> <span>257 kt - 255 kt</span></div>\n<div><span><b>Timestamp:</b></span><br/><span>2026-05-18 10:26:06 UTC<br/>2026-05-18 10:26:08 UTC</span></div>\n</div>"},"stroke-opacity":1,"stroke":"#9cff00","stroke-width":2}},{"type":"Feature","geometry":{"type":"LineString","coordinates":[[-9.501562,38.567184,2103.12],[-9.499173,38.567047,2095.5]]},"properties":{"name":"P-576","description":{"@type":"html","value":"<div><div><span><b>Altitude:</b></span> <span>6,900 ft - 6,875 ft</span></div>\n<div><span><b>Speed:</b></span> <span>255 kt - 254 kt</span></div>\n<div><span><b>Timestamp:</b></span><br/><span>2026-05-18 10:26:08 UTC<br/>2026-05-18 10:26:10 UTC</span></div>\n</div>"},"stroke-opacity":1,"stroke":"#9cff00","stroke-width":2}},{"type":"Feature","geometry":{"type":"LineString","coordinates":[[-9.499173,38.567047,2095.5],[-9.495605,38.566994,2080.26]]},"properties":{"name":"P-577","description":{"@type":"html","value":"<div><div><span><b>Altitude:</b></span> <span>6,875 ft - 6,825 ft</span></div>\n<div><span><b>Speed:</b></span> <span>254 kt - 253 kt</span></div>\n<div><span><b>Timestamp:</b></span><br/><span>2026-05-18 10:26:10 UTC<br/>2026-05-18 10:26:12 UTC</span></div>\n</div>"},"stroke-opacity":1,"stroke":"#9cff00","stroke-width":2}},{"type":"Feature","geometry":{"type":"LineString","coordinates":[[-9.495605,38.566994,2080.26],[-9.493024,38.566956,2072.64]]},"properties":{"name":"P-578","description":{"@type":"html","value":"<div><div><span><b>Altitude:</b></span> <span>6,825 ft - 6,800 ft</span></div>\n<div><span><b>Speed:</b></span> <span>253 kt - 252 kt</span></div>\n<div><span><b>Timestamp:</b></span><br/><span>2026-05-18 10:26:12 UTC<br/>2026-05-18 10:26:14 UTC</span></div>\n</div>"},"stroke-opacity":1,"stroke":"#9cff00","stroke-width":2}},{"type":"Feature","geometry":{"type":"LineString","coordinates":[[-9.493024,38.566956,2072.64],[-9.489807,38.566994,2057.4]]},"properties":{"name":"P-579","description":{"@type":"html","value":"<div><div><span><b>Altitude:</b></span> <span>6,800 ft - 6,750 ft</span></div>\n<div><span><b>Speed:</b></span> <span>252 kt</span></div>\n<div><span><b>Timestamp:</b></span><br/><span>2026-05-18 10:26:14 UTC<br/>2026-05-18 10:26:16 UTC</span></div>\n</div>"},"stroke-opacity":1,"stroke":"#9cff00","stroke-width":2}},{"type":"Feature","geometry":{"type":"LineString","coordinates":[[-9.489807,38.566994,2057.4],[-9.485918,38.567047,2042.16]]},"properties":{"name":"P-580","description":{"@type":"html","value":"<div><div><span><b>Altitude:</b></span> <span>6,750 ft - 6,700 ft</span></div>\n<div><span><b>Speed:</b></span> <span>252 kt - 251 kt</span></div>\n<div><span><b>Timestamp:</b></span><br/><span>2026-05-18 10:26:16 UTC<br/>2026-05-18 10:26:18 UTC</span></div>\n</div>"},"stroke-opacity":1,"stroke":"#9cff00","stroke-width":2}},{"type":"Feature","geometry":{"type":"LineString","coordinates":[[-9.485918,38.567047,2042.16],[-9.483111,38.567139,2034.54]]},"properties":{"name":"P-581","description":{"@type":"html","value":"<div><div><span><b>Altitude:</b></span> <span>6,700 ft - 6,675 ft</span></div>\n<div><span><b>Speed:</b></span> <span>251 kt</span></div>\n<div><span><b>Timestamp:</b></span><br/><span>2026-05-18 10:26:18 UTC<br/>2026-05-18 10:26:20 UTC</span></div>\n</div>"},"stroke-opacity":1,"stroke":"#9cff00","stroke-width":2}},{"type":"Feature","geometry":{"type":"LineString","coordinates":[[-9.483111,38.567139,2034.54],[-9.480286,38.567181,2019.3]]},"properties":{"name":"P-582","description":{"@type":"html","value":"<div><div><span><b>Altitude:</b></span> <span>6,675 ft - 6,625 ft</span></div>\n<div><span><b>Speed:</b></span> <span>251 kt - 250 kt</span></div>\n<div><span><b>Timestamp:</b></span><br/><span>2026-05-18 10:26:20 UTC<br/>2026-05-18 10:26:22 UTC</span></div>\n</div>"},"stroke-opacity":1,"stroke":"#9cff00","stroke-width":2}},{"type":"Feature","geometry":{"type":"LineString","coordinates":[[-9.480286,38.567181,2019.3],[-9.476783,38.56723,2011.68]]},"properties":{"name":"P-583","description":{"@type":"html","value":"<div><div><span><b>Altitude:</b></span> <span>6,625 ft - 6,600 ft</span></div>\n<div><span><b>Speed:</b></span> <span>250 kt</span></div>\n<div><span><b>Timestamp:</b></span><br/><span>2026-05-18 10:26:22 UTC<br/>2026-05-18 10:26:25 UTC</span></div>\n</div>"},"stroke-opacity":1,"stroke":"#9cff00","stroke-width":2}},{"type":"Feature","geometry":{"type":"LineString","coordinates":[[-9.476783,38.56723,2011.68],[-9.473798,38.567276,1996.44]]},"properties":{"name":"P-584","description":{"@type":"html","value":"<div><div><span><b>Altitude:</b></span> <span>6,600 ft - 6,550 ft</span></div>\n<div><span><b>Speed:</b></span> <span>250 kt</span></div>\n<div><span><b>Timestamp:</b></span><br/><span>2026-05-18 10:26:25 UTC<br/>2026-05-18 10:26:27 UTC</span></div>\n</div>"},"stroke-opacity":1,"stroke":"#9cff00","stroke-width":2}},{"type":"Feature","geometry":{"type":"LineString","coordinates":[[-9.473798,38.567276,1996.44],[-9.470752,38.567322,1988.82]]},"properties":{"name":"P-585","description":{"@type":"html","value":"<div><div><span><b>Altitude:</b></span> <span>6,550 ft - 6,525 ft</span></div>\n<div><span><b>Speed:</b></span> <span>250 kt</span></div>\n<div><span><b>Timestamp:</b></span><br/><span>2026-05-18 10:26:27 UTC<br/>2026-05-18 10:26:29 UTC</span></div>\n</div>"},"stroke-opacity":1,"stroke":"#72ff00","stroke-width":2}},{"type":"Feature","geometry":{"type":"LineString","coordinates":[[-9.470752,38.567322,1988.82],[-9.467957,38.567364,1973.58]]},"properties":{"name":"P-586","description":{"@type":"html","value":"<div><div><span><b>Altitude:</b></span> <span>6,525 ft - 6,475 ft</span></div>\n<div><span><b>Speed:</b></span> <span>250 kt - 249 kt</span></div>\n<div><span><b>Timestamp:</b></span><br/><span>2026-05-18 10:26:29 UTC<br/>2026-05-18 10:26:31 UTC</span></div>\n</div>"},"stroke-opacity":1,"stroke":"#72ff00","stroke-width":2}},{"type":"Feature","geometry":{"type":"LineString","coordinates":[[-9.467957,38.567364,1973.58],[-9.464125,38.567368,1958.34]]},"properties":{"name":"P-587","description":{"@type":"html","value":"<div><div><span><b>Altitude:</b></span> <span>6,475 ft - 6,425 ft</span></div>\n<div><span><b>Speed:</b></span> <span>249 kt</span></div>\n<div><span><b>Timestamp:</b></span><br/><span>2026-05-18 10:26:31 UTC<br/>2026-05-18 10:26:33 UTC</span></div>\n</div>"},"stroke-opacity":1,"stroke":"#72ff00","stroke-width":2}},{"type":"Feature","geometry":{"type":"LineString","coordinates":[[-9.464125,38.567368,1958.34],[-9.461318,38.567368,1950.72]]},"properties":{"name":"P-588","description":{"@type":"html","value":"<div><div><span><b>Altitude:</b></span> <span>6,425 ft - 6,400 ft</span></div>\n<div><span><b>Speed:</b></span> <span>249 kt - 248 kt</span></div>\n<div><span><b>Timestamp:</b></span><br/><span>2026-05-18 10:26:33 UTC<br/>2026-05-18 10:26:35 UTC</span></div>\n</div>"},"stroke-opacity":1,"stroke":"#72ff00","stroke-width":2}},{"type":"Feature","geometry":{"type":"LineString","coordinates":[[-9.461318,38.567368,1950.72],[-9.457642,38.567364,1935.48]]},"properties":{"name":"P-589","description":{"@type":"html","value":"<div><div><span><b>Altitude:</b></span> <span>6,400 ft - 6,350 ft</span></div>\n<div><span><b>Speed:</b></span> <span>248 kt</span></div>\n<div><span><b>Timestamp:</b></span><br/><span>2026-05-18 10:26:35 UTC<br/>2026-05-18 10:26:38 UTC</span></div>\n</div>"},"stroke-opacity":1,"stroke":"#72ff00","stroke-width":2}},{"type":"Feature","geometry":{"type":"LineString","coordinates":[[-9.457642,38.567364,1935.48],[-9.439704,38.567322,1859.28]]},"properties":{"name":"P-590","description":{"@type":"html","value":"<div><div><span><b>Altitude:</b></span> <span>6,350 ft - 6,100 ft</span></div>\n<div><span><b>Speed:</b></span> <span>248 kt - 247 kt</span></div>\n<div><span><b>Timestamp:</b></span><br/><span>2026-05-18 10:26:38 UTC<br/>2026-05-18 10:26:50 UTC</span></div>\n</div>"},"stroke-opacity":1,"stroke":"#72ff00","stroke-width":2}},{"type":"Feature","geometry":{"type":"LineString","coordinates":[[-9.439704,38.567322,1859.28],[-9.418209,38.567322,1767.84]]},"properties":{"name":"P-591","description":{"@type":"html","value":"<div><div><span><b>Altitude:</b></span> <span>6,100 ft - 5,800 ft</span></div>\n<div><span><b>Speed:</b></span> <span>247 kt - 246 kt</span></div>\n<div><span><b>Timestamp:</b></span><br/><span>2026-05-18 10:26:50 UTC<br/>2026-05-18 10:27:05 UTC</span></div>\n</div>"},"stroke-opacity":1,"stroke":"#72ff00","stroke-width":2}},{"type":"Feature","geometry":{"type":"LineString","coordinates":[[-9.418209,38.567322,1767.84],[-9.396535,38.567505,1699.26]]},"properties":{"name":"P-592","description":{"@type":"html","value":"<div><div><span><b>Altitude:</b></span> <span>5,800 ft - 5,575 ft</span></div>\n<div><span><b>Speed:</b></span> <span>246 kt - 245 kt</span></div>\n<div><span><b>Timestamp:</b></span><br/><span>2026-05-18 10:27:05 UTC<br/>2026-05-18 10:27:20 UTC</span></div>\n</div>"},"stroke-opacity":1,"stroke":"#72ff00","stroke-width":2}},{"type":"Feature","geometry":{"type":"LineString","coordinates":[[-9.396535,38.567505,1699.26],[-9.378052,38.567692,1645.92]]},"properties":{"name":"P-593","description":{"@type":"html","value":"<div><div><span><b>Altitude:</b></span> <span>5,575 ft - 5,400 ft</span></div>\n<div><span><b>Speed:</b></span> <span>245 kt - 247 kt</span></div>\n<div><span><b>Timestamp:</b></span><br/><span>2026-05-18 10:27:20 UTC<br/>2026-05-18 10:27:32 UTC</span></div>\n</div>"},"stroke-opacity":1,"stroke":"#72ff00","stroke-width":2}},{"type":"Feature","geometry":{"type":"LineString","coordinates":[[-9.378052,38.567692,1645.92],[-9.360046,38.567783,1577.34]]},"properties":{"name":"P-594","description":{"@type":"html","value":"<div><div><span><b>Altitude:</b></span> <span>5,400 ft - 5,175 ft</span></div>\n<div><span><b>Speed:</b></span> <span>247 kt - 242 kt</span></div>\n<div><span><b>Timestamp:</b></span><br/><span>2026-05-18 10:27:32 UTC<br/>2026-05-18 10:27:45 UTC</span></div>\n</div>"},"stroke-opacity":1,"stroke":"#72ff00","stroke-width":2}},{"type":"Feature","geometry":{"type":"LineString","coordinates":[[-9.360046,38.567783,1577.34],[-9.338928,38.567829,1508.76]]},"properties":{"name":"P-595","description":{"@type":"html","value":"<div><div><span><b>Altitude:</b></span> <span>5,175 ft - 4,950 ft</span></div>\n<div><span><b>Speed:</b></span> <span>242 kt - 235 kt</span></div>\n<div><span><b>Timestamp:</b></span><br/><span>2026-05-18 10:27:45 UTC<br/>2026-05-18 10:28:00 UTC</span></div>\n</div>"},"stroke-opacity":1,"stroke":"#72ff00","stroke-width":2}},{"type":"Feature","geometry":{"type":"LineString","coordinates":[[-9.338928,38.567829,1508.76],[-9.327148,38.567879,1470.66]]},"properties":{"name":"P-596","description":{"@type":"html","value":"<div><div><span><b>Altitude:</b></span> <span>4,950 ft - 4,825 ft</span></div>\n<div><span><b>Speed:</b></span> <span>235 kt - 231 kt</span></div>\n<div><span><b>Timestamp:</b></span><br/><span>2026-05-18 10:28:00 UTC<br/>2026-05-18 10:28:09 UTC</span></div>\n</div>"},"stroke-opacity":1,"stroke":"#72ff00","stroke-width":2}},{"type":"Feature","geometry":{"type":"LineString","coordinates":[[-9.327148,38.567879,1470.66],[-9.318437,38.568329,1447.8]]},"properties":{"name":"P-597","description":{"@type":"html","value":"<div><div><span><b>Altitude:</b></span> <span>4,825 ft - 4,750 ft</span></div>\n<div><span><b>Speed:</b></span> <span>231 kt - 225 kt</span></div>\n<div><span><b>Timestamp:</b></span><br/><span>2026-05-18 10:28:09 UTC<br/>2026-05-18 10:28:15 UTC</span></div>\n</div>"},"stroke-opacity":1,"stroke":"#36ff00","stroke-width":2}},{"type":"Feature","geometry":{"type":"LineString","coordinates":[[-9.318437,38.568329,1447.8],[-9.315749,38.568695,1447.8]]},"properties":{"name":"P-598","description":{"@type":"html","value":"<div><div><span><b>Altitude:</b></span> <span>4,750 ft</span></div>\n<div><span><b>Speed:</b></span> <span>225 kt - 222 kt</span></div>\n<div><span><b>Timestamp:</b></span><br/><span>2026-05-18 10:28:15 UTC<br/>2026-05-18 10:28:17 UTC</span></div>\n</div>"},"stroke-opacity":1,"stroke":"#36ff00","stroke-width":2}},{"type":"Feature","geometry":{"type":"LineString","coordinates":[[-9.315749,38.568695,1447.8],[-9.31311,38.569229,1440.18]]},"properties":{"name":"P-599","description":{"@type":"html","value":"<div><div><span><b>Altitude:</b></span> <span>4,750 ft - 4,725 ft</span></div>\n<div><span><b>Speed:</b></span> <span>222 kt - 218 kt</span></div>\n<div><span><b>Timestamp:</b></span><br/><span>2026-05-18 10:28:17 UTC<br/>2026-05-18 10:28:19 UTC</span></div>\n</div>"},"stroke-opacity":1,"stroke":"#36ff00","stroke-width":2}},{"type":"Feature","geometry":{"type":"LineString","coordinates":[[-9.31311,38.569229,1440.18],[-9.310303,38.569878,1432.56]]},"properties":{"name":"P-600","description":{"@type":"html","value":"<div><div><span><b>Altitude:</b></span> <span>4,725 ft - 4,700 ft</span></div>\n<div><span><b>Speed:</b></span> <span>218 kt - 216 kt</span></div>\n<div><span><b>Timestamp:</b></span><br/><span>2026-05-18 10:28:19 UTC<br/>2026-05-18 10:28:21 UTC</span></div>\n</div>"},"stroke-opacity":1,"stroke":"#36ff00","stroke-width":2}},{"type":"Feature","geometry":{"type":"LineString","coordinates":[[-9.310303,38.569878,1432.56],[-9.307922,38.570484,1432.56]]},"properties":{"name":"P-601","description":{"@type":"html","value":"<div><div><span><b>Altitude:</b></span> <span>4,700 ft</span></div>\n<div><span><b>Speed:</b></span> <span>216 kt - 214 kt</span></div>\n<div><span><b>Timestamp:</b></span><br/><span>2026-05-18 10:28:21 UTC<br/>2026-05-18 10:28:23 UTC</span></div>\n</div>"},"stroke-opacity":1,"stroke":"#36ff00","stroke-width":2}},{"type":"Feature","geometry":{"type":"LineString","coordinates":[[-9.307922,38.570484,1432.56],[-9.305301,38.571167,1417.32]]},"properties":{"name":"P-602","description":{"@type":"html","value":"<div><div><span><b>Altitude:</b></span> <span>4,700 ft - 4,650 ft</span></div>\n<div><span><b>Speed:</b></span> <span>214 kt - 213 kt</span></div>\n<div><span><b>Timestamp:</b></span><br/><span>2026-05-18 10:28:23 UTC<br/>2026-05-18 10:28:26 UTC</span></div>\n</div>"},"stroke-opacity":1,"stroke":"#36ff00","stroke-width":2}},{"type":"Feature","geometry":{"type":"LineString","coordinates":[[-9.305301,38.571167,1417.32],[-9.302917,38.571789,1409.7]]},"properties":{"name":"P-603","description":{"@type":"html","value":"<div><div><span><b>Altitude:</b></span> <span>4,650 ft - 4,625 ft</span></div>\n<div><span><b>Speed:</b></span> <span>213 kt - 211 kt</span></div>\n<div><span><b>Timestamp:</b></span><br/><span>2026-05-18 10:28:26 UTC<br/>2026-05-18 10:28:28 UTC</span></div>\n</div>"},"stroke-opacity":1,"stroke":"#36ff00","stroke-width":2}},{"type":"Feature","geometry":{"type":"LineString","coordinates":[[-9.302917,38.571789,1409.7],[-9.30011,38.572533,1402.08]]},"properties":{"name":"P-604","description":{"@type":"html","value":"<div><div><span><b>Altitude:</b></span> <span>4,625 ft - 4,600 ft</span></div>\n<div><span><b>Speed:</b></span> <span>211 kt - 210 kt</span></div>\n<div><span><b>Timestamp:</b></span><br/><span>2026-05-18 10:28:28 UTC<br/>2026-05-18 10:28:30 UTC</span></div>\n</div>"},"stroke-opacity":1,"stroke":"#36ff00","stroke-width":2}},{"type":"Feature","geometry":{"type":"LineString","coordinates":[[-9.30011,38.572533,1402.08],[-9.297837,38.573181,1394.46]]},"properties":{"name":"P-605","description":{"@type":"html","value":"<div><div><span><b>Altitude:</b></span> <span>4,600 ft - 4,575 ft</span></div>\n<div><span><b>Speed:</b></span> <span>210 kt - 208 kt</span></div>\n<div><span><b>Timestamp:</b></span><br/><span>2026-05-18 10:28:30 UTC<br/>2026-05-18 10:28:32 UTC</span></div>\n</div>"},"stroke-opacity":1,"stroke":"#36ff00","stroke-width":2}},{"type":"Feature","geometry":{"type":"LineString","coordinates":[[-9.297837,38.573181,1394.46],[-9.295654,38.573837,1386.84]]},"properties":{"name":"P-606","description":{"@type":"html","value":"<div><div><span><b>Altitude:</b></span> <span>4,575 ft - 4,550 ft</span></div>\n<div><span><b>Speed:</b></span> <span>208 kt - 206 kt</span></div>\n<div><span><b>Timestamp:</b></span><br/><span>2026-05-18 10:28:32 UTC<br/>2026-05-18 10:28:34 UTC</span></div>\n</div>"},"stroke-opacity":1,"stroke":"#36ff00","stroke-width":2}},{"type":"Feature","geometry":{"type":"LineString","coordinates":[[-9.295654,38.573837,1386.84],[-9.293274,38.574535,1379.22]]},"properties":{"name":"P-607","description":{"@type":"html","value":"<div><div><span><b>Altitude:</b></span> <span>4,550 ft - 4,525 ft</span></div>\n<div><span><b>Speed:</b></span> <span>206 kt - 205 kt</span></div>\n<div><span><b>Timestamp:</b></span><br/><span>2026-05-18 10:28:34 UTC<br/>2026-05-18 10:28:36 UTC</span></div>\n</div>"},"stroke-opacity":1,"stroke":"#36ff00","stroke-width":2}},{"type":"Feature","geometry":{"type":"LineString","coordinates":[[-9.293274,38.574535,1379.22],[-9.290552,38.575333,1363.98]]},"properties":{"name":"P-608","description":{"@type":"html","value":"<div><div><span><b>Altitude:</b></span> <span>4,525 ft - 4,475 ft</span></div>\n<div><span><b>Speed:</b></span> <span>205 kt - 204 kt</span></div>\n<div><span><b>Timestamp:</b></span><br/><span>2026-05-18 10:28:36 UTC<br/>2026-05-18 10:28:39 UTC</span></div>\n</div>"},"stroke-opacity":1,"stroke":"#36ff00","stroke-width":2}},{"type":"Feature","geometry":{"type":"LineString","coordinates":[[-9.290552,38.575333,1363.98],[-9.288452,38.575977,1356.36]]},"properties":{"name":"P-609","description":{"@type":"html","value":"<div><div><span><b>Altitude:</b></span> <span>4,475 ft - 4,450 ft</span></div>\n<div><span><b>Speed:</b></span> <span>204 kt - 203 kt</span></div>\n<div><span><b>Timestamp:</b></span><br/><span>2026-05-18 10:28:39 UTC<br/>2026-05-18 10:28:41 UTC</span></div>\n</div>"},"stroke-opacity":1,"stroke":"#36ff00","stroke-width":2}},{"type":"Feature","geometry":{"type":"LineString","coordinates":[[-9.288452,38.575977,1356.36],[-9.286133,38.576675,1348.74]]},"properties":{"name":"P-610","description":{"@type":"html","value":"<div><div><span><b>Altitude:</b></span> <span>4,450 ft - 4,425 ft</span></div>\n<div><span><b>Speed:</b></span> <span>203 kt - 202 kt</span></div>\n<div><span><b>Timestamp:</b></span><br/><span>2026-05-18 10:28:41 UTC<br/>2026-05-18 10:28:43 UTC</span></div>\n</div>"},"stroke-opacity":1,"stroke":"#36ff00","stroke-width":2}},{"type":"Feature","geometry":{"type":"LineString","coordinates":[[-9.286133,38.576675,1348.74],[-9.283386,38.57756,1333.5]]},"properties":{"name":"P-611","description":{"@type":"html","value":"<div><div><span><b>Altitude:</b></span> <span>4,425 ft - 4,375 ft</span></div>\n<div><span><b>Speed:</b></span> <span>202 kt - 201 kt</span></div>\n<div><span><b>Timestamp:</b></span><br/><span>2026-05-18 10:28:43 UTC<br/>2026-05-18 10:28:45 UTC</span></div>\n</div>"},"stroke-opacity":1,"stroke":"#36ff00","stroke-width":2}},{"type":"Feature","geometry":{"type":"LineString","coordinates":[[-9.283386,38.57756,1333.5],[-9.281059,38.578262,1325.88]]},"properties":{"name":"P-612","description":{"@type":"html","value":"<div><div><span><b>Altitude:</b></span> <span>4,375 ft - 4,350 ft</span></div>\n<div><span><b>Speed:</b></span> <span>201 kt - 200 kt</span></div>\n<div><span><b>Timestamp:</b></span><br/><span>2026-05-18 10:28:45 UTC<br/>2026-05-18 10:28:47 UTC</span></div>\n</div>"},"stroke-opacity":1,"stroke":"#36ff00","stroke-width":2}},{"type":"Feature","geometry":{"type":"LineString","coordinates":[[-9.281059,38.578262,1325.88],[-9.27887,38.578957,1310.64]]},"properties":{"name":"P-613","description":{"@type":"html","value":"<div><div><span><b>Altitude:</b></span> <span>4,350 ft - 4,300 ft</span></div>\n<div><span><b>Speed:</b></span> <span>200 kt - 199 kt</span></div>\n<div><span><b>Timestamp:</b></span><br/><span>2026-05-18 10:28:47 UTC<br/>2026-05-18 10:28:49 UTC</span></div>\n</div>"},"stroke-opacity":1,"stroke":"#36ff00","stroke-width":2}},{"type":"Feature","geometry":{"type":"LineString","coordinates":[[-9.27887,38.578957,1310.64],[-9.276733,38.579655,1303.02]]},"properties":{"name":"P-614","description":{"@type":"html","value":"<div><div><span><b>Altitude:</b></span> <span>4,300 ft - 4,275 ft</span></div>\n<div><span><b>Speed:</b></span> <span>199 kt - 198 kt</span></div>\n<div><span><b>Timestamp:</b></span><br/><span>2026-05-18 10:28:49 UTC<br/>2026-05-18 10:28:51 UTC</span></div>\n</div>"},"stroke-opacity":1,"stroke":"#36ff00","stroke-width":2}},{"type":"Feature","geometry":{"type":"LineString","coordinates":[[-9.276733,38.579655,1303.02],[-9.274414,38.580399,1295.4]]},"properties":{"name":"P-615","description":{"@type":"html","value":"<div><div><span><b>Altitude:</b></span> <span>4,275 ft - 4,250 ft</span></div>\n<div><span><b>Speed:</b></span> <span>198 kt - 197 kt</span></div>\n<div><span><b>Timestamp:</b></span><br/><span>2026-05-18 10:28:51 UTC<br/>2026-05-18 10:28:54 UTC</span></div>\n</div>"},"stroke-opacity":1,"stroke":"#36ff00","stroke-width":2}},{"type":"Feature","geometry":{"type":"LineString","coordinates":[[-9.274414,38.580399,1295.4],[-9.265442,38.583286,1257.3]]},"properties":{"name":"P-616","description":{"@type":"html","value":"<div><div><span><b>Altitude:</b></span> <span>4,250 ft - 4,125 ft</span></div>\n<div><span><b>Speed:</b></span> <span>197 kt - 194 kt</span></div>\n<div><span><b>Timestamp:</b></span><br/><span>2026-05-18 10:28:54 UTC<br/>2026-05-18 10:29:02 UTC</span></div>\n</div>"},"stroke-opacity":1,"stroke":"#36ff00","stroke-width":2}},{"type":"Feature","geometry":{"type":"LineString","coordinates":[[-9.265442,38.583286,1257.3],[-9.255981,38.586311,1219.2]]},"properties":{"name":"P-617","description":{"@type":"html","value":"<div><div><span><b>Altitude:</b></span> <span>4,125 ft - 4,000 ft</span></div>\n<div><span><b>Speed:</b></span> <span>194 kt - 192 kt</span></div>\n<div><span><b>Timestamp:</b></span><br/><span>2026-05-18 10:29:02 UTC<br/>2026-05-18 10:29:11 UTC</span></div>\n</div>"},"stroke-opacity":1,"stroke":"#36ff00","stroke-width":2}},{"type":"Feature","geometry":{"type":"LineString","coordinates":[[-9.255981,38.586311,1219.2],[-9.248962,38.588593,1196.34]]},"properties":{"name":"P-618","description":{"@type":"html","value":"<div><div><span><b>Altitude:</b></span> <span>4,000 ft - 3,925 ft</span></div>\n<div><span><b>Speed:</b></span> <span>192 kt - 190 kt</span></div>\n<div><span><b>Timestamp:</b></span><br/><span>2026-05-18 10:29:11 UTC<br/>2026-05-18 10:29:17 UTC</span></div>\n</div>"},"stroke-opacity":1,"stroke":"#36ff00","stroke-width":2}},{"type":"Feature","geometry":{"type":"LineString","coordinates":[[-9.248962,38.588593,1196.34],[-9.245413,38.590073,1181.1]]},"properties":{"name":"P-619","description":{"@type":"html","value":"<div><div><span><b>Altitude:</b></span> <span>3,925 ft - 3,875 ft</span></div>\n<div><span><b>Speed:</b></span> <span>190 kt - 186 kt</span></div>\n<div><span><b>Timestamp:</b></span><br/><span>2026-05-18 10:29:17 UTC<br/>2026-05-18 10:29:22 UTC</span></div>\n</div>"},"stroke-opacity":1,"stroke":"#0cff00","stroke-width":2}},{"type":"Feature","geometry":{"type":"LineString","coordinates":[[-9.245413,38.590073,1181.1],[-9.243042,38.591339,1165.86]]},"properties":{"name":"P-620","description":{"@type":"html","value":"<div><div><span><b>Altitude:</b></span> <span>3,875 ft - 3,825 ft</span></div>\n<div><span><b>Speed:</b></span> <span>186 kt - 185 kt</span></div>\n<div><span><b>Timestamp:</b></span><br/><span>2026-05-18 10:29:22 UTC<br/>2026-05-18 10:29:24 UTC</span></div>\n</div>"},"stroke-opacity":1,"stroke":"#0cff00","stroke-width":2}},{"type":"Feature","geometry":{"type":"LineString","coordinates":[[-9.243042,38.591339,1165.86],[-9.241412,38.592453,1158.24]]},"properties":{"name":"P-621","description":{"@type":"html","value":"<div><div><span><b>Altitude:</b></span> <span>3,825 ft - 3,800 ft</span></div>\n<div><span><b>Speed:</b></span> <span>185 kt - 183 kt</span></div>\n<div><span><b>Timestamp:</b></span><br/><span>2026-05-18 10:29:24 UTC<br/>2026-05-18 10:29:26 UTC</span></div>\n</div>"},"stroke-opacity":1,"stroke":"#0cff00","stroke-width":2}},{"type":"Feature","geometry":{"type":"LineString","coordinates":[[-9.241412,38.592453,1158.24],[-9.239861,38.593689,1150.62]]},"properties":{"name":"P-622","description":{"@type":"html","value":"<div><div><span><b>Altitude:</b></span> <span>3,800 ft - 3,775 ft</span></div>\n<div><span><b>Speed:</b></span> <span>183 kt</span></div>\n<div><span><b>Timestamp:</b></span><br/><span>2026-05-18 10:29:26 UTC<br/>2026-05-18 10:29:28 UTC</span></div>\n</div>"},"stroke-opacity":1,"stroke":"#0cff00","stroke-width":2}},{"type":"Feature","geometry":{"type":"LineString","coordinates":[[-9.239861,38.593689,1150.62],[-9.23822,38.595249,1143]]},"properties":{"name":"P-623","description":{"@type":"html","value":"<div><div><span><b>Altitude:</b></span> <span>3,775 ft - 3,750 ft</span></div>\n<div><span><b>Speed:</b></span> <span>183 kt - 182 kt</span></div>\n<div><span><b>Timestamp:</b></span><br/><span>2026-05-18 10:29:28 UTC<br/>2026-05-18 10:29:30 UTC</span></div>\n</div>"},"stroke-opacity":1,"stroke":"#0cff00","stroke-width":2}},{"type":"Feature","geometry":{"type":"LineString","coordinates":[[-9.23822,38.595249,1143],[-9.236994,38.596573,1135.38]]},"properties":{"name":"P-624","description":{"@type":"html","value":"<div><div><span><b>Altitude:</b></span> <span>3,750 ft - 3,725 ft</span></div>\n<div><span><b>Speed:</b></span> <span>182 kt - 181 kt</span></div>\n<div><span><b>Timestamp:</b></span><br/><span>2026-05-18 10:29:30 UTC<br/>2026-05-18 10:29:32 UTC</span></div>\n</div>"},"stroke-opacity":1,"stroke":"#0cff00","stroke-width":2}},{"type":"Feature","geometry":{"type":"LineString","coordinates":[[-9.236994,38.596573,1135.38],[-9.235501,38.598312,1127.76]]},"properties":{"name":"P-625","description":{"@type":"html","value":"<div><div><span><b>Altitude:</b></span> <span>3,725 ft - 3,700 ft</span></div>\n<div><span><b>Speed:</b></span> <span>181 kt</span></div>\n<div><span><b>Timestamp:</b></span><br/><span>2026-05-18 10:29:32 UTC<br/>2026-05-18 10:29:34 UTC</span></div>\n</div>"},"stroke-opacity":1,"stroke":"#0cff00","stroke-width":2}},{"type":"Feature","geometry":{"type":"LineString","coordinates":[[-9.235501,38.598312,1127.76],[-9.234436,38.599674,1120.14]]},"properties":{"name":"P-626","description":{"@type":"html","value":"<div><div><span><b>Altitude:</b></span> <span>3,700 ft - 3,675 ft</span></div>\n<div><span><b>Speed:</b></span> <span>181 kt - 182 kt</span></div>\n<div><span><b>Timestamp:</b></span><br/><span>2026-05-18 10:29:34 UTC<br/>2026-05-18 10:29:37 UTC</span></div>\n</div>"},"stroke-opacity":1,"stroke":"#0cff00","stroke-width":2}},{"type":"Feature","geometry":{"type":"LineString","coordinates":[[-9.234436,38.599674,1120.14],[-9.233215,38.601395,1104.9]]},"properties":{"name":"P-627","description":{"@type":"html","value":"<div><div><span><b>Altitude:</b></span> <span>3,675 ft - 3,625 ft</span></div>\n<div><span><b>Speed:</b></span> <span>182 kt - 181 kt</span></div>\n<div><span><b>Timestamp:</b></span><br/><span>2026-05-18 10:29:37 UTC<br/>2026-05-18 10:29:39 UTC</span></div>\n</div>"},"stroke-opacity":1,"stroke":"#0cff00","stroke-width":2}},{"type":"Feature","geometry":{"type":"LineString","coordinates":[[-9.233215,38.601395,1104.9],[-9.232277,38.602798,1097.28]]},"properties":{"name":"P-628","description":{"@type":"html","value":"<div><div><span><b>Altitude:</b></span> <span>3,625 ft - 3,600 ft</span></div>\n<div><span><b>Speed:</b></span> <span>181 kt - 182 kt</span></div>\n<div><span><b>Timestamp:</b></span><br/><span>2026-05-18 10:29:39 UTC<br/>2026-05-18 10:29:41 UTC</span></div>\n</div>"},"stroke-opacity":1,"stroke":"#0cff00","stroke-width":2}},{"type":"Feature","geometry":{"type":"LineString","coordinates":[[-9.232277,38.602798,1097.28],[-9.231262,38.604282,1089.66]]},"properties":{"name":"P-629","description":{"@type":"html","value":"<div><div><span><b>Altitude:</b></span> <span>3,600 ft - 3,575 ft</span></div>\n<div><span><b>Speed:</b></span> <span>182 kt - 181 kt</span></div>\n<div><span><b>Timestamp:</b></span><br/><span>2026-05-18 10:29:41 UTC<br/>2026-05-18 10:29:43 UTC</span></div>\n</div>"},"stroke-opacity":1,"stroke":"#0cff00","stroke-width":2}},{"type":"Feature","geometry":{"type":"LineString","coordinates":[[-9.231262,38.604282,1089.66],[-9.230068,38.606277,1074.42]]},"properties":{"name":"P-630","description":{"@type":"html","value":"<div><div><span><b>Altitude:</b></span> <span>3,575 ft - 3,525 ft</span></div>\n<div><span><b>Speed:</b></span> <span>181 kt</span></div>\n<div><span><b>Timestamp:</b></span><br/><span>2026-05-18 10:29:43 UTC<br/>2026-05-18 10:29:45 UTC</span></div>\n</div>"},"stroke-opacity":1,"stroke":"#0cff00","stroke-width":2}},{"type":"Feature","geometry":{"type":"LineString","coordinates":[[-9.230068,38.606277,1074.42],[-9.229187,38.607681,1066.8]]},"properties":{"name":"P-631","description":{"@type":"html","value":"<div><div><span><b>Altitude:</b></span> <span>3,525 ft - 3,500 ft</span></div>\n<div><span><b>Speed:</b></span> <span>181 kt</span></div>\n<div><span><b>Timestamp:</b></span><br/><span>2026-05-18 10:29:45 UTC<br/>2026-05-18 10:29:47 UTC</span></div>\n</div>"},"stroke-opacity":1,"stroke":"#0cff00","stroke-width":2}},{"type":"Feature","geometry":{"type":"LineString","coordinates":[[-9.229187,38.607681,1066.8],[-9.22821,38.60931,1051.56]]},"properties":{"name":"P-632","description":{"@type":"html","value":"<div><div><span><b>Altitude:</b></span> <span>3,500 ft - 3,450 ft</span></div>\n<div><span><b>Speed:</b></span> <span>181 kt</span></div>\n<div><span><b>Timestamp:</b></span><br/><span>2026-05-18 10:29:47 UTC<br/>2026-05-18 10:29:49 UTC</span></div>\n</div>"},"stroke-opacity":1,"stroke":"#0cff00","stroke-width":2}},{"type":"Feature","geometry":{"type":"LineString","coordinates":[[-9.22821,38.60931,1051.56],[-9.227202,38.611038,1036.32]]},"properties":{"name":"P-633","description":{"@type":"html","value":"<div><div><span><b>Altitude:</b></span> <span>3,450 ft - 3,400 ft</span></div>\n<div><span><b>Speed:</b></span> <span>181 kt - 180 kt</span></div>\n<div><span><b>Timestamp:</b></span><br/><span>2026-05-18 10:29:49 UTC<br/>2026-05-18 10:29:52 UTC</span></div>\n</div>"},"stroke-opacity":1,"stroke":"#0cff00","stroke-width":2}},{"type":"Feature","geometry":{"type":"LineString","coordinates":[[-9.227202,38.611038,1036.32],[-9.226247,38.61264,1028.7]]},"properties":{"name":"P-634","description":{"@type":"html","value":"<div><div><span><b>Altitude:</b></span> <span>3,400 ft - 3,375 ft</span></div>\n<div><span><b>Speed:</b></span> <span>180 kt</span></div>\n<div><span><b>Timestamp:</b></span><br/><span>2026-05-18 10:29:52 UTC<br/>2026-05-18 10:29:54 UTC</span></div>\n</div>"},"stroke-opacity":1,"stroke":"#0cff00","stroke-width":2}},{"type":"Feature","geometry":{"type":"LineString","coordinates":[[-9.226247,38.61264,1028.7],[-9.225112,38.614609,1013.46]]},"properties":{"name":"P-635","description":{"@type":"html","value":"<div><div><span><b>Altitude:</b></span> <span>3,375 ft - 3,325 ft</span></div>\n<div><span><b>Speed:</b></span> <span>180 kt - 179 kt</span></div>\n<div><span><b>Timestamp:</b></span><br/><span>2026-05-18 10:29:54 UTC<br/>2026-05-18 10:29:56 UTC</span></div>\n</div>"},"stroke-opacity":1,"stroke":"#0cff00","stroke-width":2}},{"type":"Feature","geometry":{"type":"LineString","coordinates":[[-9.225112,38.614609,1013.46],[-9.224304,38.616104,1005.84]]},"properties":{"name":"P-636","description":{"@type":"html","value":"<div><div><span><b>Altitude:</b></span> <span>3,325 ft - 3,300 ft</span></div>\n<div><span><b>Speed:</b></span> <span>179 kt - 178 kt</span></div>\n<div><span><b>Timestamp:</b></span><br/><span>2026-05-18 10:29:56 UTC<br/>2026-05-18 10:29:58 UTC</span></div>\n</div>"},"stroke-opacity":1,"stroke":"#0cff00","stroke-width":2}},{"type":"Feature","geometry":{"type":"LineString","coordinates":[[-9.224304,38.616104,1005.84],[-9.223321,38.617859,990.6]]},"properties":{"name":"P-637","description":{"@type":"html","value":"<div><div><span><b>Altitude:</b></span> <span>3,300 ft - 3,250 ft</span></div>\n<div><span><b>Speed:</b></span> <span>178 kt</span></div>\n<div><span><b>Timestamp:</b></span><br/><span>2026-05-18 10:29:58 UTC<br/>2026-05-18 10:30:00 UTC</span></div>\n</div>"},"stroke-opacity":1,"stroke":"#0cff00","stroke-width":2}},{"type":"Feature","geometry":{"type":"LineString","coordinates":[[-9.223321,38.617859,990.6],[-9.222425,38.619415,982.98]]},"properties":{"name":"P-638","description":{"@type":"html","value":"<div><div><span><b>Altitude:</b></span> <span>3,250 ft - 3,225 ft</span></div>\n<div><span><b>Speed:</b></span> <span>178 kt</span></div>\n<div><span><b>Timestamp:</b></span><br/><span>2026-05-18 10:30:00 UTC<br/>2026-05-18 10:30:02 UTC</span></div>\n</div>"},"stroke-opacity":1,"stroke":"#00ff1e","stroke-width":2}},{"type":"Feature","geometry":{"type":"LineString","coordinates":[[-9.222425,38.619415,982.98],[-9.221558,38.620995,975.36]]},"properties":{"name":"P-639","description":{"@type":"html","value":"<div><div><span><b>Altitude:</b></span> <span>3,225 ft - 3,200 ft</span></div>\n<div><span><b>Speed:</b></span> <span>178 kt - 176 kt</span></div>\n<div><span><b>Timestamp:</b></span><br/><span>2026-05-18 10:30:02 UTC<br/>2026-05-18 10:30:05 UTC</span></div>\n</div>"},"stroke-opacity":1,"stroke":"#00ff1e","stroke-width":2}},{"type":"Feature","geometry":{"type":"LineString","coordinates":[[-9.221558,38.620995,975.36],[-9.220754,38.622482,960.12]]},"properties":{"name":"P-640","description":{"@type":"html","value":"<div><div><span><b>Altitude:</b></span> <span>3,200 ft - 3,150 ft</span></div>\n<div><span><b>Speed:</b></span> <span>176 kt - 175 kt</span></div>\n<div><span><b>Timestamp:</b></span><br/><span>2026-05-18 10:30:05 UTC<br/>2026-05-18 10:30:07 UTC</span></div>\n</div>"},"stroke-opacity":1,"stroke":"#00ff1e","stroke-width":2}},{"type":"Feature","geometry":{"type":"LineString","coordinates":[[-9.220754,38.622482,960.12],[-9.219849,38.624298,952.5]]},"properties":{"name":"P-641","description":{"@type":"html","value":"<div><div><span><b>Altitude:</b></span> <span>3,150 ft - 3,125 ft</span></div>\n<div><span><b>Speed:</b></span> <span>175 kt - 174 kt</span></div>\n<div><span><b>Timestamp:</b></span><br/><span>2026-05-18 10:30:07 UTC<br/>2026-05-18 10:30:09 UTC</span></div>\n</div>"},"stroke-opacity":1,"stroke":"#00ff1e","stroke-width":2}},{"type":"Feature","geometry":{"type":"LineString","coordinates":[[-9.219849,38.624298,952.5],[-9.219116,38.625603,944.88]]},"properties":{"name":"P-642","description":{"@type":"html","value":"<div><div><span><b>Altitude:</b></span> <span>3,125 ft - 3,100 ft</span></div>\n<div><span><b>Speed:</b></span> <span>174 kt - 173 kt</span></div>\n<div><span><b>Timestamp:</b></span><br/><span>2026-05-18 10:30:09 UTC<br/>2026-05-18 10:30:11 UTC</span></div>\n</div>"},"stroke-opacity":1,"stroke":"#00ff1e","stroke-width":2}},{"type":"Feature","geometry":{"type":"LineString","coordinates":[[-9.219116,38.625603,944.88],[-9.218262,38.627186,937.26]]},"properties":{"name":"P-643","description":{"@type":"html","value":"<div><div><span><b>Altitude:</b></span> <span>3,100 ft - 3,075 ft</span></div>\n<div><span><b>Speed:</b></span> <span>173 kt - 172 kt</span></div>\n<div><span><b>Timestamp:</b></span><br/><span>2026-05-18 10:30:11 UTC<br/>2026-05-18 10:30:13 UTC</span></div>\n</div>"},"stroke-opacity":1,"stroke":"#00ff1e","stroke-width":2}},{"type":"Feature","geometry":{"type":"LineString","coordinates":[[-9.218262,38.627186,937.26],[-9.214966,38.633282,891.54]]},"properties":{"name":"P-644","description":{"@type":"html","value":"<div><div><span><b>Altitude:</b></span> <span>3,075 ft - 2,925 ft</span></div>\n<div><span><b>Speed:</b></span> <span>172 kt - 170 kt</span></div>\n<div><span><b>Timestamp:</b></span><br/><span>2026-05-18 10:30:13 UTC<br/>2026-05-18 10:30:22 UTC</span></div>\n</div>"},"stroke-opacity":1,"stroke":"#00ff1e","stroke-width":2}},{"type":"Feature","geometry":{"type":"LineString","coordinates":[[-9.214966,38.633282,891.54],[-9.212402,38.638031,861.06]]},"properties":{"name":"P-645","description":{"@type":"html","value":"<div><div><span><b>Altitude:</b></span> <span>2,925 ft - 2,825 ft</span></div>\n<div><span><b>Speed:</b></span> <span>170 kt - 168 kt</span></div>\n<div><span><b>Timestamp:</b></span><br/><span>2026-05-18 10:30:22 UTC<br/>2026-05-18 10:30:28 UTC</span></div>\n</div>"},"stroke-opacity":1,"stroke":"#00ff1e","stroke-width":2}},{"type":"Feature","geometry":{"type":"LineString","coordinates":[[-9.212402,38.638031,861.06],[-9.209106,38.644318,815.34]]},"properties":{"name":"P-646","description":{"@type":"html","value":"<div><div><span><b>Altitude:</b></span> <span>2,825 ft - 2,675 ft</span></div>\n<div><span><b>Speed:</b></span> <span>168 kt - 165 kt</span></div>\n<div><span><b>Timestamp:</b></span><br/><span>2026-05-18 10:30:28 UTC<br/>2026-05-18 10:30:37 UTC</span></div>\n</div>"},"stroke-opacity":1,"stroke":"#00ff1e","stroke-width":2}},{"type":"Feature","geometry":{"type":"LineString","coordinates":[[-9.209106,38.644318,815.34],[-9.206848,38.648506,784.86]]},"properties":{"name":"P-647","description":{"@type":"html","value":"<div><div><span><b>Altitude:</b></span> <span>2,675 ft - 2,575 ft</span></div>\n<div><span><b>Speed:</b></span> <span>165 kt - 166 kt</span></div>\n<div><span><b>Timestamp:</b></span><br/><span>2026-05-18 10:30:37 UTC<br/>2026-05-18 10:30:43 UTC</span></div>\n</div>"},"stroke-opacity":1,"stroke":"#00ff1e","stroke-width":2}},{"type":"Feature","geometry":{"type":"LineString","coordinates":[[-9.206848,38.648506,784.86],[-9.203558,38.654663,746.76]]},"properties":{"name":"P-648","description":{"@type":"html","value":"<div><div><span><b>Altitude:</b></span> <span>2,575 ft - 2,450 ft</span></div>\n<div><span><b>Speed:</b></span> <span>166 kt - 163 kt</span></div>\n<div><span><b>Timestamp:</b></span><br/><span>2026-05-18 10:30:43 UTC<br/>2026-05-18 10:30:52 UTC</span></div>\n</div>"},"stroke-opacity":1,"stroke":"#00ff42","stroke-width":2}},{"type":"Feature","geometry":{"type":"LineString","coordinates":[[-9.203558,38.654663,746.76],[-9.20099,38.659515,716.28]]},"properties":{"name":"P-649","description":{"@type":"html","value":"<div><div><span><b>Altitude:</b></span> <span>2,450 ft - 2,350 ft</span></div>\n<div><span><b>Speed:</b></span> <span>163 kt - 162 kt</span></div>\n<div><span><b>Timestamp:</b></span><br/><span>2026-05-18 10:30:52 UTC<br/>2026-05-18 10:30:58 UTC</span></div>\n</div>"},"stroke-opacity":1,"stroke":"#00ff42","stroke-width":2}},{"type":"Feature","geometry":{"type":"LineString","coordinates":[[-9.20099,38.659515,716.28],[-9.198669,38.663776,693.42]]},"properties":{"name":"P-650","description":{"@type":"html","value":"<div><div><span><b>Altitude:</b></span> <span>2,350 ft - 2,275 ft</span></div>\n<div><span><b>Speed:</b></span> <span>162 kt - 160 kt</span></div>\n<div><span><b>Timestamp:</b></span><br/><span>2026-05-18 10:30:58 UTC<br/>2026-05-18 10:31:05 UTC</span></div>\n</div>"},"stroke-opacity":1,"stroke":"#00ff42","stroke-width":2}},{"type":"Feature","geometry":{"type":"LineString","coordinates":[[-9.198669,38.663776,693.42],[-9.195617,38.66954,655.32]]},"properties":{"name":"P-651","description":{"@type":"html","value":"<div><div><span><b>Altitude:</b></span> <span>2,275 ft - 2,150 ft</span></div>\n<div><span><b>Speed:</b></span> <span>160 kt - 158 kt</span></div>\n<div><span><b>Timestamp:</b></span><br/><span>2026-05-18 10:31:05 UTC<br/>2026-05-18 10:31:13 UTC</span></div>\n</div>"},"stroke-opacity":1,"stroke":"#00ff42","stroke-width":2}},{"type":"Feature","geometry":{"type":"LineString","coordinates":[[-9.195617,38.66954,655.32],[-9.19275,38.675125,624.84]]},"properties":{"name":"P-652","description":{"@type":"html","value":"<div><div><span><b>Altitude:</b></span> <span>2,150 ft - 2,050 ft</span></div>\n<div><span><b>Speed:</b></span> <span>158 kt</span></div>\n<div><span><b>Timestamp:</b></span><br/><span>2026-05-18 10:31:13 UTC<br/>2026-05-18 10:31:22 UTC</span></div>\n</div>"},"stroke-opacity":1,"stroke":"#00ff42","stroke-width":2}},{"type":"Feature","geometry":{"type":"LineString","coordinates":[[-9.19275,38.675125,624.84],[-9.191019,38.678284,601.98]]},"properties":{"name":"P-653","description":{"@type":"html","value":"<div><div><span><b>Altitude:</b></span> <span>2,050 ft - 1,975 ft</span></div>\n<div><span><b>Speed:</b></span> <span>158 kt</span></div>\n<div><span><b>Timestamp:</b></span><br/><span>2026-05-18 10:31:22 UTC<br/>2026-05-18 10:31:26 UTC</span></div>\n</div>"},"stroke-opacity":1,"stroke":"#00ff42","stroke-width":2}},{"type":"Feature","geometry":{"type":"LineString","coordinates":[[-9.191019,38.678284,601.98],[-9.187854,38.684143,563.88]]},"properties":{"name":"P-654","description":{"@type":"html","value":"<div><div><span><b>Altitude:</b></span> <span>1,975 ft - 1,850 ft</span></div>\n<div><span><b>Speed:</b></span> <span>158 kt - 160 kt</span></div>\n<div><span><b>Timestamp:</b></span><br/><span>2026-05-18 10:31:26 UTC<br/>2026-05-18 10:31:35 UTC</span></div>\n</div>"},"stroke-opacity":1,"stroke":"#00ff42","stroke-width":2}},{"type":"Feature","geometry":{"type":"LineString","coordinates":[[-9.187854,38.684143,563.88],[-9.185585,38.688446,541.02]]},"properties":{"name":"P-655","description":{"@type":"html","value":"<div><div><span><b>Altitude:</b></span> <span>1,850 ft - 1,775 ft</span></div>\n<div><span><b>Speed:</b></span> <span>160 kt - 163 kt</span></div>\n<div><span><b>Timestamp:</b></span><br/><span>2026-05-18 10:31:35 UTC<br/>2026-05-18 10:31:41 UTC</span></div>\n</div>"},"stroke-opacity":1,"stroke":"#00ffcc","stroke-width":2}},{"type":"Feature","geometry":{"type":"LineString","coordinates":[[-9.185585,38.688446,541.02],[-9.182481,38.694351,510.54]]},"properties":{"name":"P-656","description":{"@type":"html","value":"<div><div><span><b>Altitude:</b></span> <span>1,775 ft - 1,675 ft</span></div>\n<div><span><b>Speed:</b></span> <span>163 kt - 167 kt</span></div>\n<div><span><b>Timestamp:</b></span><br/><span>2026-05-18 10:31:41 UTC<br/>2026-05-18 10:31:49 UTC</span></div>\n</div>"},"stroke-opacity":1,"stroke":"#00ffcc","stroke-width":2}},{"type":"Feature","geometry":{"type":"LineString","coordinates":[[-9.182481,38.694351,510.54],[-9.17981,38.699249,487.68]]},"properties":{"name":"P-657","description":{"@type":"html","value":"<div><div><span><b>Altitude:</b></span> <span>1,675 ft - 1,600 ft</span></div>\n<div><span><b>Speed:</b></span> <span>167 kt - 165 kt</span></div>\n<div><span><b>Timestamp:</b></span><br/><span>2026-05-18 10:31:49 UTC<br/>2026-05-18 10:31:56 UTC</span></div>\n</div>"},"stroke-opacity":1,"stroke":"#00ffcc","stroke-width":2}},{"type":"Feature","geometry":{"type":"LineString","coordinates":[[-9.17981,38.699249,487.68],[-9.177465,38.703598,457.2]]},"properties":{"name":"P-658","description":{"@type":"html","value":"<div><div><span><b>Altitude:</b></span> <span>1,600 ft - 1,500 ft</span></div>\n<div><span><b>Speed:</b></span> <span>165 kt - 162 kt</span></div>\n<div><span><b>Timestamp:</b></span><br/><span>2026-05-18 10:31:56 UTC<br/>2026-05-18 10:32:02 UTC</span></div>\n</div>"},"stroke-opacity":1,"stroke":"#00ffcc","stroke-width":2}},{"type":"Feature","geometry":{"type":"LineString","coordinates":[[-9.177465,38.703598,457.2],[-9.17511,38.707954,426.72]]},"properties":{"name":"P-659","description":{"@type":"html","value":"<div><div><span><b>Altitude:</b></span> <span>1,500 ft - 1,400 ft</span></div>\n<div><span><b>Speed:</b></span> <span>162 kt - 157 kt</span></div>\n<div><span><b>Timestamp:</b></span><br/><span>2026-05-18 10:32:02 UTC<br/>2026-05-18 10:32:09 UTC</span></div>\n</div>"},"stroke-opacity":1,"stroke":"#00ffcc","stroke-width":2}},{"type":"Feature","geometry":{"type":"LineString","coordinates":[[-9.17511,38.707954,426.72],[-9.172913,38.712002,396.24]]},"properties":{"name":"P-660","description":{"@type":"html","value":"<div><div><span><b>Altitude:</b></span> <span>1,400 ft - 1,300 ft</span></div>\n<div><span><b>Speed:</b></span> <span>157 kt - 152 kt</span></div>\n<div><span><b>Timestamp:</b></span><br/><span>2026-05-18 10:32:09 UTC<br/>2026-05-18 10:32:15 UTC</span></div>\n</div>"},"stroke-opacity":1,"stroke":"#00ffcc","stroke-width":2}},{"type":"Feature","geometry":{"type":"LineString","coordinates":[[-9.172913,38.712002,396.24],[-9.172151,38.713394,388.62]]},"properties":{"name":"P-661","description":{"@type":"html","value":"<div><div><span><b>Altitude:</b></span> <span>1,300 ft - 1,275 ft</span></div>\n<div><span><b>Speed:</b></span> <span>152 kt - 151 kt</span></div>\n<div><span><b>Timestamp:</b></span><br/><span>2026-05-18 10:32:15 UTC<br/>2026-05-18 10:32:17 UTC</span></div>\n</div>"},"stroke-opacity":1,"stroke":"#00fff0","stroke-width":2}},{"type":"Feature","geometry":{"type":"LineString","coordinates":[[-9.172151,38.713394,388.62],[-9.171448,38.714748,373.38]]},"properties":{"name":"P-662","description":{"@type":"html","value":"<div><div><span><b>Altitude:</b></span> <span>1,275 ft - 1,225 ft</span></div>\n<div><span><b>Speed:</b></span> <span>151 kt - 149 kt</span></div>\n<div><span><b>Timestamp:</b></span><br/><span>2026-05-18 10:32:17 UTC<br/>2026-05-18 10:32:19 UTC</span></div>\n</div>"},"stroke-opacity":1,"stroke":"#00fff0","stroke-width":2}},{"type":"Feature","geometry":{"type":"LineString","coordinates":[[-9.171448,38.714748,373.38],[-9.170897,38.715729,365.76]]},"properties":{"name":"P-663","description":{"@type":"html","value":"<div><div><span><b>Altitude:</b></span> <span>1,225 ft - 1,200 ft</span></div>\n<div><span><b>Speed:</b></span> <span>149 kt - 147 kt</span></div>\n<div><span><b>Timestamp:</b></span><br/><span>2026-05-18 10:32:19 UTC<br/>2026-05-18 10:32:21 UTC</span></div>\n</div>"},"stroke-opacity":1,"stroke":"#00fff0","stroke-width":2}},{"type":"Feature","geometry":{"type":"LineString","coordinates":[[-9.170897,38.715729,365.76],[-9.170121,38.717239,358.14]]},"properties":{"name":"P-664","description":{"@type":"html","value":"<div><div><span><b>Altitude:</b></span> <span>1,200 ft - 1,175 ft</span></div>\n<div><span><b>Speed:</b></span> <span>147 kt - 146 kt</span></div>\n<div><span><b>Timestamp:</b></span><br/><span>2026-05-18 10:32:21 UTC<br/>2026-05-18 10:32:23 UTC</span></div>\n</div>"},"stroke-opacity":1,"stroke":"#00fff0","stroke-width":2}},{"type":"Feature","geometry":{"type":"LineString","coordinates":[[-9.170121,38.717239,358.14],[-9.168031,38.721222,335.28]]},"properties":{"name":"P-665","description":{"@type":"html","value":"<div><div><span><b>Altitude:</b></span> <span>1,175 ft - 1,100 ft</span></div>\n<div><span><b>Speed:</b></span> <span>146 kt - 139 kt</span></div>\n<div><span><b>Timestamp:</b></span><br/><span>2026-05-18 10:32:23 UTC<br/>2026-05-18 10:32:30 UTC</span></div>\n</div>"},"stroke-opacity":1,"stroke":"#00fff0","stroke-width":2}},{"type":"Feature","geometry":{"type":"LineString","coordinates":[[-9.168031,38.721222,335.28],[-9.165404,38.726257,297.18]]},"properties":{"name":"P-666","description":{"@type":"html","value":"<div><div><span><b>Altitude:</b></span> <span>1,100 ft - 975 ft</span></div>\n<div><span><b>Speed:</b></span> <span>139 kt - 135 kt</span></div>\n<div><span><b>Timestamp:</b></span><br/><span>2026-05-18 10:32:30 UTC<br/>2026-05-18 10:32:38 UTC</span></div>\n</div>"},"stroke-opacity":1,"stroke":"#00fff0","stroke-width":2}},{"type":"Feature","geometry":{"type":"LineString","coordinates":[[-9.165404,38.726257,297.18],[-9.163391,38.730019,281.94]]},"properties":{"name":"P-667","description":{"@type":"html","value":"<div><div><span><b>Altitude:</b></span> <span>975 ft - 925 ft</span></div>\n<div><span><b>Speed:</b></span> <span>135 kt</span></div>\n<div><span><b>Timestamp:</b></span><br/><span>2026-05-18 10:32:38 UTC<br/>2026-05-18 10:32:45 UTC</span></div>\n</div>"},"stroke-opacity":1,"stroke":"#00eaff","stroke-width":2}},{"type":"Feature","geometry":{"type":"LineString","coordinates":[[-9.163391,38.730019,281.94],[-9.160627,38.735138,251.46]]},"properties":{"name":"P-668","description":{"@type":"html","value":"<div><div><span><b>Altitude:</b></span> <span>925 ft - 825 ft</span></div>\n<div><span><b>Speed:</b></span> <span>135 kt - 136 kt</span></div>\n<div><span><b>Timestamp:</b></span><br/><span>2026-05-18 10:32:45 UTC<br/>2026-05-18 10:32:54 UTC</span></div>\n</div>"},"stroke-opacity":1,"stroke":"#00eaff","stroke-width":2}},{"type":"Feature","geometry":{"type":"LineString","coordinates":[[-9.160627,38.735138,251.46],[-9.158752,38.738678,228.6]]},"properties":{"name":"P-669","description":{"@type":"html","value":"<div><div><span><b>Altitude:</b></span> <span>825 ft - 750 ft</span></div>\n<div><span><b>Speed:</b></span> <span>136 kt - 135 kt</span></div>\n<div><span><b>Timestamp:</b></span><br/><span>2026-05-18 10:32:54 UTC<br/>2026-05-18 10:33:00 UTC</span></div>\n</div>"},"stroke-opacity":1,"stroke":"#00eaff","stroke-width":2}},{"type":"Feature","geometry":{"type":"LineString","coordinates":[[-9.158752,38.738678,228.6],[-9.15609,38.743607,190.5]]},"properties":{"name":"P-670","description":{"@type":"html","value":"<div><div><span><b>Altitude:</b></span> <span>750 ft - 625 ft</span></div>\n<div><span><b>Speed:</b></span> <span>135 kt - 133 kt</span></div>\n<div><span><b>Timestamp:</b></span><br/><span>2026-05-18 10:33:00 UTC<br/>2026-05-18 10:33:08 UTC</span></div>\n</div>"},"stroke-opacity":1,"stroke":"#00eaff","stroke-width":2}},{"type":"Feature","geometry":{"type":"LineString","coordinates":[[-9.15609,38.743607,190.5],[-9.154179,38.747131,167.64]]},"properties":{"name":"P-671","description":{"@type":"html","value":"<div><div><span><b>Altitude:</b></span> <span>625 ft - 550 ft</span></div>\n<div><span><b>Speed:</b></span> <span>133 kt</span></div>\n<div><span><b>Timestamp:</b></span><br/><span>2026-05-18 10:33:08 UTC<br/>2026-05-18 10:33:15 UTC</span></div>\n</div>"},"stroke-opacity":1,"stroke":"#62e0ff","stroke-width":2}},{"type":"Feature","geometry":{"type":"LineString","coordinates":[[-9.154179,38.747131,167.64],[-9.153564,38.748314,160.02]]},"properties":{"name":"P-672","description":{"@type":"html","value":"<div><div><span><b>Altitude:</b></span> <span>550 ft - 525 ft</span></div>\n<div><span><b>Speed:</b></span> <span>133 kt - 132 kt</span></div>\n<div><span><b>Timestamp:</b></span><br/><span>2026-05-18 10:33:15 UTC<br/>2026-05-18 10:33:17 UTC</span></div>\n</div>"},"stroke-opacity":1,"stroke":"#62e0ff","stroke-width":2}},{"type":"Feature","geometry":{"type":"LineString","coordinates":[[-9.153564,38.748314,160.02],[-9.152865,38.749557,152.4]]},"properties":{"name":"P-673","description":{"@type":"html","value":"<div><div><span><b>Altitude:</b></span> <span>525 ft - 500 ft</span></div>\n<div><span><b>Speed:</b></span> <span>132 kt</span></div>\n<div><span><b>Timestamp:</b></span><br/><span>2026-05-18 10:33:17 UTC<br/>2026-05-18 10:33:19 UTC</span></div>\n</div>"},"stroke-opacity":1,"stroke":"#62e0ff","stroke-width":2}},{"type":"Feature","geometry":{"type":"LineString","coordinates":[[-9.152865,38.749557,152.4],[-9.1521,38.75106,144.78]]},"properties":{"name":"P-674","description":{"@type":"html","value":"<div><div><span><b>Altitude:</b></span> <span>500 ft - 475 ft</span></div>\n<div><span><b>Speed:</b></span> <span>132 kt</span></div>\n<div><span><b>Timestamp:</b></span><br/><span>2026-05-18 10:33:19 UTC<br/>2026-05-18 10:33:21 UTC</span></div>\n</div>"},"stroke-opacity":1,"stroke":"#62e0ff","stroke-width":2}},{"type":"Feature","geometry":{"type":"LineString","coordinates":[[-9.1521,38.75106,144.78],[-9.151489,38.752178,137.16]]},"properties":{"name":"P-675","description":{"@type":"html","value":"<div><div><span><b>Altitude:</b></span> <span>475 ft - 450 ft</span></div>\n<div><span><b>Speed:</b></span> <span>132 kt</span></div>\n<div><span><b>Timestamp:</b></span><br/><span>2026-05-18 10:33:21 UTC<br/>2026-05-18 10:33:24 UTC</span></div>\n</div>"},"stroke-opacity":1,"stroke":"#62e0ff","stroke-width":2}},{"type":"Feature","geometry":{"type":"LineString","coordinates":[[-9.151489,38.752178,137.16],[-9.150757,38.753574,129.54]]},"properties":{"name":"P-676","description":{"@type":"html","value":"<div><div><span><b>Altitude:</b></span> <span>450 ft - 425 ft</span></div>\n<div><span><b>Speed:</b></span> <span>132 kt - 131 kt</span></div>\n<div><span><b>Timestamp:</b></span><br/><span>2026-05-18 10:33:24 UTC<br/>2026-05-18 10:33:26 UTC</span></div>\n</div>"},"stroke-opacity":1,"stroke":"#62e0ff","stroke-width":2}},{"type":"Feature","geometry":{"type":"LineString","coordinates":[[-9.150757,38.753574,129.54],[-9.150119,38.75473,121.92]]},"properties":{"name":"P-677","description":{"@type":"html","value":"<div><div><span><b>Altitude:</b></span> <span>425 ft - 400 ft</span></div>\n<div><span><b>Speed:</b></span> <span>131 kt - 132 kt</span></div>\n<div><span><b>Timestamp:</b></span><br/><span>2026-05-18 10:33:26 UTC<br/>2026-05-18 10:33:28 UTC</span></div>\n</div>"},"stroke-opacity":1,"stroke":"#62e0ff","stroke-width":2}},{"type":"Feature","geometry":{"type":"LineString","coordinates":[[-9.150119,38.75473,121.92],[-9.149536,38.755901,114.3]]},"properties":{"name":"P-678","description":{"@type":"html","value":"<div><div><span><b>Altitude:</b></span> <span>400 ft - 375 ft</span></div>\n<div><span><b>Speed:</b></span> <span>132 kt</span></div>\n<div><span><b>Timestamp:</b></span><br/><span>2026-05-18 10:33:28 UTC<br/>2026-05-18 10:33:30 UTC</span></div>\n</div>"},"stroke-opacity":1,"stroke":"#62e0ff","stroke-width":2}},{"type":"Feature","geometry":{"type":"LineString","coordinates":[[-9.149536,38.755901,114.3],[-9.148865,38.757065,106.68]]},"properties":{"name":"P-679","description":{"@type":"html","value":"<div><div><span><b>Altitude:</b></span> <span>375 ft - 350 ft</span></div>\n<div><span><b>Speed:</b></span> <span>132 kt - 131 kt</span></div>\n<div><span><b>Timestamp:</b></span><br/><span>2026-05-18 10:33:30 UTC<br/>2026-05-18 10:33:32 UTC</span></div>\n</div>"},"stroke-opacity":1,"stroke":"#62e0ff","stroke-width":2}},{"type":"Feature","geometry":{"type":"LineString","coordinates":[[-9.148865,38.757065,106.68],[-9.146357,38.761826,83.82]]},"properties":{"name":"P-680","description":{"@type":"html","value":"<div><div><span><b>Altitude:</b></span> <span>350 ft - 275 ft</span></div>\n<div><span><b>Speed:</b></span> <span>131 kt - 133 kt</span></div>\n<div><span><b>Timestamp:</b></span><br/><span>2026-05-18 10:33:32 UTC<br/>2026-05-18 10:33:41 UTC</span></div>\n</div>"},"stroke-opacity":1,"stroke":"#62e0ff","stroke-width":2}},{"type":"Feature","geometry":{"type":"LineString","coordinates":[[-9.146357,38.761826,83.82],[-9.144446,38.76535,60.96]]},"properties":{"name":"P-681","description":{"@type":"html","value":"<div><div><span><b>Altitude:</b></span> <span>275 ft - 200 ft</span></div>\n<div><span><b>Speed:</b></span> <span>133 kt - 136 kt</span></div>\n<div><span><b>Timestamp:</b></span><br/><span>2026-05-18 10:33:41 UTC<br/>2026-05-18 10:33:47 UTC</span></div>\n</div>"},"stroke-opacity":1,"stroke":"#ffffff","stroke-width":2}},{"type":"Feature","geometry":{"type":"LineString","coordinates":[[-9.144446,38.76535,60.96],[-9.1417,38.770569,38.1]]},"properties":{"name":"P-682","description":{"@type":"html","value":"<div><div><span><b>Altitude:</b></span> <span>200 ft - 125 ft</span></div>\n<div><span><b>Speed:</b></span> <span>136 kt - 139 kt</span></div>\n<div><span><b>Timestamp:</b></span><br/><span>2026-05-18 10:33:47 UTC<br/>2026-05-18 10:33:55 UTC</span></div>\n</div>"},"stroke-opacity":1,"stroke":"#ffffff","stroke-width":2}},{"type":"Feature","geometry":{"type":"LineString","coordinates":[[-9.1417,38.770569,38.1],[-9.139832,38.77401,38.1]]},"properties":{"name":"P-683","description":{"@type":"html","value":"<div><div><span><b>Altitude:</b></span> <span>125 ft</span></div>\n<div><span><b>Speed:</b></span> <span>139 kt - 132 kt</span></div>\n<div><span><b>Timestamp:</b></span><br/><span>2026-05-18 10:33:55 UTC<br/>2026-05-18 10:34:02 UTC</span></div>\n</div>"},"stroke-opacity":1,"stroke":"#ffffff","stroke-width":2}},{"type":"Feature","geometry":{"type":"LineString","coordinates":[[-9.139832,38.77401,38.1],[-9.137818,38.777802,0]]},"properties":{"name":"P-684","description":{"@type":"html","value":"<div><div><span><b>Altitude:</b></span> <span>125 ft - 0 ft</span></div>\n<div><span><b>Speed:</b></span> <span>132 kt - 100 kt</span></div>\n<div><span><b>Timestamp:</b></span><br/><span>2026-05-18 10:34:02 UTC<br/>2026-05-18 10:34:10 UTC</span></div>\n</div>"},"stroke-opacity":1,"stroke":"#ffffff","stroke-width":2}},{"type":"Feature","geometry":{"type":"LineString","coordinates":[[-9.137818,38.777802,0],[-9.13649,38.780273,0]]},"properties":{"name":"P-685","description":{"@type":"html","value":"<div><div><span><b>Altitude:</b></span> <span>0 ft</span></div>\n<div><span><b>Speed:</b></span> <span>100 kt - 69 kt</span></div>\n<div><span><b>Timestamp:</b></span><br/><span>2026-05-18 10:34:10 UTC<br/>2026-05-18 10:34:18 UTC</span></div>\n</div>"},"stroke-opacity":1,"stroke":"#ffffff","stroke-width":2}},{"type":"Feature","geometry":{"type":"LineString","coordinates":[[-9.13649,38.780273,0],[-9.135625,38.781818,0]]},"properties":{"name":"P-686","description":{"@type":"html","value":"<div><div><span><b>Altitude:</b></span> <span>0 ft</span></div>\n<div><span><b>Speed:</b></span> <span>69 kt - 38 kt</span></div>\n<div><span><b>Timestamp:</b></span><br/><span>2026-05-18 10:34:18 UTC<br/>2026-05-18 10:34:25 UTC</span></div>\n</div>"},"stroke-opacity":1,"stroke":"#ffffff","stroke-width":2}},{"type":"Feature","geometry":{"type":"LineString","coordinates":[[-9.135625,38.781818,0],[-9.135498,38.782028,0]]},"properties":{"name":"P-687","description":{"@type":"html","value":"<div><div><span><b>Altitude:</b></span> <span>0 ft</span></div>\n<div><span><b>Speed:</b></span> <span>38 kt - 35 kt</span></div>\n<div><span><b>Timestamp:</b></span><br/><span>2026-05-18 10:34:25 UTC<br/>2026-05-18 10:34:27 UTC</span></div>\n</div>"},"stroke-opacity":1,"stroke":"#ffffff","stroke-width":2}},{"type":"Feature","geometry":{"type":"LineString","coordinates":[[-9.135498,38.782028,0],[-9.135269,38.782295,0]]},"properties":{"name":"P-688","description":{"@type":"html","value":"<div><div><span><b>Altitude:</b></span> <span>0 ft</span></div>\n<div><span><b>Speed:</b></span> <span>35 kt - 30 kt</span></div>\n<div><span><b>Timestamp:</b></span><br/><span>2026-05-18 10:34:27 UTC<br/>2026-05-18 10:34:30 UTC</span></div>\n</div>"},"stroke-opacity":1,"stroke":"#ffffff","stroke-width":2}},{"type":"Feature","geometry":{"type":"LineString","coordinates":[[-9.135269,38.782295,0],[-9.134938,38.782642,0]]},"properties":{"name":"P-689","description":{"@type":"html","value":"<div><div><span><b>Altitude:</b></span> <span>0 ft</span></div>\n<div><span><b>Speed:</b></span> <span>30 kt - 27 kt</span></div>\n<div><span><b>Timestamp:</b></span><br/><span>2026-05-18 10:34:30 UTC<br/>2026-05-18 10:34:33 UTC</span></div>\n</div>"},"stroke-opacity":1,"stroke":"#ffffff","stroke-width":2}},{"type":"Feature","geometry":{"type":"LineString","coordinates":[[-9.134938,38.782642,0],[-9.134705,38.782845,0]]},"properties":{"name":"P-690","description":{"@type":"html","value":"<div><div><span><b>Altitude:</b></span> <span>0 ft</span></div>\n<div><span><b>Speed:</b></span> <span>27 kt</span></div>\n<div><span><b>Timestamp:</b></span><br/><span>2026-05-18 10:34:33 UTC<br/>2026-05-18 10:34:35 UTC</span></div>\n</div>"},"stroke-opacity":1,"stroke":"#ffffff","stroke-width":2}},{"type":"Feature","geometry":{"type":"LineString","coordinates":[[-9.134705,38.782845,0],[-9.134338,38.783123,0]]},"properties":{"name":"P-691","description":{"@type":"html","value":"<div><div><span><b>Altitude:</b></span> <span>0 ft</span></div>\n<div><span><b>Speed:</b></span> <span>27 kt - 26 kt</span></div>\n<div><span><b>Timestamp:</b></span><br/><span>2026-05-18 10:34:35 UTC<br/>2026-05-18 10:34:38 UTC</span></div>\n</div>"},"stroke-opacity":1,"stroke":"#ffffff","stroke-width":2}},{"type":"Feature","geometry":{"type":"LineString","coordinates":[[-9.134338,38.783123,0],[-9.134018,38.783367,0]]},"properties":{"name":"P-692","description":{"@type":"html","value":"<div><div><span><b>Altitude:</b></span> <span>0 ft</span></div>\n<div><span><b>Speed:</b></span> <span>26 kt - 23 kt</span></div>\n<div><span><b>Timestamp:</b></span><br/><span>2026-05-18 10:34:38 UTC<br/>2026-05-18 10:34:41 UTC</span></div>\n</div>"},"stroke-opacity":1,"stroke":"#ffffff","stroke-width":2}},{"type":"Feature","geometry":{"type":"LineString","coordinates":[[-9.134018,38.783367,0],[-9.133759,38.783546,0]]},"properties":{"name":"P-693","description":{"@type":"html","value":"<div><div><span><b>Altitude:</b></span> <span>0 ft</span></div>\n<div><span><b>Speed:</b></span> <span>23 kt - 20 kt</span></div>\n<div><span><b>Timestamp:</b></span><br/><span>2026-05-18 10:34:41 UTC<br/>2026-05-18 10:34:44 UTC</span></div>\n</div>"},"stroke-opacity":1,"stroke":"#ffffff","stroke-width":2}},{"type":"Feature","geometry":{"type":"LineString","coordinates":[[-9.133759,38.783546,0],[-9.13352,38.783707,0]]},"properties":{"name":"P-694","description":{"@type":"html","value":"<div><div><span><b>Altitude:</b></span> <span>0 ft</span></div>\n<div><span><b>Speed:</b></span> <span>20 kt - 16 kt</span></div>\n<div><span><b>Timestamp:</b></span><br/><span>2026-05-18 10:34:44 UTC<br/>2026-05-18 10:34:48 UTC</span></div>\n</div>"},"stroke-opacity":1,"stroke":"#ffffff","stroke-width":2}},{"type":"Feature","geometry":{"type":"LineString","coordinates":[[-9.13352,38.783707,0],[-9.133316,38.783787,0]]},"properties":{"name":"P-695","description":{"@type":"html","value":"<div><div><span><b>Altitude:</b></span> <span>0 ft</span></div>\n<div><span><b>Speed:</b></span> <span>16 kt - 14 kt</span></div>\n<div><span><b>Timestamp:</b></span><br/><span>2026-05-18 10:34:48 UTC<br/>2026-05-18 10:34:51 UTC</span></div>\n</div>"},"stroke-opacity":1,"stroke":"#ffffff","stroke-width":2}},{"type":"Feature","geometry":{"type":"LineString","coordinates":[[-9.133316,38.783787,0],[-9.133027,38.783775,0]]},"properties":{"name":"P-696","description":{"@type":"html","value":"<div><div><span><b>Altitude:</b></span> <span>0 ft</span></div>\n<div><span><b>Speed:</b></span> <span>14 kt - 13 kt</span></div>\n<div><span><b>Timestamp:</b></span><br/><span>2026-05-18 10:34:51 UTC<br/>2026-05-18 10:34:54 UTC</span></div>\n</div>"},"stroke-opacity":1,"stroke":"#ffffff","stroke-width":2}},{"type":"Feature","geometry":{"type":"LineString","coordinates":[[-9.133027,38.783775,0],[-9.132767,38.78368,0]]},"properties":{"name":"P-697","description":{"@type":"html","value":"<div><div><span><b>Altitude:</b></span> <span>0 ft</span></div>\n<div><span><b>Speed:</b></span> <span>13 kt</span></div>\n<div><span><b>Timestamp:</b></span><br/><span>2026-05-18 10:34:54 UTC<br/>2026-05-18 10:34:58 UTC</span></div>\n</div>"},"stroke-opacity":1,"stroke":"#ffffff","stroke-width":2}},{"type":"Feature","geometry":{"type":"LineString","coordinates":[[-9.132767,38.78368,0],[-9.132609,38.783478,0]]},"properties":{"name":"P-698","description":{"@type":"html","value":"<div><div><span><b>Altitude:</b></span> <span>0 ft</span></div>\n<div><span><b>Speed:</b></span> <span>13 kt - 12 kt</span></div>\n<div><span><b>Timestamp:</b></span><br/><span>2026-05-18 10:34:58 UTC<br/>2026-05-18 10:35:02 UTC</span></div>\n</div>"},"stroke-opacity":1,"stroke":"#ffffff","stroke-width":2}},{"type":"Feature","geometry":{"type":"LineString","coordinates":[[-9.132609,38.783478,0],[-9.132614,38.783264,0]]},"properties":{"name":"P-699","description":{"@type":"html","value":"<div><div><span><b>Altitude:</b></span> <span>0 ft</span></div>\n<div><span><b>Speed:</b></span> <span>12 kt - 13 kt</span></div>\n<div><span><b>Timestamp:</b></span><br/><span>2026-05-18 10:35:02 UTC<br/>2026-05-18 10:35:05 UTC</span></div>\n</div>"},"stroke-opacity":1,"stroke":"#ffffff","stroke-width":2}},{"type":"Feature","geometry":{"type":"LineString","coordinates":[[-9.132614,38.783264,0],[-9.132721,38.783043,0]]},"properties":{"name":"P-700","description":{"@type":"html","value":"<div><div><span><b>Altitude:</b></span> <span>0 ft</span></div>\n<div><span><b>Speed:</b></span> <span>13 kt - 12 kt</span></div>\n<div><span><b>Timestamp:</b></span><br/><span>2026-05-18 10:35:05 UTC<br/>2026-05-18 10:35:10 UTC</span></div>\n</div>"},"stroke-opacity":1,"stroke":"#ffffff","stroke-width":2}},{"type":"Feature","geometry":{"type":"LineString","coordinates":[[-9.132721,38.783043,0],[-9.132843,38.78281,0]]},"properties":{"name":"P-701","description":{"@type":"html","value":"<div><div><span><b>Altitude:</b></span> <span>0 ft</span></div>\n<div><span><b>Speed:</b></span> <span>12 kt - 13 kt</span></div>\n<div><span><b>Timestamp:</b></span><br/><span>2026-05-18 10:35:10 UTC<br/>2026-05-18 10:35:14 UTC</span></div>\n</div>"},"stroke-opacity":1,"stroke":"#ffffff","stroke-width":2}},{"type":"Feature","geometry":{"type":"LineString","coordinates":[[-9.132843,38.78281,0],[-9.132996,38.782516,0]]},"properties":{"name":"P-702","description":{"@type":"html","value":"<div><div><span><b>Altitude:</b></span> <span>0 ft</span></div>\n<div><span><b>Speed:</b></span> <span>13 kt - 14 kt</span></div>\n<div><span><b>Timestamp:</b></span><br/><span>2026-05-18 10:35:14 UTC<br/>2026-05-18 10:35:18 UTC</span></div>\n</div>"},"stroke-opacity":1,"stroke":"#ffffff","stroke-width":2}},{"type":"Feature","geometry":{"type":"LineString","coordinates":[[-9.132996,38.782516,0],[-9.133162,38.782219,0]]},"properties":{"name":"P-703","description":{"@type":"html","value":"<div><div><span><b>Altitude:</b></span> <span>0 ft</span></div>\n<div><span><b>Speed:</b></span> <span>14 kt - 15 kt</span></div>\n<div><span><b>Timestamp:</b></span><br/><span>2026-05-18 10:35:18 UTC<br/>2026-05-18 10:35:23 UTC</span></div>\n</div>"},"stroke-opacity":1,"stroke":"#ffffff","stroke-width":2}},{"type":"Feature","geometry":{"type":"LineString","coordinates":[[-9.133162,38.782219,0],[-9.13327,38.782005,0]]},"properties":{"name":"P-704","description":{"@type":"html","value":"<div><div><span><b>Altitude:</b></span> <span>0 ft</span></div>\n<div><span><b>Speed:</b></span> <span>15 kt - 16 kt</span></div>\n<div><span><b>Timestamp:</b></span><br/><span>2026-05-18 10:35:23 UTC<br/>2026-05-18 10:35:26 UTC</span></div>\n</div>"},"stroke-opacity":1,"stroke":"#ffffff","stroke-width":2}},{"type":"Feature","geometry":{"type":"LineString","coordinates":[[-9.13327,38.782005,0],[-9.133392,38.781773,0]]},"properties":{"name":"P-705","description":{"@type":"html","value":"<div><div><span><b>Altitude:</b></span> <span>0 ft</span></div>\n<div><span><b>Speed:</b></span> <span>16 kt</span></div>\n<div><span><b>Timestamp:</b></span><br/><span>2026-05-18 10:35:26 UTC<br/>2026-05-18 10:35:29 UTC</span></div>\n</div>"},"stroke-opacity":1,"stroke":"#ffffff","stroke-width":2}},{"type":"Feature","geometry":{"type":"LineString","coordinates":[[-9.133392,38.781773,0],[-9.13352,38.781555,0]]},"properties":{"name":"P-706","description":{"@type":"html","value":"<div><div><span><b>Altitude:</b></span> <span>0 ft</span></div>\n<div><span><b>Speed:</b></span> <span>16 kt - 17 kt</span></div>\n<div><span><b>Timestamp:</b></span><br/><span>2026-05-18 10:35:29 UTC<br/>2026-05-18 10:35:32 UTC</span></div>\n</div>"},"stroke-opacity":1,"stroke":"#ffffff","stroke-width":2}},{"type":"Feature","geometry":{"type":"LineString","coordinates":[[-9.13352,38.781555,0],[-9.133803,38.781006,0]]},"properties":{"name":"P-707","description":{"@type":"html","value":"<div><div><span><b>Altitude:</b></span> <span>0 ft</span></div>\n<div><span><b>Speed:</b></span> <span>17 kt - 18 kt</span></div>\n<div><span><b>Timestamp:</b></span><br/><span>2026-05-18 10:35:32 UTC<br/>2026-05-18 10:35:39 UTC</span></div>\n</div>"},"stroke-opacity":1,"stroke":"#ffffff","stroke-width":2}},{"type":"Feature","geometry":{"type":"LineString","coordinates":[[-9.133803,38.781006,0],[-9.134171,38.780331,0]]},"properties":{"name":"P-708","description":{"@type":"html","value":"<div><div><span><b>Altitude:</b></span> <span>0 ft</span></div>\n<div><span><b>Speed:</b></span> <span>18 kt - 20 kt</span></div>\n<div><span><b>Timestamp:</b></span><br/><span>2026-05-18 10:35:39 UTC<br/>2026-05-18 10:35:47 UTC</span></div>\n</div>"},"stroke-opacity":1,"stroke":"#ffffff","stroke-width":2}},{"type":"Feature","geometry":{"type":"LineString","coordinates":[[-9.134171,38.780331,0],[-9.13452,38.779667,0]]},"properties":{"name":"P-709","description":{"@type":"html","value":"<div><div><span><b>Altitude:</b></span> <span>0 ft</span></div>\n<div><span><b>Speed:</b></span> <span>20 kt - 22 kt</span></div>\n<div><span><b>Timestamp:</b></span><br/><span>2026-05-18 10:35:47 UTC<br/>2026-05-18 10:35:54 UTC</span></div>\n</div>"},"stroke-opacity":1,"stroke":"#ffffff","stroke-width":2}},{"type":"Feature","geometry":{"type":"LineString","coordinates":[[-9.13452,38.779667,0],[-9.134918,38.778934,0]]},"properties":{"name":"P-710","description":{"@type":"html","value":"<div><div><span><b>Altitude:</b></span> <span>0 ft</span></div>\n<div><span><b>Speed:</b></span> <span>22 kt - 24 kt</span></div>\n<div><span><b>Timestamp:</b></span><br/><span>2026-05-18 10:35:54 UTC<br/>2026-05-18 10:36:01 UTC</span></div>\n</div>"},"stroke-opacity":1,"stroke":"#ffffff","stroke-width":2}},{"type":"Feature","geometry":{"type":"LineString","coordinates":[[-9.134918,38.778934,0],[-9.135266,38.778259,0]]},"properties":{"name":"P-711","description":{"@type":"html","value":"<div><div><span><b>Altitude:</b></span> <span>0 ft</span></div>\n<div><span><b>Speed:</b></span> <span>24 kt</span></div>\n<div><span><b>Timestamp:</b></span><br/><span>2026-05-18 10:36:01 UTC<br/>2026-05-18 10:36:08 UTC</span></div>\n</div>"},"stroke-opacity":1,"stroke":"#ffffff","stroke-width":2}},{"type":"Feature","geometry":{"type":"LineString","coordinates":[[-9.135266,38.778259,0],[-9.135699,38.777493,0]]},"properties":{"name":"P-712","description":{"@type":"html","value":"<div><div><span><b>Altitude:</b></span> <span>0 ft</span></div>\n<div><span><b>Speed:</b></span> <span>24 kt - 21 kt</span></div>\n<div><span><b>Timestamp:</b></span><br/><span>2026-05-18 10:36:08 UTC<br/>2026-05-18 10:36:15 UTC</span></div>\n</div>"},"stroke-opacity":1,"stroke":"#ffffff","stroke-width":2}},{"type":"Feature","geometry":{"type":"LineString","coordinates":[[-9.135699,38.777493,0],[-9.135941,38.777012,0]]},"properties":{"name":"P-713","description":{"@type":"html","value":"<div><div><span><b>Altitude:</b></span> <span>0 ft</span></div>\n<div><span><b>Speed:</b></span> <span>21 kt - 16 kt</span></div>\n<div><span><b>Timestamp:</b></span><br/><span>2026-05-18 10:36:15 UTC<br/>2026-05-18 10:36:23 UTC</span></div>\n</div>"},"stroke-opacity":1,"stroke":"#ffffff","stroke-width":2}},{"type":"Feature","geometry":{"type":"LineString","coordinates":[[-9.135941,38.777012,0],[-9.136017,38.776756,0]]},"properties":{"name":"P-714","description":{"@type":"html","value":"<div><div><span><b>Altitude:</b></span> <span>0 ft</span></div>\n<div><span><b>Speed:</b></span> <span>16 kt - 15 kt</span></div>\n<div><span><b>Timestamp:</b></span><br/><span>2026-05-18 10:36:23 UTC<br/>2026-05-18 10:36:26 UTC</span></div>\n</div>"},"stroke-opacity":1,"stroke":"#ffffff","stroke-width":2}},{"type":"Feature","geometry":{"type":"LineString","coordinates":[[-9.136017,38.776756,0],[-9.135971,38.776524,0]]},"properties":{"name":"P-715","description":{"@type":"html","value":"<div><div><span><b>Altitude:</b></span> <span>0 ft</span></div>\n<div><span><b>Speed:</b></span> <span>15 kt - 16 kt</span></div>\n<div><span><b>Timestamp:</b></span><br/><span>2026-05-18 10:36:26 UTC<br/>2026-05-18 10:36:30 UTC</span></div>\n</div>"},"stroke-opacity":1,"stroke":"#ffffff","stroke-width":2}},{"type":"Feature","geometry":{"type":"LineString","coordinates":[[-9.135971,38.776524,0],[-9.135908,38.776268,0]]},"properties":{"name":"P-716","description":{"@type":"html","value":"<div><div><span><b>Altitude:</b></span> <span>0 ft</span></div>\n<div><span><b>Speed:</b></span> <span>16 kt</span></div>\n<div><span><b>Timestamp:</b></span><br/><span>2026-05-18 10:36:30 UTC<br/>2026-05-18 10:36:32 UTC</span></div>\n</div>"},"stroke-opacity":1,"stroke":"#ffffff","stroke-width":2}},{"type":"Feature","geometry":{"type":"LineString","coordinates":[[-9.135908,38.776268,0],[-9.135818,38.77597,0]]},"properties":{"name":"P-717","description":{"@type":"html","value":"<div><div><span><b>Altitude:</b></span> <span>0 ft</span></div>\n<div><span><b>Speed:</b></span> <span>16 kt - 17 kt</span></div>\n<div><span><b>Timestamp:</b></span><br/><span>2026-05-18 10:36:32 UTC<br/>2026-05-18 10:36:36 UTC</span></div>\n</div>"},"stroke-opacity":1,"stroke":"#ffffff","stroke-width":2}},{"type":"Feature","geometry":{"type":"LineString","coordinates":[[-9.135818,38.77597,0],[-9.135758,38.775764,0]]},"properties":{"name":"P-718","description":{"@type":"html","value":"<div><div><span><b>Altitude:</b></span> <span>0 ft</span></div>\n<div><span><b>Speed:</b></span> <span>17 kt</span></div>\n<div><span><b>Timestamp:</b></span><br/><span>2026-05-18 10:36:36 UTC<br/>2026-05-18 10:36:38 UTC</span></div>\n</div>"},"stroke-opacity":1,"stroke":"#ffffff","stroke-width":2}},{"type":"Feature","geometry":{"type":"LineString","coordinates":[[-9.135758,38.775764,0],[-9.135699,38.775536,0]]},"properties":{"name":"P-719","description":{"@type":"html","value":"<div><div><span><b>Altitude:</b></span> <span>0 ft</span></div>\n<div><span><b>Speed:</b></span> <span>17 kt - 16 kt</span></div>\n<div><span><b>Timestamp:</b></span><br/><span>2026-05-18 10:36:38 UTC<br/>2026-05-18 10:36:42 UTC</span></div>\n</div>"},"stroke-opacity":1,"stroke":"#ffffff","stroke-width":2}},{"type":"Feature","geometry":{"type":"LineString","coordinates":[[-9.135699,38.775536,0],[-9.135625,38.775261,0]]},"properties":{"name":"P-720","description":{"@type":"html","value":"<div><div><span><b>Altitude:</b></span> <span>0 ft</span></div>\n<div><span><b>Speed:</b></span> <span>16 kt</span></div>\n<div><span><b>Timestamp:</b></span><br/><span>2026-05-18 10:36:42 UTC<br/>2026-05-18 10:36:45 UTC</span></div>\n</div>"},"stroke-opacity":1,"stroke":"#ffffff","stroke-width":2}},{"type":"Feature","geometry":{"type":"LineString","coordinates":[[-9.135625,38.775261,0],[-9.135559,38.77499,0]]},"properties":{"name":"P-721","description":{"@type":"html","value":"<div><div><span><b>Altitude:</b></span> <span>0 ft</span></div>\n<div><span><b>Speed:</b></span> <span>16 kt</span></div>\n<div><span><b>Timestamp:</b></span><br/><span>2026-05-18 10:36:45 UTC<br/>2026-05-18 10:36:49 UTC</span></div>\n</div>"},"stroke-opacity":1,"stroke":"#ffffff","stroke-width":2}},{"type":"Feature","geometry":{"type":"LineString","coordinates":[[-9.135559,38.77499,0],[-9.135406,38.774441,0]]},"properties":{"name":"P-722","description":{"@type":"html","value":"<div><div><span><b>Altitude:</b></span> <span>0 ft</span></div>\n<div><span><b>Speed:</b></span> <span>16 kt - 15 kt</span></div>\n<div><span><b>Timestamp:</b></span><br/><span>2026-05-18 10:36:49 UTC<br/>2026-05-18 10:36:57 UTC</span></div>\n</div>"},"stroke-opacity":1,"stroke":"#ffffff","stroke-width":2}},{"type":"Feature","geometry":{"type":"LineString","coordinates":[[-9.135406,38.774441,0],[-9.135266,38.773888,0]]},"properties":{"name":"P-723","description":{"@type":"html","value":"<div><div><span><b>Altitude:</b></span> <span>0 ft</span></div>\n<div><span><b>Speed:</b></span> <span>15 kt - 17 kt</span></div>\n<div><span><b>Timestamp:</b></span><br/><span>2026-05-18 10:36:57 UTC<br/>2026-05-18 10:37:04 UTC</span></div>\n</div>"},"stroke-opacity":1,"stroke":"#ffffff","stroke-width":2}},{"type":"Feature","geometry":{"type":"LineString","coordinates":[[-9.135266,38.773888,0],[-9.135072,38.773144,0]]},"properties":{"name":"P-724","description":{"@type":"html","value":"<div><div><span><b>Altitude:</b></span> <span>0 ft</span></div>\n<div><span><b>Speed:</b></span> <span>17 kt - 19 kt</span></div>\n<div><span><b>Timestamp:</b></span><br/><span>2026-05-18 10:37:04 UTC<br/>2026-05-18 10:37:12 UTC</span></div>\n</div>"},"stroke-opacity":1,"stroke":"#ffffff","stroke-width":2}},{"type":"Feature","geometry":{"type":"LineString","coordinates":[[-9.135072,38.773144,0],[-9.134893,38.772526,0]]},"properties":{"name":"P-725","description":{"@type":"html","value":"<div><div><span><b>Altitude:</b></span> <span>0 ft</span></div>\n<div><span><b>Speed:</b></span> <span>19 kt</span></div>\n<div><span><b>Timestamp:</b></span><br/><span>2026-05-18 10:37:12 UTC<br/>2026-05-18 10:37:20 UTC</span></div>\n</div>"},"stroke-opacity":1,"stroke":"#ffffff","stroke-width":2}},{"type":"Feature","geometry":{"type":"LineString","coordinates":[[-9.134893,38.772526,0],[-9.13472,38.771858,0]]},"properties":{"name":"P-726","description":{"@type":"html","value":"<div><div><span><b>Altitude:</b></span> <span>0 ft</span></div>\n<div><span><b>Speed:</b></span> <span>19 kt - 20 kt</span></div>\n<div><span><b>Timestamp:</b></span><br/><span>2026-05-18 10:37:20 UTC<br/>2026-05-18 10:37:27 UTC</span></div>\n</div>"},"stroke-opacity":1,"stroke":"#ffffff","stroke-width":2}},{"type":"Feature","geometry":{"type":"LineString","coordinates":[[-9.13472,38.771858,0],[-9.134598,38.771229,0]]},"properties":{"name":"P-727","description":{"@type":"html","value":"<div><div><span><b>Altitude:</b></span> <span>0 ft</span></div>\n<div><span><b>Speed:</b></span> <span>20 kt - 10 kt</span></div>\n<div><span><b>Timestamp:</b></span><br/><span>2026-05-18 10:37:27 UTC<br/>2026-05-18 10:37:36 UTC</span></div>\n</div>"},"stroke-opacity":1,"stroke":"#ffffff","stroke-width":2}},{"type":"Feature","geometry":{"type":"LineString","coordinates":[[-9.134598,38.771229,0],[-9.134759,38.771015,0]]},"properties":{"name":"P-728","description":{"@type":"html","value":"<div><div><span><b>Altitude:</b></span> <span>0 ft</span></div>\n<div><span><b>Speed:</b></span> <span>10 kt - 11 kt</span></div>\n<div><span><b>Timestamp:</b></span><br/><span>2026-05-18 10:37:36 UTC<br/>2026-05-18 10:37:41 UTC</span></div>\n</div>"},"stroke-opacity":1,"stroke":"#ffffff","stroke-width":2}},{"type":"Feature","geometry":{"type":"LineString","coordinates":[[-9.134759,38.771015,0],[-9.135013,38.770912,0]]},"properties":{"name":"P-729","description":{"@type":"html","value":"<div><div><span><b>Altitude:</b></span> <span>0 ft</span></div>\n<div><span><b>Speed:</b></span> <span>11 kt - 10 kt</span></div>\n<div><span><b>Timestamp:</b></span><br/><span>2026-05-18 10:37:41 UTC<br/>2026-05-18 10:37:46 UTC</span></div>\n</div>"},"stroke-opacity":1,"stroke":"#ffffff","stroke-width":2}},{"type":"Feature","geometry":{"type":"LineString","coordinates":[[-9.135013,38.770912,0],[-9.135254,38.770882,0]]},"properties":{"name":"P-730","description":{"@type":"html","value":"<div><div><span><b>Altitude:</b></span> <span>0 ft</span></div>\n<div><span><b>Speed:</b></span> <span>10 kt - 9 kt</span></div>\n<div><span><b>Timestamp:</b></span><br/><span>2026-05-18 10:37:46 UTC<br/>2026-05-18 10:37:51 UTC</span></div>\n</div>"},"stroke-opacity":1,"stroke":"#ffffff","stroke-width":2}},{"type":"Feature","geometry":{"type":"LineString","coordinates":[[-9.135254,38.770882,0],[-9.135468,38.770844,0]]},"properties":{"name":"P-731","description":{"@type":"html","value":"<div><div><span><b>Altitude:</b></span> <span>0 ft</span></div>\n<div><span><b>Speed:</b></span> <span>9 kt - 8 kt</span></div>\n<div><span><b>Timestamp:</b></span><br/><span>2026-05-18 10:37:51 UTC<br/>2026-05-18 10:37:55 UTC</span></div>\n</div>"},"stroke-opacity":1,"stroke":"#ffffff","stroke-width":2}},{"type":"Feature","geometry":{"type":"LineString","coordinates":[[-9.135468,38.770844,0],[-9.135744,38.770798,0]]},"properties":{"name":"P-732","description":{"@type":"html","value":"<div><div><span><b>Altitude:</b></span> <span>0 ft</span></div>\n<div><span><b>Speed:</b></span> <span>8 kt</span></div>\n<div><span><b>Timestamp:</b></span><br/><span>2026-05-18 10:37:55 UTC<br/>2026-05-18 10:38:01 UTC</span></div>\n</div>"},"stroke-opacity":1,"stroke":"#ffffff","stroke-width":2}},{"type":"Feature","geometry":{"type":"LineString","coordinates":[[-9.135744,38.770798,0],[-9.135971,38.770752,0]]},"properties":{"name":"P-733","description":{"@type":"html","value":"<div><div><span><b>Altitude:</b></span> <span>0 ft</span></div>\n<div><span><b>Speed:</b></span> <span>8 kt - 7 kt</span></div>\n<div><span><b>Timestamp:</b></span><br/><span>2026-05-18 10:38:01 UTC<br/>2026-05-18 10:38:07 UTC</span></div>\n</div>"},"stroke-opacity":1,"stroke":"#ffffff","stroke-width":2}},{"type":"Feature","geometry":{"type":"LineString","coordinates":[[-9.135971,38.770752,0],[-9.136207,38.770718,0]]},"properties":{"name":"P-734","description":{"@type":"html","value":"<div><div><span><b>Altitude:</b></span> <span>0 ft</span></div>\n<div><span><b>Speed:</b></span> <span>7 kt - 5 kt</span></div>\n<div><span><b>Timestamp:</b></span><br/><span>2026-05-18 10:38:07 UTC<br/>2026-05-18 10:38:14 UTC</span></div>\n</div>"},"stroke-opacity":1,"stroke":"#ffffff","stroke-width":2}},{"type":"Feature","geometry":{"type":"LineString","coordinates":[[-9.136207,38.770718,0],[-9.136429,38.770683,0]]},"properties":{"name":"P-735","description":{"@type":"html","value":"<div><div><span><b>Altitude:</b></span> <span>0 ft</span></div>\n<div><span><b>Speed:</b></span> <span>5 kt - 3 kt</span></div>\n<div><span><b>Timestamp:</b></span><br/><span>2026-05-18 10:38:14 UTC<br/>2026-05-18 10:38:25 UTC</span></div>\n</div>"},"stroke-opacity":1,"stroke":"#ffffff","stroke-width":2}}]}