{"type":"FeatureCollection","features":[{"type":"Feature","geometry":{"type":"Point","coordinates":[-9.13352,38.764629,0]},"properties":{"name":"2026-05-21 13:41:26 UTC","description":{"@type":"html","value":"<div><div><span><b>Altitude:</b></span> <span>0 ft</span></div>\n<div><span><b>Speed:</b></span> <span>0 kt</span></div>\n<div><span><b>Heading:</b></span> <span>73&deg;</span></div>\n</div>"},"icon-heading":73,"icon":"http://maps.google.com/mapfiles/kml/shapes/airports.png","timestamp":"2026-05-21T13:41:26+00:00"}},{"type":"Feature","geometry":{"type":"Point","coordinates":[-9.133729,38.764572,0]},"properties":{"name":"2026-05-21 13:51:12 UTC","description":{"@type":"html","value":"<div><div><span><b>Altitude:</b></span> <span>0 ft</span></div>\n<div><span><b>Speed:</b></span> <span>2 kt</span></div>\n<div><span><b>Heading:</b></span> <span>104&deg;</span></div>\n</div>"},"icon-heading":104,"icon":"http://maps.google.com/mapfiles/kml/shapes/airports.png","timestamp":"2026-05-21T13:51:12+00:00"}},{"type":"Feature","geometry":{"type":"Point","coordinates":[-9.133942,38.764641,0]},"properties":{"name":"2026-05-21 13:51:28 UTC","description":{"@type":"html","value":"<div><div><span><b>Altitude:</b></span> <span>0 ft</span></div>\n<div><span><b>Speed:</b></span> <span>3 kt</span></div>\n<div><span><b>Heading:</b></span> <span>75&deg;</span></div>\n</div>"},"icon-heading":75,"icon":"http://maps.google.com/mapfiles/kml/shapes/airports.png","timestamp":"2026-05-21T13:51:28+00:00"}},{"type":"Feature","geometry":{"type":"Point","coordinates":[-9.134147,38.764629,0]},"properties":{"name":"2026-05-21 13:51:43 UTC","description":{"@type":"html","value":"<div><div><span><b>Altitude:</b></span> <span>0 ft</span></div>\n<div><span><b>Speed:</b></span> <span>3 kt</span></div>\n<div><span><b>Heading:</b></span> <span>14&deg;</span></div>\n</div>"},"icon-heading":14,"icon":"http://maps.google.com/mapfiles/kml/shapes/airports.png","timestamp":"2026-05-21T13:51:43+00:00"}},{"type":"Feature","geometry":{"type":"Point","coordinates":[-9.134338,38.764839,0]},"properties":{"name":"2026-05-21 13:55:15 UTC","description":{"@type":"html","value":"<div><div><span><b>Altitude:</b></span> <span>0 ft</span></div>\n<div><span><b>Speed:</b></span> <span>8 kt</span></div>\n<div><span><b>Heading:</b></span> <span>343&deg;</span></div>\n</div>"},"icon-heading":343,"icon":"http://maps.google.com/mapfiles/kml/shapes/airports.png","timestamp":"2026-05-21T13:55:15+00:00"}},{"type":"Feature","geometry":{"type":"Point","coordinates":[-9.13443,38.765118,0]},"properties":{"name":"2026-05-21 13:55:21 UTC","description":{"@type":"html","value":"<div><div><span><b>Altitude:</b></span> <span>0 ft</span></div>\n<div><span><b>Speed:</b></span> <span>10 kt</span></div>\n<div><span><b>Heading:</b></span> <span>343&deg;</span></div>\n</div>"},"icon-heading":343,"icon":"http://maps.google.com/mapfiles/kml/shapes/airports.png","timestamp":"2026-05-21T13:55:21+00:00"}},{"type":"Feature","geometry":{"type":"Point","coordinates":[-9.134567,38.765457,0]},"properties":{"name":"2026-05-21 13:55:28 UTC","description":{"@type":"html","value":"<div><div><span><b>Altitude:</b></span> <span>0 ft</span></div>\n<div><span><b>Speed:</b></span> <span>11 kt</span></div>\n<div><span><b>Heading:</b></span> <span>343&deg;</span></div>\n</div>"},"icon-heading":343,"icon":"http://maps.google.com/mapfiles/kml/shapes/airports.png","timestamp":"2026-05-21T13:55:28+00:00"}},{"type":"Feature","geometry":{"type":"Point","coordinates":[-9.134684,38.765808,0]},"properties":{"name":"2026-05-21 13:55:36 UTC","description":{"@type":"html","value":"<div><div><span><b>Altitude:</b></span> <span>0 ft</span></div>\n<div><span><b>Speed:</b></span> <span>10 kt</span></div>\n<div><span><b>Heading:</b></span> <span>345&deg;</span></div>\n</div>"},"icon-heading":345,"icon":"http://maps.google.com/mapfiles/kml/shapes/airports.png","timestamp":"2026-05-21T13:55:36+00:00"}},{"type":"Feature","geometry":{"type":"Point","coordinates":[-9.134781,38.766098,0]},"properties":{"name":"2026-05-21 13:55:42 UTC","description":{"@type":"html","value":"<div><div><span><b>Altitude:</b></span> <span>0 ft</span></div>\n<div><span><b>Speed:</b></span> <span>9 kt</span></div>\n<div><span><b>Heading:</b></span> <span>343&deg;</span></div>\n</div>"},"icon-heading":343,"icon":"http://maps.google.com/mapfiles/kml/shapes/airports.png","timestamp":"2026-05-21T13:55:42+00:00"}},{"type":"Feature","geometry":{"type":"Point","coordinates":[-9.134818,38.766312,0]},"properties":{"name":"2026-05-21 13:55:48 UTC","description":{"@type":"html","value":"<div><div><span><b>Altitude:</b></span> <span>0 ft</span></div>\n<div><span><b>Speed:</b></span> <span>9 kt</span></div>\n<div><span><b>Heading:</b></span> <span>357&deg;</span></div>\n</div>"},"icon-heading":357,"icon":"http://maps.google.com/mapfiles/kml/shapes/airports.png","timestamp":"2026-05-21T13:55:48+00:00"}},{"type":"Feature","geometry":{"type":"Point","coordinates":[-9.134684,38.766518,0]},"properties":{"name":"2026-05-21 13:55:54 UTC","description":{"@type":"html","value":"<div><div><span><b>Altitude:</b></span> <span>0 ft</span></div>\n<div><span><b>Speed:</b></span> <span>8 kt</span></div>\n<div><span><b>Heading:</b></span> <span>28&deg;</span></div>\n</div>"},"icon-heading":28,"icon":"http://maps.google.com/mapfiles/kml/shapes/airports.png","timestamp":"2026-05-21T13:55:54+00:00"}},{"type":"Feature","geometry":{"type":"Point","coordinates":[-9.134475,38.766735,0]},"properties":{"name":"2026-05-21 13:56:01 UTC","description":{"@type":"html","value":"<div><div><span><b>Altitude:</b></span> <span>0 ft</span></div>\n<div><span><b>Speed:</b></span> <span>9 kt</span></div>\n<div><span><b>Heading:</b></span> <span>33&deg;</span></div>\n</div>"},"icon-heading":33,"icon":"http://maps.google.com/mapfiles/kml/shapes/airports.png","timestamp":"2026-05-21T13:56:01+00:00"}},{"type":"Feature","geometry":{"type":"Point","coordinates":[-9.134311,38.766941,0]},"properties":{"name":"2026-05-21 13:56:05 UTC","description":{"@type":"html","value":"<div><div><span><b>Altitude:</b></span> <span>0 ft</span></div>\n<div><span><b>Speed:</b></span> <span>13 kt</span></div>\n<div><span><b>Heading:</b></span> <span>33&deg;</span></div>\n</div>"},"icon-heading":33,"icon":"http://maps.google.com/mapfiles/kml/shapes/airports.png","timestamp":"2026-05-21T13:56:05+00:00"}},{"type":"Feature","geometry":{"type":"Point","coordinates":[-9.134117,38.76717,0]},"properties":{"name":"2026-05-21 13:56:09 UTC","description":{"@type":"html","value":"<div><div><span><b>Altitude:</b></span> <span>0 ft</span></div>\n<div><span><b>Speed:</b></span> <span>16 kt</span></div>\n<div><span><b>Heading:</b></span> <span>33&deg;</span></div>\n</div>"},"icon-heading":33,"icon":"http://maps.google.com/mapfiles/kml/shapes/airports.png","timestamp":"2026-05-21T13:56:09+00:00"}},{"type":"Feature","geometry":{"type":"Point","coordinates":[-9.133863,38.767376,0]},"properties":{"name":"2026-05-21 13:56:12 UTC","description":{"@type":"html","value":"<div><div><span><b>Altitude:</b></span> <span>0 ft</span></div>\n<div><span><b>Speed:</b></span> <span>18 kt</span></div>\n<div><span><b>Heading:</b></span> <span>47&deg;</span></div>\n</div>"},"icon-heading":47,"icon":"http://maps.google.com/mapfiles/kml/shapes/airports.png","timestamp":"2026-05-21T13:56:12+00:00"}},{"type":"Feature","geometry":{"type":"Point","coordinates":[-9.133621,38.767483,0]},"properties":{"name":"2026-05-21 13:56:15 UTC","description":{"@type":"html","value":"<div><div><span><b>Altitude:</b></span> <span>0 ft</span></div>\n<div><span><b>Speed:</b></span> <span>19 kt</span></div>\n<div><span><b>Heading:</b></span> <span>61&deg;</span></div>\n</div>"},"icon-heading":61,"icon":"http://maps.google.com/mapfiles/kml/shapes/airports.png","timestamp":"2026-05-21T13:56:15+00:00"}},{"type":"Feature","geometry":{"type":"Point","coordinates":[-9.133392,38.76754,0]},"properties":{"name":"2026-05-21 13:56:17 UTC","description":{"@type":"html","value":"<div><div><span><b>Altitude:</b></span> <span>0 ft</span></div>\n<div><span><b>Speed:</b></span> <span>19 kt</span></div>\n<div><span><b>Heading:</b></span> <span>73&deg;</span></div>\n</div>"},"icon-heading":73,"icon":"http://maps.google.com/mapfiles/kml/shapes/airports.png","timestamp":"2026-05-21T13:56:17+00:00"}},{"type":"Feature","geometry":{"type":"Point","coordinates":[-9.133057,38.767586,0]},"properties":{"name":"2026-05-21 13:56:19 UTC","description":{"@type":"html","value":"<div><div><span><b>Altitude:</b></span> <span>0 ft</span></div>\n<div><span><b>Speed:</b></span> <span>19 kt</span></div>\n<div><span><b>Heading:</b></span> <span>78&deg;</span></div>\n</div>"},"icon-heading":78,"icon":"http://maps.google.com/mapfiles/kml/shapes/airports.png","timestamp":"2026-05-21T13:56:19+00:00"}},{"type":"Feature","geometry":{"type":"Point","coordinates":[-9.132828,38.767632,0]},"properties":{"name":"2026-05-21 13:56:22 UTC","description":{"@type":"html","value":"<div><div><span><b>Altitude:</b></span> <span>0 ft</span></div>\n<div><span><b>Speed:</b></span> <span>20 kt</span></div>\n<div><span><b>Heading:</b></span> <span>73&deg;</span></div>\n</div>"},"icon-heading":73,"icon":"http://maps.google.com/mapfiles/kml/shapes/airports.png","timestamp":"2026-05-21T13:56:22+00:00"}},{"type":"Feature","geometry":{"type":"Point","coordinates":[-9.132523,38.767796,0]},"properties":{"name":"2026-05-21 13:56:25 UTC","description":{"@type":"html","value":"<div><div><span><b>Altitude:</b></span> <span>0 ft</span></div>\n<div><span><b>Speed:</b></span> <span>19 kt</span></div>\n<div><span><b>Heading:</b></span> <span>47&deg;</span></div>\n</div>"},"icon-heading":47,"icon":"http://maps.google.com/mapfiles/kml/shapes/airports.png","timestamp":"2026-05-21T13:56:25+00:00"}},{"type":"Feature","geometry":{"type":"Point","coordinates":[-9.132401,38.768028,0]},"properties":{"name":"2026-05-21 13:56:28 UTC","description":{"@type":"html","value":"<div><div><span><b>Altitude:</b></span> <span>0 ft</span></div>\n<div><span><b>Speed:</b></span> <span>19 kt</span></div>\n<div><span><b>Heading:</b></span> <span>19&deg;</span></div>\n</div>"},"icon-heading":19,"icon":"http://maps.google.com/mapfiles/kml/shapes/airports.png","timestamp":"2026-05-21T13:56:28+00:00"}},{"type":"Feature","geometry":{"type":"Point","coordinates":[-9.132445,38.76836,0]},"properties":{"name":"2026-05-21 13:56:31 UTC","description":{"@type":"html","value":"<div><div><span><b>Altitude:</b></span> <span>0 ft</span></div>\n<div><span><b>Speed:</b></span> <span>18 kt</span></div>\n<div><span><b>Heading:</b></span> <span>345&deg;</span></div>\n</div>"},"icon-heading":345,"icon":"http://maps.google.com/mapfiles/kml/shapes/airports.png","timestamp":"2026-05-21T13:56:31+00:00"}},{"type":"Feature","geometry":{"type":"Point","coordinates":[-9.132535,38.768623,0]},"properties":{"name":"2026-05-21 13:56:34 UTC","description":{"@type":"html","value":"<div><div><span><b>Altitude:</b></span> <span>0 ft</span></div>\n<div><span><b>Speed:</b></span> <span>18 kt</span></div>\n<div><span><b>Heading:</b></span> <span>345&deg;</span></div>\n</div>"},"icon-heading":345,"icon":"http://maps.google.com/mapfiles/kml/shapes/airports.png","timestamp":"2026-05-21T13:56:34+00:00"}},{"type":"Feature","geometry":{"type":"Point","coordinates":[-9.132624,38.768944,0]},"properties":{"name":"2026-05-21 13:56:38 UTC","description":{"@type":"html","value":"<div><div><span><b>Altitude:</b></span> <span>0 ft</span></div>\n<div><span><b>Speed:</b></span> <span>19 kt</span></div>\n<div><span><b>Heading:</b></span> <span>348&deg;</span></div>\n</div>"},"icon-heading":348,"icon":"http://maps.google.com/mapfiles/kml/shapes/airports.png","timestamp":"2026-05-21T13:56:38+00:00"}},{"type":"Feature","geometry":{"type":"Point","coordinates":[-9.13269,38.769203,0]},"properties":{"name":"2026-05-21 13:56:41 UTC","description":{"@type":"html","value":"<div><div><span><b>Altitude:</b></span> <span>0 ft</span></div>\n<div><span><b>Speed:</b></span> <span>20 kt</span></div>\n<div><span><b>Heading:</b></span> <span>348&deg;</span></div>\n</div>"},"icon-heading":348,"icon":"http://maps.google.com/mapfiles/kml/shapes/airports.png","timestamp":"2026-05-21T13:56:41+00:00"}},{"type":"Feature","geometry":{"type":"Point","coordinates":[-9.132751,38.769424,0]},"properties":{"name":"2026-05-21 13:56:43 UTC","description":{"@type":"html","value":"<div><div><span><b>Altitude:</b></span> <span>0 ft</span></div>\n<div><span><b>Speed:</b></span> <span>20 kt</span></div>\n<div><span><b>Heading:</b></span> <span>348&deg;</span></div>\n</div>"},"icon-heading":348,"icon":"http://maps.google.com/mapfiles/kml/shapes/airports.png","timestamp":"2026-05-21T13:56:43+00:00"}},{"type":"Feature","geometry":{"type":"Point","coordinates":[-9.132813,38.769646,0]},"properties":{"name":"2026-05-21 13:56:46 UTC","description":{"@type":"html","value":"<div><div><span><b>Altitude:</b></span> <span>0 ft</span></div>\n<div><span><b>Speed:</b></span> <span>21 kt</span></div>\n<div><span><b>Heading:</b></span> <span>348&deg;</span></div>\n</div>"},"icon-heading":348,"icon":"http://maps.google.com/mapfiles/kml/shapes/airports.png","timestamp":"2026-05-21T13:56:46+00:00"}},{"type":"Feature","geometry":{"type":"Point","coordinates":[-9.132982,38.770271,0]},"properties":{"name":"2026-05-21 13:56:53 UTC","description":{"@type":"html","value":"<div><div><span><b>Altitude:</b></span> <span>0 ft</span></div>\n<div><span><b>Speed:</b></span> <span>22 kt</span></div>\n<div><span><b>Heading:</b></span> <span>348&deg;</span></div>\n</div>"},"icon-heading":348,"icon":"http://maps.google.com/mapfiles/kml/shapes/airports.png","timestamp":"2026-05-21T13:56:53+00:00"}},{"type":"Feature","geometry":{"type":"Point","coordinates":[-9.133194,38.771088,0]},"properties":{"name":"2026-05-21 13:57:00 UTC","description":{"@type":"html","value":"<div><div><span><b>Altitude:</b></span> <span>0 ft</span></div>\n<div><span><b>Speed:</b></span> <span>24 kt</span></div>\n<div><span><b>Heading:</b></span> <span>348&deg;</span></div>\n</div>"},"icon-heading":348,"icon":"http://maps.google.com/mapfiles/kml/shapes/airports.png","timestamp":"2026-05-21T13:57:00+00:00"}},{"type":"Feature","geometry":{"type":"Point","coordinates":[-9.1334,38.771873,0]},"properties":{"name":"2026-05-21 13:57:07 UTC","description":{"@type":"html","value":"<div><div><span><b>Altitude:</b></span> <span>0 ft</span></div>\n<div><span><b>Speed:</b></span> <span>25 kt</span></div>\n<div><span><b>Heading:</b></span> <span>348&deg;</span></div>\n</div>"},"icon-heading":348,"icon":"http://maps.google.com/mapfiles/kml/shapes/airports.png","timestamp":"2026-05-21T13:57:07+00:00"}},{"type":"Feature","geometry":{"type":"Point","coordinates":[-9.133652,38.772778,0]},"properties":{"name":"2026-05-21 13:57:14 UTC","description":{"@type":"html","value":"<div><div><span><b>Altitude:</b></span> <span>0 ft</span></div>\n<div><span><b>Speed:</b></span> <span>26 kt</span></div>\n<div><span><b>Heading:</b></span> <span>348&deg;</span></div>\n</div>"},"icon-heading":348,"icon":"http://maps.google.com/mapfiles/kml/shapes/airports.png","timestamp":"2026-05-21T13:57:14+00:00"}},{"type":"Feature","geometry":{"type":"Point","coordinates":[-9.133952,38.773933,0]},"properties":{"name":"2026-05-21 13:57:24 UTC","description":{"@type":"html","value":"<div><div><span><b>Altitude:</b></span> <span>0 ft</span></div>\n<div><span><b>Speed:</b></span> <span>26 kt</span></div>\n<div><span><b>Heading:</b></span> <span>348&deg;</span></div>\n</div>"},"icon-heading":348,"icon":"http://maps.google.com/mapfiles/kml/shapes/airports.png","timestamp":"2026-05-21T13:57:24+00:00"}},{"type":"Feature","geometry":{"type":"Point","coordinates":[-9.134155,38.774696,0]},"properties":{"name":"2026-05-21 13:57:29 UTC","description":{"@type":"html","value":"<div><div><span><b>Altitude:</b></span> <span>0 ft</span></div>\n<div><span><b>Speed:</b></span> <span>27 kt</span></div>\n<div><span><b>Heading:</b></span> <span>348&deg;</span></div>\n</div>"},"icon-heading":348,"icon":"http://maps.google.com/mapfiles/kml/shapes/airports.png","timestamp":"2026-05-21T13:57:29+00:00"}},{"type":"Feature","geometry":{"type":"Point","coordinates":[-9.134221,38.774929,0]},"properties":{"name":"2026-05-21 13:57:31 UTC","description":{"@type":"html","value":"<div><div><span><b>Altitude:</b></span> <span>0 ft</span></div>\n<div><span><b>Speed:</b></span> <span>27 kt</span></div>\n<div><span><b>Heading:</b></span> <span>348&deg;</span></div>\n</div>"},"icon-heading":348,"icon":"http://maps.google.com/mapfiles/kml/shapes/airports.png","timestamp":"2026-05-21T13:57:31+00:00"}},{"type":"Feature","geometry":{"type":"Point","coordinates":[-9.134308,38.775223,0]},"properties":{"name":"2026-05-21 13:57:34 UTC","description":{"@type":"html","value":"<div><div><span><b>Altitude:</b></span> <span>0 ft</span></div>\n<div><span><b>Speed:</b></span> <span>27 kt</span></div>\n<div><span><b>Heading:</b></span> <span>348&deg;</span></div>\n</div>"},"icon-heading":348,"icon":"http://maps.google.com/mapfiles/kml/shapes/airports.png","timestamp":"2026-05-21T13:57:34+00:00"}},{"type":"Feature","geometry":{"type":"Point","coordinates":[-9.134384,38.775558,0]},"properties":{"name":"2026-05-21 13:57:36 UTC","description":{"@type":"html","value":"<div><div><span><b>Altitude:</b></span> <span>0 ft</span></div>\n<div><span><b>Speed:</b></span> <span>26 kt</span></div>\n<div><span><b>Heading:</b></span> <span>348&deg;</span></div>\n</div>"},"icon-heading":348,"icon":"http://maps.google.com/mapfiles/kml/shapes/airports.png","timestamp":"2026-05-21T13:57:36+00:00"}},{"type":"Feature","geometry":{"type":"Point","coordinates":[-9.13446,38.775791,0]},"properties":{"name":"2026-05-21 13:57:39 UTC","description":{"@type":"html","value":"<div><div><span><b>Altitude:</b></span> <span>0 ft</span></div>\n<div><span><b>Speed:</b></span> <span>26 kt</span></div>\n<div><span><b>Heading:</b></span> <span>348&deg;</span></div>\n</div>"},"icon-heading":348,"icon":"http://maps.google.com/mapfiles/kml/shapes/airports.png","timestamp":"2026-05-21T13:57:39+00:00"}},{"type":"Feature","geometry":{"type":"Point","coordinates":[-9.134552,38.776104,0]},"properties":{"name":"2026-05-21 13:57:41 UTC","description":{"@type":"html","value":"<div><div><span><b>Altitude:</b></span> <span>0 ft</span></div>\n<div><span><b>Speed:</b></span> <span>26 kt</span></div>\n<div><span><b>Heading:</b></span> <span>345&deg;</span></div>\n</div>"},"icon-heading":345,"icon":"http://maps.google.com/mapfiles/kml/shapes/airports.png","timestamp":"2026-05-21T13:57:41+00:00"}},{"type":"Feature","geometry":{"type":"Point","coordinates":[-9.134654,38.776485,0]},"properties":{"name":"2026-05-21 13:57:44 UTC","description":{"@type":"html","value":"<div><div><span><b>Altitude:</b></span> <span>0 ft</span></div>\n<div><span><b>Speed:</b></span> <span>25 kt</span></div>\n<div><span><b>Heading:</b></span> <span>348&deg;</span></div>\n</div>"},"icon-heading":348,"icon":"http://maps.google.com/mapfiles/kml/shapes/airports.png","timestamp":"2026-05-21T13:57:44+00:00"}},{"type":"Feature","geometry":{"type":"Point","coordinates":[-9.134705,38.776722,0]},"properties":{"name":"2026-05-21 13:57:47 UTC","description":{"@type":"html","value":"<div><div><span><b>Altitude:</b></span> <span>0 ft</span></div>\n<div><span><b>Speed:</b></span> <span>25 kt</span></div>\n<div><span><b>Heading:</b></span> <span>348&deg;</span></div>\n</div>"},"icon-heading":348,"icon":"http://maps.google.com/mapfiles/kml/shapes/airports.png","timestamp":"2026-05-21T13:57:47+00:00"}},{"type":"Feature","geometry":{"type":"Point","coordinates":[-9.134796,38.777035,0]},"properties":{"name":"2026-05-21 13:57:49 UTC","description":{"@type":"html","value":"<div><div><span><b>Altitude:</b></span> <span>0 ft</span></div>\n<div><span><b>Speed:</b></span> <span>25 kt</span></div>\n<div><span><b>Heading:</b></span> <span>348&deg;</span></div>\n</div>"},"icon-heading":348,"icon":"http://maps.google.com/mapfiles/kml/shapes/airports.png","timestamp":"2026-05-21T13:57:49+00:00"}},{"type":"Feature","geometry":{"type":"Point","coordinates":[-9.134872,38.777317,0]},"properties":{"name":"2026-05-21 13:57:51 UTC","description":{"@type":"html","value":"<div><div><span><b>Altitude:</b></span> <span>0 ft</span></div>\n<div><span><b>Speed:</b></span> <span>24 kt</span></div>\n<div><span><b>Heading:</b></span> <span>348&deg;</span></div>\n</div>"},"icon-heading":348,"icon":"http://maps.google.com/mapfiles/kml/shapes/airports.png","timestamp":"2026-05-21T13:57:51+00:00"}},{"type":"Feature","geometry":{"type":"Point","coordinates":[-9.134938,38.77755,0]},"properties":{"name":"2026-05-21 13:57:54 UTC","description":{"@type":"html","value":"<div><div><span><b>Altitude:</b></span> <span>0 ft</span></div>\n<div><span><b>Speed:</b></span> <span>24 kt</span></div>\n<div><span><b>Heading:</b></span> <span>348&deg;</span></div>\n</div>"},"icon-heading":348,"icon":"http://maps.google.com/mapfiles/kml/shapes/airports.png","timestamp":"2026-05-21T13:57:54+00:00"}},{"type":"Feature","geometry":{"type":"Point","coordinates":[-9.134995,38.777782,0]},"properties":{"name":"2026-05-21 13:57:56 UTC","description":{"@type":"html","value":"<div><div><span><b>Altitude:</b></span> <span>0 ft</span></div>\n<div><span><b>Speed:</b></span> <span>24 kt</span></div>\n<div><span><b>Heading:</b></span> <span>348&deg;</span></div>\n</div>"},"icon-heading":348,"icon":"http://maps.google.com/mapfiles/kml/shapes/airports.png","timestamp":"2026-05-21T13:57:56+00:00"}},{"type":"Feature","geometry":{"type":"Point","coordinates":[-9.135117,38.778385,0]},"properties":{"name":"2026-05-21 13:58:01 UTC","description":{"@type":"html","value":"<div><div><span><b>Altitude:</b></span> <span>0 ft</span></div>\n<div><span><b>Speed:</b></span> <span>23 kt</span></div>\n<div><span><b>Heading:</b></span> <span>357&deg;</span></div>\n</div>"},"icon-heading":357,"icon":"http://maps.google.com/mapfiles/kml/shapes/airports.png","timestamp":"2026-05-21T13:58:01+00:00"}},{"type":"Feature","geometry":{"type":"Point","coordinates":[-9.135072,38.778648,0]},"properties":{"name":"2026-05-21 13:58:04 UTC","description":{"@type":"html","value":"<div><div><span><b>Altitude:</b></span> <span>0 ft</span></div>\n<div><span><b>Speed:</b></span> <span>23 kt</span></div>\n<div><span><b>Heading:</b></span> <span>11&deg;</span></div>\n</div>"},"icon-heading":11,"icon":"http://maps.google.com/mapfiles/kml/shapes/airports.png","timestamp":"2026-05-21T13:58:04+00:00"}},{"type":"Feature","geometry":{"type":"Point","coordinates":[-9.134979,38.778851,0]},"properties":{"name":"2026-05-21 13:58:06 UTC","description":{"@type":"html","value":"<div><div><span><b>Altitude:</b></span> <span>0 ft</span></div>\n<div><span><b>Speed:</b></span> <span>23 kt</span></div>\n<div><span><b>Heading:</b></span> <span>22&deg;</span></div>\n</div>"},"icon-heading":22,"icon":"http://maps.google.com/mapfiles/kml/shapes/airports.png","timestamp":"2026-05-21T13:58:06+00:00"}},{"type":"Feature","geometry":{"type":"Point","coordinates":[-9.134857,38.77906,0]},"properties":{"name":"2026-05-21 13:58:09 UTC","description":{"@type":"html","value":"<div><div><span><b>Altitude:</b></span> <span>0 ft</span></div>\n<div><span><b>Speed:</b></span> <span>23 kt</span></div>\n<div><span><b>Heading:</b></span> <span>22&deg;</span></div>\n</div>"},"icon-heading":22,"icon":"http://maps.google.com/mapfiles/kml/shapes/airports.png","timestamp":"2026-05-21T13:58:09+00:00"}},{"type":"Feature","geometry":{"type":"Point","coordinates":[-9.134728,38.779301,0]},"properties":{"name":"2026-05-21 13:58:10 UTC","description":{"@type":"html","value":"<div><div><span><b>Altitude:</b></span> <span>0 ft</span></div>\n<div><span><b>Speed:</b></span> <span>23 kt</span></div>\n<div><span><b>Heading:</b></span> <span>22&deg;</span></div>\n</div>"},"icon-heading":22,"icon":"http://maps.google.com/mapfiles/kml/shapes/airports.png","timestamp":"2026-05-21T13:58:10+00:00"}},{"type":"Feature","geometry":{"type":"Point","coordinates":[-9.134567,38.779621,0]},"properties":{"name":"2026-05-21 13:58:14 UTC","description":{"@type":"html","value":"<div><div><span><b>Altitude:</b></span> <span>0 ft</span></div>\n<div><span><b>Speed:</b></span> <span>23 kt</span></div>\n<div><span><b>Heading:</b></span> <span>22&deg;</span></div>\n</div>"},"icon-heading":22,"icon":"http://maps.google.com/mapfiles/kml/shapes/airports.png","timestamp":"2026-05-21T13:58:14+00:00"}},{"type":"Feature","geometry":{"type":"Point","coordinates":[-9.134416,38.779907,0]},"properties":{"name":"2026-05-21 13:58:16 UTC","description":{"@type":"html","value":"<div><div><span><b>Altitude:</b></span> <span>0 ft</span></div>\n<div><span><b>Speed:</b></span> <span>23 kt</span></div>\n<div><span><b>Heading:</b></span> <span>22&deg;</span></div>\n</div>"},"icon-heading":22,"icon":"http://maps.google.com/mapfiles/kml/shapes/airports.png","timestamp":"2026-05-21T13:58:16+00:00"}},{"type":"Feature","geometry":{"type":"Point","coordinates":[-9.134262,38.780178,0]},"properties":{"name":"2026-05-21 13:58:19 UTC","description":{"@type":"html","value":"<div><div><span><b>Altitude:</b></span> <span>0 ft</span></div>\n<div><span><b>Speed:</b></span> <span>23 kt</span></div>\n<div><span><b>Heading:</b></span> <span>22&deg;</span></div>\n</div>"},"icon-heading":22,"icon":"http://maps.google.com/mapfiles/kml/shapes/airports.png","timestamp":"2026-05-21T13:58:19+00:00"}},{"type":"Feature","geometry":{"type":"Point","coordinates":[-9.134147,38.780388,0]},"properties":{"name":"2026-05-21 13:58:21 UTC","description":{"@type":"html","value":"<div><div><span><b>Altitude:</b></span> <span>0 ft</span></div>\n<div><span><b>Speed:</b></span> <span>20 kt</span></div>\n<div><span><b>Heading:</b></span> <span>22&deg;</span></div>\n</div>"},"icon-heading":22,"icon":"http://maps.google.com/mapfiles/kml/shapes/airports.png","timestamp":"2026-05-21T13:58:21+00:00"}},{"type":"Feature","geometry":{"type":"Point","coordinates":[-9.133987,38.780701,0]},"properties":{"name":"2026-05-21 13:58:26 UTC","description":{"@type":"html","value":"<div><div><span><b>Altitude:</b></span> <span>0 ft</span></div>\n<div><span><b>Speed:</b></span> <span>16 kt</span></div>\n<div><span><b>Heading:</b></span> <span>22&deg;</span></div>\n</div>"},"icon-heading":22,"icon":"http://maps.google.com/mapfiles/kml/shapes/airports.png","timestamp":"2026-05-21T13:58:26+00:00"}},{"type":"Feature","geometry":{"type":"Point","coordinates":[-9.13385,38.78096,0]},"properties":{"name":"2026-05-21 13:58:29 UTC","description":{"@type":"html","value":"<div><div><span><b>Altitude:</b></span> <span>0 ft</span></div>\n<div><span><b>Speed:</b></span> <span>15 kt</span></div>\n<div><span><b>Heading:</b></span> <span>22&deg;</span></div>\n</div>"},"icon-heading":22,"icon":"http://maps.google.com/mapfiles/kml/shapes/airports.png","timestamp":"2026-05-21T13:58:29+00:00"}},{"type":"Feature","geometry":{"type":"Point","coordinates":[-9.133609,38.781406,0]},"properties":{"name":"2026-05-21 13:58:37 UTC","description":{"@type":"html","value":"<div><div><span><b>Altitude:</b></span> <span>0 ft</span></div>\n<div><span><b>Speed:</b></span> <span>15 kt</span></div>\n<div><span><b>Heading:</b></span> <span>22&deg;</span></div>\n</div>"},"icon-heading":22,"icon":"http://maps.google.com/mapfiles/kml/shapes/airports.png","timestamp":"2026-05-21T13:58:37+00:00"}},{"type":"Feature","geometry":{"type":"Point","coordinates":[-9.133331,38.781937,0]},"properties":{"name":"2026-05-21 13:58:44 UTC","description":{"@type":"html","value":"<div><div><span><b>Altitude:</b></span> <span>0 ft</span></div>\n<div><span><b>Speed:</b></span> <span>16 kt</span></div>\n<div><span><b>Heading:</b></span> <span>22&deg;</span></div>\n</div>"},"icon-heading":22,"icon":"http://maps.google.com/mapfiles/kml/shapes/airports.png","timestamp":"2026-05-21T13:58:44+00:00"}},{"type":"Feature","geometry":{"type":"Point","coordinates":[-9.133133,38.782307,0]},"properties":{"name":"2026-05-21 13:58:51 UTC","description":{"@type":"html","value":"<div><div><span><b>Altitude:</b></span> <span>0 ft</span></div>\n<div><span><b>Speed:</b></span> <span>11 kt</span></div>\n<div><span><b>Heading:</b></span> <span>22&deg;</span></div>\n</div>"},"icon-heading":22,"icon":"http://maps.google.com/mapfiles/kml/shapes/airports.png","timestamp":"2026-05-21T13:58:51+00:00"}},{"type":"Feature","geometry":{"type":"Point","coordinates":[-9.132878,38.78278,0]},"properties":{"name":"2026-05-21 13:59:01 UTC","description":{"@type":"html","value":"<div><div><span><b>Altitude:</b></span> <span>0 ft</span></div>\n<div><span><b>Speed:</b></span> <span>11 kt</span></div>\n<div><span><b>Heading:</b></span> <span>22&deg;</span></div>\n</div>"},"icon-heading":22,"icon":"http://maps.google.com/mapfiles/kml/shapes/airports.png","timestamp":"2026-05-21T13:59:01+00:00"}},{"type":"Feature","geometry":{"type":"Point","coordinates":[-9.13269,38.783134,0]},"properties":{"name":"2026-05-21 13:59:08 UTC","description":{"@type":"html","value":"<div><div><span><b>Altitude:</b></span> <span>0 ft</span></div>\n<div><span><b>Speed:</b></span> <span>10 kt</span></div>\n<div><span><b>Heading:</b></span> <span>22&deg;</span></div>\n</div>"},"icon-heading":22,"icon":"http://maps.google.com/mapfiles/kml/shapes/airports.png","timestamp":"2026-05-21T13:59:08+00:00"}},{"type":"Feature","geometry":{"type":"Point","coordinates":[-9.132504,38.783489,0]},"properties":{"name":"2026-05-21 13:59:16 UTC","description":{"@type":"html","value":"<div><div><span><b>Altitude:</b></span> <span>0 ft</span></div>\n<div><span><b>Speed:</b></span> <span>11 kt</span></div>\n<div><span><b>Heading:</b></span> <span>22&deg;</span></div>\n</div>"},"icon-heading":22,"icon":"http://maps.google.com/mapfiles/kml/shapes/airports.png","timestamp":"2026-05-21T13:59:16+00:00"}},{"type":"Feature","geometry":{"type":"Point","coordinates":[-9.13234,38.783798,0]},"properties":{"name":"2026-05-21 13:59:22 UTC","description":{"@type":"html","value":"<div><div><span><b>Altitude:</b></span> <span>0 ft</span></div>\n<div><span><b>Speed:</b></span> <span>10 kt</span></div>\n<div><span><b>Heading:</b></span> <span>22&deg;</span></div>\n</div>"},"icon-heading":22,"icon":"http://maps.google.com/mapfiles/kml/shapes/airports.png","timestamp":"2026-05-21T13:59:22+00:00"}},{"type":"Feature","geometry":{"type":"Point","coordinates":[-9.132248,38.784019,0]},"properties":{"name":"2026-05-21 13:59:29 UTC","description":{"@type":"html","value":"<div><div><span><b>Altitude:</b></span> <span>0 ft</span></div>\n<div><span><b>Speed:</b></span> <span>8 kt</span></div>\n<div><span><b>Heading:</b></span> <span>16&deg;</span></div>\n</div>"},"icon-heading":16,"icon":"http://maps.google.com/mapfiles/kml/shapes/airports.png","timestamp":"2026-05-21T13:59:29+00:00"}},{"type":"Feature","geometry":{"type":"Point","coordinates":[-9.132192,38.784233,0]},"properties":{"name":"2026-05-21 13:59:35 UTC","description":{"@type":"html","value":"<div><div><span><b>Altitude:</b></span> <span>0 ft</span></div>\n<div><span><b>Speed:</b></span> <span>5 kt</span></div>\n<div><span><b>Heading:</b></span> <span>11&deg;</span></div>\n</div>"},"icon-heading":11,"icon":"http://maps.google.com/mapfiles/kml/shapes/airports.png","timestamp":"2026-05-21T13:59:35+00:00"}},{"type":"Feature","geometry":{"type":"Point","coordinates":[-9.132202,38.784451,0]},"properties":{"name":"2026-05-21 14:01:41 UTC","description":{"@type":"html","value":"<div><div><span><b>Altitude:</b></span> <span>0 ft</span></div>\n<div><span><b>Speed:</b></span> <span>4 kt</span></div>\n<div><span><b>Heading:</b></span> <span>357&deg;</span></div>\n</div>"},"icon-heading":357,"icon":"http://maps.google.com/mapfiles/kml/shapes/airports.png","timestamp":"2026-05-21T14:01:41+00:00"}},{"type":"Feature","geometry":{"type":"Point","coordinates":[-9.132251,38.784657,0]},"properties":{"name":"2026-05-21 14:01:49 UTC","description":{"@type":"html","value":"<div><div><span><b>Altitude:</b></span> <span>0 ft</span></div>\n<div><span><b>Speed:</b></span> <span>6 kt</span></div>\n<div><span><b>Heading:</b></span> <span>351&deg;</span></div>\n</div>"},"icon-heading":351,"icon":"http://maps.google.com/mapfiles/kml/shapes/airports.png","timestamp":"2026-05-21T14:01:49+00:00"}},{"type":"Feature","geometry":{"type":"Point","coordinates":[-9.132294,38.78487,0]},"properties":{"name":"2026-05-21 14:01:56 UTC","description":{"@type":"html","value":"<div><div><span><b>Altitude:</b></span> <span>0 ft</span></div>\n<div><span><b>Speed:</b></span> <span>7 kt</span></div>\n<div><span><b>Heading:</b></span> <span>345&deg;</span></div>\n</div>"},"icon-heading":345,"icon":"http://maps.google.com/mapfiles/kml/shapes/airports.png","timestamp":"2026-05-21T14:01:56+00:00"}},{"type":"Feature","geometry":{"type":"Point","coordinates":[-9.132401,38.78508,0]},"properties":{"name":"2026-05-21 14:02:05 UTC","description":{"@type":"html","value":"<div><div><span><b>Altitude:</b></span> <span>0 ft</span></div>\n<div><span><b>Speed:</b></span> <span>4 kt</span></div>\n<div><span><b>Heading:</b></span> <span>337&deg;</span></div>\n</div>"},"icon-heading":337,"icon":"http://maps.google.com/mapfiles/kml/shapes/airports.png","timestamp":"2026-05-21T14:02:05+00:00"}},{"type":"Feature","geometry":{"type":"Point","coordinates":[-9.132614,38.785301,0]},"properties":{"name":"2026-05-21 14:04:51 UTC","description":{"@type":"html","value":"<div><div><span><b>Altitude:</b></span> <span>0 ft</span></div>\n<div><span><b>Speed:</b></span> <span>6 kt</span></div>\n<div><span><b>Heading:</b></span> <span>320&deg;</span></div>\n</div>"},"icon-heading":320,"icon":"http://maps.google.com/mapfiles/kml/shapes/airports.png","timestamp":"2026-05-21T14:04:51+00:00"}},{"type":"Feature","geometry":{"type":"Point","coordinates":[-9.132848,38.785412,0]},"properties":{"name":"2026-05-21 14:04:57 UTC","description":{"@type":"html","value":"<div><div><span><b>Altitude:</b></span> <span>0 ft</span></div>\n<div><span><b>Speed:</b></span> <span>8 kt</span></div>\n<div><span><b>Heading:</b></span> <span>300&deg;</span></div>\n</div>"},"icon-heading":300,"icon":"http://maps.google.com/mapfiles/kml/shapes/airports.png","timestamp":"2026-05-21T14:04:57+00:00"}},{"type":"Feature","geometry":{"type":"Point","coordinates":[-9.133072,38.785484,0]},"properties":{"name":"2026-05-21 14:05:03 UTC","description":{"@type":"html","value":"<div><div><span><b>Altitude:</b></span> <span>0 ft</span></div>\n<div><span><b>Speed:</b></span> <span>7 kt</span></div>\n<div><span><b>Heading:</b></span> <span>295&deg;</span></div>\n</div>"},"icon-heading":295,"icon":"http://maps.google.com/mapfiles/kml/shapes/airports.png","timestamp":"2026-05-21T14:05:03+00:00"}},{"type":"Feature","geometry":{"type":"Point","coordinates":[-9.133296,38.785561,0]},"properties":{"name":"2026-05-21 14:05:08 UTC","description":{"@type":"html","value":"<div><div><span><b>Altitude:</b></span> <span>0 ft</span></div>\n<div><span><b>Speed:</b></span> <span>7 kt</span></div>\n<div><span><b>Heading:</b></span> <span>292&deg;</span></div>\n</div>"},"icon-heading":292,"icon":"http://maps.google.com/mapfiles/kml/shapes/airports.png","timestamp":"2026-05-21T14:05:08+00:00"}},{"type":"Feature","geometry":{"type":"Point","coordinates":[-9.13353,38.785603,0]},"properties":{"name":"2026-05-21 14:05:15 UTC","description":{"@type":"html","value":"<div><div><span><b>Altitude:</b></span> <span>0 ft</span></div>\n<div><span><b>Speed:</b></span> <span>6 kt</span></div>\n<div><span><b>Heading:</b></span> <span>281&deg;</span></div>\n</div>"},"icon-heading":281,"icon":"http://maps.google.com/mapfiles/kml/shapes/airports.png","timestamp":"2026-05-21T14:05:15+00:00"}},{"type":"Feature","geometry":{"type":"Point","coordinates":[-9.133743,38.785503,0]},"properties":{"name":"2026-05-21 14:05:22 UTC","description":{"@type":"html","value":"<div><div><span><b>Altitude:</b></span> <span>0 ft</span></div>\n<div><span><b>Speed:</b></span> <span>5 kt</span></div>\n<div><span><b>Heading:</b></span> <span>239&deg;</span></div>\n</div>"},"icon-heading":239,"icon":"http://maps.google.com/mapfiles/kml/shapes/airports.png","timestamp":"2026-05-21T14:05:22+00:00"}},{"type":"Feature","geometry":{"type":"Point","coordinates":[-9.13385,38.785301,0]},"properties":{"name":"2026-05-21 14:05:32 UTC","description":{"@type":"html","value":"<div><div><span><b>Altitude:</b></span> <span>0 ft</span></div>\n<div><span><b>Speed:</b></span> <span>5 kt</span></div>\n<div><span><b>Heading:</b></span> <span>202&deg;</span></div>\n</div>"},"icon-heading":202,"icon":"http://maps.google.com/mapfiles/kml/shapes/airports.png","timestamp":"2026-05-21T14:05:32+00:00"}},{"type":"Feature","geometry":{"type":"Point","coordinates":[-9.133938,38.785091,0]},"properties":{"name":"2026-05-21 14:05:40 UTC","description":{"@type":"html","value":"<div><div><span><b>Altitude:</b></span> <span>0 ft</span></div>\n<div><span><b>Speed:</b></span> <span>7 kt</span></div>\n<div><span><b>Heading:</b></span> <span>199&deg;</span></div>\n</div>"},"icon-heading":199,"icon":"http://maps.google.com/mapfiles/kml/shapes/airports.png","timestamp":"2026-05-21T14:05:40+00:00"}},{"type":"Feature","geometry":{"type":"Point","coordinates":[-9.134057,38.784851,0]},"properties":{"name":"2026-05-21 14:05:45 UTC","description":{"@type":"html","value":"<div><div><span><b>Altitude:</b></span> <span>0 ft</span></div>\n<div><span><b>Speed:</b></span> <span>15 kt</span></div>\n<div><span><b>Heading:</b></span> <span>202&deg;</span></div>\n</div>"},"icon-heading":202,"icon":"http://maps.google.com/mapfiles/kml/shapes/airports.png","timestamp":"2026-05-21T14:05:45+00:00"}},{"type":"Feature","geometry":{"type":"Point","coordinates":[-9.134232,38.784531,0]},"properties":{"name":"2026-05-21 14:05:47 UTC","description":{"@type":"html","value":"<div><div><span><b>Altitude:</b></span> <span>0 ft</span></div>\n<div><span><b>Speed:</b></span> <span>30 kt</span></div>\n<div><span><b>Heading:</b></span> <span>202&deg;</span></div>\n</div>"},"icon-heading":202,"icon":"http://maps.google.com/mapfiles/kml/shapes/airports.png","timestamp":"2026-05-21T14:05:47+00:00"}},{"type":"Feature","geometry":{"type":"Point","coordinates":[-9.134399,38.784218,0]},"properties":{"name":"2026-05-21 14:05:49 UTC","description":{"@type":"html","value":"<div><div><span><b>Altitude:</b></span> <span>0 ft</span></div>\n<div><span><b>Speed:</b></span> <span>40 kt</span></div>\n<div><span><b>Heading:</b></span> <span>202&deg;</span></div>\n</div>"},"icon-heading":202,"icon":"http://maps.google.com/mapfiles/kml/shapes/airports.png","timestamp":"2026-05-21T14:05:49+00:00"}},{"type":"Feature","geometry":{"type":"Point","coordinates":[-9.13452,38.784004,0]},"properties":{"name":"2026-05-21 14:05:50 UTC","description":{"@type":"html","value":"<div><div><span><b>Altitude:</b></span> <span>0 ft</span></div>\n<div><span><b>Speed:</b></span> <span>45 kt</span></div>\n<div><span><b>Heading:</b></span> <span>202&deg;</span></div>\n</div>"},"icon-heading":202,"icon":"http://maps.google.com/mapfiles/kml/shapes/airports.png","timestamp":"2026-05-21T14:05:50+00:00"}},{"type":"Feature","geometry":{"type":"Point","coordinates":[-9.134684,38.783672,0]},"properties":{"name":"2026-05-21 14:05:52 UTC","description":{"@type":"html","value":"<div><div><span><b>Altitude:</b></span> <span>0 ft</span></div>\n<div><span><b>Speed:</b></span> <span>50 kt</span></div>\n<div><span><b>Heading:</b></span> <span>202&deg;</span></div>\n</div>"},"icon-heading":202,"icon":"http://maps.google.com/mapfiles/kml/shapes/airports.png","timestamp":"2026-05-21T14:05:52+00:00"}},{"type":"Feature","geometry":{"type":"Point","coordinates":[-9.134893,38.783306,0]},"properties":{"name":"2026-05-21 14:05:53 UTC","description":{"@type":"html","value":"<div><div><span><b>Altitude:</b></span> <span>0 ft</span></div>\n<div><span><b>Speed:</b></span> <span>60 kt</span></div>\n<div><span><b>Heading:</b></span> <span>202&deg;</span></div>\n</div>"},"icon-heading":202,"icon":"http://maps.google.com/mapfiles/kml/shapes/airports.png","timestamp":"2026-05-21T14:05:53+00:00"}},{"type":"Feature","geometry":{"type":"Point","coordinates":[-9.13504,38.78302,0]},"properties":{"name":"2026-05-21 14:05:54 UTC","description":{"@type":"html","value":"<div><div><span><b>Altitude:</b></span> <span>0 ft</span></div>\n<div><span><b>Speed:</b></span> <span>65 kt</span></div>\n<div><span><b>Heading:</b></span> <span>202&deg;</span></div>\n</div>"},"icon-heading":202,"icon":"http://maps.google.com/mapfiles/kml/shapes/airports.png","timestamp":"2026-05-21T14:05:54+00:00"}},{"type":"Feature","geometry":{"type":"Point","coordinates":[-9.135193,38.782726,0]},"properties":{"name":"2026-05-21 14:05:55 UTC","description":{"@type":"html","value":"<div><div><span><b>Altitude:</b></span> <span>0 ft</span></div>\n<div><span><b>Speed:</b></span> <span>69 kt</span></div>\n<div><span><b>Heading:</b></span> <span>202&deg;</span></div>\n</div>"},"icon-heading":202,"icon":"http://maps.google.com/mapfiles/kml/shapes/airports.png","timestamp":"2026-05-21T14:05:55+00:00"}},{"type":"Feature","geometry":{"type":"Point","coordinates":[-9.135361,38.782436,0]},"properties":{"name":"2026-05-21 14:05:57 UTC","description":{"@type":"html","value":"<div><div><span><b>Altitude:</b></span> <span>0 ft</span></div>\n<div><span><b>Speed:</b></span> <span>74 kt</span></div>\n<div><span><b>Heading:</b></span> <span>202&deg;</span></div>\n</div>"},"icon-heading":202,"icon":"http://maps.google.com/mapfiles/kml/shapes/airports.png","timestamp":"2026-05-21T14:05:57+00:00"}},{"type":"Feature","geometry":{"type":"Point","coordinates":[-9.135605,38.78196,0]},"properties":{"name":"2026-05-21 14:05:58 UTC","description":{"@type":"html","value":"<div><div><span><b>Altitude:</b></span> <span>0 ft</span></div>\n<div><span><b>Speed:</b></span> <span>78 kt</span></div>\n<div><span><b>Heading:</b></span> <span>202&deg;</span></div>\n</div>"},"icon-heading":202,"icon":"http://maps.google.com/mapfiles/kml/shapes/airports.png","timestamp":"2026-05-21T14:05:58+00:00"}},{"type":"Feature","geometry":{"type":"Point","coordinates":[-9.137341,38.778717,53.34]},"properties":{"name":"2026-05-21 14:06:05 UTC","description":{"@type":"html","value":"<div><div><span><b>Altitude:</b></span> <span>175 ft</span></div>\n<div><span><b>Speed:</b></span> <span>114 kt</span></div>\n<div><span><b>Heading:</b></span> <span>202&deg;</span></div>\n</div>"},"icon-heading":202,"icon":"http://maps.google.com/mapfiles/kml/shapes/airports.png","timestamp":"2026-05-21T14:06:05+00:00"}},{"type":"Feature","geometry":{"type":"Point","coordinates":[-9.139252,38.775146,53.34]},"properties":{"name":"2026-05-21 14:06:12 UTC","description":{"@type":"html","value":"<div><div><span><b>Altitude:</b></span> <span>175 ft</span></div>\n<div><span><b>Speed:</b></span> <span>138 kt</span></div>\n<div><span><b>Heading:</b></span> <span>202&deg;</span></div>\n</div>"},"icon-heading":202,"icon":"http://maps.google.com/mapfiles/kml/shapes/airports.png","timestamp":"2026-05-21T14:06:12+00:00"}},{"type":"Feature","geometry":{"type":"Point","coordinates":[-9.141879,38.770111,76.2]},"properties":{"name":"2026-05-21 14:06:19 UTC","description":{"@type":"html","value":"<div><div><span><b>Altitude:</b></span> <span>250 ft</span></div>\n<div><span><b>Speed:</b></span> <span>156 kt</span></div>\n<div><span><b>Heading:</b></span> <span>200&deg;</span></div>\n</div>"},"icon-heading":200,"icon":"http://maps.google.com/mapfiles/kml/shapes/airports.png","timestamp":"2026-05-21T14:06:19+00:00"}},{"type":"Feature","geometry":{"type":"Point","coordinates":[-9.144566,38.764481,152.4]},"properties":{"name":"2026-05-21 14:06:27 UTC","description":{"@type":"html","value":"<div><div><span><b>Altitude:</b></span> <span>500 ft</span></div>\n<div><span><b>Speed:</b></span> <span>158 kt</span></div>\n<div><span><b>Heading:</b></span> <span>200&deg;</span></div>\n</div>"},"icon-heading":200,"icon":"http://maps.google.com/mapfiles/kml/shapes/airports.png","timestamp":"2026-05-21T14:06:27+00:00"}},{"type":"Feature","geometry":{"type":"Point","coordinates":[-9.147278,38.758648,251.46]},"properties":{"name":"2026-05-21 14:06:36 UTC","description":{"@type":"html","value":"<div><div><span><b>Altitude:</b></span> <span>825 ft</span></div>\n<div><span><b>Speed:</b></span> <span>162 kt</span></div>\n<div><span><b>Heading:</b></span> <span>200&deg;</span></div>\n</div>"},"icon-heading":200,"icon":"http://maps.google.com/mapfiles/kml/shapes/airports.png","timestamp":"2026-05-21T14:06:36+00:00"}},{"type":"Feature","geometry":{"type":"Point","coordinates":[-9.150119,38.752579,365.76]},"properties":{"name":"2026-05-21 14:06:44 UTC","description":{"@type":"html","value":"<div><div><span><b>Altitude:</b></span> <span>1,200 ft</span></div>\n<div><span><b>Speed:</b></span> <span>165 kt</span></div>\n<div><span><b>Heading:</b></span> <span>200&deg;</span></div>\n</div>"},"icon-heading":200,"icon":"http://maps.google.com/mapfiles/kml/shapes/airports.png","timestamp":"2026-05-21T14:06:44+00:00"}},{"type":"Feature","geometry":{"type":"Point","coordinates":[-9.153076,38.746357,449.58]},"properties":{"name":"2026-05-21 14:06:53 UTC","description":{"@type":"html","value":"<div><div><span><b>Altitude:</b></span> <span>1,475 ft</span></div>\n<div><span><b>Speed:</b></span> <span>170 kt</span></div>\n<div><span><b>Heading:</b></span> <span>200&deg;</span></div>\n</div>"},"icon-heading":200,"icon":"http://maps.google.com/mapfiles/kml/shapes/airports.png","timestamp":"2026-05-21T14:06:53+00:00"}},{"type":"Feature","geometry":{"type":"Point","coordinates":[-9.15585,38.740723,518.16]},"properties":{"name":"2026-05-21 14:07:00 UTC","description":{"@type":"html","value":"<div><div><span><b>Altitude:</b></span> <span>1,700 ft</span></div>\n<div><span><b>Speed:</b></span> <span>176 kt</span></div>\n<div><span><b>Heading:</b></span> <span>201&deg;</span></div>\n</div>"},"icon-heading":201,"icon":"http://maps.google.com/mapfiles/kml/shapes/airports.png","timestamp":"2026-05-21T14:07:00+00:00"}},{"type":"Feature","geometry":{"type":"Point","coordinates":[-9.159241,38.734207,594.36]},"properties":{"name":"2026-05-21 14:07:09 UTC","description":{"@type":"html","value":"<div><div><span><b>Altitude:</b></span> <span>1,950 ft</span></div>\n<div><span><b>Speed:</b></span> <span>183 kt</span></div>\n<div><span><b>Heading:</b></span> <span>202&deg;</span></div>\n</div>"},"icon-heading":202,"icon":"http://maps.google.com/mapfiles/kml/shapes/airports.png","timestamp":"2026-05-21T14:07:09+00:00"}},{"type":"Feature","geometry":{"type":"Point","coordinates":[-9.162956,38.727127,655.32]},"properties":{"name":"2026-05-21 14:07:17 UTC","description":{"@type":"html","value":"<div><div><span><b>Altitude:</b></span> <span>2,150 ft</span></div>\n<div><span><b>Speed:</b></span> <span>194 kt</span></div>\n<div><span><b>Heading:</b></span> <span>202&deg;</span></div>\n</div>"},"icon-heading":202,"icon":"http://maps.google.com/mapfiles/kml/shapes/airports.png","timestamp":"2026-05-21T14:07:17+00:00"}},{"type":"Feature","geometry":{"type":"Point","coordinates":[-9.165822,38.721497,708.66]},"properties":{"name":"2026-05-21 14:07:24 UTC","description":{"@type":"html","value":"<div><div><span><b>Altitude:</b></span> <span>2,325 ft</span></div>\n<div><span><b>Speed:</b></span> <span>201 kt</span></div>\n<div><span><b>Heading:</b></span> <span>202&deg;</span></div>\n</div>"},"icon-heading":202,"icon":"http://maps.google.com/mapfiles/kml/shapes/airports.png","timestamp":"2026-05-21T14:07:24+00:00"}},{"type":"Feature","geometry":{"type":"Point","coordinates":[-9.168823,38.715775,754.38]},"properties":{"name":"2026-05-21 14:07:31 UTC","description":{"@type":"html","value":"<div><div><span><b>Altitude:</b></span> <span>2,475 ft</span></div>\n<div><span><b>Speed:</b></span> <span>209 kt</span></div>\n<div><span><b>Heading:</b></span> <span>202&deg;</span></div>\n</div>"},"icon-heading":202,"icon":"http://maps.google.com/mapfiles/kml/shapes/airports.png","timestamp":"2026-05-21T14:07:31+00:00"}},{"type":"Feature","geometry":{"type":"Point","coordinates":[-9.173047,38.707809,853.44]},"properties":{"name":"2026-05-21 14:07:39 UTC","description":{"@type":"html","value":"<div><div><span><b>Altitude:</b></span> <span>2,800 ft</span></div>\n<div><span><b>Speed:</b></span> <span>215 kt</span></div>\n<div><span><b>Heading:</b></span> <span>202&deg;</span></div>\n</div>"},"icon-heading":202,"icon":"http://maps.google.com/mapfiles/kml/shapes/airports.png","timestamp":"2026-05-21T14:07:39+00:00"}},{"type":"Feature","geometry":{"type":"Point","coordinates":[-9.177405,38.699936,990.6]},"properties":{"name":"2026-05-21 14:07:48 UTC","description":{"@type":"html","value":"<div><div><span><b>Altitude:</b></span> <span>3,250 ft</span></div>\n<div><span><b>Speed:</b></span> <span>214 kt</span></div>\n<div><span><b>Heading:</b></span> <span>203&deg;</span></div>\n</div>"},"icon-heading":203,"icon":"http://maps.google.com/mapfiles/kml/shapes/airports.png","timestamp":"2026-05-21T14:07:48+00:00"}},{"type":"Feature","geometry":{"type":"Point","coordinates":[-9.179256,38.696091,1066.8]},"properties":{"name":"2026-05-21 14:07:52 UTC","description":{"@type":"html","value":"<div><div><span><b>Altitude:</b></span> <span>3,500 ft</span></div>\n<div><span><b>Speed:</b></span> <span>211 kt</span></div>\n<div><span><b>Heading:</b></span> <span>197&deg;</span></div>\n</div>"},"icon-heading":197,"icon":"http://maps.google.com/mapfiles/kml/shapes/airports.png","timestamp":"2026-05-21T14:07:52+00:00"}},{"type":"Feature","geometry":{"type":"Point","coordinates":[-9.179853,38.694214,1104.9]},"properties":{"name":"2026-05-21 14:07:54 UTC","description":{"@type":"html","value":"<div><div><span><b>Altitude:</b></span> <span>3,625 ft</span></div>\n<div><span><b>Speed:</b></span> <span>210 kt</span></div>\n<div><span><b>Heading:</b></span> <span>193&deg;</span></div>\n</div>"},"icon-heading":193,"icon":"http://maps.google.com/mapfiles/kml/shapes/airports.png","timestamp":"2026-05-21T14:07:54+00:00"}},{"type":"Feature","geometry":{"type":"Point","coordinates":[-9.180331,38.6922,1143]},"properties":{"name":"2026-05-21 14:07:56 UTC","description":{"@type":"html","value":"<div><div><span><b>Altitude:</b></span> <span>3,750 ft</span></div>\n<div><span><b>Speed:</b></span> <span>208 kt</span></div>\n<div><span><b>Heading:</b></span> <span>188&deg;</span></div>\n</div>"},"icon-heading":188,"icon":"http://maps.google.com/mapfiles/kml/shapes/airports.png","timestamp":"2026-05-21T14:07:56+00:00"}},{"type":"Feature","geometry":{"type":"Point","coordinates":[-9.180603,38.689796,1188.72]},"properties":{"name":"2026-05-21 14:07:59 UTC","description":{"@type":"html","value":"<div><div><span><b>Altitude:</b></span> <span>3,900 ft</span></div>\n<div><span><b>Speed:</b></span> <span>208 kt</span></div>\n<div><span><b>Heading:</b></span> <span>184&deg;</span></div>\n</div>"},"icon-heading":184,"icon":"http://maps.google.com/mapfiles/kml/shapes/airports.png","timestamp":"2026-05-21T14:07:59+00:00"}},{"type":"Feature","geometry":{"type":"Point","coordinates":[-9.18057,38.687668,1219.2]},"properties":{"name":"2026-05-21 14:08:01 UTC","description":{"@type":"html","value":"<div><div><span><b>Altitude:</b></span> <span>4,000 ft</span></div>\n<div><span><b>Speed:</b></span> <span>210 kt</span></div>\n<div><span><b>Heading:</b></span> <span>179&deg;</span></div>\n</div>"},"icon-heading":179,"icon":"http://maps.google.com/mapfiles/kml/shapes/airports.png","timestamp":"2026-05-21T14:08:01+00:00"}},{"type":"Feature","geometry":{"type":"Point","coordinates":[-9.180271,38.685242,1257.3]},"properties":{"name":"2026-05-21 14:08:03 UTC","description":{"@type":"html","value":"<div><div><span><b>Altitude:</b></span> <span>4,125 ft</span></div>\n<div><span><b>Speed:</b></span> <span>210 kt</span></div>\n<div><span><b>Heading:</b></span> <span>172&deg;</span></div>\n</div>"},"icon-heading":172,"icon":"http://maps.google.com/mapfiles/kml/shapes/airports.png","timestamp":"2026-05-21T14:08:03+00:00"}},{"type":"Feature","geometry":{"type":"Point","coordinates":[-9.179749,38.683418,1280.16]},"properties":{"name":"2026-05-21 14:08:05 UTC","description":{"@type":"html","value":"<div><div><span><b>Altitude:</b></span> <span>4,200 ft</span></div>\n<div><span><b>Speed:</b></span> <span>212 kt</span></div>\n<div><span><b>Heading:</b></span> <span>167&deg;</span></div>\n</div>"},"icon-heading":167,"icon":"http://maps.google.com/mapfiles/kml/shapes/airports.png","timestamp":"2026-05-21T14:08:05+00:00"}},{"type":"Feature","geometry":{"type":"Point","coordinates":[-9.179077,38.681488,1295.4]},"properties":{"name":"2026-05-21 14:08:07 UTC","description":{"@type":"html","value":"<div><div><span><b>Altitude:</b></span> <span>4,250 ft</span></div>\n<div><span><b>Speed:</b></span> <span>214 kt</span></div>\n<div><span><b>Heading:</b></span> <span>162&deg;</span></div>\n</div>"},"icon-heading":162,"icon":"http://maps.google.com/mapfiles/kml/shapes/airports.png","timestamp":"2026-05-21T14:08:07+00:00"}},{"type":"Feature","geometry":{"type":"Point","coordinates":[-9.178002,38.679245,1318.26]},"properties":{"name":"2026-05-21 14:08:09 UTC","description":{"@type":"html","value":"<div><div><span><b>Altitude:</b></span> <span>4,325 ft</span></div>\n<div><span><b>Speed:</b></span> <span>217 kt</span></div>\n<div><span><b>Heading:</b></span> <span>158&deg;</span></div>\n</div>"},"icon-heading":158,"icon":"http://maps.google.com/mapfiles/kml/shapes/airports.png","timestamp":"2026-05-21T14:08:09+00:00"}},{"type":"Feature","geometry":{"type":"Point","coordinates":[-9.176808,38.677322,1341.12]},"properties":{"name":"2026-05-21 14:08:11 UTC","description":{"@type":"html","value":"<div><div><span><b>Altitude:</b></span> <span>4,400 ft</span></div>\n<div><span><b>Speed:</b></span> <span>220 kt</span></div>\n<div><span><b>Heading:</b></span> <span>153&deg;</span></div>\n</div>"},"icon-heading":153,"icon":"http://maps.google.com/mapfiles/kml/shapes/airports.png","timestamp":"2026-05-21T14:08:11+00:00"}},{"type":"Feature","geometry":{"type":"Point","coordinates":[-9.175673,38.675949,1356.36]},"properties":{"name":"2026-05-21 14:08:13 UTC","description":{"@type":"html","value":"<div><div><span><b>Altitude:</b></span> <span>4,450 ft</span></div>\n<div><span><b>Speed:</b></span> <span>222 kt</span></div>\n<div><span><b>Heading:</b></span> <span>148&deg;</span></div>\n</div>"},"icon-heading":148,"icon":"http://maps.google.com/mapfiles/kml/shapes/airports.png","timestamp":"2026-05-21T14:08:13+00:00"}},{"type":"Feature","geometry":{"type":"Point","coordinates":[-9.173763,38.673798,1371.6]},"properties":{"name":"2026-05-21 14:08:16 UTC","description":{"@type":"html","value":"<div><div><span><b>Altitude:</b></span> <span>4,500 ft</span></div>\n<div><span><b>Speed:</b></span> <span>225 kt</span></div>\n<div><span><b>Heading:</b></span> <span>143&deg;</span></div>\n</div>"},"icon-heading":143,"icon":"http://maps.google.com/mapfiles/kml/shapes/airports.png","timestamp":"2026-05-21T14:08:16+00:00"}},{"type":"Feature","geometry":{"type":"Point","coordinates":[-9.172363,38.672527,1386.84]},"properties":{"name":"2026-05-21 14:08:18 UTC","description":{"@type":"html","value":"<div><div><span><b>Altitude:</b></span> <span>4,550 ft</span></div>\n<div><span><b>Speed:</b></span> <span>228 kt</span></div>\n<div><span><b>Heading:</b></span> <span>139&deg;</span></div>\n</div>"},"icon-heading":139,"icon":"http://maps.google.com/mapfiles/kml/shapes/airports.png","timestamp":"2026-05-21T14:08:18+00:00"}},{"type":"Feature","geometry":{"type":"Point","coordinates":[-9.170044,38.670712,1409.7]},"properties":{"name":"2026-05-21 14:08:20 UTC","description":{"@type":"html","value":"<div><div><span><b>Altitude:</b></span> <span>4,625 ft</span></div>\n<div><span><b>Speed:</b></span> <span>231 kt</span></div>\n<div><span><b>Heading:</b></span> <span>134&deg;</span></div>\n</div>"},"icon-heading":134,"icon":"http://maps.google.com/mapfiles/kml/shapes/airports.png","timestamp":"2026-05-21T14:08:20+00:00"}},{"type":"Feature","geometry":{"type":"Point","coordinates":[-9.167434,38.669083,1424.94]},"properties":{"name":"2026-05-21 14:08:22 UTC","description":{"@type":"html","value":"<div><div><span><b>Altitude:</b></span> <span>4,675 ft</span></div>\n<div><span><b>Speed:</b></span> <span>236 kt</span></div>\n<div><span><b>Heading:</b></span> <span>127&deg;</span></div>\n</div>"},"icon-heading":127,"icon":"http://maps.google.com/mapfiles/kml/shapes/airports.png","timestamp":"2026-05-21T14:08:22+00:00"}},{"type":"Feature","geometry":{"type":"Point","coordinates":[-9.164978,38.667778,1447.8]},"properties":{"name":"2026-05-21 14:08:24 UTC","description":{"@type":"html","value":"<div><div><span><b>Altitude:</b></span> <span>4,750 ft</span></div>\n<div><span><b>Speed:</b></span> <span>238 kt</span></div>\n<div><span><b>Heading:</b></span> <span>125&deg;</span></div>\n</div>"},"icon-heading":125,"icon":"http://maps.google.com/mapfiles/kml/shapes/airports.png","timestamp":"2026-05-21T14:08:24+00:00"}},{"type":"Feature","geometry":{"type":"Point","coordinates":[-9.162777,38.666748,1463.04]},"properties":{"name":"2026-05-21 14:08:26 UTC","description":{"@type":"html","value":"<div><div><span><b>Altitude:</b></span> <span>4,800 ft</span></div>\n<div><span><b>Speed:</b></span> <span>242 kt</span></div>\n<div><span><b>Heading:</b></span> <span>120&deg;</span></div>\n</div>"},"icon-heading":120,"icon":"http://maps.google.com/mapfiles/kml/shapes/airports.png","timestamp":"2026-05-21T14:08:26+00:00"}},{"type":"Feature","geometry":{"type":"Point","coordinates":[-9.159607,38.665359,1485.9]},"properties":{"name":"2026-05-21 14:08:28 UTC","description":{"@type":"html","value":"<div><div><span><b>Altitude:</b></span> <span>4,875 ft</span></div>\n<div><span><b>Speed:</b></span> <span>245 kt</span></div>\n<div><span><b>Heading:</b></span> <span>118&deg;</span></div>\n</div>"},"icon-heading":118,"icon":"http://maps.google.com/mapfiles/kml/shapes/airports.png","timestamp":"2026-05-21T14:08:28+00:00"}},{"type":"Feature","geometry":{"type":"Point","coordinates":[-9.157104,38.664379,1501.14]},"properties":{"name":"2026-05-21 14:08:30 UTC","description":{"@type":"html","value":"<div><div><span><b>Altitude:</b></span> <span>4,925 ft</span></div>\n<div><span><b>Speed:</b></span> <span>247 kt</span></div>\n<div><span><b>Heading:</b></span> <span>116&deg;</span></div>\n</div>"},"icon-heading":116,"icon":"http://maps.google.com/mapfiles/kml/shapes/airports.png","timestamp":"2026-05-21T14:08:30+00:00"}},{"type":"Feature","geometry":{"type":"Point","coordinates":[-9.153809,38.663124,1531.62]},"properties":{"name":"2026-05-21 14:08:33 UTC","description":{"@type":"html","value":"<div><div><span><b>Altitude:</b></span> <span>5,025 ft</span></div>\n<div><span><b>Speed:</b></span> <span>250 kt</span></div>\n<div><span><b>Heading:</b></span> <span>115&deg;</span></div>\n</div>"},"icon-heading":115,"icon":"http://maps.google.com/mapfiles/kml/shapes/airports.png","timestamp":"2026-05-21T14:08:33+00:00"}},{"type":"Feature","geometry":{"type":"Point","coordinates":[-9.151062,38.662144,1554.48]},"properties":{"name":"2026-05-21 14:08:35 UTC","description":{"@type":"html","value":"<div><div><span><b>Altitude:</b></span> <span>5,100 ft</span></div>\n<div><span><b>Speed:</b></span> <span>252 kt</span></div>\n<div><span><b>Heading:</b></span> <span>115&deg;</span></div>\n</div>"},"icon-heading":115,"icon":"http://maps.google.com/mapfiles/kml/shapes/airports.png","timestamp":"2026-05-21T14:08:35+00:00"}},{"type":"Feature","geometry":{"type":"Point","coordinates":[-9.148804,38.661308,1569.72]},"properties":{"name":"2026-05-21 14:08:37 UTC","description":{"@type":"html","value":"<div><div><span><b>Altitude:</b></span> <span>5,150 ft</span></div>\n<div><span><b>Speed:</b></span> <span>253 kt</span></div>\n<div><span><b>Heading:</b></span> <span>114&deg;</span></div>\n</div>"},"icon-heading":114,"icon":"http://maps.google.com/mapfiles/kml/shapes/airports.png","timestamp":"2026-05-21T14:08:37+00:00"}},{"type":"Feature","geometry":{"type":"Point","coordinates":[-9.145342,38.660065,1600.2]},"properties":{"name":"2026-05-21 14:08:39 UTC","description":{"@type":"html","value":"<div><div><span><b>Altitude:</b></span> <span>5,250 ft</span></div>\n<div><span><b>Speed:</b></span> <span>255 kt</span></div>\n<div><span><b>Heading:</b></span> <span>114&deg;</span></div>\n</div>"},"icon-heading":114,"icon":"http://maps.google.com/mapfiles/kml/shapes/airports.png","timestamp":"2026-05-21T14:08:39+00:00"}},{"type":"Feature","geometry":{"type":"Point","coordinates":[-9.142334,38.658981,1630.68]},"properties":{"name":"2026-05-21 14:08:41 UTC","description":{"@type":"html","value":"<div><div><span><b>Altitude:</b></span> <span>5,350 ft</span></div>\n<div><span><b>Speed:</b></span> <span>255 kt</span></div>\n<div><span><b>Heading:</b></span> <span>114&deg;</span></div>\n</div>"},"icon-heading":114,"icon":"http://maps.google.com/mapfiles/kml/shapes/airports.png","timestamp":"2026-05-21T14:08:41+00:00"}},{"type":"Feature","geometry":{"type":"Point","coordinates":[-9.139832,38.658096,1653.54]},"properties":{"name":"2026-05-21 14:08:43 UTC","description":{"@type":"html","value":"<div><div><span><b>Altitude:</b></span> <span>5,425 ft</span></div>\n<div><span><b>Speed:</b></span> <span>258 kt</span></div>\n<div><span><b>Heading:</b></span> <span>114&deg;</span></div>\n</div>"},"icon-heading":114,"icon":"http://maps.google.com/mapfiles/kml/shapes/airports.png","timestamp":"2026-05-21T14:08:43+00:00"}},{"type":"Feature","geometry":{"type":"Point","coordinates":[-9.136445,38.656952,1684.02]},"properties":{"name":"2026-05-21 14:08:45 UTC","description":{"@type":"html","value":"<div><div><span><b>Altitude:</b></span> <span>5,525 ft</span></div>\n<div><span><b>Speed:</b></span> <span>260 kt</span></div>\n<div><span><b>Heading:</b></span> <span>114&deg;</span></div>\n</div>"},"icon-heading":114,"icon":"http://maps.google.com/mapfiles/kml/shapes/airports.png","timestamp":"2026-05-21T14:08:45+00:00"}},{"type":"Feature","geometry":{"type":"Point","coordinates":[-9.133789,38.656002,1706.88]},"properties":{"name":"2026-05-21 14:08:48 UTC","description":{"@type":"html","value":"<div><div><span><b>Altitude:</b></span> <span>5,600 ft</span></div>\n<div><span><b>Speed:</b></span> <span>259 kt</span></div>\n<div><span><b>Heading:</b></span> <span>114&deg;</span></div>\n</div>"},"icon-heading":114,"icon":"http://maps.google.com/mapfiles/kml/shapes/airports.png","timestamp":"2026-05-21T14:08:48+00:00"}},{"type":"Feature","geometry":{"type":"Point","coordinates":[-9.130249,38.654743,1744.98]},"properties":{"name":"2026-05-21 14:08:50 UTC","description":{"@type":"html","value":"<div><div><span><b>Altitude:</b></span> <span>5,725 ft</span></div>\n<div><span><b>Speed:</b></span> <span>260 kt</span></div>\n<div><span><b>Heading:</b></span> <span>114&deg;</span></div>\n</div>"},"icon-heading":114,"icon":"http://maps.google.com/mapfiles/kml/shapes/airports.png","timestamp":"2026-05-21T14:08:50+00:00"}},{"type":"Feature","geometry":{"type":"Point","coordinates":[-9.12731,38.653748,1775.46]},"properties":{"name":"2026-05-21 14:08:52 UTC","description":{"@type":"html","value":"<div><div><span><b>Altitude:</b></span> <span>5,825 ft</span></div>\n<div><span><b>Speed:</b></span> <span>262 kt</span></div>\n<div><span><b>Heading:</b></span> <span>114&deg;</span></div>\n</div>"},"icon-heading":114,"icon":"http://maps.google.com/mapfiles/kml/shapes/airports.png","timestamp":"2026-05-21T14:08:52+00:00"}},{"type":"Feature","geometry":{"type":"Point","coordinates":[-9.124512,38.65274,1805.94]},"properties":{"name":"2026-05-21 14:08:54 UTC","description":{"@type":"html","value":"<div><div><span><b>Altitude:</b></span> <span>5,925 ft</span></div>\n<div><span><b>Speed:</b></span> <span>262 kt</span></div>\n<div><span><b>Heading:</b></span> <span>114&deg;</span></div>\n</div>"},"icon-heading":114,"icon":"http://maps.google.com/mapfiles/kml/shapes/airports.png","timestamp":"2026-05-21T14:08:54+00:00"}},{"type":"Feature","geometry":{"type":"Point","coordinates":[-9.109219,38.648392,1958.34]},"properties":{"name":"2026-05-21 14:09:05 UTC","description":{"@type":"html","value":"<div><div><span><b>Altitude:</b></span> <span>6,425 ft</span></div>\n<div><span><b>Speed:</b></span> <span>268 kt</span></div>\n<div><span><b>Heading:</b></span> <span>103&deg;</span></div>\n</div>"},"icon-heading":103,"icon":"http://maps.google.com/mapfiles/kml/shapes/airports.png","timestamp":"2026-05-21T14:09:05+00:00"}},{"type":"Feature","geometry":{"type":"Point","coordinates":[-9.105103,38.647808,1996.44]},"properties":{"name":"2026-05-21 14:09:07 UTC","description":{"@type":"html","value":"<div><div><span><b>Altitude:</b></span> <span>6,550 ft</span></div>\n<div><span><b>Speed:</b></span> <span>270 kt</span></div>\n<div><span><b>Heading:</b></span> <span>98&deg;</span></div>\n</div>"},"icon-heading":98,"icon":"http://maps.google.com/mapfiles/kml/shapes/airports.png","timestamp":"2026-05-21T14:09:07+00:00"}},{"type":"Feature","geometry":{"type":"Point","coordinates":[-9.102234,38.64753,2026.92]},"properties":{"name":"2026-05-21 14:09:09 UTC","description":{"@type":"html","value":"<div><div><span><b>Altitude:</b></span> <span>6,650 ft</span></div>\n<div><span><b>Speed:</b></span> <span>271 kt</span></div>\n<div><span><b>Heading:</b></span> <span>96&deg;</span></div>\n</div>"},"icon-heading":96,"icon":"http://maps.google.com/mapfiles/kml/shapes/airports.png","timestamp":"2026-05-21T14:09:09+00:00"}},{"type":"Feature","geometry":{"type":"Point","coordinates":[-9.097839,38.647434,2065.02]},"properties":{"name":"2026-05-21 14:09:11 UTC","description":{"@type":"html","value":"<div><div><span><b>Altitude:</b></span> <span>6,775 ft</span></div>\n<div><span><b>Speed:</b></span> <span>274 kt</span></div>\n<div><span><b>Heading:</b></span> <span>90&deg;</span></div>\n</div>"},"icon-heading":90,"icon":"http://maps.google.com/mapfiles/kml/shapes/airports.png","timestamp":"2026-05-21T14:09:11+00:00"}},{"type":"Feature","geometry":{"type":"Point","coordinates":[-9.094769,38.647568,2095.5]},"properties":{"name":"2026-05-21 14:09:13 UTC","description":{"@type":"html","value":"<div><div><span><b>Altitude:</b></span> <span>6,875 ft</span></div>\n<div><span><b>Speed:</b></span> <span>275 kt</span></div>\n<div><span><b>Heading:</b></span> <span>87&deg;</span></div>\n</div>"},"icon-heading":87,"icon":"http://maps.google.com/mapfiles/kml/shapes/airports.png","timestamp":"2026-05-21T14:09:13+00:00"}},{"type":"Feature","geometry":{"type":"Point","coordinates":[-9.091664,38.647797,2125.98]},"properties":{"name":"2026-05-21 14:09:16 UTC","description":{"@type":"html","value":"<div><div><span><b>Altitude:</b></span> <span>6,975 ft</span></div>\n<div><span><b>Speed:</b></span> <span>276 kt</span></div>\n<div><span><b>Heading:</b></span> <span>84&deg;</span></div>\n</div>"},"icon-heading":84,"icon":"http://maps.google.com/mapfiles/kml/shapes/airports.png","timestamp":"2026-05-21T14:09:16+00:00"}},{"type":"Feature","geometry":{"type":"Point","coordinates":[-9.087783,38.648209,2164.08]},"properties":{"name":"2026-05-21 14:09:18 UTC","description":{"@type":"html","value":"<div><div><span><b>Altitude:</b></span> <span>7,100 ft</span></div>\n<div><span><b>Speed:</b></span> <span>277 kt</span></div>\n<div><span><b>Heading:</b></span> <span>82&deg;</span></div>\n</div>"},"icon-heading":82,"icon":"http://maps.google.com/mapfiles/kml/shapes/airports.png","timestamp":"2026-05-21T14:09:18+00:00"}},{"type":"Feature","geometry":{"type":"Point","coordinates":[-9.083557,38.648739,2209.8]},"properties":{"name":"2026-05-21 14:09:20 UTC","description":{"@type":"html","value":"<div><div><span><b>Altitude:</b></span> <span>7,250 ft</span></div>\n<div><span><b>Speed:</b></span> <span>278 kt</span></div>\n<div><span><b>Heading:</b></span> <span>80&deg;</span></div>\n</div>"},"icon-heading":80,"icon":"http://maps.google.com/mapfiles/kml/shapes/airports.png","timestamp":"2026-05-21T14:09:20+00:00"}},{"type":"Feature","geometry":{"type":"Point","coordinates":[-9.080319,38.64917,2240.28]},"properties":{"name":"2026-05-21 14:09:22 UTC","description":{"@type":"html","value":"<div><div><span><b>Altitude:</b></span> <span>7,350 ft</span></div>\n<div><span><b>Speed:</b></span> <span>278 kt</span></div>\n<div><span><b>Heading:</b></span> <span>79&deg;</span></div>\n</div>"},"icon-heading":79,"icon":"http://maps.google.com/mapfiles/kml/shapes/airports.png","timestamp":"2026-05-21T14:09:22+00:00"}},{"type":"Feature","geometry":{"type":"Point","coordinates":[-9.077271,38.649624,2278.38]},"properties":{"name":"2026-05-21 14:09:24 UTC","description":{"@type":"html","value":"<div><div><span><b>Altitude:</b></span> <span>7,475 ft</span></div>\n<div><span><b>Speed:</b></span> <span>278 kt</span></div>\n<div><span><b>Heading:</b></span> <span>79&deg;</span></div>\n</div>"},"icon-heading":79,"icon":"http://maps.google.com/mapfiles/kml/shapes/airports.png","timestamp":"2026-05-21T14:09:24+00:00"}},{"type":"Feature","geometry":{"type":"Point","coordinates":[-9.073692,38.650177,2316.48]},"properties":{"name":"2026-05-21 14:09:27 UTC","description":{"@type":"html","value":"<div><div><span><b>Altitude:</b></span> <span>7,600 ft</span></div>\n<div><span><b>Speed:</b></span> <span>278 kt</span></div>\n<div><span><b>Heading:</b></span> <span>79&deg;</span></div>\n</div>"},"icon-heading":79,"icon":"http://maps.google.com/mapfiles/kml/shapes/airports.png","timestamp":"2026-05-21T14:09:27+00:00"}},{"type":"Feature","geometry":{"type":"Point","coordinates":[-9.069333,38.650818,2354.58]},"properties":{"name":"2026-05-21 14:09:29 UTC","description":{"@type":"html","value":"<div><div><span><b>Altitude:</b></span> <span>7,725 ft</span></div>\n<div><span><b>Speed:</b></span> <span>279 kt</span></div>\n<div><span><b>Heading:</b></span> <span>79&deg;</span></div>\n</div>"},"icon-heading":79,"icon":"http://maps.google.com/mapfiles/kml/shapes/airports.png","timestamp":"2026-05-21T14:09:29+00:00"}},{"type":"Feature","geometry":{"type":"Point","coordinates":[-9.066407,38.651276,2385.06]},"properties":{"name":"2026-05-21 14:09:31 UTC","description":{"@type":"html","value":"<div><div><span><b>Altitude:</b></span> <span>7,825 ft</span></div>\n<div><span><b>Speed:</b></span> <span>280 kt</span></div>\n<div><span><b>Heading:</b></span> <span>78&deg;</span></div>\n</div>"},"icon-heading":78,"icon":"http://maps.google.com/mapfiles/kml/shapes/airports.png","timestamp":"2026-05-21T14:09:31+00:00"}},{"type":"Feature","geometry":{"type":"Point","coordinates":[-9.062706,38.651871,2415.54]},"properties":{"name":"2026-05-21 14:09:33 UTC","description":{"@type":"html","value":"<div><div><span><b>Altitude:</b></span> <span>7,925 ft</span></div>\n<div><span><b>Speed:</b></span> <span>282 kt</span></div>\n<div><span><b>Heading:</b></span> <span>78&deg;</span></div>\n</div>"},"icon-heading":78,"icon":"http://maps.google.com/mapfiles/kml/shapes/airports.png","timestamp":"2026-05-21T14:09:33+00:00"}},{"type":"Feature","geometry":{"type":"Point","coordinates":[-9.058764,38.652466,2453.64]},"properties":{"name":"2026-05-21 14:09:35 UTC","description":{"@type":"html","value":"<div><div><span><b>Altitude:</b></span> <span>8,050 ft</span></div>\n<div><span><b>Speed:</b></span> <span>282 kt</span></div>\n<div><span><b>Heading:</b></span> <span>78&deg;</span></div>\n</div>"},"icon-heading":78,"icon":"http://maps.google.com/mapfiles/kml/shapes/airports.png","timestamp":"2026-05-21T14:09:35+00:00"}},{"type":"Feature","geometry":{"type":"Point","coordinates":[-9.055786,38.652927,2476.5]},"properties":{"name":"2026-05-21 14:09:38 UTC","description":{"@type":"html","value":"<div><div><span><b>Altitude:</b></span> <span>8,125 ft</span></div>\n<div><span><b>Speed:</b></span> <span>283 kt</span></div>\n<div><span><b>Heading:</b></span> <span>78&deg;</span></div>\n</div>"},"icon-heading":78,"icon":"http://maps.google.com/mapfiles/kml/shapes/airports.png","timestamp":"2026-05-21T14:09:38+00:00"}},{"type":"Feature","geometry":{"type":"Point","coordinates":[-9.05249,38.653439,2499.36]},"properties":{"name":"2026-05-21 14:09:40 UTC","description":{"@type":"html","value":"<div><div><span><b>Altitude:</b></span> <span>8,200 ft</span></div>\n<div><span><b>Speed:</b></span> <span>284 kt</span></div>\n<div><span><b>Heading:</b></span> <span>78&deg;</span></div>\n</div>"},"icon-heading":78,"icon":"http://maps.google.com/mapfiles/kml/shapes/airports.png","timestamp":"2026-05-21T14:09:40+00:00"}},{"type":"Feature","geometry":{"type":"Point","coordinates":[-9.049011,38.653954,2529.84]},"properties":{"name":"2026-05-21 14:09:42 UTC","description":{"@type":"html","value":"<div><div><span><b>Altitude:</b></span> <span>8,300 ft</span></div>\n<div><span><b>Speed:</b></span> <span>285 kt</span></div>\n<div><span><b>Heading:</b></span> <span>79&deg;</span></div>\n</div>"},"icon-heading":79,"icon":"http://maps.google.com/mapfiles/kml/shapes/airports.png","timestamp":"2026-05-21T14:09:42+00:00"}},{"type":"Feature","geometry":{"type":"Point","coordinates":[-9.026611,38.657398,2712.72]},"properties":{"name":"2026-05-21 14:09:55 UTC","description":{"@type":"html","value":"<div><div><span><b>Altitude:</b></span> <span>8,900 ft</span></div>\n<div><span><b>Speed:</b></span> <span>291 kt</span></div>\n<div><span><b>Heading:</b></span> <span>76&deg;</span></div>\n</div>"},"icon-heading":76,"icon":"http://maps.google.com/mapfiles/kml/shapes/airports.png","timestamp":"2026-05-21T14:09:55+00:00"}},{"type":"Feature","geometry":{"type":"Point","coordinates":[-9.018999,38.659195,2773.68]},"properties":{"name":"2026-05-21 14:09:59 UTC","description":{"@type":"html","value":"<div><div><span><b>Altitude:</b></span> <span>9,100 ft</span></div>\n<div><span><b>Speed:</b></span> <span>294 kt</span></div>\n<div><span><b>Heading:</b></span> <span>71&deg;</span></div>\n</div>"},"icon-heading":71,"icon":"http://maps.google.com/mapfiles/kml/shapes/airports.png","timestamp":"2026-05-21T14:09:59+00:00"}},{"type":"Feature","geometry":{"type":"Point","coordinates":[-9.01593,38.660099,2804.16]},"properties":{"name":"2026-05-21 14:10:02 UTC","description":{"@type":"html","value":"<div><div><span><b>Altitude:</b></span> <span>9,200 ft</span></div>\n<div><span><b>Speed:</b></span> <span>296 kt</span></div>\n<div><span><b>Heading:</b></span> <span>68&deg;</span></div>\n</div>"},"icon-heading":68,"icon":"http://maps.google.com/mapfiles/kml/shapes/airports.png","timestamp":"2026-05-21T14:10:02+00:00"}},{"type":"Feature","geometry":{"type":"Point","coordinates":[-9.012372,38.661346,2827.02]},"properties":{"name":"2026-05-21 14:10:04 UTC","description":{"@type":"html","value":"<div><div><span><b>Altitude:</b></span> <span>9,275 ft</span></div>\n<div><span><b>Speed:</b></span> <span>297 kt</span></div>\n<div><span><b>Heading:</b></span> <span>66&deg;</span></div>\n</div>"},"icon-heading":66,"icon":"http://maps.google.com/mapfiles/kml/shapes/airports.png","timestamp":"2026-05-21T14:10:04+00:00"}},{"type":"Feature","geometry":{"type":"Point","coordinates":[-9.00861,38.662857,2857.5]},"properties":{"name":"2026-05-21 14:10:06 UTC","description":{"@type":"html","value":"<div><div><span><b>Altitude:</b></span> <span>9,375 ft</span></div>\n<div><span><b>Speed:</b></span> <span>300 kt</span></div>\n<div><span><b>Heading:</b></span> <span>62&deg;</span></div>\n</div>"},"icon-heading":62,"icon":"http://maps.google.com/mapfiles/kml/shapes/airports.png","timestamp":"2026-05-21T14:10:06+00:00"}},{"type":"Feature","geometry":{"type":"Point","coordinates":[-9.004431,38.664734,2887.98]},"properties":{"name":"2026-05-21 14:10:09 UTC","description":{"@type":"html","value":"<div><div><span><b>Altitude:</b></span> <span>9,475 ft</span></div>\n<div><span><b>Speed:</b></span> <span>300 kt</span></div>\n<div><span><b>Heading:</b></span> <span>59&deg;</span></div>\n</div>"},"icon-heading":59,"icon":"http://maps.google.com/mapfiles/kml/shapes/airports.png","timestamp":"2026-05-21T14:10:09+00:00"}},{"type":"Feature","geometry":{"type":"Point","coordinates":[-9.001326,38.666336,2918.46]},"properties":{"name":"2026-05-21 14:10:11 UTC","description":{"@type":"html","value":"<div><div><span><b>Altitude:</b></span> <span>9,575 ft</span></div>\n<div><span><b>Speed:</b></span> <span>302 kt</span></div>\n<div><span><b>Heading:</b></span> <span>56&deg;</span></div>\n</div>"},"icon-heading":56,"icon":"http://maps.google.com/mapfiles/kml/shapes/airports.png","timestamp":"2026-05-21T14:10:11+00:00"}},{"type":"Feature","geometry":{"type":"Point","coordinates":[-8.998596,38.667965,2941.32]},"properties":{"name":"2026-05-21 14:10:13 UTC","description":{"@type":"html","value":"<div><div><span><b>Altitude:</b></span> <span>9,650 ft</span></div>\n<div><span><b>Speed:</b></span> <span>304 kt</span></div>\n<div><span><b>Heading:</b></span> <span>53&deg;</span></div>\n</div>"},"icon-heading":53,"icon":"http://maps.google.com/mapfiles/kml/shapes/airports.png","timestamp":"2026-05-21T14:10:13+00:00"}},{"type":"Feature","geometry":{"type":"Point","coordinates":[-8.995832,38.669724,2964.18]},"properties":{"name":"2026-05-21 14:10:15 UTC","description":{"@type":"html","value":"<div><div><span><b>Altitude:</b></span> <span>9,725 ft</span></div>\n<div><span><b>Speed:</b></span> <span>303 kt</span></div>\n<div><span><b>Heading:</b></span> <span>50&deg;</span></div>\n</div>"},"icon-heading":50,"icon":"http://maps.google.com/mapfiles/kml/shapes/airports.png","timestamp":"2026-05-21T14:10:15+00:00"}},{"type":"Feature","geometry":{"type":"Point","coordinates":[-8.992668,38.672104,3002.28]},"properties":{"name":"2026-05-21 14:10:17 UTC","description":{"@type":"html","value":"<div><div><span><b>Altitude:</b></span> <span>9,850 ft</span></div>\n<div><span><b>Speed:</b></span> <span>305 kt</span></div>\n<div><span><b>Heading:</b></span> <span>45&deg;</span></div>\n</div>"},"icon-heading":45,"icon":"http://maps.google.com/mapfiles/kml/shapes/airports.png","timestamp":"2026-05-21T14:10:17+00:00"}},{"type":"Feature","geometry":{"type":"Point","coordinates":[-8.989746,38.674576,3032.76]},"properties":{"name":"2026-05-21 14:10:19 UTC","description":{"@type":"html","value":"<div><div><span><b>Altitude:</b></span> <span>9,950 ft</span></div>\n<div><span><b>Speed:</b></span> <span>306 kt</span></div>\n<div><span><b>Heading:</b></span> <span>42&deg;</span></div>\n</div>"},"icon-heading":42,"icon":"http://maps.google.com/mapfiles/kml/shapes/airports.png","timestamp":"2026-05-21T14:10:19+00:00"}},{"type":"Feature","geometry":{"type":"Point","coordinates":[-8.987183,38.676949,3063.24]},"properties":{"name":"2026-05-21 14:10:22 UTC","description":{"@type":"html","value":"<div><div><span><b>Altitude:</b></span> <span>10,050 ft</span></div>\n<div><span><b>Speed:</b></span> <span>306 kt</span></div>\n<div><span><b>Heading:</b></span> <span>40&deg;</span></div>\n</div>"},"icon-heading":40,"icon":"http://maps.google.com/mapfiles/kml/shapes/airports.png","timestamp":"2026-05-21T14:10:22+00:00"}},{"type":"Feature","geometry":{"type":"Point","coordinates":[-8.984741,38.679276,3093.72]},"properties":{"name":"2026-05-21 14:10:24 UTC","description":{"@type":"html","value":"<div><div><span><b>Altitude:</b></span> <span>10,150 ft</span></div>\n<div><span><b>Speed:</b></span> <span>307 kt</span></div>\n<div><span><b>Heading:</b></span> <span>38&deg;</span></div>\n</div>"},"icon-heading":38,"icon":"http://maps.google.com/mapfiles/kml/shapes/airports.png","timestamp":"2026-05-21T14:10:24+00:00"}},{"type":"Feature","geometry":{"type":"Point","coordinates":[-8.982727,38.681278,3124.2]},"properties":{"name":"2026-05-21 14:10:26 UTC","description":{"@type":"html","value":"<div><div><span><b>Altitude:</b></span> <span>10,250 ft</span></div>\n<div><span><b>Speed:</b></span> <span>308 kt</span></div>\n<div><span><b>Heading:</b></span> <span>38&deg;</span></div>\n</div>"},"icon-heading":38,"icon":"http://maps.google.com/mapfiles/kml/shapes/airports.png","timestamp":"2026-05-21T14:10:26+00:00"}},{"type":"Feature","geometry":{"type":"Point","coordinates":[-8.980309,38.683777,3154.68]},"properties":{"name":"2026-05-21 14:10:28 UTC","description":{"@type":"html","value":"<div><div><span><b>Altitude:</b></span> <span>10,350 ft</span></div>\n<div><span><b>Speed:</b></span> <span>307 kt</span></div>\n<div><span><b>Heading:</b></span> <span>37&deg;</span></div>\n</div>"},"icon-heading":37,"icon":"http://maps.google.com/mapfiles/kml/shapes/airports.png","timestamp":"2026-05-21T14:10:28+00:00"}},{"type":"Feature","geometry":{"type":"Point","coordinates":[-8.978088,38.686028,3185.16]},"properties":{"name":"2026-05-21 14:10:30 UTC","description":{"@type":"html","value":"<div><div><span><b>Altitude:</b></span> <span>10,450 ft</span></div>\n<div><span><b>Speed:</b></span> <span>308 kt</span></div>\n<div><span><b>Heading:</b></span> <span>37&deg;</span></div>\n</div>"},"icon-heading":37,"icon":"http://maps.google.com/mapfiles/kml/shapes/airports.png","timestamp":"2026-05-21T14:10:30+00:00"}},{"type":"Feature","geometry":{"type":"Point","coordinates":[-8.97577,38.6884,3215.64]},"properties":{"name":"2026-05-21 14:10:32 UTC","description":{"@type":"html","value":"<div><div><span><b>Altitude:</b></span> <span>10,550 ft</span></div>\n<div><span><b>Speed:</b></span> <span>308 kt</span></div>\n<div><span><b>Heading:</b></span> <span>37&deg;</span></div>\n</div>"},"icon-heading":37,"icon":"http://maps.google.com/mapfiles/kml/shapes/airports.png","timestamp":"2026-05-21T14:10:32+00:00"}},{"type":"Feature","geometry":{"type":"Point","coordinates":[-8.973083,38.691147,3253.74]},"properties":{"name":"2026-05-21 14:10:34 UTC","description":{"@type":"html","value":"<div><div><span><b>Altitude:</b></span> <span>10,675 ft</span></div>\n<div><span><b>Speed:</b></span> <span>308 kt</span></div>\n<div><span><b>Heading:</b></span> <span>37&deg;</span></div>\n</div>"},"icon-heading":37,"icon":"http://maps.google.com/mapfiles/kml/shapes/airports.png","timestamp":"2026-05-21T14:10:34+00:00"}},{"type":"Feature","geometry":{"type":"Point","coordinates":[-8.970755,38.693527,3284.22]},"properties":{"name":"2026-05-21 14:10:37 UTC","description":{"@type":"html","value":"<div><div><span><b>Altitude:</b></span> <span>10,775 ft</span></div>\n<div><span><b>Speed:</b></span> <span>309 kt</span></div>\n<div><span><b>Heading:</b></span> <span>37&deg;</span></div>\n</div>"},"icon-heading":37,"icon":"http://maps.google.com/mapfiles/kml/shapes/airports.png","timestamp":"2026-05-21T14:10:37+00:00"}},{"type":"Feature","geometry":{"type":"Point","coordinates":[-8.968262,38.696037,3314.7]},"properties":{"name":"2026-05-21 14:10:39 UTC","description":{"@type":"html","value":"<div><div><span><b>Altitude:</b></span> <span>10,875 ft</span></div>\n<div><span><b>Speed:</b></span> <span>310 kt</span></div>\n<div><span><b>Heading:</b></span> <span>37&deg;</span></div>\n</div>"},"icon-heading":37,"icon":"http://maps.google.com/mapfiles/kml/shapes/airports.png","timestamp":"2026-05-21T14:10:39+00:00"}},{"type":"Feature","geometry":{"type":"Point","coordinates":[-8.966064,38.698269,3345.18]},"properties":{"name":"2026-05-21 14:10:41 UTC","description":{"@type":"html","value":"<div><div><span><b>Altitude:</b></span> <span>10,975 ft</span></div>\n<div><span><b>Speed:</b></span> <span>310 kt</span></div>\n<div><span><b>Heading:</b></span> <span>37&deg;</span></div>\n</div>"},"icon-heading":37,"icon":"http://maps.google.com/mapfiles/kml/shapes/airports.png","timestamp":"2026-05-21T14:10:41+00:00"}},{"type":"Feature","geometry":{"type":"Point","coordinates":[-8.963351,38.701035,3375.66]},"properties":{"name":"2026-05-21 14:10:43 UTC","description":{"@type":"html","value":"<div><div><span><b>Altitude:</b></span> <span>11,075 ft</span></div>\n<div><span><b>Speed:</b></span> <span>312 kt</span></div>\n<div><span><b>Heading:</b></span> <span>37&deg;</span></div>\n</div>"},"icon-heading":37,"icon":"http://maps.google.com/mapfiles/kml/shapes/airports.png","timestamp":"2026-05-21T14:10:43+00:00"}},{"type":"Feature","geometry":{"type":"Point","coordinates":[-8.96106,38.703297,3398.52]},"properties":{"name":"2026-05-21 14:10:45 UTC","description":{"@type":"html","value":"<div><div><span><b>Altitude:</b></span> <span>11,150 ft</span></div>\n<div><span><b>Speed:</b></span> <span>312 kt</span></div>\n<div><span><b>Heading:</b></span> <span>37&deg;</span></div>\n</div>"},"icon-heading":37,"icon":"http://maps.google.com/mapfiles/kml/shapes/airports.png","timestamp":"2026-05-21T14:10:45+00:00"}},{"type":"Feature","geometry":{"type":"Point","coordinates":[-8.945976,38.718521,3573.78]},"properties":{"name":"2026-05-21 14:10:58 UTC","description":{"@type":"html","value":"<div><div><span><b>Altitude:</b></span> <span>11,725 ft</span></div>\n<div><span><b>Speed:</b></span> <span>317 kt</span></div>\n<div><span><b>Heading:</b></span> <span>37&deg;</span></div>\n</div>"},"icon-heading":37,"icon":"http://maps.google.com/mapfiles/kml/shapes/airports.png","timestamp":"2026-05-21T14:10:58+00:00"}},{"type":"Feature","geometry":{"type":"Point","coordinates":[-8.930481,38.734116,3741.42]},"properties":{"name":"2026-05-21 14:11:11 UTC","description":{"@type":"html","value":"<div><div><span><b>Altitude:</b></span> <span>12,275 ft</span></div>\n<div><span><b>Speed:</b></span> <span>323 kt</span></div>\n<div><span><b>Heading:</b></span> <span>37&deg;</span></div>\n</div>"},"icon-heading":37,"icon":"http://maps.google.com/mapfiles/kml/shapes/airports.png","timestamp":"2026-05-21T14:11:11+00:00"}},{"type":"Feature","geometry":{"type":"Point","coordinates":[-8.893791,38.771393,4152.9]},"properties":{"name":"2026-05-21 14:11:42 UTC","description":{"@type":"html","value":"<div><div><span><b>Altitude:</b></span> <span>13,625 ft</span></div>\n<div><span><b>Speed:</b></span> <span>332 kt</span></div>\n<div><span><b>Heading:</b></span> <span>37&deg;</span></div>\n</div>"},"icon-heading":37,"icon":"http://maps.google.com/mapfiles/kml/shapes/airports.png","timestamp":"2026-05-21T14:11:42+00:00"}},{"type":"Feature","geometry":{"type":"Point","coordinates":[-8.855957,38.810181,4396.74]},"properties":{"name":"2026-05-21 14:12:13 UTC","description":{"@type":"html","value":"<div><div><span><b>Altitude:</b></span> <span>14,425 ft</span></div>\n<div><span><b>Speed:</b></span> <span>358 kt</span></div>\n<div><span><b>Heading:</b></span> <span>37&deg;</span></div>\n</div>"},"icon-heading":37,"icon":"http://maps.google.com/mapfiles/kml/shapes/airports.png","timestamp":"2026-05-21T14:12:13+00:00"}},{"type":"Feature","geometry":{"type":"Point","coordinates":[-8.813721,38.853382,4869.18]},"properties":{"name":"2026-05-21 14:12:45 UTC","description":{"@type":"html","value":"<div><div><span><b>Altitude:</b></span> <span>15,975 ft</span></div>\n<div><span><b>Speed:</b></span> <span>359 kt</span></div>\n<div><span><b>Heading:</b></span> <span>37&deg;</span></div>\n</div>"},"icon-heading":37,"icon":"http://maps.google.com/mapfiles/kml/shapes/airports.png","timestamp":"2026-05-21T14:12:45+00:00"}},{"type":"Feature","geometry":{"type":"Point","coordinates":[-8.771627,38.896088,5234.94]},"properties":{"name":"2026-05-21 14:13:17 UTC","description":{"@type":"html","value":"<div><div><span><b>Altitude:</b></span> <span>17,175 ft</span></div>\n<div><span><b>Speed:</b></span> <span>370 kt</span></div>\n<div><span><b>Heading:</b></span> <span>37&deg;</span></div>\n</div>"},"icon-heading":37,"icon":"http://maps.google.com/mapfiles/kml/shapes/airports.png","timestamp":"2026-05-21T14:13:17+00:00"}},{"type":"Feature","geometry":{"type":"Point","coordinates":[-8.726488,38.941956,5577.84]},"properties":{"name":"2026-05-21 14:13:50 UTC","description":{"@type":"html","value":"<div><div><span><b>Altitude:</b></span> <span>18,300 ft</span></div>\n<div><span><b>Speed:</b></span> <span>382 kt</span></div>\n<div><span><b>Heading:</b></span> <span>37&deg;</span></div>\n</div>"},"icon-heading":37,"icon":"http://maps.google.com/mapfiles/kml/shapes/airports.png","timestamp":"2026-05-21T14:13:50+00:00"}},{"type":"Feature","geometry":{"type":"Point","coordinates":[-8.68099,38.98764,5920.74]},"properties":{"name":"2026-05-21 14:14:22 UTC","description":{"@type":"html","value":"<div><div><span><b>Altitude:</b></span> <span>19,425 ft</span></div>\n<div><span><b>Speed:</b></span> <span>391 kt</span></div>\n<div><span><b>Heading:</b></span> <span>39&deg;</span></div>\n</div>"},"icon-heading":39,"icon":"http://maps.google.com/mapfiles/kml/shapes/airports.png","timestamp":"2026-05-21T14:14:22+00:00"}},{"type":"Feature","geometry":{"type":"Point","coordinates":[-8.629883,39.031586,6286.5]},"properties":{"name":"2026-05-21 14:14:55 UTC","description":{"@type":"html","value":"<div><div><span><b>Altitude:</b></span> <span>20,625 ft</span></div>\n<div><span><b>Speed:</b></span> <span>395 kt</span></div>\n<div><span><b>Heading:</b></span> <span>43&deg;</span></div>\n</div>"},"icon-heading":43,"icon":"http://maps.google.com/mapfiles/kml/shapes/airports.png","timestamp":"2026-05-21T14:14:55+00:00"}},{"type":"Feature","geometry":{"type":"Point","coordinates":[-8.577098,39.07608,6637.02]},"properties":{"name":"2026-05-21 14:15:28 UTC","description":{"@type":"html","value":"<div><div><span><b>Altitude:</b></span> <span>21,775 ft</span></div>\n<div><span><b>Speed:</b></span> <span>402 kt</span></div>\n<div><span><b>Heading:</b></span> <span>42&deg;</span></div>\n</div>"},"icon-heading":42,"icon":"http://maps.google.com/mapfiles/kml/shapes/airports.png","timestamp":"2026-05-21T14:15:28+00:00"}},{"type":"Feature","geometry":{"type":"Point","coordinates":[-8.525868,39.120163,6949.44]},"properties":{"name":"2026-05-21 14:16:00 UTC","description":{"@type":"html","value":"<div><div><span><b>Altitude:</b></span> <span>22,800 ft</span></div>\n<div><span><b>Speed:</b></span> <span>410 kt</span></div>\n<div><span><b>Heading:</b></span> <span>42&deg;</span></div>\n</div>"},"icon-heading":42,"icon":"http://maps.google.com/mapfiles/kml/shapes/airports.png","timestamp":"2026-05-21T14:16:00+00:00"}},{"type":"Feature","geometry":{"type":"Point","coordinates":[-8.472907,39.166077,7231.38]},"properties":{"name":"2026-05-21 14:16:32 UTC","description":{"@type":"html","value":"<div><div><span><b>Altitude:</b></span> <span>23,725 ft</span></div>\n<div><span><b>Speed:</b></span> <span>420 kt</span></div>\n<div><span><b>Heading:</b></span> <span>41&deg;</span></div>\n</div>"},"icon-heading":41,"icon":"http://maps.google.com/mapfiles/kml/shapes/airports.png","timestamp":"2026-05-21T14:16:32+00:00"}},{"type":"Feature","geometry":{"type":"Point","coordinates":[-8.420227,39.211788,7505.7]},"properties":{"name":"2026-05-21 14:17:03 UTC","description":{"@type":"html","value":"<div><div><span><b>Altitude:</b></span> <span>24,625 ft</span></div>\n<div><span><b>Speed:</b></span> <span>426 kt</span></div>\n<div><span><b>Heading:</b></span> <span>41&deg;</span></div>\n</div>"},"icon-heading":41,"icon":"http://maps.google.com/mapfiles/kml/shapes/airports.png","timestamp":"2026-05-21T14:17:03+00:00"}},{"type":"Feature","geometry":{"type":"Point","coordinates":[-8.365193,39.25946,7780.02]},"properties":{"name":"2026-05-21 14:17:35 UTC","description":{"@type":"html","value":"<div><div><span><b>Altitude:</b></span> <span>25,525 ft</span></div>\n<div><span><b>Speed:</b></span> <span>431 kt</span></div>\n<div><span><b>Heading:</b></span> <span>41&deg;</span></div>\n</div>"},"icon-heading":41,"icon":"http://maps.google.com/mapfiles/kml/shapes/airports.png","timestamp":"2026-05-21T14:17:35+00:00"}},{"type":"Feature","geometry":{"type":"Point","coordinates":[-8.309366,39.307617,8054.34]},"properties":{"name":"2026-05-21 14:18:08 UTC","description":{"@type":"html","value":"<div><div><span><b>Altitude:</b></span> <span>26,425 ft</span></div>\n<div><span><b>Speed:</b></span> <span>438 kt</span></div>\n<div><span><b>Heading:</b></span> <span>42&deg;</span></div>\n</div>"},"icon-heading":42,"icon":"http://maps.google.com/mapfiles/kml/shapes/airports.png","timestamp":"2026-05-21T14:18:08+00:00"}},{"type":"Feature","geometry":{"type":"Point","coordinates":[-8.253717,39.355591,8328.66]},"properties":{"name":"2026-05-21 14:18:39 UTC","description":{"@type":"html","value":"<div><div><span><b>Altitude:</b></span> <span>27,325 ft</span></div>\n<div><span><b>Speed:</b></span> <span>441 kt</span></div>\n<div><span><b>Heading:</b></span> <span>42&deg;</span></div>\n</div>"},"icon-heading":42,"icon":"http://maps.google.com/mapfiles/kml/shapes/airports.png","timestamp":"2026-05-21T14:18:39+00:00"}},{"type":"Feature","geometry":{"type":"Point","coordinates":[-8.197353,39.404068,8595.36]},"properties":{"name":"2026-05-21 14:19:11 UTC","description":{"@type":"html","value":"<div><div><span><b>Altitude:</b></span> <span>28,200 ft</span></div>\n<div><span><b>Speed:</b></span> <span>444 kt</span></div>\n<div><span><b>Heading:</b></span> <span>42&deg;</span></div>\n</div>"},"icon-heading":42,"icon":"http://maps.google.com/mapfiles/kml/shapes/airports.png","timestamp":"2026-05-21T14:19:11+00:00"}},{"type":"Feature","geometry":{"type":"Point","coordinates":[-8.139496,39.453781,8801.1]},"properties":{"name":"2026-05-21 14:19:44 UTC","description":{"@type":"html","value":"<div><div><span><b>Altitude:</b></span> <span>28,875 ft</span></div>\n<div><span><b>Speed:</b></span> <span>454 kt</span></div>\n<div><span><b>Heading:</b></span> <span>42&deg;</span></div>\n</div>"},"icon-heading":42,"icon":"http://maps.google.com/mapfiles/kml/shapes/airports.png","timestamp":"2026-05-21T14:19:44+00:00"}},{"type":"Feature","geometry":{"type":"Point","coordinates":[-8.08429,39.501156,8999.22]},"properties":{"name":"2026-05-21 14:20:14 UTC","description":{"@type":"html","value":"<div><div><span><b>Altitude:</b></span> <span>29,525 ft</span></div>\n<div><span><b>Speed:</b></span> <span>459 kt</span></div>\n<div><span><b>Heading:</b></span> <span>42&deg;</span></div>\n</div>"},"icon-heading":42,"icon":"http://maps.google.com/mapfiles/kml/shapes/airports.png","timestamp":"2026-05-21T14:20:14+00:00"}},{"type":"Feature","geometry":{"type":"Point","coordinates":[-8.025333,39.551559,9212.58]},"properties":{"name":"2026-05-21 14:20:45 UTC","description":{"@type":"html","value":"<div><div><span><b>Altitude:</b></span> <span>30,225 ft</span></div>\n<div><span><b>Speed:</b></span> <span>464 kt</span></div>\n<div><span><b>Heading:</b></span> <span>42&deg;</span></div>\n</div>"},"icon-heading":42,"icon":"http://maps.google.com/mapfiles/kml/shapes/airports.png","timestamp":"2026-05-21T14:20:45+00:00"}},{"type":"Feature","geometry":{"type":"Point","coordinates":[-7.965506,39.602692,9403.08]},"properties":{"name":"2026-05-21 14:21:17 UTC","description":{"@type":"html","value":"<div><div><span><b>Altitude:</b></span> <span>30,850 ft</span></div>\n<div><span><b>Speed:</b></span> <span>470 kt</span></div>\n<div><span><b>Heading:</b></span> <span>42&deg;</span></div>\n</div>"},"icon-heading":42,"icon":"http://maps.google.com/mapfiles/kml/shapes/airports.png","timestamp":"2026-05-21T14:21:17+00:00"}},{"type":"Feature","geometry":{"type":"Point","coordinates":[-7.905457,39.653896,9662.16]},"properties":{"name":"2026-05-21 14:21:49 UTC","description":{"@type":"html","value":"<div><div><span><b>Altitude:</b></span> <span>31,700 ft</span></div>\n<div><span><b>Speed:</b></span> <span>468 kt</span></div>\n<div><span><b>Heading:</b></span> <span>42&deg;</span></div>\n</div>"},"icon-heading":42,"icon":"http://maps.google.com/mapfiles/kml/shapes/airports.png","timestamp":"2026-05-21T14:21:49+00:00"}},{"type":"Feature","geometry":{"type":"Point","coordinates":[-7.846619,39.703938,9906]},"properties":{"name":"2026-05-21 14:22:20 UTC","description":{"@type":"html","value":"<div><div><span><b>Altitude:</b></span> <span>32,500 ft</span></div>\n<div><span><b>Speed:</b></span> <span>465 kt</span></div>\n<div><span><b>Heading:</b></span> <span>42&deg;</span></div>\n</div>"},"icon-heading":42,"icon":"http://maps.google.com/mapfiles/kml/shapes/airports.png","timestamp":"2026-05-21T14:22:20+00:00"}},{"type":"Feature","geometry":{"type":"Point","coordinates":[-7.787993,39.753616,10088.88]},"properties":{"name":"2026-05-21 14:22:52 UTC","description":{"@type":"html","value":"<div><div><span><b>Altitude:</b></span> <span>33,100 ft</span></div>\n<div><span><b>Speed:</b></span> <span>464 kt</span></div>\n<div><span><b>Heading:</b></span> <span>42&deg;</span></div>\n</div>"},"icon-heading":42,"icon":"http://maps.google.com/mapfiles/kml/shapes/airports.png","timestamp":"2026-05-21T14:22:52+00:00"}},{"type":"Feature","geometry":{"type":"Point","coordinates":[-7.726501,39.805607,10256.52]},"properties":{"name":"2026-05-21 14:23:24 UTC","description":{"@type":"html","value":"<div><div><span><b>Altitude:</b></span> <span>33,650 ft</span></div>\n<div><span><b>Speed:</b></span> <span>462 kt</span></div>\n<div><span><b>Heading:</b></span> <span>42&deg;</span></div>\n</div>"},"icon-heading":42,"icon":"http://maps.google.com/mapfiles/kml/shapes/airports.png","timestamp":"2026-05-21T14:23:24+00:00"}},{"type":"Feature","geometry":{"type":"Point","coordinates":[-7.666785,39.856064,10355.58]},"properties":{"name":"2026-05-21 14:23:56 UTC","description":{"@type":"html","value":"<div><div><span><b>Altitude:</b></span> <span>33,975 ft</span></div>\n<div><span><b>Speed:</b></span> <span>464 kt</span></div>\n<div><span><b>Heading:</b></span> <span>42&deg;</span></div>\n</div>"},"icon-heading":42,"icon":"http://maps.google.com/mapfiles/kml/shapes/airports.png","timestamp":"2026-05-21T14:23:56+00:00"}},{"type":"Feature","geometry":{"type":"Point","coordinates":[-7.60791,39.905602,10370.82]},"properties":{"name":"2026-05-21 14:24:28 UTC","description":{"@type":"html","value":"<div><div><span><b>Altitude:</b></span> <span>34,025 ft</span></div>\n<div><span><b>Speed:</b></span> <span>462 kt</span></div>\n<div><span><b>Heading:</b></span> <span>42&deg;</span></div>\n</div>"},"icon-heading":42,"icon":"http://maps.google.com/mapfiles/kml/shapes/airports.png","timestamp":"2026-05-21T14:24:28+00:00"}},{"type":"Feature","geometry":{"type":"Point","coordinates":[-7.547358,39.956669,10355.58]},"properties":{"name":"2026-05-21 14:24:59 UTC","description":{"@type":"html","value":"<div><div><span><b>Altitude:</b></span> <span>33,975 ft</span></div>\n<div><span><b>Speed:</b></span> <span>478 kt</span></div>\n<div><span><b>Heading:</b></span> <span>42&deg;</span></div>\n</div>"},"icon-heading":42,"icon":"http://maps.google.com/mapfiles/kml/shapes/airports.png","timestamp":"2026-05-21T14:24:59+00:00"}},{"type":"Feature","geometry":{"type":"Point","coordinates":[-7.485373,40.008621,10363.2]},"properties":{"name":"2026-05-21 14:25:31 UTC","description":{"@type":"html","value":"<div><div><span><b>Altitude:</b></span> <span>34,000 ft</span></div>\n<div><span><b>Speed:</b></span> <span>482 kt</span></div>\n<div><span><b>Heading:</b></span> <span>42&deg;</span></div>\n</div>"},"icon-heading":42,"icon":"http://maps.google.com/mapfiles/kml/shapes/airports.png","timestamp":"2026-05-21T14:25:31+00:00"}},{"type":"Feature","geometry":{"type":"Point","coordinates":[-7.424199,40.059784,10355.58]},"properties":{"name":"2026-05-21 14:26:03 UTC","description":{"@type":"html","value":"<div><div><span><b>Altitude:</b></span> <span>33,975 ft</span></div>\n<div><span><b>Speed:</b></span> <span>472 kt</span></div>\n<div><span><b>Heading:</b></span> <span>42&deg;</span></div>\n</div>"},"icon-heading":42,"icon":"http://maps.google.com/mapfiles/kml/shapes/airports.png","timestamp":"2026-05-21T14:26:03+00:00"}},{"type":"Feature","geometry":{"type":"Point","coordinates":[-7.365417,40.109024,10363.2]},"properties":{"name":"2026-05-21 14:26:34 UTC","description":{"@type":"html","value":"<div><div><span><b>Altitude:</b></span> <span>34,000 ft</span></div>\n<div><span><b>Speed:</b></span> <span>458 kt</span></div>\n<div><span><b>Heading:</b></span> <span>42&deg;</span></div>\n</div>"},"icon-heading":42,"icon":"http://maps.google.com/mapfiles/kml/shapes/airports.png","timestamp":"2026-05-21T14:26:34+00:00"}},{"type":"Feature","geometry":{"type":"Point","coordinates":[-7.306033,40.158566,10363.2]},"properties":{"name":"2026-05-21 14:27:05 UTC","description":{"@type":"html","value":"<div><div><span><b>Altitude:</b></span> <span>34,000 ft</span></div>\n<div><span><b>Speed:</b></span> <span>457 kt</span></div>\n<div><span><b>Heading:</b></span> <span>42&deg;</span></div>\n</div>"},"icon-heading":42,"icon":"http://maps.google.com/mapfiles/kml/shapes/airports.png","timestamp":"2026-05-21T14:27:05+00:00"}},{"type":"Feature","geometry":{"type":"Point","coordinates":[-7.245972,40.208313,10363.2]},"properties":{"name":"2026-05-21 14:27:37 UTC","description":{"@type":"html","value":"<div><div><span><b>Altitude:</b></span> <span>34,000 ft</span></div>\n<div><span><b>Speed:</b></span> <span>458 kt</span></div>\n<div><span><b>Heading:</b></span> <span>42&deg;</span></div>\n</div>"},"icon-heading":42,"icon":"http://maps.google.com/mapfiles/kml/shapes/airports.png","timestamp":"2026-05-21T14:27:37+00:00"}},{"type":"Feature","geometry":{"type":"Point","coordinates":[-7.187368,40.257164,10363.2]},"properties":{"name":"2026-05-21 14:28:09 UTC","description":{"@type":"html","value":"<div><div><span><b>Altitude:</b></span> <span>34,000 ft</span></div>\n<div><span><b>Speed:</b></span> <span>457 kt</span></div>\n<div><span><b>Heading:</b></span> <span>42&deg;</span></div>\n</div>"},"icon-heading":42,"icon":"http://maps.google.com/mapfiles/kml/shapes/airports.png","timestamp":"2026-05-21T14:28:09+00:00"}},{"type":"Feature","geometry":{"type":"Point","coordinates":[-7.127505,40.306789,10363.2]},"properties":{"name":"2026-05-21 14:28:41 UTC","description":{"@type":"html","value":"<div><div><span><b>Altitude:</b></span> <span>34,000 ft</span></div>\n<div><span><b>Speed:</b></span> <span>458 kt</span></div>\n<div><span><b>Heading:</b></span> <span>42&deg;</span></div>\n</div>"},"icon-heading":42,"icon":"http://maps.google.com/mapfiles/kml/shapes/airports.png","timestamp":"2026-05-21T14:28:41+00:00"}},{"type":"Feature","geometry":{"type":"Point","coordinates":[-7.06758,40.356228,10363.2]},"properties":{"name":"2026-05-21 14:29:12 UTC","description":{"@type":"html","value":"<div><div><span><b>Altitude:</b></span> <span>34,000 ft</span></div>\n<div><span><b>Speed:</b></span> <span>458 kt</span></div>\n<div><span><b>Heading:</b></span> <span>42&deg;</span></div>\n</div>"},"icon-heading":42,"icon":"http://maps.google.com/mapfiles/kml/shapes/airports.png","timestamp":"2026-05-21T14:29:12+00:00"}},{"type":"Feature","geometry":{"type":"Point","coordinates":[-7.007405,40.40604,10370.82]},"properties":{"name":"2026-05-21 14:29:44 UTC","description":{"@type":"html","value":"<div><div><span><b>Altitude:</b></span> <span>34,025 ft</span></div>\n<div><span><b>Speed:</b></span> <span>457 kt</span></div>\n<div><span><b>Heading:</b></span> <span>42&deg;</span></div>\n</div>"},"icon-heading":42,"icon":"http://maps.google.com/mapfiles/kml/shapes/airports.png","timestamp":"2026-05-21T14:29:44+00:00"}},{"type":"Feature","geometry":{"type":"Point","coordinates":[-6.94751,40.455322,10363.2]},"properties":{"name":"2026-05-21 14:30:16 UTC","description":{"@type":"html","value":"<div><div><span><b>Altitude:</b></span> <span>34,000 ft</span></div>\n<div><span><b>Speed:</b></span> <span>457 kt</span></div>\n<div><span><b>Heading:</b></span> <span>42&deg;</span></div>\n</div>"},"icon-heading":42,"icon":"http://maps.google.com/mapfiles/kml/shapes/airports.png","timestamp":"2026-05-21T14:30:16+00:00"}},{"type":"Feature","geometry":{"type":"Point","coordinates":[-6.88824,40.504078,10370.82]},"properties":{"name":"2026-05-21 14:30:48 UTC","description":{"@type":"html","value":"<div><div><span><b>Altitude:</b></span> <span>34,025 ft</span></div>\n<div><span><b>Speed:</b></span> <span>457 kt</span></div>\n<div><span><b>Heading:</b></span> <span>42&deg;</span></div>\n</div>"},"icon-heading":42,"icon":"http://maps.google.com/mapfiles/kml/shapes/airports.png","timestamp":"2026-05-21T14:30:48+00:00"}},{"type":"Feature","geometry":{"type":"Point","coordinates":[-6.829102,40.552597,10363.2]},"properties":{"name":"2026-05-21 14:31:19 UTC","description":{"@type":"html","value":"<div><div><span><b>Altitude:</b></span> <span>34,000 ft</span></div>\n<div><span><b>Speed:</b></span> <span>456 kt</span></div>\n<div><span><b>Heading:</b></span> <span>42&deg;</span></div>\n</div>"},"icon-heading":42,"icon":"http://maps.google.com/mapfiles/kml/shapes/airports.png","timestamp":"2026-05-21T14:31:19+00:00"}},{"type":"Feature","geometry":{"type":"Point","coordinates":[-6.768555,40.602173,10363.2]},"properties":{"name":"2026-05-21 14:31:51 UTC","description":{"@type":"html","value":"<div><div><span><b>Altitude:</b></span> <span>34,000 ft</span></div>\n<div><span><b>Speed:</b></span> <span>454 kt</span></div>\n<div><span><b>Heading:</b></span> <span>42&deg;</span></div>\n</div>"},"icon-heading":42,"icon":"http://maps.google.com/mapfiles/kml/shapes/airports.png","timestamp":"2026-05-21T14:31:51+00:00"}},{"type":"Feature","geometry":{"type":"Point","coordinates":[-6.708214,40.651417,10363.2]},"properties":{"name":"2026-05-21 14:32:23 UTC","description":{"@type":"html","value":"<div><div><span><b>Altitude:</b></span> <span>34,000 ft</span></div>\n<div><span><b>Speed:</b></span> <span>454 kt</span></div>\n<div><span><b>Heading:</b></span> <span>43&deg;</span></div>\n</div>"},"icon-heading":43,"icon":"http://maps.google.com/mapfiles/kml/shapes/airports.png","timestamp":"2026-05-21T14:32:23+00:00"}},{"type":"Feature","geometry":{"type":"Point","coordinates":[-6.649841,40.698853,10363.2]},"properties":{"name":"2026-05-21 14:32:54 UTC","description":{"@type":"html","value":"<div><div><span><b>Altitude:</b></span> <span>34,000 ft</span></div>\n<div><span><b>Speed:</b></span> <span>453 kt</span></div>\n<div><span><b>Heading:</b></span> <span>43&deg;</span></div>\n</div>"},"icon-heading":43,"icon":"http://maps.google.com/mapfiles/kml/shapes/airports.png","timestamp":"2026-05-21T14:32:54+00:00"}},{"type":"Feature","geometry":{"type":"Point","coordinates":[-6.589987,40.747501,10363.2]},"properties":{"name":"2026-05-21 14:33:26 UTC","description":{"@type":"html","value":"<div><div><span><b>Altitude:</b></span> <span>34,000 ft</span></div>\n<div><span><b>Speed:</b></span> <span>453 kt</span></div>\n<div><span><b>Heading:</b></span> <span>43&deg;</span></div>\n</div>"},"icon-heading":43,"icon":"http://maps.google.com/mapfiles/kml/shapes/airports.png","timestamp":"2026-05-21T14:33:26+00:00"}},{"type":"Feature","geometry":{"type":"Point","coordinates":[-6.530884,40.795532,10363.2]},"properties":{"name":"2026-05-21 14:33:58 UTC","description":{"@type":"html","value":"<div><div><span><b>Altitude:</b></span> <span>34,000 ft</span></div>\n<div><span><b>Speed:</b></span> <span>452 kt</span></div>\n<div><span><b>Heading:</b></span> <span>43&deg;</span></div>\n</div>"},"icon-heading":43,"icon":"http://maps.google.com/mapfiles/kml/shapes/airports.png","timestamp":"2026-05-21T14:33:58+00:00"}},{"type":"Feature","geometry":{"type":"Point","coordinates":[-6.47113,40.844009,10363.2]},"properties":{"name":"2026-05-21 14:34:29 UTC","description":{"@type":"html","value":"<div><div><span><b>Altitude:</b></span> <span>34,000 ft</span></div>\n<div><span><b>Speed:</b></span> <span>452 kt</span></div>\n<div><span><b>Heading:</b></span> <span>43&deg;</span></div>\n</div>"},"icon-heading":43,"icon":"http://maps.google.com/mapfiles/kml/shapes/airports.png","timestamp":"2026-05-21T14:34:29+00:00"}},{"type":"Feature","geometry":{"type":"Point","coordinates":[-6.411255,40.892349,10370.82]},"properties":{"name":"2026-05-21 14:35:01 UTC","description":{"@type":"html","value":"<div><div><span><b>Altitude:</b></span> <span>34,025 ft</span></div>\n<div><span><b>Speed:</b></span> <span>452 kt</span></div>\n<div><span><b>Heading:</b></span> <span>43&deg;</span></div>\n</div>"},"icon-heading":43,"icon":"http://maps.google.com/mapfiles/kml/shapes/airports.png","timestamp":"2026-05-21T14:35:01+00:00"}},{"type":"Feature","geometry":{"type":"Point","coordinates":[-6.350464,40.941422,10363.2]},"properties":{"name":"2026-05-21 14:35:33 UTC","description":{"@type":"html","value":"<div><div><span><b>Altitude:</b></span> <span>34,000 ft</span></div>\n<div><span><b>Speed:</b></span> <span>452 kt</span></div>\n<div><span><b>Heading:</b></span> <span>43&deg;</span></div>\n</div>"},"icon-heading":43,"icon":"http://maps.google.com/mapfiles/kml/shapes/airports.png","timestamp":"2026-05-21T14:35:33+00:00"}},{"type":"Feature","geometry":{"type":"Point","coordinates":[-6.295776,40.990311,10363.2]},"properties":{"name":"2026-05-21 14:36:04 UTC","description":{"@type":"html","value":"<div><div><span><b>Altitude:</b></span> <span>34,000 ft</span></div>\n<div><span><b>Speed:</b></span> <span>452 kt</span></div>\n<div><span><b>Heading:</b></span> <span>36&deg;</span></div>\n</div>"},"icon-heading":36,"icon":"http://maps.google.com/mapfiles/kml/shapes/airports.png","timestamp":"2026-05-21T14:36:04+00:00"}},{"type":"Feature","geometry":{"type":"Point","coordinates":[-6.246664,41.046692,10386.06]},"properties":{"name":"2026-05-21 14:36:36 UTC","description":{"@type":"html","value":"<div><div><span><b>Altitude:</b></span> <span>34,075 ft</span></div>\n<div><span><b>Speed:</b></span> <span>450 kt</span></div>\n<div><span><b>Heading:</b></span> <span>30&deg;</span></div>\n</div>"},"icon-heading":30,"icon":"http://maps.google.com/mapfiles/kml/shapes/airports.png","timestamp":"2026-05-21T14:36:36+00:00"}},{"type":"Feature","geometry":{"type":"Point","coordinates":[-6.203717,41.104137,10553.7]},"properties":{"name":"2026-05-21 14:37:08 UTC","description":{"@type":"html","value":"<div><div><span><b>Altitude:</b></span> <span>34,625 ft</span></div>\n<div><span><b>Speed:</b></span> <span>453 kt</span></div>\n<div><span><b>Heading:</b></span> <span>29&deg;</span></div>\n</div>"},"icon-heading":29,"icon":"http://maps.google.com/mapfiles/kml/shapes/airports.png","timestamp":"2026-05-21T14:37:08+00:00"}},{"type":"Feature","geometry":{"type":"Point","coordinates":[-6.159241,41.162704,10713.72]},"properties":{"name":"2026-05-21 14:37:40 UTC","description":{"@type":"html","value":"<div><div><span><b>Altitude:</b></span> <span>35,150 ft</span></div>\n<div><span><b>Speed:</b></span> <span>456 kt</span></div>\n<div><span><b>Heading:</b></span> <span>29&deg;</span></div>\n</div>"},"icon-heading":29,"icon":"http://maps.google.com/mapfiles/kml/shapes/airports.png","timestamp":"2026-05-21T14:37:40+00:00"}},{"type":"Feature","geometry":{"type":"Point","coordinates":[-6.114204,41.221958,10881.36]},"properties":{"name":"2026-05-21 14:38:12 UTC","description":{"@type":"html","value":"<div><div><span><b>Altitude:</b></span> <span>35,700 ft</span></div>\n<div><span><b>Speed:</b></span> <span>458 kt</span></div>\n<div><span><b>Heading:</b></span> <span>29&deg;</span></div>\n</div>"},"icon-heading":29,"icon":"http://maps.google.com/mapfiles/kml/shapes/airports.png","timestamp":"2026-05-21T14:38:12+00:00"}},{"type":"Feature","geometry":{"type":"Point","coordinates":[-6.071716,41.277969,11033.76]},"properties":{"name":"2026-05-21 14:38:43 UTC","description":{"@type":"html","value":"<div><div><span><b>Altitude:</b></span> <span>36,200 ft</span></div>\n<div><span><b>Speed:</b></span> <span>460 kt</span></div>\n<div><span><b>Heading:</b></span> <span>29&deg;</span></div>\n</div>"},"icon-heading":29,"icon":"http://maps.google.com/mapfiles/kml/shapes/airports.png","timestamp":"2026-05-21T14:38:43+00:00"}},{"type":"Feature","geometry":{"type":"Point","coordinates":[-6.026978,41.336838,11193.78]},"properties":{"name":"2026-05-21 14:39:15 UTC","description":{"@type":"html","value":"<div><div><span><b>Altitude:</b></span> <span>36,725 ft</span></div>\n<div><span><b>Speed:</b></span> <span>460 kt</span></div>\n<div><span><b>Heading:</b></span> <span>29&deg;</span></div>\n</div>"},"icon-heading":29,"icon":"http://maps.google.com/mapfiles/kml/shapes/airports.png","timestamp":"2026-05-21T14:39:15+00:00"}},{"type":"Feature","geometry":{"type":"Point","coordinates":[-5.981868,41.396118,11361.42]},"properties":{"name":"2026-05-21 14:39:47 UTC","description":{"@type":"html","value":"<div><div><span><b>Altitude:</b></span> <span>37,275 ft</span></div>\n<div><span><b>Speed:</b></span> <span>458 kt</span></div>\n<div><span><b>Heading:</b></span> <span>29&deg;</span></div>\n</div>"},"icon-heading":29,"icon":"http://maps.google.com/mapfiles/kml/shapes/airports.png","timestamp":"2026-05-21T14:39:47+00:00"}},{"type":"Feature","geometry":{"type":"Point","coordinates":[-5.937236,41.454071,11513.82]},"properties":{"name":"2026-05-21 14:40:19 UTC","description":{"@type":"html","value":"<div><div><span><b>Altitude:</b></span> <span>37,775 ft</span></div>\n<div><span><b>Speed:</b></span> <span>456 kt</span></div>\n<div><span><b>Heading:</b></span> <span>29&deg;</span></div>\n</div>"},"icon-heading":29,"icon":"http://maps.google.com/mapfiles/kml/shapes/airports.png","timestamp":"2026-05-21T14:40:19+00:00"}},{"type":"Feature","geometry":{"type":"Point","coordinates":[-5.892951,41.511654,11582.4]},"properties":{"name":"2026-05-21 14:40:50 UTC","description":{"@type":"html","value":"<div><div><span><b>Altitude:</b></span> <span>38,000 ft</span></div>\n<div><span><b>Speed:</b></span> <span>460 kt</span></div>\n<div><span><b>Heading:</b></span> <span>30&deg;</span></div>\n</div>"},"icon-heading":30,"icon":"http://maps.google.com/mapfiles/kml/shapes/airports.png","timestamp":"2026-05-21T14:40:50+00:00"}},{"type":"Feature","geometry":{"type":"Point","coordinates":[-5.847536,41.570892,11590.02]},"properties":{"name":"2026-05-21 14:41:22 UTC","description":{"@type":"html","value":"<div><div><span><b>Altitude:</b></span> <span>38,025 ft</span></div>\n<div><span><b>Speed:</b></span> <span>464 kt</span></div>\n<div><span><b>Heading:</b></span> <span>29&deg;</span></div>\n</div>"},"icon-heading":29,"icon":"http://maps.google.com/mapfiles/kml/shapes/airports.png","timestamp":"2026-05-21T14:41:22+00:00"}},{"type":"Feature","geometry":{"type":"Point","coordinates":[-5.802654,41.629578,11582.4]},"properties":{"name":"2026-05-21 14:41:53 UTC","description":{"@type":"html","value":"<div><div><span><b>Altitude:</b></span> <span>38,000 ft</span></div>\n<div><span><b>Speed:</b></span> <span>464 kt</span></div>\n<div><span><b>Heading:</b></span> <span>29&deg;</span></div>\n</div>"},"icon-heading":29,"icon":"http://maps.google.com/mapfiles/kml/shapes/airports.png","timestamp":"2026-05-21T14:41:53+00:00"}},{"type":"Feature","geometry":{"type":"Point","coordinates":[-5.759646,41.685432,11582.4]},"properties":{"name":"2026-05-21 14:42:24 UTC","description":{"@type":"html","value":"<div><div><span><b>Altitude:</b></span> <span>38,000 ft</span></div>\n<div><span><b>Speed:</b></span> <span>465 kt</span></div>\n<div><span><b>Heading:</b></span> <span>30&deg;</span></div>\n</div>"},"icon-heading":30,"icon":"http://maps.google.com/mapfiles/kml/shapes/airports.png","timestamp":"2026-05-21T14:42:24+00:00"}},{"type":"Feature","geometry":{"type":"Point","coordinates":[-5.712699,41.745998,11582.4]},"properties":{"name":"2026-05-21 14:42:56 UTC","description":{"@type":"html","value":"<div><div><span><b>Altitude:</b></span> <span>38,000 ft</span></div>\n<div><span><b>Speed:</b></span> <span>464 kt</span></div>\n<div><span><b>Heading:</b></span> <span>30&deg;</span></div>\n</div>"},"icon-heading":30,"icon":"http://maps.google.com/mapfiles/kml/shapes/airports.png","timestamp":"2026-05-21T14:42:56+00:00"}},{"type":"Feature","geometry":{"type":"Point","coordinates":[-5.66701,41.80513,11582.4]},"properties":{"name":"2026-05-21 14:43:28 UTC","description":{"@type":"html","value":"<div><div><span><b>Altitude:</b></span> <span>38,000 ft</span></div>\n<div><span><b>Speed:</b></span> <span>464 kt</span></div>\n<div><span><b>Heading:</b></span> <span>30&deg;</span></div>\n</div>"},"icon-heading":30,"icon":"http://maps.google.com/mapfiles/kml/shapes/airports.png","timestamp":"2026-05-21T14:43:28+00:00"}},{"type":"Feature","geometry":{"type":"Point","coordinates":[-5.62219,41.862659,11582.4]},"properties":{"name":"2026-05-21 14:43:59 UTC","description":{"@type":"html","value":"<div><div><span><b>Altitude:</b></span> <span>38,000 ft</span></div>\n<div><span><b>Speed:</b></span> <span>465 kt</span></div>\n<div><span><b>Heading:</b></span> <span>30&deg;</span></div>\n</div>"},"icon-heading":30,"icon":"http://maps.google.com/mapfiles/kml/shapes/airports.png","timestamp":"2026-05-21T14:43:59+00:00"}},{"type":"Feature","geometry":{"type":"Point","coordinates":[-5.576373,41.921631,11582.4]},"properties":{"name":"2026-05-21 14:44:31 UTC","description":{"@type":"html","value":"<div><div><span><b>Altitude:</b></span> <span>38,000 ft</span></div>\n<div><span><b>Speed:</b></span> <span>465 kt</span></div>\n<div><span><b>Heading:</b></span> <span>29&deg;</span></div>\n</div>"},"icon-heading":29,"icon":"http://maps.google.com/mapfiles/kml/shapes/airports.png","timestamp":"2026-05-21T14:44:31+00:00"}},{"type":"Feature","geometry":{"type":"Point","coordinates":[-5.532382,41.978573,11582.4]},"properties":{"name":"2026-05-21 14:45:01 UTC","description":{"@type":"html","value":"<div><div><span><b>Altitude:</b></span> <span>38,000 ft</span></div>\n<div><span><b>Speed:</b></span> <span>464 kt</span></div>\n<div><span><b>Heading:</b></span> <span>30&deg;</span></div>\n</div>"},"icon-heading":30,"icon":"http://maps.google.com/mapfiles/kml/shapes/airports.png","timestamp":"2026-05-21T14:45:01+00:00"}},{"type":"Feature","geometry":{"type":"Point","coordinates":[-5.489419,42.03923,11582.4]},"properties":{"name":"2026-05-21 14:45:33 UTC","description":{"@type":"html","value":"<div><div><span><b>Altitude:</b></span> <span>38,000 ft</span></div>\n<div><span><b>Speed:</b></span> <span>463 kt</span></div>\n<div><span><b>Heading:</b></span> <span>24&deg;</span></div>\n</div>"},"icon-heading":24,"icon":"http://maps.google.com/mapfiles/kml/shapes/airports.png","timestamp":"2026-05-21T14:45:33+00:00"}},{"type":"Feature","geometry":{"type":"Point","coordinates":[-5.452153,42.102081,11582.4]},"properties":{"name":"2026-05-21 14:46:05 UTC","description":{"@type":"html","value":"<div><div><span><b>Altitude:</b></span> <span>38,000 ft</span></div>\n<div><span><b>Speed:</b></span> <span>463 kt</span></div>\n<div><span><b>Heading:</b></span> <span>23&deg;</span></div>\n</div>"},"icon-heading":23,"icon":"http://maps.google.com/mapfiles/kml/shapes/airports.png","timestamp":"2026-05-21T14:46:05+00:00"}},{"type":"Feature","geometry":{"type":"Point","coordinates":[-5.413576,42.165298,11582.4]},"properties":{"name":"2026-05-21 14:46:38 UTC","description":{"@type":"html","value":"<div><div><span><b>Altitude:</b></span> <span>38,000 ft</span></div>\n<div><span><b>Speed:</b></span> <span>464 kt</span></div>\n<div><span><b>Heading:</b></span> <span>25&deg;</span></div>\n</div>"},"icon-heading":25,"icon":"http://maps.google.com/mapfiles/kml/shapes/airports.png","timestamp":"2026-05-21T14:46:38+00:00"}},{"type":"Feature","geometry":{"type":"Point","coordinates":[-5.374869,42.226604,11582.4]},"properties":{"name":"2026-05-21 14:47:09 UTC","description":{"@type":"html","value":"<div><div><span><b>Altitude:</b></span> <span>38,000 ft</span></div>\n<div><span><b>Speed:</b></span> <span>463 kt</span></div>\n<div><span><b>Heading:</b></span> <span>25&deg;</span></div>\n</div>"},"icon-heading":25,"icon":"http://maps.google.com/mapfiles/kml/shapes/airports.png","timestamp":"2026-05-21T14:47:09+00:00"}},{"type":"Feature","geometry":{"type":"Point","coordinates":[-5.334756,42.289497,11574.78]},"properties":{"name":"2026-05-21 14:47:42 UTC","description":{"@type":"html","value":"<div><div><span><b>Altitude:</b></span> <span>37,975 ft</span></div>\n<div><span><b>Speed:</b></span> <span>464 kt</span></div>\n<div><span><b>Heading:</b></span> <span>25&deg;</span></div>\n</div>"},"icon-heading":25,"icon":"http://maps.google.com/mapfiles/kml/shapes/airports.png","timestamp":"2026-05-21T14:47:42+00:00"}},{"type":"Feature","geometry":{"type":"Point","coordinates":[-5.297773,42.347359,11582.4]},"properties":{"name":"2026-05-21 14:48:12 UTC","description":{"@type":"html","value":"<div><div><span><b>Altitude:</b></span> <span>38,000 ft</span></div>\n<div><span><b>Speed:</b></span> <span>464 kt</span></div>\n<div><span><b>Heading:</b></span> <span>25&deg;</span></div>\n</div>"},"icon-heading":25,"icon":"http://maps.google.com/mapfiles/kml/shapes/airports.png","timestamp":"2026-05-21T14:48:12+00:00"}},{"type":"Feature","geometry":{"type":"Point","coordinates":[-5.258235,42.409416,11582.4]},"properties":{"name":"2026-05-21 14:48:44 UTC","description":{"@type":"html","value":"<div><div><span><b>Altitude:</b></span> <span>38,000 ft</span></div>\n<div><span><b>Speed:</b></span> <span>464 kt</span></div>\n<div><span><b>Heading:</b></span> <span>25&deg;</span></div>\n</div>"},"icon-heading":25,"icon":"http://maps.google.com/mapfiles/kml/shapes/airports.png","timestamp":"2026-05-21T14:48:44+00:00"}},{"type":"Feature","geometry":{"type":"Point","coordinates":[-5.219208,42.47049,11582.4]},"properties":{"name":"2026-05-21 14:49:16 UTC","description":{"@type":"html","value":"<div><div><span><b>Altitude:</b></span> <span>38,000 ft</span></div>\n<div><span><b>Speed:</b></span> <span>465 kt</span></div>\n<div><span><b>Heading:</b></span> <span>25&deg;</span></div>\n</div>"},"icon-heading":25,"icon":"http://maps.google.com/mapfiles/kml/shapes/airports.png","timestamp":"2026-05-21T14:49:16+00:00"}},{"type":"Feature","geometry":{"type":"Point","coordinates":[-5.179734,42.53194,11590.02]},"properties":{"name":"2026-05-21 14:49:47 UTC","description":{"@type":"html","value":"<div><div><span><b>Altitude:</b></span> <span>38,025 ft</span></div>\n<div><span><b>Speed:</b></span> <span>464 kt</span></div>\n<div><span><b>Heading:</b></span> <span>25&deg;</span></div>\n</div>"},"icon-heading":25,"icon":"http://maps.google.com/mapfiles/kml/shapes/airports.png","timestamp":"2026-05-21T14:49:47+00:00"}},{"type":"Feature","geometry":{"type":"Point","coordinates":[-5.140291,42.593674,11590.02]},"properties":{"name":"2026-05-21 14:50:19 UTC","description":{"@type":"html","value":"<div><div><span><b>Altitude:</b></span> <span>38,025 ft</span></div>\n<div><span><b>Speed:</b></span> <span>463 kt</span></div>\n<div><span><b>Heading:</b></span> <span>25&deg;</span></div>\n</div>"},"icon-heading":25,"icon":"http://maps.google.com/mapfiles/kml/shapes/airports.png","timestamp":"2026-05-21T14:50:19+00:00"}},{"type":"Feature","geometry":{"type":"Point","coordinates":[-5.100715,42.655197,11582.4]},"properties":{"name":"2026-05-21 14:50:51 UTC","description":{"@type":"html","value":"<div><div><span><b>Altitude:</b></span> <span>38,000 ft</span></div>\n<div><span><b>Speed:</b></span> <span>462 kt</span></div>\n<div><span><b>Heading:</b></span> <span>25&deg;</span></div>\n</div>"},"icon-heading":25,"icon":"http://maps.google.com/mapfiles/kml/shapes/airports.png","timestamp":"2026-05-21T14:50:51+00:00"}},{"type":"Feature","geometry":{"type":"Point","coordinates":[-5.061759,42.715496,11582.4]},"properties":{"name":"2026-05-21 14:51:22 UTC","description":{"@type":"html","value":"<div><div><span><b>Altitude:</b></span> <span>38,000 ft</span></div>\n<div><span><b>Speed:</b></span> <span>462 kt</span></div>\n<div><span><b>Heading:</b></span> <span>25&deg;</span></div>\n</div>"},"icon-heading":25,"icon":"http://maps.google.com/mapfiles/kml/shapes/airports.png","timestamp":"2026-05-21T14:51:22+00:00"}},{"type":"Feature","geometry":{"type":"Point","coordinates":[-5.022093,42.776711,11582.4]},"properties":{"name":"2026-05-21 14:51:54 UTC","description":{"@type":"html","value":"<div><div><span><b>Altitude:</b></span> <span>38,000 ft</span></div>\n<div><span><b>Speed:</b></span> <span>462 kt</span></div>\n<div><span><b>Heading:</b></span> <span>25&deg;</span></div>\n</div>"},"icon-heading":25,"icon":"http://maps.google.com/mapfiles/kml/shapes/airports.png","timestamp":"2026-05-21T14:51:54+00:00"}},{"type":"Feature","geometry":{"type":"Point","coordinates":[-4.982104,42.838394,11582.4]},"properties":{"name":"2026-05-21 14:52:25 UTC","description":{"@type":"html","value":"<div><div><span><b>Altitude:</b></span> <span>38,000 ft</span></div>\n<div><span><b>Speed:</b></span> <span>460 kt</span></div>\n<div><span><b>Heading:</b></span> <span>25&deg;</span></div>\n</div>"},"icon-heading":25,"icon":"http://maps.google.com/mapfiles/kml/shapes/airports.png","timestamp":"2026-05-21T14:52:25+00:00"}},{"type":"Feature","geometry":{"type":"Point","coordinates":[-4.942605,42.899284,11582.4]},"properties":{"name":"2026-05-21 14:52:57 UTC","description":{"@type":"html","value":"<div><div><span><b>Altitude:</b></span> <span>38,000 ft</span></div>\n<div><span><b>Speed:</b></span> <span>459 kt</span></div>\n<div><span><b>Heading:</b></span> <span>25&deg;</span></div>\n</div>"},"icon-heading":25,"icon":"http://maps.google.com/mapfiles/kml/shapes/airports.png","timestamp":"2026-05-21T14:52:57+00:00"}},{"type":"Feature","geometry":{"type":"Point","coordinates":[-4.902714,42.960781,11582.4]},"properties":{"name":"2026-05-21 14:53:29 UTC","description":{"@type":"html","value":"<div><div><span><b>Altitude:</b></span> <span>38,000 ft</span></div>\n<div><span><b>Speed:</b></span> <span>459 kt</span></div>\n<div><span><b>Heading:</b></span> <span>25&deg;</span></div>\n</div>"},"icon-heading":25,"icon":"http://maps.google.com/mapfiles/kml/shapes/airports.png","timestamp":"2026-05-21T14:53:29+00:00"}},{"type":"Feature","geometry":{"type":"Point","coordinates":[-4.863175,43.021271,11582.4]},"properties":{"name":"2026-05-21 14:54:01 UTC","description":{"@type":"html","value":"<div><div><span><b>Altitude:</b></span> <span>38,000 ft</span></div>\n<div><span><b>Speed:</b></span> <span>459 kt</span></div>\n<div><span><b>Heading:</b></span> <span>25&deg;</span></div>\n</div>"},"icon-heading":25,"icon":"http://maps.google.com/mapfiles/kml/shapes/airports.png","timestamp":"2026-05-21T14:54:01+00:00"}},{"type":"Feature","geometry":{"type":"Point","coordinates":[-4.823573,43.081833,11574.78]},"properties":{"name":"2026-05-21 14:54:32 UTC","description":{"@type":"html","value":"<div><div><span><b>Altitude:</b></span> <span>37,975 ft</span></div>\n<div><span><b>Speed:</b></span> <span>459 kt</span></div>\n<div><span><b>Heading:</b></span> <span>25&deg;</span></div>\n</div>"},"icon-heading":25,"icon":"http://maps.google.com/mapfiles/kml/shapes/airports.png","timestamp":"2026-05-21T14:54:32+00:00"}},{"type":"Feature","geometry":{"type":"Point","coordinates":[-4.783826,43.142239,11582.4]},"properties":{"name":"2026-05-21 14:55:04 UTC","description":{"@type":"html","value":"<div><div><span><b>Altitude:</b></span> <span>38,000 ft</span></div>\n<div><span><b>Speed:</b></span> <span>460 kt</span></div>\n<div><span><b>Heading:</b></span> <span>25&deg;</span></div>\n</div>"},"icon-heading":25,"icon":"http://maps.google.com/mapfiles/kml/shapes/airports.png","timestamp":"2026-05-21T14:55:04+00:00"}},{"type":"Feature","geometry":{"type":"Point","coordinates":[-4.743478,43.203644,11574.78]},"properties":{"name":"2026-05-21 14:55:36 UTC","description":{"@type":"html","value":"<div><div><span><b>Altitude:</b></span> <span>37,975 ft</span></div>\n<div><span><b>Speed:</b></span> <span>461 kt</span></div>\n<div><span><b>Heading:</b></span> <span>25&deg;</span></div>\n</div>"},"icon-heading":25,"icon":"http://maps.google.com/mapfiles/kml/shapes/airports.png","timestamp":"2026-05-21T14:55:36+00:00"}},{"type":"Feature","geometry":{"type":"Point","coordinates":[-4.70317,43.26535,11590.02]},"properties":{"name":"2026-05-21 14:56:08 UTC","description":{"@type":"html","value":"<div><div><span><b>Altitude:</b></span> <span>38,025 ft</span></div>\n<div><span><b>Speed:</b></span> <span>462 kt</span></div>\n<div><span><b>Heading:</b></span> <span>25&deg;</span></div>\n</div>"},"icon-heading":25,"icon":"http://maps.google.com/mapfiles/kml/shapes/airports.png","timestamp":"2026-05-21T14:56:08+00:00"}},{"type":"Feature","geometry":{"type":"Point","coordinates":[-4.663313,43.325363,11582.4]},"properties":{"name":"2026-05-21 14:56:39 UTC","description":{"@type":"html","value":"<div><div><span><b>Altitude:</b></span> <span>38,000 ft</span></div>\n<div><span><b>Speed:</b></span> <span>460 kt</span></div>\n<div><span><b>Heading:</b></span> <span>25&deg;</span></div>\n</div>"},"icon-heading":25,"icon":"http://maps.google.com/mapfiles/kml/shapes/airports.png","timestamp":"2026-05-21T14:56:39+00:00"}},{"type":"Feature","geometry":{"type":"Point","coordinates":[-4.623009,43.386246,11582.4]},"properties":{"name":"2026-05-21 14:57:11 UTC","description":{"@type":"html","value":"<div><div><span><b>Altitude:</b></span> <span>38,000 ft</span></div>\n<div><span><b>Speed:</b></span> <span>460 kt</span></div>\n<div><span><b>Heading:</b></span> <span>25&deg;</span></div>\n</div>"},"icon-heading":25,"icon":"http://maps.google.com/mapfiles/kml/shapes/airports.png","timestamp":"2026-05-21T14:57:11+00:00"}},{"type":"Feature","geometry":{"type":"Point","coordinates":[-4.582149,43.44809,11582.4]},"properties":{"name":"2026-05-21 14:57:43 UTC","description":{"@type":"html","value":"<div><div><span><b>Altitude:</b></span> <span>38,000 ft</span></div>\n<div><span><b>Speed:</b></span> <span>462 kt</span></div>\n<div><span><b>Heading:</b></span> <span>25&deg;</span></div>\n</div>"},"icon-heading":25,"icon":"http://maps.google.com/mapfiles/kml/shapes/airports.png","timestamp":"2026-05-21T14:57:43+00:00"}},{"type":"Feature","geometry":{"type":"Point","coordinates":[-4.542336,43.507965,11582.4]},"properties":{"name":"2026-05-21 14:58:14 UTC","description":{"@type":"html","value":"<div><div><span><b>Altitude:</b></span> <span>38,000 ft</span></div>\n<div><span><b>Speed:</b></span> <span>462 kt</span></div>\n<div><span><b>Heading:</b></span> <span>25&deg;</span></div>\n</div>"},"icon-heading":25,"icon":"http://maps.google.com/mapfiles/kml/shapes/airports.png","timestamp":"2026-05-21T14:58:14+00:00"}},{"type":"Feature","geometry":{"type":"Point","coordinates":[-4.501583,43.568985,11582.4]},"properties":{"name":"2026-05-21 14:58:46 UTC","description":{"@type":"html","value":"<div><div><span><b>Altitude:</b></span> <span>38,000 ft</span></div>\n<div><span><b>Speed:</b></span> <span>463 kt</span></div>\n<div><span><b>Heading:</b></span> <span>25&deg;</span></div>\n</div>"},"icon-heading":25,"icon":"http://maps.google.com/mapfiles/kml/shapes/airports.png","timestamp":"2026-05-21T14:58:46+00:00"}},{"type":"Feature","geometry":{"type":"Point","coordinates":[-4.459938,43.631332,11582.4]},"properties":{"name":"2026-05-21 14:59:19 UTC","description":{"@type":"html","value":"<div><div><span><b>Altitude:</b></span> <span>38,000 ft</span></div>\n<div><span><b>Speed:</b></span> <span>464 kt</span></div>\n<div><span><b>Heading:</b></span> <span>25&deg;</span></div>\n</div>"},"icon-heading":25,"icon":"http://maps.google.com/mapfiles/kml/shapes/airports.png","timestamp":"2026-05-21T14:59:19+00:00"}},{"type":"Feature","geometry":{"type":"Point","coordinates":[-4.4204,43.690338,11590.02]},"properties":{"name":"2026-05-21 14:59:49 UTC","description":{"@type":"html","value":"<div><div><span><b>Altitude:</b></span> <span>38,025 ft</span></div>\n<div><span><b>Speed:</b></span> <span>466 kt</span></div>\n<div><span><b>Heading:</b></span> <span>26&deg;</span></div>\n</div>"},"icon-heading":26,"icon":"http://maps.google.com/mapfiles/kml/shapes/airports.png","timestamp":"2026-05-21T14:59:49+00:00"}},{"type":"Feature","geometry":{"type":"Point","coordinates":[-4.378706,43.752399,11590.02]},"properties":{"name":"2026-05-21 15:00:21 UTC","description":{"@type":"html","value":"<div><div><span><b>Altitude:</b></span> <span>38,025 ft</span></div>\n<div><span><b>Speed:</b></span> <span>464 kt</span></div>\n<div><span><b>Heading:</b></span> <span>25&deg;</span></div>\n</div>"},"icon-heading":25,"icon":"http://maps.google.com/mapfiles/kml/shapes/airports.png","timestamp":"2026-05-21T15:00:21+00:00"}},{"type":"Feature","geometry":{"type":"Point","coordinates":[-4.336853,43.815105,11590.02]},"properties":{"name":"2026-05-21 15:00:53 UTC","description":{"@type":"html","value":"<div><div><span><b>Altitude:</b></span> <span>38,025 ft</span></div>\n<div><span><b>Speed:</b></span> <span>464 kt</span></div>\n<div><span><b>Heading:</b></span> <span>25&deg;</span></div>\n</div>"},"icon-heading":25,"icon":"http://maps.google.com/mapfiles/kml/shapes/airports.png","timestamp":"2026-05-21T15:00:53+00:00"}},{"type":"Feature","geometry":{"type":"Point","coordinates":[-4.29591,43.87619,11590.02]},"properties":{"name":"2026-05-21 15:01:25 UTC","description":{"@type":"html","value":"<div><div><span><b>Altitude:</b></span> <span>38,025 ft</span></div>\n<div><span><b>Speed:</b></span> <span>465 kt</span></div>\n<div><span><b>Heading:</b></span> <span>26&deg;</span></div>\n</div>"},"icon-heading":26,"icon":"http://maps.google.com/mapfiles/kml/shapes/airports.png","timestamp":"2026-05-21T15:01:25+00:00"}},{"type":"Feature","geometry":{"type":"Point","coordinates":[-4.254063,43.938004,11590.02]},"properties":{"name":"2026-05-21 15:01:57 UTC","description":{"@type":"html","value":"<div><div><span><b>Altitude:</b></span> <span>38,025 ft</span></div>\n<div><span><b>Speed:</b></span> <span>464 kt</span></div>\n<div><span><b>Heading:</b></span> <span>26&deg;</span></div>\n</div>"},"icon-heading":26,"icon":"http://maps.google.com/mapfiles/kml/shapes/airports.png","timestamp":"2026-05-21T15:01:57+00:00"}},{"type":"Feature","geometry":{"type":"Point","coordinates":[-4.212235,43.999512,11590.02]},"properties":{"name":"2026-05-21 15:02:29 UTC","description":{"@type":"html","value":"<div><div><span><b>Altitude:</b></span> <span>38,025 ft</span></div>\n<div><span><b>Speed:</b></span> <span>463 kt</span></div>\n<div><span><b>Heading:</b></span> <span>26&deg;</span></div>\n</div>"},"icon-heading":26,"icon":"http://maps.google.com/mapfiles/kml/shapes/airports.png","timestamp":"2026-05-21T15:02:29+00:00"}},{"type":"Feature","geometry":{"type":"Point","coordinates":[-4.170554,44.061043,11582.4]},"properties":{"name":"2026-05-21 15:03:01 UTC","description":{"@type":"html","value":"<div><div><span><b>Altitude:</b></span> <span>38,000 ft</span></div>\n<div><span><b>Speed:</b></span> <span>462 kt</span></div>\n<div><span><b>Heading:</b></span> <span>25&deg;</span></div>\n</div>"},"icon-heading":25,"icon":"http://maps.google.com/mapfiles/kml/shapes/airports.png","timestamp":"2026-05-21T15:03:01+00:00"}},{"type":"Feature","geometry":{"type":"Point","coordinates":[-4.129582,44.121506,11574.78]},"properties":{"name":"2026-05-21 15:03:33 UTC","description":{"@type":"html","value":"<div><div><span><b>Altitude:</b></span> <span>37,975 ft</span></div>\n<div><span><b>Speed:</b></span> <span>462 kt</span></div>\n<div><span><b>Heading:</b></span> <span>26&deg;</span></div>\n</div>"},"icon-heading":26,"icon":"http://maps.google.com/mapfiles/kml/shapes/airports.png","timestamp":"2026-05-21T15:03:33+00:00"}},{"type":"Feature","geometry":{"type":"Point","coordinates":[-4.089022,44.181015,11574.78]},"properties":{"name":"2026-05-21 15:04:04 UTC","description":{"@type":"html","value":"<div><div><span><b>Altitude:</b></span> <span>37,975 ft</span></div>\n<div><span><b>Speed:</b></span> <span>462 kt</span></div>\n<div><span><b>Heading:</b></span> <span>26&deg;</span></div>\n</div>"},"icon-heading":26,"icon":"http://maps.google.com/mapfiles/kml/shapes/airports.png","timestamp":"2026-05-21T15:04:04+00:00"}},{"type":"Feature","geometry":{"type":"Point","coordinates":[-4.046988,44.242641,11574.78]},"properties":{"name":"2026-05-21 15:04:36 UTC","description":{"@type":"html","value":"<div><div><span><b>Altitude:</b></span> <span>37,975 ft</span></div>\n<div><span><b>Speed:</b></span> <span>461 kt</span></div>\n<div><span><b>Heading:</b></span> <span>26&deg;</span></div>\n</div>"},"icon-heading":26,"icon":"http://maps.google.com/mapfiles/kml/shapes/airports.png","timestamp":"2026-05-21T15:04:36+00:00"}},{"type":"Feature","geometry":{"type":"Point","coordinates":[-4.00504,44.303284,11574.78]},"properties":{"name":"2026-05-21 15:05:07 UTC","description":{"@type":"html","value":"<div><div><span><b>Altitude:</b></span> <span>37,975 ft</span></div>\n<div><span><b>Speed:</b></span> <span>462 kt</span></div>\n<div><span><b>Heading:</b></span> <span>27&deg;</span></div>\n</div>"},"icon-heading":27,"icon":"http://maps.google.com/mapfiles/kml/shapes/airports.png","timestamp":"2026-05-21T15:05:07+00:00"}},{"type":"Feature","geometry":{"type":"Point","coordinates":[-3.975175,44.337234,11582.4]},"properties":{"name":"2026-05-21 15:05:26 UTC","description":{"@type":"html","value":"<div><div><span><b>Altitude:</b></span> <span>38,000 ft</span></div>\n<div><span><b>Speed:</b></span> <span>463 kt</span></div>\n<div><span><b>Heading:</b></span> <span>37&deg;</span></div>\n</div>"},"icon-heading":37,"icon":"http://maps.google.com/mapfiles/kml/shapes/airports.png","timestamp":"2026-05-21T15:05:26+00:00"}},{"type":"Feature","geometry":{"type":"Point","coordinates":[-3.970773,44.341278,11582.4]},"properties":{"name":"2026-05-21 15:05:29 UTC","description":{"@type":"html","value":"<div><div><span><b>Altitude:</b></span> <span>38,000 ft</span></div>\n<div><span><b>Speed:</b></span> <span>463 kt</span></div>\n<div><span><b>Heading:</b></span> <span>38&deg;</span></div>\n</div>"},"icon-heading":38,"icon":"http://maps.google.com/mapfiles/kml/shapes/airports.png","timestamp":"2026-05-21T15:05:29+00:00"}},{"type":"Feature","geometry":{"type":"Point","coordinates":[-3.966734,44.34473,11582.4]},"properties":{"name":"2026-05-21 15:05:31 UTC","description":{"@type":"html","value":"<div><div><span><b>Altitude:</b></span> <span>38,000 ft</span></div>\n<div><span><b>Speed:</b></span> <span>464 kt</span></div>\n<div><span><b>Heading:</b></span> <span>39&deg;</span></div>\n</div>"},"icon-heading":39,"icon":"http://maps.google.com/mapfiles/kml/shapes/airports.png","timestamp":"2026-05-21T15:05:31+00:00"}},{"type":"Feature","geometry":{"type":"Point","coordinates":[-3.96286,44.347961,11582.4]},"properties":{"name":"2026-05-21 15:05:33 UTC","description":{"@type":"html","value":"<div><div><span><b>Altitude:</b></span> <span>38,000 ft</span></div>\n<div><span><b>Speed:</b></span> <span>463 kt</span></div>\n<div><span><b>Heading:</b></span> <span>40&deg;</span></div>\n</div>"},"icon-heading":40,"icon":"http://maps.google.com/mapfiles/kml/shapes/airports.png","timestamp":"2026-05-21T15:05:33+00:00"}},{"type":"Feature","geometry":{"type":"Point","coordinates":[-3.959133,44.351028,11582.4]},"properties":{"name":"2026-05-21 15:05:35 UTC","description":{"@type":"html","value":"<div><div><span><b>Altitude:</b></span> <span>38,000 ft</span></div>\n<div><span><b>Speed:</b></span> <span>463 kt</span></div>\n<div><span><b>Heading:</b></span> <span>41&deg;</span></div>\n</div>"},"icon-heading":41,"icon":"http://maps.google.com/mapfiles/kml/shapes/airports.png","timestamp":"2026-05-21T15:05:35+00:00"}},{"type":"Feature","geometry":{"type":"Point","coordinates":[-3.955346,44.354088,11582.4]},"properties":{"name":"2026-05-21 15:05:37 UTC","description":{"@type":"html","value":"<div><div><span><b>Altitude:</b></span> <span>38,000 ft</span></div>\n<div><span><b>Speed:</b></span> <span>463 kt</span></div>\n<div><span><b>Heading:</b></span> <span>41&deg;</span></div>\n</div>"},"icon-heading":41,"icon":"http://maps.google.com/mapfiles/kml/shapes/airports.png","timestamp":"2026-05-21T15:05:37+00:00"}},{"type":"Feature","geometry":{"type":"Point","coordinates":[-3.950322,44.358044,11582.4]},"properties":{"name":"2026-05-21 15:05:39 UTC","description":{"@type":"html","value":"<div><div><span><b>Altitude:</b></span> <span>38,000 ft</span></div>\n<div><span><b>Speed:</b></span> <span>464 kt</span></div>\n<div><span><b>Heading:</b></span> <span>42&deg;</span></div>\n</div>"},"icon-heading":42,"icon":"http://maps.google.com/mapfiles/kml/shapes/airports.png","timestamp":"2026-05-21T15:05:39+00:00"}},{"type":"Feature","geometry":{"type":"Point","coordinates":[-3.946302,44.36121,11582.4]},"properties":{"name":"2026-05-21 15:05:41 UTC","description":{"@type":"html","value":"<div><div><span><b>Altitude:</b></span> <span>38,000 ft</span></div>\n<div><span><b>Speed:</b></span> <span>464 kt</span></div>\n<div><span><b>Heading:</b></span> <span>42&deg;</span></div>\n</div>"},"icon-heading":42,"icon":"http://maps.google.com/mapfiles/kml/shapes/airports.png","timestamp":"2026-05-21T15:05:41+00:00"}},{"type":"Feature","geometry":{"type":"Point","coordinates":[-3.943111,44.363754,11582.4]},"properties":{"name":"2026-05-21 15:05:43 UTC","description":{"@type":"html","value":"<div><div><span><b>Altitude:</b></span> <span>38,000 ft</span></div>\n<div><span><b>Speed:</b></span> <span>463 kt</span></div>\n<div><span><b>Heading:</b></span> <span>42&deg;</span></div>\n</div>"},"icon-heading":42,"icon":"http://maps.google.com/mapfiles/kml/shapes/airports.png","timestamp":"2026-05-21T15:05:43+00:00"}},{"type":"Feature","geometry":{"type":"Point","coordinates":[-3.937862,44.367867,11582.4]},"properties":{"name":"2026-05-21 15:05:46 UTC","description":{"@type":"html","value":"<div><div><span><b>Altitude:</b></span> <span>38,000 ft</span></div>\n<div><span><b>Speed:</b></span> <span>463 kt</span></div>\n<div><span><b>Heading:</b></span> <span>42&deg;</span></div>\n</div>"},"icon-heading":42,"icon":"http://maps.google.com/mapfiles/kml/shapes/airports.png","timestamp":"2026-05-21T15:05:46+00:00"}},{"type":"Feature","geometry":{"type":"Point","coordinates":[-3.933842,44.371033,11582.4]},"properties":{"name":"2026-05-21 15:05:48 UTC","description":{"@type":"html","value":"<div><div><span><b>Altitude:</b></span> <span>38,000 ft</span></div>\n<div><span><b>Speed:</b></span> <span>463 kt</span></div>\n<div><span><b>Heading:</b></span> <span>42&deg;</span></div>\n</div>"},"icon-heading":42,"icon":"http://maps.google.com/mapfiles/kml/shapes/airports.png","timestamp":"2026-05-21T15:05:48+00:00"}},{"type":"Feature","geometry":{"type":"Point","coordinates":[-3.929443,44.374557,11582.4]},"properties":{"name":"2026-05-21 15:05:50 UTC","description":{"@type":"html","value":"<div><div><span><b>Altitude:</b></span> <span>38,000 ft</span></div>\n<div><span><b>Speed:</b></span> <span>463 kt</span></div>\n<div><span><b>Heading:</b></span> <span>41&deg;</span></div>\n</div>"},"icon-heading":41,"icon":"http://maps.google.com/mapfiles/kml/shapes/airports.png","timestamp":"2026-05-21T15:05:50+00:00"}},{"type":"Feature","geometry":{"type":"Point","coordinates":[-3.866664,44.425964,11582.4]},"properties":{"name":"2026-05-21 15:06:21 UTC","description":{"@type":"html","value":"<div><div><span><b>Altitude:</b></span> <span>38,000 ft</span></div>\n<div><span><b>Speed:</b></span> <span>463 kt</span></div>\n<div><span><b>Heading:</b></span> <span>40&deg;</span></div>\n</div>"},"icon-heading":40,"icon":"http://maps.google.com/mapfiles/kml/shapes/airports.png","timestamp":"2026-05-21T15:06:21+00:00"}},{"type":"Feature","geometry":{"type":"Point","coordinates":[-3.804418,44.477219,11582.4]},"properties":{"name":"2026-05-21 15:06:53 UTC","description":{"@type":"html","value":"<div><div><span><b>Altitude:</b></span> <span>38,000 ft</span></div>\n<div><span><b>Speed:</b></span> <span>464 kt</span></div>\n<div><span><b>Heading:</b></span> <span>41&deg;</span></div>\n</div>"},"icon-heading":41,"icon":"http://maps.google.com/mapfiles/kml/shapes/airports.png","timestamp":"2026-05-21T15:06:53+00:00"}},{"type":"Feature","geometry":{"type":"Point","coordinates":[-3.742251,44.527679,11590.02]},"properties":{"name":"2026-05-21 15:07:25 UTC","description":{"@type":"html","value":"<div><div><span><b>Altitude:</b></span> <span>38,025 ft</span></div>\n<div><span><b>Speed:</b></span> <span>463 kt</span></div>\n<div><span><b>Heading:</b></span> <span>41&deg;</span></div>\n</div>"},"icon-heading":41,"icon":"http://maps.google.com/mapfiles/kml/shapes/airports.png","timestamp":"2026-05-21T15:07:25+00:00"}},{"type":"Feature","geometry":{"type":"Point","coordinates":[-3.677807,44.579586,11582.4]},"properties":{"name":"2026-05-21 15:07:57 UTC","description":{"@type":"html","value":"<div><div><span><b>Altitude:</b></span> <span>38,000 ft</span></div>\n<div><span><b>Speed:</b></span> <span>462 kt</span></div>\n<div><span><b>Heading:</b></span> <span>41&deg;</span></div>\n</div>"},"icon-heading":41,"icon":"http://maps.google.com/mapfiles/kml/shapes/airports.png","timestamp":"2026-05-21T15:07:57+00:00"}},{"type":"Feature","geometry":{"type":"Point","coordinates":[-3.612736,44.631775,11582.4]},"properties":{"name":"2026-05-21 15:08:30 UTC","description":{"@type":"html","value":"<div><div><span><b>Altitude:</b></span> <span>38,000 ft</span></div>\n<div><span><b>Speed:</b></span> <span>463 kt</span></div>\n<div><span><b>Heading:</b></span> <span>41&deg;</span></div>\n</div>"},"icon-heading":41,"icon":"http://maps.google.com/mapfiles/kml/shapes/airports.png","timestamp":"2026-05-21T15:08:30+00:00"}},{"type":"Feature","geometry":{"type":"Point","coordinates":[-3.552336,44.680374,11582.4]},"properties":{"name":"2026-05-21 15:09:00 UTC","description":{"@type":"html","value":"<div><div><span><b>Altitude:</b></span> <span>38,000 ft</span></div>\n<div><span><b>Speed:</b></span> <span>462 kt</span></div>\n<div><span><b>Heading:</b></span> <span>41&deg;</span></div>\n</div>"},"icon-heading":41,"icon":"http://maps.google.com/mapfiles/kml/shapes/airports.png","timestamp":"2026-05-21T15:09:00+00:00"}},{"type":"Feature","geometry":{"type":"Point","coordinates":[-3.48914,44.731064,11582.4]},"properties":{"name":"2026-05-21 15:09:32 UTC","description":{"@type":"html","value":"<div><div><span><b>Altitude:</b></span> <span>38,000 ft</span></div>\n<div><span><b>Speed:</b></span> <span>461 kt</span></div>\n<div><span><b>Heading:</b></span> <span>41&deg;</span></div>\n</div>"},"icon-heading":41,"icon":"http://maps.google.com/mapfiles/kml/shapes/airports.png","timestamp":"2026-05-21T15:09:32+00:00"}},{"type":"Feature","geometry":{"type":"Point","coordinates":[-3.425119,44.782242,11582.4]},"properties":{"name":"2026-05-21 15:10:04 UTC","description":{"@type":"html","value":"<div><div><span><b>Altitude:</b></span> <span>38,000 ft</span></div>\n<div><span><b>Speed:</b></span> <span>461 kt</span></div>\n<div><span><b>Heading:</b></span> <span>41&deg;</span></div>\n</div>"},"icon-heading":41,"icon":"http://maps.google.com/mapfiles/kml/shapes/airports.png","timestamp":"2026-05-21T15:10:04+00:00"}},{"type":"Feature","geometry":{"type":"Point","coordinates":[-3.361816,44.832691,11582.4]},"properties":{"name":"2026-05-21 15:10:36 UTC","description":{"@type":"html","value":"<div><div><span><b>Altitude:</b></span> <span>38,000 ft</span></div>\n<div><span><b>Speed:</b></span> <span>459 kt</span></div>\n<div><span><b>Heading:</b></span> <span>41&deg;</span></div>\n</div>"},"icon-heading":41,"icon":"http://maps.google.com/mapfiles/kml/shapes/airports.png","timestamp":"2026-05-21T15:10:36+00:00"}},{"type":"Feature","geometry":{"type":"Point","coordinates":[-3.299181,44.882595,11582.4]},"properties":{"name":"2026-05-21 15:11:08 UTC","description":{"@type":"html","value":"<div><div><span><b>Altitude:</b></span> <span>38,000 ft</span></div>\n<div><span><b>Speed:</b></span> <span>460 kt</span></div>\n<div><span><b>Heading:</b></span> <span>41&deg;</span></div>\n</div>"},"icon-heading":41,"icon":"http://maps.google.com/mapfiles/kml/shapes/airports.png","timestamp":"2026-05-21T15:11:08+00:00"}},{"type":"Feature","geometry":{"type":"Point","coordinates":[-3.23737,44.931564,11582.4]},"properties":{"name":"2026-05-21 15:11:38 UTC","description":{"@type":"html","value":"<div><div><span><b>Altitude:</b></span> <span>38,000 ft</span></div>\n<div><span><b>Speed:</b></span> <span>459 kt</span></div>\n<div><span><b>Heading:</b></span> <span>41&deg;</span></div>\n</div>"},"icon-heading":41,"icon":"http://maps.google.com/mapfiles/kml/shapes/airports.png","timestamp":"2026-05-21T15:11:38+00:00"}},{"type":"Feature","geometry":{"type":"Point","coordinates":[-3.174915,44.981007,11574.78]},"properties":{"name":"2026-05-21 15:12:10 UTC","description":{"@type":"html","value":"<div><div><span><b>Altitude:</b></span> <span>37,975 ft</span></div>\n<div><span><b>Speed:</b></span> <span>459 kt</span></div>\n<div><span><b>Heading:</b></span> <span>41&deg;</span></div>\n</div>"},"icon-heading":41,"icon":"http://maps.google.com/mapfiles/kml/shapes/airports.png","timestamp":"2026-05-21T15:12:10+00:00"}},{"type":"Feature","geometry":{"type":"Point","coordinates":[-3.111681,45.030945,11574.78]},"properties":{"name":"2026-05-21 15:12:41 UTC","description":{"@type":"html","value":"<div><div><span><b>Altitude:</b></span> <span>37,975 ft</span></div>\n<div><span><b>Speed:</b></span> <span>460 kt</span></div>\n<div><span><b>Heading:</b></span> <span>41&deg;</span></div>\n</div>"},"icon-heading":41,"icon":"http://maps.google.com/mapfiles/kml/shapes/airports.png","timestamp":"2026-05-21T15:12:41+00:00"}},{"type":"Feature","geometry":{"type":"Point","coordinates":[-3.048505,45.080769,11582.4]},"properties":{"name":"2026-05-21 15:13:13 UTC","description":{"@type":"html","value":"<div><div><span><b>Altitude:</b></span> <span>38,000 ft</span></div>\n<div><span><b>Speed:</b></span> <span>460 kt</span></div>\n<div><span><b>Heading:</b></span> <span>41&deg;</span></div>\n</div>"},"icon-heading":41,"icon":"http://maps.google.com/mapfiles/kml/shapes/airports.png","timestamp":"2026-05-21T15:13:13+00:00"}},{"type":"Feature","geometry":{"type":"Point","coordinates":[-2.983525,45.131927,11582.4]},"properties":{"name":"2026-05-21 15:13:45 UTC","description":{"@type":"html","value":"<div><div><span><b>Altitude:</b></span> <span>38,000 ft</span></div>\n<div><span><b>Speed:</b></span> <span>460 kt</span></div>\n<div><span><b>Heading:</b></span> <span>42&deg;</span></div>\n</div>"},"icon-heading":42,"icon":"http://maps.google.com/mapfiles/kml/shapes/airports.png","timestamp":"2026-05-21T15:13:45+00:00"}},{"type":"Feature","geometry":{"type":"Point","coordinates":[-2.917263,45.183975,11582.4]},"properties":{"name":"2026-05-21 15:14:18 UTC","description":{"@type":"html","value":"<div><div><span><b>Altitude:</b></span> <span>38,000 ft</span></div>\n<div><span><b>Speed:</b></span> <span>460 kt</span></div>\n<div><span><b>Heading:</b></span> <span>42&deg;</span></div>\n</div>"},"icon-heading":42,"icon":"http://maps.google.com/mapfiles/kml/shapes/airports.png","timestamp":"2026-05-21T15:14:18+00:00"}},{"type":"Feature","geometry":{"type":"Point","coordinates":[-2.853096,45.234016,11590.02]},"properties":{"name":"2026-05-21 15:14:50 UTC","description":{"@type":"html","value":"<div><div><span><b>Altitude:</b></span> <span>38,025 ft</span></div>\n<div><span><b>Speed:</b></span> <span>460 kt</span></div>\n<div><span><b>Heading:</b></span> <span>42&deg;</span></div>\n</div>"},"icon-heading":42,"icon":"http://maps.google.com/mapfiles/kml/shapes/airports.png","timestamp":"2026-05-21T15:14:50+00:00"}},{"type":"Feature","geometry":{"type":"Point","coordinates":[-2.790724,45.282623,11590.02]},"properties":{"name":"2026-05-21 15:15:20 UTC","description":{"@type":"html","value":"<div><div><span><b>Altitude:</b></span> <span>38,025 ft</span></div>\n<div><span><b>Speed:</b></span> <span>460 kt</span></div>\n<div><span><b>Heading:</b></span> <span>42&deg;</span></div>\n</div>"},"icon-heading":42,"icon":"http://maps.google.com/mapfiles/kml/shapes/airports.png","timestamp":"2026-05-21T15:15:20+00:00"}},{"type":"Feature","geometry":{"type":"Point","coordinates":[-2.726753,45.332428,11590.02]},"properties":{"name":"2026-05-21 15:15:52 UTC","description":{"@type":"html","value":"<div><div><span><b>Altitude:</b></span> <span>38,025 ft</span></div>\n<div><span><b>Speed:</b></span> <span>460 kt</span></div>\n<div><span><b>Heading:</b></span> <span>42&deg;</span></div>\n</div>"},"icon-heading":42,"icon":"http://maps.google.com/mapfiles/kml/shapes/airports.png","timestamp":"2026-05-21T15:15:52+00:00"}},{"type":"Feature","geometry":{"type":"Point","coordinates":[-2.661307,45.383423,11590.02]},"properties":{"name":"2026-05-21 15:16:24 UTC","description":{"@type":"html","value":"<div><div><span><b>Altitude:</b></span> <span>38,025 ft</span></div>\n<div><span><b>Speed:</b></span> <span>458 kt</span></div>\n<div><span><b>Heading:</b></span> <span>42&deg;</span></div>\n</div>"},"icon-heading":42,"icon":"http://maps.google.com/mapfiles/kml/shapes/airports.png","timestamp":"2026-05-21T15:16:24+00:00"}},{"type":"Feature","geometry":{"type":"Point","coordinates":[-2.596793,45.433449,11582.4]},"properties":{"name":"2026-05-21 15:16:56 UTC","description":{"@type":"html","value":"<div><div><span><b>Altitude:</b></span> <span>38,000 ft</span></div>\n<div><span><b>Speed:</b></span> <span>457 kt</span></div>\n<div><span><b>Heading:</b></span> <span>42&deg;</span></div>\n</div>"},"icon-heading":42,"icon":"http://maps.google.com/mapfiles/kml/shapes/airports.png","timestamp":"2026-05-21T15:16:56+00:00"}},{"type":"Feature","geometry":{"type":"Point","coordinates":[-2.53261,45.482941,11582.4]},"properties":{"name":"2026-05-21 15:17:28 UTC","description":{"@type":"html","value":"<div><div><span><b>Altitude:</b></span> <span>38,000 ft</span></div>\n<div><span><b>Speed:</b></span> <span>457 kt</span></div>\n<div><span><b>Heading:</b></span> <span>42&deg;</span></div>\n</div>"},"icon-heading":42,"icon":"http://maps.google.com/mapfiles/kml/shapes/airports.png","timestamp":"2026-05-21T15:17:28+00:00"}},{"type":"Feature","geometry":{"type":"Point","coordinates":[-2.468981,45.53183,11574.78]},"properties":{"name":"2026-05-21 15:17:59 UTC","description":{"@type":"html","value":"<div><div><span><b>Altitude:</b></span> <span>37,975 ft</span></div>\n<div><span><b>Speed:</b></span> <span>456 kt</span></div>\n<div><span><b>Heading:</b></span> <span>42&deg;</span></div>\n</div>"},"icon-heading":42,"icon":"http://maps.google.com/mapfiles/kml/shapes/airports.png","timestamp":"2026-05-21T15:17:59+00:00"}},{"type":"Feature","geometry":{"type":"Point","coordinates":[-2.4048,45.581177,11574.78]},"properties":{"name":"2026-05-21 15:18:32 UTC","description":{"@type":"html","value":"<div><div><span><b>Altitude:</b></span> <span>37,975 ft</span></div>\n<div><span><b>Speed:</b></span> <span>456 kt</span></div>\n<div><span><b>Heading:</b></span> <span>42&deg;</span></div>\n</div>"},"icon-heading":42,"icon":"http://maps.google.com/mapfiles/kml/shapes/airports.png","timestamp":"2026-05-21T15:18:32+00:00"}},{"type":"Feature","geometry":{"type":"Point","coordinates":[-2.339284,45.631393,11582.4]},"properties":{"name":"2026-05-21 15:19:03 UTC","description":{"@type":"html","value":"<div><div><span><b>Altitude:</b></span> <span>38,000 ft</span></div>\n<div><span><b>Speed:</b></span> <span>455 kt</span></div>\n<div><span><b>Heading:</b></span> <span>42&deg;</span></div>\n</div>"},"icon-heading":42,"icon":"http://maps.google.com/mapfiles/kml/shapes/airports.png","timestamp":"2026-05-21T15:19:03+00:00"}},{"type":"Feature","geometry":{"type":"Point","coordinates":[-2.274925,45.680546,11582.4]},"properties":{"name":"2026-05-21 15:19:36 UTC","description":{"@type":"html","value":"<div><div><span><b>Altitude:</b></span> <span>38,000 ft</span></div>\n<div><span><b>Speed:</b></span> <span>456 kt</span></div>\n<div><span><b>Heading:</b></span> <span>42&deg;</span></div>\n</div>"},"icon-heading":42,"icon":"http://maps.google.com/mapfiles/kml/shapes/airports.png","timestamp":"2026-05-21T15:19:36+00:00"}},{"type":"Feature","geometry":{"type":"Point","coordinates":[-2.211548,45.728962,11582.4]},"properties":{"name":"2026-05-21 15:20:07 UTC","description":{"@type":"html","value":"<div><div><span><b>Altitude:</b></span> <span>38,000 ft</span></div>\n<div><span><b>Speed:</b></span> <span>455 kt</span></div>\n<div><span><b>Heading:</b></span> <span>42&deg;</span></div>\n</div>"},"icon-heading":42,"icon":"http://maps.google.com/mapfiles/kml/shapes/airports.png","timestamp":"2026-05-21T15:20:07+00:00"}},{"type":"Feature","geometry":{"type":"Point","coordinates":[-2.146111,45.77882,11582.4]},"properties":{"name":"2026-05-21 15:20:39 UTC","description":{"@type":"html","value":"<div><div><span><b>Altitude:</b></span> <span>38,000 ft</span></div>\n<div><span><b>Speed:</b></span> <span>455 kt</span></div>\n<div><span><b>Heading:</b></span> <span>42&deg;</span></div>\n</div>"},"icon-heading":42,"icon":"http://maps.google.com/mapfiles/kml/shapes/airports.png","timestamp":"2026-05-21T15:20:39+00:00"}},{"type":"Feature","geometry":{"type":"Point","coordinates":[-2.079766,45.829102,11582.4]},"properties":{"name":"2026-05-21 15:21:11 UTC","description":{"@type":"html","value":"<div><div><span><b>Altitude:</b></span> <span>38,000 ft</span></div>\n<div><span><b>Speed:</b></span> <span>455 kt</span></div>\n<div><span><b>Heading:</b></span> <span>42&deg;</span></div>\n</div>"},"icon-heading":42,"icon":"http://maps.google.com/mapfiles/kml/shapes/airports.png","timestamp":"2026-05-21T15:21:11+00:00"}},{"type":"Feature","geometry":{"type":"Point","coordinates":[-2.015579,45.877651,11582.4]},"properties":{"name":"2026-05-21 15:21:43 UTC","description":{"@type":"html","value":"<div><div><span><b>Altitude:</b></span> <span>38,000 ft</span></div>\n<div><span><b>Speed:</b></span> <span>455 kt</span></div>\n<div><span><b>Heading:</b></span> <span>42&deg;</span></div>\n</div>"},"icon-heading":42,"icon":"http://maps.google.com/mapfiles/kml/shapes/airports.png","timestamp":"2026-05-21T15:21:43+00:00"}},{"type":"Feature","geometry":{"type":"Point","coordinates":[-1.950142,45.92709,11582.4]},"properties":{"name":"2026-05-21 15:22:15 UTC","description":{"@type":"html","value":"<div><div><span><b>Altitude:</b></span> <span>38,000 ft</span></div>\n<div><span><b>Speed:</b></span> <span>455 kt</span></div>\n<div><span><b>Heading:</b></span> <span>42&deg;</span></div>\n</div>"},"icon-heading":42,"icon":"http://maps.google.com/mapfiles/kml/shapes/airports.png","timestamp":"2026-05-21T15:22:15+00:00"}},{"type":"Feature","geometry":{"type":"Point","coordinates":[-1.884293,45.976665,11582.4]},"properties":{"name":"2026-05-21 15:22:47 UTC","description":{"@type":"html","value":"<div><div><span><b>Altitude:</b></span> <span>38,000 ft</span></div>\n<div><span><b>Speed:</b></span> <span>456 kt</span></div>\n<div><span><b>Heading:</b></span> <span>42&deg;</span></div>\n</div>"},"icon-heading":42,"icon":"http://maps.google.com/mapfiles/kml/shapes/airports.png","timestamp":"2026-05-21T15:22:47+00:00"}},{"type":"Feature","geometry":{"type":"Point","coordinates":[-1.818512,46.025826,11582.4]},"properties":{"name":"2026-05-21 15:23:18 UTC","description":{"@type":"html","value":"<div><div><span><b>Altitude:</b></span> <span>38,000 ft</span></div>\n<div><span><b>Speed:</b></span> <span>456 kt</span></div>\n<div><span><b>Heading:</b></span> <span>42&deg;</span></div>\n</div>"},"icon-heading":42,"icon":"http://maps.google.com/mapfiles/kml/shapes/airports.png","timestamp":"2026-05-21T15:23:18+00:00"}},{"type":"Feature","geometry":{"type":"Point","coordinates":[-1.755615,46.072983,11582.4]},"properties":{"name":"2026-05-21 15:23:49 UTC","description":{"@type":"html","value":"<div><div><span><b>Altitude:</b></span> <span>38,000 ft</span></div>\n<div><span><b>Speed:</b></span> <span>456 kt</span></div>\n<div><span><b>Heading:</b></span> <span>42&deg;</span></div>\n</div>"},"icon-heading":42,"icon":"http://maps.google.com/mapfiles/kml/shapes/airports.png","timestamp":"2026-05-21T15:23:49+00:00"}},{"type":"Feature","geometry":{"type":"Point","coordinates":[-1.689423,46.122654,11590.02]},"properties":{"name":"2026-05-21 15:24:21 UTC","description":{"@type":"html","value":"<div><div><span><b>Altitude:</b></span> <span>38,025 ft</span></div>\n<div><span><b>Speed:</b></span> <span>457 kt</span></div>\n<div><span><b>Heading:</b></span> <span>42&deg;</span></div>\n</div>"},"icon-heading":42,"icon":"http://maps.google.com/mapfiles/kml/shapes/airports.png","timestamp":"2026-05-21T15:24:21+00:00"}},{"type":"Feature","geometry":{"type":"Point","coordinates":[-1.624123,46.171299,11590.02]},"properties":{"name":"2026-05-21 15:24:53 UTC","description":{"@type":"html","value":"<div><div><span><b>Altitude:</b></span> <span>38,025 ft</span></div>\n<div><span><b>Speed:</b></span> <span>457 kt</span></div>\n<div><span><b>Heading:</b></span> <span>43&deg;</span></div>\n</div>"},"icon-heading":43,"icon":"http://maps.google.com/mapfiles/kml/shapes/airports.png","timestamp":"2026-05-21T15:24:53+00:00"}},{"type":"Feature","geometry":{"type":"Point","coordinates":[-1.559029,46.219574,11590.02]},"properties":{"name":"2026-05-21 15:25:24 UTC","description":{"@type":"html","value":"<div><div><span><b>Altitude:</b></span> <span>38,025 ft</span></div>\n<div><span><b>Speed:</b></span> <span>457 kt</span></div>\n<div><span><b>Heading:</b></span> <span>43&deg;</span></div>\n</div>"},"icon-heading":43,"icon":"http://maps.google.com/mapfiles/kml/shapes/airports.png","timestamp":"2026-05-21T15:25:24+00:00"}},{"type":"Feature","geometry":{"type":"Point","coordinates":[-1.492149,46.269295,11582.4]},"properties":{"name":"2026-05-21 15:25:56 UTC","description":{"@type":"html","value":"<div><div><span><b>Altitude:</b></span> <span>38,000 ft</span></div>\n<div><span><b>Speed:</b></span> <span>457 kt</span></div>\n<div><span><b>Heading:</b></span> <span>42&deg;</span></div>\n</div>"},"icon-heading":42,"icon":"http://maps.google.com/mapfiles/kml/shapes/airports.png","timestamp":"2026-05-21T15:25:56+00:00"}},{"type":"Feature","geometry":{"type":"Point","coordinates":[-1.425543,46.318634,11582.4]},"properties":{"name":"2026-05-21 15:26:28 UTC","description":{"@type":"html","value":"<div><div><span><b>Altitude:</b></span> <span>38,000 ft</span></div>\n<div><span><b>Speed:</b></span> <span>457 kt</span></div>\n<div><span><b>Heading:</b></span> <span>43&deg;</span></div>\n</div>"},"icon-heading":43,"icon":"http://maps.google.com/mapfiles/kml/shapes/airports.png","timestamp":"2026-05-21T15:26:28+00:00"}},{"type":"Feature","geometry":{"type":"Point","coordinates":[-1.358116,46.368263,11582.4]},"properties":{"name":"2026-05-21 15:27:00 UTC","description":{"@type":"html","value":"<div><div><span><b>Altitude:</b></span> <span>38,000 ft</span></div>\n<div><span><b>Speed:</b></span> <span>456 kt</span></div>\n<div><span><b>Heading:</b></span> <span>43&deg;</span></div>\n</div>"},"icon-heading":43,"icon":"http://maps.google.com/mapfiles/kml/shapes/airports.png","timestamp":"2026-05-21T15:27:00+00:00"}},{"type":"Feature","geometry":{"type":"Point","coordinates":[-1.292233,46.416824,11582.4]},"properties":{"name":"2026-05-21 15:27:32 UTC","description":{"@type":"html","value":"<div><div><span><b>Altitude:</b></span> <span>38,000 ft</span></div>\n<div><span><b>Speed:</b></span> <span>456 kt</span></div>\n<div><span><b>Heading:</b></span> <span>43&deg;</span></div>\n</div>"},"icon-heading":43,"icon":"http://maps.google.com/mapfiles/kml/shapes/airports.png","timestamp":"2026-05-21T15:27:32+00:00"}},{"type":"Feature","geometry":{"type":"Point","coordinates":[-1.227104,46.464672,11582.4]},"properties":{"name":"2026-05-21 15:28:03 UTC","description":{"@type":"html","value":"<div><div><span><b>Altitude:</b></span> <span>38,000 ft</span></div>\n<div><span><b>Speed:</b></span> <span>455 kt</span></div>\n<div><span><b>Heading:</b></span> <span>43&deg;</span></div>\n</div>"},"icon-heading":43,"icon":"http://maps.google.com/mapfiles/kml/shapes/airports.png","timestamp":"2026-05-21T15:28:03+00:00"}},{"type":"Feature","geometry":{"type":"Point","coordinates":[-1.161402,46.512589,11582.4]},"properties":{"name":"2026-05-21 15:28:35 UTC","description":{"@type":"html","value":"<div><div><span><b>Altitude:</b></span> <span>38,000 ft</span></div>\n<div><span><b>Speed:</b></span> <span>454 kt</span></div>\n<div><span><b>Heading:</b></span> <span>43&deg;</span></div>\n</div>"},"icon-heading":43,"icon":"http://maps.google.com/mapfiles/kml/shapes/airports.png","timestamp":"2026-05-21T15:28:35+00:00"}},{"type":"Feature","geometry":{"type":"Point","coordinates":[-1.09468,46.56134,11582.4]},"properties":{"name":"2026-05-21 15:29:07 UTC","description":{"@type":"html","value":"<div><div><span><b>Altitude:</b></span> <span>38,000 ft</span></div>\n<div><span><b>Speed:</b></span> <span>453 kt</span></div>\n<div><span><b>Heading:</b></span> <span>43&deg;</span></div>\n</div>"},"icon-heading":43,"icon":"http://maps.google.com/mapfiles/kml/shapes/airports.png","timestamp":"2026-05-21T15:29:07+00:00"}},{"type":"Feature","geometry":{"type":"Point","coordinates":[-1.029432,46.608994,11574.78]},"properties":{"name":"2026-05-21 15:29:38 UTC","description":{"@type":"html","value":"<div><div><span><b>Altitude:</b></span> <span>37,975 ft</span></div>\n<div><span><b>Speed:</b></span> <span>452 kt</span></div>\n<div><span><b>Heading:</b></span> <span>43&deg;</span></div>\n</div>"},"icon-heading":43,"icon":"http://maps.google.com/mapfiles/kml/shapes/airports.png","timestamp":"2026-05-21T15:29:38+00:00"}},{"type":"Feature","geometry":{"type":"Point","coordinates":[-0.963089,46.657261,11574.78]},"properties":{"name":"2026-05-21 15:30:10 UTC","description":{"@type":"html","value":"<div><div><span><b>Altitude:</b></span> <span>37,975 ft</span></div>\n<div><span><b>Speed:</b></span> <span>452 kt</span></div>\n<div><span><b>Heading:</b></span> <span>43&deg;</span></div>\n</div>"},"icon-heading":43,"icon":"http://maps.google.com/mapfiles/kml/shapes/airports.png","timestamp":"2026-05-21T15:30:10+00:00"}},{"type":"Feature","geometry":{"type":"Point","coordinates":[-0.897261,46.704895,11574.78]},"properties":{"name":"2026-05-21 15:30:41 UTC","description":{"@type":"html","value":"<div><div><span><b>Altitude:</b></span> <span>37,975 ft</span></div>\n<div><span><b>Speed:</b></span> <span>454 kt</span></div>\n<div><span><b>Heading:</b></span> <span>43&deg;</span></div>\n</div>"},"icon-heading":43,"icon":"http://maps.google.com/mapfiles/kml/shapes/airports.png","timestamp":"2026-05-21T15:30:41+00:00"}},{"type":"Feature","geometry":{"type":"Point","coordinates":[-0.831477,46.752548,11574.78]},"properties":{"name":"2026-05-21 15:31:13 UTC","description":{"@type":"html","value":"<div><div><span><b>Altitude:</b></span> <span>37,975 ft</span></div>\n<div><span><b>Speed:</b></span> <span>456 kt</span></div>\n<div><span><b>Heading:</b></span> <span>43&deg;</span></div>\n</div>"},"icon-heading":43,"icon":"http://maps.google.com/mapfiles/kml/shapes/airports.png","timestamp":"2026-05-21T15:31:13+00:00"}},{"type":"Feature","geometry":{"type":"Point","coordinates":[-0.763687,46.801479,11582.4]},"properties":{"name":"2026-05-21 15:31:44 UTC","description":{"@type":"html","value":"<div><div><span><b>Altitude:</b></span> <span>38,000 ft</span></div>\n<div><span><b>Speed:</b></span> <span>456 kt</span></div>\n<div><span><b>Heading:</b></span> <span>43&deg;</span></div>\n</div>"},"icon-heading":43,"icon":"http://maps.google.com/mapfiles/kml/shapes/airports.png","timestamp":"2026-05-21T15:31:44+00:00"}},{"type":"Feature","geometry":{"type":"Point","coordinates":[-0.696121,46.849846,11590.02]},"properties":{"name":"2026-05-21 15:32:16 UTC","description":{"@type":"html","value":"<div><div><span><b>Altitude:</b></span> <span>38,025 ft</span></div>\n<div><span><b>Speed:</b></span> <span>456 kt</span></div>\n<div><span><b>Heading:</b></span> <span>43&deg;</span></div>\n</div>"},"icon-heading":43,"icon":"http://maps.google.com/mapfiles/kml/shapes/airports.png","timestamp":"2026-05-21T15:32:16+00:00"}},{"type":"Feature","geometry":{"type":"Point","coordinates":[-0.628075,46.898575,11590.02]},"properties":{"name":"2026-05-21 15:32:48 UTC","description":{"@type":"html","value":"<div><div><span><b>Altitude:</b></span> <span>38,025 ft</span></div>\n<div><span><b>Speed:</b></span> <span>456 kt</span></div>\n<div><span><b>Heading:</b></span> <span>43&deg;</span></div>\n</div>"},"icon-heading":43,"icon":"http://maps.google.com/mapfiles/kml/shapes/airports.png","timestamp":"2026-05-21T15:32:48+00:00"}},{"type":"Feature","geometry":{"type":"Point","coordinates":[-0.561539,46.946365,11590.02]},"properties":{"name":"2026-05-21 15:33:20 UTC","description":{"@type":"html","value":"<div><div><span><b>Altitude:</b></span> <span>38,025 ft</span></div>\n<div><span><b>Speed:</b></span> <span>456 kt</span></div>\n<div><span><b>Heading:</b></span> <span>43&deg;</span></div>\n</div>"},"icon-heading":43,"icon":"http://maps.google.com/mapfiles/kml/shapes/airports.png","timestamp":"2026-05-21T15:33:20+00:00"}},{"type":"Feature","geometry":{"type":"Point","coordinates":[-0.492765,46.99551,11590.02]},"properties":{"name":"2026-05-21 15:33:52 UTC","description":{"@type":"html","value":"<div><div><span><b>Altitude:</b></span> <span>38,025 ft</span></div>\n<div><span><b>Speed:</b></span> <span>456 kt</span></div>\n<div><span><b>Heading:</b></span> <span>43&deg;</span></div>\n</div>"},"icon-heading":43,"icon":"http://maps.google.com/mapfiles/kml/shapes/airports.png","timestamp":"2026-05-21T15:33:52+00:00"}},{"type":"Feature","geometry":{"type":"Point","coordinates":[-0.424416,47.044052,11590.02]},"properties":{"name":"2026-05-21 15:34:24 UTC","description":{"@type":"html","value":"<div><div><span><b>Altitude:</b></span> <span>38,025 ft</span></div>\n<div><span><b>Speed:</b></span> <span>456 kt</span></div>\n<div><span><b>Heading:</b></span> <span>44&deg;</span></div>\n</div>"},"icon-heading":44,"icon":"http://maps.google.com/mapfiles/kml/shapes/airports.png","timestamp":"2026-05-21T15:34:24+00:00"}},{"type":"Feature","geometry":{"type":"Point","coordinates":[-0.358605,47.09066,11582.4]},"properties":{"name":"2026-05-21 15:34:55 UTC","description":{"@type":"html","value":"<div><div><span><b>Altitude:</b></span> <span>38,000 ft</span></div>\n<div><span><b>Speed:</b></span> <span>455 kt</span></div>\n<div><span><b>Heading:</b></span> <span>44&deg;</span></div>\n</div>"},"icon-heading":44,"icon":"http://maps.google.com/mapfiles/kml/shapes/airports.png","timestamp":"2026-05-21T15:34:55+00:00"}},{"type":"Feature","geometry":{"type":"Point","coordinates":[-0.290926,47.138565,11582.4]},"properties":{"name":"2026-05-21 15:35:27 UTC","description":{"@type":"html","value":"<div><div><span><b>Altitude:</b></span> <span>38,000 ft</span></div>\n<div><span><b>Speed:</b></span> <span>454 kt</span></div>\n<div><span><b>Heading:</b></span> <span>44&deg;</span></div>\n</div>"},"icon-heading":44,"icon":"http://maps.google.com/mapfiles/kml/shapes/airports.png","timestamp":"2026-05-21T15:35:27+00:00"}},{"type":"Feature","geometry":{"type":"Point","coordinates":[-0.223984,47.185913,11582.4]},"properties":{"name":"2026-05-21 15:35:58 UTC","description":{"@type":"html","value":"<div><div><span><b>Altitude:</b></span> <span>38,000 ft</span></div>\n<div><span><b>Speed:</b></span> <span>454 kt</span></div>\n<div><span><b>Heading:</b></span> <span>44&deg;</span></div>\n</div>"},"icon-heading":44,"icon":"http://maps.google.com/mapfiles/kml/shapes/airports.png","timestamp":"2026-05-21T15:35:58+00:00"}},{"type":"Feature","geometry":{"type":"Point","coordinates":[-0.157173,47.232971,11582.4]},"properties":{"name":"2026-05-21 15:36:29 UTC","description":{"@type":"html","value":"<div><div><span><b>Altitude:</b></span> <span>38,000 ft</span></div>\n<div><span><b>Speed:</b></span> <span>452 kt</span></div>\n<div><span><b>Heading:</b></span> <span>44&deg;</span></div>\n</div>"},"icon-heading":44,"icon":"http://maps.google.com/mapfiles/kml/shapes/airports.png","timestamp":"2026-05-21T15:36:29+00:00"}},{"type":"Feature","geometry":{"type":"Point","coordinates":[-0.090363,47.279846,11574.78]},"properties":{"name":"2026-05-21 15:37:01 UTC","description":{"@type":"html","value":"<div><div><span><b>Altitude:</b></span> <span>37,975 ft</span></div>\n<div><span><b>Speed:</b></span> <span>451 kt</span></div>\n<div><span><b>Heading:</b></span> <span>44&deg;</span></div>\n</div>"},"icon-heading":44,"icon":"http://maps.google.com/mapfiles/kml/shapes/airports.png","timestamp":"2026-05-21T15:37:01+00:00"}},{"type":"Feature","geometry":{"type":"Point","coordinates":[-0.022888,47.327053,11574.78]},"properties":{"name":"2026-05-21 15:37:32 UTC","description":{"@type":"html","value":"<div><div><span><b>Altitude:</b></span> <span>37,975 ft</span></div>\n<div><span><b>Speed:</b></span> <span>451 kt</span></div>\n<div><span><b>Heading:</b></span> <span>44&deg;</span></div>\n</div>"},"icon-heading":44,"icon":"http://maps.google.com/mapfiles/kml/shapes/airports.png","timestamp":"2026-05-21T15:37:32+00:00"}},{"type":"Feature","geometry":{"type":"Point","coordinates":[0.043259,47.373367,11574.78]},"properties":{"name":"2026-05-21 15:38:03 UTC","description":{"@type":"html","value":"<div><div><span><b>Altitude:</b></span> <span>37,975 ft</span></div>\n<div><span><b>Speed:</b></span> <span>451 kt</span></div>\n<div><span><b>Heading:</b></span> <span>44&deg;</span></div>\n</div>"},"icon-heading":44,"icon":"http://maps.google.com/mapfiles/kml/shapes/airports.png","timestamp":"2026-05-21T15:38:03+00:00"}},{"type":"Feature","geometry":{"type":"Point","coordinates":[0.110286,47.419739,11582.4]},"properties":{"name":"2026-05-21 15:38:34 UTC","description":{"@type":"html","value":"<div><div><span><b>Altitude:</b></span> <span>38,000 ft</span></div>\n<div><span><b>Speed:</b></span> <span>450 kt</span></div>\n<div><span><b>Heading:</b></span> <span>44&deg;</span></div>\n</div>"},"icon-heading":44,"icon":"http://maps.google.com/mapfiles/kml/shapes/airports.png","timestamp":"2026-05-21T15:38:34+00:00"}},{"type":"Feature","geometry":{"type":"Point","coordinates":[0.178322,47.46666,11582.4]},"properties":{"name":"2026-05-21 15:39:06 UTC","description":{"@type":"html","value":"<div><div><span><b>Altitude:</b></span> <span>38,000 ft</span></div>\n<div><span><b>Speed:</b></span> <span>451 kt</span></div>\n<div><span><b>Heading:</b></span> <span>44&deg;</span></div>\n</div>"},"icon-heading":44,"icon":"http://maps.google.com/mapfiles/kml/shapes/airports.png","timestamp":"2026-05-21T15:39:06+00:00"}},{"type":"Feature","geometry":{"type":"Point","coordinates":[0.246418,47.513447,11582.4]},"properties":{"name":"2026-05-21 15:39:37 UTC","description":{"@type":"html","value":"<div><div><span><b>Altitude:</b></span> <span>38,000 ft</span></div>\n<div><span><b>Speed:</b></span> <span>451 kt</span></div>\n<div><span><b>Heading:</b></span> <span>44&deg;</span></div>\n</div>"},"icon-heading":44,"icon":"http://maps.google.com/mapfiles/kml/shapes/airports.png","timestamp":"2026-05-21T15:39:37+00:00"}},{"type":"Feature","geometry":{"type":"Point","coordinates":[0.312286,47.558624,11582.4]},"properties":{"name":"2026-05-21 15:40:08 UTC","description":{"@type":"html","value":"<div><div><span><b>Altitude:</b></span> <span>38,000 ft</span></div>\n<div><span><b>Speed:</b></span> <span>452 kt</span></div>\n<div><span><b>Heading:</b></span> <span>44&deg;</span></div>\n</div>"},"icon-heading":44,"icon":"http://maps.google.com/mapfiles/kml/shapes/airports.png","timestamp":"2026-05-21T15:40:08+00:00"}},{"type":"Feature","geometry":{"type":"Point","coordinates":[0.381294,47.605865,11590.02]},"properties":{"name":"2026-05-21 15:40:39 UTC","description":{"@type":"html","value":"<div><div><span><b>Altitude:</b></span> <span>38,025 ft</span></div>\n<div><span><b>Speed:</b></span> <span>452 kt</span></div>\n<div><span><b>Heading:</b></span> <span>44&deg;</span></div>\n</div>"},"icon-heading":44,"icon":"http://maps.google.com/mapfiles/kml/shapes/airports.png","timestamp":"2026-05-21T15:40:39+00:00"}},{"type":"Feature","geometry":{"type":"Point","coordinates":[0.44727,47.651009,11590.02]},"properties":{"name":"2026-05-21 15:41:10 UTC","description":{"@type":"html","value":"<div><div><span><b>Altitude:</b></span> <span>38,025 ft</span></div>\n<div><span><b>Speed:</b></span> <span>451 kt</span></div>\n<div><span><b>Heading:</b></span> <span>44&deg;</span></div>\n</div>"},"icon-heading":44,"icon":"http://maps.google.com/mapfiles/kml/shapes/airports.png","timestamp":"2026-05-21T15:41:10+00:00"}},{"type":"Feature","geometry":{"type":"Point","coordinates":[0.516495,47.698517,11590.02]},"properties":{"name":"2026-05-21 15:41:42 UTC","description":{"@type":"html","value":"<div><div><span><b>Altitude:</b></span> <span>38,025 ft</span></div>\n<div><span><b>Speed:</b></span> <span>451 kt</span></div>\n<div><span><b>Heading:</b></span> <span>44&deg;</span></div>\n</div>"},"icon-heading":44,"icon":"http://maps.google.com/mapfiles/kml/shapes/airports.png","timestamp":"2026-05-21T15:41:42+00:00"}},{"type":"Feature","geometry":{"type":"Point","coordinates":[0.583855,47.744568,11590.02]},"properties":{"name":"2026-05-21 15:42:13 UTC","description":{"@type":"html","value":"<div><div><span><b>Altitude:</b></span> <span>38,025 ft</span></div>\n<div><span><b>Speed:</b></span> <span>450 kt</span></div>\n<div><span><b>Heading:</b></span> <span>44&deg;</span></div>\n</div>"},"icon-heading":44,"icon":"http://maps.google.com/mapfiles/kml/shapes/airports.png","timestamp":"2026-05-21T15:42:13+00:00"}},{"type":"Feature","geometry":{"type":"Point","coordinates":[0.65197,47.790939,11582.4]},"properties":{"name":"2026-05-21 15:42:45 UTC","description":{"@type":"html","value":"<div><div><span><b>Altitude:</b></span> <span>38,000 ft</span></div>\n<div><span><b>Speed:</b></span> <span>449 kt</span></div>\n<div><span><b>Heading:</b></span> <span>44&deg;</span></div>\n</div>"},"icon-heading":44,"icon":"http://maps.google.com/mapfiles/kml/shapes/airports.png","timestamp":"2026-05-21T15:42:45+00:00"}},{"type":"Feature","geometry":{"type":"Point","coordinates":[0.721013,47.837826,11582.4]},"properties":{"name":"2026-05-21 15:43:16 UTC","description":{"@type":"html","value":"<div><div><span><b>Altitude:</b></span> <span>38,000 ft</span></div>\n<div><span><b>Speed:</b></span> <span>449 kt</span></div>\n<div><span><b>Heading:</b></span> <span>44&deg;</span></div>\n</div>"},"icon-heading":44,"icon":"http://maps.google.com/mapfiles/kml/shapes/airports.png","timestamp":"2026-05-21T15:43:16+00:00"}},{"type":"Feature","geometry":{"type":"Point","coordinates":[0.788551,47.88382,11574.78]},"properties":{"name":"2026-05-21 15:43:47 UTC","description":{"@type":"html","value":"<div><div><span><b>Altitude:</b></span> <span>37,975 ft</span></div>\n<div><span><b>Speed:</b></span> <span>449 kt</span></div>\n<div><span><b>Heading:</b></span> <span>44&deg;</span></div>\n</div>"},"icon-heading":44,"icon":"http://maps.google.com/mapfiles/kml/shapes/airports.png","timestamp":"2026-05-21T15:43:47+00:00"}},{"type":"Feature","geometry":{"type":"Point","coordinates":[0.855032,47.929161,11582.4]},"properties":{"name":"2026-05-21 15:44:18 UTC","description":{"@type":"html","value":"<div><div><span><b>Altitude:</b></span> <span>38,000 ft</span></div>\n<div><span><b>Speed:</b></span> <span>449 kt</span></div>\n<div><span><b>Heading:</b></span> <span>44&deg;</span></div>\n</div>"},"icon-heading":44,"icon":"http://maps.google.com/mapfiles/kml/shapes/airports.png","timestamp":"2026-05-21T15:44:18+00:00"}},{"type":"Feature","geometry":{"type":"Point","coordinates":[0.923058,47.975281,11574.78]},"properties":{"name":"2026-05-21 15:44:50 UTC","description":{"@type":"html","value":"<div><div><span><b>Altitude:</b></span> <span>37,975 ft</span></div>\n<div><span><b>Speed:</b></span> <span>450 kt</span></div>\n<div><span><b>Heading:</b></span> <span>44&deg;</span></div>\n</div>"},"icon-heading":44,"icon":"http://maps.google.com/mapfiles/kml/shapes/airports.png","timestamp":"2026-05-21T15:44:50+00:00"}},{"type":"Feature","geometry":{"type":"Point","coordinates":[0.992889,48.022385,11582.4]},"properties":{"name":"2026-05-21 15:45:22 UTC","description":{"@type":"html","value":"<div><div><span><b>Altitude:</b></span> <span>38,000 ft</span></div>\n<div><span><b>Speed:</b></span> <span>449 kt</span></div>\n<div><span><b>Heading:</b></span> <span>44&deg;</span></div>\n</div>"},"icon-heading":44,"icon":"http://maps.google.com/mapfiles/kml/shapes/airports.png","timestamp":"2026-05-21T15:45:22+00:00"}},{"type":"Feature","geometry":{"type":"Point","coordinates":[1.0618,48.068771,11582.4]},"properties":{"name":"2026-05-21 15:45:53 UTC","description":{"@type":"html","value":"<div><div><span><b>Altitude:</b></span> <span>38,000 ft</span></div>\n<div><span><b>Speed:</b></span> <span>450 kt</span></div>\n<div><span><b>Heading:</b></span> <span>44&deg;</span></div>\n</div>"},"icon-heading":44,"icon":"http://maps.google.com/mapfiles/kml/shapes/airports.png","timestamp":"2026-05-21T15:45:53+00:00"}},{"type":"Feature","geometry":{"type":"Point","coordinates":[1.13063,48.114761,11582.4]},"properties":{"name":"2026-05-21 15:46:24 UTC","description":{"@type":"html","value":"<div><div><span><b>Altitude:</b></span> <span>38,000 ft</span></div>\n<div><span><b>Speed:</b></span> <span>451 kt</span></div>\n<div><span><b>Heading:</b></span> <span>45&deg;</span></div>\n</div>"},"icon-heading":45,"icon":"http://maps.google.com/mapfiles/kml/shapes/airports.png","timestamp":"2026-05-21T15:46:24+00:00"}},{"type":"Feature","geometry":{"type":"Point","coordinates":[1.197932,48.159966,11590.02]},"properties":{"name":"2026-05-21 15:46:55 UTC","description":{"@type":"html","value":"<div><div><span><b>Altitude:</b></span> <span>38,025 ft</span></div>\n<div><span><b>Speed:</b></span> <span>450 kt</span></div>\n<div><span><b>Heading:</b></span> <span>44&deg;</span></div>\n</div>"},"icon-heading":44,"icon":"http://maps.google.com/mapfiles/kml/shapes/airports.png","timestamp":"2026-05-21T15:46:55+00:00"}},{"type":"Feature","geometry":{"type":"Point","coordinates":[1.267186,48.206238,11590.02]},"properties":{"name":"2026-05-21 15:47:26 UTC","description":{"@type":"html","value":"<div><div><span><b>Altitude:</b></span> <span>38,025 ft</span></div>\n<div><span><b>Speed:</b></span> <span>450 kt</span></div>\n<div><span><b>Heading:</b></span> <span>45&deg;</span></div>\n</div>"},"icon-heading":45,"icon":"http://maps.google.com/mapfiles/kml/shapes/airports.png","timestamp":"2026-05-21T15:47:26+00:00"}},{"type":"Feature","geometry":{"type":"Point","coordinates":[1.336935,48.252651,11590.02]},"properties":{"name":"2026-05-21 15:47:58 UTC","description":{"@type":"html","value":"<div><div><span><b>Altitude:</b></span> <span>38,025 ft</span></div>\n<div><span><b>Speed:</b></span> <span>448 kt</span></div>\n<div><span><b>Heading:</b></span> <span>45&deg;</span></div>\n</div>"},"icon-heading":45,"icon":"http://maps.google.com/mapfiles/kml/shapes/airports.png","timestamp":"2026-05-21T15:47:58+00:00"}},{"type":"Feature","geometry":{"type":"Point","coordinates":[1.405475,48.298096,11582.4]},"properties":{"name":"2026-05-21 15:48:29 UTC","description":{"@type":"html","value":"<div><div><span><b>Altitude:</b></span> <span>38,000 ft</span></div>\n<div><span><b>Speed:</b></span> <span>448 kt</span></div>\n<div><span><b>Heading:</b></span> <span>45&deg;</span></div>\n</div>"},"icon-heading":45,"icon":"http://maps.google.com/mapfiles/kml/shapes/airports.png","timestamp":"2026-05-21T15:48:29+00:00"}},{"type":"Feature","geometry":{"type":"Point","coordinates":[1.473903,48.343521,11582.4]},"properties":{"name":"2026-05-21 15:49:01 UTC","description":{"@type":"html","value":"<div><div><span><b>Altitude:</b></span> <span>38,000 ft</span></div>\n<div><span><b>Speed:</b></span> <span>449 kt</span></div>\n<div><span><b>Heading:</b></span> <span>45&deg;</span></div>\n</div>"},"icon-heading":45,"icon":"http://maps.google.com/mapfiles/kml/shapes/airports.png","timestamp":"2026-05-21T15:49:01+00:00"}},{"type":"Feature","geometry":{"type":"Point","coordinates":[1.54741,48.391842,11582.4]},"properties":{"name":"2026-05-21 15:49:34 UTC","description":{"@type":"html","value":"<div><div><span><b>Altitude:</b></span> <span>38,000 ft</span></div>\n<div><span><b>Speed:</b></span> <span>449 kt</span></div>\n<div><span><b>Heading:</b></span> <span>45&deg;</span></div>\n</div>"},"icon-heading":45,"icon":"http://maps.google.com/mapfiles/kml/shapes/airports.png","timestamp":"2026-05-21T15:49:34+00:00"}},{"type":"Feature","geometry":{"type":"Point","coordinates":[1.616364,48.437229,11574.78]},"properties":{"name":"2026-05-21 15:50:05 UTC","description":{"@type":"html","value":"<div><div><span><b>Altitude:</b></span> <span>37,975 ft</span></div>\n<div><span><b>Speed:</b></span> <span>449 kt</span></div>\n<div><span><b>Heading:</b></span> <span>45&deg;</span></div>\n</div>"},"icon-heading":45,"icon":"http://maps.google.com/mapfiles/kml/shapes/airports.png","timestamp":"2026-05-21T15:50:05+00:00"}},{"type":"Feature","geometry":{"type":"Point","coordinates":[1.685823,48.482899,11582.4]},"properties":{"name":"2026-05-21 15:50:36 UTC","description":{"@type":"html","value":"<div><div><span><b>Altitude:</b></span> <span>38,000 ft</span></div>\n<div><span><b>Speed:</b></span> <span>449 kt</span></div>\n<div><span><b>Heading:</b></span> <span>45&deg;</span></div>\n</div>"},"icon-heading":45,"icon":"http://maps.google.com/mapfiles/kml/shapes/airports.png","timestamp":"2026-05-21T15:50:36+00:00"}},{"type":"Feature","geometry":{"type":"Point","coordinates":[1.7557,48.528717,11590.02]},"properties":{"name":"2026-05-21 15:51:07 UTC","description":{"@type":"html","value":"<div><div><span><b>Altitude:</b></span> <span>38,025 ft</span></div>\n<div><span><b>Speed:</b></span> <span>450 kt</span></div>\n<div><span><b>Heading:</b></span> <span>45&deg;</span></div>\n</div>"},"icon-heading":45,"icon":"http://maps.google.com/mapfiles/kml/shapes/airports.png","timestamp":"2026-05-21T15:51:07+00:00"}},{"type":"Feature","geometry":{"type":"Point","coordinates":[1.809645,48.559433,11582.4]},"properties":{"name":"2026-05-21 15:51:30 UTC","description":{"@type":"html","value":"<div><div><span><b>Altitude:</b></span> <span>38,000 ft</span></div>\n<div><span><b>Speed:</b></span> <span>452 kt</span></div>\n<div><span><b>Heading:</b></span> <span>57&deg;</span></div>\n</div>"},"icon-heading":57,"icon":"http://maps.google.com/mapfiles/kml/shapes/airports.png","timestamp":"2026-05-21T15:51:30+00:00"}},{"type":"Feature","geometry":{"type":"Point","coordinates":[1.815279,48.561722,11582.4]},"properties":{"name":"2026-05-21 15:51:32 UTC","description":{"@type":"html","value":"<div><div><span><b>Altitude:</b></span> <span>38,000 ft</span></div>\n<div><span><b>Speed:</b></span> <span>453 kt</span></div>\n<div><span><b>Heading:</b></span> <span>58&deg;</span></div>\n</div>"},"icon-heading":58,"icon":"http://maps.google.com/mapfiles/kml/shapes/airports.png","timestamp":"2026-05-21T15:51:32+00:00"}},{"type":"Feature","geometry":{"type":"Point","coordinates":[1.820491,48.56369,11582.4]},"properties":{"name":"2026-05-21 15:51:34 UTC","description":{"@type":"html","value":"<div><div><span><b>Altitude:</b></span> <span>38,000 ft</span></div>\n<div><span><b>Speed:</b></span> <span>453 kt</span></div>\n<div><span><b>Heading:</b></span> <span>60&deg;</span></div>\n</div>"},"icon-heading":60,"icon":"http://maps.google.com/mapfiles/kml/shapes/airports.png","timestamp":"2026-05-21T15:51:34+00:00"}},{"type":"Feature","geometry":{"type":"Point","coordinates":[1.825754,48.565575,11582.4]},"properties":{"name":"2026-05-21 15:51:36 UTC","description":{"@type":"html","value":"<div><div><span><b>Altitude:</b></span> <span>38,000 ft</span></div>\n<div><span><b>Speed:</b></span> <span>454 kt</span></div>\n<div><span><b>Heading:</b></span> <span>62&deg;</span></div>\n</div>"},"icon-heading":62,"icon":"http://maps.google.com/mapfiles/kml/shapes/airports.png","timestamp":"2026-05-21T15:51:36+00:00"}},{"type":"Feature","geometry":{"type":"Point","coordinates":[1.83197,48.567627,11582.4]},"properties":{"name":"2026-05-21 15:51:38 UTC","description":{"@type":"html","value":"<div><div><span><b>Altitude:</b></span> <span>38,000 ft</span></div>\n<div><span><b>Speed:</b></span> <span>454 kt</span></div>\n<div><span><b>Heading:</b></span> <span>63&deg;</span></div>\n</div>"},"icon-heading":63,"icon":"http://maps.google.com/mapfiles/kml/shapes/airports.png","timestamp":"2026-05-21T15:51:38+00:00"}},{"type":"Feature","geometry":{"type":"Point","coordinates":[1.838258,48.56958,11582.4]},"properties":{"name":"2026-05-21 15:51:40 UTC","description":{"@type":"html","value":"<div><div><span><b>Altitude:</b></span> <span>38,000 ft</span></div>\n<div><span><b>Speed:</b></span> <span>454 kt</span></div>\n<div><span><b>Heading:</b></span> <span>65&deg;</span></div>\n</div>"},"icon-heading":65,"icon":"http://maps.google.com/mapfiles/kml/shapes/airports.png","timestamp":"2026-05-21T15:51:40+00:00"}},{"type":"Feature","geometry":{"type":"Point","coordinates":[1.843802,48.571106,11582.4]},"properties":{"name":"2026-05-21 15:51:42 UTC","description":{"@type":"html","value":"<div><div><span><b>Altitude:</b></span> <span>38,000 ft</span></div>\n<div><span><b>Speed:</b></span> <span>454 kt</span></div>\n<div><span><b>Heading:</b></span> <span>67&deg;</span></div>\n</div>"},"icon-heading":67,"icon":"http://maps.google.com/mapfiles/kml/shapes/airports.png","timestamp":"2026-05-21T15:51:42+00:00"}},{"type":"Feature","geometry":{"type":"Point","coordinates":[1.849751,48.572651,11582.4]},"properties":{"name":"2026-05-21 15:51:44 UTC","description":{"@type":"html","value":"<div><div><span><b>Altitude:</b></span> <span>38,000 ft</span></div>\n<div><span><b>Speed:</b></span> <span>454 kt</span></div>\n<div><span><b>Heading:</b></span> <span>68&deg;</span></div>\n</div>"},"icon-heading":68,"icon":"http://maps.google.com/mapfiles/kml/shapes/airports.png","timestamp":"2026-05-21T15:51:44+00:00"}},{"type":"Feature","geometry":{"type":"Point","coordinates":[1.856267,48.574219,11582.4]},"properties":{"name":"2026-05-21 15:51:46 UTC","description":{"@type":"html","value":"<div><div><span><b>Altitude:</b></span> <span>38,000 ft</span></div>\n<div><span><b>Speed:</b></span> <span>454 kt</span></div>\n<div><span><b>Heading:</b></span> <span>70&deg;</span></div>\n</div>"},"icon-heading":70,"icon":"http://maps.google.com/mapfiles/kml/shapes/airports.png","timestamp":"2026-05-21T15:51:46+00:00"}},{"type":"Feature","geometry":{"type":"Point","coordinates":[1.861966,48.575539,11582.4]},"properties":{"name":"2026-05-21 15:51:49 UTC","description":{"@type":"html","value":"<div><div><span><b>Altitude:</b></span> <span>38,000 ft</span></div>\n<div><span><b>Speed:</b></span> <span>455 kt</span></div>\n<div><span><b>Heading:</b></span> <span>71&deg;</span></div>\n</div>"},"icon-heading":71,"icon":"http://maps.google.com/mapfiles/kml/shapes/airports.png","timestamp":"2026-05-21T15:51:49+00:00"}},{"type":"Feature","geometry":{"type":"Point","coordinates":[1.867676,48.576748,11582.4]},"properties":{"name":"2026-05-21 15:51:51 UTC","description":{"@type":"html","value":"<div><div><span><b>Altitude:</b></span> <span>38,000 ft</span></div>\n<div><span><b>Speed:</b></span> <span>456 kt</span></div>\n<div><span><b>Heading:</b></span> <span>71&deg;</span></div>\n</div>"},"icon-heading":71,"icon":"http://maps.google.com/mapfiles/kml/shapes/airports.png","timestamp":"2026-05-21T15:51:51+00:00"}},{"type":"Feature","geometry":{"type":"Point","coordinates":[1.876127,48.578568,11590.02]},"properties":{"name":"2026-05-21 15:51:53 UTC","description":{"@type":"html","value":"<div><div><span><b>Altitude:</b></span> <span>38,025 ft</span></div>\n<div><span><b>Speed:</b></span> <span>456 kt</span></div>\n<div><span><b>Heading:</b></span> <span>72&deg;</span></div>\n</div>"},"icon-heading":72,"icon":"http://maps.google.com/mapfiles/kml/shapes/airports.png","timestamp":"2026-05-21T15:51:53+00:00"}},{"type":"Feature","geometry":{"type":"Point","coordinates":[1.880686,48.57954,11590.02]},"properties":{"name":"2026-05-21 15:51:55 UTC","description":{"@type":"html","value":"<div><div><span><b>Altitude:</b></span> <span>38,025 ft</span></div>\n<div><span><b>Speed:</b></span> <span>455 kt</span></div>\n<div><span><b>Heading:</b></span> <span>72&deg;</span></div>\n</div>"},"icon-heading":72,"icon":"http://maps.google.com/mapfiles/kml/shapes/airports.png","timestamp":"2026-05-21T15:51:55+00:00"}},{"type":"Feature","geometry":{"type":"Point","coordinates":[1.88817,48.581131,11590.02]},"properties":{"name":"2026-05-21 15:51:57 UTC","description":{"@type":"html","value":"<div><div><span><b>Altitude:</b></span> <span>38,025 ft</span></div>\n<div><span><b>Speed:</b></span> <span>456 kt</span></div>\n<div><span><b>Heading:</b></span> <span>72&deg;</span></div>\n</div>"},"icon-heading":72,"icon":"http://maps.google.com/mapfiles/kml/shapes/airports.png","timestamp":"2026-05-21T15:51:57+00:00"}},{"type":"Feature","geometry":{"type":"Point","coordinates":[1.893592,48.582321,11590.02]},"properties":{"name":"2026-05-21 15:51:59 UTC","description":{"@type":"html","value":"<div><div><span><b>Altitude:</b></span> <span>38,025 ft</span></div>\n<div><span><b>Speed:</b></span> <span>456 kt</span></div>\n<div><span><b>Heading:</b></span> <span>72&deg;</span></div>\n</div>"},"icon-heading":72,"icon":"http://maps.google.com/mapfiles/kml/shapes/airports.png","timestamp":"2026-05-21T15:51:59+00:00"}},{"type":"Feature","geometry":{"type":"Point","coordinates":[1.901128,48.583923,11590.02]},"properties":{"name":"2026-05-21 15:52:01 UTC","description":{"@type":"html","value":"<div><div><span><b>Altitude:</b></span> <span>38,025 ft</span></div>\n<div><span><b>Speed:</b></span> <span>455 kt</span></div>\n<div><span><b>Heading:</b></span> <span>71&deg;</span></div>\n</div>"},"icon-heading":71,"icon":"http://maps.google.com/mapfiles/kml/shapes/airports.png","timestamp":"2026-05-21T15:52:01+00:00"}},{"type":"Feature","geometry":{"type":"Point","coordinates":[1.905694,48.584942,11590.02]},"properties":{"name":"2026-05-21 15:52:03 UTC","description":{"@type":"html","value":"<div><div><span><b>Altitude:</b></span> <span>38,025 ft</span></div>\n<div><span><b>Speed:</b></span> <span>455 kt</span></div>\n<div><span><b>Heading:</b></span> <span>71&deg;</span></div>\n</div>"},"icon-heading":71,"icon":"http://maps.google.com/mapfiles/kml/shapes/airports.png","timestamp":"2026-05-21T15:52:03+00:00"}},{"type":"Feature","geometry":{"type":"Point","coordinates":[1.911983,48.586292,11590.02]},"properties":{"name":"2026-05-21 15:52:05 UTC","description":{"@type":"html","value":"<div><div><span><b>Altitude:</b></span> <span>38,025 ft</span></div>\n<div><span><b>Speed:</b></span> <span>455 kt</span></div>\n<div><span><b>Heading:</b></span> <span>71&deg;</span></div>\n</div>"},"icon-heading":71,"icon":"http://maps.google.com/mapfiles/kml/shapes/airports.png","timestamp":"2026-05-21T15:52:05+00:00"}},{"type":"Feature","geometry":{"type":"Point","coordinates":[1.91979,48.588043,11590.02]},"properties":{"name":"2026-05-21 15:52:07 UTC","description":{"@type":"html","value":"<div><div><span><b>Altitude:</b></span> <span>38,025 ft</span></div>\n<div><span><b>Speed:</b></span> <span>455 kt</span></div>\n<div><span><b>Heading:</b></span> <span>71&deg;</span></div>\n</div>"},"icon-heading":71,"icon":"http://maps.google.com/mapfiles/kml/shapes/airports.png","timestamp":"2026-05-21T15:52:07+00:00"}},{"type":"Feature","geometry":{"type":"Point","coordinates":[2.011202,48.609421,11590.02]},"properties":{"name":"2026-05-21 15:52:38 UTC","description":{"@type":"html","value":"<div><div><span><b>Altitude:</b></span> <span>38,025 ft</span></div>\n<div><span><b>Speed:</b></span> <span>454 kt</span></div>\n<div><span><b>Heading:</b></span> <span>70&deg;</span></div>\n</div>"},"icon-heading":70,"icon":"http://maps.google.com/mapfiles/kml/shapes/airports.png","timestamp":"2026-05-21T15:52:38+00:00"}},{"type":"Feature","geometry":{"type":"Point","coordinates":[2.1036,48.631622,11590.02]},"properties":{"name":"2026-05-21 15:53:09 UTC","description":{"@type":"html","value":"<div><div><span><b>Altitude:</b></span> <span>38,025 ft</span></div>\n<div><span><b>Speed:</b></span> <span>454 kt</span></div>\n<div><span><b>Heading:</b></span> <span>70&deg;</span></div>\n</div>"},"icon-heading":70,"icon":"http://maps.google.com/mapfiles/kml/shapes/airports.png","timestamp":"2026-05-21T15:53:09+00:00"}},{"type":"Feature","geometry":{"type":"Point","coordinates":[2.19488,48.653095,11582.4]},"properties":{"name":"2026-05-21 15:53:40 UTC","description":{"@type":"html","value":"<div><div><span><b>Altitude:</b></span> <span>38,000 ft</span></div>\n<div><span><b>Speed:</b></span> <span>451 kt</span></div>\n<div><span><b>Heading:</b></span> <span>70&deg;</span></div>\n</div>"},"icon-heading":70,"icon":"http://maps.google.com/mapfiles/kml/shapes/airports.png","timestamp":"2026-05-21T15:53:40+00:00"}},{"type":"Feature","geometry":{"type":"Point","coordinates":[2.286602,48.674694,11582.4]},"properties":{"name":"2026-05-21 15:54:11 UTC","description":{"@type":"html","value":"<div><div><span><b>Altitude:</b></span> <span>38,000 ft</span></div>\n<div><span><b>Speed:</b></span> <span>451 kt</span></div>\n<div><span><b>Heading:</b></span> <span>70&deg;</span></div>\n</div>"},"icon-heading":70,"icon":"http://maps.google.com/mapfiles/kml/shapes/airports.png","timestamp":"2026-05-21T15:54:11+00:00"}},{"type":"Feature","geometry":{"type":"Point","coordinates":[2.380019,48.696579,11582.4]},"properties":{"name":"2026-05-21 15:54:42 UTC","description":{"@type":"html","value":"<div><div><span><b>Altitude:</b></span> <span>38,000 ft</span></div>\n<div><span><b>Speed:</b></span> <span>451 kt</span></div>\n<div><span><b>Heading:</b></span> <span>70&deg;</span></div>\n</div>"},"icon-heading":70,"icon":"http://maps.google.com/mapfiles/kml/shapes/airports.png","timestamp":"2026-05-21T15:54:42+00:00"}},{"type":"Feature","geometry":{"type":"Point","coordinates":[2.473403,48.718414,11574.78]},"properties":{"name":"2026-05-21 15:55:14 UTC","description":{"@type":"html","value":"<div><div><span><b>Altitude:</b></span> <span>37,975 ft</span></div>\n<div><span><b>Speed:</b></span> <span>450 kt</span></div>\n<div><span><b>Heading:</b></span> <span>70&deg;</span></div>\n</div>"},"icon-heading":70,"icon":"http://maps.google.com/mapfiles/kml/shapes/airports.png","timestamp":"2026-05-21T15:55:14+00:00"}},{"type":"Feature","geometry":{"type":"Point","coordinates":[2.56397,48.739471,11574.78]},"properties":{"name":"2026-05-21 15:55:44 UTC","description":{"@type":"html","value":"<div><div><span><b>Altitude:</b></span> <span>37,975 ft</span></div>\n<div><span><b>Speed:</b></span> <span>451 kt</span></div>\n<div><span><b>Heading:</b></span> <span>70&deg;</span></div>\n</div>"},"icon-heading":70,"icon":"http://maps.google.com/mapfiles/kml/shapes/airports.png","timestamp":"2026-05-21T15:55:44+00:00"}},{"type":"Feature","geometry":{"type":"Point","coordinates":[2.656156,48.760803,11582.4]},"properties":{"name":"2026-05-21 15:56:15 UTC","description":{"@type":"html","value":"<div><div><span><b>Altitude:</b></span> <span>38,000 ft</span></div>\n<div><span><b>Speed:</b></span> <span>451 kt</span></div>\n<div><span><b>Heading:</b></span> <span>70&deg;</span></div>\n</div>"},"icon-heading":70,"icon":"http://maps.google.com/mapfiles/kml/shapes/airports.png","timestamp":"2026-05-21T15:56:15+00:00"}},{"type":"Feature","geometry":{"type":"Point","coordinates":[2.747779,48.781906,11582.4]},"properties":{"name":"2026-05-21 15:56:46 UTC","description":{"@type":"html","value":"<div><div><span><b>Altitude:</b></span> <span>38,000 ft</span></div>\n<div><span><b>Speed:</b></span> <span>450 kt</span></div>\n<div><span><b>Heading:</b></span> <span>70&deg;</span></div>\n</div>"},"icon-heading":70,"icon":"http://maps.google.com/mapfiles/kml/shapes/airports.png","timestamp":"2026-05-21T15:56:46+00:00"}},{"type":"Feature","geometry":{"type":"Point","coordinates":[2.840761,48.803226,11582.4]},"properties":{"name":"2026-05-21 15:57:17 UTC","description":{"@type":"html","value":"<div><div><span><b>Altitude:</b></span> <span>38,000 ft</span></div>\n<div><span><b>Speed:</b></span> <span>452 kt</span></div>\n<div><span><b>Heading:</b></span> <span>70&deg;</span></div>\n</div>"},"icon-heading":70,"icon":"http://maps.google.com/mapfiles/kml/shapes/airports.png","timestamp":"2026-05-21T15:57:17+00:00"}},{"type":"Feature","geometry":{"type":"Point","coordinates":[2.934145,48.824593,11582.4]},"properties":{"name":"2026-05-21 15:57:49 UTC","description":{"@type":"html","value":"<div><div><span><b>Altitude:</b></span> <span>38,000 ft</span></div>\n<div><span><b>Speed:</b></span> <span>451 kt</span></div>\n<div><span><b>Heading:</b></span> <span>70&deg;</span></div>\n</div>"},"icon-heading":70,"icon":"http://maps.google.com/mapfiles/kml/shapes/airports.png","timestamp":"2026-05-21T15:57:49+00:00"}},{"type":"Feature","geometry":{"type":"Point","coordinates":[3.026806,48.845634,11582.4]},"properties":{"name":"2026-05-21 15:58:20 UTC","description":{"@type":"html","value":"<div><div><span><b>Altitude:</b></span> <span>38,000 ft</span></div>\n<div><span><b>Speed:</b></span> <span>452 kt</span></div>\n<div><span><b>Heading:</b></span> <span>71&deg;</span></div>\n</div>"},"icon-heading":71,"icon":"http://maps.google.com/mapfiles/kml/shapes/airports.png","timestamp":"2026-05-21T15:58:20+00:00"}},{"type":"Feature","geometry":{"type":"Point","coordinates":[3.120262,48.866722,11582.4]},"properties":{"name":"2026-05-21 15:58:51 UTC","description":{"@type":"html","value":"<div><div><span><b>Altitude:</b></span> <span>38,000 ft</span></div>\n<div><span><b>Speed:</b></span> <span>452 kt</span></div>\n<div><span><b>Heading:</b></span> <span>71&deg;</span></div>\n</div>"},"icon-heading":71,"icon":"http://maps.google.com/mapfiles/kml/shapes/airports.png","timestamp":"2026-05-21T15:58:51+00:00"}},{"type":"Feature","geometry":{"type":"Point","coordinates":[3.213431,48.887695,11590.02]},"properties":{"name":"2026-05-21 15:59:22 UTC","description":{"@type":"html","value":"<div><div><span><b>Altitude:</b></span> <span>38,025 ft</span></div>\n<div><span><b>Speed:</b></span> <span>452 kt</span></div>\n<div><span><b>Heading:</b></span> <span>71&deg;</span></div>\n</div>"},"icon-heading":71,"icon":"http://maps.google.com/mapfiles/kml/shapes/airports.png","timestamp":"2026-05-21T15:59:22+00:00"}},{"type":"Feature","geometry":{"type":"Point","coordinates":[3.307029,48.908806,11468.1]},"properties":{"name":"2026-05-21 15:59:53 UTC","description":{"@type":"html","value":"<div><div><span><b>Altitude:</b></span> <span>37,625 ft</span></div>\n<div><span><b>Speed:</b></span> <span>450 kt</span></div>\n<div><span><b>Heading:</b></span> <span>71&deg;</span></div>\n</div>"},"icon-heading":71,"icon":"http://maps.google.com/mapfiles/kml/shapes/airports.png","timestamp":"2026-05-21T15:59:53+00:00"}},{"type":"Feature","geometry":{"type":"Point","coordinates":[3.400991,48.929802,11323.32]},"properties":{"name":"2026-05-21 16:00:25 UTC","description":{"@type":"html","value":"<div><div><span><b>Altitude:</b></span> <span>37,150 ft</span></div>\n<div><span><b>Speed:</b></span> <span>448 kt</span></div>\n<div><span><b>Heading:</b></span> <span>71&deg;</span></div>\n</div>"},"icon-heading":71,"icon":"http://maps.google.com/mapfiles/kml/shapes/airports.png","timestamp":"2026-05-21T16:00:25+00:00"}},{"type":"Feature","geometry":{"type":"Point","coordinates":[3.493441,48.950272,11170.92]},"properties":{"name":"2026-05-21 16:00:56 UTC","description":{"@type":"html","value":"<div><div><span><b>Altitude:</b></span> <span>36,650 ft</span></div>\n<div><span><b>Speed:</b></span> <span>447 kt</span></div>\n<div><span><b>Heading:</b></span> <span>71&deg;</span></div>\n</div>"},"icon-heading":71,"icon":"http://maps.google.com/mapfiles/kml/shapes/airports.png","timestamp":"2026-05-21T16:00:56+00:00"}},{"type":"Feature","geometry":{"type":"Point","coordinates":[3.58588,48.970581,11010.9]},"properties":{"name":"2026-05-21 16:01:27 UTC","description":{"@type":"html","value":"<div><div><span><b>Altitude:</b></span> <span>36,125 ft</span></div>\n<div><span><b>Speed:</b></span> <span>447 kt</span></div>\n<div><span><b>Heading:</b></span> <span>71&deg;</span></div>\n</div>"},"icon-heading":71,"icon":"http://maps.google.com/mapfiles/kml/shapes/airports.png","timestamp":"2026-05-21T16:01:27+00:00"}},{"type":"Feature","geometry":{"type":"Point","coordinates":[3.677818,48.993298,10850.88]},"properties":{"name":"2026-05-21 16:01:58 UTC","description":{"@type":"html","value":"<div><div><span><b>Altitude:</b></span> <span>35,600 ft</span></div>\n<div><span><b>Speed:</b></span> <span>442 kt</span></div>\n<div><span><b>Heading:</b></span> <span>67&deg;</span></div>\n</div>"},"icon-heading":67,"icon":"http://maps.google.com/mapfiles/kml/shapes/airports.png","timestamp":"2026-05-21T16:01:58+00:00"}},{"type":"Feature","geometry":{"type":"Point","coordinates":[3.768099,49.017609,10698.48]},"properties":{"name":"2026-05-21 16:02:30 UTC","description":{"@type":"html","value":"<div><div><span><b>Altitude:</b></span> <span>35,100 ft</span></div>\n<div><span><b>Speed:</b></span> <span>440 kt</span></div>\n<div><span><b>Heading:</b></span> <span>67&deg;</span></div>\n</div>"},"icon-heading":67,"icon":"http://maps.google.com/mapfiles/kml/shapes/airports.png","timestamp":"2026-05-21T16:02:30+00:00"}},{"type":"Feature","geometry":{"type":"Point","coordinates":[3.858666,49.041458,10530.84]},"properties":{"name":"2026-05-21 16:03:02 UTC","description":{"@type":"html","value":"<div><div><span><b>Altitude:</b></span> <span>34,550 ft</span></div>\n<div><span><b>Speed:</b></span> <span>438 kt</span></div>\n<div><span><b>Heading:</b></span> <span>68&deg;</span></div>\n</div>"},"icon-heading":68,"icon":"http://maps.google.com/mapfiles/kml/shapes/airports.png","timestamp":"2026-05-21T16:03:02+00:00"}},{"type":"Feature","geometry":{"type":"Point","coordinates":[3.950148,49.064987,10370.82]},"properties":{"name":"2026-05-21 16:03:34 UTC","description":{"@type":"html","value":"<div><div><span><b>Altitude:</b></span> <span>34,025 ft</span></div>\n<div><span><b>Speed:</b></span> <span>437 kt</span></div>\n<div><span><b>Heading:</b></span> <span>68&deg;</span></div>\n</div>"},"icon-heading":68,"icon":"http://maps.google.com/mapfiles/kml/shapes/airports.png","timestamp":"2026-05-21T16:03:34+00:00"}},{"type":"Feature","geometry":{"type":"Point","coordinates":[4.040504,49.088013,10210.8]},"properties":{"name":"2026-05-21 16:04:05 UTC","description":{"@type":"html","value":"<div><div><span><b>Altitude:</b></span> <span>33,500 ft</span></div>\n<div><span><b>Speed:</b></span> <span>435 kt</span></div>\n<div><span><b>Heading:</b></span> <span>68&deg;</span></div>\n</div>"},"icon-heading":68,"icon":"http://maps.google.com/mapfiles/kml/shapes/airports.png","timestamp":"2026-05-21T16:04:05+00:00"}},{"type":"Feature","geometry":{"type":"Point","coordinates":[4.131148,49.110935,10050.78]},"properties":{"name":"2026-05-21 16:04:37 UTC","description":{"@type":"html","value":"<div><div><span><b>Altitude:</b></span> <span>32,975 ft</span></div>\n<div><span><b>Speed:</b></span> <span>430 kt</span></div>\n<div><span><b>Heading:</b></span> <span>68&deg;</span></div>\n</div>"},"icon-heading":68,"icon":"http://maps.google.com/mapfiles/kml/shapes/airports.png","timestamp":"2026-05-21T16:04:37+00:00"}},{"type":"Feature","geometry":{"type":"Point","coordinates":[4.218609,49.133423,9890.76]},"properties":{"name":"2026-05-21 16:05:09 UTC","description":{"@type":"html","value":"<div><div><span><b>Altitude:</b></span> <span>32,450 ft</span></div>\n<div><span><b>Speed:</b></span> <span>426 kt</span></div>\n<div><span><b>Heading:</b></span> <span>68&deg;</span></div>\n</div>"},"icon-heading":68,"icon":"http://maps.google.com/mapfiles/kml/shapes/airports.png","timestamp":"2026-05-21T16:05:09+00:00"}},{"type":"Feature","geometry":{"type":"Point","coordinates":[4.307291,49.155952,9761.22]},"properties":{"name":"2026-05-21 16:05:40 UTC","description":{"@type":"html","value":"<div><div><span><b>Altitude:</b></span> <span>32,025 ft</span></div>\n<div><span><b>Speed:</b></span> <span>419 kt</span></div>\n<div><span><b>Heading:</b></span> <span>69&deg;</span></div>\n</div>"},"icon-heading":69,"icon":"http://maps.google.com/mapfiles/kml/shapes/airports.png","timestamp":"2026-05-21T16:05:40+00:00"}},{"type":"Feature","geometry":{"type":"Point","coordinates":[4.393756,49.177597,9745.98]},"properties":{"name":"2026-05-21 16:06:12 UTC","description":{"@type":"html","value":"<div><div><span><b>Altitude:</b></span> <span>31,975 ft</span></div>\n<div><span><b>Speed:</b></span> <span>418 kt</span></div>\n<div><span><b>Heading:</b></span> <span>69&deg;</span></div>\n</div>"},"icon-heading":69,"icon":"http://maps.google.com/mapfiles/kml/shapes/airports.png","timestamp":"2026-05-21T16:06:12+00:00"}},{"type":"Feature","geometry":{"type":"Point","coordinates":[4.477362,49.198502,9753.6]},"properties":{"name":"2026-05-21 16:06:42 UTC","description":{"@type":"html","value":"<div><div><span><b>Altitude:</b></span> <span>32,000 ft</span></div>\n<div><span><b>Speed:</b></span> <span>417 kt</span></div>\n<div><span><b>Heading:</b></span> <span>69&deg;</span></div>\n</div>"},"icon-heading":69,"icon":"http://maps.google.com/mapfiles/kml/shapes/airports.png","timestamp":"2026-05-21T16:06:42+00:00"}},{"type":"Feature","geometry":{"type":"Point","coordinates":[4.564044,49.221863,9753.6]},"properties":{"name":"2026-05-21 16:07:14 UTC","description":{"@type":"html","value":"<div><div><span><b>Altitude:</b></span> <span>32,000 ft</span></div>\n<div><span><b>Speed:</b></span> <span>414 kt</span></div>\n<div><span><b>Heading:</b></span> <span>65&deg;</span></div>\n</div>"},"icon-heading":65,"icon":"http://maps.google.com/mapfiles/kml/shapes/airports.png","timestamp":"2026-05-21T16:07:14+00:00"}},{"type":"Feature","geometry":{"type":"Point","coordinates":[4.646794,49.248184,9753.6]},"properties":{"name":"2026-05-21 16:07:45 UTC","description":{"@type":"html","value":"<div><div><span><b>Altitude:</b></span> <span>32,000 ft</span></div>\n<div><span><b>Speed:</b></span> <span>416 kt</span></div>\n<div><span><b>Heading:</b></span> <span>63&deg;</span></div>\n</div>"},"icon-heading":63,"icon":"http://maps.google.com/mapfiles/kml/shapes/airports.png","timestamp":"2026-05-21T16:07:45+00:00"}},{"type":"Feature","geometry":{"type":"Point","coordinates":[4.731516,49.274734,9753.6]},"properties":{"name":"2026-05-21 16:08:17 UTC","description":{"@type":"html","value":"<div><div><span><b>Altitude:</b></span> <span>32,000 ft</span></div>\n<div><span><b>Speed:</b></span> <span>417 kt</span></div>\n<div><span><b>Heading:</b></span> <span>64&deg;</span></div>\n</div>"},"icon-heading":64,"icon":"http://maps.google.com/mapfiles/kml/shapes/airports.png","timestamp":"2026-05-21T16:08:17+00:00"}},{"type":"Feature","geometry":{"type":"Point","coordinates":[4.814975,49.299938,9753.6]},"properties":{"name":"2026-05-21 16:08:49 UTC","description":{"@type":"html","value":"<div><div><span><b>Altitude:</b></span> <span>32,000 ft</span></div>\n<div><span><b>Speed:</b></span> <span>416 kt</span></div>\n<div><span><b>Heading:</b></span> <span>65&deg;</span></div>\n</div>"},"icon-heading":65,"icon":"http://maps.google.com/mapfiles/kml/shapes/airports.png","timestamp":"2026-05-21T16:08:49+00:00"}},{"type":"Feature","geometry":{"type":"Point","coordinates":[4.89786,49.324768,9753.6]},"properties":{"name":"2026-05-21 16:09:20 UTC","description":{"@type":"html","value":"<div><div><span><b>Altitude:</b></span> <span>32,000 ft</span></div>\n<div><span><b>Speed:</b></span> <span>414 kt</span></div>\n<div><span><b>Heading:</b></span> <span>65&deg;</span></div>\n</div>"},"icon-heading":65,"icon":"http://maps.google.com/mapfiles/kml/shapes/airports.png","timestamp":"2026-05-21T16:09:20+00:00"}},{"type":"Feature","geometry":{"type":"Point","coordinates":[4.98389,49.350494,9753.6]},"properties":{"name":"2026-05-21 16:09:52 UTC","description":{"@type":"html","value":"<div><div><span><b>Altitude:</b></span> <span>32,000 ft</span></div>\n<div><span><b>Speed:</b></span> <span>413 kt</span></div>\n<div><span><b>Heading:</b></span> <span>65&deg;</span></div>\n</div>"},"icon-heading":65,"icon":"http://maps.google.com/mapfiles/kml/shapes/airports.png","timestamp":"2026-05-21T16:09:52+00:00"}},{"type":"Feature","geometry":{"type":"Point","coordinates":[5.067082,49.375214,9753.6]},"properties":{"name":"2026-05-21 16:10:23 UTC","description":{"@type":"html","value":"<div><div><span><b>Altitude:</b></span> <span>32,000 ft</span></div>\n<div><span><b>Speed:</b></span> <span>414 kt</span></div>\n<div><span><b>Heading:</b></span> <span>65&deg;</span></div>\n</div>"},"icon-heading":65,"icon":"http://maps.google.com/mapfiles/kml/shapes/airports.png","timestamp":"2026-05-21T16:10:23+00:00"}},{"type":"Feature","geometry":{"type":"Point","coordinates":[5.150564,49.399979,9753.6]},"properties":{"name":"2026-05-21 16:10:54 UTC","description":{"@type":"html","value":"<div><div><span><b>Altitude:</b></span> <span>32,000 ft</span></div>\n<div><span><b>Speed:</b></span> <span>416 kt</span></div>\n<div><span><b>Heading:</b></span> <span>65&deg;</span></div>\n</div>"},"icon-heading":65,"icon":"http://maps.google.com/mapfiles/kml/shapes/airports.png","timestamp":"2026-05-21T16:10:54+00:00"}},{"type":"Feature","geometry":{"type":"Point","coordinates":[5.235853,49.425163,9753.6]},"properties":{"name":"2026-05-21 16:11:26 UTC","description":{"@type":"html","value":"<div><div><span><b>Altitude:</b></span> <span>32,000 ft</span></div>\n<div><span><b>Speed:</b></span> <span>417 kt</span></div>\n<div><span><b>Heading:</b></span> <span>65&deg;</span></div>\n</div>"},"icon-heading":65,"icon":"http://maps.google.com/mapfiles/kml/shapes/airports.png","timestamp":"2026-05-21T16:11:26+00:00"}},{"type":"Feature","geometry":{"type":"Point","coordinates":[5.320204,49.449974,9753.6]},"properties":{"name":"2026-05-21 16:11:58 UTC","description":{"@type":"html","value":"<div><div><span><b>Altitude:</b></span> <span>32,000 ft</span></div>\n<div><span><b>Speed:</b></span> <span>415 kt</span></div>\n<div><span><b>Heading:</b></span> <span>65&deg;</span></div>\n</div>"},"icon-heading":65,"icon":"http://maps.google.com/mapfiles/kml/shapes/airports.png","timestamp":"2026-05-21T16:11:58+00:00"}},{"type":"Feature","geometry":{"type":"Point","coordinates":[5.40325,49.474319,9753.6]},"properties":{"name":"2026-05-21 16:12:29 UTC","description":{"@type":"html","value":"<div><div><span><b>Altitude:</b></span> <span>32,000 ft</span></div>\n<div><span><b>Speed:</b></span> <span>414 kt</span></div>\n<div><span><b>Heading:</b></span> <span>65&deg;</span></div>\n</div>"},"icon-heading":65,"icon":"http://maps.google.com/mapfiles/kml/shapes/airports.png","timestamp":"2026-05-21T16:12:29+00:00"}},{"type":"Feature","geometry":{"type":"Point","coordinates":[5.489378,49.499413,9723.12]},"properties":{"name":"2026-05-21 16:13:01 UTC","description":{"@type":"html","value":"<div><div><span><b>Altitude:</b></span> <span>31,900 ft</span></div>\n<div><span><b>Speed:</b></span> <span>415 kt</span></div>\n<div><span><b>Heading:</b></span> <span>65&deg;</span></div>\n</div>"},"icon-heading":65,"icon":"http://maps.google.com/mapfiles/kml/shapes/airports.png","timestamp":"2026-05-21T16:13:01+00:00"}},{"type":"Feature","geometry":{"type":"Point","coordinates":[5.5752,49.524445,9486.9]},"properties":{"name":"2026-05-21 16:13:33 UTC","description":{"@type":"html","value":"<div><div><span><b>Altitude:</b></span> <span>31,125 ft</span></div>\n<div><span><b>Speed:</b></span> <span>410 kt</span></div>\n<div><span><b>Heading:</b></span> <span>65&deg;</span></div>\n</div>"},"icon-heading":65,"icon":"http://maps.google.com/mapfiles/kml/shapes/airports.png","timestamp":"2026-05-21T16:13:33+00:00"}},{"type":"Feature","geometry":{"type":"Point","coordinates":[5.658775,49.548759,9250.68]},"properties":{"name":"2026-05-21 16:14:04 UTC","description":{"@type":"html","value":"<div><div><span><b>Altitude:</b></span> <span>30,350 ft</span></div>\n<div><span><b>Speed:</b></span> <span>408 kt</span></div>\n<div><span><b>Heading:</b></span> <span>65&deg;</span></div>\n</div>"},"icon-heading":65,"icon":"http://maps.google.com/mapfiles/kml/shapes/airports.png","timestamp":"2026-05-21T16:14:04+00:00"}},{"type":"Feature","geometry":{"type":"Point","coordinates":[5.741657,49.572739,9014.46]},"properties":{"name":"2026-05-21 16:14:35 UTC","description":{"@type":"html","value":"<div><div><span><b>Altitude:</b></span> <span>29,575 ft</span></div>\n<div><span><b>Speed:</b></span> <span>406 kt</span></div>\n<div><span><b>Heading:</b></span> <span>66&deg;</span></div>\n</div>"},"icon-heading":66,"icon":"http://maps.google.com/mapfiles/kml/shapes/airports.png","timestamp":"2026-05-21T16:14:35+00:00"}},{"type":"Feature","geometry":{"type":"Point","coordinates":[5.824778,49.596725,8770.62]},"properties":{"name":"2026-05-21 16:15:07 UTC","description":{"@type":"html","value":"<div><div><span><b>Altitude:</b></span> <span>28,775 ft</span></div>\n<div><span><b>Speed:</b></span> <span>402 kt</span></div>\n<div><span><b>Heading:</b></span> <span>66&deg;</span></div>\n</div>"},"icon-heading":66,"icon":"http://maps.google.com/mapfiles/kml/shapes/airports.png","timestamp":"2026-05-21T16:15:07+00:00"}},{"type":"Feature","geometry":{"type":"Point","coordinates":[5.904934,49.619888,8534.4]},"properties":{"name":"2026-05-21 16:15:38 UTC","description":{"@type":"html","value":"<div><div><span><b>Altitude:</b></span> <span>28,000 ft</span></div>\n<div><span><b>Speed:</b></span> <span>398 kt</span></div>\n<div><span><b>Heading:</b></span> <span>66&deg;</span></div>\n</div>"},"icon-heading":66,"icon":"http://maps.google.com/mapfiles/kml/shapes/airports.png","timestamp":"2026-05-21T16:15:38+00:00"}},{"type":"Feature","geometry":{"type":"Point","coordinates":[5.985814,49.643097,8290.56]},"properties":{"name":"2026-05-21 16:16:09 UTC","description":{"@type":"html","value":"<div><div><span><b>Altitude:</b></span> <span>27,200 ft</span></div>\n<div><span><b>Speed:</b></span> <span>392 kt</span></div>\n<div><span><b>Heading:</b></span> <span>66&deg;</span></div>\n</div>"},"icon-heading":66,"icon":"http://maps.google.com/mapfiles/kml/shapes/airports.png","timestamp":"2026-05-21T16:16:09+00:00"}},{"type":"Feature","geometry":{"type":"Point","coordinates":[6.064381,49.665482,8054.34]},"properties":{"name":"2026-05-21 16:16:40 UTC","description":{"@type":"html","value":"<div><div><span><b>Altitude:</b></span> <span>26,425 ft</span></div>\n<div><span><b>Speed:</b></span> <span>386 kt</span></div>\n<div><span><b>Heading:</b></span> <span>66&deg;</span></div>\n</div>"},"icon-heading":66,"icon":"http://maps.google.com/mapfiles/kml/shapes/airports.png","timestamp":"2026-05-21T16:16:40+00:00"}},{"type":"Feature","geometry":{"type":"Point","coordinates":[6.142008,49.687637,7825.74]},"properties":{"name":"2026-05-21 16:17:12 UTC","description":{"@type":"html","value":"<div><div><span><b>Altitude:</b></span> <span>25,675 ft</span></div>\n<div><span><b>Speed:</b></span> <span>382 kt</span></div>\n<div><span><b>Heading:</b></span> <span>66&deg;</span></div>\n</div>"},"icon-heading":66,"icon":"http://maps.google.com/mapfiles/kml/shapes/airports.png","timestamp":"2026-05-21T16:17:12+00:00"}},{"type":"Feature","geometry":{"type":"Point","coordinates":[6.223249,49.707001,7635.24]},"properties":{"name":"2026-05-21 16:17:43 UTC","description":{"@type":"html","value":"<div><div><span><b>Altitude:</b></span> <span>25,050 ft</span></div>\n<div><span><b>Speed:</b></span> <span>382 kt</span></div>\n<div><span><b>Heading:</b></span> <span>74&deg;</span></div>\n</div>"},"icon-heading":74,"icon":"http://maps.google.com/mapfiles/kml/shapes/airports.png","timestamp":"2026-05-21T16:17:43+00:00"}},{"type":"Feature","geometry":{"type":"Point","coordinates":[6.304924,49.721054,7620]},"properties":{"name":"2026-05-21 16:18:14 UTC","description":{"@type":"html","value":"<div><div><span><b>Altitude:</b></span> <span>25,000 ft</span></div>\n<div><span><b>Speed:</b></span> <span>379 kt</span></div>\n<div><span><b>Heading:</b></span> <span>74&deg;</span></div>\n</div>"},"icon-heading":74,"icon":"http://maps.google.com/mapfiles/kml/shapes/airports.png","timestamp":"2026-05-21T16:18:14+00:00"}},{"type":"Feature","geometry":{"type":"Point","coordinates":[6.387139,49.735481,7620]},"properties":{"name":"2026-05-21 16:18:46 UTC","description":{"@type":"html","value":"<div><div><span><b>Altitude:</b></span> <span>25,000 ft</span></div>\n<div><span><b>Speed:</b></span> <span>378 kt</span></div>\n<div><span><b>Heading:</b></span> <span>74&deg;</span></div>\n</div>"},"icon-heading":74,"icon":"http://maps.google.com/mapfiles/kml/shapes/airports.png","timestamp":"2026-05-21T16:18:46+00:00"}},{"type":"Feature","geometry":{"type":"Point","coordinates":[6.468128,49.749481,7627.62]},"properties":{"name":"2026-05-21 16:19:17 UTC","description":{"@type":"html","value":"<div><div><span><b>Altitude:</b></span> <span>25,025 ft</span></div>\n<div><span><b>Speed:</b></span> <span>378 kt</span></div>\n<div><span><b>Heading:</b></span> <span>75&deg;</span></div>\n</div>"},"icon-heading":75,"icon":"http://maps.google.com/mapfiles/kml/shapes/airports.png","timestamp":"2026-05-21T16:19:17+00:00"}},{"type":"Feature","geometry":{"type":"Point","coordinates":[6.552839,49.764038,7620]},"properties":{"name":"2026-05-21 16:19:48 UTC","description":{"@type":"html","value":"<div><div><span><b>Altitude:</b></span> <span>25,000 ft</span></div>\n<div><span><b>Speed:</b></span> <span>413 kt</span></div>\n<div><span><b>Heading:</b></span> <span>75&deg;</span></div>\n</div>"},"icon-heading":75,"icon":"http://maps.google.com/mapfiles/kml/shapes/airports.png","timestamp":"2026-05-21T16:19:48+00:00"}},{"type":"Feature","geometry":{"type":"Point","coordinates":[6.642681,49.779236,7559.04]},"properties":{"name":"2026-05-21 16:20:19 UTC","description":{"@type":"html","value":"<div><div><span><b>Altitude:</b></span> <span>24,800 ft</span></div>\n<div><span><b>Speed:</b></span> <span>423 kt</span></div>\n<div><span><b>Heading:</b></span> <span>75&deg;</span></div>\n</div>"},"icon-heading":75,"icon":"http://maps.google.com/mapfiles/kml/shapes/airports.png","timestamp":"2026-05-21T16:20:19+00:00"}},{"type":"Feature","geometry":{"type":"Point","coordinates":[6.734836,49.795074,7261.86]},"properties":{"name":"2026-05-21 16:20:51 UTC","description":{"@type":"html","value":"<div><div><span><b>Altitude:</b></span> <span>23,825 ft</span></div>\n<div><span><b>Speed:</b></span> <span>420 kt</span></div>\n<div><span><b>Heading:</b></span> <span>75&deg;</span></div>\n</div>"},"icon-heading":75,"icon":"http://maps.google.com/mapfiles/kml/shapes/airports.png","timestamp":"2026-05-21T16:20:51+00:00"}},{"type":"Feature","geometry":{"type":"Point","coordinates":[6.82392,49.810287,6949.44]},"properties":{"name":"2026-05-21 16:21:22 UTC","description":{"@type":"html","value":"<div><div><span><b>Altitude:</b></span> <span>22,800 ft</span></div>\n<div><span><b>Speed:</b></span> <span>415 kt</span></div>\n<div><span><b>Heading:</b></span> <span>75&deg;</span></div>\n</div>"},"icon-heading":75,"icon":"http://maps.google.com/mapfiles/kml/shapes/airports.png","timestamp":"2026-05-21T16:21:22+00:00"}},{"type":"Feature","geometry":{"type":"Point","coordinates":[6.913436,49.82515,6629.4]},"properties":{"name":"2026-05-21 16:21:53 UTC","description":{"@type":"html","value":"<div><div><span><b>Altitude:</b></span> <span>21,750 ft</span></div>\n<div><span><b>Speed:</b></span> <span>407 kt</span></div>\n<div><span><b>Heading:</b></span> <span>75&deg;</span></div>\n</div>"},"icon-heading":75,"icon":"http://maps.google.com/mapfiles/kml/shapes/airports.png","timestamp":"2026-05-21T16:21:53+00:00"}},{"type":"Feature","geometry":{"type":"Point","coordinates":[6.999809,49.839661,6309.36]},"properties":{"name":"2026-05-21 16:22:24 UTC","description":{"@type":"html","value":"<div><div><span><b>Altitude:</b></span> <span>20,700 ft</span></div>\n<div><span><b>Speed:</b></span> <span>400 kt</span></div>\n<div><span><b>Heading:</b></span> <span>75&deg;</span></div>\n</div>"},"icon-heading":75,"icon":"http://maps.google.com/mapfiles/kml/shapes/airports.png","timestamp":"2026-05-21T16:22:24+00:00"}},{"type":"Feature","geometry":{"type":"Point","coordinates":[7.085736,49.853954,5989.32]},"properties":{"name":"2026-05-21 16:22:56 UTC","description":{"@type":"html","value":"<div><div><span><b>Altitude:</b></span> <span>19,650 ft</span></div>\n<div><span><b>Speed:</b></span> <span>392 kt</span></div>\n<div><span><b>Heading:</b></span> <span>75&deg;</span></div>\n</div>"},"icon-heading":75,"icon":"http://maps.google.com/mapfiles/kml/shapes/airports.png","timestamp":"2026-05-21T16:22:56+00:00"}},{"type":"Feature","geometry":{"type":"Point","coordinates":[7.171037,49.867996,5669.28]},"properties":{"name":"2026-05-21 16:23:27 UTC","description":{"@type":"html","value":"<div><div><span><b>Altitude:</b></span> <span>18,600 ft</span></div>\n<div><span><b>Speed:</b></span> <span>384 kt</span></div>\n<div><span><b>Heading:</b></span> <span>75&deg;</span></div>\n</div>"},"icon-heading":75,"icon":"http://maps.google.com/mapfiles/kml/shapes/airports.png","timestamp":"2026-05-21T16:23:27+00:00"}},{"type":"Feature","geometry":{"type":"Point","coordinates":[7.252928,49.881409,5356.86]},"properties":{"name":"2026-05-21 16:23:59 UTC","description":{"@type":"html","value":"<div><div><span><b>Altitude:</b></span> <span>17,575 ft</span></div>\n<div><span><b>Speed:</b></span> <span>378 kt</span></div>\n<div><span><b>Heading:</b></span> <span>75&deg;</span></div>\n</div>"},"icon-heading":75,"icon":"http://maps.google.com/mapfiles/kml/shapes/airports.png","timestamp":"2026-05-21T16:23:59+00:00"}},{"type":"Feature","geometry":{"type":"Point","coordinates":[7.336269,49.895107,5029.2]},"properties":{"name":"2026-05-21 16:24:30 UTC","description":{"@type":"html","value":"<div><div><span><b>Altitude:</b></span> <span>16,500 ft</span></div>\n<div><span><b>Speed:</b></span> <span>373 kt</span></div>\n<div><span><b>Heading:</b></span> <span>75&deg;</span></div>\n</div>"},"icon-heading":75,"icon":"http://maps.google.com/mapfiles/kml/shapes/airports.png","timestamp":"2026-05-21T16:24:30+00:00"}},{"type":"Feature","geometry":{"type":"Point","coordinates":[7.416494,49.908325,4716.78]},"properties":{"name":"2026-05-21 16:25:02 UTC","description":{"@type":"html","value":"<div><div><span><b>Altitude:</b></span> <span>15,475 ft</span></div>\n<div><span><b>Speed:</b></span> <span>367 kt</span></div>\n<div><span><b>Heading:</b></span> <span>75&deg;</span></div>\n</div>"},"icon-heading":75,"icon":"http://maps.google.com/mapfiles/kml/shapes/airports.png","timestamp":"2026-05-21T16:25:02+00:00"}},{"type":"Feature","geometry":{"type":"Point","coordinates":[7.495868,49.921268,4396.74]},"properties":{"name":"2026-05-21 16:25:33 UTC","description":{"@type":"html","value":"<div><div><span><b>Altitude:</b></span> <span>14,425 ft</span></div>\n<div><span><b>Speed:</b></span> <span>361 kt</span></div>\n<div><span><b>Heading:</b></span> <span>75&deg;</span></div>\n</div>"},"icon-heading":75,"icon":"http://maps.google.com/mapfiles/kml/shapes/airports.png","timestamp":"2026-05-21T16:25:33+00:00"}},{"type":"Feature","geometry":{"type":"Point","coordinates":[7.575296,49.934212,4107.18]},"properties":{"name":"2026-05-21 16:26:05 UTC","description":{"@type":"html","value":"<div><div><span><b>Altitude:</b></span> <span>13,475 ft</span></div>\n<div><span><b>Speed:</b></span> <span>353 kt</span></div>\n<div><span><b>Heading:</b></span> <span>76&deg;</span></div>\n</div>"},"icon-heading":76,"icon":"http://maps.google.com/mapfiles/kml/shapes/airports.png","timestamp":"2026-05-21T16:26:05+00:00"}},{"type":"Feature","geometry":{"type":"Point","coordinates":[7.652423,49.946503,3909.06]},"properties":{"name":"2026-05-21 16:26:37 UTC","description":{"@type":"html","value":"<div><div><span><b>Altitude:</b></span> <span>12,825 ft</span></div>\n<div><span><b>Speed:</b></span> <span>346 kt</span></div>\n<div><span><b>Heading:</b></span> <span>76&deg;</span></div>\n</div>"},"icon-heading":76,"icon":"http://maps.google.com/mapfiles/kml/shapes/airports.png","timestamp":"2026-05-21T16:26:37+00:00"}},{"type":"Feature","geometry":{"type":"Point","coordinates":[7.728376,49.958405,3749.04]},"properties":{"name":"2026-05-21 16:27:08 UTC","description":{"@type":"html","value":"<div><div><span><b>Altitude:</b></span> <span>12,300 ft</span></div>\n<div><span><b>Speed:</b></span> <span>344 kt</span></div>\n<div><span><b>Heading:</b></span> <span>76&deg;</span></div>\n</div>"},"icon-heading":76,"icon":"http://maps.google.com/mapfiles/kml/shapes/airports.png","timestamp":"2026-05-21T16:27:08+00:00"}},{"type":"Feature","geometry":{"type":"Point","coordinates":[7.803257,49.970581,3604.26]},"properties":{"name":"2026-05-21 16:27:40 UTC","description":{"@type":"html","value":"<div><div><span><b>Altitude:</b></span> <span>11,825 ft</span></div>\n<div><span><b>Speed:</b></span> <span>341 kt</span></div>\n<div><span><b>Heading:</b></span> <span>75&deg;</span></div>\n</div>"},"icon-heading":75,"icon":"http://maps.google.com/mapfiles/kml/shapes/airports.png","timestamp":"2026-05-21T16:27:40+00:00"}},{"type":"Feature","geometry":{"type":"Point","coordinates":[7.832955,49.975315,3550.92]},"properties":{"name":"2026-05-21 16:27:52 UTC","description":{"@type":"html","value":"<div><div><span><b>Altitude:</b></span> <span>11,650 ft</span></div>\n<div><span><b>Speed:</b></span> <span>332 kt</span></div>\n<div><span><b>Heading:</b></span> <span>76&deg;</span></div>\n</div>"},"icon-heading":76,"icon":"http://maps.google.com/mapfiles/kml/shapes/airports.png","timestamp":"2026-05-21T16:27:52+00:00"}},{"type":"Feature","geometry":{"type":"Point","coordinates":[7.861947,49.979919,3489.96]},"properties":{"name":"2026-05-21 16:28:05 UTC","description":{"@type":"html","value":"<div><div><span><b>Altitude:</b></span> <span>11,450 ft</span></div>\n<div><span><b>Speed:</b></span> <span>324 kt</span></div>\n<div><span><b>Heading:</b></span> <span>76&deg;</span></div>\n</div>"},"icon-heading":76,"icon":"http://maps.google.com/mapfiles/kml/shapes/airports.png","timestamp":"2026-05-21T16:28:05+00:00"}},{"type":"Feature","geometry":{"type":"Point","coordinates":[7.890063,49.984314,3421.38]},"properties":{"name":"2026-05-21 16:28:18 UTC","description":{"@type":"html","value":"<div><div><span><b>Altitude:</b></span> <span>11,225 ft</span></div>\n<div><span><b>Speed:</b></span> <span>317 kt</span></div>\n<div><span><b>Heading:</b></span> <span>76&deg;</span></div>\n</div>"},"icon-heading":76,"icon":"http://maps.google.com/mapfiles/kml/shapes/airports.png","timestamp":"2026-05-21T16:28:18+00:00"}},{"type":"Feature","geometry":{"type":"Point","coordinates":[7.921865,49.989304,3352.8]},"properties":{"name":"2026-05-21 16:28:32 UTC","description":{"@type":"html","value":"<div><div><span><b>Altitude:</b></span> <span>11,000 ft</span></div>\n<div><span><b>Speed:</b></span> <span>310 kt</span></div>\n<div><span><b>Heading:</b></span> <span>76&deg;</span></div>\n</div>"},"icon-heading":76,"icon":"http://maps.google.com/mapfiles/kml/shapes/airports.png","timestamp":"2026-05-21T16:28:32+00:00"}},{"type":"Feature","geometry":{"type":"Point","coordinates":[7.948905,49.993752,3284.22]},"properties":{"name":"2026-05-21 16:28:45 UTC","description":{"@type":"html","value":"<div><div><span><b>Altitude:</b></span> <span>10,775 ft</span></div>\n<div><span><b>Speed:</b></span> <span>304 kt</span></div>\n<div><span><b>Heading:</b></span> <span>74&deg;</span></div>\n</div>"},"icon-heading":74,"icon":"http://maps.google.com/mapfiles/kml/shapes/airports.png","timestamp":"2026-05-21T16:28:45+00:00"}},{"type":"Feature","geometry":{"type":"Point","coordinates":[7.975406,49.999943,3223.26]},"properties":{"name":"2026-05-21 16:28:58 UTC","description":{"@type":"html","value":"<div><div><span><b>Altitude:</b></span> <span>10,575 ft</span></div>\n<div><span><b>Speed:</b></span> <span>300 kt</span></div>\n<div><span><b>Heading:</b></span> <span>68&deg;</span></div>\n</div>"},"icon-heading":68,"icon":"http://maps.google.com/mapfiles/kml/shapes/airports.png","timestamp":"2026-05-21T16:28:58+00:00"}},{"type":"Feature","geometry":{"type":"Point","coordinates":[8.005709,50.00766,3147.06]},"properties":{"name":"2026-05-21 16:29:13 UTC","description":{"@type":"html","value":"<div><div><span><b>Altitude:</b></span> <span>10,325 ft</span></div>\n<div><span><b>Speed:</b></span> <span>298 kt</span></div>\n<div><span><b>Heading:</b></span> <span>68&deg;</span></div>\n</div>"},"icon-heading":68,"icon":"http://maps.google.com/mapfiles/kml/shapes/airports.png","timestamp":"2026-05-21T16:29:13+00:00"}},{"type":"Feature","geometry":{"type":"Point","coordinates":[8.035342,50.014984,3070.86]},"properties":{"name":"2026-05-21 16:29:28 UTC","description":{"@type":"html","value":"<div><div><span><b>Altitude:</b></span> <span>10,075 ft</span></div>\n<div><span><b>Speed:</b></span> <span>296 kt</span></div>\n<div><span><b>Heading:</b></span> <span>69&deg;</span></div>\n</div>"},"icon-heading":69,"icon":"http://maps.google.com/mapfiles/kml/shapes/airports.png","timestamp":"2026-05-21T16:29:28+00:00"}},{"type":"Feature","geometry":{"type":"Point","coordinates":[8.060253,50.021076,3048]},"properties":{"name":"2026-05-21 16:29:40 UTC","description":{"@type":"html","value":"<div><div><span><b>Altitude:</b></span> <span>10,000 ft</span></div>\n<div><span><b>Speed:</b></span> <span>294 kt</span></div>\n<div><span><b>Heading:</b></span> <span>69&deg;</span></div>\n</div>"},"icon-heading":69,"icon":"http://maps.google.com/mapfiles/kml/shapes/airports.png","timestamp":"2026-05-21T16:29:40+00:00"}},{"type":"Feature","geometry":{"type":"Point","coordinates":[8.085641,50.027222,3048]},"properties":{"name":"2026-05-21 16:29:53 UTC","description":{"@type":"html","value":"<div><div><span><b>Altitude:</b></span> <span>10,000 ft</span></div>\n<div><span><b>Speed:</b></span> <span>295 kt</span></div>\n<div><span><b>Heading:</b></span> <span>69&deg;</span></div>\n</div>"},"icon-heading":69,"icon":"http://maps.google.com/mapfiles/kml/shapes/airports.png","timestamp":"2026-05-21T16:29:53+00:00"}},{"type":"Feature","geometry":{"type":"Point","coordinates":[8.11362,50.033936,3048]},"properties":{"name":"2026-05-21 16:30:07 UTC","description":{"@type":"html","value":"<div><div><span><b>Altitude:</b></span> <span>10,000 ft</span></div>\n<div><span><b>Speed:</b></span> <span>295 kt</span></div>\n<div><span><b>Heading:</b></span> <span>69&deg;</span></div>\n</div>"},"icon-heading":69,"icon":"http://maps.google.com/mapfiles/kml/shapes/airports.png","timestamp":"2026-05-21T16:30:07+00:00"}},{"type":"Feature","geometry":{"type":"Point","coordinates":[8.139423,50.040161,3048]},"properties":{"name":"2026-05-21 16:30:20 UTC","description":{"@type":"html","value":"<div><div><span><b>Altitude:</b></span> <span>10,000 ft</span></div>\n<div><span><b>Speed:</b></span> <span>294 kt</span></div>\n<div><span><b>Heading:</b></span> <span>69&deg;</span></div>\n</div>"},"icon-heading":69,"icon":"http://maps.google.com/mapfiles/kml/shapes/airports.png","timestamp":"2026-05-21T16:30:20+00:00"}},{"type":"Feature","geometry":{"type":"Point","coordinates":[8.164994,50.046356,3048]},"properties":{"name":"2026-05-21 16:30:33 UTC","description":{"@type":"html","value":"<div><div><span><b>Altitude:</b></span> <span>10,000 ft</span></div>\n<div><span><b>Speed:</b></span> <span>296 kt</span></div>\n<div><span><b>Heading:</b></span> <span>69&deg;</span></div>\n</div>"},"icon-heading":69,"icon":"http://maps.google.com/mapfiles/kml/shapes/airports.png","timestamp":"2026-05-21T16:30:33+00:00"}},{"type":"Feature","geometry":{"type":"Point","coordinates":[8.189566,50.052361,3048]},"properties":{"name":"2026-05-21 16:30:46 UTC","description":{"@type":"html","value":"<div><div><span><b>Altitude:</b></span> <span>10,000 ft</span></div>\n<div><span><b>Speed:</b></span> <span>295 kt</span></div>\n<div><span><b>Heading:</b></span> <span>69&deg;</span></div>\n</div>"},"icon-heading":69,"icon":"http://maps.google.com/mapfiles/kml/shapes/airports.png","timestamp":"2026-05-21T16:30:46+00:00"}},{"type":"Feature","geometry":{"type":"Point","coordinates":[8.219292,50.059616,3048]},"properties":{"name":"2026-05-21 16:31:01 UTC","description":{"@type":"html","value":"<div><div><span><b>Altitude:</b></span> <span>10,000 ft</span></div>\n<div><span><b>Speed:</b></span> <span>295 kt</span></div>\n<div><span><b>Heading:</b></span> <span>69&deg;</span></div>\n</div>"},"icon-heading":69,"icon":"http://maps.google.com/mapfiles/kml/shapes/airports.png","timestamp":"2026-05-21T16:31:01+00:00"}},{"type":"Feature","geometry":{"type":"Point","coordinates":[8.24509,50.065907,3048]},"properties":{"name":"2026-05-21 16:31:14 UTC","description":{"@type":"html","value":"<div><div><span><b>Altitude:</b></span> <span>10,000 ft</span></div>\n<div><span><b>Speed:</b></span> <span>295 kt</span></div>\n<div><span><b>Heading:</b></span> <span>69&deg;</span></div>\n</div>"},"icon-heading":69,"icon":"http://maps.google.com/mapfiles/kml/shapes/airports.png","timestamp":"2026-05-21T16:31:14+00:00"}},{"type":"Feature","geometry":{"type":"Point","coordinates":[8.270478,50.072147,3048]},"properties":{"name":"2026-05-21 16:31:26 UTC","description":{"@type":"html","value":"<div><div><span><b>Altitude:</b></span> <span>10,000 ft</span></div>\n<div><span><b>Speed:</b></span> <span>295 kt</span></div>\n<div><span><b>Heading:</b></span> <span>69&deg;</span></div>\n</div>"},"icon-heading":69,"icon":"http://maps.google.com/mapfiles/kml/shapes/airports.png","timestamp":"2026-05-21T16:31:26+00:00"}},{"type":"Feature","geometry":{"type":"Point","coordinates":[8.296014,50.078289,3048]},"properties":{"name":"2026-05-21 16:31:39 UTC","description":{"@type":"html","value":"<div><div><span><b>Altitude:</b></span> <span>10,000 ft</span></div>\n<div><span><b>Speed:</b></span> <span>297 kt</span></div>\n<div><span><b>Heading:</b></span> <span>69&deg;</span></div>\n</div>"},"icon-heading":69,"icon":"http://maps.google.com/mapfiles/kml/shapes/airports.png","timestamp":"2026-05-21T16:31:39+00:00"}},{"type":"Feature","geometry":{"type":"Point","coordinates":[8.322144,50.08461,3048]},"properties":{"name":"2026-05-21 16:31:52 UTC","description":{"@type":"html","value":"<div><div><span><b>Altitude:</b></span> <span>10,000 ft</span></div>\n<div><span><b>Speed:</b></span> <span>296 kt</span></div>\n<div><span><b>Heading:</b></span> <span>69&deg;</span></div>\n</div>"},"icon-heading":69,"icon":"http://maps.google.com/mapfiles/kml/shapes/airports.png","timestamp":"2026-05-21T16:31:52+00:00"}},{"type":"Feature","geometry":{"type":"Point","coordinates":[8.346343,50.090439,3025.14]},"properties":{"name":"2026-05-21 16:32:05 UTC","description":{"@type":"html","value":"<div><div><span><b>Altitude:</b></span> <span>9,925 ft</span></div>\n<div><span><b>Speed:</b></span> <span>297 kt</span></div>\n<div><span><b>Heading:</b></span> <span>69&deg;</span></div>\n</div>"},"icon-heading":69,"icon":"http://maps.google.com/mapfiles/kml/shapes/airports.png","timestamp":"2026-05-21T16:32:05+00:00"}},{"type":"Feature","geometry":{"type":"Point","coordinates":[8.376641,50.097794,2948.94]},"properties":{"name":"2026-05-21 16:32:20 UTC","description":{"@type":"html","value":"<div><div><span><b>Altitude:</b></span> <span>9,675 ft</span></div>\n<div><span><b>Speed:</b></span> <span>294 kt</span></div>\n<div><span><b>Heading:</b></span> <span>69&deg;</span></div>\n</div>"},"icon-heading":69,"icon":"http://maps.google.com/mapfiles/kml/shapes/airports.png","timestamp":"2026-05-21T16:32:20+00:00"}},{"type":"Feature","geometry":{"type":"Point","coordinates":[8.405336,50.10466,2880.36]},"properties":{"name":"2026-05-21 16:32:34 UTC","description":{"@type":"html","value":"<div><div><span><b>Altitude:</b></span> <span>9,450 ft</span></div>\n<div><span><b>Speed:</b></span> <span>293 kt</span></div>\n<div><span><b>Heading:</b></span> <span>69&deg;</span></div>\n</div>"},"icon-heading":69,"icon":"http://maps.google.com/mapfiles/kml/shapes/airports.png","timestamp":"2026-05-21T16:32:34+00:00"}},{"type":"Feature","geometry":{"type":"Point","coordinates":[8.433788,50.111435,2811.78]},"properties":{"name":"2026-05-21 16:32:49 UTC","description":{"@type":"html","value":"<div><div><span><b>Altitude:</b></span> <span>9,225 ft</span></div>\n<div><span><b>Speed:</b></span> <span>293 kt</span></div>\n<div><span><b>Heading:</b></span> <span>69&deg;</span></div>\n</div>"},"icon-heading":69,"icon":"http://maps.google.com/mapfiles/kml/shapes/airports.png","timestamp":"2026-05-21T16:32:49+00:00"}},{"type":"Feature","geometry":{"type":"Point","coordinates":[8.458533,50.11734,2750.82]},"properties":{"name":"2026-05-21 16:33:01 UTC","description":{"@type":"html","value":"<div><div><span><b>Altitude:</b></span> <span>9,025 ft</span></div>\n<div><span><b>Speed:</b></span> <span>294 kt</span></div>\n<div><span><b>Heading:</b></span> <span>69&deg;</span></div>\n</div>"},"icon-heading":69,"icon":"http://maps.google.com/mapfiles/kml/shapes/airports.png","timestamp":"2026-05-21T16:33:01+00:00"}},{"type":"Feature","geometry":{"type":"Point","coordinates":[8.486866,50.124161,2674.62]},"properties":{"name":"2026-05-21 16:33:16 UTC","description":{"@type":"html","value":"<div><div><span><b>Altitude:</b></span> <span>8,775 ft</span></div>\n<div><span><b>Speed:</b></span> <span>292 kt</span></div>\n<div><span><b>Heading:</b></span> <span>69&deg;</span></div>\n</div>"},"icon-heading":69,"icon":"http://maps.google.com/mapfiles/kml/shapes/airports.png","timestamp":"2026-05-21T16:33:16+00:00"}},{"type":"Feature","geometry":{"type":"Point","coordinates":[8.511658,50.130112,2583.18]},"properties":{"name":"2026-05-21 16:33:28 UTC","description":{"@type":"html","value":"<div><div><span><b>Altitude:</b></span> <span>8,475 ft</span></div>\n<div><span><b>Speed:</b></span> <span>292 kt</span></div>\n<div><span><b>Heading:</b></span> <span>69&deg;</span></div>\n</div>"},"icon-heading":69,"icon":"http://maps.google.com/mapfiles/kml/shapes/airports.png","timestamp":"2026-05-21T16:33:28+00:00"}},{"type":"Feature","geometry":{"type":"Point","coordinates":[8.539485,50.136795,2476.5]},"properties":{"name":"2026-05-21 16:33:43 UTC","description":{"@type":"html","value":"<div><div><span><b>Altitude:</b></span> <span>8,125 ft</span></div>\n<div><span><b>Speed:</b></span> <span>290 kt</span></div>\n<div><span><b>Heading:</b></span> <span>69&deg;</span></div>\n</div>"},"icon-heading":69,"icon":"http://maps.google.com/mapfiles/kml/shapes/airports.png","timestamp":"2026-05-21T16:33:43+00:00"}},{"type":"Feature","geometry":{"type":"Point","coordinates":[8.564882,50.142765,2377.44]},"properties":{"name":"2026-05-21 16:33:56 UTC","description":{"@type":"html","value":"<div><div><span><b>Altitude:</b></span> <span>7,800 ft</span></div>\n<div><span><b>Speed:</b></span> <span>288 kt</span></div>\n<div><span><b>Heading:</b></span> <span>69&deg;</span></div>\n</div>"},"icon-heading":69,"icon":"http://maps.google.com/mapfiles/kml/shapes/airports.png","timestamp":"2026-05-21T16:33:56+00:00"}},{"type":"Feature","geometry":{"type":"Point","coordinates":[8.589676,50.148769,2278.38]},"properties":{"name":"2026-05-21 16:34:08 UTC","description":{"@type":"html","value":"<div><div><span><b>Altitude:</b></span> <span>7,475 ft</span></div>\n<div><span><b>Speed:</b></span> <span>286 kt</span></div>\n<div><span><b>Heading:</b></span> <span>69&deg;</span></div>\n</div>"},"icon-heading":69,"icon":"http://maps.google.com/mapfiles/kml/shapes/airports.png","timestamp":"2026-05-21T16:34:08+00:00"}},{"type":"Feature","geometry":{"type":"Point","coordinates":[8.613643,50.154648,2186.94]},"properties":{"name":"2026-05-21 16:34:21 UTC","description":{"@type":"html","value":"<div><div><span><b>Altitude:</b></span> <span>7,175 ft</span></div>\n<div><span><b>Speed:</b></span> <span>284 kt</span></div>\n<div><span><b>Heading:</b></span> <span>69&deg;</span></div>\n</div>"},"icon-heading":69,"icon":"http://maps.google.com/mapfiles/kml/shapes/airports.png","timestamp":"2026-05-21T16:34:21+00:00"}},{"type":"Feature","geometry":{"type":"Point","coordinates":[8.642698,50.161606,2095.5]},"properties":{"name":"2026-05-21 16:34:36 UTC","description":{"@type":"html","value":"<div><div><span><b>Altitude:</b></span> <span>6,875 ft</span></div>\n<div><span><b>Speed:</b></span> <span>278 kt</span></div>\n<div><span><b>Heading:</b></span> <span>70&deg;</span></div>\n</div>"},"icon-heading":70,"icon":"http://maps.google.com/mapfiles/kml/shapes/airports.png","timestamp":"2026-05-21T16:34:36+00:00"}},{"type":"Feature","geometry":{"type":"Point","coordinates":[8.665763,50.166927,2034.54]},"properties":{"name":"2026-05-21 16:34:48 UTC","description":{"@type":"html","value":"<div><div><span><b>Altitude:</b></span> <span>6,675 ft</span></div>\n<div><span><b>Speed:</b></span> <span>273 kt</span></div>\n<div><span><b>Heading:</b></span> <span>70&deg;</span></div>\n</div>"},"icon-heading":70,"icon":"http://maps.google.com/mapfiles/kml/shapes/airports.png","timestamp":"2026-05-21T16:34:48+00:00"}},{"type":"Feature","geometry":{"type":"Point","coordinates":[8.689962,50.172558,1965.96]},"properties":{"name":"2026-05-21 16:35:01 UTC","description":{"@type":"html","value":"<div><div><span><b>Altitude:</b></span> <span>6,450 ft</span></div>\n<div><span><b>Speed:</b></span> <span>268 kt</span></div>\n<div><span><b>Heading:</b></span> <span>69&deg;</span></div>\n</div>"},"icon-heading":69,"icon":"http://maps.google.com/mapfiles/kml/shapes/airports.png","timestamp":"2026-05-21T16:35:01+00:00"}},{"type":"Feature","geometry":{"type":"Point","coordinates":[8.712084,50.177681,1905]},"properties":{"name":"2026-05-21 16:35:14 UTC","description":{"@type":"html","value":"<div><div><span><b>Altitude:</b></span> <span>6,250 ft</span></div>\n<div><span><b>Speed:</b></span> <span>263 kt</span></div>\n<div><span><b>Heading:</b></span> <span>70&deg;</span></div>\n</div>"},"icon-heading":70,"icon":"http://maps.google.com/mapfiles/kml/shapes/airports.png","timestamp":"2026-05-21T16:35:14+00:00"}},{"type":"Feature","geometry":{"type":"Point","coordinates":[8.737817,50.183716,1836.42]},"properties":{"name":"2026-05-21 16:35:29 UTC","description":{"@type":"html","value":"<div><div><span><b>Altitude:</b></span> <span>6,025 ft</span></div>\n<div><span><b>Speed:</b></span> <span>257 kt</span></div>\n<div><span><b>Heading:</b></span> <span>70&deg;</span></div>\n</div>"},"icon-heading":70,"icon":"http://maps.google.com/mapfiles/kml/shapes/airports.png","timestamp":"2026-05-21T16:35:29+00:00"}},{"type":"Feature","geometry":{"type":"Point","coordinates":[8.759934,50.188843,1828.8]},"properties":{"name":"2026-05-21 16:35:41 UTC","description":{"@type":"html","value":"<div><div><span><b>Altitude:</b></span> <span>6,000 ft</span></div>\n<div><span><b>Speed:</b></span> <span>247 kt</span></div>\n<div><span><b>Heading:</b></span> <span>70&deg;</span></div>\n</div>"},"icon-heading":70,"icon":"http://maps.google.com/mapfiles/kml/shapes/airports.png","timestamp":"2026-05-21T16:35:41+00:00"}},{"type":"Feature","geometry":{"type":"Point","coordinates":[8.782604,50.194111,1828.8]},"properties":{"name":"2026-05-21 16:35:55 UTC","description":{"@type":"html","value":"<div><div><span><b>Altitude:</b></span> <span>6,000 ft</span></div>\n<div><span><b>Speed:</b></span> <span>246 kt</span></div>\n<div><span><b>Heading:</b></span> <span>70&deg;</span></div>\n</div>"},"icon-heading":70,"icon":"http://maps.google.com/mapfiles/kml/shapes/airports.png","timestamp":"2026-05-21T16:35:55+00:00"}},{"type":"Feature","geometry":{"type":"Point","coordinates":[8.803612,50.199047,1828.8]},"properties":{"name":"2026-05-21 16:36:08 UTC","description":{"@type":"html","value":"<div><div><span><b>Altitude:</b></span> <span>6,000 ft</span></div>\n<div><span><b>Speed:</b></span> <span>246 kt</span></div>\n<div><span><b>Heading:</b></span> <span>69&deg;</span></div>\n</div>"},"icon-heading":69,"icon":"http://maps.google.com/mapfiles/kml/shapes/airports.png","timestamp":"2026-05-21T16:36:08+00:00"}},{"type":"Feature","geometry":{"type":"Point","coordinates":[8.828331,50.20496,1828.8]},"properties":{"name":"2026-05-21 16:36:22 UTC","description":{"@type":"html","value":"<div><div><span><b>Altitude:</b></span> <span>6,000 ft</span></div>\n<div><span><b>Speed:</b></span> <span>247 kt</span></div>\n<div><span><b>Heading:</b></span> <span>71&deg;</span></div>\n</div>"},"icon-heading":71,"icon":"http://maps.google.com/mapfiles/kml/shapes/airports.png","timestamp":"2026-05-21T16:36:22+00:00"}},{"type":"Feature","geometry":{"type":"Point","coordinates":[8.839224,50.206604,1821.18]},"properties":{"name":"2026-05-21 16:36:28 UTC","description":{"@type":"html","value":"<div><div><span><b>Altitude:</b></span> <span>5,975 ft</span></div>\n<div><span><b>Speed:</b></span> <span>247 kt</span></div>\n<div><span><b>Heading:</b></span> <span>80&deg;</span></div>\n</div>"},"icon-heading":80,"icon":"http://maps.google.com/mapfiles/kml/shapes/airports.png","timestamp":"2026-05-21T16:36:28+00:00"}},{"type":"Feature","geometry":{"type":"Point","coordinates":[8.842732,50.206821,1821.18]},"properties":{"name":"2026-05-21 16:36:30 UTC","description":{"@type":"html","value":"<div><div><span><b>Altitude:</b></span> <span>5,975 ft</span></div>\n<div><span><b>Speed:</b></span> <span>247 kt</span></div>\n<div><span><b>Heading:</b></span> <span>84&deg;</span></div>\n</div>"},"icon-heading":84,"icon":"http://maps.google.com/mapfiles/kml/shapes/airports.png","timestamp":"2026-05-21T16:36:30+00:00"}},{"type":"Feature","geometry":{"type":"Point","coordinates":[8.84637,50.206913,1813.56]},"properties":{"name":"2026-05-21 16:36:33 UTC","description":{"@type":"html","value":"<div><div><span><b>Altitude:</b></span> <span>5,950 ft</span></div>\n<div><span><b>Speed:</b></span> <span>248 kt</span></div>\n<div><span><b>Heading:</b></span> <span>87&deg;</span></div>\n</div>"},"icon-heading":87,"icon":"http://maps.google.com/mapfiles/kml/shapes/airports.png","timestamp":"2026-05-21T16:36:33+00:00"}},{"type":"Feature","geometry":{"type":"Point","coordinates":[8.850283,50.206833,1798.32]},"properties":{"name":"2026-05-21 16:36:35 UTC","description":{"@type":"html","value":"<div><div><span><b>Altitude:</b></span> <span>5,900 ft</span></div>\n<div><span><b>Speed:</b></span> <span>248 kt</span></div>\n<div><span><b>Heading:</b></span> <span>91&deg;</span></div>\n</div>"},"icon-heading":91,"icon":"http://maps.google.com/mapfiles/kml/shapes/airports.png","timestamp":"2026-05-21T16:36:35+00:00"}},{"type":"Feature","geometry":{"type":"Point","coordinates":[8.853101,50.206604,1790.7]},"properties":{"name":"2026-05-21 16:36:37 UTC","description":{"@type":"html","value":"<div><div><span><b>Altitude:</b></span> <span>5,875 ft</span></div>\n<div><span><b>Speed:</b></span> <span>248 kt</span></div>\n<div><span><b>Heading:</b></span> <span>96&deg;</span></div>\n</div>"},"icon-heading":96,"icon":"http://maps.google.com/mapfiles/kml/shapes/airports.png","timestamp":"2026-05-21T16:36:37+00:00"}},{"type":"Feature","geometry":{"type":"Point","coordinates":[8.856985,50.206169,1783.08]},"properties":{"name":"2026-05-21 16:36:39 UTC","description":{"@type":"html","value":"<div><div><span><b>Altitude:</b></span> <span>5,850 ft</span></div>\n<div><span><b>Speed:</b></span> <span>247 kt</span></div>\n<div><span><b>Heading:</b></span> <span>100&deg;</span></div>\n</div>"},"icon-heading":100,"icon":"http://maps.google.com/mapfiles/kml/shapes/airports.png","timestamp":"2026-05-21T16:36:39+00:00"}},{"type":"Feature","geometry":{"type":"Point","coordinates":[8.861588,50.205379,1767.84]},"properties":{"name":"2026-05-21 16:36:41 UTC","description":{"@type":"html","value":"<div><div><span><b>Altitude:</b></span> <span>5,800 ft</span></div>\n<div><span><b>Speed:</b></span> <span>245 kt</span></div>\n<div><span><b>Heading:</b></span> <span>106&deg;</span></div>\n</div>"},"icon-heading":106,"icon":"http://maps.google.com/mapfiles/kml/shapes/airports.png","timestamp":"2026-05-21T16:36:41+00:00"}},{"type":"Feature","geometry":{"type":"Point","coordinates":[8.864955,50.20459,1760.22]},"properties":{"name":"2026-05-21 16:36:43 UTC","description":{"@type":"html","value":"<div><div><span><b>Altitude:</b></span> <span>5,775 ft</span></div>\n<div><span><b>Speed:</b></span> <span>245 kt</span></div>\n<div><span><b>Heading:</b></span> <span>110&deg;</span></div>\n</div>"},"icon-heading":110,"icon":"http://maps.google.com/mapfiles/kml/shapes/airports.png","timestamp":"2026-05-21T16:36:43+00:00"}},{"type":"Feature","geometry":{"type":"Point","coordinates":[8.867846,50.203766,1752.6]},"properties":{"name":"2026-05-21 16:36:45 UTC","description":{"@type":"html","value":"<div><div><span><b>Altitude:</b></span> <span>5,750 ft</span></div>\n<div><span><b>Speed:</b></span> <span>245 kt</span></div>\n<div><span><b>Heading:</b></span> <span>114&deg;</span></div>\n</div>"},"icon-heading":114,"icon":"http://maps.google.com/mapfiles/kml/shapes/airports.png","timestamp":"2026-05-21T16:36:45+00:00"}},{"type":"Feature","geometry":{"type":"Point","coordinates":[8.871749,50.202484,1744.98]},"properties":{"name":"2026-05-21 16:36:48 UTC","description":{"@type":"html","value":"<div><div><span><b>Altitude:</b></span> <span>5,725 ft</span></div>\n<div><span><b>Speed:</b></span> <span>243 kt</span></div>\n<div><span><b>Heading:</b></span> <span>118&deg;</span></div>\n</div>"},"icon-heading":118,"icon":"http://maps.google.com/mapfiles/kml/shapes/airports.png","timestamp":"2026-05-21T16:36:48+00:00"}},{"type":"Feature","geometry":{"type":"Point","coordinates":[8.874652,50.201237,1737.36]},"properties":{"name":"2026-05-21 16:36:50 UTC","description":{"@type":"html","value":"<div><div><span><b>Altitude:</b></span> <span>5,700 ft</span></div>\n<div><span><b>Speed:</b></span> <span>242 kt</span></div>\n<div><span><b>Heading:</b></span> <span>122&deg;</span></div>\n</div>"},"icon-heading":122,"icon":"http://maps.google.com/mapfiles/kml/shapes/airports.png","timestamp":"2026-05-21T16:36:50+00:00"}},{"type":"Feature","geometry":{"type":"Point","coordinates":[8.877315,50.199966,1729.74]},"properties":{"name":"2026-05-21 16:36:52 UTC","description":{"@type":"html","value":"<div><div><span><b>Altitude:</b></span> <span>5,675 ft</span></div>\n<div><span><b>Speed:</b></span> <span>241 kt</span></div>\n<div><span><b>Heading:</b></span> <span>126&deg;</span></div>\n</div>"},"icon-heading":126,"icon":"http://maps.google.com/mapfiles/kml/shapes/airports.png","timestamp":"2026-05-21T16:36:52+00:00"}},{"type":"Feature","geometry":{"type":"Point","coordinates":[8.880278,50.198318,1714.5]},"properties":{"name":"2026-05-21 16:36:54 UTC","description":{"@type":"html","value":"<div><div><span><b>Altitude:</b></span> <span>5,625 ft</span></div>\n<div><span><b>Speed:</b></span> <span>239 kt</span></div>\n<div><span><b>Heading:</b></span> <span>133&deg;</span></div>\n</div>"},"icon-heading":133,"icon":"http://maps.google.com/mapfiles/kml/shapes/airports.png","timestamp":"2026-05-21T16:36:54+00:00"}},{"type":"Feature","geometry":{"type":"Point","coordinates":[8.882966,50.196442,1706.88]},"properties":{"name":"2026-05-21 16:36:56 UTC","description":{"@type":"html","value":"<div><div><span><b>Altitude:</b></span> <span>5,600 ft</span></div>\n<div><span><b>Speed:</b></span> <span>238 kt</span></div>\n<div><span><b>Heading:</b></span> <span>135&deg;</span></div>\n</div>"},"icon-heading":135,"icon":"http://maps.google.com/mapfiles/kml/shapes/airports.png","timestamp":"2026-05-21T16:36:56+00:00"}},{"type":"Feature","geometry":{"type":"Point","coordinates":[8.88512,50.194748,1699.26]},"properties":{"name":"2026-05-21 16:36:58 UTC","description":{"@type":"html","value":"<div><div><span><b>Altitude:</b></span> <span>5,575 ft</span></div>\n<div><span><b>Speed:</b></span> <span>236 kt</span></div>\n<div><span><b>Heading:</b></span> <span>142&deg;</span></div>\n</div>"},"icon-heading":142,"icon":"http://maps.google.com/mapfiles/kml/shapes/airports.png","timestamp":"2026-05-21T16:36:58+00:00"}},{"type":"Feature","geometry":{"type":"Point","coordinates":[8.88742,50.192623,1691.64]},"properties":{"name":"2026-05-21 16:37:00 UTC","description":{"@type":"html","value":"<div><div><span><b>Altitude:</b></span> <span>5,550 ft</span></div>\n<div><span><b>Speed:</b></span> <span>235 kt</span></div>\n<div><span><b>Heading:</b></span> <span>146&deg;</span></div>\n</div>"},"icon-heading":146,"icon":"http://maps.google.com/mapfiles/kml/shapes/airports.png","timestamp":"2026-05-21T16:37:00+00:00"}},{"type":"Feature","geometry":{"type":"Point","coordinates":[8.888905,50.190899,1684.02]},"properties":{"name":"2026-05-21 16:37:02 UTC","description":{"@type":"html","value":"<div><div><span><b>Altitude:</b></span> <span>5,525 ft</span></div>\n<div><span><b>Speed:</b></span> <span>233 kt</span></div>\n<div><span><b>Heading:</b></span> <span>150&deg;</span></div>\n</div>"},"icon-heading":150,"icon":"http://maps.google.com/mapfiles/kml/shapes/airports.png","timestamp":"2026-05-21T16:37:02+00:00"}},{"type":"Feature","geometry":{"type":"Point","coordinates":[8.890614,50.188797,1676.4]},"properties":{"name":"2026-05-21 16:37:05 UTC","description":{"@type":"html","value":"<div><div><span><b>Altitude:</b></span> <span>5,500 ft</span></div>\n<div><span><b>Speed:</b></span> <span>232 kt</span></div>\n<div><span><b>Heading:</b></span> <span>153&deg;</span></div>\n</div>"},"icon-heading":153,"icon":"http://maps.google.com/mapfiles/kml/shapes/airports.png","timestamp":"2026-05-21T16:37:05+00:00"}},{"type":"Feature","geometry":{"type":"Point","coordinates":[8.892204,50.186371,1661.16]},"properties":{"name":"2026-05-21 16:37:07 UTC","description":{"@type":"html","value":"<div><div><span><b>Altitude:</b></span> <span>5,450 ft</span></div>\n<div><span><b>Speed:</b></span> <span>229 kt</span></div>\n<div><span><b>Heading:</b></span> <span>157&deg;</span></div>\n</div>"},"icon-heading":157,"icon":"http://maps.google.com/mapfiles/kml/shapes/airports.png","timestamp":"2026-05-21T16:37:07+00:00"}},{"type":"Feature","geometry":{"type":"Point","coordinates":[8.89336,50.184494,1653.54]},"properties":{"name":"2026-05-21 16:37:09 UTC","description":{"@type":"html","value":"<div><div><span><b>Altitude:</b></span> <span>5,425 ft</span></div>\n<div><span><b>Speed:</b></span> <span>228 kt</span></div>\n<div><span><b>Heading:</b></span> <span>158&deg;</span></div>\n</div>"},"icon-heading":158,"icon":"http://maps.google.com/mapfiles/kml/shapes/airports.png","timestamp":"2026-05-21T16:37:09+00:00"}},{"type":"Feature","geometry":{"type":"Point","coordinates":[8.894769,50.182011,1645.92]},"properties":{"name":"2026-05-21 16:37:11 UTC","description":{"@type":"html","value":"<div><div><span><b>Altitude:</b></span> <span>5,400 ft</span></div>\n<div><span><b>Speed:</b></span> <span>227 kt</span></div>\n<div><span><b>Heading:</b></span> <span>160&deg;</span></div>\n</div>"},"icon-heading":160,"icon":"http://maps.google.com/mapfiles/kml/shapes/airports.png","timestamp":"2026-05-21T16:37:11+00:00"}},{"type":"Feature","geometry":{"type":"Point","coordinates":[8.89589,50.180008,1638.3]},"properties":{"name":"2026-05-21 16:37:13 UTC","description":{"@type":"html","value":"<div><div><span><b>Altitude:</b></span> <span>5,375 ft</span></div>\n<div><span><b>Speed:</b></span> <span>226 kt</span></div>\n<div><span><b>Heading:</b></span> <span>160&deg;</span></div>\n</div>"},"icon-heading":160,"icon":"http://maps.google.com/mapfiles/kml/shapes/airports.png","timestamp":"2026-05-21T16:37:13+00:00"}},{"type":"Feature","geometry":{"type":"Point","coordinates":[8.896996,50.177864,1630.68]},"properties":{"name":"2026-05-21 16:37:15 UTC","description":{"@type":"html","value":"<div><div><span><b>Altitude:</b></span> <span>5,350 ft</span></div>\n<div><span><b>Speed:</b></span> <span>225 kt</span></div>\n<div><span><b>Heading:</b></span> <span>160&deg;</span></div>\n</div>"},"icon-heading":160,"icon":"http://maps.google.com/mapfiles/kml/shapes/airports.png","timestamp":"2026-05-21T16:37:15+00:00"}},{"type":"Feature","geometry":{"type":"Point","coordinates":[8.898059,50.17598,1623.06]},"properties":{"name":"2026-05-21 16:37:18 UTC","description":{"@type":"html","value":"<div><div><span><b>Altitude:</b></span> <span>5,325 ft</span></div>\n<div><span><b>Speed:</b></span> <span>225 kt</span></div>\n<div><span><b>Heading:</b></span> <span>161&deg;</span></div>\n</div>"},"icon-heading":161,"icon":"http://maps.google.com/mapfiles/kml/shapes/airports.png","timestamp":"2026-05-21T16:37:18+00:00"}},{"type":"Feature","geometry":{"type":"Point","coordinates":[8.899215,50.173737,1615.44]},"properties":{"name":"2026-05-21 16:37:20 UTC","description":{"@type":"html","value":"<div><div><span><b>Altitude:</b></span> <span>5,300 ft</span></div>\n<div><span><b>Speed:</b></span> <span>224 kt</span></div>\n<div><span><b>Heading:</b></span> <span>162&deg;</span></div>\n</div>"},"icon-heading":162,"icon":"http://maps.google.com/mapfiles/kml/shapes/airports.png","timestamp":"2026-05-21T16:37:20+00:00"}},{"type":"Feature","geometry":{"type":"Point","coordinates":[8.900154,50.171448,1607.82]},"properties":{"name":"2026-05-21 16:37:22 UTC","description":{"@type":"html","value":"<div><div><span><b>Altitude:</b></span> <span>5,275 ft</span></div>\n<div><span><b>Speed:</b></span> <span>222 kt</span></div>\n<div><span><b>Heading:</b></span> <span>163&deg;</span></div>\n</div>"},"icon-heading":163,"icon":"http://maps.google.com/mapfiles/kml/shapes/airports.png","timestamp":"2026-05-21T16:37:22+00:00"}},{"type":"Feature","geometry":{"type":"Point","coordinates":[8.900805,50.169662,1600.2]},"properties":{"name":"2026-05-21 16:37:24 UTC","description":{"@type":"html","value":"<div><div><span><b>Altitude:</b></span> <span>5,250 ft</span></div>\n<div><span><b>Speed:</b></span> <span>221 kt</span></div>\n<div><span><b>Heading:</b></span> <span>168&deg;</span></div>\n</div>"},"icon-heading":168,"icon":"http://maps.google.com/mapfiles/kml/shapes/airports.png","timestamp":"2026-05-21T16:37:24+00:00"}},{"type":"Feature","geometry":{"type":"Point","coordinates":[8.901311,50.167557,1592.58]},"properties":{"name":"2026-05-21 16:37:26 UTC","description":{"@type":"html","value":"<div><div><span><b>Altitude:</b></span> <span>5,225 ft</span></div>\n<div><span><b>Speed:</b></span> <span>219 kt</span></div>\n<div><span><b>Heading:</b></span> <span>172&deg;</span></div>\n</div>"},"icon-heading":172,"icon":"http://maps.google.com/mapfiles/kml/shapes/airports.png","timestamp":"2026-05-21T16:37:26+00:00"}},{"type":"Feature","geometry":{"type":"Point","coordinates":[8.9016,50.165314,1584.96]},"properties":{"name":"2026-05-21 16:37:28 UTC","description":{"@type":"html","value":"<div><div><span><b>Altitude:</b></span> <span>5,200 ft</span></div>\n<div><span><b>Speed:</b></span> <span>218 kt</span></div>\n<div><span><b>Heading:</b></span> <span>176&deg;</span></div>\n</div>"},"icon-heading":176,"icon":"http://maps.google.com/mapfiles/kml/shapes/airports.png","timestamp":"2026-05-21T16:37:28+00:00"}},{"type":"Feature","geometry":{"type":"Point","coordinates":[8.901598,50.162922,1569.72]},"properties":{"name":"2026-05-21 16:37:30 UTC","description":{"@type":"html","value":"<div><div><span><b>Altitude:</b></span> <span>5,150 ft</span></div>\n<div><span><b>Speed:</b></span> <span>217 kt</span></div>\n<div><span><b>Heading:</b></span> <span>181&deg;</span></div>\n</div>"},"icon-heading":181,"icon":"http://maps.google.com/mapfiles/kml/shapes/airports.png","timestamp":"2026-05-21T16:37:30+00:00"}},{"type":"Feature","geometry":{"type":"Point","coordinates":[8.901311,50.16124,1569.72]},"properties":{"name":"2026-05-21 16:37:33 UTC","description":{"@type":"html","value":"<div><div><span><b>Altitude:</b></span> <span>5,150 ft</span></div>\n<div><span><b>Speed:</b></span> <span>215 kt</span></div>\n<div><span><b>Heading:</b></span> <span>185&deg;</span></div>\n</div>"},"icon-heading":185,"icon":"http://maps.google.com/mapfiles/kml/shapes/airports.png","timestamp":"2026-05-21T16:37:33+00:00"}},{"type":"Feature","geometry":{"type":"Point","coordinates":[8.900782,50.15929,1554.48]},"properties":{"name":"2026-05-21 16:37:35 UTC","description":{"@type":"html","value":"<div><div><span><b>Altitude:</b></span> <span>5,100 ft</span></div>\n<div><span><b>Speed:</b></span> <span>213 kt</span></div>\n<div><span><b>Heading:</b></span> <span>190&deg;</span></div>\n</div>"},"icon-heading":190,"icon":"http://maps.google.com/mapfiles/kml/shapes/airports.png","timestamp":"2026-05-21T16:37:35+00:00"}},{"type":"Feature","geometry":{"type":"Point","coordinates":[8.899721,50.156799,1546.86]},"properties":{"name":"2026-05-21 16:37:37 UTC","description":{"@type":"html","value":"<div><div><span><b>Altitude:</b></span> <span>5,075 ft</span></div>\n<div><span><b>Speed:</b></span> <span>211 kt</span></div>\n<div><span><b>Heading:</b></span> <span>197&deg;</span></div>\n</div>"},"icon-heading":197,"icon":"http://maps.google.com/mapfiles/kml/shapes/airports.png","timestamp":"2026-05-21T16:37:37+00:00"}},{"type":"Feature","geometry":{"type":"Point","coordinates":[8.898703,50.154961,1539.24]},"properties":{"name":"2026-05-21 16:37:39 UTC","description":{"@type":"html","value":"<div><div><span><b>Altitude:</b></span> <span>5,050 ft</span></div>\n<div><span><b>Speed:</b></span> <span>210 kt</span></div>\n<div><span><b>Heading:</b></span> <span>202&deg;</span></div>\n</div>"},"icon-heading":202,"icon":"http://maps.google.com/mapfiles/kml/shapes/airports.png","timestamp":"2026-05-21T16:37:39+00:00"}},{"type":"Feature","geometry":{"type":"Point","coordinates":[8.897293,50.153053,1531.62]},"properties":{"name":"2026-05-21 16:37:41 UTC","description":{"@type":"html","value":"<div><div><span><b>Altitude:</b></span> <span>5,025 ft</span></div>\n<div><span><b>Speed:</b></span> <span>209 kt</span></div>\n<div><span><b>Heading:</b></span> <span>206&deg;</span></div>\n</div>"},"icon-heading":206,"icon":"http://maps.google.com/mapfiles/kml/shapes/airports.png","timestamp":"2026-05-21T16:37:41+00:00"}},{"type":"Feature","geometry":{"type":"Point","coordinates":[8.895734,50.151283,1524]},"properties":{"name":"2026-05-21 16:37:43 UTC","description":{"@type":"html","value":"<div><div><span><b>Altitude:</b></span> <span>5,000 ft</span></div>\n<div><span><b>Speed:</b></span> <span>208 kt</span></div>\n<div><span><b>Heading:</b></span> <span>210&deg;</span></div>\n</div>"},"icon-heading":210,"icon":"http://maps.google.com/mapfiles/kml/shapes/airports.png","timestamp":"2026-05-21T16:37:43+00:00"}},{"type":"Feature","geometry":{"type":"Point","coordinates":[8.893939,50.149567,1516.38]},"properties":{"name":"2026-05-21 16:37:46 UTC","description":{"@type":"html","value":"<div><div><span><b>Altitude:</b></span> <span>4,975 ft</span></div>\n<div><span><b>Speed:</b></span> <span>206 kt</span></div>\n<div><span><b>Heading:</b></span> <span>214&deg;</span></div>\n</div>"},"icon-heading":214,"icon":"http://maps.google.com/mapfiles/kml/shapes/airports.png","timestamp":"2026-05-21T16:37:46+00:00"}},{"type":"Feature","geometry":{"type":"Point","coordinates":[8.891873,50.147793,1501.14]},"properties":{"name":"2026-05-21 16:37:48 UTC","description":{"@type":"html","value":"<div><div><span><b>Altitude:</b></span> <span>4,925 ft</span></div>\n<div><span><b>Speed:</b></span> <span>205 kt</span></div>\n<div><span><b>Heading:</b></span> <span>216&deg;</span></div>\n</div>"},"icon-heading":216,"icon":"http://maps.google.com/mapfiles/kml/shapes/airports.png","timestamp":"2026-05-21T16:37:48+00:00"}},{"type":"Feature","geometry":{"type":"Point","coordinates":[8.890108,50.146317,1501.14]},"properties":{"name":"2026-05-21 16:37:50 UTC","description":{"@type":"html","value":"<div><div><span><b>Altitude:</b></span> <span>4,925 ft</span></div>\n<div><span><b>Speed:</b></span> <span>204 kt</span></div>\n<div><span><b>Heading:</b></span> <span>218&deg;</span></div>\n</div>"},"icon-heading":218,"icon":"http://maps.google.com/mapfiles/kml/shapes/airports.png","timestamp":"2026-05-21T16:37:50+00:00"}},{"type":"Feature","geometry":{"type":"Point","coordinates":[8.888373,50.144989,1493.52]},"properties":{"name":"2026-05-21 16:37:52 UTC","description":{"@type":"html","value":"<div><div><span><b>Altitude:</b></span> <span>4,900 ft</span></div>\n<div><span><b>Speed:</b></span> <span>203 kt</span></div>\n<div><span><b>Heading:</b></span> <span>219&deg;</span></div>\n</div>"},"icon-heading":219,"icon":"http://maps.google.com/mapfiles/kml/shapes/airports.png","timestamp":"2026-05-21T16:37:52+00:00"}},{"type":"Feature","geometry":{"type":"Point","coordinates":[8.88606,50.143204,1478.28]},"properties":{"name":"2026-05-21 16:37:54 UTC","description":{"@type":"html","value":"<div><div><span><b>Altitude:</b></span> <span>4,850 ft</span></div>\n<div><span><b>Speed:</b></span> <span>202 kt</span></div>\n<div><span><b>Heading:</b></span> <span>220&deg;</span></div>\n</div>"},"icon-heading":220,"icon":"http://maps.google.com/mapfiles/kml/shapes/airports.png","timestamp":"2026-05-21T16:37:54+00:00"}},{"type":"Feature","geometry":{"type":"Point","coordinates":[8.884254,50.14183,1470.66]},"properties":{"name":"2026-05-21 16:37:56 UTC","description":{"@type":"html","value":"<div><div><span><b>Altitude:</b></span> <span>4,825 ft</span></div>\n<div><span><b>Speed:</b></span> <span>202 kt</span></div>\n<div><span><b>Heading:</b></span> <span>220&deg;</span></div>\n</div>"},"icon-heading":220,"icon":"http://maps.google.com/mapfiles/kml/shapes/airports.png","timestamp":"2026-05-21T16:37:56+00:00"}},{"type":"Feature","geometry":{"type":"Point","coordinates":[8.882223,50.140392,1463.04]},"properties":{"name":"2026-05-21 16:37:58 UTC","description":{"@type":"html","value":"<div><div><span><b>Altitude:</b></span> <span>4,800 ft</span></div>\n<div><span><b>Speed:</b></span> <span>201 kt</span></div>\n<div><span><b>Heading:</b></span> <span>221&deg;</span></div>\n</div>"},"icon-heading":221,"icon":"http://maps.google.com/mapfiles/kml/shapes/airports.png","timestamp":"2026-05-21T16:37:58+00:00"}},{"type":"Feature","geometry":{"type":"Point","coordinates":[8.88035,50.138992,1455.42]},"properties":{"name":"2026-05-21 16:38:00 UTC","description":{"@type":"html","value":"<div><div><span><b>Altitude:</b></span> <span>4,775 ft</span></div>\n<div><span><b>Speed:</b></span> <span>200 kt</span></div>\n<div><span><b>Heading:</b></span> <span>221&deg;</span></div>\n</div>"},"icon-heading":221,"icon":"http://maps.google.com/mapfiles/kml/shapes/airports.png","timestamp":"2026-05-21T16:38:00+00:00"}},{"type":"Feature","geometry":{"type":"Point","coordinates":[8.877993,50.137318,1447.8]},"properties":{"name":"2026-05-21 16:38:02 UTC","description":{"@type":"html","value":"<div><div><span><b>Altitude:</b></span> <span>4,750 ft</span></div>\n<div><span><b>Speed:</b></span> <span>199 kt</span></div>\n<div><span><b>Heading:</b></span> <span>221&deg;</span></div>\n</div>"},"icon-heading":221,"icon":"http://maps.google.com/mapfiles/kml/shapes/airports.png","timestamp":"2026-05-21T16:38:02+00:00"}},{"type":"Feature","geometry":{"type":"Point","coordinates":[8.87623,50.136017,1440.18]},"properties":{"name":"2026-05-21 16:38:04 UTC","description":{"@type":"html","value":"<div><div><span><b>Altitude:</b></span> <span>4,725 ft</span></div>\n<div><span><b>Speed:</b></span> <span>199 kt</span></div>\n<div><span><b>Heading:</b></span> <span>222&deg;</span></div>\n</div>"},"icon-heading":222,"icon":"http://maps.google.com/mapfiles/kml/shapes/airports.png","timestamp":"2026-05-21T16:38:04+00:00"}},{"type":"Feature","geometry":{"type":"Point","coordinates":[8.874207,50.134712,1432.56]},"properties":{"name":"2026-05-21 16:38:07 UTC","description":{"@type":"html","value":"<div><div><span><b>Altitude:</b></span> <span>4,700 ft</span></div>\n<div><span><b>Speed:</b></span> <span>198 kt</span></div>\n<div><span><b>Heading:</b></span> <span>223&deg;</span></div>\n</div>"},"icon-heading":223,"icon":"http://maps.google.com/mapfiles/kml/shapes/airports.png","timestamp":"2026-05-21T16:38:07+00:00"}},{"type":"Feature","geometry":{"type":"Point","coordinates":[8.872276,50.133453,1424.94]},"properties":{"name":"2026-05-21 16:38:09 UTC","description":{"@type":"html","value":"<div><div><span><b>Altitude:</b></span> <span>4,675 ft</span></div>\n<div><span><b>Speed:</b></span> <span>198 kt</span></div>\n<div><span><b>Heading:</b></span> <span>225&deg;</span></div>\n</div>"},"icon-heading":225,"icon":"http://maps.google.com/mapfiles/kml/shapes/airports.png","timestamp":"2026-05-21T16:38:09+00:00"}},{"type":"Feature","geometry":{"type":"Point","coordinates":[8.869455,50.131824,1424.94]},"properties":{"name":"2026-05-21 16:38:11 UTC","description":{"@type":"html","value":"<div><div><span><b>Altitude:</b></span> <span>4,675 ft</span></div>\n<div><span><b>Speed:</b></span> <span>196 kt</span></div>\n<div><span><b>Heading:</b></span> <span>227&deg;</span></div>\n</div>"},"icon-heading":227,"icon":"http://maps.google.com/mapfiles/kml/shapes/airports.png","timestamp":"2026-05-21T16:38:11+00:00"}},{"type":"Feature","geometry":{"type":"Point","coordinates":[8.867526,50.130756,1417.32]},"properties":{"name":"2026-05-21 16:38:13 UTC","description":{"@type":"html","value":"<div><div><span><b>Altitude:</b></span> <span>4,650 ft</span></div>\n<div><span><b>Speed:</b></span> <span>196 kt</span></div>\n<div><span><b>Heading:</b></span> <span>229&deg;</span></div>\n</div>"},"icon-heading":229,"icon":"http://maps.google.com/mapfiles/kml/shapes/airports.png","timestamp":"2026-05-21T16:38:13+00:00"}},{"type":"Feature","geometry":{"type":"Point","coordinates":[8.865605,50.129837,1409.7]},"properties":{"name":"2026-05-21 16:38:15 UTC","description":{"@type":"html","value":"<div><div><span><b>Altitude:</b></span> <span>4,625 ft</span></div>\n<div><span><b>Speed:</b></span> <span>196 kt</span></div>\n<div><span><b>Heading:</b></span> <span>231&deg;</span></div>\n</div>"},"icon-heading":231,"icon":"http://maps.google.com/mapfiles/kml/shapes/airports.png","timestamp":"2026-05-21T16:38:15+00:00"}},{"type":"Feature","geometry":{"type":"Point","coordinates":[8.862786,50.128464,1402.08]},"properties":{"name":"2026-05-21 16:38:17 UTC","description":{"@type":"html","value":"<div><div><span><b>Altitude:</b></span> <span>4,600 ft</span></div>\n<div><span><b>Speed:</b></span> <span>196 kt</span></div>\n<div><span><b>Heading:</b></span> <span>234&deg;</span></div>\n</div>"},"icon-heading":234,"icon":"http://maps.google.com/mapfiles/kml/shapes/airports.png","timestamp":"2026-05-21T16:38:17+00:00"}},{"type":"Feature","geometry":{"type":"Point","coordinates":[8.860619,50.127457,1386.84]},"properties":{"name":"2026-05-21 16:38:19 UTC","description":{"@type":"html","value":"<div><div><span><b>Altitude:</b></span> <span>4,550 ft</span></div>\n<div><span><b>Speed:</b></span> <span>196 kt</span></div>\n<div><span><b>Heading:</b></span> <span>235&deg;</span></div>\n</div>"},"icon-heading":235,"icon":"http://maps.google.com/mapfiles/kml/shapes/airports.png","timestamp":"2026-05-21T16:38:19+00:00"}},{"type":"Feature","geometry":{"type":"Point","coordinates":[8.858161,50.126404,1379.22]},"properties":{"name":"2026-05-21 16:38:21 UTC","description":{"@type":"html","value":"<div><div><span><b>Altitude:</b></span> <span>4,525 ft</span></div>\n<div><span><b>Speed:</b></span> <span>196 kt</span></div>\n<div><span><b>Heading:</b></span> <span>236&deg;</span></div>\n</div>"},"icon-heading":236,"icon":"http://maps.google.com/mapfiles/kml/shapes/airports.png","timestamp":"2026-05-21T16:38:21+00:00"}},{"type":"Feature","geometry":{"type":"Point","coordinates":[8.855649,50.125401,1371.6]},"properties":{"name":"2026-05-21 16:38:23 UTC","description":{"@type":"html","value":"<div><div><span><b>Altitude:</b></span> <span>4,500 ft</span></div>\n<div><span><b>Speed:</b></span> <span>196 kt</span></div>\n<div><span><b>Heading:</b></span> <span>237&deg;</span></div>\n</div>"},"icon-heading":237,"icon":"http://maps.google.com/mapfiles/kml/shapes/airports.png","timestamp":"2026-05-21T16:38:23+00:00"}},{"type":"Feature","geometry":{"type":"Point","coordinates":[8.852902,50.124283,1363.98]},"properties":{"name":"2026-05-21 16:38:25 UTC","description":{"@type":"html","value":"<div><div><span><b>Altitude:</b></span> <span>4,475 ft</span></div>\n<div><span><b>Speed:</b></span> <span>195 kt</span></div>\n<div><span><b>Heading:</b></span> <span>238&deg;</span></div>\n</div>"},"icon-heading":238,"icon":"http://maps.google.com/mapfiles/kml/shapes/airports.png","timestamp":"2026-05-21T16:38:25+00:00"}},{"type":"Feature","geometry":{"type":"Point","coordinates":[8.85021,50.123291,1356.36]},"properties":{"name":"2026-05-21 16:38:28 UTC","description":{"@type":"html","value":"<div><div><span><b>Altitude:</b></span> <span>4,450 ft</span></div>\n<div><span><b>Speed:</b></span> <span>195 kt</span></div>\n<div><span><b>Heading:</b></span> <span>239&deg;</span></div>\n</div>"},"icon-heading":239,"icon":"http://maps.google.com/mapfiles/kml/shapes/airports.png","timestamp":"2026-05-21T16:38:28+00:00"}},{"type":"Feature","geometry":{"type":"Point","coordinates":[8.847928,50.122421,1348.74]},"properties":{"name":"2026-05-21 16:38:30 UTC","description":{"@type":"html","value":"<div><div><span><b>Altitude:</b></span> <span>4,425 ft</span></div>\n<div><span><b>Speed:</b></span> <span>195 kt</span></div>\n<div><span><b>Heading:</b></span> <span>239&deg;</span></div>\n</div>"},"icon-heading":239,"icon":"http://maps.google.com/mapfiles/kml/shapes/airports.png","timestamp":"2026-05-21T16:38:30+00:00"}},{"type":"Feature","geometry":{"type":"Point","coordinates":[8.845006,50.121368,1333.5]},"properties":{"name":"2026-05-21 16:38:32 UTC","description":{"@type":"html","value":"<div><div><span><b>Altitude:</b></span> <span>4,375 ft</span></div>\n<div><span><b>Speed:</b></span> <span>194 kt</span></div>\n<div><span><b>Heading:</b></span> <span>240&deg;</span></div>\n</div>"},"icon-heading":240,"icon":"http://maps.google.com/mapfiles/kml/shapes/airports.png","timestamp":"2026-05-21T16:38:32+00:00"}},{"type":"Feature","geometry":{"type":"Point","coordinates":[8.842114,50.120361,1325.88]},"properties":{"name":"2026-05-21 16:38:34 UTC","description":{"@type":"html","value":"<div><div><span><b>Altitude:</b></span> <span>4,350 ft</span></div>\n<div><span><b>Speed:</b></span> <span>194 kt</span></div>\n<div><span><b>Heading:</b></span> <span>241&deg;</span></div>\n</div>"},"icon-heading":241,"icon":"http://maps.google.com/mapfiles/kml/shapes/airports.png","timestamp":"2026-05-21T16:38:34+00:00"}},{"type":"Feature","geometry":{"type":"Point","coordinates":[8.839763,50.119583,1318.26]},"properties":{"name":"2026-05-21 16:38:36 UTC","description":{"@type":"html","value":"<div><div><span><b>Altitude:</b></span> <span>4,325 ft</span></div>\n<div><span><b>Speed:</b></span> <span>194 kt</span></div>\n<div><span><b>Heading:</b></span> <span>242&deg;</span></div>\n</div>"},"icon-heading":242,"icon":"http://maps.google.com/mapfiles/kml/shapes/airports.png","timestamp":"2026-05-21T16:38:36+00:00"}},{"type":"Feature","geometry":{"type":"Point","coordinates":[8.837055,50.118713,1310.64]},"properties":{"name":"2026-05-21 16:38:38 UTC","description":{"@type":"html","value":"<div><div><span><b>Altitude:</b></span> <span>4,300 ft</span></div>\n<div><span><b>Speed:</b></span> <span>194 kt</span></div>\n<div><span><b>Heading:</b></span> <span>243&deg;</span></div>\n</div>"},"icon-heading":243,"icon":"http://maps.google.com/mapfiles/kml/shapes/airports.png","timestamp":"2026-05-21T16:38:38+00:00"}},{"type":"Feature","geometry":{"type":"Point","coordinates":[8.834526,50.117889,1303.02]},"properties":{"name":"2026-05-21 16:38:40 UTC","description":{"@type":"html","value":"<div><div><span><b>Altitude:</b></span> <span>4,275 ft</span></div>\n<div><span><b>Speed:</b></span> <span>193 kt</span></div>\n<div><span><b>Heading:</b></span> <span>243&deg;</span></div>\n</div>"},"icon-heading":243,"icon":"http://maps.google.com/mapfiles/kml/shapes/airports.png","timestamp":"2026-05-21T16:38:40+00:00"}},{"type":"Feature","geometry":{"type":"Point","coordinates":[8.832043,50.117115,1295.4]},"properties":{"name":"2026-05-21 16:38:42 UTC","description":{"@type":"html","value":"<div><div><span><b>Altitude:</b></span> <span>4,250 ft</span></div>\n<div><span><b>Speed:</b></span> <span>193 kt</span></div>\n<div><span><b>Heading:</b></span> <span>244&deg;</span></div>\n</div>"},"icon-heading":244,"icon":"http://maps.google.com/mapfiles/kml/shapes/airports.png","timestamp":"2026-05-21T16:38:42+00:00"}},{"type":"Feature","geometry":{"type":"Point","coordinates":[8.829147,50.116276,1280.16]},"properties":{"name":"2026-05-21 16:38:44 UTC","description":{"@type":"html","value":"<div><div><span><b>Altitude:</b></span> <span>4,200 ft</span></div>\n<div><span><b>Speed:</b></span> <span>193 kt</span></div>\n<div><span><b>Heading:</b></span> <span>245&deg;</span></div>\n</div>"},"icon-heading":245,"icon":"http://maps.google.com/mapfiles/kml/shapes/airports.png","timestamp":"2026-05-21T16:38:44+00:00"}},{"type":"Feature","geometry":{"type":"Point","coordinates":[8.82643,50.115509,1272.54]},"properties":{"name":"2026-05-21 16:38:47 UTC","description":{"@type":"html","value":"<div><div><span><b>Altitude:</b></span> <span>4,175 ft</span></div>\n<div><span><b>Speed:</b></span> <span>194 kt</span></div>\n<div><span><b>Heading:</b></span> <span>245&deg;</span></div>\n</div>"},"icon-heading":245,"icon":"http://maps.google.com/mapfiles/kml/shapes/airports.png","timestamp":"2026-05-21T16:38:47+00:00"}},{"type":"Feature","geometry":{"type":"Point","coordinates":[8.824397,50.114925,1264.92]},"properties":{"name":"2026-05-21 16:38:49 UTC","description":{"@type":"html","value":"<div><div><span><b>Altitude:</b></span> <span>4,150 ft</span></div>\n<div><span><b>Speed:</b></span> <span>194 kt</span></div>\n<div><span><b>Heading:</b></span> <span>246&deg;</span></div>\n</div>"},"icon-heading":246,"icon":"http://maps.google.com/mapfiles/kml/shapes/airports.png","timestamp":"2026-05-21T16:38:49+00:00"}},{"type":"Feature","geometry":{"type":"Point","coordinates":[8.821444,50.114136,1249.68]},"properties":{"name":"2026-05-21 16:38:51 UTC","description":{"@type":"html","value":"<div><div><span><b>Altitude:</b></span> <span>4,100 ft</span></div>\n<div><span><b>Speed:</b></span> <span>194 kt</span></div>\n<div><span><b>Heading:</b></span> <span>247&deg;</span></div>\n</div>"},"icon-heading":247,"icon":"http://maps.google.com/mapfiles/kml/shapes/airports.png","timestamp":"2026-05-21T16:38:51+00:00"}},{"type":"Feature","geometry":{"type":"Point","coordinates":[8.818263,50.113266,1242.06]},"properties":{"name":"2026-05-21 16:38:53 UTC","description":{"@type":"html","value":"<div><div><span><b>Altitude:</b></span> <span>4,075 ft</span></div>\n<div><span><b>Speed:</b></span> <span>194 kt</span></div>\n<div><span><b>Heading:</b></span> <span>247&deg;</span></div>\n</div>"},"icon-heading":247,"icon":"http://maps.google.com/mapfiles/kml/shapes/airports.png","timestamp":"2026-05-21T16:38:53+00:00"}},{"type":"Feature","geometry":{"type":"Point","coordinates":[8.816009,50.11274,1234.44]},"properties":{"name":"2026-05-21 16:38:55 UTC","description":{"@type":"html","value":"<div><div><span><b>Altitude:</b></span> <span>4,050 ft</span></div>\n<div><span><b>Speed:</b></span> <span>193 kt</span></div>\n<div><span><b>Heading:</b></span> <span>248&deg;</span></div>\n</div>"},"icon-heading":248,"icon":"http://maps.google.com/mapfiles/kml/shapes/airports.png","timestamp":"2026-05-21T16:38:55+00:00"}},{"type":"Feature","geometry":{"type":"Point","coordinates":[8.813336,50.112041,1219.2]},"properties":{"name":"2026-05-21 16:38:57 UTC","description":{"@type":"html","value":"<div><div><span><b>Altitude:</b></span> <span>4,000 ft</span></div>\n<div><span><b>Speed:</b></span> <span>192 kt</span></div>\n<div><span><b>Heading:</b></span> <span>249&deg;</span></div>\n</div>"},"icon-heading":249,"icon":"http://maps.google.com/mapfiles/kml/shapes/airports.png","timestamp":"2026-05-21T16:38:57+00:00"}},{"type":"Feature","geometry":{"type":"Point","coordinates":[8.810293,50.111343,1211.58]},"properties":{"name":"2026-05-21 16:38:59 UTC","description":{"@type":"html","value":"<div><div><span><b>Altitude:</b></span> <span>3,975 ft</span></div>\n<div><span><b>Speed:</b></span> <span>192 kt</span></div>\n<div><span><b>Heading:</b></span> <span>249&deg;</span></div>\n</div>"},"icon-heading":249,"icon":"http://maps.google.com/mapfiles/kml/shapes/airports.png","timestamp":"2026-05-21T16:38:59+00:00"}},{"type":"Feature","geometry":{"type":"Point","coordinates":[8.807855,50.110748,1196.34]},"properties":{"name":"2026-05-21 16:39:01 UTC","description":{"@type":"html","value":"<div><div><span><b>Altitude:</b></span> <span>3,925 ft</span></div>\n<div><span><b>Speed:</b></span> <span>192 kt</span></div>\n<div><span><b>Heading:</b></span> <span>249&deg;</span></div>\n</div>"},"icon-heading":249,"icon":"http://maps.google.com/mapfiles/kml/shapes/airports.png","timestamp":"2026-05-21T16:39:01+00:00"}},{"type":"Feature","geometry":{"type":"Point","coordinates":[8.805181,50.110107,1188.72]},"properties":{"name":"2026-05-21 16:39:03 UTC","description":{"@type":"html","value":"<div><div><span><b>Altitude:</b></span> <span>3,900 ft</span></div>\n<div><span><b>Speed:</b></span> <span>191 kt</span></div>\n<div><span><b>Heading:</b></span> <span>250&deg;</span></div>\n</div>"},"icon-heading":250,"icon":"http://maps.google.com/mapfiles/kml/shapes/airports.png","timestamp":"2026-05-21T16:39:03+00:00"}},{"type":"Feature","geometry":{"type":"Point","coordinates":[8.802289,50.109467,1181.1]},"properties":{"name":"2026-05-21 16:39:05 UTC","description":{"@type":"html","value":"<div><div><span><b>Altitude:</b></span> <span>3,875 ft</span></div>\n<div><span><b>Speed:</b></span> <span>190 kt</span></div>\n<div><span><b>Heading:</b></span> <span>250&deg;</span></div>\n</div>"},"icon-heading":250,"icon":"http://maps.google.com/mapfiles/kml/shapes/airports.png","timestamp":"2026-05-21T16:39:05+00:00"}},{"type":"Feature","geometry":{"type":"Point","coordinates":[8.799752,50.108875,1173.48]},"properties":{"name":"2026-05-21 16:39:08 UTC","description":{"@type":"html","value":"<div><div><span><b>Altitude:</b></span> <span>3,850 ft</span></div>\n<div><span><b>Speed:</b></span> <span>189 kt</span></div>\n<div><span><b>Heading:</b></span> <span>250&deg;</span></div>\n</div>"},"icon-heading":250,"icon":"http://maps.google.com/mapfiles/kml/shapes/airports.png","timestamp":"2026-05-21T16:39:08+00:00"}},{"type":"Feature","geometry":{"type":"Point","coordinates":[8.79656,50.108131,1158.24]},"properties":{"name":"2026-05-21 16:39:10 UTC","description":{"@type":"html","value":"<div><div><span><b>Altitude:</b></span> <span>3,800 ft</span></div>\n<div><span><b>Speed:</b></span> <span>188 kt</span></div>\n<div><span><b>Heading:</b></span> <span>250&deg;</span></div>\n</div>"},"icon-heading":250,"icon":"http://maps.google.com/mapfiles/kml/shapes/airports.png","timestamp":"2026-05-21T16:39:10+00:00"}},{"type":"Feature","geometry":{"type":"Point","coordinates":[8.794259,50.10762,1143]},"properties":{"name":"2026-05-21 16:39:12 UTC","description":{"@type":"html","value":"<div><div><span><b>Altitude:</b></span> <span>3,750 ft</span></div>\n<div><span><b>Speed:</b></span> <span>188 kt</span></div>\n<div><span><b>Heading:</b></span> <span>250&deg;</span></div>\n</div>"},"icon-heading":250,"icon":"http://maps.google.com/mapfiles/kml/shapes/airports.png","timestamp":"2026-05-21T16:39:12+00:00"}},{"type":"Feature","geometry":{"type":"Point","coordinates":[8.791159,50.106903,1127.76]},"properties":{"name":"2026-05-21 16:39:14 UTC","description":{"@type":"html","value":"<div><div><span><b>Altitude:</b></span> <span>3,700 ft</span></div>\n<div><span><b>Speed:</b></span> <span>189 kt</span></div>\n<div><span><b>Heading:</b></span> <span>250&deg;</span></div>\n</div>"},"icon-heading":250,"icon":"http://maps.google.com/mapfiles/kml/shapes/airports.png","timestamp":"2026-05-21T16:39:14+00:00"}},{"type":"Feature","geometry":{"type":"Point","coordinates":[8.788839,50.106407,1112.52]},"properties":{"name":"2026-05-21 16:39:16 UTC","description":{"@type":"html","value":"<div><div><span><b>Altitude:</b></span> <span>3,650 ft</span></div>\n<div><span><b>Speed:</b></span> <span>189 kt</span></div>\n<div><span><b>Heading:</b></span> <span>250&deg;</span></div>\n</div>"},"icon-heading":250,"icon":"http://maps.google.com/mapfiles/kml/shapes/airports.png","timestamp":"2026-05-21T16:39:16+00:00"}},{"type":"Feature","geometry":{"type":"Point","coordinates":[8.77757,50.103882,1051.56]},"properties":{"name":"2026-05-21 16:39:25 UTC","description":{"@type":"html","value":"<div><div><span><b>Altitude:</b></span> <span>3,450 ft</span></div>\n<div><span><b>Speed:</b></span> <span>190 kt</span></div>\n<div><span><b>Heading:</b></span> <span>250&deg;</span></div>\n</div>"},"icon-heading":250,"icon":"http://maps.google.com/mapfiles/kml/shapes/airports.png","timestamp":"2026-05-21T16:39:25+00:00"}},{"type":"Feature","geometry":{"type":"Point","coordinates":[8.766294,50.101273,990.6]},"properties":{"name":"2026-05-21 16:39:33 UTC","description":{"@type":"html","value":"<div><div><span><b>Altitude:</b></span> <span>3,250 ft</span></div>\n<div><span><b>Speed:</b></span> <span>191 kt</span></div>\n<div><span><b>Heading:</b></span> <span>249&deg;</span></div>\n</div>"},"icon-heading":249,"icon":"http://maps.google.com/mapfiles/kml/shapes/airports.png","timestamp":"2026-05-21T16:39:33+00:00"}},{"type":"Feature","geometry":{"type":"Point","coordinates":[8.75744,50.099148,944.88]},"properties":{"name":"2026-05-21 16:39:40 UTC","description":{"@type":"html","value":"<div><div><span><b>Altitude:</b></span> <span>3,100 ft</span></div>\n<div><span><b>Speed:</b></span> <span>191 kt</span></div>\n<div><span><b>Heading:</b></span> <span>249&deg;</span></div>\n</div>"},"icon-heading":249,"icon":"http://maps.google.com/mapfiles/kml/shapes/airports.png","timestamp":"2026-05-21T16:39:40+00:00"}},{"type":"Feature","geometry":{"type":"Point","coordinates":[8.748829,50.097145,899.16]},"properties":{"name":"2026-05-21 16:39:47 UTC","description":{"@type":"html","value":"<div><div><span><b>Altitude:</b></span> <span>2,950 ft</span></div>\n<div><span><b>Speed:</b></span> <span>188 kt</span></div>\n<div><span><b>Heading:</b></span> <span>250&deg;</span></div>\n</div>"},"icon-heading":250,"icon":"http://maps.google.com/mapfiles/kml/shapes/airports.png","timestamp":"2026-05-21T16:39:47+00:00"}},{"type":"Feature","geometry":{"type":"Point","coordinates":[8.739913,50.095047,876.3]},"properties":{"name":"2026-05-21 16:39:54 UTC","description":{"@type":"html","value":"<div><div><span><b>Altitude:</b></span> <span>2,875 ft</span></div>\n<div><span><b>Speed:</b></span> <span>183 kt</span></div>\n<div><span><b>Heading:</b></span> <span>249&deg;</span></div>\n</div>"},"icon-heading":249,"icon":"http://maps.google.com/mapfiles/kml/shapes/airports.png","timestamp":"2026-05-21T16:39:54+00:00"}},{"type":"Feature","geometry":{"type":"Point","coordinates":[8.731681,50.093094,845.82]},"properties":{"name":"2026-05-21 16:40:01 UTC","description":{"@type":"html","value":"<div><div><span><b>Altitude:</b></span> <span>2,775 ft</span></div>\n<div><span><b>Speed:</b></span> <span>181 kt</span></div>\n<div><span><b>Heading:</b></span> <span>249&deg;</span></div>\n</div>"},"icon-heading":249,"icon":"http://maps.google.com/mapfiles/kml/shapes/airports.png","timestamp":"2026-05-21T16:40:01+00:00"}},{"type":"Feature","geometry":{"type":"Point","coordinates":[8.720621,50.090393,792.48]},"properties":{"name":"2026-05-21 16:40:09 UTC","description":{"@type":"html","value":"<div><div><span><b>Altitude:</b></span> <span>2,600 ft</span></div>\n<div><span><b>Speed:</b></span> <span>186 kt</span></div>\n<div><span><b>Heading:</b></span> <span>249&deg;</span></div>\n</div>"},"icon-heading":249,"icon":"http://maps.google.com/mapfiles/kml/shapes/airports.png","timestamp":"2026-05-21T16:40:09+00:00"}},{"type":"Feature","geometry":{"type":"Point","coordinates":[8.710377,50.087879,754.38]},"properties":{"name":"2026-05-21 16:40:18 UTC","description":{"@type":"html","value":"<div><div><span><b>Altitude:</b></span> <span>2,475 ft</span></div>\n<div><span><b>Speed:</b></span> <span>186 kt</span></div>\n<div><span><b>Heading:</b></span> <span>249&deg;</span></div>\n</div>"},"icon-heading":249,"icon":"http://maps.google.com/mapfiles/kml/shapes/airports.png","timestamp":"2026-05-21T16:40:18+00:00"}},{"type":"Feature","geometry":{"type":"Point","coordinates":[8.708298,50.087368,746.76]},"properties":{"name":"2026-05-21 16:40:20 UTC","description":{"@type":"html","value":"<div><div><span><b>Altitude:</b></span> <span>2,450 ft</span></div>\n<div><span><b>Speed:</b></span> <span>185 kt</span></div>\n<div><span><b>Heading:</b></span> <span>249&deg;</span></div>\n</div>"},"icon-heading":249,"icon":"http://maps.google.com/mapfiles/kml/shapes/airports.png","timestamp":"2026-05-21T16:40:20+00:00"}},{"type":"Feature","geometry":{"type":"Point","coordinates":[8.702256,50.085983,723.9]},"properties":{"name":"2026-05-21 16:40:24 UTC","description":{"@type":"html","value":"<div><div><span><b>Altitude:</b></span> <span>2,375 ft</span></div>\n<div><span><b>Speed:</b></span> <span>185 kt</span></div>\n<div><span><b>Heading:</b></span> <span>250&deg;</span></div>\n</div>"},"icon-heading":250,"icon":"http://maps.google.com/mapfiles/kml/shapes/airports.png","timestamp":"2026-05-21T16:40:24+00:00"}},{"type":"Feature","geometry":{"type":"Point","coordinates":[8.699687,50.085365,716.28]},"properties":{"name":"2026-05-21 16:40:26 UTC","description":{"@type":"html","value":"<div><div><span><b>Altitude:</b></span> <span>2,350 ft</span></div>\n<div><span><b>Speed:</b></span> <span>183 kt</span></div>\n<div><span><b>Heading:</b></span> <span>250&deg;</span></div>\n</div>"},"icon-heading":250,"icon":"http://maps.google.com/mapfiles/kml/shapes/airports.png","timestamp":"2026-05-21T16:40:26+00:00"}},{"type":"Feature","geometry":{"type":"Point","coordinates":[8.697197,50.084793,708.66]},"properties":{"name":"2026-05-21 16:40:29 UTC","description":{"@type":"html","value":"<div><div><span><b>Altitude:</b></span> <span>2,325 ft</span></div>\n<div><span><b>Speed:</b></span> <span>182 kt</span></div>\n<div><span><b>Heading:</b></span> <span>250&deg;</span></div>\n</div>"},"icon-heading":250,"icon":"http://maps.google.com/mapfiles/kml/shapes/airports.png","timestamp":"2026-05-21T16:40:29+00:00"}},{"type":"Feature","geometry":{"type":"Point","coordinates":[8.694268,50.08411,693.42]},"properties":{"name":"2026-05-21 16:40:31 UTC","description":{"@type":"html","value":"<div><div><span><b>Altitude:</b></span> <span>2,275 ft</span></div>\n<div><span><b>Speed:</b></span> <span>181 kt</span></div>\n<div><span><b>Heading:</b></span> <span>250&deg;</span></div>\n</div>"},"icon-heading":250,"icon":"http://maps.google.com/mapfiles/kml/shapes/airports.png","timestamp":"2026-05-21T16:40:31+00:00"}},{"type":"Feature","geometry":{"type":"Point","coordinates":[8.691342,50.08342,685.8]},"properties":{"name":"2026-05-21 16:40:33 UTC","description":{"@type":"html","value":"<div><div><span><b>Altitude:</b></span> <span>2,250 ft</span></div>\n<div><span><b>Speed:</b></span> <span>180 kt</span></div>\n<div><span><b>Heading:</b></span> <span>249&deg;</span></div>\n</div>"},"icon-heading":249,"icon":"http://maps.google.com/mapfiles/kml/shapes/airports.png","timestamp":"2026-05-21T16:40:33+00:00"}},{"type":"Feature","geometry":{"type":"Point","coordinates":[8.688998,50.082901,670.56]},"properties":{"name":"2026-05-21 16:40:35 UTC","description":{"@type":"html","value":"<div><div><span><b>Altitude:</b></span> <span>2,200 ft</span></div>\n<div><span><b>Speed:</b></span> <span>178 kt</span></div>\n<div><span><b>Heading:</b></span> <span>249&deg;</span></div>\n</div>"},"icon-heading":249,"icon":"http://maps.google.com/mapfiles/kml/shapes/airports.png","timestamp":"2026-05-21T16:40:35+00:00"}},{"type":"Feature","geometry":{"type":"Point","coordinates":[8.686138,50.082184,662.94]},"properties":{"name":"2026-05-21 16:40:37 UTC","description":{"@type":"html","value":"<div><div><span><b>Altitude:</b></span> <span>2,175 ft</span></div>\n<div><span><b>Speed:</b></span> <span>177 kt</span></div>\n<div><span><b>Heading:</b></span> <span>249&deg;</span></div>\n</div>"},"icon-heading":249,"icon":"http://maps.google.com/mapfiles/kml/shapes/airports.png","timestamp":"2026-05-21T16:40:37+00:00"}},{"type":"Feature","geometry":{"type":"Point","coordinates":[8.677609,50.08017,624.84]},"properties":{"name":"2026-05-21 16:40:44 UTC","description":{"@type":"html","value":"<div><div><span><b>Altitude:</b></span> <span>2,050 ft</span></div>\n<div><span><b>Speed:</b></span> <span>175 kt</span></div>\n<div><span><b>Heading:</b></span> <span>249&deg;</span></div>\n</div>"},"icon-heading":249,"icon":"http://maps.google.com/mapfiles/kml/shapes/airports.png","timestamp":"2026-05-21T16:40:44+00:00"}},{"type":"Feature","geometry":{"type":"Point","coordinates":[8.669586,50.078247,586.74]},"properties":{"name":"2026-05-21 16:40:52 UTC","description":{"@type":"html","value":"<div><div><span><b>Altitude:</b></span> <span>1,925 ft</span></div>\n<div><span><b>Speed:</b></span> <span>174 kt</span></div>\n<div><span><b>Heading:</b></span> <span>249&deg;</span></div>\n</div>"},"icon-heading":249,"icon":"http://maps.google.com/mapfiles/kml/shapes/airports.png","timestamp":"2026-05-21T16:40:52+00:00"}},{"type":"Feature","geometry":{"type":"Point","coordinates":[8.657523,50.075405,533.4]},"properties":{"name":"2026-05-21 16:41:02 UTC","description":{"@type":"html","value":"<div><div><span><b>Altitude:</b></span> <span>1,750 ft</span></div>\n<div><span><b>Speed:</b></span> <span>170 kt</span></div>\n<div><span><b>Heading:</b></span> <span>249&deg;</span></div>\n</div>"},"icon-heading":249,"icon":"http://maps.google.com/mapfiles/kml/shapes/airports.png","timestamp":"2026-05-21T16:41:02+00:00"}},{"type":"Feature","geometry":{"type":"Point","coordinates":[8.650071,50.073624,502.92]},"properties":{"name":"2026-05-21 16:41:08 UTC","description":{"@type":"html","value":"<div><div><span><b>Altitude:</b></span> <span>1,650 ft</span></div>\n<div><span><b>Speed:</b></span> <span>168 kt</span></div>\n<div><span><b>Heading:</b></span> <span>249&deg;</span></div>\n</div>"},"icon-heading":249,"icon":"http://maps.google.com/mapfiles/kml/shapes/airports.png","timestamp":"2026-05-21T16:41:08+00:00"}},{"type":"Feature","geometry":{"type":"Point","coordinates":[8.640524,50.071308,464.82]},"properties":{"name":"2026-05-21 16:41:17 UTC","description":{"@type":"html","value":"<div><div><span><b>Altitude:</b></span> <span>1,525 ft</span></div>\n<div><span><b>Speed:</b></span> <span>161 kt</span></div>\n<div><span><b>Heading:</b></span> <span>249&deg;</span></div>\n</div>"},"icon-heading":249,"icon":"http://maps.google.com/mapfiles/kml/shapes/airports.png","timestamp":"2026-05-21T16:41:17+00:00"}},{"type":"Feature","geometry":{"type":"Point","coordinates":[8.631617,50.069214,434.34]},"properties":{"name":"2026-05-21 16:41:25 UTC","description":{"@type":"html","value":"<div><div><span><b>Altitude:</b></span> <span>1,425 ft</span></div>\n<div><span><b>Speed:</b></span> <span>149 kt</span></div>\n<div><span><b>Heading:</b></span> <span>250&deg;</span></div>\n</div>"},"icon-heading":250,"icon":"http://maps.google.com/mapfiles/kml/shapes/airports.png","timestamp":"2026-05-21T16:41:25+00:00"}},{"type":"Feature","geometry":{"type":"Point","coordinates":[8.625134,50.067719,396.24]},"properties":{"name":"2026-05-21 16:41:32 UTC","description":{"@type":"html","value":"<div><div><span><b>Altitude:</b></span> <span>1,300 ft</span></div>\n<div><span><b>Speed:</b></span> <span>145 kt</span></div>\n<div><span><b>Heading:</b></span> <span>249&deg;</span></div>\n</div>"},"icon-heading":249,"icon":"http://maps.google.com/mapfiles/kml/shapes/airports.png","timestamp":"2026-05-21T16:41:32+00:00"}},{"type":"Feature","geometry":{"type":"Point","coordinates":[8.61704,50.065796,358.14]},"properties":{"name":"2026-05-21 16:41:41 UTC","description":{"@type":"html","value":"<div><div><span><b>Altitude:</b></span> <span>1,175 ft</span></div>\n<div><span><b>Speed:</b></span> <span>140 kt</span></div>\n<div><span><b>Heading:</b></span> <span>249&deg;</span></div>\n</div>"},"icon-heading":249,"icon":"http://maps.google.com/mapfiles/kml/shapes/airports.png","timestamp":"2026-05-21T16:41:41+00:00"}},{"type":"Feature","geometry":{"type":"Point","coordinates":[8.608679,50.063766,327.66]},"properties":{"name":"2026-05-21 16:41:50 UTC","description":{"@type":"html","value":"<div><div><span><b>Altitude:</b></span> <span>1,075 ft</span></div>\n<div><span><b>Speed:</b></span> <span>134 kt</span></div>\n<div><span><b>Heading:</b></span> <span>249&deg;</span></div>\n</div>"},"icon-heading":249,"icon":"http://maps.google.com/mapfiles/kml/shapes/airports.png","timestamp":"2026-05-21T16:41:50+00:00"}},{"type":"Feature","geometry":{"type":"Point","coordinates":[8.60081,50.061859,289.56]},"properties":{"name":"2026-05-21 16:41:58 UTC","description":{"@type":"html","value":"<div><div><span><b>Altitude:</b></span> <span>950 ft</span></div>\n<div><span><b>Speed:</b></span> <span>131 kt</span></div>\n<div><span><b>Heading:</b></span> <span>249&deg;</span></div>\n</div>"},"icon-heading":249,"icon":"http://maps.google.com/mapfiles/kml/shapes/airports.png","timestamp":"2026-05-21T16:41:58+00:00"}},{"type":"Feature","geometry":{"type":"Point","coordinates":[8.592827,50.059982,259.08]},"properties":{"name":"2026-05-21 16:42:08 UTC","description":{"@type":"html","value":"<div><div><span><b>Altitude:</b></span> <span>850 ft</span></div>\n<div><span><b>Speed:</b></span> <span>130 kt</span></div>\n<div><span><b>Heading:</b></span> <span>249&deg;</span></div>\n</div>"},"icon-heading":249,"icon":"http://maps.google.com/mapfiles/kml/shapes/airports.png","timestamp":"2026-05-21T16:42:08+00:00"}},{"type":"Feature","geometry":{"type":"Point","coordinates":[8.584949,50.05806,220.98]},"properties":{"name":"2026-05-21 16:42:16 UTC","description":{"@type":"html","value":"<div><div><span><b>Altitude:</b></span> <span>725 ft</span></div>\n<div><span><b>Speed:</b></span> <span>131 kt</span></div>\n<div><span><b>Heading:</b></span> <span>249&deg;</span></div>\n</div>"},"icon-heading":249,"icon":"http://maps.google.com/mapfiles/kml/shapes/airports.png","timestamp":"2026-05-21T16:42:16+00:00"}},{"type":"Feature","geometry":{"type":"Point","coordinates":[8.579432,50.05669,198.12]},"properties":{"name":"2026-05-21 16:42:23 UTC","description":{"@type":"html","value":"<div><div><span><b>Altitude:</b></span> <span>650 ft</span></div>\n<div><span><b>Speed:</b></span> <span>130 kt</span></div>\n<div><span><b>Heading:</b></span> <span>249&deg;</span></div>\n</div>"},"icon-heading":249,"icon":"http://maps.google.com/mapfiles/kml/shapes/airports.png","timestamp":"2026-05-21T16:42:23+00:00"}},{"type":"Feature","geometry":{"type":"Point","coordinates":[8.571938,50.054947,167.64]},"properties":{"name":"2026-05-21 16:42:31 UTC","description":{"@type":"html","value":"<div><div><span><b>Altitude:</b></span> <span>550 ft</span></div>\n<div><span><b>Speed:</b></span> <span>132 kt</span></div>\n<div><span><b>Heading:</b></span> <span>249&deg;</span></div>\n</div>"},"icon-heading":249,"icon":"http://maps.google.com/mapfiles/kml/shapes/airports.png","timestamp":"2026-05-21T16:42:31+00:00"}},{"type":"Feature","geometry":{"type":"Point","coordinates":[8.564638,50.053253,137.16]},"properties":{"name":"2026-05-21 16:42:39 UTC","description":{"@type":"html","value":"<div><div><span><b>Altitude:</b></span> <span>450 ft</span></div>\n<div><span><b>Speed:</b></span> <span>133 kt</span></div>\n<div><span><b>Heading:</b></span> <span>249&deg;</span></div>\n</div>"},"icon-heading":249,"icon":"http://maps.google.com/mapfiles/kml/shapes/airports.png","timestamp":"2026-05-21T16:42:39+00:00"}},{"type":"Feature","geometry":{"type":"Point","coordinates":[8.557384,50.051521,106.68]},"properties":{"name":"2026-05-21 16:42:48 UTC","description":{"@type":"html","value":"<div><div><span><b>Altitude:</b></span> <span>350 ft</span></div>\n<div><span><b>Speed:</b></span> <span>133 kt</span></div>\n<div><span><b>Heading:</b></span> <span>249&deg;</span></div>\n</div>"},"icon-heading":249,"icon":"http://maps.google.com/mapfiles/kml/shapes/airports.png","timestamp":"2026-05-21T16:42:48+00:00"}},{"type":"Feature","geometry":{"type":"Point","coordinates":[8.551267,50.050049,83.82]},"properties":{"name":"2026-05-21 16:42:54 UTC","description":{"@type":"html","value":"<div><div><span><b>Altitude:</b></span> <span>275 ft</span></div>\n<div><span><b>Speed:</b></span> <span>133 kt</span></div>\n<div><span><b>Heading:</b></span> <span>249&deg;</span></div>\n</div>"},"icon-heading":249,"icon":"http://maps.google.com/mapfiles/kml/shapes/airports.png","timestamp":"2026-05-21T16:42:54+00:00"}},{"type":"Feature","geometry":{"type":"Point","coordinates":[8.544765,50.04845,53.34]},"properties":{"name":"2026-05-21 16:43:02 UTC","description":{"@type":"html","value":"<div><div><span><b>Altitude:</b></span> <span>175 ft</span></div>\n<div><span><b>Speed:</b></span> <span>132 kt</span></div>\n<div><span><b>Heading:</b></span> <span>249&deg;</span></div>\n</div>"},"icon-heading":249,"icon":"http://maps.google.com/mapfiles/kml/shapes/airports.png","timestamp":"2026-05-21T16:43:02+00:00"}},{"type":"Feature","geometry":{"type":"Point","coordinates":[8.539049,50.0471,30.48]},"properties":{"name":"2026-05-21 16:43:09 UTC","description":{"@type":"html","value":"<div><div><span><b>Altitude:</b></span> <span>100 ft</span></div>\n<div><span><b>Speed:</b></span> <span>132 kt</span></div>\n<div><span><b>Heading:</b></span> <span>249&deg;</span></div>\n</div>"},"icon-heading":249,"icon":"http://maps.google.com/mapfiles/kml/shapes/airports.png","timestamp":"2026-05-21T16:43:09+00:00"}},{"type":"Feature","geometry":{"type":"Point","coordinates":[8.512453,50.040733,0]},"properties":{"name":"2026-05-21 16:43:45 UTC","description":{"@type":"html","value":"<div><div><span><b>Altitude:</b></span> <span>0 ft</span></div>\n<div><span><b>Speed:</b></span> <span>0 kt</span></div>\n<div><span><b>Heading:</b></span> <span>247&deg;</span></div>\n</div>"},"icon-heading":247,"icon":"http://maps.google.com/mapfiles/kml/shapes/airports.png","timestamp":"2026-05-21T16:43:45+00:00"}},{"type":"Feature","geometry":{"type":"Point","coordinates":[8.51126,50.040344,0]},"properties":{"name":"2026-05-21 16:43:50 UTC","description":{"@type":"html","value":"<div><div><span><b>Altitude:</b></span> <span>0 ft</span></div>\n<div><span><b>Speed:</b></span> <span>36 kt</span></div>\n<div><span><b>Heading:</b></span> <span>236&deg;</span></div>\n</div>"},"icon-heading":236,"icon":"http://maps.google.com/mapfiles/kml/shapes/airports.png","timestamp":"2026-05-21T16:43:50+00:00"}},{"type":"Feature","geometry":{"type":"Point","coordinates":[8.510971,50.040195,0]},"properties":{"name":"2026-05-21 16:43:52 UTC","description":{"@type":"html","value":"<div><div><span><b>Altitude:</b></span> <span>0 ft</span></div>\n<div><span><b>Speed:</b></span> <span>30 kt</span></div>\n<div><span><b>Heading:</b></span> <span>233&deg;</span></div>\n</div>"},"icon-heading":233,"icon":"http://maps.google.com/mapfiles/kml/shapes/airports.png","timestamp":"2026-05-21T16:43:52+00:00"}},{"type":"Feature","geometry":{"type":"Point","coordinates":[8.510767,50.040096,0]},"properties":{"name":"2026-05-21 16:43:53 UTC","description":{"@type":"html","value":"<div><div><span><b>Altitude:</b></span> <span>0 ft</span></div>\n<div><span><b>Speed:</b></span> <span>24 kt</span></div>\n<div><span><b>Heading:</b></span> <span>230&deg;</span></div>\n</div>"},"icon-heading":230,"icon":"http://maps.google.com/mapfiles/kml/shapes/airports.png","timestamp":"2026-05-21T16:43:53+00:00"}},{"type":"Feature","geometry":{"type":"Point","coordinates":[8.509913,50.039604,0]},"properties":{"name":"2026-05-21 16:44:00 UTC","description":{"@type":"html","value":"<div><div><span><b>Altitude:</b></span> <span>0 ft</span></div>\n<div><span><b>Speed:</b></span> <span>21 kt</span></div>\n<div><span><b>Heading:</b></span> <span>225&deg;</span></div>\n</div>"},"icon-heading":225,"icon":"http://maps.google.com/mapfiles/kml/shapes/airports.png","timestamp":"2026-05-21T16:44:00+00:00"}},{"type":"Feature","geometry":{"type":"Point","coordinates":[8.509338,50.039211,0]},"properties":{"name":"2026-05-21 16:44:06 UTC","description":{"@type":"html","value":"<div><div><span><b>Altitude:</b></span> <span>0 ft</span></div>\n<div><span><b>Speed:</b></span> <span>21 kt</span></div>\n<div><span><b>Heading:</b></span> <span>222&deg;</span></div>\n</div>"},"icon-heading":222,"icon":"http://maps.google.com/mapfiles/kml/shapes/airports.png","timestamp":"2026-05-21T16:44:06+00:00"}},{"type":"Feature","geometry":{"type":"Point","coordinates":[8.508595,50.038628,0]},"properties":{"name":"2026-05-21 16:44:14 UTC","description":{"@type":"html","value":"<div><div><span><b>Altitude:</b></span> <span>0 ft</span></div>\n<div><span><b>Speed:</b></span> <span>19 kt</span></div>\n<div><span><b>Heading:</b></span> <span>219&deg;</span></div>\n</div>"},"icon-heading":219,"icon":"http://maps.google.com/mapfiles/kml/shapes/airports.png","timestamp":"2026-05-21T16:44:14+00:00"}},{"type":"Feature","geometry":{"type":"Point","coordinates":[8.509345,50.037849,0]},"properties":{"name":"2026-05-21 16:44:33 UTC","description":{"@type":"html","value":"<div><div><span><b>Altitude:</b></span> <span>0 ft</span></div>\n<div><span><b>Speed:</b></span> <span>0 kt</span></div>\n<div><span><b>Heading:</b></span> <span>75&deg;</span></div>\n</div>"},"icon-heading":75,"icon":"http://maps.google.com/mapfiles/kml/shapes/airports.png","timestamp":"2026-05-21T16:44:33+00:00"}},{"type":"Feature","geometry":{"type":"Point","coordinates":[8.50958,50.037907,0]},"properties":{"name":"2026-05-21 16:44:35 UTC","description":{"@type":"html","value":"<div><div><span><b>Altitude:</b></span> <span>0 ft</span></div>\n<div><span><b>Speed:</b></span> <span>0 kt</span></div>\n<div><span><b>Heading:</b></span> <span>73&deg;</span></div>\n</div>"},"icon-heading":73,"icon":"http://maps.google.com/mapfiles/kml/shapes/airports.png","timestamp":"2026-05-21T16:44:35+00:00"}},{"type":"Feature","geometry":{"type":"Point","coordinates":[8.510767,50.038185,0]},"properties":{"name":"2026-05-21 16:44:48 UTC","description":{"@type":"html","value":"<div><div><span><b>Altitude:</b></span> <span>0 ft</span></div>\n<div><span><b>Speed:</b></span> <span>15 kt</span></div>\n<div><span><b>Heading:</b></span> <span>70&deg;</span></div>\n</div>"},"icon-heading":70,"icon":"http://maps.google.com/mapfiles/kml/shapes/airports.png","timestamp":"2026-05-21T16:44:48+00:00"}},{"type":"Feature","geometry":{"type":"Point","coordinates":[8.511459,50.038353,0]},"properties":{"name":"2026-05-21 16:44:55 UTC","description":{"@type":"html","value":"<div><div><span><b>Altitude:</b></span> <span>0 ft</span></div>\n<div><span><b>Speed:</b></span> <span>17 kt</span></div>\n<div><span><b>Heading:</b></span> <span>70&deg;</span></div>\n</div>"},"icon-heading":70,"icon":"http://maps.google.com/mapfiles/kml/shapes/airports.png","timestamp":"2026-05-21T16:44:55+00:00"}},{"type":"Feature","geometry":{"type":"Point","coordinates":[8.513161,50.038757,0]},"properties":{"name":"2026-05-21 16:45:06 UTC","description":{"@type":"html","value":"<div><div><span><b>Altitude:</b></span> <span>0 ft</span></div>\n<div><span><b>Speed:</b></span> <span>22 kt</span></div>\n<div><span><b>Heading:</b></span> <span>70&deg;</span></div>\n</div>"},"icon-heading":70,"icon":"http://maps.google.com/mapfiles/kml/shapes/airports.png","timestamp":"2026-05-21T16:45:06+00:00"}},{"type":"Feature","geometry":{"type":"Point","coordinates":[8.51485,50.03915,0]},"properties":{"name":"2026-05-21 16:45:16 UTC","description":{"@type":"html","value":"<div><div><span><b>Altitude:</b></span> <span>0 ft</span></div>\n<div><span><b>Speed:</b></span> <span>26 kt</span></div>\n<div><span><b>Heading:</b></span> <span>70&deg;</span></div>\n</div>"},"icon-heading":70,"icon":"http://maps.google.com/mapfiles/kml/shapes/airports.png","timestamp":"2026-05-21T16:45:16+00:00"}},{"type":"Feature","geometry":{"type":"Point","coordinates":[8.516157,50.039463,0]},"properties":{"name":"2026-05-21 16:45:23 UTC","description":{"@type":"html","value":"<div><div><span><b>Altitude:</b></span> <span>0 ft</span></div>\n<div><span><b>Speed:</b></span> <span>27 kt</span></div>\n<div><span><b>Heading:</b></span> <span>70&deg;</span></div>\n</div>"},"icon-heading":70,"icon":"http://maps.google.com/mapfiles/kml/shapes/airports.png","timestamp":"2026-05-21T16:45:23+00:00"}},{"type":"Feature","geometry":{"type":"Point","coordinates":[8.516557,50.039558,0]},"properties":{"name":"2026-05-21 16:45:31 UTC","description":{"@type":"html","value":"<div><div><span><b>Altitude:</b></span> <span>0 ft</span></div>\n<div><span><b>Speed:</b></span> <span>27 kt</span></div>\n<div><span><b>Heading:</b></span> <span>70&deg;</span></div>\n</div>"},"icon-heading":70,"icon":"http://maps.google.com/mapfiles/kml/shapes/airports.png","timestamp":"2026-05-21T16:45:31+00:00"}},{"type":"Feature","geometry":{"type":"Point","coordinates":[8.518877,50.040119,0]},"properties":{"name":"2026-05-21 16:45:38 UTC","description":{"@type":"html","value":"<div><div><span><b>Altitude:</b></span> <span>0 ft</span></div>\n<div><span><b>Speed:</b></span> <span>28 kt</span></div>\n<div><span><b>Heading:</b></span> <span>70&deg;</span></div>\n</div>"},"icon-heading":70,"icon":"http://maps.google.com/mapfiles/kml/shapes/airports.png","timestamp":"2026-05-21T16:45:38+00:00"}},{"type":"Feature","geometry":{"type":"Point","coordinates":[8.52038,50.040478,0]},"properties":{"name":"2026-05-21 16:45:46 UTC","description":{"@type":"html","value":"<div><div><span><b>Altitude:</b></span> <span>0 ft</span></div>\n<div><span><b>Speed:</b></span> <span>28 kt</span></div>\n<div><span><b>Heading:</b></span> <span>70&deg;</span></div>\n</div>"},"icon-heading":70,"icon":"http://maps.google.com/mapfiles/kml/shapes/airports.png","timestamp":"2026-05-21T16:45:46+00:00"}},{"type":"Feature","geometry":{"type":"Point","coordinates":[8.522347,50.040943,0]},"properties":{"name":"2026-05-21 16:45:57 UTC","description":{"@type":"html","value":"<div><div><span><b>Altitude:</b></span> <span>0 ft</span></div>\n<div><span><b>Speed:</b></span> <span>26 kt</span></div>\n<div><span><b>Heading:</b></span> <span>70&deg;</span></div>\n</div>"},"icon-heading":70,"icon":"http://maps.google.com/mapfiles/kml/shapes/airports.png","timestamp":"2026-05-21T16:45:57+00:00"}},{"type":"Feature","geometry":{"type":"Point","coordinates":[8.523479,50.041222,0]},"properties":{"name":"2026-05-21 16:46:03 UTC","description":{"@type":"html","value":"<div><div><span><b>Altitude:</b></span> <span>0 ft</span></div>\n<div><span><b>Speed:</b></span> <span>25 kt</span></div>\n<div><span><b>Heading:</b></span> <span>70&deg;</span></div>\n</div>"},"icon-heading":70,"icon":"http://maps.google.com/mapfiles/kml/shapes/airports.png","timestamp":"2026-05-21T16:46:03+00:00"}},{"type":"Feature","geometry":{"type":"Point","coordinates":[8.52492,50.041569,0]},"properties":{"name":"2026-05-21 16:46:12 UTC","description":{"@type":"html","value":"<div><div><span><b>Altitude:</b></span> <span>0 ft</span></div>\n<div><span><b>Speed:</b></span> <span>25 kt</span></div>\n<div><span><b>Heading:</b></span> <span>70&deg;</span></div>\n</div>"},"icon-heading":70,"icon":"http://maps.google.com/mapfiles/kml/shapes/airports.png","timestamp":"2026-05-21T16:46:12+00:00"}},{"type":"Feature","geometry":{"type":"Point","coordinates":[8.527451,50.042179,0]},"properties":{"name":"2026-05-21 16:46:27 UTC","description":{"@type":"html","value":"<div><div><span><b>Altitude:</b></span> <span>0 ft</span></div>\n<div><span><b>Speed:</b></span> <span>23 kt</span></div>\n<div><span><b>Heading:</b></span> <span>70&deg;</span></div>\n</div>"},"icon-heading":70,"icon":"http://maps.google.com/mapfiles/kml/shapes/airports.png","timestamp":"2026-05-21T16:46:27+00:00"}},{"type":"Feature","geometry":{"type":"Point","coordinates":[8.52951,50.042667,0]},"properties":{"name":"2026-05-21 16:46:40 UTC","description":{"@type":"html","value":"<div><div><span><b>Altitude:</b></span> <span>0 ft</span></div>\n<div><span><b>Speed:</b></span> <span>22 kt</span></div>\n<div><span><b>Heading:</b></span> <span>70&deg;</span></div>\n</div>"},"icon-heading":70,"icon":"http://maps.google.com/mapfiles/kml/shapes/airports.png","timestamp":"2026-05-21T16:46:40+00:00"}},{"type":"Feature","geometry":{"type":"Point","coordinates":[8.530577,50.042908,0]},"properties":{"name":"2026-05-21 16:46:47 UTC","description":{"@type":"html","value":"<div><div><span><b>Altitude:</b></span> <span>0 ft</span></div>\n<div><span><b>Speed:</b></span> <span>21 kt</span></div>\n<div><span><b>Heading:</b></span> <span>70&deg;</span></div>\n</div>"},"icon-heading":70,"icon":"http://maps.google.com/mapfiles/kml/shapes/airports.png","timestamp":"2026-05-21T16:46:47+00:00"}},{"type":"Feature","geometry":{"type":"Point","coordinates":[8.531737,50.04319,0]},"properties":{"name":"2026-05-21 16:46:55 UTC","description":{"@type":"html","value":"<div><div><span><b>Altitude:</b></span> <span>0 ft</span></div>\n<div><span><b>Speed:</b></span> <span>0 kt</span></div>\n<div><span><b>Heading:</b></span> <span>70&deg;</span></div>\n</div>"},"icon-heading":70,"icon":"http://maps.google.com/mapfiles/kml/shapes/airports.png","timestamp":"2026-05-21T16:46:55+00:00"}},{"type":"Feature","geometry":{"type":"Point","coordinates":[8.533389,50.043598,0]},"properties":{"name":"2026-05-21 16:47:06 UTC","description":{"@type":"html","value":"<div><div><span><b>Altitude:</b></span> <span>0 ft</span></div>\n<div><span><b>Speed:</b></span> <span>23 kt</span></div>\n<div><span><b>Heading:</b></span> <span>70&deg;</span></div>\n</div>"},"icon-heading":70,"icon":"http://maps.google.com/mapfiles/kml/shapes/airports.png","timestamp":"2026-05-21T16:47:06+00:00"}},{"type":"Feature","geometry":{"type":"Point","coordinates":[8.534429,50.043842,0]},"properties":{"name":"2026-05-21 16:47:12 UTC","description":{"@type":"html","value":"<div><div><span><b>Altitude:</b></span> <span>0 ft</span></div>\n<div><span><b>Speed:</b></span> <span>23 kt</span></div>\n<div><span><b>Heading:</b></span> <span>70&deg;</span></div>\n</div>"},"icon-heading":70,"icon":"http://maps.google.com/mapfiles/kml/shapes/airports.png","timestamp":"2026-05-21T16:47:12+00:00"}},{"type":"Feature","geometry":{"type":"Point","coordinates":[8.534986,50.043945,0]},"properties":{"name":"2026-05-21 16:47:16 UTC","description":{"@type":"html","value":"<div><div><span><b>Altitude:</b></span> <span>0 ft</span></div>\n<div><span><b>Speed:</b></span> <span>0 kt</span></div>\n<div><span><b>Heading:</b></span> <span>78&deg;</span></div>\n</div>"},"icon-heading":78,"icon":"http://maps.google.com/mapfiles/kml/shapes/airports.png","timestamp":"2026-05-21T16:47:16+00:00"}},{"type":"Feature","geometry":{"type":"Point","coordinates":[8.535412,50.043968,0]},"properties":{"name":"2026-05-21 16:47:18 UTC","description":{"@type":"html","value":"<div><div><span><b>Altitude:</b></span> <span>0 ft</span></div>\n<div><span><b>Speed:</b></span> <span>23 kt</span></div>\n<div><span><b>Heading:</b></span> <span>84&deg;</span></div>\n</div>"},"icon-heading":84,"icon":"http://maps.google.com/mapfiles/kml/shapes/airports.png","timestamp":"2026-05-21T16:47:18+00:00"}},{"type":"Feature","geometry":{"type":"Point","coordinates":[8.535745,50.043995,0]},"properties":{"name":"2026-05-21 16:47:20 UTC","description":{"@type":"html","value":"<div><div><span><b>Altitude:</b></span> <span>0 ft</span></div>\n<div><span><b>Speed:</b></span> <span>23 kt</span></div>\n<div><span><b>Heading:</b></span> <span>84&deg;</span></div>\n</div>"},"icon-heading":84,"icon":"http://maps.google.com/mapfiles/kml/shapes/airports.png","timestamp":"2026-05-21T16:47:20+00:00"}},{"type":"Feature","geometry":{"type":"Point","coordinates":[8.535979,50.044006,0]},"properties":{"name":"2026-05-21 16:47:22 UTC","description":{"@type":"html","value":"<div><div><span><b>Altitude:</b></span> <span>0 ft</span></div>\n<div><span><b>Speed:</b></span> <span>23 kt</span></div>\n<div><span><b>Heading:</b></span> <span>84&deg;</span></div>\n</div>"},"icon-heading":84,"icon":"http://maps.google.com/mapfiles/kml/shapes/airports.png","timestamp":"2026-05-21T16:47:22+00:00"}},{"type":"Feature","geometry":{"type":"Point","coordinates":[8.536191,50.044029,0]},"properties":{"name":"2026-05-21 16:47:23 UTC","description":{"@type":"html","value":"<div><div><span><b>Altitude:</b></span> <span>0 ft</span></div>\n<div><span><b>Speed:</b></span> <span>23 kt</span></div>\n<div><span><b>Heading:</b></span> <span>84&deg;</span></div>\n</div>"},"icon-heading":84,"icon":"http://maps.google.com/mapfiles/kml/shapes/airports.png","timestamp":"2026-05-21T16:47:23+00:00"}},{"type":"Feature","geometry":{"type":"Point","coordinates":[8.536504,50.044041,0]},"properties":{"name":"2026-05-21 16:47:24 UTC","description":{"@type":"html","value":"<div><div><span><b>Altitude:</b></span> <span>0 ft</span></div>\n<div><span><b>Speed:</b></span> <span>23 kt</span></div>\n<div><span><b>Heading:</b></span> <span>84&deg;</span></div>\n</div>"},"icon-heading":84,"icon":"http://maps.google.com/mapfiles/kml/shapes/airports.png","timestamp":"2026-05-21T16:47:24+00:00"}},{"type":"Feature","geometry":{"type":"Point","coordinates":[8.537008,50.044075,0]},"properties":{"name":"2026-05-21 16:47:27 UTC","description":{"@type":"html","value":"<div><div><span><b>Altitude:</b></span> <span>0 ft</span></div>\n<div><span><b>Speed:</b></span> <span>23 kt</span></div>\n<div><span><b>Heading:</b></span> <span>84&deg;</span></div>\n</div>"},"icon-heading":84,"icon":"http://maps.google.com/mapfiles/kml/shapes/airports.png","timestamp":"2026-05-21T16:47:27+00:00"}},{"type":"Feature","geometry":{"type":"Point","coordinates":[8.537678,50.044121,0]},"properties":{"name":"2026-05-21 16:47:31 UTC","description":{"@type":"html","value":"<div><div><span><b>Altitude:</b></span> <span>0 ft</span></div>\n<div><span><b>Speed:</b></span> <span>23 kt</span></div>\n<div><span><b>Heading:</b></span> <span>84&deg;</span></div>\n</div>"},"icon-heading":84,"icon":"http://maps.google.com/mapfiles/kml/shapes/airports.png","timestamp":"2026-05-21T16:47:31+00:00"}},{"type":"Feature","geometry":{"type":"Point","coordinates":[8.538202,50.044155,0]},"properties":{"name":"2026-05-21 16:47:35 UTC","description":{"@type":"html","value":"<div><div><span><b>Altitude:</b></span> <span>0 ft</span></div>\n<div><span><b>Speed:</b></span> <span>23 kt</span></div>\n<div><span><b>Heading:</b></span> <span>84&deg;</span></div>\n</div>"},"icon-heading":84,"icon":"http://maps.google.com/mapfiles/kml/shapes/airports.png","timestamp":"2026-05-21T16:47:35+00:00"}},{"type":"Feature","geometry":{"type":"Point","coordinates":[8.538678,50.044189,0]},"properties":{"name":"2026-05-21 16:47:37 UTC","description":{"@type":"html","value":"<div><div><span><b>Altitude:</b></span> <span>0 ft</span></div>\n<div><span><b>Speed:</b></span> <span>23 kt</span></div>\n<div><span><b>Heading:</b></span> <span>84&deg;</span></div>\n</div>"},"icon-heading":84,"icon":"http://maps.google.com/mapfiles/kml/shapes/airports.png","timestamp":"2026-05-21T16:47:37+00:00"}},{"type":"Feature","geometry":{"type":"Point","coordinates":[8.538925,50.044212,0]},"properties":{"name":"2026-05-21 16:47:39 UTC","description":{"@type":"html","value":"<div><div><span><b>Altitude:</b></span> <span>0 ft</span></div>\n<div><span><b>Speed:</b></span> <span>23 kt</span></div>\n<div><span><b>Heading:</b></span> <span>84&deg;</span></div>\n</div>"},"icon-heading":84,"icon":"http://maps.google.com/mapfiles/kml/shapes/airports.png","timestamp":"2026-05-21T16:47:39+00:00"}},{"type":"Feature","geometry":{"type":"Point","coordinates":[8.54019,50.044281,0]},"properties":{"name":"2026-05-21 16:47:46 UTC","description":{"@type":"html","value":"<div><div><span><b>Altitude:</b></span> <span>0 ft</span></div>\n<div><span><b>Speed:</b></span> <span>23 kt</span></div>\n<div><span><b>Heading:</b></span> <span>84&deg;</span></div>\n</div>"},"icon-heading":84,"icon":"http://maps.google.com/mapfiles/kml/shapes/airports.png","timestamp":"2026-05-21T16:47:46+00:00"}},{"type":"Feature","geometry":{"type":"Point","coordinates":[8.54122,50.044361,0]},"properties":{"name":"2026-05-21 16:47:53 UTC","description":{"@type":"html","value":"<div><div><span><b>Altitude:</b></span> <span>0 ft</span></div>\n<div><span><b>Speed:</b></span> <span>23 kt</span></div>\n<div><span><b>Heading:</b></span> <span>84&deg;</span></div>\n</div>"},"icon-heading":84,"icon":"http://maps.google.com/mapfiles/kml/shapes/airports.png","timestamp":"2026-05-21T16:47:53+00:00"}},{"type":"Feature","geometry":{"type":"Point","coordinates":[8.542649,50.044449,0]},"properties":{"name":"2026-05-21 16:48:00 UTC","description":{"@type":"html","value":"<div><div><span><b>Altitude:</b></span> <span>0 ft</span></div>\n<div><span><b>Speed:</b></span> <span>24 kt</span></div>\n<div><span><b>Heading:</b></span> <span>84&deg;</span></div>\n</div>"},"icon-heading":84,"icon":"http://maps.google.com/mapfiles/kml/shapes/airports.png","timestamp":"2026-05-21T16:48:00+00:00"}},{"type":"Feature","geometry":{"type":"Point","coordinates":[8.543671,50.044693,0]},"properties":{"name":"2026-05-21 16:48:07 UTC","description":{"@type":"html","value":"<div><div><span><b>Altitude:</b></span> <span>0 ft</span></div>\n<div><span><b>Speed:</b></span> <span>25 kt</span></div>\n<div><span><b>Heading:</b></span> <span>87&deg;</span></div>\n</div>"},"icon-heading":87,"icon":"http://maps.google.com/mapfiles/kml/shapes/airports.png","timestamp":"2026-05-21T16:48:07+00:00"}},{"type":"Feature","geometry":{"type":"Point","coordinates":[8.544264,50.04454,0]},"properties":{"name":"2026-05-21 16:48:11 UTC","description":{"@type":"html","value":"<div><div><span><b>Altitude:</b></span> <span>0 ft</span></div>\n<div><span><b>Speed:</b></span> <span>16 kt</span></div>\n<div><span><b>Heading:</b></span> <span>90&deg;</span></div>\n</div>"},"icon-heading":90,"icon":"http://maps.google.com/mapfiles/kml/shapes/airports.png","timestamp":"2026-05-21T16:48:11+00:00"}},{"type":"Feature","geometry":{"type":"Point","coordinates":[8.544635,50.04454,0]},"properties":{"name":"2026-05-21 16:48:13 UTC","description":{"@type":"html","value":"<div><div><span><b>Altitude:</b></span> <span>0 ft</span></div>\n<div><span><b>Speed:</b></span> <span>17 kt</span></div>\n<div><span><b>Heading:</b></span> <span>92&deg;</span></div>\n</div>"},"icon-heading":92,"icon":"http://maps.google.com/mapfiles/kml/shapes/airports.png","timestamp":"2026-05-21T16:48:13+00:00"}},{"type":"Feature","geometry":{"type":"Point","coordinates":[8.545174,50.044472,0]},"properties":{"name":"2026-05-21 16:48:18 UTC","description":{"@type":"html","value":"<div><div><span><b>Altitude:</b></span> <span>0 ft</span></div>\n<div><span><b>Speed:</b></span> <span>18 kt</span></div>\n<div><span><b>Heading:</b></span> <span>104&deg;</span></div>\n</div>"},"icon-heading":104,"icon":"http://maps.google.com/mapfiles/kml/shapes/airports.png","timestamp":"2026-05-21T16:48:18+00:00"}},{"type":"Feature","geometry":{"type":"Point","coordinates":[8.545376,50.04443,0]},"properties":{"name":"2026-05-21 16:48:19 UTC","description":{"@type":"html","value":"<div><div><span><b>Altitude:</b></span> <span>0 ft</span></div>\n<div><span><b>Speed:</b></span> <span>19 kt</span></div>\n<div><span><b>Heading:</b></span> <span>106&deg;</span></div>\n</div>"},"icon-heading":106,"icon":"http://maps.google.com/mapfiles/kml/shapes/airports.png","timestamp":"2026-05-21T16:48:19+00:00"}},{"type":"Feature","geometry":{"type":"Point","coordinates":[8.545719,50.04435,0]},"properties":{"name":"2026-05-21 16:48:21 UTC","description":{"@type":"html","value":"<div><div><span><b>Altitude:</b></span> <span>0 ft</span></div>\n<div><span><b>Speed:</b></span> <span>19 kt</span></div>\n<div><span><b>Heading:</b></span> <span>109&deg;</span></div>\n</div>"},"icon-heading":109,"icon":"http://maps.google.com/mapfiles/kml/shapes/airports.png","timestamp":"2026-05-21T16:48:21+00:00"}},{"type":"Feature","geometry":{"type":"Point","coordinates":[8.546026,50.044258,0]},"properties":{"name":"2026-05-21 16:48:24 UTC","description":{"@type":"html","value":"<div><div><span><b>Altitude:</b></span> <span>0 ft</span></div>\n<div><span><b>Speed:</b></span> <span>19 kt</span></div>\n<div><span><b>Heading:</b></span> <span>115&deg;</span></div>\n</div>"},"icon-heading":115,"icon":"http://maps.google.com/mapfiles/kml/shapes/airports.png","timestamp":"2026-05-21T16:48:24+00:00"}},{"type":"Feature","geometry":{"type":"Point","coordinates":[8.546297,50.044167,0]},"properties":{"name":"2026-05-21 16:48:27 UTC","description":{"@type":"html","value":"<div><div><span><b>Altitude:</b></span> <span>0 ft</span></div>\n<div><span><b>Speed:</b></span> <span>19 kt</span></div>\n<div><span><b>Heading:</b></span> <span>118&deg;</span></div>\n</div>"},"icon-heading":118,"icon":"http://maps.google.com/mapfiles/kml/shapes/airports.png","timestamp":"2026-05-21T16:48:27+00:00"}},{"type":"Feature","geometry":{"type":"Point","coordinates":[8.54651,50.044052,0]},"properties":{"name":"2026-05-21 16:48:28 UTC","description":{"@type":"html","value":"<div><div><span><b>Altitude:</b></span> <span>0 ft</span></div>\n<div><span><b>Speed:</b></span> <span>19 kt</span></div>\n<div><span><b>Heading:</b></span> <span>123&deg;</span></div>\n</div>"},"icon-heading":123,"icon":"http://maps.google.com/mapfiles/kml/shapes/airports.png","timestamp":"2026-05-21T16:48:28+00:00"}},{"type":"Feature","geometry":{"type":"Point","coordinates":[8.546875,50.043846,0]},"properties":{"name":"2026-05-21 16:48:33 UTC","description":{"@type":"html","value":"<div><div><span><b>Altitude:</b></span> <span>0 ft</span></div>\n<div><span><b>Speed:</b></span> <span>20 kt</span></div>\n<div><span><b>Heading:</b></span> <span>132&deg;</span></div>\n</div>"},"icon-heading":132,"icon":"http://maps.google.com/mapfiles/kml/shapes/airports.png","timestamp":"2026-05-21T16:48:33+00:00"}},{"type":"Feature","geometry":{"type":"Point","coordinates":[8.547165,50.043663,0]},"properties":{"name":"2026-05-21 16:48:34 UTC","description":{"@type":"html","value":"<div><div><span><b>Altitude:</b></span> <span>0 ft</span></div>\n<div><span><b>Speed:</b></span> <span>21 kt</span></div>\n<div><span><b>Heading:</b></span> <span>137&deg;</span></div>\n</div>"},"icon-heading":137,"icon":"http://maps.google.com/mapfiles/kml/shapes/airports.png","timestamp":"2026-05-21T16:48:34+00:00"}},{"type":"Feature","geometry":{"type":"Point","coordinates":[8.547381,50.04348,0]},"properties":{"name":"2026-05-21 16:48:36 UTC","description":{"@type":"html","value":"<div><div><span><b>Altitude:</b></span> <span>0 ft</span></div>\n<div><span><b>Speed:</b></span> <span>21 kt</span></div>\n<div><span><b>Heading:</b></span> <span>143&deg;</span></div>\n</div>"},"icon-heading":143,"icon":"http://maps.google.com/mapfiles/kml/shapes/airports.png","timestamp":"2026-05-21T16:48:36+00:00"}},{"type":"Feature","geometry":{"type":"Point","coordinates":[8.547623,50.043247,0]},"properties":{"name":"2026-05-21 16:48:39 UTC","description":{"@type":"html","value":"<div><div><span><b>Altitude:</b></span> <span>0 ft</span></div>\n<div><span><b>Speed:</b></span> <span>22 kt</span></div>\n<div><span><b>Heading:</b></span> <span>149&deg;</span></div>\n</div>"},"icon-heading":149,"icon":"http://maps.google.com/mapfiles/kml/shapes/airports.png","timestamp":"2026-05-21T16:48:39+00:00"}},{"type":"Feature","geometry":{"type":"Point","coordinates":[8.547797,50.043022,0]},"properties":{"name":"2026-05-21 16:48:41 UTC","description":{"@type":"html","value":"<div><div><span><b>Altitude:</b></span> <span>0 ft</span></div>\n<div><span><b>Speed:</b></span> <span>22 kt</span></div>\n<div><span><b>Heading:</b></span> <span>154&deg;</span></div>\n</div>"},"icon-heading":154,"icon":"http://maps.google.com/mapfiles/kml/shapes/airports.png","timestamp":"2026-05-21T16:48:41+00:00"}},{"type":"Feature","geometry":{"type":"Point","coordinates":[8.547977,50.04277,0]},"properties":{"name":"2026-05-21 16:48:44 UTC","description":{"@type":"html","value":"<div><div><span><b>Altitude:</b></span> <span>0 ft</span></div>\n<div><span><b>Speed:</b></span> <span>22 kt</span></div>\n<div><span><b>Heading:</b></span> <span>160&deg;</span></div>\n</div>"},"icon-heading":160,"icon":"http://maps.google.com/mapfiles/kml/shapes/airports.png","timestamp":"2026-05-21T16:48:44+00:00"}},{"type":"Feature","geometry":{"type":"Point","coordinates":[8.548086,50.04253,0]},"properties":{"name":"2026-05-21 16:48:46 UTC","description":{"@type":"html","value":"<div><div><span><b>Altitude:</b></span> <span>0 ft</span></div>\n<div><span><b>Speed:</b></span> <span>21 kt</span></div>\n<div><span><b>Heading:</b></span> <span>160&deg;</span></div>\n</div>"},"icon-heading":160,"icon":"http://maps.google.com/mapfiles/kml/shapes/airports.png","timestamp":"2026-05-21T16:48:46+00:00"}},{"type":"Feature","geometry":{"type":"Point","coordinates":[8.548141,50.042313,0]},"properties":{"name":"2026-05-21 16:48:48 UTC","description":{"@type":"html","value":"<div><div><span><b>Altitude:</b></span> <span>0 ft</span></div>\n<div><span><b>Speed:</b></span> <span>21 kt</span></div>\n<div><span><b>Heading:</b></span> <span>160&deg;</span></div>\n</div>"},"icon-heading":160,"icon":"http://maps.google.com/mapfiles/kml/shapes/airports.png","timestamp":"2026-05-21T16:48:48+00:00"}},{"type":"Feature","geometry":{"type":"Point","coordinates":[8.548213,50.041557,0]},"properties":{"name":"2026-05-21 16:48:54 UTC","description":{"@type":"html","value":"<div><div><span><b>Altitude:</b></span> <span>0 ft</span></div>\n<div><span><b>Speed:</b></span> <span>19 kt</span></div>\n<div><span><b>Heading:</b></span> <span>160&deg;</span></div>\n</div>"},"icon-heading":160,"icon":"http://maps.google.com/mapfiles/kml/shapes/airports.png","timestamp":"2026-05-21T16:48:54+00:00"}},{"type":"Feature","geometry":{"type":"Point","coordinates":[8.54844,50.041222,0]},"properties":{"name":"2026-05-21 16:48:58 UTC","description":{"@type":"html","value":"<div><div><span><b>Altitude:</b></span> <span>0 ft</span></div>\n<div><span><b>Speed:</b></span> <span>20 kt</span></div>\n<div><span><b>Heading:</b></span> <span>160&deg;</span></div>\n</div>"},"icon-heading":160,"icon":"http://maps.google.com/mapfiles/kml/shapes/airports.png","timestamp":"2026-05-21T16:48:58+00:00"}},{"type":"Feature","geometry":{"type":"Point","coordinates":[8.548644,50.040977,0]},"properties":{"name":"2026-05-21 16:49:02 UTC","description":{"@type":"html","value":"<div><div><span><b>Altitude:</b></span> <span>0 ft</span></div>\n<div><span><b>Speed:</b></span> <span>20 kt</span></div>\n<div><span><b>Heading:</b></span> <span>160&deg;</span></div>\n</div>"},"icon-heading":160,"icon":"http://maps.google.com/mapfiles/kml/shapes/airports.png","timestamp":"2026-05-21T16:49:02+00:00"}},{"type":"Feature","geometry":{"type":"Point","coordinates":[8.549164,50.040375,0]},"properties":{"name":"2026-05-21 16:49:12 UTC","description":{"@type":"html","value":"<div><div><span><b>Altitude:</b></span> <span>0 ft</span></div>\n<div><span><b>Speed:</b></span> <span>13 kt</span></div>\n<div><span><b>Heading:</b></span> <span>160&deg;</span></div>\n</div>"},"icon-heading":160,"icon":"http://maps.google.com/mapfiles/kml/shapes/airports.png","timestamp":"2026-05-21T16:49:12+00:00"}},{"type":"Feature","geometry":{"type":"Point","coordinates":[8.549785,50.040127,0]},"properties":{"name":"2026-05-21 16:49:21 UTC","description":{"@type":"html","value":"<div><div><span><b>Altitude:</b></span> <span>0 ft</span></div>\n<div><span><b>Speed:</b></span> <span>10 kt</span></div>\n<div><span><b>Heading:</b></span> <span>109&deg;</span></div>\n</div>"},"icon-heading":109,"icon":"http://maps.google.com/mapfiles/kml/shapes/airports.png","timestamp":"2026-05-21T16:49:21+00:00"}},{"type":"Feature","geometry":{"type":"Point","coordinates":[8.550037,50.04015,0]},"properties":{"name":"2026-05-21 16:49:26 UTC","description":{"@type":"html","value":"<div><div><span><b>Altitude:</b></span> <span>0 ft</span></div>\n<div><span><b>Speed:</b></span> <span>10 kt</span></div>\n<div><span><b>Heading:</b></span> <span>90&deg;</span></div>\n</div>"},"icon-heading":90,"icon":"http://maps.google.com/mapfiles/kml/shapes/airports.png","timestamp":"2026-05-21T16:49:26+00:00"}},{"type":"Feature","geometry":{"type":"Point","coordinates":[8.550481,50.040257,0]},"properties":{"name":"2026-05-21 16:49:31 UTC","description":{"@type":"html","value":"<div><div><span><b>Altitude:</b></span> <span>0 ft</span></div>\n<div><span><b>Speed:</b></span> <span>9 kt</span></div>\n<div><span><b>Heading:</b></span> <span>73&deg;</span></div>\n</div>"},"icon-heading":73,"icon":"http://maps.google.com/mapfiles/kml/shapes/airports.png","timestamp":"2026-05-21T16:49:31+00:00"}},{"type":"Feature","geometry":{"type":"Point","coordinates":[8.550797,50.04034,0]},"properties":{"name":"2026-05-21 16:49:36 UTC","description":{"@type":"html","value":"<div><div><span><b>Altitude:</b></span> <span>0 ft</span></div>\n<div><span><b>Speed:</b></span> <span>9 kt</span></div>\n<div><span><b>Heading:</b></span> <span>70&deg;</span></div>\n</div>"},"icon-heading":70,"icon":"http://maps.google.com/mapfiles/kml/shapes/airports.png","timestamp":"2026-05-21T16:49:36+00:00"}},{"type":"Feature","geometry":{"type":"Point","coordinates":[8.551158,50.040424,0]},"properties":{"name":"2026-05-21 16:49:42 UTC","description":{"@type":"html","value":"<div><div><span><b>Altitude:</b></span> <span>0 ft</span></div>\n<div><span><b>Speed:</b></span> <span>10 kt</span></div>\n<div><span><b>Heading:</b></span> <span>70&deg;</span></div>\n</div>"},"icon-heading":70,"icon":"http://maps.google.com/mapfiles/kml/shapes/airports.png","timestamp":"2026-05-21T16:49:42+00:00"}},{"type":"Feature","geometry":{"type":"Point","coordinates":[8.551754,50.040573,0]},"properties":{"name":"2026-05-21 16:49:50 UTC","description":{"@type":"html","value":"<div><div><span><b>Altitude:</b></span> <span>0 ft</span></div>\n<div><span><b>Speed:</b></span> <span>11 kt</span></div>\n<div><span><b>Heading:</b></span> <span>70&deg;</span></div>\n</div>"},"icon-heading":70,"icon":"http://maps.google.com/mapfiles/kml/shapes/airports.png","timestamp":"2026-05-21T16:49:50+00:00"}},{"type":"Feature","geometry":{"type":"Point","coordinates":[8.552459,50.040745,0]},"properties":{"name":"2026-05-21 16:50:00 UTC","description":{"@type":"html","value":"<div><div><span><b>Altitude:</b></span> <span>0 ft</span></div>\n<div><span><b>Speed:</b></span> <span>0 kt</span></div>\n<div><span><b>Heading:</b></span> <span>70&deg;</span></div>\n</div>"},"icon-heading":70,"icon":"http://maps.google.com/mapfiles/kml/shapes/airports.png","timestamp":"2026-05-21T16:50:00+00:00"}},{"type":"Feature","geometry":{"type":"Point","coordinates":[8.553655,50.041027,0]},"properties":{"name":"2026-05-21 16:50:11 UTC","description":{"@type":"html","value":"<div><div><span><b>Altitude:</b></span> <span>0 ft</span></div>\n<div><span><b>Speed:</b></span> <span>15 kt</span></div>\n<div><span><b>Heading:</b></span> <span>70&deg;</span></div>\n</div>"},"icon-heading":70,"icon":"http://maps.google.com/mapfiles/kml/shapes/airports.png","timestamp":"2026-05-21T16:50:11+00:00"}},{"type":"Feature","geometry":{"type":"Point","coordinates":[8.554768,50.041294,0]},"properties":{"name":"2026-05-21 16:50:21 UTC","description":{"@type":"html","value":"<div><div><span><b>Altitude:</b></span> <span>0 ft</span></div>\n<div><span><b>Speed:</b></span> <span>16 kt</span></div>\n<div><span><b>Heading:</b></span> <span>70&deg;</span></div>\n</div>"},"icon-heading":70,"icon":"http://maps.google.com/mapfiles/kml/shapes/airports.png","timestamp":"2026-05-21T16:50:21+00:00"}},{"type":"Feature","geometry":{"type":"Point","coordinates":[8.555491,50.04147,0]},"properties":{"name":"2026-05-21 16:50:29 UTC","description":{"@type":"html","value":"<div><div><span><b>Altitude:</b></span> <span>0 ft</span></div>\n<div><span><b>Speed:</b></span> <span>16 kt</span></div>\n<div><span><b>Heading:</b></span> <span>70&deg;</span></div>\n</div>"},"icon-heading":70,"icon":"http://maps.google.com/mapfiles/kml/shapes/airports.png","timestamp":"2026-05-21T16:50:29+00:00"}},{"type":"Feature","geometry":{"type":"Point","coordinates":[8.556398,50.041683,0]},"properties":{"name":"2026-05-21 16:50:36 UTC","description":{"@type":"html","value":"<div><div><span><b>Altitude:</b></span> <span>0 ft</span></div>\n<div><span><b>Speed:</b></span> <span>15 kt</span></div>\n<div><span><b>Heading:</b></span> <span>70&deg;</span></div>\n</div>"},"icon-heading":70,"icon":"http://maps.google.com/mapfiles/kml/shapes/airports.png","timestamp":"2026-05-21T16:50:36+00:00"}},{"type":"Feature","geometry":{"type":"Point","coordinates":[8.557069,50.04184,0]},"properties":{"name":"2026-05-21 16:50:43 UTC","description":{"@type":"html","value":"<div><div><span><b>Altitude:</b></span> <span>0 ft</span></div>\n<div><span><b>Speed:</b></span> <span>15 kt</span></div>\n<div><span><b>Heading:</b></span> <span>70&deg;</span></div>\n</div>"},"icon-heading":70,"icon":"http://maps.google.com/mapfiles/kml/shapes/airports.png","timestamp":"2026-05-21T16:50:43+00:00"}},{"type":"Feature","geometry":{"type":"Point","coordinates":[8.557718,50.042004,0]},"properties":{"name":"2026-05-21 16:50:50 UTC","description":{"@type":"html","value":"<div><div><span><b>Altitude:</b></span> <span>0 ft</span></div>\n<div><span><b>Speed:</b></span> <span>15 kt</span></div>\n<div><span><b>Heading:</b></span> <span>70&deg;</span></div>\n</div>"},"icon-heading":70,"icon":"http://maps.google.com/mapfiles/kml/shapes/airports.png","timestamp":"2026-05-21T16:50:50+00:00"}},{"type":"Feature","geometry":{"type":"Point","coordinates":[8.558665,50.042236,0]},"properties":{"name":"2026-05-21 16:50:58 UTC","description":{"@type":"html","value":"<div><div><span><b>Altitude:</b></span> <span>0 ft</span></div>\n<div><span><b>Speed:</b></span> <span>15 kt</span></div>\n<div><span><b>Heading:</b></span> <span>70&deg;</span></div>\n</div>"},"icon-heading":70,"icon":"http://maps.google.com/mapfiles/kml/shapes/airports.png","timestamp":"2026-05-21T16:50:58+00:00"}},{"type":"Feature","geometry":{"type":"Point","coordinates":[8.559506,50.042427,0]},"properties":{"name":"2026-05-21 16:51:07 UTC","description":{"@type":"html","value":"<div><div><span><b>Altitude:</b></span> <span>0 ft</span></div>\n<div><span><b>Speed:</b></span> <span>14 kt</span></div>\n<div><span><b>Heading:</b></span> <span>70&deg;</span></div>\n</div>"},"icon-heading":70,"icon":"http://maps.google.com/mapfiles/kml/shapes/airports.png","timestamp":"2026-05-21T16:51:07+00:00"}},{"type":"Feature","geometry":{"type":"Point","coordinates":[8.560012,50.042553,0]},"properties":{"name":"2026-05-21 16:51:14 UTC","description":{"@type":"html","value":"<div><div><span><b>Altitude:</b></span> <span>0 ft</span></div>\n<div><span><b>Speed:</b></span> <span>11 kt</span></div>\n<div><span><b>Heading:</b></span> <span>70&deg;</span></div>\n</div>"},"icon-heading":70,"icon":"http://maps.google.com/mapfiles/kml/shapes/airports.png","timestamp":"2026-05-21T16:51:14+00:00"}},{"type":"Feature","geometry":{"type":"Point","coordinates":[8.560539,50.042736,0]},"properties":{"name":"2026-05-21 16:51:25 UTC","description":{"@type":"html","value":"<div><div><span><b>Altitude:</b></span> <span>0 ft</span></div>\n<div><span><b>Speed:</b></span> <span>8 kt</span></div>\n<div><span><b>Heading:</b></span> <span>53&deg;</span></div>\n</div>"},"icon-heading":53,"icon":"http://maps.google.com/mapfiles/kml/shapes/airports.png","timestamp":"2026-05-21T16:51:25+00:00"}},{"type":"Feature","geometry":{"type":"Point","coordinates":[8.560725,50.042946,0]},"properties":{"name":"2026-05-21 16:51:30 UTC","description":{"@type":"html","value":"<div><div><span><b>Altitude:</b></span> <span>0 ft</span></div>\n<div><span><b>Speed:</b></span> <span>8 kt</span></div>\n<div><span><b>Heading:</b></span> <span>25&deg;</span></div>\n</div>"},"icon-heading":25,"icon":"http://maps.google.com/mapfiles/kml/shapes/airports.png","timestamp":"2026-05-21T16:51:30+00:00"}},{"type":"Feature","geometry":{"type":"Point","coordinates":[8.560735,50.043148,0]},"properties":{"name":"2026-05-21 16:51:35 UTC","description":{"@type":"html","value":"<div><div><span><b>Altitude:</b></span> <span>0 ft</span></div>\n<div><span><b>Speed:</b></span> <span>9 kt</span></div>\n<div><span><b>Heading:</b></span> <span>5&deg;</span></div>\n</div>"},"icon-heading":5,"icon":"http://maps.google.com/mapfiles/kml/shapes/airports.png","timestamp":"2026-05-21T16:51:35+00:00"}},{"type":"Feature","geometry":{"type":"Point","coordinates":[8.560633,50.043377,0]},"properties":{"name":"2026-05-21 16:51:42 UTC","description":{"@type":"html","value":"<div><div><span><b>Altitude:</b></span> <span>0 ft</span></div>\n<div><span><b>Speed:</b></span> <span>8 kt</span></div>\n<div><span><b>Heading:</b></span> <span>343&deg;</span></div>\n</div>"},"icon-heading":343,"icon":"http://maps.google.com/mapfiles/kml/shapes/airports.png","timestamp":"2026-05-21T16:51:42+00:00"}},{"type":"Feature","geometry":{"type":"Point","coordinates":[8.560502,50.043587,0]},"properties":{"name":"2026-05-21 16:51:48 UTC","description":{"@type":"html","value":"<div><div><span><b>Altitude:</b></span> <span>0 ft</span></div>\n<div><span><b>Speed:</b></span> <span>7 kt</span></div>\n<div><span><b>Heading:</b></span> <span>340&deg;</span></div>\n</div>"},"icon-heading":340,"icon":"http://maps.google.com/mapfiles/kml/shapes/airports.png","timestamp":"2026-05-21T16:51:48+00:00"}},{"type":"Feature","geometry":{"type":"Point","coordinates":[8.560354,50.043808,0]},"properties":{"name":"2026-05-21 16:51:56 UTC","description":{"@type":"html","value":"<div><div><span><b>Altitude:</b></span> <span>0 ft</span></div>\n<div><span><b>Speed:</b></span> <span>6 kt</span></div>\n<div><span><b>Heading:</b></span> <span>340&deg;</span></div>\n</div>"},"icon-heading":340,"icon":"http://maps.google.com/mapfiles/kml/shapes/airports.png","timestamp":"2026-05-21T16:51:56+00:00"}},{"type":"Feature","geometry":{"type":"Point","coordinates":[8.56028,50.044029,0]},"properties":{"name":"2026-05-21 16:52:05 UTC","description":{"@type":"html","value":"<div><div><span><b>Altitude:</b></span> <span>0 ft</span></div>\n<div><span><b>Speed:</b></span> <span>7 kt</span></div>\n<div><span><b>Heading:</b></span> <span>348&deg;</span></div>\n</div>"},"icon-heading":348,"icon":"http://maps.google.com/mapfiles/kml/shapes/airports.png","timestamp":"2026-05-21T16:52:05+00:00"}},{"type":"Feature","geometry":{"type":"Point","coordinates":[8.560373,50.044304,0]},"properties":{"name":"2026-05-21 16:52:11 UTC","description":{"@type":"html","value":"<div><div><span><b>Altitude:</b></span> <span>0 ft</span></div>\n<div><span><b>Speed:</b></span> <span>9 kt</span></div>\n<div><span><b>Heading:</b></span> <span>16&deg;</span></div>\n</div>"},"icon-heading":16,"icon":"http://maps.google.com/mapfiles/kml/shapes/airports.png","timestamp":"2026-05-21T16:52:11+00:00"}},{"type":"Feature","geometry":{"type":"Point","coordinates":[8.560614,50.044411,0]},"properties":{"name":"2026-05-21 16:52:16 UTC","description":{"@type":"html","value":"<div><div><span><b>Altitude:</b></span> <span>0 ft</span></div>\n<div><span><b>Speed:</b></span> <span>9 kt</span></div>\n<div><span><b>Heading:</b></span> <span>53&deg;</span></div>\n</div>"},"icon-heading":53,"icon":"http://maps.google.com/mapfiles/kml/shapes/airports.png","timestamp":"2026-05-21T16:52:16+00:00"}},{"type":"Feature","geometry":{"type":"Point","coordinates":[8.560987,50.044498,0]},"properties":{"name":"2026-05-21 16:52:21 UTC","description":{"@type":"html","value":"<div><div><span><b>Altitude:</b></span> <span>0 ft</span></div>\n<div><span><b>Speed:</b></span> <span>10 kt</span></div>\n<div><span><b>Heading:</b></span> <span>70&deg;</span></div>\n</div>"},"icon-heading":70,"icon":"http://maps.google.com/mapfiles/kml/shapes/airports.png","timestamp":"2026-05-21T16:52:21+00:00"}},{"type":"Feature","geometry":{"type":"Point","coordinates":[8.561276,50.044498,0]},"properties":{"name":"2026-05-21 16:52:28 UTC","description":{"@type":"html","value":"<div><div><span><b>Altitude:</b></span> <span>0 ft</span></div>\n<div><span><b>Speed:</b></span> <span>6 kt</span></div>\n<div><span><b>Heading:</b></span> <span>95&deg;</span></div>\n</div>"},"icon-heading":95,"icon":"http://maps.google.com/mapfiles/kml/shapes/airports.png","timestamp":"2026-05-21T16:52:28+00:00"}},{"type":"Feature","geometry":{"type":"Point","coordinates":[8.561486,50.044216,0]},"properties":{"name":"2026-05-21 16:52:38 UTC","description":{"@type":"html","value":"<div><div><span><b>Altitude:</b></span> <span>0 ft</span></div>\n<div><span><b>Speed:</b></span> <span>5 kt</span></div>\n<div><span><b>Heading:</b></span> <span>154&deg;</span></div>\n</div>"},"icon-heading":154,"icon":"http://maps.google.com/mapfiles/kml/shapes/airports.png","timestamp":"2026-05-21T16:52:38+00:00"}},{"type":"Feature","geometry":{"type":"Point","coordinates":[8.561653,50.04398,0]},"properties":{"name":"2026-05-21 16:52:48 UTC","description":{"@type":"html","value":"<div><div><span><b>Altitude:</b></span> <span>0 ft</span></div>\n<div><span><b>Speed:</b></span> <span>5 kt</span></div>\n<div><span><b>Heading:</b></span> <span>154&deg;</span></div>\n</div>"},"icon-heading":154,"icon":"http://maps.google.com/mapfiles/kml/shapes/airports.png","timestamp":"2026-05-21T16:52:48+00:00"}},{"type":"Feature","geometry":{"type":"Point","coordinates":[8.561819,50.044189,0]},"properties":{"name":"2026-05-21 16:53:24 UTC","description":{"@type":"html","value":"<div><div><span><b>Altitude:</b></span> <span>0 ft</span></div>\n<div><span><b>Speed:</b></span> <span>0 kt</span></div>\n<div><span><b>Heading:</b></span> <span>154&deg;</span></div>\n</div>"},"icon-heading":154,"icon":"http://maps.google.com/mapfiles/kml/shapes/airports.png","timestamp":"2026-05-21T16:53:24+00:00"}},{"type":"Feature","geometry":{"type":"LineString","coordinates":[[-9.13352,38.764629,0],[-9.133729,38.764572,0]]},"properties":{"name":"P-1","description":{"@type":"html","value":"<div><div><span><b>Altitude:</b></span> <span>0 ft</span></div>\n<div><span><b>Speed:</b></span> <span>0 kt - 2 kt</span></div>\n<div><span><b>Timestamp:</b></span><br/><span>2026-05-21 13:41:26 UTC<br/>2026-05-21 13:51:12 UTC</span></div>\n</div>"},"stroke-opacity":1,"stroke":"#ffffff","stroke-width":2}},{"type":"Feature","geometry":{"type":"LineString","coordinates":[[-9.133729,38.764572,0],[-9.133942,38.764641,0]]},"properties":{"name":"P-2","description":{"@type":"html","value":"<div><div><span><b>Altitude:</b></span> <span>0 ft</span></div>\n<div><span><b>Speed:</b></span> <span>2 kt - 3 kt</span></div>\n<div><span><b>Timestamp:</b></span><br/><span>2026-05-21 13:51:12 UTC<br/>2026-05-21 13:51:28 UTC</span></div>\n</div>"},"stroke-opacity":1,"stroke":"#ffffff","stroke-width":2}},{"type":"Feature","geometry":{"type":"LineString","coordinates":[[-9.133942,38.764641,0],[-9.134147,38.764629,0]]},"properties":{"name":"P-3","description":{"@type":"html","value":"<div><div><span><b>Altitude:</b></span> <span>0 ft</span></div>\n<div><span><b>Speed:</b></span> <span>3 kt</span></div>\n<div><span><b>Timestamp:</b></span><br/><span>2026-05-21 13:51:28 UTC<br/>2026-05-21 13:51:43 UTC</span></div>\n</div>"},"stroke-opacity":1,"stroke":"#ffffff","stroke-width":2}},{"type":"Feature","geometry":{"type":"LineString","coordinates":[[-9.134147,38.764629,0],[-9.134338,38.764839,0]]},"properties":{"name":"P-4","description":{"@type":"html","value":"<div><div><span><b>Altitude:</b></span> <span>0 ft</span></div>\n<div><span><b>Speed:</b></span> <span>3 kt - 8 kt</span></div>\n<div><span><b>Timestamp:</b></span><br/><span>2026-05-21 13:51:43 UTC<br/>2026-05-21 13:55:15 UTC</span></div>\n</div>"},"stroke-opacity":1,"stroke":"#ffffff","stroke-width":2}},{"type":"Feature","geometry":{"type":"LineString","coordinates":[[-9.134338,38.764839,0],[-9.13443,38.765118,0]]},"properties":{"name":"P-5","description":{"@type":"html","value":"<div><div><span><b>Altitude:</b></span> <span>0 ft</span></div>\n<div><span><b>Speed:</b></span> <span>8 kt - 10 kt</span></div>\n<div><span><b>Timestamp:</b></span><br/><span>2026-05-21 13:55:15 UTC<br/>2026-05-21 13:55:21 UTC</span></div>\n</div>"},"stroke-opacity":1,"stroke":"#ffffff","stroke-width":2}},{"type":"Feature","geometry":{"type":"LineString","coordinates":[[-9.13443,38.765118,0],[-9.134567,38.765457,0]]},"properties":{"name":"P-6","description":{"@type":"html","value":"<div><div><span><b>Altitude:</b></span> <span>0 ft</span></div>\n<div><span><b>Speed:</b></span> <span>10 kt - 11 kt</span></div>\n<div><span><b>Timestamp:</b></span><br/><span>2026-05-21 13:55:21 UTC<br/>2026-05-21 13:55:28 UTC</span></div>\n</div>"},"stroke-opacity":1,"stroke":"#ffffff","stroke-width":2}},{"type":"Feature","geometry":{"type":"LineString","coordinates":[[-9.134567,38.765457,0],[-9.134684,38.765808,0]]},"properties":{"name":"P-7","description":{"@type":"html","value":"<div><div><span><b>Altitude:</b></span> <span>0 ft</span></div>\n<div><span><b>Speed:</b></span> <span>11 kt - 10 kt</span></div>\n<div><span><b>Timestamp:</b></span><br/><span>2026-05-21 13:55:28 UTC<br/>2026-05-21 13:55:36 UTC</span></div>\n</div>"},"stroke-opacity":1,"stroke":"#ffffff","stroke-width":2}},{"type":"Feature","geometry":{"type":"LineString","coordinates":[[-9.134684,38.765808,0],[-9.134781,38.766098,0]]},"properties":{"name":"P-8","description":{"@type":"html","value":"<div><div><span><b>Altitude:</b></span> <span>0 ft</span></div>\n<div><span><b>Speed:</b></span> <span>10 kt - 9 kt</span></div>\n<div><span><b>Timestamp:</b></span><br/><span>2026-05-21 13:55:36 UTC<br/>2026-05-21 13:55:42 UTC</span></div>\n</div>"},"stroke-opacity":1,"stroke":"#ffffff","stroke-width":2}},{"type":"Feature","geometry":{"type":"LineString","coordinates":[[-9.134781,38.766098,0],[-9.134818,38.766312,0]]},"properties":{"name":"P-9","description":{"@type":"html","value":"<div><div><span><b>Altitude:</b></span> <span>0 ft</span></div>\n<div><span><b>Speed:</b></span> <span>9 kt</span></div>\n<div><span><b>Timestamp:</b></span><br/><span>2026-05-21 13:55:42 UTC<br/>2026-05-21 13:55:48 UTC</span></div>\n</div>"},"stroke-opacity":1,"stroke":"#ffffff","stroke-width":2}},{"type":"Feature","geometry":{"type":"LineString","coordinates":[[-9.134818,38.766312,0],[-9.134684,38.766518,0]]},"properties":{"name":"P-10","description":{"@type":"html","value":"<div><div><span><b>Altitude:</b></span> <span>0 ft</span></div>\n<div><span><b>Speed:</b></span> <span>9 kt - 8 kt</span></div>\n<div><span><b>Timestamp:</b></span><br/><span>2026-05-21 13:55:48 UTC<br/>2026-05-21 13:55:54 UTC</span></div>\n</div>"},"stroke-opacity":1,"stroke":"#ffffff","stroke-width":2}},{"type":"Feature","geometry":{"type":"LineString","coordinates":[[-9.134684,38.766518,0],[-9.134475,38.766735,0]]},"properties":{"name":"P-11","description":{"@type":"html","value":"<div><div><span><b>Altitude:</b></span> <span>0 ft</span></div>\n<div><span><b>Speed:</b></span> <span>8 kt - 9 kt</span></div>\n<div><span><b>Timestamp:</b></span><br/><span>2026-05-21 13:55:54 UTC<br/>2026-05-21 13:56:01 UTC</span></div>\n</div>"},"stroke-opacity":1,"stroke":"#ffffff","stroke-width":2}},{"type":"Feature","geometry":{"type":"LineString","coordinates":[[-9.134475,38.766735,0],[-9.134311,38.766941,0]]},"properties":{"name":"P-12","description":{"@type":"html","value":"<div><div><span><b>Altitude:</b></span> <span>0 ft</span></div>\n<div><span><b>Speed:</b></span> <span>9 kt - 13 kt</span></div>\n<div><span><b>Timestamp:</b></span><br/><span>2026-05-21 13:56:01 UTC<br/>2026-05-21 13:56:05 UTC</span></div>\n</div>"},"stroke-opacity":1,"stroke":"#ffffff","stroke-width":2}},{"type":"Feature","geometry":{"type":"LineString","coordinates":[[-9.134311,38.766941,0],[-9.134117,38.76717,0]]},"properties":{"name":"P-13","description":{"@type":"html","value":"<div><div><span><b>Altitude:</b></span> <span>0 ft</span></div>\n<div><span><b>Speed:</b></span> <span>13 kt - 16 kt</span></div>\n<div><span><b>Timestamp:</b></span><br/><span>2026-05-21 13:56:05 UTC<br/>2026-05-21 13:56:09 UTC</span></div>\n</div>"},"stroke-opacity":1,"stroke":"#ffffff","stroke-width":2}},{"type":"Feature","geometry":{"type":"LineString","coordinates":[[-9.134117,38.76717,0],[-9.133863,38.767376,0]]},"properties":{"name":"P-14","description":{"@type":"html","value":"<div><div><span><b>Altitude:</b></span> <span>0 ft</span></div>\n<div><span><b>Speed:</b></span> <span>16 kt - 18 kt</span></div>\n<div><span><b>Timestamp:</b></span><br/><span>2026-05-21 13:56:09 UTC<br/>2026-05-21 13:56:12 UTC</span></div>\n</div>"},"stroke-opacity":1,"stroke":"#ffffff","stroke-width":2}},{"type":"Feature","geometry":{"type":"LineString","coordinates":[[-9.133863,38.767376,0],[-9.133621,38.767483,0]]},"properties":{"name":"P-15","description":{"@type":"html","value":"<div><div><span><b>Altitude:</b></span> <span>0 ft</span></div>\n<div><span><b>Speed:</b></span> <span>18 kt - 19 kt</span></div>\n<div><span><b>Timestamp:</b></span><br/><span>2026-05-21 13:56:12 UTC<br/>2026-05-21 13:56:15 UTC</span></div>\n</div>"},"stroke-opacity":1,"stroke":"#ffffff","stroke-width":2}},{"type":"Feature","geometry":{"type":"LineString","coordinates":[[-9.133621,38.767483,0],[-9.133392,38.76754,0]]},"properties":{"name":"P-16","description":{"@type":"html","value":"<div><div><span><b>Altitude:</b></span> <span>0 ft</span></div>\n<div><span><b>Speed:</b></span> <span>19 kt</span></div>\n<div><span><b>Timestamp:</b></span><br/><span>2026-05-21 13:56:15 UTC<br/>2026-05-21 13:56:17 UTC</span></div>\n</div>"},"stroke-opacity":1,"stroke":"#ffffff","stroke-width":2}},{"type":"Feature","geometry":{"type":"LineString","coordinates":[[-9.133392,38.76754,0],[-9.133057,38.767586,0]]},"properties":{"name":"P-17","description":{"@type":"html","value":"<div><div><span><b>Altitude:</b></span> <span>0 ft</span></div>\n<div><span><b>Speed:</b></span> <span>19 kt</span></div>\n<div><span><b>Timestamp:</b></span><br/><span>2026-05-21 13:56:17 UTC<br/>2026-05-21 13:56:19 UTC</span></div>\n</div>"},"stroke-opacity":1,"stroke":"#ffffff","stroke-width":2}},{"type":"Feature","geometry":{"type":"LineString","coordinates":[[-9.133057,38.767586,0],[-9.132828,38.767632,0]]},"properties":{"name":"P-18","description":{"@type":"html","value":"<div><div><span><b>Altitude:</b></span> <span>0 ft</span></div>\n<div><span><b>Speed:</b></span> <span>19 kt - 20 kt</span></div>\n<div><span><b>Timestamp:</b></span><br/><span>2026-05-21 13:56:19 UTC<br/>2026-05-21 13:56:22 UTC</span></div>\n</div>"},"stroke-opacity":1,"stroke":"#ffffff","stroke-width":2}},{"type":"Feature","geometry":{"type":"LineString","coordinates":[[-9.132828,38.767632,0],[-9.132523,38.767796,0]]},"properties":{"name":"P-19","description":{"@type":"html","value":"<div><div><span><b>Altitude:</b></span> <span>0 ft</span></div>\n<div><span><b>Speed:</b></span> <span>20 kt - 19 kt</span></div>\n<div><span><b>Timestamp:</b></span><br/><span>2026-05-21 13:56:22 UTC<br/>2026-05-21 13:56:25 UTC</span></div>\n</div>"},"stroke-opacity":1,"stroke":"#ffffff","stroke-width":2}},{"type":"Feature","geometry":{"type":"LineString","coordinates":[[-9.132523,38.767796,0],[-9.132401,38.768028,0]]},"properties":{"name":"P-20","description":{"@type":"html","value":"<div><div><span><b>Altitude:</b></span> <span>0 ft</span></div>\n<div><span><b>Speed:</b></span> <span>19 kt</span></div>\n<div><span><b>Timestamp:</b></span><br/><span>2026-05-21 13:56:25 UTC<br/>2026-05-21 13:56:28 UTC</span></div>\n</div>"},"stroke-opacity":1,"stroke":"#ffffff","stroke-width":2}},{"type":"Feature","geometry":{"type":"LineString","coordinates":[[-9.132401,38.768028,0],[-9.132445,38.76836,0]]},"properties":{"name":"P-21","description":{"@type":"html","value":"<div><div><span><b>Altitude:</b></span> <span>0 ft</span></div>\n<div><span><b>Speed:</b></span> <span>19 kt - 18 kt</span></div>\n<div><span><b>Timestamp:</b></span><br/><span>2026-05-21 13:56:28 UTC<br/>2026-05-21 13:56:31 UTC</span></div>\n</div>"},"stroke-opacity":1,"stroke":"#ffffff","stroke-width":2}},{"type":"Feature","geometry":{"type":"LineString","coordinates":[[-9.132445,38.76836,0],[-9.132535,38.768623,0]]},"properties":{"name":"P-22","description":{"@type":"html","value":"<div><div><span><b>Altitude:</b></span> <span>0 ft</span></div>\n<div><span><b>Speed:</b></span> <span>18 kt</span></div>\n<div><span><b>Timestamp:</b></span><br/><span>2026-05-21 13:56:31 UTC<br/>2026-05-21 13:56:34 UTC</span></div>\n</div>"},"stroke-opacity":1,"stroke":"#ffffff","stroke-width":2}},{"type":"Feature","geometry":{"type":"LineString","coordinates":[[-9.132535,38.768623,0],[-9.132624,38.768944,0]]},"properties":{"name":"P-23","description":{"@type":"html","value":"<div><div><span><b>Altitude:</b></span> <span>0 ft</span></div>\n<div><span><b>Speed:</b></span> <span>18 kt - 19 kt</span></div>\n<div><span><b>Timestamp:</b></span><br/><span>2026-05-21 13:56:34 UTC<br/>2026-05-21 13:56:38 UTC</span></div>\n</div>"},"stroke-opacity":1,"stroke":"#ffffff","stroke-width":2}},{"type":"Feature","geometry":{"type":"LineString","coordinates":[[-9.132624,38.768944,0],[-9.13269,38.769203,0]]},"properties":{"name":"P-24","description":{"@type":"html","value":"<div><div><span><b>Altitude:</b></span> <span>0 ft</span></div>\n<div><span><b>Speed:</b></span> <span>19 kt - 20 kt</span></div>\n<div><span><b>Timestamp:</b></span><br/><span>2026-05-21 13:56:38 UTC<br/>2026-05-21 13:56:41 UTC</span></div>\n</div>"},"stroke-opacity":1,"stroke":"#ffffff","stroke-width":2}},{"type":"Feature","geometry":{"type":"LineString","coordinates":[[-9.13269,38.769203,0],[-9.132751,38.769424,0]]},"properties":{"name":"P-25","description":{"@type":"html","value":"<div><div><span><b>Altitude:</b></span> <span>0 ft</span></div>\n<div><span><b>Speed:</b></span> <span>20 kt</span></div>\n<div><span><b>Timestamp:</b></span><br/><span>2026-05-21 13:56:41 UTC<br/>2026-05-21 13:56:43 UTC</span></div>\n</div>"},"stroke-opacity":1,"stroke":"#ffffff","stroke-width":2}},{"type":"Feature","geometry":{"type":"LineString","coordinates":[[-9.132751,38.769424,0],[-9.132813,38.769646,0]]},"properties":{"name":"P-26","description":{"@type":"html","value":"<div><div><span><b>Altitude:</b></span> <span>0 ft</span></div>\n<div><span><b>Speed:</b></span> <span>20 kt - 21 kt</span></div>\n<div><span><b>Timestamp:</b></span><br/><span>2026-05-21 13:56:43 UTC<br/>2026-05-21 13:56:46 UTC</span></div>\n</div>"},"stroke-opacity":1,"stroke":"#ffffff","stroke-width":2}},{"type":"Feature","geometry":{"type":"LineString","coordinates":[[-9.132813,38.769646,0],[-9.132982,38.770271,0]]},"properties":{"name":"P-27","description":{"@type":"html","value":"<div><div><span><b>Altitude:</b></span> <span>0 ft</span></div>\n<div><span><b>Speed:</b></span> <span>21 kt - 22 kt</span></div>\n<div><span><b>Timestamp:</b></span><br/><span>2026-05-21 13:56:46 UTC<br/>2026-05-21 13:56:53 UTC</span></div>\n</div>"},"stroke-opacity":1,"stroke":"#ffffff","stroke-width":2}},{"type":"Feature","geometry":{"type":"LineString","coordinates":[[-9.132982,38.770271,0],[-9.133194,38.771088,0]]},"properties":{"name":"P-28","description":{"@type":"html","value":"<div><div><span><b>Altitude:</b></span> <span>0 ft</span></div>\n<div><span><b>Speed:</b></span> <span>22 kt - 24 kt</span></div>\n<div><span><b>Timestamp:</b></span><br/><span>2026-05-21 13:56:53 UTC<br/>2026-05-21 13:57:00 UTC</span></div>\n</div>"},"stroke-opacity":1,"stroke":"#ffffff","stroke-width":2}},{"type":"Feature","geometry":{"type":"LineString","coordinates":[[-9.133194,38.771088,0],[-9.1334,38.771873,0]]},"properties":{"name":"P-29","description":{"@type":"html","value":"<div><div><span><b>Altitude:</b></span> <span>0 ft</span></div>\n<div><span><b>Speed:</b></span> <span>24 kt - 25 kt</span></div>\n<div><span><b>Timestamp:</b></span><br/><span>2026-05-21 13:57:00 UTC<br/>2026-05-21 13:57:07 UTC</span></div>\n</div>"},"stroke-opacity":1,"stroke":"#ffffff","stroke-width":2}},{"type":"Feature","geometry":{"type":"LineString","coordinates":[[-9.1334,38.771873,0],[-9.133652,38.772778,0]]},"properties":{"name":"P-30","description":{"@type":"html","value":"<div><div><span><b>Altitude:</b></span> <span>0 ft</span></div>\n<div><span><b>Speed:</b></span> <span>25 kt - 26 kt</span></div>\n<div><span><b>Timestamp:</b></span><br/><span>2026-05-21 13:57:07 UTC<br/>2026-05-21 13:57:14 UTC</span></div>\n</div>"},"stroke-opacity":1,"stroke":"#ffffff","stroke-width":2}},{"type":"Feature","geometry":{"type":"LineString","coordinates":[[-9.133652,38.772778,0],[-9.133952,38.773933,0]]},"properties":{"name":"P-31","description":{"@type":"html","value":"<div><div><span><b>Altitude:</b></span> <span>0 ft</span></div>\n<div><span><b>Speed:</b></span> <span>26 kt</span></div>\n<div><span><b>Timestamp:</b></span><br/><span>2026-05-21 13:57:14 UTC<br/>2026-05-21 13:57:24 UTC</span></div>\n</div>"},"stroke-opacity":1,"stroke":"#ffffff","stroke-width":2}},{"type":"Feature","geometry":{"type":"LineString","coordinates":[[-9.133952,38.773933,0],[-9.134155,38.774696,0]]},"properties":{"name":"P-32","description":{"@type":"html","value":"<div><div><span><b>Altitude:</b></span> <span>0 ft</span></div>\n<div><span><b>Speed:</b></span> <span>26 kt - 27 kt</span></div>\n<div><span><b>Timestamp:</b></span><br/><span>2026-05-21 13:57:24 UTC<br/>2026-05-21 13:57:29 UTC</span></div>\n</div>"},"stroke-opacity":1,"stroke":"#ffffff","stroke-width":2}},{"type":"Feature","geometry":{"type":"LineString","coordinates":[[-9.134155,38.774696,0],[-9.134221,38.774929,0]]},"properties":{"name":"P-33","description":{"@type":"html","value":"<div><div><span><b>Altitude:</b></span> <span>0 ft</span></div>\n<div><span><b>Speed:</b></span> <span>27 kt</span></div>\n<div><span><b>Timestamp:</b></span><br/><span>2026-05-21 13:57:29 UTC<br/>2026-05-21 13:57:31 UTC</span></div>\n</div>"},"stroke-opacity":1,"stroke":"#ffffff","stroke-width":2}},{"type":"Feature","geometry":{"type":"LineString","coordinates":[[-9.134221,38.774929,0],[-9.134308,38.775223,0]]},"properties":{"name":"P-34","description":{"@type":"html","value":"<div><div><span><b>Altitude:</b></span> <span>0 ft</span></div>\n<div><span><b>Speed:</b></span> <span>27 kt</span></div>\n<div><span><b>Timestamp:</b></span><br/><span>2026-05-21 13:57:31 UTC<br/>2026-05-21 13:57:34 UTC</span></div>\n</div>"},"stroke-opacity":1,"stroke":"#ffffff","stroke-width":2}},{"type":"Feature","geometry":{"type":"LineString","coordinates":[[-9.134308,38.775223,0],[-9.134384,38.775558,0]]},"properties":{"name":"P-35","description":{"@type":"html","value":"<div><div><span><b>Altitude:</b></span> <span>0 ft</span></div>\n<div><span><b>Speed:</b></span> <span>27 kt - 26 kt</span></div>\n<div><span><b>Timestamp:</b></span><br/><span>2026-05-21 13:57:34 UTC<br/>2026-05-21 13:57:36 UTC</span></div>\n</div>"},"stroke-opacity":1,"stroke":"#ffffff","stroke-width":2}},{"type":"Feature","geometry":{"type":"LineString","coordinates":[[-9.134384,38.775558,0],[-9.13446,38.775791,0]]},"properties":{"name":"P-36","description":{"@type":"html","value":"<div><div><span><b>Altitude:</b></span> <span>0 ft</span></div>\n<div><span><b>Speed:</b></span> <span>26 kt</span></div>\n<div><span><b>Timestamp:</b></span><br/><span>2026-05-21 13:57:36 UTC<br/>2026-05-21 13:57:39 UTC</span></div>\n</div>"},"stroke-opacity":1,"stroke":"#ffffff","stroke-width":2}},{"type":"Feature","geometry":{"type":"LineString","coordinates":[[-9.13446,38.775791,0],[-9.134552,38.776104,0]]},"properties":{"name":"P-37","description":{"@type":"html","value":"<div><div><span><b>Altitude:</b></span> <span>0 ft</span></div>\n<div><span><b>Speed:</b></span> <span>26 kt</span></div>\n<div><span><b>Timestamp:</b></span><br/><span>2026-05-21 13:57:39 UTC<br/>2026-05-21 13:57:41 UTC</span></div>\n</div>"},"stroke-opacity":1,"stroke":"#ffffff","stroke-width":2}},{"type":"Feature","geometry":{"type":"LineString","coordinates":[[-9.134552,38.776104,0],[-9.134654,38.776485,0]]},"properties":{"name":"P-38","description":{"@type":"html","value":"<div><div><span><b>Altitude:</b></span> <span>0 ft</span></div>\n<div><span><b>Speed:</b></span> <span>26 kt - 25 kt</span></div>\n<div><span><b>Timestamp:</b></span><br/><span>2026-05-21 13:57:41 UTC<br/>2026-05-21 13:57:44 UTC</span></div>\n</div>"},"stroke-opacity":1,"stroke":"#ffffff","stroke-width":2}},{"type":"Feature","geometry":{"type":"LineString","coordinates":[[-9.134654,38.776485,0],[-9.134705,38.776722,0]]},"properties":{"name":"P-39","description":{"@type":"html","value":"<div><div><span><b>Altitude:</b></span> <span>0 ft</span></div>\n<div><span><b>Speed:</b></span> <span>25 kt</span></div>\n<div><span><b>Timestamp:</b></span><br/><span>2026-05-21 13:57:44 UTC<br/>2026-05-21 13:57:47 UTC</span></div>\n</div>"},"stroke-opacity":1,"stroke":"#ffffff","stroke-width":2}},{"type":"Feature","geometry":{"type":"LineString","coordinates":[[-9.134705,38.776722,0],[-9.134796,38.777035,0]]},"properties":{"name":"P-40","description":{"@type":"html","value":"<div><div><span><b>Altitude:</b></span> <span>0 ft</span></div>\n<div><span><b>Speed:</b></span> <span>25 kt</span></div>\n<div><span><b>Timestamp:</b></span><br/><span>2026-05-21 13:57:47 UTC<br/>2026-05-21 13:57:49 UTC</span></div>\n</div>"},"stroke-opacity":1,"stroke":"#ffffff","stroke-width":2}},{"type":"Feature","geometry":{"type":"LineString","coordinates":[[-9.134796,38.777035,0],[-9.134872,38.777317,0]]},"properties":{"name":"P-41","description":{"@type":"html","value":"<div><div><span><b>Altitude:</b></span> <span>0 ft</span></div>\n<div><span><b>Speed:</b></span> <span>25 kt - 24 kt</span></div>\n<div><span><b>Timestamp:</b></span><br/><span>2026-05-21 13:57:49 UTC<br/>2026-05-21 13:57:51 UTC</span></div>\n</div>"},"stroke-opacity":1,"stroke":"#ffffff","stroke-width":2}},{"type":"Feature","geometry":{"type":"LineString","coordinates":[[-9.134872,38.777317,0],[-9.134938,38.77755,0]]},"properties":{"name":"P-42","description":{"@type":"html","value":"<div><div><span><b>Altitude:</b></span> <span>0 ft</span></div>\n<div><span><b>Speed:</b></span> <span>24 kt</span></div>\n<div><span><b>Timestamp:</b></span><br/><span>2026-05-21 13:57:51 UTC<br/>2026-05-21 13:57:54 UTC</span></div>\n</div>"},"stroke-opacity":1,"stroke":"#ffffff","stroke-width":2}},{"type":"Feature","geometry":{"type":"LineString","coordinates":[[-9.134938,38.77755,0],[-9.134995,38.777782,0]]},"properties":{"name":"P-43","description":{"@type":"html","value":"<div><div><span><b>Altitude:</b></span> <span>0 ft</span></div>\n<div><span><b>Speed:</b></span> <span>24 kt</span></div>\n<div><span><b>Timestamp:</b></span><br/><span>2026-05-21 13:57:54 UTC<br/>2026-05-21 13:57:56 UTC</span></div>\n</div>"},"stroke-opacity":1,"stroke":"#ffffff","stroke-width":2}},{"type":"Feature","geometry":{"type":"LineString","coordinates":[[-9.134995,38.777782,0],[-9.135117,38.778385,0]]},"properties":{"name":"P-44","description":{"@type":"html","value":"<div><div><span><b>Altitude:</b></span> <span>0 ft</span></div>\n<div><span><b>Speed:</b></span> <span>24 kt - 23 kt</span></div>\n<div><span><b>Timestamp:</b></span><br/><span>2026-05-21 13:57:56 UTC<br/>2026-05-21 13:58:01 UTC</span></div>\n</div>"},"stroke-opacity":1,"stroke":"#ffffff","stroke-width":2}},{"type":"Feature","geometry":{"type":"LineString","coordinates":[[-9.135117,38.778385,0],[-9.135072,38.778648,0]]},"properties":{"name":"P-45","description":{"@type":"html","value":"<div><div><span><b>Altitude:</b></span> <span>0 ft</span></div>\n<div><span><b>Speed:</b></span> <span>23 kt</span></div>\n<div><span><b>Timestamp:</b></span><br/><span>2026-05-21 13:58:01 UTC<br/>2026-05-21 13:58:04 UTC</span></div>\n</div>"},"stroke-opacity":1,"stroke":"#ffffff","stroke-width":2}},{"type":"Feature","geometry":{"type":"LineString","coordinates":[[-9.135072,38.778648,0],[-9.134979,38.778851,0]]},"properties":{"name":"P-46","description":{"@type":"html","value":"<div><div><span><b>Altitude:</b></span> <span>0 ft</span></div>\n<div><span><b>Speed:</b></span> <span>23 kt</span></div>\n<div><span><b>Timestamp:</b></span><br/><span>2026-05-21 13:58:04 UTC<br/>2026-05-21 13:58:06 UTC</span></div>\n</div>"},"stroke-opacity":1,"stroke":"#ffffff","stroke-width":2}},{"type":"Feature","geometry":{"type":"LineString","coordinates":[[-9.134979,38.778851,0],[-9.134857,38.77906,0]]},"properties":{"name":"P-47","description":{"@type":"html","value":"<div><div><span><b>Altitude:</b></span> <span>0 ft</span></div>\n<div><span><b>Speed:</b></span> <span>23 kt</span></div>\n<div><span><b>Timestamp:</b></span><br/><span>2026-05-21 13:58:06 UTC<br/>2026-05-21 13:58:09 UTC</span></div>\n</div>"},"stroke-opacity":1,"stroke":"#ffffff","stroke-width":2}},{"type":"Feature","geometry":{"type":"LineString","coordinates":[[-9.134857,38.77906,0],[-9.134728,38.779301,0]]},"properties":{"name":"P-48","description":{"@type":"html","value":"<div><div><span><b>Altitude:</b></span> <span>0 ft</span></div>\n<div><span><b>Speed:</b></span> <span>23 kt</span></div>\n<div><span><b>Timestamp:</b></span><br/><span>2026-05-21 13:58:09 UTC<br/>2026-05-21 13:58:10 UTC</span></div>\n</div>"},"stroke-opacity":1,"stroke":"#ffffff","stroke-width":2}},{"type":"Feature","geometry":{"type":"LineString","coordinates":[[-9.134728,38.779301,0],[-9.134567,38.779621,0]]},"properties":{"name":"P-49","description":{"@type":"html","value":"<div><div><span><b>Altitude:</b></span> <span>0 ft</span></div>\n<div><span><b>Speed:</b></span> <span>23 kt</span></div>\n<div><span><b>Timestamp:</b></span><br/><span>2026-05-21 13:58:10 UTC<br/>2026-05-21 13:58:14 UTC</span></div>\n</div>"},"stroke-opacity":1,"stroke":"#ffffff","stroke-width":2}},{"type":"Feature","geometry":{"type":"LineString","coordinates":[[-9.134567,38.779621,0],[-9.134416,38.779907,0]]},"properties":{"name":"P-50","description":{"@type":"html","value":"<div><div><span><b>Altitude:</b></span> <span>0 ft</span></div>\n<div><span><b>Speed:</b></span> <span>23 kt</span></div>\n<div><span><b>Timestamp:</b></span><br/><span>2026-05-21 13:58:14 UTC<br/>2026-05-21 13:58:16 UTC</span></div>\n</div>"},"stroke-opacity":1,"stroke":"#ffffff","stroke-width":2}},{"type":"Feature","geometry":{"type":"LineString","coordinates":[[-9.134416,38.779907,0],[-9.134262,38.780178,0]]},"properties":{"name":"P-51","description":{"@type":"html","value":"<div><div><span><b>Altitude:</b></span> <span>0 ft</span></div>\n<div><span><b>Speed:</b></span> <span>23 kt</span></div>\n<div><span><b>Timestamp:</b></span><br/><span>2026-05-21 13:58:16 UTC<br/>2026-05-21 13:58:19 UTC</span></div>\n</div>"},"stroke-opacity":1,"stroke":"#ffffff","stroke-width":2}},{"type":"Feature","geometry":{"type":"LineString","coordinates":[[-9.134262,38.780178,0],[-9.134147,38.780388,0]]},"properties":{"name":"P-52","description":{"@type":"html","value":"<div><div><span><b>Altitude:</b></span> <span>0 ft</span></div>\n<div><span><b>Speed:</b></span> <span>23 kt - 20 kt</span></div>\n<div><span><b>Timestamp:</b></span><br/><span>2026-05-21 13:58:19 UTC<br/>2026-05-21 13:58:21 UTC</span></div>\n</div>"},"stroke-opacity":1,"stroke":"#ffffff","stroke-width":2}},{"type":"Feature","geometry":{"type":"LineString","coordinates":[[-9.134147,38.780388,0],[-9.133987,38.780701,0]]},"properties":{"name":"P-53","description":{"@type":"html","value":"<div><div><span><b>Altitude:</b></span> <span>0 ft</span></div>\n<div><span><b>Speed:</b></span> <span>20 kt - 16 kt</span></div>\n<div><span><b>Timestamp:</b></span><br/><span>2026-05-21 13:58:21 UTC<br/>2026-05-21 13:58:26 UTC</span></div>\n</div>"},"stroke-opacity":1,"stroke":"#ffffff","stroke-width":2}},{"type":"Feature","geometry":{"type":"LineString","coordinates":[[-9.133987,38.780701,0],[-9.13385,38.78096,0]]},"properties":{"name":"P-54","description":{"@type":"html","value":"<div><div><span><b>Altitude:</b></span> <span>0 ft</span></div>\n<div><span><b>Speed:</b></span> <span>16 kt - 15 kt</span></div>\n<div><span><b>Timestamp:</b></span><br/><span>2026-05-21 13:58:26 UTC<br/>2026-05-21 13:58:29 UTC</span></div>\n</div>"},"stroke-opacity":1,"stroke":"#ffffff","stroke-width":2}},{"type":"Feature","geometry":{"type":"LineString","coordinates":[[-9.13385,38.78096,0],[-9.133609,38.781406,0]]},"properties":{"name":"P-55","description":{"@type":"html","value":"<div><div><span><b>Altitude:</b></span> <span>0 ft</span></div>\n<div><span><b>Speed:</b></span> <span>15 kt</span></div>\n<div><span><b>Timestamp:</b></span><br/><span>2026-05-21 13:58:29 UTC<br/>2026-05-21 13:58:37 UTC</span></div>\n</div>"},"stroke-opacity":1,"stroke":"#ffffff","stroke-width":2}},{"type":"Feature","geometry":{"type":"LineString","coordinates":[[-9.133609,38.781406,0],[-9.133331,38.781937,0]]},"properties":{"name":"P-56","description":{"@type":"html","value":"<div><div><span><b>Altitude:</b></span> <span>0 ft</span></div>\n<div><span><b>Speed:</b></span> <span>15 kt - 16 kt</span></div>\n<div><span><b>Timestamp:</b></span><br/><span>2026-05-21 13:58:37 UTC<br/>2026-05-21 13:58:44 UTC</span></div>\n</div>"},"stroke-opacity":1,"stroke":"#ffffff","stroke-width":2}},{"type":"Feature","geometry":{"type":"LineString","coordinates":[[-9.133331,38.781937,0],[-9.133133,38.782307,0]]},"properties":{"name":"P-57","description":{"@type":"html","value":"<div><div><span><b>Altitude:</b></span> <span>0 ft</span></div>\n<div><span><b>Speed:</b></span> <span>16 kt - 11 kt</span></div>\n<div><span><b>Timestamp:</b></span><br/><span>2026-05-21 13:58:44 UTC<br/>2026-05-21 13:58:51 UTC</span></div>\n</div>"},"stroke-opacity":1,"stroke":"#ffffff","stroke-width":2}},{"type":"Feature","geometry":{"type":"LineString","coordinates":[[-9.133133,38.782307,0],[-9.132878,38.78278,0]]},"properties":{"name":"P-58","description":{"@type":"html","value":"<div><div><span><b>Altitude:</b></span> <span>0 ft</span></div>\n<div><span><b>Speed:</b></span> <span>11 kt</span></div>\n<div><span><b>Timestamp:</b></span><br/><span>2026-05-21 13:58:51 UTC<br/>2026-05-21 13:59:01 UTC</span></div>\n</div>"},"stroke-opacity":1,"stroke":"#ffffff","stroke-width":2}},{"type":"Feature","geometry":{"type":"LineString","coordinates":[[-9.132878,38.78278,0],[-9.13269,38.783134,0]]},"properties":{"name":"P-59","description":{"@type":"html","value":"<div><div><span><b>Altitude:</b></span> <span>0 ft</span></div>\n<div><span><b>Speed:</b></span> <span>11 kt - 10 kt</span></div>\n<div><span><b>Timestamp:</b></span><br/><span>2026-05-21 13:59:01 UTC<br/>2026-05-21 13:59:08 UTC</span></div>\n</div>"},"stroke-opacity":1,"stroke":"#ffffff","stroke-width":2}},{"type":"Feature","geometry":{"type":"LineString","coordinates":[[-9.13269,38.783134,0],[-9.132504,38.783489,0]]},"properties":{"name":"P-60","description":{"@type":"html","value":"<div><div><span><b>Altitude:</b></span> <span>0 ft</span></div>\n<div><span><b>Speed:</b></span> <span>10 kt - 11 kt</span></div>\n<div><span><b>Timestamp:</b></span><br/><span>2026-05-21 13:59:08 UTC<br/>2026-05-21 13:59:16 UTC</span></div>\n</div>"},"stroke-opacity":1,"stroke":"#ffffff","stroke-width":2}},{"type":"Feature","geometry":{"type":"LineString","coordinates":[[-9.132504,38.783489,0],[-9.13234,38.783798,0]]},"properties":{"name":"P-61","description":{"@type":"html","value":"<div><div><span><b>Altitude:</b></span> <span>0 ft</span></div>\n<div><span><b>Speed:</b></span> <span>11 kt - 10 kt</span></div>\n<div><span><b>Timestamp:</b></span><br/><span>2026-05-21 13:59:16 UTC<br/>2026-05-21 13:59:22 UTC</span></div>\n</div>"},"stroke-opacity":1,"stroke":"#ffffff","stroke-width":2}},{"type":"Feature","geometry":{"type":"LineString","coordinates":[[-9.13234,38.783798,0],[-9.132248,38.784019,0]]},"properties":{"name":"P-62","description":{"@type":"html","value":"<div><div><span><b>Altitude:</b></span> <span>0 ft</span></div>\n<div><span><b>Speed:</b></span> <span>10 kt - 8 kt</span></div>\n<div><span><b>Timestamp:</b></span><br/><span>2026-05-21 13:59:22 UTC<br/>2026-05-21 13:59:29 UTC</span></div>\n</div>"},"stroke-opacity":1,"stroke":"#ffffff","stroke-width":2}},{"type":"Feature","geometry":{"type":"LineString","coordinates":[[-9.132248,38.784019,0],[-9.132192,38.784233,0]]},"properties":{"name":"P-63","description":{"@type":"html","value":"<div><div><span><b>Altitude:</b></span> <span>0 ft</span></div>\n<div><span><b>Speed:</b></span> <span>8 kt - 5 kt</span></div>\n<div><span><b>Timestamp:</b></span><br/><span>2026-05-21 13:59:29 UTC<br/>2026-05-21 13:59:35 UTC</span></div>\n</div>"},"stroke-opacity":1,"stroke":"#ffffff","stroke-width":2}},{"type":"Feature","geometry":{"type":"LineString","coordinates":[[-9.132192,38.784233,0],[-9.132202,38.784451,0]]},"properties":{"name":"P-64","description":{"@type":"html","value":"<div><div><span><b>Altitude:</b></span> <span>0 ft</span></div>\n<div><span><b>Speed:</b></span> <span>5 kt - 4 kt</span></div>\n<div><span><b>Timestamp:</b></span><br/><span>2026-05-21 13:59:35 UTC<br/>2026-05-21 14:01:41 UTC</span></div>\n</div>"},"stroke-opacity":1,"stroke":"#ffffff","stroke-width":2}},{"type":"Feature","geometry":{"type":"LineString","coordinates":[[-9.132202,38.784451,0],[-9.132251,38.784657,0]]},"properties":{"name":"P-65","description":{"@type":"html","value":"<div><div><span><b>Altitude:</b></span> <span>0 ft</span></div>\n<div><span><b>Speed:</b></span> <span>4 kt - 6 kt</span></div>\n<div><span><b>Timestamp:</b></span><br/><span>2026-05-21 14:01:41 UTC<br/>2026-05-21 14:01:49 UTC</span></div>\n</div>"},"stroke-opacity":1,"stroke":"#ffffff","stroke-width":2}},{"type":"Feature","geometry":{"type":"LineString","coordinates":[[-9.132251,38.784657,0],[-9.132294,38.78487,0]]},"properties":{"name":"P-66","description":{"@type":"html","value":"<div><div><span><b>Altitude:</b></span> <span>0 ft</span></div>\n<div><span><b>Speed:</b></span> <span>6 kt - 7 kt</span></div>\n<div><span><b>Timestamp:</b></span><br/><span>2026-05-21 14:01:49 UTC<br/>2026-05-21 14:01:56 UTC</span></div>\n</div>"},"stroke-opacity":1,"stroke":"#ffffff","stroke-width":2}},{"type":"Feature","geometry":{"type":"LineString","coordinates":[[-9.132294,38.78487,0],[-9.132401,38.78508,0]]},"properties":{"name":"P-67","description":{"@type":"html","value":"<div><div><span><b>Altitude:</b></span> <span>0 ft</span></div>\n<div><span><b>Speed:</b></span> <span>7 kt - 4 kt</span></div>\n<div><span><b>Timestamp:</b></span><br/><span>2026-05-21 14:01:56 UTC<br/>2026-05-21 14:02:05 UTC</span></div>\n</div>"},"stroke-opacity":1,"stroke":"#ffffff","stroke-width":2}},{"type":"Feature","geometry":{"type":"LineString","coordinates":[[-9.132401,38.78508,0],[-9.132614,38.785301,0]]},"properties":{"name":"P-68","description":{"@type":"html","value":"<div><div><span><b>Altitude:</b></span> <span>0 ft</span></div>\n<div><span><b>Speed:</b></span> <span>4 kt - 6 kt</span></div>\n<div><span><b>Timestamp:</b></span><br/><span>2026-05-21 14:02:05 UTC<br/>2026-05-21 14:04:51 UTC</span></div>\n</div>"},"stroke-opacity":1,"stroke":"#ffffff","stroke-width":2}},{"type":"Feature","geometry":{"type":"LineString","coordinates":[[-9.132614,38.785301,0],[-9.132848,38.785412,0]]},"properties":{"name":"P-69","description":{"@type":"html","value":"<div><div><span><b>Altitude:</b></span> <span>0 ft</span></div>\n<div><span><b>Speed:</b></span> <span>6 kt - 8 kt</span></div>\n<div><span><b>Timestamp:</b></span><br/><span>2026-05-21 14:04:51 UTC<br/>2026-05-21 14:04:57 UTC</span></div>\n</div>"},"stroke-opacity":1,"stroke":"#ffffff","stroke-width":2}},{"type":"Feature","geometry":{"type":"LineString","coordinates":[[-9.132848,38.785412,0],[-9.133072,38.785484,0]]},"properties":{"name":"P-70","description":{"@type":"html","value":"<div><div><span><b>Altitude:</b></span> <span>0 ft</span></div>\n<div><span><b>Speed:</b></span> <span>8 kt - 7 kt</span></div>\n<div><span><b>Timestamp:</b></span><br/><span>2026-05-21 14:04:57 UTC<br/>2026-05-21 14:05:03 UTC</span></div>\n</div>"},"stroke-opacity":1,"stroke":"#ffffff","stroke-width":2}},{"type":"Feature","geometry":{"type":"LineString","coordinates":[[-9.133072,38.785484,0],[-9.133296,38.785561,0]]},"properties":{"name":"P-71","description":{"@type":"html","value":"<div><div><span><b>Altitude:</b></span> <span>0 ft</span></div>\n<div><span><b>Speed:</b></span> <span>7 kt</span></div>\n<div><span><b>Timestamp:</b></span><br/><span>2026-05-21 14:05:03 UTC<br/>2026-05-21 14:05:08 UTC</span></div>\n</div>"},"stroke-opacity":1,"stroke":"#ffffff","stroke-width":2}},{"type":"Feature","geometry":{"type":"LineString","coordinates":[[-9.133296,38.785561,0],[-9.13353,38.785603,0]]},"properties":{"name":"P-72","description":{"@type":"html","value":"<div><div><span><b>Altitude:</b></span> <span>0 ft</span></div>\n<div><span><b>Speed:</b></span> <span>7 kt - 6 kt</span></div>\n<div><span><b>Timestamp:</b></span><br/><span>2026-05-21 14:05:08 UTC<br/>2026-05-21 14:05:15 UTC</span></div>\n</div>"},"stroke-opacity":1,"stroke":"#ffffff","stroke-width":2}},{"type":"Feature","geometry":{"type":"LineString","coordinates":[[-9.13353,38.785603,0],[-9.133743,38.785503,0]]},"properties":{"name":"P-73","description":{"@type":"html","value":"<div><div><span><b>Altitude:</b></span> <span>0 ft</span></div>\n<div><span><b>Speed:</b></span> <span>6 kt - 5 kt</span></div>\n<div><span><b>Timestamp:</b></span><br/><span>2026-05-21 14:05:15 UTC<br/>2026-05-21 14:05:22 UTC</span></div>\n</div>"},"stroke-opacity":1,"stroke":"#ffffff","stroke-width":2}},{"type":"Feature","geometry":{"type":"LineString","coordinates":[[-9.133743,38.785503,0],[-9.13385,38.785301,0]]},"properties":{"name":"P-74","description":{"@type":"html","value":"<div><div><span><b>Altitude:</b></span> <span>0 ft</span></div>\n<div><span><b>Speed:</b></span> <span>5 kt</span></div>\n<div><span><b>Timestamp:</b></span><br/><span>2026-05-21 14:05:22 UTC<br/>2026-05-21 14:05:32 UTC</span></div>\n</div>"},"stroke-opacity":1,"stroke":"#ffffff","stroke-width":2}},{"type":"Feature","geometry":{"type":"LineString","coordinates":[[-9.13385,38.785301,0],[-9.133938,38.785091,0]]},"properties":{"name":"P-75","description":{"@type":"html","value":"<div><div><span><b>Altitude:</b></span> <span>0 ft</span></div>\n<div><span><b>Speed:</b></span> <span>5 kt - 7 kt</span></div>\n<div><span><b>Timestamp:</b></span><br/><span>2026-05-21 14:05:32 UTC<br/>2026-05-21 14:05:40 UTC</span></div>\n</div>"},"stroke-opacity":1,"stroke":"#ffffff","stroke-width":2}},{"type":"Feature","geometry":{"type":"LineString","coordinates":[[-9.133938,38.785091,0],[-9.134057,38.784851,0]]},"properties":{"name":"P-76","description":{"@type":"html","value":"<div><div><span><b>Altitude:</b></span> <span>0 ft</span></div>\n<div><span><b>Speed:</b></span> <span>7 kt - 15 kt</span></div>\n<div><span><b>Timestamp:</b></span><br/><span>2026-05-21 14:05:40 UTC<br/>2026-05-21 14:05:45 UTC</span></div>\n</div>"},"stroke-opacity":1,"stroke":"#ffffff","stroke-width":2}},{"type":"Feature","geometry":{"type":"LineString","coordinates":[[-9.134057,38.784851,0],[-9.134232,38.784531,0]]},"properties":{"name":"P-77","description":{"@type":"html","value":"<div><div><span><b>Altitude:</b></span> <span>0 ft</span></div>\n<div><span><b>Speed:</b></span> <span>15 kt - 30 kt</span></div>\n<div><span><b>Timestamp:</b></span><br/><span>2026-05-21 14:05:45 UTC<br/>2026-05-21 14:05:47 UTC</span></div>\n</div>"},"stroke-opacity":1,"stroke":"#ffffff","stroke-width":2}},{"type":"Feature","geometry":{"type":"LineString","coordinates":[[-9.134232,38.784531,0],[-9.134399,38.784218,0]]},"properties":{"name":"P-78","description":{"@type":"html","value":"<div><div><span><b>Altitude:</b></span> <span>0 ft</span></div>\n<div><span><b>Speed:</b></span> <span>30 kt - 40 kt</span></div>\n<div><span><b>Timestamp:</b></span><br/><span>2026-05-21 14:05:47 UTC<br/>2026-05-21 14:05:49 UTC</span></div>\n</div>"},"stroke-opacity":1,"stroke":"#ffffff","stroke-width":2}},{"type":"Feature","geometry":{"type":"LineString","coordinates":[[-9.134399,38.784218,0],[-9.13452,38.784004,0]]},"properties":{"name":"P-79","description":{"@type":"html","value":"<div><div><span><b>Altitude:</b></span> <span>0 ft</span></div>\n<div><span><b>Speed:</b></span> <span>40 kt - 45 kt</span></div>\n<div><span><b>Timestamp:</b></span><br/><span>2026-05-21 14:05:49 UTC<br/>2026-05-21 14:05:50 UTC</span></div>\n</div>"},"stroke-opacity":1,"stroke":"#ffffff","stroke-width":2}},{"type":"Feature","geometry":{"type":"LineString","coordinates":[[-9.13452,38.784004,0],[-9.134684,38.783672,0]]},"properties":{"name":"P-80","description":{"@type":"html","value":"<div><div><span><b>Altitude:</b></span> <span>0 ft</span></div>\n<div><span><b>Speed:</b></span> <span>45 kt - 50 kt</span></div>\n<div><span><b>Timestamp:</b></span><br/><span>2026-05-21 14:05:50 UTC<br/>2026-05-21 14:05:52 UTC</span></div>\n</div>"},"stroke-opacity":1,"stroke":"#ffffff","stroke-width":2}},{"type":"Feature","geometry":{"type":"LineString","coordinates":[[-9.134684,38.783672,0],[-9.134893,38.783306,0]]},"properties":{"name":"P-81","description":{"@type":"html","value":"<div><div><span><b>Altitude:</b></span> <span>0 ft</span></div>\n<div><span><b>Speed:</b></span> <span>50 kt - 60 kt</span></div>\n<div><span><b>Timestamp:</b></span><br/><span>2026-05-21 14:05:52 UTC<br/>2026-05-21 14:05:53 UTC</span></div>\n</div>"},"stroke-opacity":1,"stroke":"#ffffff","stroke-width":2}},{"type":"Feature","geometry":{"type":"LineString","coordinates":[[-9.134893,38.783306,0],[-9.13504,38.78302,0]]},"properties":{"name":"P-82","description":{"@type":"html","value":"<div><div><span><b>Altitude:</b></span> <span>0 ft</span></div>\n<div><span><b>Speed:</b></span> <span>60 kt - 65 kt</span></div>\n<div><span><b>Timestamp:</b></span><br/><span>2026-05-21 14:05:53 UTC<br/>2026-05-21 14:05:54 UTC</span></div>\n</div>"},"stroke-opacity":1,"stroke":"#ffffff","stroke-width":2}},{"type":"Feature","geometry":{"type":"LineString","coordinates":[[-9.13504,38.78302,0],[-9.135193,38.782726,0]]},"properties":{"name":"P-83","description":{"@type":"html","value":"<div><div><span><b>Altitude:</b></span> <span>0 ft</span></div>\n<div><span><b>Speed:</b></span> <span>65 kt - 69 kt</span></div>\n<div><span><b>Timestamp:</b></span><br/><span>2026-05-21 14:05:54 UTC<br/>2026-05-21 14:05:55 UTC</span></div>\n</div>"},"stroke-opacity":1,"stroke":"#ffffff","stroke-width":2}},{"type":"Feature","geometry":{"type":"LineString","coordinates":[[-9.135193,38.782726,0],[-9.135361,38.782436,0]]},"properties":{"name":"P-84","description":{"@type":"html","value":"<div><div><span><b>Altitude:</b></span> <span>0 ft</span></div>\n<div><span><b>Speed:</b></span> <span>69 kt - 74 kt</span></div>\n<div><span><b>Timestamp:</b></span><br/><span>2026-05-21 14:05:55 UTC<br/>2026-05-21 14:05:57 UTC</span></div>\n</div>"},"stroke-opacity":1,"stroke":"#ffffff","stroke-width":2}},{"type":"Feature","geometry":{"type":"LineString","coordinates":[[-9.135361,38.782436,0],[-9.135605,38.78196,0]]},"properties":{"name":"P-85","description":{"@type":"html","value":"<div><div><span><b>Altitude:</b></span> <span>0 ft</span></div>\n<div><span><b>Speed:</b></span> <span>74 kt - 78 kt</span></div>\n<div><span><b>Timestamp:</b></span><br/><span>2026-05-21 14:05:57 UTC<br/>2026-05-21 14:05:58 UTC</span></div>\n</div>"},"stroke-opacity":1,"stroke":"#ffffff","stroke-width":2}},{"type":"Feature","geometry":{"type":"LineString","coordinates":[[-9.135605,38.78196,0],[-9.137341,38.778717,53.34]]},"properties":{"name":"P-86","description":{"@type":"html","value":"<div><div><span><b>Altitude:</b></span> <span>0 ft - 175 ft</span></div>\n<div><span><b>Speed:</b></span> <span>78 kt - 114 kt</span></div>\n<div><span><b>Timestamp:</b></span><br/><span>2026-05-21 14:05:58 UTC<br/>2026-05-21 14:06:05 UTC</span></div>\n</div>"},"stroke-opacity":1,"stroke":"#ffffff","stroke-width":2}},{"type":"Feature","geometry":{"type":"LineString","coordinates":[[-9.137341,38.778717,53.34],[-9.139252,38.775146,53.34]]},"properties":{"name":"P-87","description":{"@type":"html","value":"<div><div><span><b>Altitude:</b></span> <span>175 ft</span></div>\n<div><span><b>Speed:</b></span> <span>114 kt - 138 kt</span></div>\n<div><span><b>Timestamp:</b></span><br/><span>2026-05-21 14:06:05 UTC<br/>2026-05-21 14:06:12 UTC</span></div>\n</div>"},"stroke-opacity":1,"stroke":"#ffffff","stroke-width":2}},{"type":"Feature","geometry":{"type":"LineString","coordinates":[[-9.139252,38.775146,53.34],[-9.141879,38.770111,76.2]]},"properties":{"name":"P-88","description":{"@type":"html","value":"<div><div><span><b>Altitude:</b></span> <span>175 ft - 250 ft</span></div>\n<div><span><b>Speed:</b></span> <span>138 kt - 156 kt</span></div>\n<div><span><b>Timestamp:</b></span><br/><span>2026-05-21 14:06:12 UTC<br/>2026-05-21 14:06:19 UTC</span></div>\n</div>"},"stroke-opacity":1,"stroke":"#ffffff","stroke-width":2}},{"type":"Feature","geometry":{"type":"LineString","coordinates":[[-9.141879,38.770111,76.2],[-9.144566,38.764481,152.4]]},"properties":{"name":"P-89","description":{"@type":"html","value":"<div><div><span><b>Altitude:</b></span> <span>250 ft - 500 ft</span></div>\n<div><span><b>Speed:</b></span> <span>156 kt - 158 kt</span></div>\n<div><span><b>Timestamp:</b></span><br/><span>2026-05-21 14:06:19 UTC<br/>2026-05-21 14:06:27 UTC</span></div>\n</div>"},"stroke-opacity":1,"stroke":"#ffffff","stroke-width":2}},{"type":"Feature","geometry":{"type":"LineString","coordinates":[[-9.144566,38.764481,152.4],[-9.147278,38.758648,251.46]]},"properties":{"name":"P-90","description":{"@type":"html","value":"<div><div><span><b>Altitude:</b></span> <span>500 ft - 825 ft</span></div>\n<div><span><b>Speed:</b></span> <span>158 kt - 162 kt</span></div>\n<div><span><b>Timestamp:</b></span><br/><span>2026-05-21 14:06:27 UTC<br/>2026-05-21 14:06:36 UTC</span></div>\n</div>"},"stroke-opacity":1,"stroke":"#62e0ff","stroke-width":2}},{"type":"Feature","geometry":{"type":"LineString","coordinates":[[-9.147278,38.758648,251.46],[-9.150119,38.752579,365.76]]},"properties":{"name":"P-91","description":{"@type":"html","value":"<div><div><span><b>Altitude:</b></span> <span>825 ft - 1,200 ft</span></div>\n<div><span><b>Speed:</b></span> <span>162 kt - 165 kt</span></div>\n<div><span><b>Timestamp:</b></span><br/><span>2026-05-21 14:06:36 UTC<br/>2026-05-21 14:06:44 UTC</span></div>\n</div>"},"stroke-opacity":1,"stroke":"#00eaff","stroke-width":2}},{"type":"Feature","geometry":{"type":"LineString","coordinates":[[-9.150119,38.752579,365.76],[-9.153076,38.746357,449.58]]},"properties":{"name":"P-92","description":{"@type":"html","value":"<div><div><span><b>Altitude:</b></span> <span>1,200 ft - 1,475 ft</span></div>\n<div><span><b>Speed:</b></span> <span>165 kt - 170 kt</span></div>\n<div><span><b>Timestamp:</b></span><br/><span>2026-05-21 14:06:44 UTC<br/>2026-05-21 14:06:53 UTC</span></div>\n</div>"},"stroke-opacity":1,"stroke":"#00fff0","stroke-width":2}},{"type":"Feature","geometry":{"type":"LineString","coordinates":[[-9.153076,38.746357,449.58],[-9.15585,38.740723,518.16]]},"properties":{"name":"P-93","description":{"@type":"html","value":"<div><div><span><b>Altitude:</b></span> <span>1,475 ft - 1,700 ft</span></div>\n<div><span><b>Speed:</b></span> <span>170 kt - 176 kt</span></div>\n<div><span><b>Timestamp:</b></span><br/><span>2026-05-21 14:06:53 UTC<br/>2026-05-21 14:07:00 UTC</span></div>\n</div>"},"stroke-opacity":1,"stroke":"#00ffcc","stroke-width":2}},{"type":"Feature","geometry":{"type":"LineString","coordinates":[[-9.15585,38.740723,518.16],[-9.159241,38.734207,594.36]]},"properties":{"name":"P-94","description":{"@type":"html","value":"<div><div><span><b>Altitude:</b></span> <span>1,700 ft - 1,950 ft</span></div>\n<div><span><b>Speed:</b></span> <span>176 kt - 183 kt</span></div>\n<div><span><b>Timestamp:</b></span><br/><span>2026-05-21 14:07:00 UTC<br/>2026-05-21 14:07:09 UTC</span></div>\n</div>"},"stroke-opacity":1,"stroke":"#00ffcc","stroke-width":2}},{"type":"Feature","geometry":{"type":"LineString","coordinates":[[-9.159241,38.734207,594.36],[-9.162956,38.727127,655.32]]},"properties":{"name":"P-95","description":{"@type":"html","value":"<div><div><span><b>Altitude:</b></span> <span>1,950 ft - 2,150 ft</span></div>\n<div><span><b>Speed:</b></span> <span>183 kt - 194 kt</span></div>\n<div><span><b>Timestamp:</b></span><br/><span>2026-05-21 14:07:09 UTC<br/>2026-05-21 14:07:17 UTC</span></div>\n</div>"},"stroke-opacity":1,"stroke":"#00ffcc","stroke-width":2}},{"type":"Feature","geometry":{"type":"LineString","coordinates":[[-9.162956,38.727127,655.32],[-9.165822,38.721497,708.66]]},"properties":{"name":"P-96","description":{"@type":"html","value":"<div><div><span><b>Altitude:</b></span> <span>2,150 ft - 2,325 ft</span></div>\n<div><span><b>Speed:</b></span> <span>194 kt - 201 kt</span></div>\n<div><span><b>Timestamp:</b></span><br/><span>2026-05-21 14:07:17 UTC<br/>2026-05-21 14:07:24 UTC</span></div>\n</div>"},"stroke-opacity":1,"stroke":"#00ff42","stroke-width":2}},{"type":"Feature","geometry":{"type":"LineString","coordinates":[[-9.165822,38.721497,708.66],[-9.168823,38.715775,754.38]]},"properties":{"name":"P-97","description":{"@type":"html","value":"<div><div><span><b>Altitude:</b></span> <span>2,325 ft - 2,475 ft</span></div>\n<div><span><b>Speed:</b></span> <span>201 kt - 209 kt</span></div>\n<div><span><b>Timestamp:</b></span><br/><span>2026-05-21 14:07:24 UTC<br/>2026-05-21 14:07:31 UTC</span></div>\n</div>"},"stroke-opacity":1,"stroke":"#00ff42","stroke-width":2}},{"type":"Feature","geometry":{"type":"LineString","coordinates":[[-9.168823,38.715775,754.38],[-9.173047,38.707809,853.44]]},"properties":{"name":"P-98","description":{"@type":"html","value":"<div><div><span><b>Altitude:</b></span> <span>2,475 ft - 2,800 ft</span></div>\n<div><span><b>Speed:</b></span> <span>209 kt - 215 kt</span></div>\n<div><span><b>Timestamp:</b></span><br/><span>2026-05-21 14:07:31 UTC<br/>2026-05-21 14:07:39 UTC</span></div>\n</div>"},"stroke-opacity":1,"stroke":"#00ff42","stroke-width":2}},{"type":"Feature","geometry":{"type":"LineString","coordinates":[[-9.173047,38.707809,853.44],[-9.177405,38.699936,990.6]]},"properties":{"name":"P-99","description":{"@type":"html","value":"<div><div><span><b>Altitude:</b></span> <span>2,800 ft - 3,250 ft</span></div>\n<div><span><b>Speed:</b></span> <span>215 kt - 214 kt</span></div>\n<div><span><b>Timestamp:</b></span><br/><span>2026-05-21 14:07:39 UTC<br/>2026-05-21 14:07:48 UTC</span></div>\n</div>"},"stroke-opacity":1,"stroke":"#00ff1e","stroke-width":2}},{"type":"Feature","geometry":{"type":"LineString","coordinates":[[-9.177405,38.699936,990.6],[-9.179256,38.696091,1066.8]]},"properties":{"name":"P-100","description":{"@type":"html","value":"<div><div><span><b>Altitude:</b></span> <span>3,250 ft - 3,500 ft</span></div>\n<div><span><b>Speed:</b></span> <span>214 kt - 211 kt</span></div>\n<div><span><b>Timestamp:</b></span><br/><span>2026-05-21 14:07:48 UTC<br/>2026-05-21 14:07:52 UTC</span></div>\n</div>"},"stroke-opacity":1,"stroke":"#00ff1e","stroke-width":2}},{"type":"Feature","geometry":{"type":"LineString","coordinates":[[-9.179256,38.696091,1066.8],[-9.179853,38.694214,1104.9]]},"properties":{"name":"P-101","description":{"@type":"html","value":"<div><div><span><b>Altitude:</b></span> <span>3,500 ft - 3,625 ft</span></div>\n<div><span><b>Speed:</b></span> <span>211 kt - 210 kt</span></div>\n<div><span><b>Timestamp:</b></span><br/><span>2026-05-21 14:07:52 UTC<br/>2026-05-21 14:07:54 UTC</span></div>\n</div>"},"stroke-opacity":1,"stroke":"#0cff00","stroke-width":2}},{"type":"Feature","geometry":{"type":"LineString","coordinates":[[-9.179853,38.694214,1104.9],[-9.180331,38.6922,1143]]},"properties":{"name":"P-102","description":{"@type":"html","value":"<div><div><span><b>Altitude:</b></span> <span>3,625 ft - 3,750 ft</span></div>\n<div><span><b>Speed:</b></span> <span>210 kt - 208 kt</span></div>\n<div><span><b>Timestamp:</b></span><br/><span>2026-05-21 14:07:54 UTC<br/>2026-05-21 14:07:56 UTC</span></div>\n</div>"},"stroke-opacity":1,"stroke":"#0cff00","stroke-width":2}},{"type":"Feature","geometry":{"type":"LineString","coordinates":[[-9.180331,38.6922,1143],[-9.180603,38.689796,1188.72]]},"properties":{"name":"P-103","description":{"@type":"html","value":"<div><div><span><b>Altitude:</b></span> <span>3,750 ft - 3,900 ft</span></div>\n<div><span><b>Speed:</b></span> <span>208 kt</span></div>\n<div><span><b>Timestamp:</b></span><br/><span>2026-05-21 14:07:56 UTC<br/>2026-05-21 14:07:59 UTC</span></div>\n</div>"},"stroke-opacity":1,"stroke":"#0cff00","stroke-width":2}},{"type":"Feature","geometry":{"type":"LineString","coordinates":[[-9.180603,38.689796,1188.72],[-9.18057,38.687668,1219.2]]},"properties":{"name":"P-104","description":{"@type":"html","value":"<div><div><span><b>Altitude:</b></span> <span>3,900 ft - 4,000 ft</span></div>\n<div><span><b>Speed:</b></span> <span>208 kt - 210 kt</span></div>\n<div><span><b>Timestamp:</b></span><br/><span>2026-05-21 14:07:59 UTC<br/>2026-05-21 14:08:01 UTC</span></div>\n</div>"},"stroke-opacity":1,"stroke":"#0cff00","stroke-width":2}},{"type":"Feature","geometry":{"type":"LineString","coordinates":[[-9.18057,38.687668,1219.2],[-9.180271,38.685242,1257.3]]},"properties":{"name":"P-105","description":{"@type":"html","value":"<div><div><span><b>Altitude:</b></span> <span>4,000 ft - 4,125 ft</span></div>\n<div><span><b>Speed:</b></span> <span>210 kt</span></div>\n<div><span><b>Timestamp:</b></span><br/><span>2026-05-21 14:08:01 UTC<br/>2026-05-21 14:08:03 UTC</span></div>\n</div>"},"stroke-opacity":1,"stroke":"#36ff00","stroke-width":2}},{"type":"Feature","geometry":{"type":"LineString","coordinates":[[-9.180271,38.685242,1257.3],[-9.179749,38.683418,1280.16]]},"properties":{"name":"P-106","description":{"@type":"html","value":"<div><div><span><b>Altitude:</b></span> <span>4,125 ft - 4,200 ft</span></div>\n<div><span><b>Speed:</b></span> <span>210 kt - 212 kt</span></div>\n<div><span><b>Timestamp:</b></span><br/><span>2026-05-21 14:08:03 UTC<br/>2026-05-21 14:08:05 UTC</span></div>\n</div>"},"stroke-opacity":1,"stroke":"#36ff00","stroke-width":2}},{"type":"Feature","geometry":{"type":"LineString","coordinates":[[-9.179749,38.683418,1280.16],[-9.179077,38.681488,1295.4]]},"properties":{"name":"P-107","description":{"@type":"html","value":"<div><div><span><b>Altitude:</b></span> <span>4,200 ft - 4,250 ft</span></div>\n<div><span><b>Speed:</b></span> <span>212 kt - 214 kt</span></div>\n<div><span><b>Timestamp:</b></span><br/><span>2026-05-21 14:08:05 UTC<br/>2026-05-21 14:08:07 UTC</span></div>\n</div>"},"stroke-opacity":1,"stroke":"#36ff00","stroke-width":2}},{"type":"Feature","geometry":{"type":"LineString","coordinates":[[-9.179077,38.681488,1295.4],[-9.178002,38.679245,1318.26]]},"properties":{"name":"P-108","description":{"@type":"html","value":"<div><div><span><b>Altitude:</b></span> <span>4,250 ft - 4,325 ft</span></div>\n<div><span><b>Speed:</b></span> <span>214 kt - 217 kt</span></div>\n<div><span><b>Timestamp:</b></span><br/><span>2026-05-21 14:08:07 UTC<br/>2026-05-21 14:08:09 UTC</span></div>\n</div>"},"stroke-opacity":1,"stroke":"#36ff00","stroke-width":2}},{"type":"Feature","geometry":{"type":"LineString","coordinates":[[-9.178002,38.679245,1318.26],[-9.176808,38.677322,1341.12]]},"properties":{"name":"P-109","description":{"@type":"html","value":"<div><div><span><b>Altitude:</b></span> <span>4,325 ft - 4,400 ft</span></div>\n<div><span><b>Speed:</b></span> <span>217 kt - 220 kt</span></div>\n<div><span><b>Timestamp:</b></span><br/><span>2026-05-21 14:08:09 UTC<br/>2026-05-21 14:08:11 UTC</span></div>\n</div>"},"stroke-opacity":1,"stroke":"#36ff00","stroke-width":2}},{"type":"Feature","geometry":{"type":"LineString","coordinates":[[-9.176808,38.677322,1341.12],[-9.175673,38.675949,1356.36]]},"properties":{"name":"P-110","description":{"@type":"html","value":"<div><div><span><b>Altitude:</b></span> <span>4,400 ft - 4,450 ft</span></div>\n<div><span><b>Speed:</b></span> <span>220 kt - 222 kt</span></div>\n<div><span><b>Timestamp:</b></span><br/><span>2026-05-21 14:08:11 UTC<br/>2026-05-21 14:08:13 UTC</span></div>\n</div>"},"stroke-opacity":1,"stroke":"#36ff00","stroke-width":2}},{"type":"Feature","geometry":{"type":"LineString","coordinates":[[-9.175673,38.675949,1356.36],[-9.173763,38.673798,1371.6]]},"properties":{"name":"P-111","description":{"@type":"html","value":"<div><div><span><b>Altitude:</b></span> <span>4,450 ft - 4,500 ft</span></div>\n<div><span><b>Speed:</b></span> <span>222 kt - 225 kt</span></div>\n<div><span><b>Timestamp:</b></span><br/><span>2026-05-21 14:08:13 UTC<br/>2026-05-21 14:08:16 UTC</span></div>\n</div>"},"stroke-opacity":1,"stroke":"#36ff00","stroke-width":2}},{"type":"Feature","geometry":{"type":"LineString","coordinates":[[-9.173763,38.673798,1371.6],[-9.172363,38.672527,1386.84]]},"properties":{"name":"P-112","description":{"@type":"html","value":"<div><div><span><b>Altitude:</b></span> <span>4,500 ft - 4,550 ft</span></div>\n<div><span><b>Speed:</b></span> <span>225 kt - 228 kt</span></div>\n<div><span><b>Timestamp:</b></span><br/><span>2026-05-21 14:08:16 UTC<br/>2026-05-21 14:08:18 UTC</span></div>\n</div>"},"stroke-opacity":1,"stroke":"#36ff00","stroke-width":2}},{"type":"Feature","geometry":{"type":"LineString","coordinates":[[-9.172363,38.672527,1386.84],[-9.170044,38.670712,1409.7]]},"properties":{"name":"P-113","description":{"@type":"html","value":"<div><div><span><b>Altitude:</b></span> <span>4,550 ft - 4,625 ft</span></div>\n<div><span><b>Speed:</b></span> <span>228 kt - 231 kt</span></div>\n<div><span><b>Timestamp:</b></span><br/><span>2026-05-21 14:08:18 UTC<br/>2026-05-21 14:08:20 UTC</span></div>\n</div>"},"stroke-opacity":1,"stroke":"#36ff00","stroke-width":2}},{"type":"Feature","geometry":{"type":"LineString","coordinates":[[-9.170044,38.670712,1409.7],[-9.167434,38.669083,1424.94]]},"properties":{"name":"P-114","description":{"@type":"html","value":"<div><div><span><b>Altitude:</b></span> <span>4,625 ft - 4,675 ft</span></div>\n<div><span><b>Speed:</b></span> <span>231 kt - 236 kt</span></div>\n<div><span><b>Timestamp:</b></span><br/><span>2026-05-21 14:08:20 UTC<br/>2026-05-21 14:08:22 UTC</span></div>\n</div>"},"stroke-opacity":1,"stroke":"#36ff00","stroke-width":2}},{"type":"Feature","geometry":{"type":"LineString","coordinates":[[-9.167434,38.669083,1424.94],[-9.164978,38.667778,1447.8]]},"properties":{"name":"P-115","description":{"@type":"html","value":"<div><div><span><b>Altitude:</b></span> <span>4,675 ft - 4,750 ft</span></div>\n<div><span><b>Speed:</b></span> <span>236 kt - 238 kt</span></div>\n<div><span><b>Timestamp:</b></span><br/><span>2026-05-21 14:08:22 UTC<br/>2026-05-21 14:08:24 UTC</span></div>\n</div>"},"stroke-opacity":1,"stroke":"#36ff00","stroke-width":2}},{"type":"Feature","geometry":{"type":"LineString","coordinates":[[-9.164978,38.667778,1447.8],[-9.162777,38.666748,1463.04]]},"properties":{"name":"P-116","description":{"@type":"html","value":"<div><div><span><b>Altitude:</b></span> <span>4,750 ft - 4,800 ft</span></div>\n<div><span><b>Speed:</b></span> <span>238 kt - 242 kt</span></div>\n<div><span><b>Timestamp:</b></span><br/><span>2026-05-21 14:08:24 UTC<br/>2026-05-21 14:08:26 UTC</span></div>\n</div>"},"stroke-opacity":1,"stroke":"#36ff00","stroke-width":2}},{"type":"Feature","geometry":{"type":"LineString","coordinates":[[-9.162777,38.666748,1463.04],[-9.159607,38.665359,1485.9]]},"properties":{"name":"P-117","description":{"@type":"html","value":"<div><div><span><b>Altitude:</b></span> <span>4,800 ft - 4,875 ft</span></div>\n<div><span><b>Speed:</b></span> <span>242 kt - 245 kt</span></div>\n<div><span><b>Timestamp:</b></span><br/><span>2026-05-21 14:08:26 UTC<br/>2026-05-21 14:08:28 UTC</span></div>\n</div>"},"stroke-opacity":1,"stroke":"#36ff00","stroke-width":2}},{"type":"Feature","geometry":{"type":"LineString","coordinates":[[-9.159607,38.665359,1485.9],[-9.157104,38.664379,1501.14]]},"properties":{"name":"P-118","description":{"@type":"html","value":"<div><div><span><b>Altitude:</b></span> <span>4,875 ft - 4,925 ft</span></div>\n<div><span><b>Speed:</b></span> <span>245 kt - 247 kt</span></div>\n<div><span><b>Timestamp:</b></span><br/><span>2026-05-21 14:08:28 UTC<br/>2026-05-21 14:08:30 UTC</span></div>\n</div>"},"stroke-opacity":1,"stroke":"#36ff00","stroke-width":2}},{"type":"Feature","geometry":{"type":"LineString","coordinates":[[-9.157104,38.664379,1501.14],[-9.153809,38.663124,1531.62]]},"properties":{"name":"P-119","description":{"@type":"html","value":"<div><div><span><b>Altitude:</b></span> <span>4,925 ft - 5,025 ft</span></div>\n<div><span><b>Speed:</b></span> <span>247 kt - 250 kt</span></div>\n<div><span><b>Timestamp:</b></span><br/><span>2026-05-21 14:08:30 UTC<br/>2026-05-21 14:08:33 UTC</span></div>\n</div>"},"stroke-opacity":1,"stroke":"#72ff00","stroke-width":2}},{"type":"Feature","geometry":{"type":"LineString","coordinates":[[-9.153809,38.663124,1531.62],[-9.151062,38.662144,1554.48]]},"properties":{"name":"P-120","description":{"@type":"html","value":"<div><div><span><b>Altitude:</b></span> <span>5,025 ft - 5,100 ft</span></div>\n<div><span><b>Speed:</b></span> <span>250 kt - 252 kt</span></div>\n<div><span><b>Timestamp:</b></span><br/><span>2026-05-21 14:08:33 UTC<br/>2026-05-21 14:08:35 UTC</span></div>\n</div>"},"stroke-opacity":1,"stroke":"#72ff00","stroke-width":2}},{"type":"Feature","geometry":{"type":"LineString","coordinates":[[-9.151062,38.662144,1554.48],[-9.148804,38.661308,1569.72]]},"properties":{"name":"P-121","description":{"@type":"html","value":"<div><div><span><b>Altitude:</b></span> <span>5,100 ft - 5,150 ft</span></div>\n<div><span><b>Speed:</b></span> <span>252 kt - 253 kt</span></div>\n<div><span><b>Timestamp:</b></span><br/><span>2026-05-21 14:08:35 UTC<br/>2026-05-21 14:08:37 UTC</span></div>\n</div>"},"stroke-opacity":1,"stroke":"#72ff00","stroke-width":2}},{"type":"Feature","geometry":{"type":"LineString","coordinates":[[-9.148804,38.661308,1569.72],[-9.145342,38.660065,1600.2]]},"properties":{"name":"P-122","description":{"@type":"html","value":"<div><div><span><b>Altitude:</b></span> <span>5,150 ft - 5,250 ft</span></div>\n<div><span><b>Speed:</b></span> <span>253 kt - 255 kt</span></div>\n<div><span><b>Timestamp:</b></span><br/><span>2026-05-21 14:08:37 UTC<br/>2026-05-21 14:08:39 UTC</span></div>\n</div>"},"stroke-opacity":1,"stroke":"#72ff00","stroke-width":2}},{"type":"Feature","geometry":{"type":"LineString","coordinates":[[-9.145342,38.660065,1600.2],[-9.142334,38.658981,1630.68]]},"properties":{"name":"P-123","description":{"@type":"html","value":"<div><div><span><b>Altitude:</b></span> <span>5,250 ft - 5,350 ft</span></div>\n<div><span><b>Speed:</b></span> <span>255 kt</span></div>\n<div><span><b>Timestamp:</b></span><br/><span>2026-05-21 14:08:39 UTC<br/>2026-05-21 14:08:41 UTC</span></div>\n</div>"},"stroke-opacity":1,"stroke":"#72ff00","stroke-width":2}},{"type":"Feature","geometry":{"type":"LineString","coordinates":[[-9.142334,38.658981,1630.68],[-9.139832,38.658096,1653.54]]},"properties":{"name":"P-124","description":{"@type":"html","value":"<div><div><span><b>Altitude:</b></span> <span>5,350 ft - 5,425 ft</span></div>\n<div><span><b>Speed:</b></span> <span>255 kt - 258 kt</span></div>\n<div><span><b>Timestamp:</b></span><br/><span>2026-05-21 14:08:41 UTC<br/>2026-05-21 14:08:43 UTC</span></div>\n</div>"},"stroke-opacity":1,"stroke":"#72ff00","stroke-width":2}},{"type":"Feature","geometry":{"type":"LineString","coordinates":[[-9.139832,38.658096,1653.54],[-9.136445,38.656952,1684.02]]},"properties":{"name":"P-125","description":{"@type":"html","value":"<div><div><span><b>Altitude:</b></span> <span>5,425 ft - 5,525 ft</span></div>\n<div><span><b>Speed:</b></span> <span>258 kt - 260 kt</span></div>\n<div><span><b>Timestamp:</b></span><br/><span>2026-05-21 14:08:43 UTC<br/>2026-05-21 14:08:45 UTC</span></div>\n</div>"},"stroke-opacity":1,"stroke":"#72ff00","stroke-width":2}},{"type":"Feature","geometry":{"type":"LineString","coordinates":[[-9.136445,38.656952,1684.02],[-9.133789,38.656002,1706.88]]},"properties":{"name":"P-126","description":{"@type":"html","value":"<div><div><span><b>Altitude:</b></span> <span>5,525 ft - 5,600 ft</span></div>\n<div><span><b>Speed:</b></span> <span>260 kt - 259 kt</span></div>\n<div><span><b>Timestamp:</b></span><br/><span>2026-05-21 14:08:45 UTC<br/>2026-05-21 14:08:48 UTC</span></div>\n</div>"},"stroke-opacity":1,"stroke":"#72ff00","stroke-width":2}},{"type":"Feature","geometry":{"type":"LineString","coordinates":[[-9.133789,38.656002,1706.88],[-9.130249,38.654743,1744.98]]},"properties":{"name":"P-127","description":{"@type":"html","value":"<div><div><span><b>Altitude:</b></span> <span>5,600 ft - 5,725 ft</span></div>\n<div><span><b>Speed:</b></span> <span>259 kt - 260 kt</span></div>\n<div><span><b>Timestamp:</b></span><br/><span>2026-05-21 14:08:48 UTC<br/>2026-05-21 14:08:50 UTC</span></div>\n</div>"},"stroke-opacity":1,"stroke":"#72ff00","stroke-width":2}},{"type":"Feature","geometry":{"type":"LineString","coordinates":[[-9.130249,38.654743,1744.98],[-9.12731,38.653748,1775.46]]},"properties":{"name":"P-128","description":{"@type":"html","value":"<div><div><span><b>Altitude:</b></span> <span>5,725 ft - 5,825 ft</span></div>\n<div><span><b>Speed:</b></span> <span>260 kt - 262 kt</span></div>\n<div><span><b>Timestamp:</b></span><br/><span>2026-05-21 14:08:50 UTC<br/>2026-05-21 14:08:52 UTC</span></div>\n</div>"},"stroke-opacity":1,"stroke":"#72ff00","stroke-width":2}},{"type":"Feature","geometry":{"type":"LineString","coordinates":[[-9.12731,38.653748,1775.46],[-9.124512,38.65274,1805.94]]},"properties":{"name":"P-129","description":{"@type":"html","value":"<div><div><span><b>Altitude:</b></span> <span>5,825 ft - 5,925 ft</span></div>\n<div><span><b>Speed:</b></span> <span>262 kt</span></div>\n<div><span><b>Timestamp:</b></span><br/><span>2026-05-21 14:08:52 UTC<br/>2026-05-21 14:08:54 UTC</span></div>\n</div>"},"stroke-opacity":1,"stroke":"#72ff00","stroke-width":2}},{"type":"Feature","geometry":{"type":"LineString","coordinates":[[-9.124512,38.65274,1805.94],[-9.109219,38.648392,1958.34]]},"properties":{"name":"P-130","description":{"@type":"html","value":"<div><div><span><b>Altitude:</b></span> <span>5,925 ft - 6,425 ft</span></div>\n<div><span><b>Speed:</b></span> <span>262 kt - 268 kt</span></div>\n<div><span><b>Timestamp:</b></span><br/><span>2026-05-21 14:08:54 UTC<br/>2026-05-21 14:09:05 UTC</span></div>\n</div>"},"stroke-opacity":1,"stroke":"#72ff00","stroke-width":2}},{"type":"Feature","geometry":{"type":"LineString","coordinates":[[-9.109219,38.648392,1958.34],[-9.105103,38.647808,1996.44]]},"properties":{"name":"P-131","description":{"@type":"html","value":"<div><div><span><b>Altitude:</b></span> <span>6,425 ft - 6,550 ft</span></div>\n<div><span><b>Speed:</b></span> <span>268 kt - 270 kt</span></div>\n<div><span><b>Timestamp:</b></span><br/><span>2026-05-21 14:09:05 UTC<br/>2026-05-21 14:09:07 UTC</span></div>\n</div>"},"stroke-opacity":1,"stroke":"#72ff00","stroke-width":2}},{"type":"Feature","geometry":{"type":"LineString","coordinates":[[-9.105103,38.647808,1996.44],[-9.102234,38.64753,2026.92]]},"properties":{"name":"P-132","description":{"@type":"html","value":"<div><div><span><b>Altitude:</b></span> <span>6,550 ft - 6,650 ft</span></div>\n<div><span><b>Speed:</b></span> <span>270 kt - 271 kt</span></div>\n<div><span><b>Timestamp:</b></span><br/><span>2026-05-21 14:09:07 UTC<br/>2026-05-21 14:09:09 UTC</span></div>\n</div>"},"stroke-opacity":1,"stroke":"#72ff00","stroke-width":2}},{"type":"Feature","geometry":{"type":"LineString","coordinates":[[-9.102234,38.64753,2026.92],[-9.097839,38.647434,2065.02]]},"properties":{"name":"P-133","description":{"@type":"html","value":"<div><div><span><b>Altitude:</b></span> <span>6,650 ft - 6,775 ft</span></div>\n<div><span><b>Speed:</b></span> <span>271 kt - 274 kt</span></div>\n<div><span><b>Timestamp:</b></span><br/><span>2026-05-21 14:09:09 UTC<br/>2026-05-21 14:09:11 UTC</span></div>\n</div>"},"stroke-opacity":1,"stroke":"#9cff00","stroke-width":2}},{"type":"Feature","geometry":{"type":"LineString","coordinates":[[-9.097839,38.647434,2065.02],[-9.094769,38.647568,2095.5]]},"properties":{"name":"P-134","description":{"@type":"html","value":"<div><div><span><b>Altitude:</b></span> <span>6,775 ft - 6,875 ft</span></div>\n<div><span><b>Speed:</b></span> <span>274 kt - 275 kt</span></div>\n<div><span><b>Timestamp:</b></span><br/><span>2026-05-21 14:09:11 UTC<br/>2026-05-21 14:09:13 UTC</span></div>\n</div>"},"stroke-opacity":1,"stroke":"#9cff00","stroke-width":2}},{"type":"Feature","geometry":{"type":"LineString","coordinates":[[-9.094769,38.647568,2095.5],[-9.091664,38.647797,2125.98]]},"properties":{"name":"P-135","description":{"@type":"html","value":"<div><div><span><b>Altitude:</b></span> <span>6,875 ft - 6,975 ft</span></div>\n<div><span><b>Speed:</b></span> <span>275 kt - 276 kt</span></div>\n<div><span><b>Timestamp:</b></span><br/><span>2026-05-21 14:09:13 UTC<br/>2026-05-21 14:09:16 UTC</span></div>\n</div>"},"stroke-opacity":1,"stroke":"#9cff00","stroke-width":2}},{"type":"Feature","geometry":{"type":"LineString","coordinates":[[-9.091664,38.647797,2125.98],[-9.087783,38.648209,2164.08]]},"properties":{"name":"P-136","description":{"@type":"html","value":"<div><div><span><b>Altitude:</b></span> <span>6,975 ft - 7,100 ft</span></div>\n<div><span><b>Speed:</b></span> <span>276 kt - 277 kt</span></div>\n<div><span><b>Timestamp:</b></span><br/><span>2026-05-21 14:09:16 UTC<br/>2026-05-21 14:09:18 UTC</span></div>\n</div>"},"stroke-opacity":1,"stroke":"#9cff00","stroke-width":2}},{"type":"Feature","geometry":{"type":"LineString","coordinates":[[-9.087783,38.648209,2164.08],[-9.083557,38.648739,2209.8]]},"properties":{"name":"P-137","description":{"@type":"html","value":"<div><div><span><b>Altitude:</b></span> <span>7,100 ft - 7,250 ft</span></div>\n<div><span><b>Speed:</b></span> <span>277 kt - 278 kt</span></div>\n<div><span><b>Timestamp:</b></span><br/><span>2026-05-21 14:09:18 UTC<br/>2026-05-21 14:09:20 UTC</span></div>\n</div>"},"stroke-opacity":1,"stroke":"#9cff00","stroke-width":2}},{"type":"Feature","geometry":{"type":"LineString","coordinates":[[-9.083557,38.648739,2209.8],[-9.080319,38.64917,2240.28]]},"properties":{"name":"P-138","description":{"@type":"html","value":"<div><div><span><b>Altitude:</b></span> <span>7,250 ft - 7,350 ft</span></div>\n<div><span><b>Speed:</b></span> <span>278 kt</span></div>\n<div><span><b>Timestamp:</b></span><br/><span>2026-05-21 14:09:20 UTC<br/>2026-05-21 14:09:22 UTC</span></div>\n</div>"},"stroke-opacity":1,"stroke":"#9cff00","stroke-width":2}},{"type":"Feature","geometry":{"type":"LineString","coordinates":[[-9.080319,38.64917,2240.28],[-9.077271,38.649624,2278.38]]},"properties":{"name":"P-139","description":{"@type":"html","value":"<div><div><span><b>Altitude:</b></span> <span>7,350 ft - 7,475 ft</span></div>\n<div><span><b>Speed:</b></span> <span>278 kt</span></div>\n<div><span><b>Timestamp:</b></span><br/><span>2026-05-21 14:09:22 UTC<br/>2026-05-21 14:09:24 UTC</span></div>\n</div>"},"stroke-opacity":1,"stroke":"#9cff00","stroke-width":2}},{"type":"Feature","geometry":{"type":"LineString","coordinates":[[-9.077271,38.649624,2278.38],[-9.073692,38.650177,2316.48]]},"properties":{"name":"P-140","description":{"@type":"html","value":"<div><div><span><b>Altitude:</b></span> <span>7,475 ft - 7,600 ft</span></div>\n<div><span><b>Speed:</b></span> <span>278 kt</span></div>\n<div><span><b>Timestamp:</b></span><br/><span>2026-05-21 14:09:24 UTC<br/>2026-05-21 14:09:27 UTC</span></div>\n</div>"},"stroke-opacity":1,"stroke":"#9cff00","stroke-width":2}},{"type":"Feature","geometry":{"type":"LineString","coordinates":[[-9.073692,38.650177,2316.48],[-9.069333,38.650818,2354.58]]},"properties":{"name":"P-141","description":{"@type":"html","value":"<div><div><span><b>Altitude:</b></span> <span>7,600 ft - 7,725 ft</span></div>\n<div><span><b>Speed:</b></span> <span>278 kt - 279 kt</span></div>\n<div><span><b>Timestamp:</b></span><br/><span>2026-05-21 14:09:27 UTC<br/>2026-05-21 14:09:29 UTC</span></div>\n</div>"},"stroke-opacity":1,"stroke":"#9cff00","stroke-width":2}},{"type":"Feature","geometry":{"type":"LineString","coordinates":[[-9.069333,38.650818,2354.58],[-9.066407,38.651276,2385.06]]},"properties":{"name":"P-142","description":{"@type":"html","value":"<div><div><span><b>Altitude:</b></span> <span>7,725 ft - 7,825 ft</span></div>\n<div><span><b>Speed:</b></span> <span>279 kt - 280 kt</span></div>\n<div><span><b>Timestamp:</b></span><br/><span>2026-05-21 14:09:29 UTC<br/>2026-05-21 14:09:31 UTC</span></div>\n</div>"},"stroke-opacity":1,"stroke":"#9cff00","stroke-width":2}},{"type":"Feature","geometry":{"type":"LineString","coordinates":[[-9.066407,38.651276,2385.06],[-9.062706,38.651871,2415.54]]},"properties":{"name":"P-143","description":{"@type":"html","value":"<div><div><span><b>Altitude:</b></span> <span>7,825 ft - 7,925 ft</span></div>\n<div><span><b>Speed:</b></span> <span>280 kt - 282 kt</span></div>\n<div><span><b>Timestamp:</b></span><br/><span>2026-05-21 14:09:31 UTC<br/>2026-05-21 14:09:33 UTC</span></div>\n</div>"},"stroke-opacity":1,"stroke":"#9cff00","stroke-width":2}},{"type":"Feature","geometry":{"type":"LineString","coordinates":[[-9.062706,38.651871,2415.54],[-9.058764,38.652466,2453.64]]},"properties":{"name":"P-144","description":{"@type":"html","value":"<div><div><span><b>Altitude:</b></span> <span>7,925 ft - 8,050 ft</span></div>\n<div><span><b>Speed:</b></span> <span>282 kt</span></div>\n<div><span><b>Timestamp:</b></span><br/><span>2026-05-21 14:09:33 UTC<br/>2026-05-21 14:09:35 UTC</span></div>\n</div>"},"stroke-opacity":1,"stroke":"#9cff00","stroke-width":2}},{"type":"Feature","geometry":{"type":"LineString","coordinates":[[-9.058764,38.652466,2453.64],[-9.055786,38.652927,2476.5]]},"properties":{"name":"P-145","description":{"@type":"html","value":"<div><div><span><b>Altitude:</b></span> <span>8,050 ft - 8,125 ft</span></div>\n<div><span><b>Speed:</b></span> <span>282 kt - 283 kt</span></div>\n<div><span><b>Timestamp:</b></span><br/><span>2026-05-21 14:09:35 UTC<br/>2026-05-21 14:09:38 UTC</span></div>\n</div>"},"stroke-opacity":1,"stroke":"#9cff00","stroke-width":2}},{"type":"Feature","geometry":{"type":"LineString","coordinates":[[-9.055786,38.652927,2476.5],[-9.05249,38.653439,2499.36]]},"properties":{"name":"P-146","description":{"@type":"html","value":"<div><div><span><b>Altitude:</b></span> <span>8,125 ft - 8,200 ft</span></div>\n<div><span><b>Speed:</b></span> <span>283 kt - 284 kt</span></div>\n<div><span><b>Timestamp:</b></span><br/><span>2026-05-21 14:09:38 UTC<br/>2026-05-21 14:09:40 UTC</span></div>\n</div>"},"stroke-opacity":1,"stroke":"#9cff00","stroke-width":2}},{"type":"Feature","geometry":{"type":"LineString","coordinates":[[-9.05249,38.653439,2499.36],[-9.049011,38.653954,2529.84]]},"properties":{"name":"P-147","description":{"@type":"html","value":"<div><div><span><b>Altitude:</b></span> <span>8,200 ft - 8,300 ft</span></div>\n<div><span><b>Speed:</b></span> <span>284 kt - 285 kt</span></div>\n<div><span><b>Timestamp:</b></span><br/><span>2026-05-21 14:09:40 UTC<br/>2026-05-21 14:09:42 UTC</span></div>\n</div>"},"stroke-opacity":1,"stroke":"#9cff00","stroke-width":2}},{"type":"Feature","geometry":{"type":"LineString","coordinates":[[-9.049011,38.653954,2529.84],[-9.026611,38.657398,2712.72]]},"properties":{"name":"P-148","description":{"@type":"html","value":"<div><div><span><b>Altitude:</b></span> <span>8,300 ft - 8,900 ft</span></div>\n<div><span><b>Speed:</b></span> <span>285 kt - 291 kt</span></div>\n<div><span><b>Timestamp:</b></span><br/><span>2026-05-21 14:09:42 UTC<br/>2026-05-21 14:09:55 UTC</span></div>\n</div>"},"stroke-opacity":1,"stroke":"#d2ff00","stroke-width":2}},{"type":"Feature","geometry":{"type":"LineString","coordinates":[[-9.026611,38.657398,2712.72],[-9.018999,38.659195,2773.68]]},"properties":{"name":"P-149","description":{"@type":"html","value":"<div><div><span><b>Altitude:</b></span> <span>8,900 ft - 9,100 ft</span></div>\n<div><span><b>Speed:</b></span> <span>291 kt - 294 kt</span></div>\n<div><span><b>Timestamp:</b></span><br/><span>2026-05-21 14:09:55 UTC<br/>2026-05-21 14:09:59 UTC</span></div>\n</div>"},"stroke-opacity":1,"stroke":"#d2ff00","stroke-width":2}},{"type":"Feature","geometry":{"type":"LineString","coordinates":[[-9.018999,38.659195,2773.68],[-9.01593,38.660099,2804.16]]},"properties":{"name":"P-150","description":{"@type":"html","value":"<div><div><span><b>Altitude:</b></span> <span>9,100 ft - 9,200 ft</span></div>\n<div><span><b>Speed:</b></span> <span>294 kt - 296 kt</span></div>\n<div><span><b>Timestamp:</b></span><br/><span>2026-05-21 14:09:59 UTC<br/>2026-05-21 14:10:02 UTC</span></div>\n</div>"},"stroke-opacity":1,"stroke":"#d2ff00","stroke-width":2}},{"type":"Feature","geometry":{"type":"LineString","coordinates":[[-9.01593,38.660099,2804.16],[-9.012372,38.661346,2827.02]]},"properties":{"name":"P-151","description":{"@type":"html","value":"<div><div><span><b>Altitude:</b></span> <span>9,200 ft - 9,275 ft</span></div>\n<div><span><b>Speed:</b></span> <span>296 kt - 297 kt</span></div>\n<div><span><b>Timestamp:</b></span><br/><span>2026-05-21 14:10:02 UTC<br/>2026-05-21 14:10:04 UTC</span></div>\n</div>"},"stroke-opacity":1,"stroke":"#d2ff00","stroke-width":2}},{"type":"Feature","geometry":{"type":"LineString","coordinates":[[-9.012372,38.661346,2827.02],[-9.00861,38.662857,2857.5]]},"properties":{"name":"P-152","description":{"@type":"html","value":"<div><div><span><b>Altitude:</b></span> <span>9,275 ft - 9,375 ft</span></div>\n<div><span><b>Speed:</b></span> <span>297 kt - 300 kt</span></div>\n<div><span><b>Timestamp:</b></span><br/><span>2026-05-21 14:10:04 UTC<br/>2026-05-21 14:10:06 UTC</span></div>\n</div>"},"stroke-opacity":1,"stroke":"#d2ff00","stroke-width":2}},{"type":"Feature","geometry":{"type":"LineString","coordinates":[[-9.00861,38.662857,2857.5],[-9.004431,38.664734,2887.98]]},"properties":{"name":"P-153","description":{"@type":"html","value":"<div><div><span><b>Altitude:</b></span> <span>9,375 ft - 9,475 ft</span></div>\n<div><span><b>Speed:</b></span> <span>300 kt</span></div>\n<div><span><b>Timestamp:</b></span><br/><span>2026-05-21 14:10:06 UTC<br/>2026-05-21 14:10:09 UTC</span></div>\n</div>"},"stroke-opacity":1,"stroke":"#d2ff00","stroke-width":2}},{"type":"Feature","geometry":{"type":"LineString","coordinates":[[-9.004431,38.664734,2887.98],[-9.001326,38.666336,2918.46]]},"properties":{"name":"P-154","description":{"@type":"html","value":"<div><div><span><b>Altitude:</b></span> <span>9,475 ft - 9,575 ft</span></div>\n<div><span><b>Speed:</b></span> <span>300 kt - 302 kt</span></div>\n<div><span><b>Timestamp:</b></span><br/><span>2026-05-21 14:10:09 UTC<br/>2026-05-21 14:10:11 UTC</span></div>\n</div>"},"stroke-opacity":1,"stroke":"#d2ff00","stroke-width":2}},{"type":"Feature","geometry":{"type":"LineString","coordinates":[[-9.001326,38.666336,2918.46],[-8.998596,38.667965,2941.32]]},"properties":{"name":"P-155","description":{"@type":"html","value":"<div><div><span><b>Altitude:</b></span> <span>9,575 ft - 9,650 ft</span></div>\n<div><span><b>Speed:</b></span> <span>302 kt - 304 kt</span></div>\n<div><span><b>Timestamp:</b></span><br/><span>2026-05-21 14:10:11 UTC<br/>2026-05-21 14:10:13 UTC</span></div>\n</div>"},"stroke-opacity":1,"stroke":"#d2ff00","stroke-width":2}},{"type":"Feature","geometry":{"type":"LineString","coordinates":[[-8.998596,38.667965,2941.32],[-8.995832,38.669724,2964.18]]},"properties":{"name":"P-156","description":{"@type":"html","value":"<div><div><span><b>Altitude:</b></span> <span>9,650 ft - 9,725 ft</span></div>\n<div><span><b>Speed:</b></span> <span>304 kt - 303 kt</span></div>\n<div><span><b>Timestamp:</b></span><br/><span>2026-05-21 14:10:13 UTC<br/>2026-05-21 14:10:15 UTC</span></div>\n</div>"},"stroke-opacity":1,"stroke":"#d2ff00","stroke-width":2}},{"type":"Feature","geometry":{"type":"LineString","coordinates":[[-8.995832,38.669724,2964.18],[-8.992668,38.672104,3002.28]]},"properties":{"name":"P-157","description":{"@type":"html","value":"<div><div><span><b>Altitude:</b></span> <span>9,725 ft - 9,850 ft</span></div>\n<div><span><b>Speed:</b></span> <span>303 kt - 305 kt</span></div>\n<div><span><b>Timestamp:</b></span><br/><span>2026-05-21 14:10:15 UTC<br/>2026-05-21 14:10:17 UTC</span></div>\n</div>"},"stroke-opacity":1,"stroke":"#d2ff00","stroke-width":2}},{"type":"Feature","geometry":{"type":"LineString","coordinates":[[-8.992668,38.672104,3002.28],[-8.989746,38.674576,3032.76]]},"properties":{"name":"P-158","description":{"@type":"html","value":"<div><div><span><b>Altitude:</b></span> <span>9,850 ft - 9,950 ft</span></div>\n<div><span><b>Speed:</b></span> <span>305 kt - 306 kt</span></div>\n<div><span><b>Timestamp:</b></span><br/><span>2026-05-21 14:10:17 UTC<br/>2026-05-21 14:10:19 UTC</span></div>\n</div>"},"stroke-opacity":1,"stroke":"#e4ff00","stroke-width":2}},{"type":"Feature","geometry":{"type":"LineString","coordinates":[[-8.989746,38.674576,3032.76],[-8.987183,38.676949,3063.24]]},"properties":{"name":"P-159","description":{"@type":"html","value":"<div><div><span><b>Altitude:</b></span> <span>9,950 ft - 10,050 ft</span></div>\n<div><span><b>Speed:</b></span> <span>306 kt</span></div>\n<div><span><b>Timestamp:</b></span><br/><span>2026-05-21 14:10:19 UTC<br/>2026-05-21 14:10:22 UTC</span></div>\n</div>"},"stroke-opacity":1,"stroke":"#e4ff00","stroke-width":2}},{"type":"Feature","geometry":{"type":"LineString","coordinates":[[-8.987183,38.676949,3063.24],[-8.984741,38.679276,3093.72]]},"properties":{"name":"P-160","description":{"@type":"html","value":"<div><div><span><b>Altitude:</b></span> <span>10,050 ft - 10,150 ft</span></div>\n<div><span><b>Speed:</b></span> <span>306 kt - 307 kt</span></div>\n<div><span><b>Timestamp:</b></span><br/><span>2026-05-21 14:10:22 UTC<br/>2026-05-21 14:10:24 UTC</span></div>\n</div>"},"stroke-opacity":1,"stroke":"#e4ff00","stroke-width":2}},{"type":"Feature","geometry":{"type":"LineString","coordinates":[[-8.984741,38.679276,3093.72],[-8.982727,38.681278,3124.2]]},"properties":{"name":"P-161","description":{"@type":"html","value":"<div><div><span><b>Altitude:</b></span> <span>10,150 ft - 10,250 ft</span></div>\n<div><span><b>Speed:</b></span> <span>307 kt - 308 kt</span></div>\n<div><span><b>Timestamp:</b></span><br/><span>2026-05-21 14:10:24 UTC<br/>2026-05-21 14:10:26 UTC</span></div>\n</div>"},"stroke-opacity":1,"stroke":"#e4ff00","stroke-width":2}},{"type":"Feature","geometry":{"type":"LineString","coordinates":[[-8.982727,38.681278,3124.2],[-8.980309,38.683777,3154.68]]},"properties":{"name":"P-162","description":{"@type":"html","value":"<div><div><span><b>Altitude:</b></span> <span>10,250 ft - 10,350 ft</span></div>\n<div><span><b>Speed:</b></span> <span>308 kt - 307 kt</span></div>\n<div><span><b>Timestamp:</b></span><br/><span>2026-05-21 14:10:26 UTC<br/>2026-05-21 14:10:28 UTC</span></div>\n</div>"},"stroke-opacity":1,"stroke":"#e4ff00","stroke-width":2}},{"type":"Feature","geometry":{"type":"LineString","coordinates":[[-8.980309,38.683777,3154.68],[-8.978088,38.686028,3185.16]]},"properties":{"name":"P-163","description":{"@type":"html","value":"<div><div><span><b>Altitude:</b></span> <span>10,350 ft - 10,450 ft</span></div>\n<div><span><b>Speed:</b></span> <span>307 kt - 308 kt</span></div>\n<div><span><b>Timestamp:</b></span><br/><span>2026-05-21 14:10:28 UTC<br/>2026-05-21 14:10:30 UTC</span></div>\n</div>"},"stroke-opacity":1,"stroke":"#e4ff00","stroke-width":2}},{"type":"Feature","geometry":{"type":"LineString","coordinates":[[-8.978088,38.686028,3185.16],[-8.97577,38.6884,3215.64]]},"properties":{"name":"P-164","description":{"@type":"html","value":"<div><div><span><b>Altitude:</b></span> <span>10,450 ft - 10,550 ft</span></div>\n<div><span><b>Speed:</b></span> <span>308 kt</span></div>\n<div><span><b>Timestamp:</b></span><br/><span>2026-05-21 14:10:30 UTC<br/>2026-05-21 14:10:32 UTC</span></div>\n</div>"},"stroke-opacity":1,"stroke":"#e4ff00","stroke-width":2}},{"type":"Feature","geometry":{"type":"LineString","coordinates":[[-8.97577,38.6884,3215.64],[-8.973083,38.691147,3253.74]]},"properties":{"name":"P-165","description":{"@type":"html","value":"<div><div><span><b>Altitude:</b></span> <span>10,550 ft - 10,675 ft</span></div>\n<div><span><b>Speed:</b></span> <span>308 kt</span></div>\n<div><span><b>Timestamp:</b></span><br/><span>2026-05-21 14:10:32 UTC<br/>2026-05-21 14:10:34 UTC</span></div>\n</div>"},"stroke-opacity":1,"stroke":"#e4ff00","stroke-width":2}},{"type":"Feature","geometry":{"type":"LineString","coordinates":[[-8.973083,38.691147,3253.74],[-8.970755,38.693527,3284.22]]},"properties":{"name":"P-166","description":{"@type":"html","value":"<div><div><span><b>Altitude:</b></span> <span>10,675 ft - 10,775 ft</span></div>\n<div><span><b>Speed:</b></span> <span>308 kt - 309 kt</span></div>\n<div><span><b>Timestamp:</b></span><br/><span>2026-05-21 14:10:34 UTC<br/>2026-05-21 14:10:37 UTC</span></div>\n</div>"},"stroke-opacity":1,"stroke":"#e4ff00","stroke-width":2}},{"type":"Feature","geometry":{"type":"LineString","coordinates":[[-8.970755,38.693527,3284.22],[-8.968262,38.696037,3314.7]]},"properties":{"name":"P-167","description":{"@type":"html","value":"<div><div><span><b>Altitude:</b></span> <span>10,775 ft - 10,875 ft</span></div>\n<div><span><b>Speed:</b></span> <span>309 kt - 310 kt</span></div>\n<div><span><b>Timestamp:</b></span><br/><span>2026-05-21 14:10:37 UTC<br/>2026-05-21 14:10:39 UTC</span></div>\n</div>"},"stroke-opacity":1,"stroke":"#e4ff00","stroke-width":2}},{"type":"Feature","geometry":{"type":"LineString","coordinates":[[-8.968262,38.696037,3314.7],[-8.966064,38.698269,3345.18]]},"properties":{"name":"P-168","description":{"@type":"html","value":"<div><div><span><b>Altitude:</b></span> <span>10,875 ft - 10,975 ft</span></div>\n<div><span><b>Speed:</b></span> <span>310 kt</span></div>\n<div><span><b>Timestamp:</b></span><br/><span>2026-05-21 14:10:39 UTC<br/>2026-05-21 14:10:41 UTC</span></div>\n</div>"},"stroke-opacity":1,"stroke":"#e4ff00","stroke-width":2}},{"type":"Feature","geometry":{"type":"LineString","coordinates":[[-8.966064,38.698269,3345.18],[-8.963351,38.701035,3375.66]]},"properties":{"name":"P-169","description":{"@type":"html","value":"<div><div><span><b>Altitude:</b></span> <span>10,975 ft - 11,075 ft</span></div>\n<div><span><b>Speed:</b></span> <span>310 kt - 312 kt</span></div>\n<div><span><b>Timestamp:</b></span><br/><span>2026-05-21 14:10:41 UTC<br/>2026-05-21 14:10:43 UTC</span></div>\n</div>"},"stroke-opacity":1,"stroke":"#e4ff00","stroke-width":2}},{"type":"Feature","geometry":{"type":"LineString","coordinates":[[-8.963351,38.701035,3375.66],[-8.96106,38.703297,3398.52]]},"properties":{"name":"P-170","description":{"@type":"html","value":"<div><div><span><b>Altitude:</b></span> <span>11,075 ft - 11,150 ft</span></div>\n<div><span><b>Speed:</b></span> <span>312 kt</span></div>\n<div><span><b>Timestamp:</b></span><br/><span>2026-05-21 14:10:43 UTC<br/>2026-05-21 14:10:45 UTC</span></div>\n</div>"},"stroke-opacity":1,"stroke":"#e4ff00","stroke-width":2}},{"type":"Feature","geometry":{"type":"LineString","coordinates":[[-8.96106,38.703297,3398.52],[-8.945976,38.718521,3573.78]]},"properties":{"name":"P-171","description":{"@type":"html","value":"<div><div><span><b>Altitude:</b></span> <span>11,150 ft - 11,725 ft</span></div>\n<div><span><b>Speed:</b></span> <span>312 kt - 317 kt</span></div>\n<div><span><b>Timestamp:</b></span><br/><span>2026-05-21 14:10:45 UTC<br/>2026-05-21 14:10:58 UTC</span></div>\n</div>"},"stroke-opacity":1,"stroke":"#e4ff00","stroke-width":2}},{"type":"Feature","geometry":{"type":"LineString","coordinates":[[-8.945976,38.718521,3573.78],[-8.930481,38.734116,3741.42]]},"properties":{"name":"P-172","description":{"@type":"html","value":"<div><div><span><b>Altitude:</b></span> <span>11,725 ft - 12,275 ft</span></div>\n<div><span><b>Speed:</b></span> <span>317 kt - 323 kt</span></div>\n<div><span><b>Timestamp:</b></span><br/><span>2026-05-21 14:10:58 UTC<br/>2026-05-21 14:11:11 UTC</span></div>\n</div>"},"stroke-opacity":1,"stroke":"#ffea00","stroke-width":2}},{"type":"Feature","geometry":{"type":"LineString","coordinates":[[-8.930481,38.734116,3741.42],[-8.893791,38.771393,4152.9]]},"properties":{"name":"P-173","description":{"@type":"html","value":"<div><div><span><b>Altitude:</b></span> <span>12,275 ft - 13,625 ft</span></div>\n<div><span><b>Speed:</b></span> <span>323 kt - 332 kt</span></div>\n<div><span><b>Timestamp:</b></span><br/><span>2026-05-21 14:11:11 UTC<br/>2026-05-21 14:11:42 UTC</span></div>\n</div>"},"stroke-opacity":1,"stroke":"#ffea00","stroke-width":2}},{"type":"Feature","geometry":{"type":"LineString","coordinates":[[-8.893791,38.771393,4152.9],[-8.855957,38.810181,4396.74]]},"properties":{"name":"P-174","description":{"@type":"html","value":"<div><div><span><b>Altitude:</b></span> <span>13,625 ft - 14,425 ft</span></div>\n<div><span><b>Speed:</b></span> <span>332 kt - 358 kt</span></div>\n<div><span><b>Timestamp:</b></span><br/><span>2026-05-21 14:11:42 UTC<br/>2026-05-21 14:12:13 UTC</span></div>\n</div>"},"stroke-opacity":1,"stroke":"#ffc000","stroke-width":2}},{"type":"Feature","geometry":{"type":"LineString","coordinates":[[-8.855957,38.810181,4396.74],[-8.813721,38.853382,4869.18]]},"properties":{"name":"P-175","description":{"@type":"html","value":"<div><div><span><b>Altitude:</b></span> <span>14,425 ft - 15,975 ft</span></div>\n<div><span><b>Speed:</b></span> <span>358 kt - 359 kt</span></div>\n<div><span><b>Timestamp:</b></span><br/><span>2026-05-21 14:12:13 UTC<br/>2026-05-21 14:12:45 UTC</span></div>\n</div>"},"stroke-opacity":1,"stroke":"#ffc000","stroke-width":2}},{"type":"Feature","geometry":{"type":"LineString","coordinates":[[-8.813721,38.853382,4869.18],[-8.771627,38.896088,5234.94]]},"properties":{"name":"P-176","description":{"@type":"html","value":"<div><div><span><b>Altitude:</b></span> <span>15,975 ft - 17,175 ft</span></div>\n<div><span><b>Speed:</b></span> <span>359 kt - 370 kt</span></div>\n<div><span><b>Timestamp:</b></span><br/><span>2026-05-21 14:12:45 UTC<br/>2026-05-21 14:13:17 UTC</span></div>\n</div>"},"stroke-opacity":1,"stroke":"#ffa800","stroke-width":2}},{"type":"Feature","geometry":{"type":"LineString","coordinates":[[-8.771627,38.896088,5234.94],[-8.726488,38.941956,5577.84]]},"properties":{"name":"P-177","description":{"@type":"html","value":"<div><div><span><b>Altitude:</b></span> <span>17,175 ft - 18,300 ft</span></div>\n<div><span><b>Speed:</b></span> <span>370 kt - 382 kt</span></div>\n<div><span><b>Timestamp:</b></span><br/><span>2026-05-21 14:13:17 UTC<br/>2026-05-21 14:13:50 UTC</span></div>\n</div>"},"stroke-opacity":1,"stroke":"#ff9600","stroke-width":2}},{"type":"Feature","geometry":{"type":"LineString","coordinates":[[-8.726488,38.941956,5577.84],[-8.68099,38.98764,5920.74]]},"properties":{"name":"P-178","description":{"@type":"html","value":"<div><div><span><b>Altitude:</b></span> <span>18,300 ft - 19,425 ft</span></div>\n<div><span><b>Speed:</b></span> <span>382 kt - 391 kt</span></div>\n<div><span><b>Timestamp:</b></span><br/><span>2026-05-21 14:13:50 UTC<br/>2026-05-21 14:14:22 UTC</span></div>\n</div>"},"stroke-opacity":1,"stroke":"#ff7800","stroke-width":2}},{"type":"Feature","geometry":{"type":"LineString","coordinates":[[-8.68099,38.98764,5920.74],[-8.629883,39.031586,6286.5]]},"properties":{"name":"P-179","description":{"@type":"html","value":"<div><div><span><b>Altitude:</b></span> <span>19,425 ft - 20,625 ft</span></div>\n<div><span><b>Speed:</b></span> <span>391 kt - 395 kt</span></div>\n<div><span><b>Timestamp:</b></span><br/><span>2026-05-21 14:14:22 UTC<br/>2026-05-21 14:14:55 UTC</span></div>\n</div>"},"stroke-opacity":1,"stroke":"#ff7800","stroke-width":2}},{"type":"Feature","geometry":{"type":"LineString","coordinates":[[-8.629883,39.031586,6286.5],[-8.577098,39.07608,6637.02]]},"properties":{"name":"P-180","description":{"@type":"html","value":"<div><div><span><b>Altitude:</b></span> <span>20,625 ft - 21,775 ft</span></div>\n<div><span><b>Speed:</b></span> <span>395 kt - 402 kt</span></div>\n<div><span><b>Timestamp:</b></span><br/><span>2026-05-21 14:14:55 UTC<br/>2026-05-21 14:15:28 UTC</span></div>\n</div>"},"stroke-opacity":1,"stroke":"#ff5400","stroke-width":2}},{"type":"Feature","geometry":{"type":"LineString","coordinates":[[-8.577098,39.07608,6637.02],[-8.525868,39.120163,6949.44]]},"properties":{"name":"P-181","description":{"@type":"html","value":"<div><div><span><b>Altitude:</b></span> <span>21,775 ft - 22,800 ft</span></div>\n<div><span><b>Speed:</b></span> <span>402 kt - 410 kt</span></div>\n<div><span><b>Timestamp:</b></span><br/><span>2026-05-21 14:15:28 UTC<br/>2026-05-21 14:16:00 UTC</span></div>\n</div>"},"stroke-opacity":1,"stroke":"#ff3000","stroke-width":2}},{"type":"Feature","geometry":{"type":"LineString","coordinates":[[-8.525868,39.120163,6949.44],[-8.472907,39.166077,7231.38]]},"properties":{"name":"P-182","description":{"@type":"html","value":"<div><div><span><b>Altitude:</b></span> <span>22,800 ft - 23,725 ft</span></div>\n<div><span><b>Speed:</b></span> <span>410 kt - 420 kt</span></div>\n<div><span><b>Timestamp:</b></span><br/><span>2026-05-21 14:16:00 UTC<br/>2026-05-21 14:16:32 UTC</span></div>\n</div>"},"stroke-opacity":1,"stroke":"#ff3000","stroke-width":2}},{"type":"Feature","geometry":{"type":"LineString","coordinates":[[-8.472907,39.166077,7231.38],[-8.420227,39.211788,7505.7]]},"properties":{"name":"P-183","description":{"@type":"html","value":"<div><div><span><b>Altitude:</b></span> <span>23,725 ft - 24,625 ft</span></div>\n<div><span><b>Speed:</b></span> <span>420 kt - 426 kt</span></div>\n<div><span><b>Timestamp:</b></span><br/><span>2026-05-21 14:16:32 UTC<br/>2026-05-21 14:17:03 UTC</span></div>\n</div>"},"stroke-opacity":1,"stroke":"#ff1e00","stroke-width":2}},{"type":"Feature","geometry":{"type":"LineString","coordinates":[[-8.420227,39.211788,7505.7],[-8.365193,39.25946,7780.02]]},"properties":{"name":"P-184","description":{"@type":"html","value":"<div><div><span><b>Altitude:</b></span> <span>24,625 ft - 25,525 ft</span></div>\n<div><span><b>Speed:</b></span> <span>426 kt - 431 kt</span></div>\n<div><span><b>Timestamp:</b></span><br/><span>2026-05-21 14:17:03 UTC<br/>2026-05-21 14:17:35 UTC</span></div>\n</div>"},"stroke-opacity":1,"stroke":"#ff0000","stroke-width":2}},{"type":"Feature","geometry":{"type":"LineString","coordinates":[[-8.365193,39.25946,7780.02],[-8.309366,39.307617,8054.34]]},"properties":{"name":"P-185","description":{"@type":"html","value":"<div><div><span><b>Altitude:</b></span> <span>25,525 ft - 26,425 ft</span></div>\n<div><span><b>Speed:</b></span> <span>431 kt - 438 kt</span></div>\n<div><span><b>Timestamp:</b></span><br/><span>2026-05-21 14:17:35 UTC<br/>2026-05-21 14:18:08 UTC</span></div>\n</div>"},"stroke-opacity":1,"stroke":"#ff0000","stroke-width":2}},{"type":"Feature","geometry":{"type":"LineString","coordinates":[[-8.309366,39.307617,8054.34],[-8.253717,39.355591,8328.66]]},"properties":{"name":"P-186","description":{"@type":"html","value":"<div><div><span><b>Altitude:</b></span> <span>26,425 ft - 27,325 ft</span></div>\n<div><span><b>Speed:</b></span> <span>438 kt - 441 kt</span></div>\n<div><span><b>Timestamp:</b></span><br/><span>2026-05-21 14:18:08 UTC<br/>2026-05-21 14:18:39 UTC</span></div>\n</div>"},"stroke-opacity":1,"stroke":"#ff0000","stroke-width":2}},{"type":"Feature","geometry":{"type":"LineString","coordinates":[[-8.253717,39.355591,8328.66],[-8.197353,39.404068,8595.36]]},"properties":{"name":"P-187","description":{"@type":"html","value":"<div><div><span><b>Altitude:</b></span> <span>27,325 ft - 28,200 ft</span></div>\n<div><span><b>Speed:</b></span> <span>441 kt - 444 kt</span></div>\n<div><span><b>Timestamp:</b></span><br/><span>2026-05-21 14:18:39 UTC<br/>2026-05-21 14:19:11 UTC</span></div>\n</div>"},"stroke-opacity":1,"stroke":"#ff0000","stroke-width":2}},{"type":"Feature","geometry":{"type":"LineString","coordinates":[[-8.197353,39.404068,8595.36],[-8.139496,39.453781,8801.1]]},"properties":{"name":"P-188","description":{"@type":"html","value":"<div><div><span><b>Altitude:</b></span> <span>28,200 ft - 28,875 ft</span></div>\n<div><span><b>Speed:</b></span> <span>444 kt - 454 kt</span></div>\n<div><span><b>Timestamp:</b></span><br/><span>2026-05-21 14:19:11 UTC<br/>2026-05-21 14:19:44 UTC</span></div>\n</div>"},"stroke-opacity":1,"stroke":"#ff0024","stroke-width":2}},{"type":"Feature","geometry":{"type":"LineString","coordinates":[[-8.139496,39.453781,8801.1],[-8.08429,39.501156,8999.22]]},"properties":{"name":"P-189","description":{"@type":"html","value":"<div><div><span><b>Altitude:</b></span> <span>28,875 ft - 29,525 ft</span></div>\n<div><span><b>Speed:</b></span> <span>454 kt - 459 kt</span></div>\n<div><span><b>Timestamp:</b></span><br/><span>2026-05-21 14:19:44 UTC<br/>2026-05-21 14:20:14 UTC</span></div>\n</div>"},"stroke-opacity":1,"stroke":"#ff0024","stroke-width":2}},{"type":"Feature","geometry":{"type":"LineString","coordinates":[[-8.08429,39.501156,8999.22],[-8.025333,39.551559,9212.58]]},"properties":{"name":"P-190","description":{"@type":"html","value":"<div><div><span><b>Altitude:</b></span> <span>29,525 ft - 30,225 ft</span></div>\n<div><span><b>Speed:</b></span> <span>459 kt - 464 kt</span></div>\n<div><span><b>Timestamp:</b></span><br/><span>2026-05-21 14:20:14 UTC<br/>2026-05-21 14:20:45 UTC</span></div>\n</div>"},"stroke-opacity":1,"stroke":"#ff0024","stroke-width":2}},{"type":"Feature","geometry":{"type":"LineString","coordinates":[[-8.025333,39.551559,9212.58],[-7.965506,39.602692,9403.08]]},"properties":{"name":"P-191","description":{"@type":"html","value":"<div><div><span><b>Altitude:</b></span> <span>30,225 ft - 30,850 ft</span></div>\n<div><span><b>Speed:</b></span> <span>464 kt - 470 kt</span></div>\n<div><span><b>Timestamp:</b></span><br/><span>2026-05-21 14:20:45 UTC<br/>2026-05-21 14:21:17 UTC</span></div>\n</div>"},"stroke-opacity":1,"stroke":"#ff0036","stroke-width":2}},{"type":"Feature","geometry":{"type":"LineString","coordinates":[[-7.965506,39.602692,9403.08],[-7.905457,39.653896,9662.16]]},"properties":{"name":"P-192","description":{"@type":"html","value":"<div><div><span><b>Altitude:</b></span> <span>30,850 ft - 31,700 ft</span></div>\n<div><span><b>Speed:</b></span> <span>470 kt - 468 kt</span></div>\n<div><span><b>Timestamp:</b></span><br/><span>2026-05-21 14:21:17 UTC<br/>2026-05-21 14:21:49 UTC</span></div>\n</div>"},"stroke-opacity":1,"stroke":"#ff0036","stroke-width":2}},{"type":"Feature","geometry":{"type":"LineString","coordinates":[[-7.905457,39.653896,9662.16],[-7.846619,39.703938,9906]]},"properties":{"name":"P-193","description":{"@type":"html","value":"<div><div><span><b>Altitude:</b></span> <span>31,700 ft - 32,500 ft</span></div>\n<div><span><b>Speed:</b></span> <span>468 kt - 465 kt</span></div>\n<div><span><b>Timestamp:</b></span><br/><span>2026-05-21 14:21:49 UTC<br/>2026-05-21 14:22:20 UTC</span></div>\n</div>"},"stroke-opacity":1,"stroke":"#ff004e","stroke-width":2}},{"type":"Feature","geometry":{"type":"LineString","coordinates":[[-7.846619,39.703938,9906],[-7.787993,39.753616,10088.88]]},"properties":{"name":"P-194","description":{"@type":"html","value":"<div><div><span><b>Altitude:</b></span> <span>32,500 ft - 33,100 ft</span></div>\n<div><span><b>Speed:</b></span> <span>465 kt - 464 kt</span></div>\n<div><span><b>Timestamp:</b></span><br/><span>2026-05-21 14:22:20 UTC<br/>2026-05-21 14:22:52 UTC</span></div>\n</div>"},"stroke-opacity":1,"stroke":"#ff004e","stroke-width":2}},{"type":"Feature","geometry":{"type":"LineString","coordinates":[[-7.787993,39.753616,10088.88],[-7.726501,39.805607,10256.52]]},"properties":{"name":"P-195","description":{"@type":"html","value":"<div><div><span><b>Altitude:</b></span> <span>33,100 ft - 33,650 ft</span></div>\n<div><span><b>Speed:</b></span> <span>464 kt - 462 kt</span></div>\n<div><span><b>Timestamp:</b></span><br/><span>2026-05-21 14:22:52 UTC<br/>2026-05-21 14:23:24 UTC</span></div>\n</div>"},"stroke-opacity":1,"stroke":"#ff0060","stroke-width":2}},{"type":"Feature","geometry":{"type":"LineString","coordinates":[[-7.726501,39.805607,10256.52],[-7.666785,39.856064,10355.58]]},"properties":{"name":"P-196","description":{"@type":"html","value":"<div><div><span><b>Altitude:</b></span> <span>33,650 ft - 33,975 ft</span></div>\n<div><span><b>Speed:</b></span> <span>462 kt - 464 kt</span></div>\n<div><span><b>Timestamp:</b></span><br/><span>2026-05-21 14:23:24 UTC<br/>2026-05-21 14:23:56 UTC</span></div>\n</div>"},"stroke-opacity":1,"stroke":"#ff0060","stroke-width":2}},{"type":"Feature","geometry":{"type":"LineString","coordinates":[[-7.666785,39.856064,10355.58],[-7.60791,39.905602,10370.82]]},"properties":{"name":"P-197","description":{"@type":"html","value":"<div><div><span><b>Altitude:</b></span> <span>33,975 ft - 34,025 ft</span></div>\n<div><span><b>Speed:</b></span> <span>464 kt - 462 kt</span></div>\n<div><span><b>Timestamp:</b></span><br/><span>2026-05-21 14:23:56 UTC<br/>2026-05-21 14:24:28 UTC</span></div>\n</div>"},"stroke-opacity":1,"stroke":"#ff0060","stroke-width":2}},{"type":"Feature","geometry":{"type":"LineString","coordinates":[[-7.60791,39.905602,10370.82],[-7.547358,39.956669,10355.58]]},"properties":{"name":"P-198","description":{"@type":"html","value":"<div><div><span><b>Altitude:</b></span> <span>34,025 ft - 33,975 ft</span></div>\n<div><span><b>Speed:</b></span> <span>462 kt - 478 kt</span></div>\n<div><span><b>Timestamp:</b></span><br/><span>2026-05-21 14:24:28 UTC<br/>2026-05-21 14:24:59 UTC</span></div>\n</div>"},"stroke-opacity":1,"stroke":"#ff0060","stroke-width":2}},{"type":"Feature","geometry":{"type":"LineString","coordinates":[[-7.547358,39.956669,10355.58],[-7.485373,40.008621,10363.2]]},"properties":{"name":"P-199","description":{"@type":"html","value":"<div><div><span><b>Altitude:</b></span> <span>33,975 ft - 34,000 ft</span></div>\n<div><span><b>Speed:</b></span> <span>478 kt - 482 kt</span></div>\n<div><span><b>Timestamp:</b></span><br/><span>2026-05-21 14:24:59 UTC<br/>2026-05-21 14:25:31 UTC</span></div>\n</div>"},"stroke-opacity":1,"stroke":"#ff0060","stroke-width":2}},{"type":"Feature","geometry":{"type":"LineString","coordinates":[[-7.485373,40.008621,10363.2],[-7.424199,40.059784,10355.58]]},"properties":{"name":"P-200","description":{"@type":"html","value":"<div><div><span><b>Altitude:</b></span> <span>34,000 ft - 33,975 ft</span></div>\n<div><span><b>Speed:</b></span> <span>482 kt - 472 kt</span></div>\n<div><span><b>Timestamp:</b></span><br/><span>2026-05-21 14:25:31 UTC<br/>2026-05-21 14:26:03 UTC</span></div>\n</div>"},"stroke-opacity":1,"stroke":"#ff0060","stroke-width":2}},{"type":"Feature","geometry":{"type":"LineString","coordinates":[[-7.424199,40.059784,10355.58],[-7.365417,40.109024,10363.2]]},"properties":{"name":"P-201","description":{"@type":"html","value":"<div><div><span><b>Altitude:</b></span> <span>33,975 ft - 34,000 ft</span></div>\n<div><span><b>Speed:</b></span> <span>472 kt - 458 kt</span></div>\n<div><span><b>Timestamp:</b></span><br/><span>2026-05-21 14:26:03 UTC<br/>2026-05-21 14:26:34 UTC</span></div>\n</div>"},"stroke-opacity":1,"stroke":"#ff0060","stroke-width":2}},{"type":"Feature","geometry":{"type":"LineString","coordinates":[[-7.365417,40.109024,10363.2],[-7.306033,40.158566,10363.2]]},"properties":{"name":"P-202","description":{"@type":"html","value":"<div><div><span><b>Altitude:</b></span> <span>34,000 ft</span></div>\n<div><span><b>Speed:</b></span> <span>458 kt - 457 kt</span></div>\n<div><span><b>Timestamp:</b></span><br/><span>2026-05-21 14:26:34 UTC<br/>2026-05-21 14:27:05 UTC</span></div>\n</div>"},"stroke-opacity":1,"stroke":"#ff0060","stroke-width":2}},{"type":"Feature","geometry":{"type":"LineString","coordinates":[[-7.306033,40.158566,10363.2],[-7.245972,40.208313,10363.2]]},"properties":{"name":"P-203","description":{"@type":"html","value":"<div><div><span><b>Altitude:</b></span> <span>34,000 ft</span></div>\n<div><span><b>Speed:</b></span> <span>457 kt - 458 kt</span></div>\n<div><span><b>Timestamp:</b></span><br/><span>2026-05-21 14:27:05 UTC<br/>2026-05-21 14:27:37 UTC</span></div>\n</div>"},"stroke-opacity":1,"stroke":"#ff0060","stroke-width":2}},{"type":"Feature","geometry":{"type":"LineString","coordinates":[[-7.245972,40.208313,10363.2],[-7.187368,40.257164,10363.2]]},"properties":{"name":"P-204","description":{"@type":"html","value":"<div><div><span><b>Altitude:</b></span> <span>34,000 ft</span></div>\n<div><span><b>Speed:</b></span> <span>458 kt - 457 kt</span></div>\n<div><span><b>Timestamp:</b></span><br/><span>2026-05-21 14:27:37 UTC<br/>2026-05-21 14:28:09 UTC</span></div>\n</div>"},"stroke-opacity":1,"stroke":"#ff0060","stroke-width":2}},{"type":"Feature","geometry":{"type":"LineString","coordinates":[[-7.187368,40.257164,10363.2],[-7.127505,40.306789,10363.2]]},"properties":{"name":"P-205","description":{"@type":"html","value":"<div><div><span><b>Altitude:</b></span> <span>34,000 ft</span></div>\n<div><span><b>Speed:</b></span> <span>457 kt - 458 kt</span></div>\n<div><span><b>Timestamp:</b></span><br/><span>2026-05-21 14:28:09 UTC<br/>2026-05-21 14:28:41 UTC</span></div>\n</div>"},"stroke-opacity":1,"stroke":"#ff0060","stroke-width":2}},{"type":"Feature","geometry":{"type":"LineString","coordinates":[[-7.127505,40.306789,10363.2],[-7.06758,40.356228,10363.2]]},"properties":{"name":"P-206","description":{"@type":"html","value":"<div><div><span><b>Altitude:</b></span> <span>34,000 ft</span></div>\n<div><span><b>Speed:</b></span> <span>458 kt</span></div>\n<div><span><b>Timestamp:</b></span><br/><span>2026-05-21 14:28:41 UTC<br/>2026-05-21 14:29:12 UTC</span></div>\n</div>"},"stroke-opacity":1,"stroke":"#ff0060","stroke-width":2}},{"type":"Feature","geometry":{"type":"LineString","coordinates":[[-7.06758,40.356228,10363.2],[-7.007405,40.40604,10370.82]]},"properties":{"name":"P-207","description":{"@type":"html","value":"<div><div><span><b>Altitude:</b></span> <span>34,000 ft - 34,025 ft</span></div>\n<div><span><b>Speed:</b></span> <span>458 kt - 457 kt</span></div>\n<div><span><b>Timestamp:</b></span><br/><span>2026-05-21 14:29:12 UTC<br/>2026-05-21 14:29:44 UTC</span></div>\n</div>"},"stroke-opacity":1,"stroke":"#ff0060","stroke-width":2}},{"type":"Feature","geometry":{"type":"LineString","coordinates":[[-7.007405,40.40604,10370.82],[-6.94751,40.455322,10363.2]]},"properties":{"name":"P-208","description":{"@type":"html","value":"<div><div><span><b>Altitude:</b></span> <span>34,025 ft - 34,000 ft</span></div>\n<div><span><b>Speed:</b></span> <span>457 kt</span></div>\n<div><span><b>Timestamp:</b></span><br/><span>2026-05-21 14:29:44 UTC<br/>2026-05-21 14:30:16 UTC</span></div>\n</div>"},"stroke-opacity":1,"stroke":"#ff0060","stroke-width":2}},{"type":"Feature","geometry":{"type":"LineString","coordinates":[[-6.94751,40.455322,10363.2],[-6.88824,40.504078,10370.82]]},"properties":{"name":"P-209","description":{"@type":"html","value":"<div><div><span><b>Altitude:</b></span> <span>34,000 ft - 34,025 ft</span></div>\n<div><span><b>Speed:</b></span> <span>457 kt</span></div>\n<div><span><b>Timestamp:</b></span><br/><span>2026-05-21 14:30:16 UTC<br/>2026-05-21 14:30:48 UTC</span></div>\n</div>"},"stroke-opacity":1,"stroke":"#ff0060","stroke-width":2}},{"type":"Feature","geometry":{"type":"LineString","coordinates":[[-6.88824,40.504078,10370.82],[-6.829102,40.552597,10363.2]]},"properties":{"name":"P-210","description":{"@type":"html","value":"<div><div><span><b>Altitude:</b></span> <span>34,025 ft - 34,000 ft</span></div>\n<div><span><b>Speed:</b></span> <span>457 kt - 456 kt</span></div>\n<div><span><b>Timestamp:</b></span><br/><span>2026-05-21 14:30:48 UTC<br/>2026-05-21 14:31:19 UTC</span></div>\n</div>"},"stroke-opacity":1,"stroke":"#ff0060","stroke-width":2}},{"type":"Feature","geometry":{"type":"LineString","coordinates":[[-6.829102,40.552597,10363.2],[-6.768555,40.602173,10363.2]]},"properties":{"name":"P-211","description":{"@type":"html","value":"<div><div><span><b>Altitude:</b></span> <span>34,000 ft</span></div>\n<div><span><b>Speed:</b></span> <span>456 kt - 454 kt</span></div>\n<div><span><b>Timestamp:</b></span><br/><span>2026-05-21 14:31:19 UTC<br/>2026-05-21 14:31:51 UTC</span></div>\n</div>"},"stroke-opacity":1,"stroke":"#ff0060","stroke-width":2}},{"type":"Feature","geometry":{"type":"LineString","coordinates":[[-6.768555,40.602173,10363.2],[-6.708214,40.651417,10363.2]]},"properties":{"name":"P-212","description":{"@type":"html","value":"<div><div><span><b>Altitude:</b></span> <span>34,000 ft</span></div>\n<div><span><b>Speed:</b></span> <span>454 kt</span></div>\n<div><span><b>Timestamp:</b></span><br/><span>2026-05-21 14:31:51 UTC<br/>2026-05-21 14:32:23 UTC</span></div>\n</div>"},"stroke-opacity":1,"stroke":"#ff0060","stroke-width":2}},{"type":"Feature","geometry":{"type":"LineString","coordinates":[[-6.708214,40.651417,10363.2],[-6.649841,40.698853,10363.2]]},"properties":{"name":"P-213","description":{"@type":"html","value":"<div><div><span><b>Altitude:</b></span> <span>34,000 ft</span></div>\n<div><span><b>Speed:</b></span> <span>454 kt - 453 kt</span></div>\n<div><span><b>Timestamp:</b></span><br/><span>2026-05-21 14:32:23 UTC<br/>2026-05-21 14:32:54 UTC</span></div>\n</div>"},"stroke-opacity":1,"stroke":"#ff0060","stroke-width":2}},{"type":"Feature","geometry":{"type":"LineString","coordinates":[[-6.649841,40.698853,10363.2],[-6.589987,40.747501,10363.2]]},"properties":{"name":"P-214","description":{"@type":"html","value":"<div><div><span><b>Altitude:</b></span> <span>34,000 ft</span></div>\n<div><span><b>Speed:</b></span> <span>453 kt</span></div>\n<div><span><b>Timestamp:</b></span><br/><span>2026-05-21 14:32:54 UTC<br/>2026-05-21 14:33:26 UTC</span></div>\n</div>"},"stroke-opacity":1,"stroke":"#ff0060","stroke-width":2}},{"type":"Feature","geometry":{"type":"LineString","coordinates":[[-6.589987,40.747501,10363.2],[-6.530884,40.795532,10363.2]]},"properties":{"name":"P-215","description":{"@type":"html","value":"<div><div><span><b>Altitude:</b></span> <span>34,000 ft</span></div>\n<div><span><b>Speed:</b></span> <span>453 kt - 452 kt</span></div>\n<div><span><b>Timestamp:</b></span><br/><span>2026-05-21 14:33:26 UTC<br/>2026-05-21 14:33:58 UTC</span></div>\n</div>"},"stroke-opacity":1,"stroke":"#ff0060","stroke-width":2}},{"type":"Feature","geometry":{"type":"LineString","coordinates":[[-6.530884,40.795532,10363.2],[-6.47113,40.844009,10363.2]]},"properties":{"name":"P-216","description":{"@type":"html","value":"<div><div><span><b>Altitude:</b></span> <span>34,000 ft</span></div>\n<div><span><b>Speed:</b></span> <span>452 kt</span></div>\n<div><span><b>Timestamp:</b></span><br/><span>2026-05-21 14:33:58 UTC<br/>2026-05-21 14:34:29 UTC</span></div>\n</div>"},"stroke-opacity":1,"stroke":"#ff0060","stroke-width":2}},{"type":"Feature","geometry":{"type":"LineString","coordinates":[[-6.47113,40.844009,10363.2],[-6.411255,40.892349,10370.82]]},"properties":{"name":"P-217","description":{"@type":"html","value":"<div><div><span><b>Altitude:</b></span> <span>34,000 ft - 34,025 ft</span></div>\n<div><span><b>Speed:</b></span> <span>452 kt</span></div>\n<div><span><b>Timestamp:</b></span><br/><span>2026-05-21 14:34:29 UTC<br/>2026-05-21 14:35:01 UTC</span></div>\n</div>"},"stroke-opacity":1,"stroke":"#ff0060","stroke-width":2}},{"type":"Feature","geometry":{"type":"LineString","coordinates":[[-6.411255,40.892349,10370.82],[-6.350464,40.941422,10363.2]]},"properties":{"name":"P-218","description":{"@type":"html","value":"<div><div><span><b>Altitude:</b></span> <span>34,025 ft - 34,000 ft</span></div>\n<div><span><b>Speed:</b></span> <span>452 kt</span></div>\n<div><span><b>Timestamp:</b></span><br/><span>2026-05-21 14:35:01 UTC<br/>2026-05-21 14:35:33 UTC</span></div>\n</div>"},"stroke-opacity":1,"stroke":"#ff0060","stroke-width":2}},{"type":"Feature","geometry":{"type":"LineString","coordinates":[[-6.350464,40.941422,10363.2],[-6.295776,40.990311,10363.2]]},"properties":{"name":"P-219","description":{"@type":"html","value":"<div><div><span><b>Altitude:</b></span> <span>34,000 ft</span></div>\n<div><span><b>Speed:</b></span> <span>452 kt</span></div>\n<div><span><b>Timestamp:</b></span><br/><span>2026-05-21 14:35:33 UTC<br/>2026-05-21 14:36:04 UTC</span></div>\n</div>"},"stroke-opacity":1,"stroke":"#ff0060","stroke-width":2}},{"type":"Feature","geometry":{"type":"LineString","coordinates":[[-6.295776,40.990311,10363.2],[-6.246664,41.046692,10386.06]]},"properties":{"name":"P-220","description":{"@type":"html","value":"<div><div><span><b>Altitude:</b></span> <span>34,000 ft - 34,075 ft</span></div>\n<div><span><b>Speed:</b></span> <span>452 kt - 450 kt</span></div>\n<div><span><b>Timestamp:</b></span><br/><span>2026-05-21 14:36:04 UTC<br/>2026-05-21 14:36:36 UTC</span></div>\n</div>"},"stroke-opacity":1,"stroke":"#ff0060","stroke-width":2}},{"type":"Feature","geometry":{"type":"LineString","coordinates":[[-6.246664,41.046692,10386.06],[-6.203717,41.104137,10553.7]]},"properties":{"name":"P-221","description":{"@type":"html","value":"<div><div><span><b>Altitude:</b></span> <span>34,075 ft - 34,625 ft</span></div>\n<div><span><b>Speed:</b></span> <span>450 kt - 453 kt</span></div>\n<div><span><b>Timestamp:</b></span><br/><span>2026-05-21 14:36:36 UTC<br/>2026-05-21 14:37:08 UTC</span></div>\n</div>"},"stroke-opacity":1,"stroke":"#ff0060","stroke-width":2}},{"type":"Feature","geometry":{"type":"LineString","coordinates":[[-6.203717,41.104137,10553.7],[-6.159241,41.162704,10713.72]]},"properties":{"name":"P-222","description":{"@type":"html","value":"<div><div><span><b>Altitude:</b></span> <span>34,625 ft - 35,150 ft</span></div>\n<div><span><b>Speed:</b></span> <span>453 kt - 456 kt</span></div>\n<div><span><b>Timestamp:</b></span><br/><span>2026-05-21 14:37:08 UTC<br/>2026-05-21 14:37:40 UTC</span></div>\n</div>"},"stroke-opacity":1,"stroke":"#ff0078","stroke-width":2}},{"type":"Feature","geometry":{"type":"LineString","coordinates":[[-6.159241,41.162704,10713.72],[-6.114204,41.221958,10881.36]]},"properties":{"name":"P-223","description":{"@type":"html","value":"<div><div><span><b>Altitude:</b></span> <span>35,150 ft - 35,700 ft</span></div>\n<div><span><b>Speed:</b></span> <span>456 kt - 458 kt</span></div>\n<div><span><b>Timestamp:</b></span><br/><span>2026-05-21 14:37:40 UTC<br/>2026-05-21 14:38:12 UTC</span></div>\n</div>"},"stroke-opacity":1,"stroke":"#ff0078","stroke-width":2}},{"type":"Feature","geometry":{"type":"LineString","coordinates":[[-6.114204,41.221958,10881.36],[-6.071716,41.277969,11033.76]]},"properties":{"name":"P-224","description":{"@type":"html","value":"<div><div><span><b>Altitude:</b></span> <span>35,700 ft - 36,200 ft</span></div>\n<div><span><b>Speed:</b></span> <span>458 kt - 460 kt</span></div>\n<div><span><b>Timestamp:</b></span><br/><span>2026-05-21 14:38:12 UTC<br/>2026-05-21 14:38:43 UTC</span></div>\n</div>"},"stroke-opacity":1,"stroke":"#ff0078","stroke-width":2}},{"type":"Feature","geometry":{"type":"LineString","coordinates":[[-6.071716,41.277969,11033.76],[-6.026978,41.336838,11193.78]]},"properties":{"name":"P-225","description":{"@type":"html","value":"<div><div><span><b>Altitude:</b></span> <span>36,200 ft - 36,725 ft</span></div>\n<div><span><b>Speed:</b></span> <span>460 kt</span></div>\n<div><span><b>Timestamp:</b></span><br/><span>2026-05-21 14:38:43 UTC<br/>2026-05-21 14:39:15 UTC</span></div>\n</div>"},"stroke-opacity":1,"stroke":"#ff0096","stroke-width":2}},{"type":"Feature","geometry":{"type":"LineString","coordinates":[[-6.026978,41.336838,11193.78],[-5.981868,41.396118,11361.42]]},"properties":{"name":"P-226","description":{"@type":"html","value":"<div><div><span><b>Altitude:</b></span> <span>36,725 ft - 37,275 ft</span></div>\n<div><span><b>Speed:</b></span> <span>460 kt - 458 kt</span></div>\n<div><span><b>Timestamp:</b></span><br/><span>2026-05-21 14:39:15 UTC<br/>2026-05-21 14:39:47 UTC</span></div>\n</div>"},"stroke-opacity":1,"stroke":"#ff0096","stroke-width":2}},{"type":"Feature","geometry":{"type":"LineString","coordinates":[[-5.981868,41.396118,11361.42],[-5.937236,41.454071,11513.82]]},"properties":{"name":"P-227","description":{"@type":"html","value":"<div><div><span><b>Altitude:</b></span> <span>37,275 ft - 37,775 ft</span></div>\n<div><span><b>Speed:</b></span> <span>458 kt - 456 kt</span></div>\n<div><span><b>Timestamp:</b></span><br/><span>2026-05-21 14:39:47 UTC<br/>2026-05-21 14:40:19 UTC</span></div>\n</div>"},"stroke-opacity":1,"stroke":"#ff0096","stroke-width":2}},{"type":"Feature","geometry":{"type":"LineString","coordinates":[[-5.937236,41.454071,11513.82],[-5.892951,41.511654,11582.4]]},"properties":{"name":"P-228","description":{"@type":"html","value":"<div><div><span><b>Altitude:</b></span> <span>37,775 ft - 38,000 ft</span></div>\n<div><span><b>Speed:</b></span> <span>456 kt - 460 kt</span></div>\n<div><span><b>Timestamp:</b></span><br/><span>2026-05-21 14:40:19 UTC<br/>2026-05-21 14:40:50 UTC</span></div>\n</div>"},"stroke-opacity":1,"stroke":"#ff00ae","stroke-width":2}},{"type":"Feature","geometry":{"type":"LineString","coordinates":[[-5.892951,41.511654,11582.4],[-5.847536,41.570892,11590.02]]},"properties":{"name":"P-229","description":{"@type":"html","value":"<div><div><span><b>Altitude:</b></span> <span>38,000 ft - 38,025 ft</span></div>\n<div><span><b>Speed:</b></span> <span>460 kt - 464 kt</span></div>\n<div><span><b>Timestamp:</b></span><br/><span>2026-05-21 14:40:50 UTC<br/>2026-05-21 14:41:22 UTC</span></div>\n</div>"},"stroke-opacity":1,"stroke":"#ff00ae","stroke-width":2}},{"type":"Feature","geometry":{"type":"LineString","coordinates":[[-5.847536,41.570892,11590.02],[-5.802654,41.629578,11582.4]]},"properties":{"name":"P-230","description":{"@type":"html","value":"<div><div><span><b>Altitude:</b></span> <span>38,025 ft - 38,000 ft</span></div>\n<div><span><b>Speed:</b></span> <span>464 kt</span></div>\n<div><span><b>Timestamp:</b></span><br/><span>2026-05-21 14:41:22 UTC<br/>2026-05-21 14:41:53 UTC</span></div>\n</div>"},"stroke-opacity":1,"stroke":"#ff00ae","stroke-width":2}},{"type":"Feature","geometry":{"type":"LineString","coordinates":[[-5.802654,41.629578,11582.4],[-5.759646,41.685432,11582.4]]},"properties":{"name":"P-231","description":{"@type":"html","value":"<div><div><span><b>Altitude:</b></span> <span>38,000 ft</span></div>\n<div><span><b>Speed:</b></span> <span>464 kt - 465 kt</span></div>\n<div><span><b>Timestamp:</b></span><br/><span>2026-05-21 14:41:53 UTC<br/>2026-05-21 14:42:24 UTC</span></div>\n</div>"},"stroke-opacity":1,"stroke":"#ff00ae","stroke-width":2}},{"type":"Feature","geometry":{"type":"LineString","coordinates":[[-5.759646,41.685432,11582.4],[-5.712699,41.745998,11582.4]]},"properties":{"name":"P-232","description":{"@type":"html","value":"<div><div><span><b>Altitude:</b></span> <span>38,000 ft</span></div>\n<div><span><b>Speed:</b></span> <span>465 kt - 464 kt</span></div>\n<div><span><b>Timestamp:</b></span><br/><span>2026-05-21 14:42:24 UTC<br/>2026-05-21 14:42:56 UTC</span></div>\n</div>"},"stroke-opacity":1,"stroke":"#ff00ae","stroke-width":2}},{"type":"Feature","geometry":{"type":"LineString","coordinates":[[-5.712699,41.745998,11582.4],[-5.66701,41.80513,11582.4]]},"properties":{"name":"P-233","description":{"@type":"html","value":"<div><div><span><b>Altitude:</b></span> <span>38,000 ft</span></div>\n<div><span><b>Speed:</b></span> <span>464 kt</span></div>\n<div><span><b>Timestamp:</b></span><br/><span>2026-05-21 14:42:56 UTC<br/>2026-05-21 14:43:28 UTC</span></div>\n</div>"},"stroke-opacity":1,"stroke":"#ff00ae","stroke-width":2}},{"type":"Feature","geometry":{"type":"LineString","coordinates":[[-5.66701,41.80513,11582.4],[-5.62219,41.862659,11582.4]]},"properties":{"name":"P-234","description":{"@type":"html","value":"<div><div><span><b>Altitude:</b></span> <span>38,000 ft</span></div>\n<div><span><b>Speed:</b></span> <span>464 kt - 465 kt</span></div>\n<div><span><b>Timestamp:</b></span><br/><span>2026-05-21 14:43:28 UTC<br/>2026-05-21 14:43:59 UTC</span></div>\n</div>"},"stroke-opacity":1,"stroke":"#ff00ae","stroke-width":2}},{"type":"Feature","geometry":{"type":"LineString","coordinates":[[-5.62219,41.862659,11582.4],[-5.576373,41.921631,11582.4]]},"properties":{"name":"P-235","description":{"@type":"html","value":"<div><div><span><b>Altitude:</b></span> <span>38,000 ft</span></div>\n<div><span><b>Speed:</b></span> <span>465 kt</span></div>\n<div><span><b>Timestamp:</b></span><br/><span>2026-05-21 14:43:59 UTC<br/>2026-05-21 14:44:31 UTC</span></div>\n</div>"},"stroke-opacity":1,"stroke":"#ff00ae","stroke-width":2}},{"type":"Feature","geometry":{"type":"LineString","coordinates":[[-5.576373,41.921631,11582.4],[-5.532382,41.978573,11582.4]]},"properties":{"name":"P-236","description":{"@type":"html","value":"<div><div><span><b>Altitude:</b></span> <span>38,000 ft</span></div>\n<div><span><b>Speed:</b></span> <span>465 kt - 464 kt</span></div>\n<div><span><b>Timestamp:</b></span><br/><span>2026-05-21 14:44:31 UTC<br/>2026-05-21 14:45:01 UTC</span></div>\n</div>"},"stroke-opacity":1,"stroke":"#ff00ae","stroke-width":2}},{"type":"Feature","geometry":{"type":"LineString","coordinates":[[-5.532382,41.978573,11582.4],[-5.489419,42.03923,11582.4]]},"properties":{"name":"P-237","description":{"@type":"html","value":"<div><div><span><b>Altitude:</b></span> <span>38,000 ft</span></div>\n<div><span><b>Speed:</b></span> <span>464 kt - 463 kt</span></div>\n<div><span><b>Timestamp:</b></span><br/><span>2026-05-21 14:45:01 UTC<br/>2026-05-21 14:45:33 UTC</span></div>\n</div>"},"stroke-opacity":1,"stroke":"#ff00ae","stroke-width":2}},{"type":"Feature","geometry":{"type":"LineString","coordinates":[[-5.489419,42.03923,11582.4],[-5.452153,42.102081,11582.4]]},"properties":{"name":"P-238","description":{"@type":"html","value":"<div><div><span><b>Altitude:</b></span> <span>38,000 ft</span></div>\n<div><span><b>Speed:</b></span> <span>463 kt</span></div>\n<div><span><b>Timestamp:</b></span><br/><span>2026-05-21 14:45:33 UTC<br/>2026-05-21 14:46:05 UTC</span></div>\n</div>"},"stroke-opacity":1,"stroke":"#ff00ae","stroke-width":2}},{"type":"Feature","geometry":{"type":"LineString","coordinates":[[-5.452153,42.102081,11582.4],[-5.413576,42.165298,11582.4]]},"properties":{"name":"P-239","description":{"@type":"html","value":"<div><div><span><b>Altitude:</b></span> <span>38,000 ft</span></div>\n<div><span><b>Speed:</b></span> <span>463 kt - 464 kt</span></div>\n<div><span><b>Timestamp:</b></span><br/><span>2026-05-21 14:46:05 UTC<br/>2026-05-21 14:46:38 UTC</span></div>\n</div>"},"stroke-opacity":1,"stroke":"#ff00ae","stroke-width":2}},{"type":"Feature","geometry":{"type":"LineString","coordinates":[[-5.413576,42.165298,11582.4],[-5.374869,42.226604,11582.4]]},"properties":{"name":"P-240","description":{"@type":"html","value":"<div><div><span><b>Altitude:</b></span> <span>38,000 ft</span></div>\n<div><span><b>Speed:</b></span> <span>464 kt - 463 kt</span></div>\n<div><span><b>Timestamp:</b></span><br/><span>2026-05-21 14:46:38 UTC<br/>2026-05-21 14:47:09 UTC</span></div>\n</div>"},"stroke-opacity":1,"stroke":"#ff00ae","stroke-width":2}},{"type":"Feature","geometry":{"type":"LineString","coordinates":[[-5.374869,42.226604,11582.4],[-5.334756,42.289497,11574.78]]},"properties":{"name":"P-241","description":{"@type":"html","value":"<div><div><span><b>Altitude:</b></span> <span>38,000 ft - 37,975 ft</span></div>\n<div><span><b>Speed:</b></span> <span>463 kt - 464 kt</span></div>\n<div><span><b>Timestamp:</b></span><br/><span>2026-05-21 14:47:09 UTC<br/>2026-05-21 14:47:42 UTC</span></div>\n</div>"},"stroke-opacity":1,"stroke":"#ff00ae","stroke-width":2}},{"type":"Feature","geometry":{"type":"LineString","coordinates":[[-5.334756,42.289497,11574.78],[-5.297773,42.347359,11582.4]]},"properties":{"name":"P-242","description":{"@type":"html","value":"<div><div><span><b>Altitude:</b></span> <span>37,975 ft - 38,000 ft</span></div>\n<div><span><b>Speed:</b></span> <span>464 kt</span></div>\n<div><span><b>Timestamp:</b></span><br/><span>2026-05-21 14:47:42 UTC<br/>2026-05-21 14:48:12 UTC</span></div>\n</div>"},"stroke-opacity":1,"stroke":"#ff00ae","stroke-width":2}},{"type":"Feature","geometry":{"type":"LineString","coordinates":[[-5.297773,42.347359,11582.4],[-5.258235,42.409416,11582.4]]},"properties":{"name":"P-243","description":{"@type":"html","value":"<div><div><span><b>Altitude:</b></span> <span>38,000 ft</span></div>\n<div><span><b>Speed:</b></span> <span>464 kt</span></div>\n<div><span><b>Timestamp:</b></span><br/><span>2026-05-21 14:48:12 UTC<br/>2026-05-21 14:48:44 UTC</span></div>\n</div>"},"stroke-opacity":1,"stroke":"#ff00ae","stroke-width":2}},{"type":"Feature","geometry":{"type":"LineString","coordinates":[[-5.258235,42.409416,11582.4],[-5.219208,42.47049,11582.4]]},"properties":{"name":"P-244","description":{"@type":"html","value":"<div><div><span><b>Altitude:</b></span> <span>38,000 ft</span></div>\n<div><span><b>Speed:</b></span> <span>464 kt - 465 kt</span></div>\n<div><span><b>Timestamp:</b></span><br/><span>2026-05-21 14:48:44 UTC<br/>2026-05-21 14:49:16 UTC</span></div>\n</div>"},"stroke-opacity":1,"stroke":"#ff00ae","stroke-width":2}},{"type":"Feature","geometry":{"type":"LineString","coordinates":[[-5.219208,42.47049,11582.4],[-5.179734,42.53194,11590.02]]},"properties":{"name":"P-245","description":{"@type":"html","value":"<div><div><span><b>Altitude:</b></span> <span>38,000 ft - 38,025 ft</span></div>\n<div><span><b>Speed:</b></span> <span>465 kt - 464 kt</span></div>\n<div><span><b>Timestamp:</b></span><br/><span>2026-05-21 14:49:16 UTC<br/>2026-05-21 14:49:47 UTC</span></div>\n</div>"},"stroke-opacity":1,"stroke":"#ff00ae","stroke-width":2}},{"type":"Feature","geometry":{"type":"LineString","coordinates":[[-5.179734,42.53194,11590.02],[-5.140291,42.593674,11590.02]]},"properties":{"name":"P-246","description":{"@type":"html","value":"<div><div><span><b>Altitude:</b></span> <span>38,025 ft</span></div>\n<div><span><b>Speed:</b></span> <span>464 kt - 463 kt</span></div>\n<div><span><b>Timestamp:</b></span><br/><span>2026-05-21 14:49:47 UTC<br/>2026-05-21 14:50:19 UTC</span></div>\n</div>"},"stroke-opacity":1,"stroke":"#ff00ae","stroke-width":2}},{"type":"Feature","geometry":{"type":"LineString","coordinates":[[-5.140291,42.593674,11590.02],[-5.100715,42.655197,11582.4]]},"properties":{"name":"P-247","description":{"@type":"html","value":"<div><div><span><b>Altitude:</b></span> <span>38,025 ft - 38,000 ft</span></div>\n<div><span><b>Speed:</b></span> <span>463 kt - 462 kt</span></div>\n<div><span><b>Timestamp:</b></span><br/><span>2026-05-21 14:50:19 UTC<br/>2026-05-21 14:50:51 UTC</span></div>\n</div>"},"stroke-opacity":1,"stroke":"#ff00ae","stroke-width":2}},{"type":"Feature","geometry":{"type":"LineString","coordinates":[[-5.100715,42.655197,11582.4],[-5.061759,42.715496,11582.4]]},"properties":{"name":"P-248","description":{"@type":"html","value":"<div><div><span><b>Altitude:</b></span> <span>38,000 ft</span></div>\n<div><span><b>Speed:</b></span> <span>462 kt</span></div>\n<div><span><b>Timestamp:</b></span><br/><span>2026-05-21 14:50:51 UTC<br/>2026-05-21 14:51:22 UTC</span></div>\n</div>"},"stroke-opacity":1,"stroke":"#ff00ae","stroke-width":2}},{"type":"Feature","geometry":{"type":"LineString","coordinates":[[-5.061759,42.715496,11582.4],[-5.022093,42.776711,11582.4]]},"properties":{"name":"P-249","description":{"@type":"html","value":"<div><div><span><b>Altitude:</b></span> <span>38,000 ft</span></div>\n<div><span><b>Speed:</b></span> <span>462 kt</span></div>\n<div><span><b>Timestamp:</b></span><br/><span>2026-05-21 14:51:22 UTC<br/>2026-05-21 14:51:54 UTC</span></div>\n</div>"},"stroke-opacity":1,"stroke":"#ff00ae","stroke-width":2}},{"type":"Feature","geometry":{"type":"LineString","coordinates":[[-5.022093,42.776711,11582.4],[-4.982104,42.838394,11582.4]]},"properties":{"name":"P-250","description":{"@type":"html","value":"<div><div><span><b>Altitude:</b></span> <span>38,000 ft</span></div>\n<div><span><b>Speed:</b></span> <span>462 kt - 460 kt</span></div>\n<div><span><b>Timestamp:</b></span><br/><span>2026-05-21 14:51:54 UTC<br/>2026-05-21 14:52:25 UTC</span></div>\n</div>"},"stroke-opacity":1,"stroke":"#ff00ae","stroke-width":2}},{"type":"Feature","geometry":{"type":"LineString","coordinates":[[-4.982104,42.838394,11582.4],[-4.942605,42.899284,11582.4]]},"properties":{"name":"P-251","description":{"@type":"html","value":"<div><div><span><b>Altitude:</b></span> <span>38,000 ft</span></div>\n<div><span><b>Speed:</b></span> <span>460 kt - 459 kt</span></div>\n<div><span><b>Timestamp:</b></span><br/><span>2026-05-21 14:52:25 UTC<br/>2026-05-21 14:52:57 UTC</span></div>\n</div>"},"stroke-opacity":1,"stroke":"#ff00ae","stroke-width":2}},{"type":"Feature","geometry":{"type":"LineString","coordinates":[[-4.942605,42.899284,11582.4],[-4.902714,42.960781,11582.4]]},"properties":{"name":"P-252","description":{"@type":"html","value":"<div><div><span><b>Altitude:</b></span> <span>38,000 ft</span></div>\n<div><span><b>Speed:</b></span> <span>459 kt</span></div>\n<div><span><b>Timestamp:</b></span><br/><span>2026-05-21 14:52:57 UTC<br/>2026-05-21 14:53:29 UTC</span></div>\n</div>"},"stroke-opacity":1,"stroke":"#ff00ae","stroke-width":2}},{"type":"Feature","geometry":{"type":"LineString","coordinates":[[-4.902714,42.960781,11582.4],[-4.863175,43.021271,11582.4]]},"properties":{"name":"P-253","description":{"@type":"html","value":"<div><div><span><b>Altitude:</b></span> <span>38,000 ft</span></div>\n<div><span><b>Speed:</b></span> <span>459 kt</span></div>\n<div><span><b>Timestamp:</b></span><br/><span>2026-05-21 14:53:29 UTC<br/>2026-05-21 14:54:01 UTC</span></div>\n</div>"},"stroke-opacity":1,"stroke":"#ff00ae","stroke-width":2}},{"type":"Feature","geometry":{"type":"LineString","coordinates":[[-4.863175,43.021271,11582.4],[-4.823573,43.081833,11574.78]]},"properties":{"name":"P-254","description":{"@type":"html","value":"<div><div><span><b>Altitude:</b></span> <span>38,000 ft - 37,975 ft</span></div>\n<div><span><b>Speed:</b></span> <span>459 kt</span></div>\n<div><span><b>Timestamp:</b></span><br/><span>2026-05-21 14:54:01 UTC<br/>2026-05-21 14:54:32 UTC</span></div>\n</div>"},"stroke-opacity":1,"stroke":"#ff00ae","stroke-width":2}},{"type":"Feature","geometry":{"type":"LineString","coordinates":[[-4.823573,43.081833,11574.78],[-4.783826,43.142239,11582.4]]},"properties":{"name":"P-255","description":{"@type":"html","value":"<div><div><span><b>Altitude:</b></span> <span>37,975 ft - 38,000 ft</span></div>\n<div><span><b>Speed:</b></span> <span>459 kt - 460 kt</span></div>\n<div><span><b>Timestamp:</b></span><br/><span>2026-05-21 14:54:32 UTC<br/>2026-05-21 14:55:04 UTC</span></div>\n</div>"},"stroke-opacity":1,"stroke":"#ff00ae","stroke-width":2}},{"type":"Feature","geometry":{"type":"LineString","coordinates":[[-4.783826,43.142239,11582.4],[-4.743478,43.203644,11574.78]]},"properties":{"name":"P-256","description":{"@type":"html","value":"<div><div><span><b>Altitude:</b></span> <span>38,000 ft - 37,975 ft</span></div>\n<div><span><b>Speed:</b></span> <span>460 kt - 461 kt</span></div>\n<div><span><b>Timestamp:</b></span><br/><span>2026-05-21 14:55:04 UTC<br/>2026-05-21 14:55:36 UTC</span></div>\n</div>"},"stroke-opacity":1,"stroke":"#ff00ae","stroke-width":2}},{"type":"Feature","geometry":{"type":"LineString","coordinates":[[-4.743478,43.203644,11574.78],[-4.70317,43.26535,11590.02]]},"properties":{"name":"P-257","description":{"@type":"html","value":"<div><div><span><b>Altitude:</b></span> <span>37,975 ft - 38,025 ft</span></div>\n<div><span><b>Speed:</b></span> <span>461 kt - 462 kt</span></div>\n<div><span><b>Timestamp:</b></span><br/><span>2026-05-21 14:55:36 UTC<br/>2026-05-21 14:56:08 UTC</span></div>\n</div>"},"stroke-opacity":1,"stroke":"#ff00ae","stroke-width":2}},{"type":"Feature","geometry":{"type":"LineString","coordinates":[[-4.70317,43.26535,11590.02],[-4.663313,43.325363,11582.4]]},"properties":{"name":"P-258","description":{"@type":"html","value":"<div><div><span><b>Altitude:</b></span> <span>38,025 ft - 38,000 ft</span></div>\n<div><span><b>Speed:</b></span> <span>462 kt - 460 kt</span></div>\n<div><span><b>Timestamp:</b></span><br/><span>2026-05-21 14:56:08 UTC<br/>2026-05-21 14:56:39 UTC</span></div>\n</div>"},"stroke-opacity":1,"stroke":"#ff00ae","stroke-width":2}},{"type":"Feature","geometry":{"type":"LineString","coordinates":[[-4.663313,43.325363,11582.4],[-4.623009,43.386246,11582.4]]},"properties":{"name":"P-259","description":{"@type":"html","value":"<div><div><span><b>Altitude:</b></span> <span>38,000 ft</span></div>\n<div><span><b>Speed:</b></span> <span>460 kt</span></div>\n<div><span><b>Timestamp:</b></span><br/><span>2026-05-21 14:56:39 UTC<br/>2026-05-21 14:57:11 UTC</span></div>\n</div>"},"stroke-opacity":1,"stroke":"#ff00ae","stroke-width":2}},{"type":"Feature","geometry":{"type":"LineString","coordinates":[[-4.623009,43.386246,11582.4],[-4.582149,43.44809,11582.4]]},"properties":{"name":"P-260","description":{"@type":"html","value":"<div><div><span><b>Altitude:</b></span> <span>38,000 ft</span></div>\n<div><span><b>Speed:</b></span> <span>460 kt - 462 kt</span></div>\n<div><span><b>Timestamp:</b></span><br/><span>2026-05-21 14:57:11 UTC<br/>2026-05-21 14:57:43 UTC</span></div>\n</div>"},"stroke-opacity":1,"stroke":"#ff00ae","stroke-width":2}},{"type":"Feature","geometry":{"type":"LineString","coordinates":[[-4.582149,43.44809,11582.4],[-4.542336,43.507965,11582.4]]},"properties":{"name":"P-261","description":{"@type":"html","value":"<div><div><span><b>Altitude:</b></span> <span>38,000 ft</span></div>\n<div><span><b>Speed:</b></span> <span>462 kt</span></div>\n<div><span><b>Timestamp:</b></span><br/><span>2026-05-21 14:57:43 UTC<br/>2026-05-21 14:58:14 UTC</span></div>\n</div>"},"stroke-opacity":1,"stroke":"#ff00ae","stroke-width":2}},{"type":"Feature","geometry":{"type":"LineString","coordinates":[[-4.542336,43.507965,11582.4],[-4.501583,43.568985,11582.4]]},"properties":{"name":"P-262","description":{"@type":"html","value":"<div><div><span><b>Altitude:</b></span> <span>38,000 ft</span></div>\n<div><span><b>Speed:</b></span> <span>462 kt - 463 kt</span></div>\n<div><span><b>Timestamp:</b></span><br/><span>2026-05-21 14:58:14 UTC<br/>2026-05-21 14:58:46 UTC</span></div>\n</div>"},"stroke-opacity":1,"stroke":"#ff00ae","stroke-width":2}},{"type":"Feature","geometry":{"type":"LineString","coordinates":[[-4.501583,43.568985,11582.4],[-4.459938,43.631332,11582.4]]},"properties":{"name":"P-263","description":{"@type":"html","value":"<div><div><span><b>Altitude:</b></span> <span>38,000 ft</span></div>\n<div><span><b>Speed:</b></span> <span>463 kt - 464 kt</span></div>\n<div><span><b>Timestamp:</b></span><br/><span>2026-05-21 14:58:46 UTC<br/>2026-05-21 14:59:19 UTC</span></div>\n</div>"},"stroke-opacity":1,"stroke":"#ff00ae","stroke-width":2}},{"type":"Feature","geometry":{"type":"LineString","coordinates":[[-4.459938,43.631332,11582.4],[-4.4204,43.690338,11590.02]]},"properties":{"name":"P-264","description":{"@type":"html","value":"<div><div><span><b>Altitude:</b></span> <span>38,000 ft - 38,025 ft</span></div>\n<div><span><b>Speed:</b></span> <span>464 kt - 466 kt</span></div>\n<div><span><b>Timestamp:</b></span><br/><span>2026-05-21 14:59:19 UTC<br/>2026-05-21 14:59:49 UTC</span></div>\n</div>"},"stroke-opacity":1,"stroke":"#ff00ae","stroke-width":2}},{"type":"Feature","geometry":{"type":"LineString","coordinates":[[-4.4204,43.690338,11590.02],[-4.378706,43.752399,11590.02]]},"properties":{"name":"P-265","description":{"@type":"html","value":"<div><div><span><b>Altitude:</b></span> <span>38,025 ft</span></div>\n<div><span><b>Speed:</b></span> <span>466 kt - 464 kt</span></div>\n<div><span><b>Timestamp:</b></span><br/><span>2026-05-21 14:59:49 UTC<br/>2026-05-21 15:00:21 UTC</span></div>\n</div>"},"stroke-opacity":1,"stroke":"#ff00ae","stroke-width":2}},{"type":"Feature","geometry":{"type":"LineString","coordinates":[[-4.378706,43.752399,11590.02],[-4.336853,43.815105,11590.02]]},"properties":{"name":"P-266","description":{"@type":"html","value":"<div><div><span><b>Altitude:</b></span> <span>38,025 ft</span></div>\n<div><span><b>Speed:</b></span> <span>464 kt</span></div>\n<div><span><b>Timestamp:</b></span><br/><span>2026-05-21 15:00:21 UTC<br/>2026-05-21 15:00:53 UTC</span></div>\n</div>"},"stroke-opacity":1,"stroke":"#ff00ae","stroke-width":2}},{"type":"Feature","geometry":{"type":"LineString","coordinates":[[-4.336853,43.815105,11590.02],[-4.29591,43.87619,11590.02]]},"properties":{"name":"P-267","description":{"@type":"html","value":"<div><div><span><b>Altitude:</b></span> <span>38,025 ft</span></div>\n<div><span><b>Speed:</b></span> <span>464 kt - 465 kt</span></div>\n<div><span><b>Timestamp:</b></span><br/><span>2026-05-21 15:00:53 UTC<br/>2026-05-21 15:01:25 UTC</span></div>\n</div>"},"stroke-opacity":1,"stroke":"#ff00ae","stroke-width":2}},{"type":"Feature","geometry":{"type":"LineString","coordinates":[[-4.29591,43.87619,11590.02],[-4.254063,43.938004,11590.02]]},"properties":{"name":"P-268","description":{"@type":"html","value":"<div><div><span><b>Altitude:</b></span> <span>38,025 ft</span></div>\n<div><span><b>Speed:</b></span> <span>465 kt - 464 kt</span></div>\n<div><span><b>Timestamp:</b></span><br/><span>2026-05-21 15:01:25 UTC<br/>2026-05-21 15:01:57 UTC</span></div>\n</div>"},"stroke-opacity":1,"stroke":"#ff00ae","stroke-width":2}},{"type":"Feature","geometry":{"type":"LineString","coordinates":[[-4.254063,43.938004,11590.02],[-4.212235,43.999512,11590.02]]},"properties":{"name":"P-269","description":{"@type":"html","value":"<div><div><span><b>Altitude:</b></span> <span>38,025 ft</span></div>\n<div><span><b>Speed:</b></span> <span>464 kt - 463 kt</span></div>\n<div><span><b>Timestamp:</b></span><br/><span>2026-05-21 15:01:57 UTC<br/>2026-05-21 15:02:29 UTC</span></div>\n</div>"},"stroke-opacity":1,"stroke":"#ff00ae","stroke-width":2}},{"type":"Feature","geometry":{"type":"LineString","coordinates":[[-4.212235,43.999512,11590.02],[-4.170554,44.061043,11582.4]]},"properties":{"name":"P-270","description":{"@type":"html","value":"<div><div><span><b>Altitude:</b></span> <span>38,025 ft - 38,000 ft</span></div>\n<div><span><b>Speed:</b></span> <span>463 kt - 462 kt</span></div>\n<div><span><b>Timestamp:</b></span><br/><span>2026-05-21 15:02:29 UTC<br/>2026-05-21 15:03:01 UTC</span></div>\n</div>"},"stroke-opacity":1,"stroke":"#ff00ae","stroke-width":2}},{"type":"Feature","geometry":{"type":"LineString","coordinates":[[-4.170554,44.061043,11582.4],[-4.129582,44.121506,11574.78]]},"properties":{"name":"P-271","description":{"@type":"html","value":"<div><div><span><b>Altitude:</b></span> <span>38,000 ft - 37,975 ft</span></div>\n<div><span><b>Speed:</b></span> <span>462 kt</span></div>\n<div><span><b>Timestamp:</b></span><br/><span>2026-05-21 15:03:01 UTC<br/>2026-05-21 15:03:33 UTC</span></div>\n</div>"},"stroke-opacity":1,"stroke":"#ff00ae","stroke-width":2}},{"type":"Feature","geometry":{"type":"LineString","coordinates":[[-4.129582,44.121506,11574.78],[-4.089022,44.181015,11574.78]]},"properties":{"name":"P-272","description":{"@type":"html","value":"<div><div><span><b>Altitude:</b></span> <span>37,975 ft</span></div>\n<div><span><b>Speed:</b></span> <span>462 kt</span></div>\n<div><span><b>Timestamp:</b></span><br/><span>2026-05-21 15:03:33 UTC<br/>2026-05-21 15:04:04 UTC</span></div>\n</div>"},"stroke-opacity":1,"stroke":"#ff00ae","stroke-width":2}},{"type":"Feature","geometry":{"type":"LineString","coordinates":[[-4.089022,44.181015,11574.78],[-4.046988,44.242641,11574.78]]},"properties":{"name":"P-273","description":{"@type":"html","value":"<div><div><span><b>Altitude:</b></span> <span>37,975 ft</span></div>\n<div><span><b>Speed:</b></span> <span>462 kt - 461 kt</span></div>\n<div><span><b>Timestamp:</b></span><br/><span>2026-05-21 15:04:04 UTC<br/>2026-05-21 15:04:36 UTC</span></div>\n</div>"},"stroke-opacity":1,"stroke":"#ff00ae","stroke-width":2}},{"type":"Feature","geometry":{"type":"LineString","coordinates":[[-4.046988,44.242641,11574.78],[-4.00504,44.303284,11574.78]]},"properties":{"name":"P-274","description":{"@type":"html","value":"<div><div><span><b>Altitude:</b></span> <span>37,975 ft</span></div>\n<div><span><b>Speed:</b></span> <span>461 kt - 462 kt</span></div>\n<div><span><b>Timestamp:</b></span><br/><span>2026-05-21 15:04:36 UTC<br/>2026-05-21 15:05:07 UTC</span></div>\n</div>"},"stroke-opacity":1,"stroke":"#ff00ae","stroke-width":2}},{"type":"Feature","geometry":{"type":"LineString","coordinates":[[-4.00504,44.303284,11574.78],[-3.975175,44.337234,11582.4]]},"properties":{"name":"P-275","description":{"@type":"html","value":"<div><div><span><b>Altitude:</b></span> <span>37,975 ft - 38,000 ft</span></div>\n<div><span><b>Speed:</b></span> <span>462 kt - 463 kt</span></div>\n<div><span><b>Timestamp:</b></span><br/><span>2026-05-21 15:05:07 UTC<br/>2026-05-21 15:05:26 UTC</span></div>\n</div>"},"stroke-opacity":1,"stroke":"#ff00ae","stroke-width":2}},{"type":"Feature","geometry":{"type":"LineString","coordinates":[[-3.975175,44.337234,11582.4],[-3.970773,44.341278,11582.4]]},"properties":{"name":"P-276","description":{"@type":"html","value":"<div><div><span><b>Altitude:</b></span> <span>38,000 ft</span></div>\n<div><span><b>Speed:</b></span> <span>463 kt</span></div>\n<div><span><b>Timestamp:</b></span><br/><span>2026-05-21 15:05:26 UTC<br/>2026-05-21 15:05:29 UTC</span></div>\n</div>"},"stroke-opacity":1,"stroke":"#ff00ae","stroke-width":2}},{"type":"Feature","geometry":{"type":"LineString","coordinates":[[-3.970773,44.341278,11582.4],[-3.966734,44.34473,11582.4]]},"properties":{"name":"P-277","description":{"@type":"html","value":"<div><div><span><b>Altitude:</b></span> <span>38,000 ft</span></div>\n<div><span><b>Speed:</b></span> <span>463 kt - 464 kt</span></div>\n<div><span><b>Timestamp:</b></span><br/><span>2026-05-21 15:05:29 UTC<br/>2026-05-21 15:05:31 UTC</span></div>\n</div>"},"stroke-opacity":1,"stroke":"#ff00ae","stroke-width":2}},{"type":"Feature","geometry":{"type":"LineString","coordinates":[[-3.966734,44.34473,11582.4],[-3.96286,44.347961,11582.4]]},"properties":{"name":"P-278","description":{"@type":"html","value":"<div><div><span><b>Altitude:</b></span> <span>38,000 ft</span></div>\n<div><span><b>Speed:</b></span> <span>464 kt - 463 kt</span></div>\n<div><span><b>Timestamp:</b></span><br/><span>2026-05-21 15:05:31 UTC<br/>2026-05-21 15:05:33 UTC</span></div>\n</div>"},"stroke-opacity":1,"stroke":"#ff00ae","stroke-width":2}},{"type":"Feature","geometry":{"type":"LineString","coordinates":[[-3.96286,44.347961,11582.4],[-3.959133,44.351028,11582.4]]},"properties":{"name":"P-279","description":{"@type":"html","value":"<div><div><span><b>Altitude:</b></span> <span>38,000 ft</span></div>\n<div><span><b>Speed:</b></span> <span>463 kt</span></div>\n<div><span><b>Timestamp:</b></span><br/><span>2026-05-21 15:05:33 UTC<br/>2026-05-21 15:05:35 UTC</span></div>\n</div>"},"stroke-opacity":1,"stroke":"#ff00ae","stroke-width":2}},{"type":"Feature","geometry":{"type":"LineString","coordinates":[[-3.959133,44.351028,11582.4],[-3.955346,44.354088,11582.4]]},"properties":{"name":"P-280","description":{"@type":"html","value":"<div><div><span><b>Altitude:</b></span> <span>38,000 ft</span></div>\n<div><span><b>Speed:</b></span> <span>463 kt</span></div>\n<div><span><b>Timestamp:</b></span><br/><span>2026-05-21 15:05:35 UTC<br/>2026-05-21 15:05:37 UTC</span></div>\n</div>"},"stroke-opacity":1,"stroke":"#ff00ae","stroke-width":2}},{"type":"Feature","geometry":{"type":"LineString","coordinates":[[-3.955346,44.354088,11582.4],[-3.950322,44.358044,11582.4]]},"properties":{"name":"P-281","description":{"@type":"html","value":"<div><div><span><b>Altitude:</b></span> <span>38,000 ft</span></div>\n<div><span><b>Speed:</b></span> <span>463 kt - 464 kt</span></div>\n<div><span><b>Timestamp:</b></span><br/><span>2026-05-21 15:05:37 UTC<br/>2026-05-21 15:05:39 UTC</span></div>\n</div>"},"stroke-opacity":1,"stroke":"#ff00ae","stroke-width":2}},{"type":"Feature","geometry":{"type":"LineString","coordinates":[[-3.950322,44.358044,11582.4],[-3.946302,44.36121,11582.4]]},"properties":{"name":"P-282","description":{"@type":"html","value":"<div><div><span><b>Altitude:</b></span> <span>38,000 ft</span></div>\n<div><span><b>Speed:</b></span> <span>464 kt</span></div>\n<div><span><b>Timestamp:</b></span><br/><span>2026-05-21 15:05:39 UTC<br/>2026-05-21 15:05:41 UTC</span></div>\n</div>"},"stroke-opacity":1,"stroke":"#ff00ae","stroke-width":2}},{"type":"Feature","geometry":{"type":"LineString","coordinates":[[-3.946302,44.36121,11582.4],[-3.943111,44.363754,11582.4]]},"properties":{"name":"P-283","description":{"@type":"html","value":"<div><div><span><b>Altitude:</b></span> <span>38,000 ft</span></div>\n<div><span><b>Speed:</b></span> <span>464 kt - 463 kt</span></div>\n<div><span><b>Timestamp:</b></span><br/><span>2026-05-21 15:05:41 UTC<br/>2026-05-21 15:05:43 UTC</span></div>\n</div>"},"stroke-opacity":1,"stroke":"#ff00ae","stroke-width":2}},{"type":"Feature","geometry":{"type":"LineString","coordinates":[[-3.943111,44.363754,11582.4],[-3.937862,44.367867,11582.4]]},"properties":{"name":"P-284","description":{"@type":"html","value":"<div><div><span><b>Altitude:</b></span> <span>38,000 ft</span></div>\n<div><span><b>Speed:</b></span> <span>463 kt</span></div>\n<div><span><b>Timestamp:</b></span><br/><span>2026-05-21 15:05:43 UTC<br/>2026-05-21 15:05:46 UTC</span></div>\n</div>"},"stroke-opacity":1,"stroke":"#ff00ae","stroke-width":2}},{"type":"Feature","geometry":{"type":"LineString","coordinates":[[-3.937862,44.367867,11582.4],[-3.933842,44.371033,11582.4]]},"properties":{"name":"P-285","description":{"@type":"html","value":"<div><div><span><b>Altitude:</b></span> <span>38,000 ft</span></div>\n<div><span><b>Speed:</b></span> <span>463 kt</span></div>\n<div><span><b>Timestamp:</b></span><br/><span>2026-05-21 15:05:46 UTC<br/>2026-05-21 15:05:48 UTC</span></div>\n</div>"},"stroke-opacity":1,"stroke":"#ff00ae","stroke-width":2}},{"type":"Feature","geometry":{"type":"LineString","coordinates":[[-3.933842,44.371033,11582.4],[-3.929443,44.374557,11582.4]]},"properties":{"name":"P-286","description":{"@type":"html","value":"<div><div><span><b>Altitude:</b></span> <span>38,000 ft</span></div>\n<div><span><b>Speed:</b></span> <span>463 kt</span></div>\n<div><span><b>Timestamp:</b></span><br/><span>2026-05-21 15:05:48 UTC<br/>2026-05-21 15:05:50 UTC</span></div>\n</div>"},"stroke-opacity":1,"stroke":"#ff00ae","stroke-width":2}},{"type":"Feature","geometry":{"type":"LineString","coordinates":[[-3.929443,44.374557,11582.4],[-3.866664,44.425964,11582.4]]},"properties":{"name":"P-287","description":{"@type":"html","value":"<div><div><span><b>Altitude:</b></span> <span>38,000 ft</span></div>\n<div><span><b>Speed:</b></span> <span>463 kt</span></div>\n<div><span><b>Timestamp:</b></span><br/><span>2026-05-21 15:05:50 UTC<br/>2026-05-21 15:06:21 UTC</span></div>\n</div>"},"stroke-opacity":1,"stroke":"#ff00ae","stroke-width":2}},{"type":"Feature","geometry":{"type":"LineString","coordinates":[[-3.866664,44.425964,11582.4],[-3.804418,44.477219,11582.4]]},"properties":{"name":"P-288","description":{"@type":"html","value":"<div><div><span><b>Altitude:</b></span> <span>38,000 ft</span></div>\n<div><span><b>Speed:</b></span> <span>463 kt - 464 kt</span></div>\n<div><span><b>Timestamp:</b></span><br/><span>2026-05-21 15:06:21 UTC<br/>2026-05-21 15:06:53 UTC</span></div>\n</div>"},"stroke-opacity":1,"stroke":"#ff00ae","stroke-width":2}},{"type":"Feature","geometry":{"type":"LineString","coordinates":[[-3.804418,44.477219,11582.4],[-3.742251,44.527679,11590.02]]},"properties":{"name":"P-289","description":{"@type":"html","value":"<div><div><span><b>Altitude:</b></span> <span>38,000 ft - 38,025 ft</span></div>\n<div><span><b>Speed:</b></span> <span>464 kt - 463 kt</span></div>\n<div><span><b>Timestamp:</b></span><br/><span>2026-05-21 15:06:53 UTC<br/>2026-05-21 15:07:25 UTC</span></div>\n</div>"},"stroke-opacity":1,"stroke":"#ff00ae","stroke-width":2}},{"type":"Feature","geometry":{"type":"LineString","coordinates":[[-3.742251,44.527679,11590.02],[-3.677807,44.579586,11582.4]]},"properties":{"name":"P-290","description":{"@type":"html","value":"<div><div><span><b>Altitude:</b></span> <span>38,025 ft - 38,000 ft</span></div>\n<div><span><b>Speed:</b></span> <span>463 kt - 462 kt</span></div>\n<div><span><b>Timestamp:</b></span><br/><span>2026-05-21 15:07:25 UTC<br/>2026-05-21 15:07:57 UTC</span></div>\n</div>"},"stroke-opacity":1,"stroke":"#ff00ae","stroke-width":2}},{"type":"Feature","geometry":{"type":"LineString","coordinates":[[-3.677807,44.579586,11582.4],[-3.612736,44.631775,11582.4]]},"properties":{"name":"P-291","description":{"@type":"html","value":"<div><div><span><b>Altitude:</b></span> <span>38,000 ft</span></div>\n<div><span><b>Speed:</b></span> <span>462 kt - 463 kt</span></div>\n<div><span><b>Timestamp:</b></span><br/><span>2026-05-21 15:07:57 UTC<br/>2026-05-21 15:08:30 UTC</span></div>\n</div>"},"stroke-opacity":1,"stroke":"#ff00ae","stroke-width":2}},{"type":"Feature","geometry":{"type":"LineString","coordinates":[[-3.612736,44.631775,11582.4],[-3.552336,44.680374,11582.4]]},"properties":{"name":"P-292","description":{"@type":"html","value":"<div><div><span><b>Altitude:</b></span> <span>38,000 ft</span></div>\n<div><span><b>Speed:</b></span> <span>463 kt - 462 kt</span></div>\n<div><span><b>Timestamp:</b></span><br/><span>2026-05-21 15:08:30 UTC<br/>2026-05-21 15:09:00 UTC</span></div>\n</div>"},"stroke-opacity":1,"stroke":"#ff00ae","stroke-width":2}},{"type":"Feature","geometry":{"type":"LineString","coordinates":[[-3.552336,44.680374,11582.4],[-3.48914,44.731064,11582.4]]},"properties":{"name":"P-293","description":{"@type":"html","value":"<div><div><span><b>Altitude:</b></span> <span>38,000 ft</span></div>\n<div><span><b>Speed:</b></span> <span>462 kt - 461 kt</span></div>\n<div><span><b>Timestamp:</b></span><br/><span>2026-05-21 15:09:00 UTC<br/>2026-05-21 15:09:32 UTC</span></div>\n</div>"},"stroke-opacity":1,"stroke":"#ff00ae","stroke-width":2}},{"type":"Feature","geometry":{"type":"LineString","coordinates":[[-3.48914,44.731064,11582.4],[-3.425119,44.782242,11582.4]]},"properties":{"name":"P-294","description":{"@type":"html","value":"<div><div><span><b>Altitude:</b></span> <span>38,000 ft</span></div>\n<div><span><b>Speed:</b></span> <span>461 kt</span></div>\n<div><span><b>Timestamp:</b></span><br/><span>2026-05-21 15:09:32 UTC<br/>2026-05-21 15:10:04 UTC</span></div>\n</div>"},"stroke-opacity":1,"stroke":"#ff00ae","stroke-width":2}},{"type":"Feature","geometry":{"type":"LineString","coordinates":[[-3.425119,44.782242,11582.4],[-3.361816,44.832691,11582.4]]},"properties":{"name":"P-295","description":{"@type":"html","value":"<div><div><span><b>Altitude:</b></span> <span>38,000 ft</span></div>\n<div><span><b>Speed:</b></span> <span>461 kt - 459 kt</span></div>\n<div><span><b>Timestamp:</b></span><br/><span>2026-05-21 15:10:04 UTC<br/>2026-05-21 15:10:36 UTC</span></div>\n</div>"},"stroke-opacity":1,"stroke":"#ff00ae","stroke-width":2}},{"type":"Feature","geometry":{"type":"LineString","coordinates":[[-3.361816,44.832691,11582.4],[-3.299181,44.882595,11582.4]]},"properties":{"name":"P-296","description":{"@type":"html","value":"<div><div><span><b>Altitude:</b></span> <span>38,000 ft</span></div>\n<div><span><b>Speed:</b></span> <span>459 kt - 460 kt</span></div>\n<div><span><b>Timestamp:</b></span><br/><span>2026-05-21 15:10:36 UTC<br/>2026-05-21 15:11:08 UTC</span></div>\n</div>"},"stroke-opacity":1,"stroke":"#ff00ae","stroke-width":2}},{"type":"Feature","geometry":{"type":"LineString","coordinates":[[-3.299181,44.882595,11582.4],[-3.23737,44.931564,11582.4]]},"properties":{"name":"P-297","description":{"@type":"html","value":"<div><div><span><b>Altitude:</b></span> <span>38,000 ft</span></div>\n<div><span><b>Speed:</b></span> <span>460 kt - 459 kt</span></div>\n<div><span><b>Timestamp:</b></span><br/><span>2026-05-21 15:11:08 UTC<br/>2026-05-21 15:11:38 UTC</span></div>\n</div>"},"stroke-opacity":1,"stroke":"#ff00ae","stroke-width":2}},{"type":"Feature","geometry":{"type":"LineString","coordinates":[[-3.23737,44.931564,11582.4],[-3.174915,44.981007,11574.78]]},"properties":{"name":"P-298","description":{"@type":"html","value":"<div><div><span><b>Altitude:</b></span> <span>38,000 ft - 37,975 ft</span></div>\n<div><span><b>Speed:</b></span> <span>459 kt</span></div>\n<div><span><b>Timestamp:</b></span><br/><span>2026-05-21 15:11:38 UTC<br/>2026-05-21 15:12:10 UTC</span></div>\n</div>"},"stroke-opacity":1,"stroke":"#ff00ae","stroke-width":2}},{"type":"Feature","geometry":{"type":"LineString","coordinates":[[-3.174915,44.981007,11574.78],[-3.111681,45.030945,11574.78]]},"properties":{"name":"P-299","description":{"@type":"html","value":"<div><div><span><b>Altitude:</b></span> <span>37,975 ft</span></div>\n<div><span><b>Speed:</b></span> <span>459 kt - 460 kt</span></div>\n<div><span><b>Timestamp:</b></span><br/><span>2026-05-21 15:12:10 UTC<br/>2026-05-21 15:12:41 UTC</span></div>\n</div>"},"stroke-opacity":1,"stroke":"#ff00ae","stroke-width":2}},{"type":"Feature","geometry":{"type":"LineString","coordinates":[[-3.111681,45.030945,11574.78],[-3.048505,45.080769,11582.4]]},"properties":{"name":"P-300","description":{"@type":"html","value":"<div><div><span><b>Altitude:</b></span> <span>37,975 ft - 38,000 ft</span></div>\n<div><span><b>Speed:</b></span> <span>460 kt</span></div>\n<div><span><b>Timestamp:</b></span><br/><span>2026-05-21 15:12:41 UTC<br/>2026-05-21 15:13:13 UTC</span></div>\n</div>"},"stroke-opacity":1,"stroke":"#ff00ae","stroke-width":2}},{"type":"Feature","geometry":{"type":"LineString","coordinates":[[-3.048505,45.080769,11582.4],[-2.983525,45.131927,11582.4]]},"properties":{"name":"P-301","description":{"@type":"html","value":"<div><div><span><b>Altitude:</b></span> <span>38,000 ft</span></div>\n<div><span><b>Speed:</b></span> <span>460 kt</span></div>\n<div><span><b>Timestamp:</b></span><br/><span>2026-05-21 15:13:13 UTC<br/>2026-05-21 15:13:45 UTC</span></div>\n</div>"},"stroke-opacity":1,"stroke":"#ff00ae","stroke-width":2}},{"type":"Feature","geometry":{"type":"LineString","coordinates":[[-2.983525,45.131927,11582.4],[-2.917263,45.183975,11582.4]]},"properties":{"name":"P-302","description":{"@type":"html","value":"<div><div><span><b>Altitude:</b></span> <span>38,000 ft</span></div>\n<div><span><b>Speed:</b></span> <span>460 kt</span></div>\n<div><span><b>Timestamp:</b></span><br/><span>2026-05-21 15:13:45 UTC<br/>2026-05-21 15:14:18 UTC</span></div>\n</div>"},"stroke-opacity":1,"stroke":"#ff00ae","stroke-width":2}},{"type":"Feature","geometry":{"type":"LineString","coordinates":[[-2.917263,45.183975,11582.4],[-2.853096,45.234016,11590.02]]},"properties":{"name":"P-303","description":{"@type":"html","value":"<div><div><span><b>Altitude:</b></span> <span>38,000 ft - 38,025 ft</span></div>\n<div><span><b>Speed:</b></span> <span>460 kt</span></div>\n<div><span><b>Timestamp:</b></span><br/><span>2026-05-21 15:14:18 UTC<br/>2026-05-21 15:14:50 UTC</span></div>\n</div>"},"stroke-opacity":1,"stroke":"#ff00ae","stroke-width":2}},{"type":"Feature","geometry":{"type":"LineString","coordinates":[[-2.853096,45.234016,11590.02],[-2.790724,45.282623,11590.02]]},"properties":{"name":"P-304","description":{"@type":"html","value":"<div><div><span><b>Altitude:</b></span> <span>38,025 ft</span></div>\n<div><span><b>Speed:</b></span> <span>460 kt</span></div>\n<div><span><b>Timestamp:</b></span><br/><span>2026-05-21 15:14:50 UTC<br/>2026-05-21 15:15:20 UTC</span></div>\n</div>"},"stroke-opacity":1,"stroke":"#ff00ae","stroke-width":2}},{"type":"Feature","geometry":{"type":"LineString","coordinates":[[-2.790724,45.282623,11590.02],[-2.726753,45.332428,11590.02]]},"properties":{"name":"P-305","description":{"@type":"html","value":"<div><div><span><b>Altitude:</b></span> <span>38,025 ft</span></div>\n<div><span><b>Speed:</b></span> <span>460 kt</span></div>\n<div><span><b>Timestamp:</b></span><br/><span>2026-05-21 15:15:20 UTC<br/>2026-05-21 15:15:52 UTC</span></div>\n</div>"},"stroke-opacity":1,"stroke":"#ff00ae","stroke-width":2}},{"type":"Feature","geometry":{"type":"LineString","coordinates":[[-2.726753,45.332428,11590.02],[-2.661307,45.383423,11590.02]]},"properties":{"name":"P-306","description":{"@type":"html","value":"<div><div><span><b>Altitude:</b></span> <span>38,025 ft</span></div>\n<div><span><b>Speed:</b></span> <span>460 kt - 458 kt</span></div>\n<div><span><b>Timestamp:</b></span><br/><span>2026-05-21 15:15:52 UTC<br/>2026-05-21 15:16:24 UTC</span></div>\n</div>"},"stroke-opacity":1,"stroke":"#ff00ae","stroke-width":2}},{"type":"Feature","geometry":{"type":"LineString","coordinates":[[-2.661307,45.383423,11590.02],[-2.596793,45.433449,11582.4]]},"properties":{"name":"P-307","description":{"@type":"html","value":"<div><div><span><b>Altitude:</b></span> <span>38,025 ft - 38,000 ft</span></div>\n<div><span><b>Speed:</b></span> <span>458 kt - 457 kt</span></div>\n<div><span><b>Timestamp:</b></span><br/><span>2026-05-21 15:16:24 UTC<br/>2026-05-21 15:16:56 UTC</span></div>\n</div>"},"stroke-opacity":1,"stroke":"#ff00ae","stroke-width":2}},{"type":"Feature","geometry":{"type":"LineString","coordinates":[[-2.596793,45.433449,11582.4],[-2.53261,45.482941,11582.4]]},"properties":{"name":"P-308","description":{"@type":"html","value":"<div><div><span><b>Altitude:</b></span> <span>38,000 ft</span></div>\n<div><span><b>Speed:</b></span> <span>457 kt</span></div>\n<div><span><b>Timestamp:</b></span><br/><span>2026-05-21 15:16:56 UTC<br/>2026-05-21 15:17:28 UTC</span></div>\n</div>"},"stroke-opacity":1,"stroke":"#ff00ae","stroke-width":2}},{"type":"Feature","geometry":{"type":"LineString","coordinates":[[-2.53261,45.482941,11582.4],[-2.468981,45.53183,11574.78]]},"properties":{"name":"P-309","description":{"@type":"html","value":"<div><div><span><b>Altitude:</b></span> <span>38,000 ft - 37,975 ft</span></div>\n<div><span><b>Speed:</b></span> <span>457 kt - 456 kt</span></div>\n<div><span><b>Timestamp:</b></span><br/><span>2026-05-21 15:17:28 UTC<br/>2026-05-21 15:17:59 UTC</span></div>\n</div>"},"stroke-opacity":1,"stroke":"#ff00ae","stroke-width":2}},{"type":"Feature","geometry":{"type":"LineString","coordinates":[[-2.468981,45.53183,11574.78],[-2.4048,45.581177,11574.78]]},"properties":{"name":"P-310","description":{"@type":"html","value":"<div><div><span><b>Altitude:</b></span> <span>37,975 ft</span></div>\n<div><span><b>Speed:</b></span> <span>456 kt</span></div>\n<div><span><b>Timestamp:</b></span><br/><span>2026-05-21 15:17:59 UTC<br/>2026-05-21 15:18:32 UTC</span></div>\n</div>"},"stroke-opacity":1,"stroke":"#ff00ae","stroke-width":2}},{"type":"Feature","geometry":{"type":"LineString","coordinates":[[-2.4048,45.581177,11574.78],[-2.339284,45.631393,11582.4]]},"properties":{"name":"P-311","description":{"@type":"html","value":"<div><div><span><b>Altitude:</b></span> <span>37,975 ft - 38,000 ft</span></div>\n<div><span><b>Speed:</b></span> <span>456 kt - 455 kt</span></div>\n<div><span><b>Timestamp:</b></span><br/><span>2026-05-21 15:18:32 UTC<br/>2026-05-21 15:19:03 UTC</span></div>\n</div>"},"stroke-opacity":1,"stroke":"#ff00ae","stroke-width":2}},{"type":"Feature","geometry":{"type":"LineString","coordinates":[[-2.339284,45.631393,11582.4],[-2.274925,45.680546,11582.4]]},"properties":{"name":"P-312","description":{"@type":"html","value":"<div><div><span><b>Altitude:</b></span> <span>38,000 ft</span></div>\n<div><span><b>Speed:</b></span> <span>455 kt - 456 kt</span></div>\n<div><span><b>Timestamp:</b></span><br/><span>2026-05-21 15:19:03 UTC<br/>2026-05-21 15:19:36 UTC</span></div>\n</div>"},"stroke-opacity":1,"stroke":"#ff00ae","stroke-width":2}},{"type":"Feature","geometry":{"type":"LineString","coordinates":[[-2.274925,45.680546,11582.4],[-2.211548,45.728962,11582.4]]},"properties":{"name":"P-313","description":{"@type":"html","value":"<div><div><span><b>Altitude:</b></span> <span>38,000 ft</span></div>\n<div><span><b>Speed:</b></span> <span>456 kt - 455 kt</span></div>\n<div><span><b>Timestamp:</b></span><br/><span>2026-05-21 15:19:36 UTC<br/>2026-05-21 15:20:07 UTC</span></div>\n</div>"},"stroke-opacity":1,"stroke":"#ff00ae","stroke-width":2}},{"type":"Feature","geometry":{"type":"LineString","coordinates":[[-2.211548,45.728962,11582.4],[-2.146111,45.77882,11582.4]]},"properties":{"name":"P-314","description":{"@type":"html","value":"<div><div><span><b>Altitude:</b></span> <span>38,000 ft</span></div>\n<div><span><b>Speed:</b></span> <span>455 kt</span></div>\n<div><span><b>Timestamp:</b></span><br/><span>2026-05-21 15:20:07 UTC<br/>2026-05-21 15:20:39 UTC</span></div>\n</div>"},"stroke-opacity":1,"stroke":"#ff00ae","stroke-width":2}},{"type":"Feature","geometry":{"type":"LineString","coordinates":[[-2.146111,45.77882,11582.4],[-2.079766,45.829102,11582.4]]},"properties":{"name":"P-315","description":{"@type":"html","value":"<div><div><span><b>Altitude:</b></span> <span>38,000 ft</span></div>\n<div><span><b>Speed:</b></span> <span>455 kt</span></div>\n<div><span><b>Timestamp:</b></span><br/><span>2026-05-21 15:20:39 UTC<br/>2026-05-21 15:21:11 UTC</span></div>\n</div>"},"stroke-opacity":1,"stroke":"#ff00ae","stroke-width":2}},{"type":"Feature","geometry":{"type":"LineString","coordinates":[[-2.079766,45.829102,11582.4],[-2.015579,45.877651,11582.4]]},"properties":{"name":"P-316","description":{"@type":"html","value":"<div><div><span><b>Altitude:</b></span> <span>38,000 ft</span></div>\n<div><span><b>Speed:</b></span> <span>455 kt</span></div>\n<div><span><b>Timestamp:</b></span><br/><span>2026-05-21 15:21:11 UTC<br/>2026-05-21 15:21:43 UTC</span></div>\n</div>"},"stroke-opacity":1,"stroke":"#ff00ae","stroke-width":2}},{"type":"Feature","geometry":{"type":"LineString","coordinates":[[-2.015579,45.877651,11582.4],[-1.950142,45.92709,11582.4]]},"properties":{"name":"P-317","description":{"@type":"html","value":"<div><div><span><b>Altitude:</b></span> <span>38,000 ft</span></div>\n<div><span><b>Speed:</b></span> <span>455 kt</span></div>\n<div><span><b>Timestamp:</b></span><br/><span>2026-05-21 15:21:43 UTC<br/>2026-05-21 15:22:15 UTC</span></div>\n</div>"},"stroke-opacity":1,"stroke":"#ff00ae","stroke-width":2}},{"type":"Feature","geometry":{"type":"LineString","coordinates":[[-1.950142,45.92709,11582.4],[-1.884293,45.976665,11582.4]]},"properties":{"name":"P-318","description":{"@type":"html","value":"<div><div><span><b>Altitude:</b></span> <span>38,000 ft</span></div>\n<div><span><b>Speed:</b></span> <span>455 kt - 456 kt</span></div>\n<div><span><b>Timestamp:</b></span><br/><span>2026-05-21 15:22:15 UTC<br/>2026-05-21 15:22:47 UTC</span></div>\n</div>"},"stroke-opacity":1,"stroke":"#ff00ae","stroke-width":2}},{"type":"Feature","geometry":{"type":"LineString","coordinates":[[-1.884293,45.976665,11582.4],[-1.818512,46.025826,11582.4]]},"properties":{"name":"P-319","description":{"@type":"html","value":"<div><div><span><b>Altitude:</b></span> <span>38,000 ft</span></div>\n<div><span><b>Speed:</b></span> <span>456 kt</span></div>\n<div><span><b>Timestamp:</b></span><br/><span>2026-05-21 15:22:47 UTC<br/>2026-05-21 15:23:18 UTC</span></div>\n</div>"},"stroke-opacity":1,"stroke":"#ff00ae","stroke-width":2}},{"type":"Feature","geometry":{"type":"LineString","coordinates":[[-1.818512,46.025826,11582.4],[-1.755615,46.072983,11582.4]]},"properties":{"name":"P-320","description":{"@type":"html","value":"<div><div><span><b>Altitude:</b></span> <span>38,000 ft</span></div>\n<div><span><b>Speed:</b></span> <span>456 kt</span></div>\n<div><span><b>Timestamp:</b></span><br/><span>2026-05-21 15:23:18 UTC<br/>2026-05-21 15:23:49 UTC</span></div>\n</div>"},"stroke-opacity":1,"stroke":"#ff00ae","stroke-width":2}},{"type":"Feature","geometry":{"type":"LineString","coordinates":[[-1.755615,46.072983,11582.4],[-1.689423,46.122654,11590.02]]},"properties":{"name":"P-321","description":{"@type":"html","value":"<div><div><span><b>Altitude:</b></span> <span>38,000 ft - 38,025 ft</span></div>\n<div><span><b>Speed:</b></span> <span>456 kt - 457 kt</span></div>\n<div><span><b>Timestamp:</b></span><br/><span>2026-05-21 15:23:49 UTC<br/>2026-05-21 15:24:21 UTC</span></div>\n</div>"},"stroke-opacity":1,"stroke":"#ff00ae","stroke-width":2}},{"type":"Feature","geometry":{"type":"LineString","coordinates":[[-1.689423,46.122654,11590.02],[-1.624123,46.171299,11590.02]]},"properties":{"name":"P-322","description":{"@type":"html","value":"<div><div><span><b>Altitude:</b></span> <span>38,025 ft</span></div>\n<div><span><b>Speed:</b></span> <span>457 kt</span></div>\n<div><span><b>Timestamp:</b></span><br/><span>2026-05-21 15:24:21 UTC<br/>2026-05-21 15:24:53 UTC</span></div>\n</div>"},"stroke-opacity":1,"stroke":"#ff00ae","stroke-width":2}},{"type":"Feature","geometry":{"type":"LineString","coordinates":[[-1.624123,46.171299,11590.02],[-1.559029,46.219574,11590.02]]},"properties":{"name":"P-323","description":{"@type":"html","value":"<div><div><span><b>Altitude:</b></span> <span>38,025 ft</span></div>\n<div><span><b>Speed:</b></span> <span>457 kt</span></div>\n<div><span><b>Timestamp:</b></span><br/><span>2026-05-21 15:24:53 UTC<br/>2026-05-21 15:25:24 UTC</span></div>\n</div>"},"stroke-opacity":1,"stroke":"#ff00ae","stroke-width":2}},{"type":"Feature","geometry":{"type":"LineString","coordinates":[[-1.559029,46.219574,11590.02],[-1.492149,46.269295,11582.4]]},"properties":{"name":"P-324","description":{"@type":"html","value":"<div><div><span><b>Altitude:</b></span> <span>38,025 ft - 38,000 ft</span></div>\n<div><span><b>Speed:</b></span> <span>457 kt</span></div>\n<div><span><b>Timestamp:</b></span><br/><span>2026-05-21 15:25:24 UTC<br/>2026-05-21 15:25:56 UTC</span></div>\n</div>"},"stroke-opacity":1,"stroke":"#ff00ae","stroke-width":2}},{"type":"Feature","geometry":{"type":"LineString","coordinates":[[-1.492149,46.269295,11582.4],[-1.425543,46.318634,11582.4]]},"properties":{"name":"P-325","description":{"@type":"html","value":"<div><div><span><b>Altitude:</b></span> <span>38,000 ft</span></div>\n<div><span><b>Speed:</b></span> <span>457 kt</span></div>\n<div><span><b>Timestamp:</b></span><br/><span>2026-05-21 15:25:56 UTC<br/>2026-05-21 15:26:28 UTC</span></div>\n</div>"},"stroke-opacity":1,"stroke":"#ff00ae","stroke-width":2}},{"type":"Feature","geometry":{"type":"LineString","coordinates":[[-1.425543,46.318634,11582.4],[-1.358116,46.368263,11582.4]]},"properties":{"name":"P-326","description":{"@type":"html","value":"<div><div><span><b>Altitude:</b></span> <span>38,000 ft</span></div>\n<div><span><b>Speed:</b></span> <span>457 kt - 456 kt</span></div>\n<div><span><b>Timestamp:</b></span><br/><span>2026-05-21 15:26:28 UTC<br/>2026-05-21 15:27:00 UTC</span></div>\n</div>"},"stroke-opacity":1,"stroke":"#ff00ae","stroke-width":2}},{"type":"Feature","geometry":{"type":"LineString","coordinates":[[-1.358116,46.368263,11582.4],[-1.292233,46.416824,11582.4]]},"properties":{"name":"P-327","description":{"@type":"html","value":"<div><div><span><b>Altitude:</b></span> <span>38,000 ft</span></div>\n<div><span><b>Speed:</b></span> <span>456 kt</span></div>\n<div><span><b>Timestamp:</b></span><br/><span>2026-05-21 15:27:00 UTC<br/>2026-05-21 15:27:32 UTC</span></div>\n</div>"},"stroke-opacity":1,"stroke":"#ff00ae","stroke-width":2}},{"type":"Feature","geometry":{"type":"LineString","coordinates":[[-1.292233,46.416824,11582.4],[-1.227104,46.464672,11582.4]]},"properties":{"name":"P-328","description":{"@type":"html","value":"<div><div><span><b>Altitude:</b></span> <span>38,000 ft</span></div>\n<div><span><b>Speed:</b></span> <span>456 kt - 455 kt</span></div>\n<div><span><b>Timestamp:</b></span><br/><span>2026-05-21 15:27:32 UTC<br/>2026-05-21 15:28:03 UTC</span></div>\n</div>"},"stroke-opacity":1,"stroke":"#ff00ae","stroke-width":2}},{"type":"Feature","geometry":{"type":"LineString","coordinates":[[-1.227104,46.464672,11582.4],[-1.161402,46.512589,11582.4]]},"properties":{"name":"P-329","description":{"@type":"html","value":"<div><div><span><b>Altitude:</b></span> <span>38,000 ft</span></div>\n<div><span><b>Speed:</b></span> <span>455 kt - 454 kt</span></div>\n<div><span><b>Timestamp:</b></span><br/><span>2026-05-21 15:28:03 UTC<br/>2026-05-21 15:28:35 UTC</span></div>\n</div>"},"stroke-opacity":1,"stroke":"#ff00ae","stroke-width":2}},{"type":"Feature","geometry":{"type":"LineString","coordinates":[[-1.161402,46.512589,11582.4],[-1.09468,46.56134,11582.4]]},"properties":{"name":"P-330","description":{"@type":"html","value":"<div><div><span><b>Altitude:</b></span> <span>38,000 ft</span></div>\n<div><span><b>Speed:</b></span> <span>454 kt - 453 kt</span></div>\n<div><span><b>Timestamp:</b></span><br/><span>2026-05-21 15:28:35 UTC<br/>2026-05-21 15:29:07 UTC</span></div>\n</div>"},"stroke-opacity":1,"stroke":"#ff00ae","stroke-width":2}},{"type":"Feature","geometry":{"type":"LineString","coordinates":[[-1.09468,46.56134,11582.4],[-1.029432,46.608994,11574.78]]},"properties":{"name":"P-331","description":{"@type":"html","value":"<div><div><span><b>Altitude:</b></span> <span>38,000 ft - 37,975 ft</span></div>\n<div><span><b>Speed:</b></span> <span>453 kt - 452 kt</span></div>\n<div><span><b>Timestamp:</b></span><br/><span>2026-05-21 15:29:07 UTC<br/>2026-05-21 15:29:38 UTC</span></div>\n</div>"},"stroke-opacity":1,"stroke":"#ff00ae","stroke-width":2}},{"type":"Feature","geometry":{"type":"LineString","coordinates":[[-1.029432,46.608994,11574.78],[-0.963089,46.657261,11574.78]]},"properties":{"name":"P-332","description":{"@type":"html","value":"<div><div><span><b>Altitude:</b></span> <span>37,975 ft</span></div>\n<div><span><b>Speed:</b></span> <span>452 kt</span></div>\n<div><span><b>Timestamp:</b></span><br/><span>2026-05-21 15:29:38 UTC<br/>2026-05-21 15:30:10 UTC</span></div>\n</div>"},"stroke-opacity":1,"stroke":"#ff00ae","stroke-width":2}},{"type":"Feature","geometry":{"type":"LineString","coordinates":[[-0.963089,46.657261,11574.78],[-0.897261,46.704895,11574.78]]},"properties":{"name":"P-333","description":{"@type":"html","value":"<div><div><span><b>Altitude:</b></span> <span>37,975 ft</span></div>\n<div><span><b>Speed:</b></span> <span>452 kt - 454 kt</span></div>\n<div><span><b>Timestamp:</b></span><br/><span>2026-05-21 15:30:10 UTC<br/>2026-05-21 15:30:41 UTC</span></div>\n</div>"},"stroke-opacity":1,"stroke":"#ff00ae","stroke-width":2}},{"type":"Feature","geometry":{"type":"LineString","coordinates":[[-0.897261,46.704895,11574.78],[-0.831477,46.752548,11574.78]]},"properties":{"name":"P-334","description":{"@type":"html","value":"<div><div><span><b>Altitude:</b></span> <span>37,975 ft</span></div>\n<div><span><b>Speed:</b></span> <span>454 kt - 456 kt</span></div>\n<div><span><b>Timestamp:</b></span><br/><span>2026-05-21 15:30:41 UTC<br/>2026-05-21 15:31:13 UTC</span></div>\n</div>"},"stroke-opacity":1,"stroke":"#ff00ae","stroke-width":2}},{"type":"Feature","geometry":{"type":"LineString","coordinates":[[-0.831477,46.752548,11574.78],[-0.763687,46.801479,11582.4]]},"properties":{"name":"P-335","description":{"@type":"html","value":"<div><div><span><b>Altitude:</b></span> <span>37,975 ft - 38,000 ft</span></div>\n<div><span><b>Speed:</b></span> <span>456 kt</span></div>\n<div><span><b>Timestamp:</b></span><br/><span>2026-05-21 15:31:13 UTC<br/>2026-05-21 15:31:44 UTC</span></div>\n</div>"},"stroke-opacity":1,"stroke":"#ff00ae","stroke-width":2}},{"type":"Feature","geometry":{"type":"LineString","coordinates":[[-0.763687,46.801479,11582.4],[-0.696121,46.849846,11590.02]]},"properties":{"name":"P-336","description":{"@type":"html","value":"<div><div><span><b>Altitude:</b></span> <span>38,000 ft - 38,025 ft</span></div>\n<div><span><b>Speed:</b></span> <span>456 kt</span></div>\n<div><span><b>Timestamp:</b></span><br/><span>2026-05-21 15:31:44 UTC<br/>2026-05-21 15:32:16 UTC</span></div>\n</div>"},"stroke-opacity":1,"stroke":"#ff00ae","stroke-width":2}},{"type":"Feature","geometry":{"type":"LineString","coordinates":[[-0.696121,46.849846,11590.02],[-0.628075,46.898575,11590.02]]},"properties":{"name":"P-337","description":{"@type":"html","value":"<div><div><span><b>Altitude:</b></span> <span>38,025 ft</span></div>\n<div><span><b>Speed:</b></span> <span>456 kt</span></div>\n<div><span><b>Timestamp:</b></span><br/><span>2026-05-21 15:32:16 UTC<br/>2026-05-21 15:32:48 UTC</span></div>\n</div>"},"stroke-opacity":1,"stroke":"#ff00ae","stroke-width":2}},{"type":"Feature","geometry":{"type":"LineString","coordinates":[[-0.628075,46.898575,11590.02],[-0.561539,46.946365,11590.02]]},"properties":{"name":"P-338","description":{"@type":"html","value":"<div><div><span><b>Altitude:</b></span> <span>38,025 ft</span></div>\n<div><span><b>Speed:</b></span> <span>456 kt</span></div>\n<div><span><b>Timestamp:</b></span><br/><span>2026-05-21 15:32:48 UTC<br/>2026-05-21 15:33:20 UTC</span></div>\n</div>"},"stroke-opacity":1,"stroke":"#ff00ae","stroke-width":2}},{"type":"Feature","geometry":{"type":"LineString","coordinates":[[-0.561539,46.946365,11590.02],[-0.492765,46.99551,11590.02]]},"properties":{"name":"P-339","description":{"@type":"html","value":"<div><div><span><b>Altitude:</b></span> <span>38,025 ft</span></div>\n<div><span><b>Speed:</b></span> <span>456 kt</span></div>\n<div><span><b>Timestamp:</b></span><br/><span>2026-05-21 15:33:20 UTC<br/>2026-05-21 15:33:52 UTC</span></div>\n</div>"},"stroke-opacity":1,"stroke":"#ff00ae","stroke-width":2}},{"type":"Feature","geometry":{"type":"LineString","coordinates":[[-0.492765,46.99551,11590.02],[-0.424416,47.044052,11590.02]]},"properties":{"name":"P-340","description":{"@type":"html","value":"<div><div><span><b>Altitude:</b></span> <span>38,025 ft</span></div>\n<div><span><b>Speed:</b></span> <span>456 kt</span></div>\n<div><span><b>Timestamp:</b></span><br/><span>2026-05-21 15:33:52 UTC<br/>2026-05-21 15:34:24 UTC</span></div>\n</div>"},"stroke-opacity":1,"stroke":"#ff00ae","stroke-width":2}},{"type":"Feature","geometry":{"type":"LineString","coordinates":[[-0.424416,47.044052,11590.02],[-0.358605,47.09066,11582.4]]},"properties":{"name":"P-341","description":{"@type":"html","value":"<div><div><span><b>Altitude:</b></span> <span>38,025 ft - 38,000 ft</span></div>\n<div><span><b>Speed:</b></span> <span>456 kt - 455 kt</span></div>\n<div><span><b>Timestamp:</b></span><br/><span>2026-05-21 15:34:24 UTC<br/>2026-05-21 15:34:55 UTC</span></div>\n</div>"},"stroke-opacity":1,"stroke":"#ff00ae","stroke-width":2}},{"type":"Feature","geometry":{"type":"LineString","coordinates":[[-0.358605,47.09066,11582.4],[-0.290926,47.138565,11582.4]]},"properties":{"name":"P-342","description":{"@type":"html","value":"<div><div><span><b>Altitude:</b></span> <span>38,000 ft</span></div>\n<div><span><b>Speed:</b></span> <span>455 kt - 454 kt</span></div>\n<div><span><b>Timestamp:</b></span><br/><span>2026-05-21 15:34:55 UTC<br/>2026-05-21 15:35:27 UTC</span></div>\n</div>"},"stroke-opacity":1,"stroke":"#ff00ae","stroke-width":2}},{"type":"Feature","geometry":{"type":"LineString","coordinates":[[-0.290926,47.138565,11582.4],[-0.223984,47.185913,11582.4]]},"properties":{"name":"P-343","description":{"@type":"html","value":"<div><div><span><b>Altitude:</b></span> <span>38,000 ft</span></div>\n<div><span><b>Speed:</b></span> <span>454 kt</span></div>\n<div><span><b>Timestamp:</b></span><br/><span>2026-05-21 15:35:27 UTC<br/>2026-05-21 15:35:58 UTC</span></div>\n</div>"},"stroke-opacity":1,"stroke":"#ff00ae","stroke-width":2}},{"type":"Feature","geometry":{"type":"LineString","coordinates":[[-0.223984,47.185913,11582.4],[-0.157173,47.232971,11582.4]]},"properties":{"name":"P-344","description":{"@type":"html","value":"<div><div><span><b>Altitude:</b></span> <span>38,000 ft</span></div>\n<div><span><b>Speed:</b></span> <span>454 kt - 452 kt</span></div>\n<div><span><b>Timestamp:</b></span><br/><span>2026-05-21 15:35:58 UTC<br/>2026-05-21 15:36:29 UTC</span></div>\n</div>"},"stroke-opacity":1,"stroke":"#ff00ae","stroke-width":2}},{"type":"Feature","geometry":{"type":"LineString","coordinates":[[-0.157173,47.232971,11582.4],[-0.090363,47.279846,11574.78]]},"properties":{"name":"P-345","description":{"@type":"html","value":"<div><div><span><b>Altitude:</b></span> <span>38,000 ft - 37,975 ft</span></div>\n<div><span><b>Speed:</b></span> <span>452 kt - 451 kt</span></div>\n<div><span><b>Timestamp:</b></span><br/><span>2026-05-21 15:36:29 UTC<br/>2026-05-21 15:37:01 UTC</span></div>\n</div>"},"stroke-opacity":1,"stroke":"#ff00ae","stroke-width":2}},{"type":"Feature","geometry":{"type":"LineString","coordinates":[[-0.090363,47.279846,11574.78],[-0.022888,47.327053,11574.78]]},"properties":{"name":"P-346","description":{"@type":"html","value":"<div><div><span><b>Altitude:</b></span> <span>37,975 ft</span></div>\n<div><span><b>Speed:</b></span> <span>451 kt</span></div>\n<div><span><b>Timestamp:</b></span><br/><span>2026-05-21 15:37:01 UTC<br/>2026-05-21 15:37:32 UTC</span></div>\n</div>"},"stroke-opacity":1,"stroke":"#ff00ae","stroke-width":2}},{"type":"Feature","geometry":{"type":"LineString","coordinates":[[-0.022888,47.327053,11574.78],[0.043259,47.373367,11574.78]]},"properties":{"name":"P-347","description":{"@type":"html","value":"<div><div><span><b>Altitude:</b></span> <span>37,975 ft</span></div>\n<div><span><b>Speed:</b></span> <span>451 kt</span></div>\n<div><span><b>Timestamp:</b></span><br/><span>2026-05-21 15:37:32 UTC<br/>2026-05-21 15:38:03 UTC</span></div>\n</div>"},"stroke-opacity":1,"stroke":"#ff00ae","stroke-width":2}},{"type":"Feature","geometry":{"type":"LineString","coordinates":[[0.043259,47.373367,11574.78],[0.110286,47.419739,11582.4]]},"properties":{"name":"P-348","description":{"@type":"html","value":"<div><div><span><b>Altitude:</b></span> <span>37,975 ft - 38,000 ft</span></div>\n<div><span><b>Speed:</b></span> <span>451 kt - 450 kt</span></div>\n<div><span><b>Timestamp:</b></span><br/><span>2026-05-21 15:38:03 UTC<br/>2026-05-21 15:38:34 UTC</span></div>\n</div>"},"stroke-opacity":1,"stroke":"#ff00ae","stroke-width":2}},{"type":"Feature","geometry":{"type":"LineString","coordinates":[[0.110286,47.419739,11582.4],[0.178322,47.46666,11582.4]]},"properties":{"name":"P-349","description":{"@type":"html","value":"<div><div><span><b>Altitude:</b></span> <span>38,000 ft</span></div>\n<div><span><b>Speed:</b></span> <span>450 kt - 451 kt</span></div>\n<div><span><b>Timestamp:</b></span><br/><span>2026-05-21 15:38:34 UTC<br/>2026-05-21 15:39:06 UTC</span></div>\n</div>"},"stroke-opacity":1,"stroke":"#ff00ae","stroke-width":2}},{"type":"Feature","geometry":{"type":"LineString","coordinates":[[0.178322,47.46666,11582.4],[0.246418,47.513447,11582.4]]},"properties":{"name":"P-350","description":{"@type":"html","value":"<div><div><span><b>Altitude:</b></span> <span>38,000 ft</span></div>\n<div><span><b>Speed:</b></span> <span>451 kt</span></div>\n<div><span><b>Timestamp:</b></span><br/><span>2026-05-21 15:39:06 UTC<br/>2026-05-21 15:39:37 UTC</span></div>\n</div>"},"stroke-opacity":1,"stroke":"#ff00ae","stroke-width":2}},{"type":"Feature","geometry":{"type":"LineString","coordinates":[[0.246418,47.513447,11582.4],[0.312286,47.558624,11582.4]]},"properties":{"name":"P-351","description":{"@type":"html","value":"<div><div><span><b>Altitude:</b></span> <span>38,000 ft</span></div>\n<div><span><b>Speed:</b></span> <span>451 kt - 452 kt</span></div>\n<div><span><b>Timestamp:</b></span><br/><span>2026-05-21 15:39:37 UTC<br/>2026-05-21 15:40:08 UTC</span></div>\n</div>"},"stroke-opacity":1,"stroke":"#ff00ae","stroke-width":2}},{"type":"Feature","geometry":{"type":"LineString","coordinates":[[0.312286,47.558624,11582.4],[0.381294,47.605865,11590.02]]},"properties":{"name":"P-352","description":{"@type":"html","value":"<div><div><span><b>Altitude:</b></span> <span>38,000 ft - 38,025 ft</span></div>\n<div><span><b>Speed:</b></span> <span>452 kt</span></div>\n<div><span><b>Timestamp:</b></span><br/><span>2026-05-21 15:40:08 UTC<br/>2026-05-21 15:40:39 UTC</span></div>\n</div>"},"stroke-opacity":1,"stroke":"#ff00ae","stroke-width":2}},{"type":"Feature","geometry":{"type":"LineString","coordinates":[[0.381294,47.605865,11590.02],[0.44727,47.651009,11590.02]]},"properties":{"name":"P-353","description":{"@type":"html","value":"<div><div><span><b>Altitude:</b></span> <span>38,025 ft</span></div>\n<div><span><b>Speed:</b></span> <span>452 kt - 451 kt</span></div>\n<div><span><b>Timestamp:</b></span><br/><span>2026-05-21 15:40:39 UTC<br/>2026-05-21 15:41:10 UTC</span></div>\n</div>"},"stroke-opacity":1,"stroke":"#ff00ae","stroke-width":2}},{"type":"Feature","geometry":{"type":"LineString","coordinates":[[0.44727,47.651009,11590.02],[0.516495,47.698517,11590.02]]},"properties":{"name":"P-354","description":{"@type":"html","value":"<div><div><span><b>Altitude:</b></span> <span>38,025 ft</span></div>\n<div><span><b>Speed:</b></span> <span>451 kt</span></div>\n<div><span><b>Timestamp:</b></span><br/><span>2026-05-21 15:41:10 UTC<br/>2026-05-21 15:41:42 UTC</span></div>\n</div>"},"stroke-opacity":1,"stroke":"#ff00ae","stroke-width":2}},{"type":"Feature","geometry":{"type":"LineString","coordinates":[[0.516495,47.698517,11590.02],[0.583855,47.744568,11590.02]]},"properties":{"name":"P-355","description":{"@type":"html","value":"<div><div><span><b>Altitude:</b></span> <span>38,025 ft</span></div>\n<div><span><b>Speed:</b></span> <span>451 kt - 450 kt</span></div>\n<div><span><b>Timestamp:</b></span><br/><span>2026-05-21 15:41:42 UTC<br/>2026-05-21 15:42:13 UTC</span></div>\n</div>"},"stroke-opacity":1,"stroke":"#ff00ae","stroke-width":2}},{"type":"Feature","geometry":{"type":"LineString","coordinates":[[0.583855,47.744568,11590.02],[0.65197,47.790939,11582.4]]},"properties":{"name":"P-356","description":{"@type":"html","value":"<div><div><span><b>Altitude:</b></span> <span>38,025 ft - 38,000 ft</span></div>\n<div><span><b>Speed:</b></span> <span>450 kt - 449 kt</span></div>\n<div><span><b>Timestamp:</b></span><br/><span>2026-05-21 15:42:13 UTC<br/>2026-05-21 15:42:45 UTC</span></div>\n</div>"},"stroke-opacity":1,"stroke":"#ff00ae","stroke-width":2}},{"type":"Feature","geometry":{"type":"LineString","coordinates":[[0.65197,47.790939,11582.4],[0.721013,47.837826,11582.4]]},"properties":{"name":"P-357","description":{"@type":"html","value":"<div><div><span><b>Altitude:</b></span> <span>38,000 ft</span></div>\n<div><span><b>Speed:</b></span> <span>449 kt</span></div>\n<div><span><b>Timestamp:</b></span><br/><span>2026-05-21 15:42:45 UTC<br/>2026-05-21 15:43:16 UTC</span></div>\n</div>"},"stroke-opacity":1,"stroke":"#ff00ae","stroke-width":2}},{"type":"Feature","geometry":{"type":"LineString","coordinates":[[0.721013,47.837826,11582.4],[0.788551,47.88382,11574.78]]},"properties":{"name":"P-358","description":{"@type":"html","value":"<div><div><span><b>Altitude:</b></span> <span>38,000 ft - 37,975 ft</span></div>\n<div><span><b>Speed:</b></span> <span>449 kt</span></div>\n<div><span><b>Timestamp:</b></span><br/><span>2026-05-21 15:43:16 UTC<br/>2026-05-21 15:43:47 UTC</span></div>\n</div>"},"stroke-opacity":1,"stroke":"#ff00ae","stroke-width":2}},{"type":"Feature","geometry":{"type":"LineString","coordinates":[[0.788551,47.88382,11574.78],[0.855032,47.929161,11582.4]]},"properties":{"name":"P-359","description":{"@type":"html","value":"<div><div><span><b>Altitude:</b></span> <span>37,975 ft - 38,000 ft</span></div>\n<div><span><b>Speed:</b></span> <span>449 kt</span></div>\n<div><span><b>Timestamp:</b></span><br/><span>2026-05-21 15:43:47 UTC<br/>2026-05-21 15:44:18 UTC</span></div>\n</div>"},"stroke-opacity":1,"stroke":"#ff00ae","stroke-width":2}},{"type":"Feature","geometry":{"type":"LineString","coordinates":[[0.855032,47.929161,11582.4],[0.923058,47.975281,11574.78]]},"properties":{"name":"P-360","description":{"@type":"html","value":"<div><div><span><b>Altitude:</b></span> <span>38,000 ft - 37,975 ft</span></div>\n<div><span><b>Speed:</b></span> <span>449 kt - 450 kt</span></div>\n<div><span><b>Timestamp:</b></span><br/><span>2026-05-21 15:44:18 UTC<br/>2026-05-21 15:44:50 UTC</span></div>\n</div>"},"stroke-opacity":1,"stroke":"#ff00ae","stroke-width":2}},{"type":"Feature","geometry":{"type":"LineString","coordinates":[[0.923058,47.975281,11574.78],[0.992889,48.022385,11582.4]]},"properties":{"name":"P-361","description":{"@type":"html","value":"<div><div><span><b>Altitude:</b></span> <span>37,975 ft - 38,000 ft</span></div>\n<div><span><b>Speed:</b></span> <span>450 kt - 449 kt</span></div>\n<div><span><b>Timestamp:</b></span><br/><span>2026-05-21 15:44:50 UTC<br/>2026-05-21 15:45:22 UTC</span></div>\n</div>"},"stroke-opacity":1,"stroke":"#ff00ae","stroke-width":2}},{"type":"Feature","geometry":{"type":"LineString","coordinates":[[0.992889,48.022385,11582.4],[1.0618,48.068771,11582.4]]},"properties":{"name":"P-362","description":{"@type":"html","value":"<div><div><span><b>Altitude:</b></span> <span>38,000 ft</span></div>\n<div><span><b>Speed:</b></span> <span>449 kt - 450 kt</span></div>\n<div><span><b>Timestamp:</b></span><br/><span>2026-05-21 15:45:22 UTC<br/>2026-05-21 15:45:53 UTC</span></div>\n</div>"},"stroke-opacity":1,"stroke":"#ff00ae","stroke-width":2}},{"type":"Feature","geometry":{"type":"LineString","coordinates":[[1.0618,48.068771,11582.4],[1.13063,48.114761,11582.4]]},"properties":{"name":"P-363","description":{"@type":"html","value":"<div><div><span><b>Altitude:</b></span> <span>38,000 ft</span></div>\n<div><span><b>Speed:</b></span> <span>450 kt - 451 kt</span></div>\n<div><span><b>Timestamp:</b></span><br/><span>2026-05-21 15:45:53 UTC<br/>2026-05-21 15:46:24 UTC</span></div>\n</div>"},"stroke-opacity":1,"stroke":"#ff00ae","stroke-width":2}},{"type":"Feature","geometry":{"type":"LineString","coordinates":[[1.13063,48.114761,11582.4],[1.197932,48.159966,11590.02]]},"properties":{"name":"P-364","description":{"@type":"html","value":"<div><div><span><b>Altitude:</b></span> <span>38,000 ft - 38,025 ft</span></div>\n<div><span><b>Speed:</b></span> <span>451 kt - 450 kt</span></div>\n<div><span><b>Timestamp:</b></span><br/><span>2026-05-21 15:46:24 UTC<br/>2026-05-21 15:46:55 UTC</span></div>\n</div>"},"stroke-opacity":1,"stroke":"#ff00ae","stroke-width":2}},{"type":"Feature","geometry":{"type":"LineString","coordinates":[[1.197932,48.159966,11590.02],[1.267186,48.206238,11590.02]]},"properties":{"name":"P-365","description":{"@type":"html","value":"<div><div><span><b>Altitude:</b></span> <span>38,025 ft</span></div>\n<div><span><b>Speed:</b></span> <span>450 kt</span></div>\n<div><span><b>Timestamp:</b></span><br/><span>2026-05-21 15:46:55 UTC<br/>2026-05-21 15:47:26 UTC</span></div>\n</div>"},"stroke-opacity":1,"stroke":"#ff00ae","stroke-width":2}},{"type":"Feature","geometry":{"type":"LineString","coordinates":[[1.267186,48.206238,11590.02],[1.336935,48.252651,11590.02]]},"properties":{"name":"P-366","description":{"@type":"html","value":"<div><div><span><b>Altitude:</b></span> <span>38,025 ft</span></div>\n<div><span><b>Speed:</b></span> <span>450 kt - 448 kt</span></div>\n<div><span><b>Timestamp:</b></span><br/><span>2026-05-21 15:47:26 UTC<br/>2026-05-21 15:47:58 UTC</span></div>\n</div>"},"stroke-opacity":1,"stroke":"#ff00ae","stroke-width":2}},{"type":"Feature","geometry":{"type":"LineString","coordinates":[[1.336935,48.252651,11590.02],[1.405475,48.298096,11582.4]]},"properties":{"name":"P-367","description":{"@type":"html","value":"<div><div><span><b>Altitude:</b></span> <span>38,025 ft - 38,000 ft</span></div>\n<div><span><b>Speed:</b></span> <span>448 kt</span></div>\n<div><span><b>Timestamp:</b></span><br/><span>2026-05-21 15:47:58 UTC<br/>2026-05-21 15:48:29 UTC</span></div>\n</div>"},"stroke-opacity":1,"stroke":"#ff00ae","stroke-width":2}},{"type":"Feature","geometry":{"type":"LineString","coordinates":[[1.405475,48.298096,11582.4],[1.473903,48.343521,11582.4]]},"properties":{"name":"P-368","description":{"@type":"html","value":"<div><div><span><b>Altitude:</b></span> <span>38,000 ft</span></div>\n<div><span><b>Speed:</b></span> <span>448 kt - 449 kt</span></div>\n<div><span><b>Timestamp:</b></span><br/><span>2026-05-21 15:48:29 UTC<br/>2026-05-21 15:49:01 UTC</span></div>\n</div>"},"stroke-opacity":1,"stroke":"#ff00ae","stroke-width":2}},{"type":"Feature","geometry":{"type":"LineString","coordinates":[[1.473903,48.343521,11582.4],[1.54741,48.391842,11582.4]]},"properties":{"name":"P-369","description":{"@type":"html","value":"<div><div><span><b>Altitude:</b></span> <span>38,000 ft</span></div>\n<div><span><b>Speed:</b></span> <span>449 kt</span></div>\n<div><span><b>Timestamp:</b></span><br/><span>2026-05-21 15:49:01 UTC<br/>2026-05-21 15:49:34 UTC</span></div>\n</div>"},"stroke-opacity":1,"stroke":"#ff00ae","stroke-width":2}},{"type":"Feature","geometry":{"type":"LineString","coordinates":[[1.54741,48.391842,11582.4],[1.616364,48.437229,11574.78]]},"properties":{"name":"P-370","description":{"@type":"html","value":"<div><div><span><b>Altitude:</b></span> <span>38,000 ft - 37,975 ft</span></div>\n<div><span><b>Speed:</b></span> <span>449 kt</span></div>\n<div><span><b>Timestamp:</b></span><br/><span>2026-05-21 15:49:34 UTC<br/>2026-05-21 15:50:05 UTC</span></div>\n</div>"},"stroke-opacity":1,"stroke":"#ff00ae","stroke-width":2}},{"type":"Feature","geometry":{"type":"LineString","coordinates":[[1.616364,48.437229,11574.78],[1.685823,48.482899,11582.4]]},"properties":{"name":"P-371","description":{"@type":"html","value":"<div><div><span><b>Altitude:</b></span> <span>37,975 ft - 38,000 ft</span></div>\n<div><span><b>Speed:</b></span> <span>449 kt</span></div>\n<div><span><b>Timestamp:</b></span><br/><span>2026-05-21 15:50:05 UTC<br/>2026-05-21 15:50:36 UTC</span></div>\n</div>"},"stroke-opacity":1,"stroke":"#ff00ae","stroke-width":2}},{"type":"Feature","geometry":{"type":"LineString","coordinates":[[1.685823,48.482899,11582.4],[1.7557,48.528717,11590.02]]},"properties":{"name":"P-372","description":{"@type":"html","value":"<div><div><span><b>Altitude:</b></span> <span>38,000 ft - 38,025 ft</span></div>\n<div><span><b>Speed:</b></span> <span>449 kt - 450 kt</span></div>\n<div><span><b>Timestamp:</b></span><br/><span>2026-05-21 15:50:36 UTC<br/>2026-05-21 15:51:07 UTC</span></div>\n</div>"},"stroke-opacity":1,"stroke":"#ff00ae","stroke-width":2}},{"type":"Feature","geometry":{"type":"LineString","coordinates":[[1.7557,48.528717,11590.02],[1.809645,48.559433,11582.4]]},"properties":{"name":"P-373","description":{"@type":"html","value":"<div><div><span><b>Altitude:</b></span> <span>38,025 ft - 38,000 ft</span></div>\n<div><span><b>Speed:</b></span> <span>450 kt - 452 kt</span></div>\n<div><span><b>Timestamp:</b></span><br/><span>2026-05-21 15:51:07 UTC<br/>2026-05-21 15:51:30 UTC</span></div>\n</div>"},"stroke-opacity":1,"stroke":"#ff00ae","stroke-width":2}},{"type":"Feature","geometry":{"type":"LineString","coordinates":[[1.809645,48.559433,11582.4],[1.815279,48.561722,11582.4]]},"properties":{"name":"P-374","description":{"@type":"html","value":"<div><div><span><b>Altitude:</b></span> <span>38,000 ft</span></div>\n<div><span><b>Speed:</b></span> <span>452 kt - 453 kt</span></div>\n<div><span><b>Timestamp:</b></span><br/><span>2026-05-21 15:51:30 UTC<br/>2026-05-21 15:51:32 UTC</span></div>\n</div>"},"stroke-opacity":1,"stroke":"#ff00ae","stroke-width":2}},{"type":"Feature","geometry":{"type":"LineString","coordinates":[[1.815279,48.561722,11582.4],[1.820491,48.56369,11582.4]]},"properties":{"name":"P-375","description":{"@type":"html","value":"<div><div><span><b>Altitude:</b></span> <span>38,000 ft</span></div>\n<div><span><b>Speed:</b></span> <span>453 kt</span></div>\n<div><span><b>Timestamp:</b></span><br/><span>2026-05-21 15:51:32 UTC<br/>2026-05-21 15:51:34 UTC</span></div>\n</div>"},"stroke-opacity":1,"stroke":"#ff00ae","stroke-width":2}},{"type":"Feature","geometry":{"type":"LineString","coordinates":[[1.820491,48.56369,11582.4],[1.825754,48.565575,11582.4]]},"properties":{"name":"P-376","description":{"@type":"html","value":"<div><div><span><b>Altitude:</b></span> <span>38,000 ft</span></div>\n<div><span><b>Speed:</b></span> <span>453 kt - 454 kt</span></div>\n<div><span><b>Timestamp:</b></span><br/><span>2026-05-21 15:51:34 UTC<br/>2026-05-21 15:51:36 UTC</span></div>\n</div>"},"stroke-opacity":1,"stroke":"#ff00ae","stroke-width":2}},{"type":"Feature","geometry":{"type":"LineString","coordinates":[[1.825754,48.565575,11582.4],[1.83197,48.567627,11582.4]]},"properties":{"name":"P-377","description":{"@type":"html","value":"<div><div><span><b>Altitude:</b></span> <span>38,000 ft</span></div>\n<div><span><b>Speed:</b></span> <span>454 kt</span></div>\n<div><span><b>Timestamp:</b></span><br/><span>2026-05-21 15:51:36 UTC<br/>2026-05-21 15:51:38 UTC</span></div>\n</div>"},"stroke-opacity":1,"stroke":"#ff00ae","stroke-width":2}},{"type":"Feature","geometry":{"type":"LineString","coordinates":[[1.83197,48.567627,11582.4],[1.838258,48.56958,11582.4]]},"properties":{"name":"P-378","description":{"@type":"html","value":"<div><div><span><b>Altitude:</b></span> <span>38,000 ft</span></div>\n<div><span><b>Speed:</b></span> <span>454 kt</span></div>\n<div><span><b>Timestamp:</b></span><br/><span>2026-05-21 15:51:38 UTC<br/>2026-05-21 15:51:40 UTC</span></div>\n</div>"},"stroke-opacity":1,"stroke":"#ff00ae","stroke-width":2}},{"type":"Feature","geometry":{"type":"LineString","coordinates":[[1.838258,48.56958,11582.4],[1.843802,48.571106,11582.4]]},"properties":{"name":"P-379","description":{"@type":"html","value":"<div><div><span><b>Altitude:</b></span> <span>38,000 ft</span></div>\n<div><span><b>Speed:</b></span> <span>454 kt</span></div>\n<div><span><b>Timestamp:</b></span><br/><span>2026-05-21 15:51:40 UTC<br/>2026-05-21 15:51:42 UTC</span></div>\n</div>"},"stroke-opacity":1,"stroke":"#ff00ae","stroke-width":2}},{"type":"Feature","geometry":{"type":"LineString","coordinates":[[1.843802,48.571106,11582.4],[1.849751,48.572651,11582.4]]},"properties":{"name":"P-380","description":{"@type":"html","value":"<div><div><span><b>Altitude:</b></span> <span>38,000 ft</span></div>\n<div><span><b>Speed:</b></span> <span>454 kt</span></div>\n<div><span><b>Timestamp:</b></span><br/><span>2026-05-21 15:51:42 UTC<br/>2026-05-21 15:51:44 UTC</span></div>\n</div>"},"stroke-opacity":1,"stroke":"#ff00ae","stroke-width":2}},{"type":"Feature","geometry":{"type":"LineString","coordinates":[[1.849751,48.572651,11582.4],[1.856267,48.574219,11582.4]]},"properties":{"name":"P-381","description":{"@type":"html","value":"<div><div><span><b>Altitude:</b></span> <span>38,000 ft</span></div>\n<div><span><b>Speed:</b></span> <span>454 kt</span></div>\n<div><span><b>Timestamp:</b></span><br/><span>2026-05-21 15:51:44 UTC<br/>2026-05-21 15:51:46 UTC</span></div>\n</div>"},"stroke-opacity":1,"stroke":"#ff00ae","stroke-width":2}},{"type":"Feature","geometry":{"type":"LineString","coordinates":[[1.856267,48.574219,11582.4],[1.861966,48.575539,11582.4]]},"properties":{"name":"P-382","description":{"@type":"html","value":"<div><div><span><b>Altitude:</b></span> <span>38,000 ft</span></div>\n<div><span><b>Speed:</b></span> <span>454 kt - 455 kt</span></div>\n<div><span><b>Timestamp:</b></span><br/><span>2026-05-21 15:51:46 UTC<br/>2026-05-21 15:51:49 UTC</span></div>\n</div>"},"stroke-opacity":1,"stroke":"#ff00ae","stroke-width":2}},{"type":"Feature","geometry":{"type":"LineString","coordinates":[[1.861966,48.575539,11582.4],[1.867676,48.576748,11582.4]]},"properties":{"name":"P-383","description":{"@type":"html","value":"<div><div><span><b>Altitude:</b></span> <span>38,000 ft</span></div>\n<div><span><b>Speed:</b></span> <span>455 kt - 456 kt</span></div>\n<div><span><b>Timestamp:</b></span><br/><span>2026-05-21 15:51:49 UTC<br/>2026-05-21 15:51:51 UTC</span></div>\n</div>"},"stroke-opacity":1,"stroke":"#ff00ae","stroke-width":2}},{"type":"Feature","geometry":{"type":"LineString","coordinates":[[1.867676,48.576748,11582.4],[1.876127,48.578568,11590.02]]},"properties":{"name":"P-384","description":{"@type":"html","value":"<div><div><span><b>Altitude:</b></span> <span>38,000 ft - 38,025 ft</span></div>\n<div><span><b>Speed:</b></span> <span>456 kt</span></div>\n<div><span><b>Timestamp:</b></span><br/><span>2026-05-21 15:51:51 UTC<br/>2026-05-21 15:51:53 UTC</span></div>\n</div>"},"stroke-opacity":1,"stroke":"#ff00ae","stroke-width":2}},{"type":"Feature","geometry":{"type":"LineString","coordinates":[[1.876127,48.578568,11590.02],[1.880686,48.57954,11590.02]]},"properties":{"name":"P-385","description":{"@type":"html","value":"<div><div><span><b>Altitude:</b></span> <span>38,025 ft</span></div>\n<div><span><b>Speed:</b></span> <span>456 kt - 455 kt</span></div>\n<div><span><b>Timestamp:</b></span><br/><span>2026-05-21 15:51:53 UTC<br/>2026-05-21 15:51:55 UTC</span></div>\n</div>"},"stroke-opacity":1,"stroke":"#ff00ae","stroke-width":2}},{"type":"Feature","geometry":{"type":"LineString","coordinates":[[1.880686,48.57954,11590.02],[1.88817,48.581131,11590.02]]},"properties":{"name":"P-386","description":{"@type":"html","value":"<div><div><span><b>Altitude:</b></span> <span>38,025 ft</span></div>\n<div><span><b>Speed:</b></span> <span>455 kt - 456 kt</span></div>\n<div><span><b>Timestamp:</b></span><br/><span>2026-05-21 15:51:55 UTC<br/>2026-05-21 15:51:57 UTC</span></div>\n</div>"},"stroke-opacity":1,"stroke":"#ff00ae","stroke-width":2}},{"type":"Feature","geometry":{"type":"LineString","coordinates":[[1.88817,48.581131,11590.02],[1.893592,48.582321,11590.02]]},"properties":{"name":"P-387","description":{"@type":"html","value":"<div><div><span><b>Altitude:</b></span> <span>38,025 ft</span></div>\n<div><span><b>Speed:</b></span> <span>456 kt</span></div>\n<div><span><b>Timestamp:</b></span><br/><span>2026-05-21 15:51:57 UTC<br/>2026-05-21 15:51:59 UTC</span></div>\n</div>"},"stroke-opacity":1,"stroke":"#ff00ae","stroke-width":2}},{"type":"Feature","geometry":{"type":"LineString","coordinates":[[1.893592,48.582321,11590.02],[1.901128,48.583923,11590.02]]},"properties":{"name":"P-388","description":{"@type":"html","value":"<div><div><span><b>Altitude:</b></span> <span>38,025 ft</span></div>\n<div><span><b>Speed:</b></span> <span>456 kt - 455 kt</span></div>\n<div><span><b>Timestamp:</b></span><br/><span>2026-05-21 15:51:59 UTC<br/>2026-05-21 15:52:01 UTC</span></div>\n</div>"},"stroke-opacity":1,"stroke":"#ff00ae","stroke-width":2}},{"type":"Feature","geometry":{"type":"LineString","coordinates":[[1.901128,48.583923,11590.02],[1.905694,48.584942,11590.02]]},"properties":{"name":"P-389","description":{"@type":"html","value":"<div><div><span><b>Altitude:</b></span> <span>38,025 ft</span></div>\n<div><span><b>Speed:</b></span> <span>455 kt</span></div>\n<div><span><b>Timestamp:</b></span><br/><span>2026-05-21 15:52:01 UTC<br/>2026-05-21 15:52:03 UTC</span></div>\n</div>"},"stroke-opacity":1,"stroke":"#ff00ae","stroke-width":2}},{"type":"Feature","geometry":{"type":"LineString","coordinates":[[1.905694,48.584942,11590.02],[1.911983,48.586292,11590.02]]},"properties":{"name":"P-390","description":{"@type":"html","value":"<div><div><span><b>Altitude:</b></span> <span>38,025 ft</span></div>\n<div><span><b>Speed:</b></span> <span>455 kt</span></div>\n<div><span><b>Timestamp:</b></span><br/><span>2026-05-21 15:52:03 UTC<br/>2026-05-21 15:52:05 UTC</span></div>\n</div>"},"stroke-opacity":1,"stroke":"#ff00ae","stroke-width":2}},{"type":"Feature","geometry":{"type":"LineString","coordinates":[[1.911983,48.586292,11590.02],[1.91979,48.588043,11590.02]]},"properties":{"name":"P-391","description":{"@type":"html","value":"<div><div><span><b>Altitude:</b></span> <span>38,025 ft</span></div>\n<div><span><b>Speed:</b></span> <span>455 kt</span></div>\n<div><span><b>Timestamp:</b></span><br/><span>2026-05-21 15:52:05 UTC<br/>2026-05-21 15:52:07 UTC</span></div>\n</div>"},"stroke-opacity":1,"stroke":"#ff00ae","stroke-width":2}},{"type":"Feature","geometry":{"type":"LineString","coordinates":[[1.91979,48.588043,11590.02],[2.011202,48.609421,11590.02]]},"properties":{"name":"P-392","description":{"@type":"html","value":"<div><div><span><b>Altitude:</b></span> <span>38,025 ft</span></div>\n<div><span><b>Speed:</b></span> <span>455 kt - 454 kt</span></div>\n<div><span><b>Timestamp:</b></span><br/><span>2026-05-21 15:52:07 UTC<br/>2026-05-21 15:52:38 UTC</span></div>\n</div>"},"stroke-opacity":1,"stroke":"#ff00ae","stroke-width":2}},{"type":"Feature","geometry":{"type":"LineString","coordinates":[[2.011202,48.609421,11590.02],[2.1036,48.631622,11590.02]]},"properties":{"name":"P-393","description":{"@type":"html","value":"<div><div><span><b>Altitude:</b></span> <span>38,025 ft</span></div>\n<div><span><b>Speed:</b></span> <span>454 kt</span></div>\n<div><span><b>Timestamp:</b></span><br/><span>2026-05-21 15:52:38 UTC<br/>2026-05-21 15:53:09 UTC</span></div>\n</div>"},"stroke-opacity":1,"stroke":"#ff00ae","stroke-width":2}},{"type":"Feature","geometry":{"type":"LineString","coordinates":[[2.1036,48.631622,11590.02],[2.19488,48.653095,11582.4]]},"properties":{"name":"P-394","description":{"@type":"html","value":"<div><div><span><b>Altitude:</b></span> <span>38,025 ft - 38,000 ft</span></div>\n<div><span><b>Speed:</b></span> <span>454 kt - 451 kt</span></div>\n<div><span><b>Timestamp:</b></span><br/><span>2026-05-21 15:53:09 UTC<br/>2026-05-21 15:53:40 UTC</span></div>\n</div>"},"stroke-opacity":1,"stroke":"#ff00ae","stroke-width":2}},{"type":"Feature","geometry":{"type":"LineString","coordinates":[[2.19488,48.653095,11582.4],[2.286602,48.674694,11582.4]]},"properties":{"name":"P-395","description":{"@type":"html","value":"<div><div><span><b>Altitude:</b></span> <span>38,000 ft</span></div>\n<div><span><b>Speed:</b></span> <span>451 kt</span></div>\n<div><span><b>Timestamp:</b></span><br/><span>2026-05-21 15:53:40 UTC<br/>2026-05-21 15:54:11 UTC</span></div>\n</div>"},"stroke-opacity":1,"stroke":"#ff00ae","stroke-width":2}},{"type":"Feature","geometry":{"type":"LineString","coordinates":[[2.286602,48.674694,11582.4],[2.380019,48.696579,11582.4]]},"properties":{"name":"P-396","description":{"@type":"html","value":"<div><div><span><b>Altitude:</b></span> <span>38,000 ft</span></div>\n<div><span><b>Speed:</b></span> <span>451 kt</span></div>\n<div><span><b>Timestamp:</b></span><br/><span>2026-05-21 15:54:11 UTC<br/>2026-05-21 15:54:42 UTC</span></div>\n</div>"},"stroke-opacity":1,"stroke":"#ff00ae","stroke-width":2}},{"type":"Feature","geometry":{"type":"LineString","coordinates":[[2.380019,48.696579,11582.4],[2.473403,48.718414,11574.78]]},"properties":{"name":"P-397","description":{"@type":"html","value":"<div><div><span><b>Altitude:</b></span> <span>38,000 ft - 37,975 ft</span></div>\n<div><span><b>Speed:</b></span> <span>451 kt - 450 kt</span></div>\n<div><span><b>Timestamp:</b></span><br/><span>2026-05-21 15:54:42 UTC<br/>2026-05-21 15:55:14 UTC</span></div>\n</div>"},"stroke-opacity":1,"stroke":"#ff00ae","stroke-width":2}},{"type":"Feature","geometry":{"type":"LineString","coordinates":[[2.473403,48.718414,11574.78],[2.56397,48.739471,11574.78]]},"properties":{"name":"P-398","description":{"@type":"html","value":"<div><div><span><b>Altitude:</b></span> <span>37,975 ft</span></div>\n<div><span><b>Speed:</b></span> <span>450 kt - 451 kt</span></div>\n<div><span><b>Timestamp:</b></span><br/><span>2026-05-21 15:55:14 UTC<br/>2026-05-21 15:55:44 UTC</span></div>\n</div>"},"stroke-opacity":1,"stroke":"#ff00ae","stroke-width":2}},{"type":"Feature","geometry":{"type":"LineString","coordinates":[[2.56397,48.739471,11574.78],[2.656156,48.760803,11582.4]]},"properties":{"name":"P-399","description":{"@type":"html","value":"<div><div><span><b>Altitude:</b></span> <span>37,975 ft - 38,000 ft</span></div>\n<div><span><b>Speed:</b></span> <span>451 kt</span></div>\n<div><span><b>Timestamp:</b></span><br/><span>2026-05-21 15:55:44 UTC<br/>2026-05-21 15:56:15 UTC</span></div>\n</div>"},"stroke-opacity":1,"stroke":"#ff00ae","stroke-width":2}},{"type":"Feature","geometry":{"type":"LineString","coordinates":[[2.656156,48.760803,11582.4],[2.747779,48.781906,11582.4]]},"properties":{"name":"P-400","description":{"@type":"html","value":"<div><div><span><b>Altitude:</b></span> <span>38,000 ft</span></div>\n<div><span><b>Speed:</b></span> <span>451 kt - 450 kt</span></div>\n<div><span><b>Timestamp:</b></span><br/><span>2026-05-21 15:56:15 UTC<br/>2026-05-21 15:56:46 UTC</span></div>\n</div>"},"stroke-opacity":1,"stroke":"#ff00ae","stroke-width":2}},{"type":"Feature","geometry":{"type":"LineString","coordinates":[[2.747779,48.781906,11582.4],[2.840761,48.803226,11582.4]]},"properties":{"name":"P-401","description":{"@type":"html","value":"<div><div><span><b>Altitude:</b></span> <span>38,000 ft</span></div>\n<div><span><b>Speed:</b></span> <span>450 kt - 452 kt</span></div>\n<div><span><b>Timestamp:</b></span><br/><span>2026-05-21 15:56:46 UTC<br/>2026-05-21 15:57:17 UTC</span></div>\n</div>"},"stroke-opacity":1,"stroke":"#ff00ae","stroke-width":2}},{"type":"Feature","geometry":{"type":"LineString","coordinates":[[2.840761,48.803226,11582.4],[2.934145,48.824593,11582.4]]},"properties":{"name":"P-402","description":{"@type":"html","value":"<div><div><span><b>Altitude:</b></span> <span>38,000 ft</span></div>\n<div><span><b>Speed:</b></span> <span>452 kt - 451 kt</span></div>\n<div><span><b>Timestamp:</b></span><br/><span>2026-05-21 15:57:17 UTC<br/>2026-05-21 15:57:49 UTC</span></div>\n</div>"},"stroke-opacity":1,"stroke":"#ff00ae","stroke-width":2}},{"type":"Feature","geometry":{"type":"LineString","coordinates":[[2.934145,48.824593,11582.4],[3.026806,48.845634,11582.4]]},"properties":{"name":"P-403","description":{"@type":"html","value":"<div><div><span><b>Altitude:</b></span> <span>38,000 ft</span></div>\n<div><span><b>Speed:</b></span> <span>451 kt - 452 kt</span></div>\n<div><span><b>Timestamp:</b></span><br/><span>2026-05-21 15:57:49 UTC<br/>2026-05-21 15:58:20 UTC</span></div>\n</div>"},"stroke-opacity":1,"stroke":"#ff00ae","stroke-width":2}},{"type":"Feature","geometry":{"type":"LineString","coordinates":[[3.026806,48.845634,11582.4],[3.120262,48.866722,11582.4]]},"properties":{"name":"P-404","description":{"@type":"html","value":"<div><div><span><b>Altitude:</b></span> <span>38,000 ft</span></div>\n<div><span><b>Speed:</b></span> <span>452 kt</span></div>\n<div><span><b>Timestamp:</b></span><br/><span>2026-05-21 15:58:20 UTC<br/>2026-05-21 15:58:51 UTC</span></div>\n</div>"},"stroke-opacity":1,"stroke":"#ff00ae","stroke-width":2}},{"type":"Feature","geometry":{"type":"LineString","coordinates":[[3.120262,48.866722,11582.4],[3.213431,48.887695,11590.02]]},"properties":{"name":"P-405","description":{"@type":"html","value":"<div><div><span><b>Altitude:</b></span> <span>38,000 ft - 38,025 ft</span></div>\n<div><span><b>Speed:</b></span> <span>452 kt</span></div>\n<div><span><b>Timestamp:</b></span><br/><span>2026-05-21 15:58:51 UTC<br/>2026-05-21 15:59:22 UTC</span></div>\n</div>"},"stroke-opacity":1,"stroke":"#ff00ae","stroke-width":2}},{"type":"Feature","geometry":{"type":"LineString","coordinates":[[3.213431,48.887695,11590.02],[3.307029,48.908806,11468.1]]},"properties":{"name":"P-406","description":{"@type":"html","value":"<div><div><span><b>Altitude:</b></span> <span>38,025 ft - 37,625 ft</span></div>\n<div><span><b>Speed:</b></span> <span>452 kt - 450 kt</span></div>\n<div><span><b>Timestamp:</b></span><br/><span>2026-05-21 15:59:22 UTC<br/>2026-05-21 15:59:53 UTC</span></div>\n</div>"},"stroke-opacity":1,"stroke":"#ff00ae","stroke-width":2}},{"type":"Feature","geometry":{"type":"LineString","coordinates":[[3.307029,48.908806,11468.1],[3.400991,48.929802,11323.32]]},"properties":{"name":"P-407","description":{"@type":"html","value":"<div><div><span><b>Altitude:</b></span> <span>37,625 ft - 37,150 ft</span></div>\n<div><span><b>Speed:</b></span> <span>450 kt - 448 kt</span></div>\n<div><span><b>Timestamp:</b></span><br/><span>2026-05-21 15:59:53 UTC<br/>2026-05-21 16:00:25 UTC</span></div>\n</div>"},"stroke-opacity":1,"stroke":"#ff0096","stroke-width":2}},{"type":"Feature","geometry":{"type":"LineString","coordinates":[[3.400991,48.929802,11323.32],[3.493441,48.950272,11170.92]]},"properties":{"name":"P-408","description":{"@type":"html","value":"<div><div><span><b>Altitude:</b></span> <span>37,150 ft - 36,650 ft</span></div>\n<div><span><b>Speed:</b></span> <span>448 kt - 447 kt</span></div>\n<div><span><b>Timestamp:</b></span><br/><span>2026-05-21 16:00:25 UTC<br/>2026-05-21 16:00:56 UTC</span></div>\n</div>"},"stroke-opacity":1,"stroke":"#ff0096","stroke-width":2}},{"type":"Feature","geometry":{"type":"LineString","coordinates":[[3.493441,48.950272,11170.92],[3.58588,48.970581,11010.9]]},"properties":{"name":"P-409","description":{"@type":"html","value":"<div><div><span><b>Altitude:</b></span> <span>36,650 ft - 36,125 ft</span></div>\n<div><span><b>Speed:</b></span> <span>447 kt</span></div>\n<div><span><b>Timestamp:</b></span><br/><span>2026-05-21 16:00:56 UTC<br/>2026-05-21 16:01:27 UTC</span></div>\n</div>"},"stroke-opacity":1,"stroke":"#ff0096","stroke-width":2}},{"type":"Feature","geometry":{"type":"LineString","coordinates":[[3.58588,48.970581,11010.9],[3.677818,48.993298,10850.88]]},"properties":{"name":"P-410","description":{"@type":"html","value":"<div><div><span><b>Altitude:</b></span> <span>36,125 ft - 35,600 ft</span></div>\n<div><span><b>Speed:</b></span> <span>447 kt - 442 kt</span></div>\n<div><span><b>Timestamp:</b></span><br/><span>2026-05-21 16:01:27 UTC<br/>2026-05-21 16:01:58 UTC</span></div>\n</div>"},"stroke-opacity":1,"stroke":"#ff0096","stroke-width":2}},{"type":"Feature","geometry":{"type":"LineString","coordinates":[[3.677818,48.993298,10850.88],[3.768099,49.017609,10698.48]]},"properties":{"name":"P-411","description":{"@type":"html","value":"<div><div><span><b>Altitude:</b></span> <span>35,600 ft - 35,100 ft</span></div>\n<div><span><b>Speed:</b></span> <span>442 kt - 440 kt</span></div>\n<div><span><b>Timestamp:</b></span><br/><span>2026-05-21 16:01:58 UTC<br/>2026-05-21 16:02:30 UTC</span></div>\n</div>"},"stroke-opacity":1,"stroke":"#ff0078","stroke-width":2}},{"type":"Feature","geometry":{"type":"LineString","coordinates":[[3.768099,49.017609,10698.48],[3.858666,49.041458,10530.84]]},"properties":{"name":"P-412","description":{"@type":"html","value":"<div><div><span><b>Altitude:</b></span> <span>35,100 ft - 34,550 ft</span></div>\n<div><span><b>Speed:</b></span> <span>440 kt - 438 kt</span></div>\n<div><span><b>Timestamp:</b></span><br/><span>2026-05-21 16:02:30 UTC<br/>2026-05-21 16:03:02 UTC</span></div>\n</div>"},"stroke-opacity":1,"stroke":"#ff0078","stroke-width":2}},{"type":"Feature","geometry":{"type":"LineString","coordinates":[[3.858666,49.041458,10530.84],[3.950148,49.064987,10370.82]]},"properties":{"name":"P-413","description":{"@type":"html","value":"<div><div><span><b>Altitude:</b></span> <span>34,550 ft - 34,025 ft</span></div>\n<div><span><b>Speed:</b></span> <span>438 kt - 437 kt</span></div>\n<div><span><b>Timestamp:</b></span><br/><span>2026-05-21 16:03:02 UTC<br/>2026-05-21 16:03:34 UTC</span></div>\n</div>"},"stroke-opacity":1,"stroke":"#ff0078","stroke-width":2}},{"type":"Feature","geometry":{"type":"LineString","coordinates":[[3.950148,49.064987,10370.82],[4.040504,49.088013,10210.8]]},"properties":{"name":"P-414","description":{"@type":"html","value":"<div><div><span><b>Altitude:</b></span> <span>34,025 ft - 33,500 ft</span></div>\n<div><span><b>Speed:</b></span> <span>437 kt - 435 kt</span></div>\n<div><span><b>Timestamp:</b></span><br/><span>2026-05-21 16:03:34 UTC<br/>2026-05-21 16:04:05 UTC</span></div>\n</div>"},"stroke-opacity":1,"stroke":"#ff0060","stroke-width":2}},{"type":"Feature","geometry":{"type":"LineString","coordinates":[[4.040504,49.088013,10210.8],[4.131148,49.110935,10050.78]]},"properties":{"name":"P-415","description":{"@type":"html","value":"<div><div><span><b>Altitude:</b></span> <span>33,500 ft - 32,975 ft</span></div>\n<div><span><b>Speed:</b></span> <span>435 kt - 430 kt</span></div>\n<div><span><b>Timestamp:</b></span><br/><span>2026-05-21 16:04:05 UTC<br/>2026-05-21 16:04:37 UTC</span></div>\n</div>"},"stroke-opacity":1,"stroke":"#ff0060","stroke-width":2}},{"type":"Feature","geometry":{"type":"LineString","coordinates":[[4.131148,49.110935,10050.78],[4.218609,49.133423,9890.76]]},"properties":{"name":"P-416","description":{"@type":"html","value":"<div><div><span><b>Altitude:</b></span> <span>32,975 ft - 32,450 ft</span></div>\n<div><span><b>Speed:</b></span> <span>430 kt - 426 kt</span></div>\n<div><span><b>Timestamp:</b></span><br/><span>2026-05-21 16:04:37 UTC<br/>2026-05-21 16:05:09 UTC</span></div>\n</div>"},"stroke-opacity":1,"stroke":"#ff0060","stroke-width":2}},{"type":"Feature","geometry":{"type":"LineString","coordinates":[[4.218609,49.133423,9890.76],[4.307291,49.155952,9761.22]]},"properties":{"name":"P-417","description":{"@type":"html","value":"<div><div><span><b>Altitude:</b></span> <span>32,450 ft - 32,025 ft</span></div>\n<div><span><b>Speed:</b></span> <span>426 kt - 419 kt</span></div>\n<div><span><b>Timestamp:</b></span><br/><span>2026-05-21 16:05:09 UTC<br/>2026-05-21 16:05:40 UTC</span></div>\n</div>"},"stroke-opacity":1,"stroke":"#ff004e","stroke-width":2}},{"type":"Feature","geometry":{"type":"LineString","coordinates":[[4.307291,49.155952,9761.22],[4.393756,49.177597,9745.98]]},"properties":{"name":"P-418","description":{"@type":"html","value":"<div><div><span><b>Altitude:</b></span> <span>32,025 ft - 31,975 ft</span></div>\n<div><span><b>Speed:</b></span> <span>419 kt - 418 kt</span></div>\n<div><span><b>Timestamp:</b></span><br/><span>2026-05-21 16:05:40 UTC<br/>2026-05-21 16:06:12 UTC</span></div>\n</div>"},"stroke-opacity":1,"stroke":"#ff004e","stroke-width":2}},{"type":"Feature","geometry":{"type":"LineString","coordinates":[[4.393756,49.177597,9745.98],[4.477362,49.198502,9753.6]]},"properties":{"name":"P-419","description":{"@type":"html","value":"<div><div><span><b>Altitude:</b></span> <span>31,975 ft - 32,000 ft</span></div>\n<div><span><b>Speed:</b></span> <span>418 kt - 417 kt</span></div>\n<div><span><b>Timestamp:</b></span><br/><span>2026-05-21 16:06:12 UTC<br/>2026-05-21 16:06:42 UTC</span></div>\n</div>"},"stroke-opacity":1,"stroke":"#ff004e","stroke-width":2}},{"type":"Feature","geometry":{"type":"LineString","coordinates":[[4.477362,49.198502,9753.6],[4.564044,49.221863,9753.6]]},"properties":{"name":"P-420","description":{"@type":"html","value":"<div><div><span><b>Altitude:</b></span> <span>32,000 ft</span></div>\n<div><span><b>Speed:</b></span> <span>417 kt - 414 kt</span></div>\n<div><span><b>Timestamp:</b></span><br/><span>2026-05-21 16:06:42 UTC<br/>2026-05-21 16:07:14 UTC</span></div>\n</div>"},"stroke-opacity":1,"stroke":"#ff004e","stroke-width":2}},{"type":"Feature","geometry":{"type":"LineString","coordinates":[[4.564044,49.221863,9753.6],[4.646794,49.248184,9753.6]]},"properties":{"name":"P-421","description":{"@type":"html","value":"<div><div><span><b>Altitude:</b></span> <span>32,000 ft</span></div>\n<div><span><b>Speed:</b></span> <span>414 kt - 416 kt</span></div>\n<div><span><b>Timestamp:</b></span><br/><span>2026-05-21 16:07:14 UTC<br/>2026-05-21 16:07:45 UTC</span></div>\n</div>"},"stroke-opacity":1,"stroke":"#ff004e","stroke-width":2}},{"type":"Feature","geometry":{"type":"LineString","coordinates":[[4.646794,49.248184,9753.6],[4.731516,49.274734,9753.6]]},"properties":{"name":"P-422","description":{"@type":"html","value":"<div><div><span><b>Altitude:</b></span> <span>32,000 ft</span></div>\n<div><span><b>Speed:</b></span> <span>416 kt - 417 kt</span></div>\n<div><span><b>Timestamp:</b></span><br/><span>2026-05-21 16:07:45 UTC<br/>2026-05-21 16:08:17 UTC</span></div>\n</div>"},"stroke-opacity":1,"stroke":"#ff004e","stroke-width":2}},{"type":"Feature","geometry":{"type":"LineString","coordinates":[[4.731516,49.274734,9753.6],[4.814975,49.299938,9753.6]]},"properties":{"name":"P-423","description":{"@type":"html","value":"<div><div><span><b>Altitude:</b></span> <span>32,000 ft</span></div>\n<div><span><b>Speed:</b></span> <span>417 kt - 416 kt</span></div>\n<div><span><b>Timestamp:</b></span><br/><span>2026-05-21 16:08:17 UTC<br/>2026-05-21 16:08:49 UTC</span></div>\n</div>"},"stroke-opacity":1,"stroke":"#ff004e","stroke-width":2}},{"type":"Feature","geometry":{"type":"LineString","coordinates":[[4.814975,49.299938,9753.6],[4.89786,49.324768,9753.6]]},"properties":{"name":"P-424","description":{"@type":"html","value":"<div><div><span><b>Altitude:</b></span> <span>32,000 ft</span></div>\n<div><span><b>Speed:</b></span> <span>416 kt - 414 kt</span></div>\n<div><span><b>Timestamp:</b></span><br/><span>2026-05-21 16:08:49 UTC<br/>2026-05-21 16:09:20 UTC</span></div>\n</div>"},"stroke-opacity":1,"stroke":"#ff004e","stroke-width":2}},{"type":"Feature","geometry":{"type":"LineString","coordinates":[[4.89786,49.324768,9753.6],[4.98389,49.350494,9753.6]]},"properties":{"name":"P-425","description":{"@type":"html","value":"<div><div><span><b>Altitude:</b></span> <span>32,000 ft</span></div>\n<div><span><b>Speed:</b></span> <span>414 kt - 413 kt</span></div>\n<div><span><b>Timestamp:</b></span><br/><span>2026-05-21 16:09:20 UTC<br/>2026-05-21 16:09:52 UTC</span></div>\n</div>"},"stroke-opacity":1,"stroke":"#ff004e","stroke-width":2}},{"type":"Feature","geometry":{"type":"LineString","coordinates":[[4.98389,49.350494,9753.6],[5.067082,49.375214,9753.6]]},"properties":{"name":"P-426","description":{"@type":"html","value":"<div><div><span><b>Altitude:</b></span> <span>32,000 ft</span></div>\n<div><span><b>Speed:</b></span> <span>413 kt - 414 kt</span></div>\n<div><span><b>Timestamp:</b></span><br/><span>2026-05-21 16:09:52 UTC<br/>2026-05-21 16:10:23 UTC</span></div>\n</div>"},"stroke-opacity":1,"stroke":"#ff004e","stroke-width":2}},{"type":"Feature","geometry":{"type":"LineString","coordinates":[[5.067082,49.375214,9753.6],[5.150564,49.399979,9753.6]]},"properties":{"name":"P-427","description":{"@type":"html","value":"<div><div><span><b>Altitude:</b></span> <span>32,000 ft</span></div>\n<div><span><b>Speed:</b></span> <span>414 kt - 416 kt</span></div>\n<div><span><b>Timestamp:</b></span><br/><span>2026-05-21 16:10:23 UTC<br/>2026-05-21 16:10:54 UTC</span></div>\n</div>"},"stroke-opacity":1,"stroke":"#ff004e","stroke-width":2}},{"type":"Feature","geometry":{"type":"LineString","coordinates":[[5.150564,49.399979,9753.6],[5.235853,49.425163,9753.6]]},"properties":{"name":"P-428","description":{"@type":"html","value":"<div><div><span><b>Altitude:</b></span> <span>32,000 ft</span></div>\n<div><span><b>Speed:</b></span> <span>416 kt - 417 kt</span></div>\n<div><span><b>Timestamp:</b></span><br/><span>2026-05-21 16:10:54 UTC<br/>2026-05-21 16:11:26 UTC</span></div>\n</div>"},"stroke-opacity":1,"stroke":"#ff004e","stroke-width":2}},{"type":"Feature","geometry":{"type":"LineString","coordinates":[[5.235853,49.425163,9753.6],[5.320204,49.449974,9753.6]]},"properties":{"name":"P-429","description":{"@type":"html","value":"<div><div><span><b>Altitude:</b></span> <span>32,000 ft</span></div>\n<div><span><b>Speed:</b></span> <span>417 kt - 415 kt</span></div>\n<div><span><b>Timestamp:</b></span><br/><span>2026-05-21 16:11:26 UTC<br/>2026-05-21 16:11:58 UTC</span></div>\n</div>"},"stroke-opacity":1,"stroke":"#ff004e","stroke-width":2}},{"type":"Feature","geometry":{"type":"LineString","coordinates":[[5.320204,49.449974,9753.6],[5.40325,49.474319,9753.6]]},"properties":{"name":"P-430","description":{"@type":"html","value":"<div><div><span><b>Altitude:</b></span> <span>32,000 ft</span></div>\n<div><span><b>Speed:</b></span> <span>415 kt - 414 kt</span></div>\n<div><span><b>Timestamp:</b></span><br/><span>2026-05-21 16:11:58 UTC<br/>2026-05-21 16:12:29 UTC</span></div>\n</div>"},"stroke-opacity":1,"stroke":"#ff004e","stroke-width":2}},{"type":"Feature","geometry":{"type":"LineString","coordinates":[[5.40325,49.474319,9753.6],[5.489378,49.499413,9723.12]]},"properties":{"name":"P-431","description":{"@type":"html","value":"<div><div><span><b>Altitude:</b></span> <span>32,000 ft - 31,900 ft</span></div>\n<div><span><b>Speed:</b></span> <span>414 kt - 415 kt</span></div>\n<div><span><b>Timestamp:</b></span><br/><span>2026-05-21 16:12:29 UTC<br/>2026-05-21 16:13:01 UTC</span></div>\n</div>"},"stroke-opacity":1,"stroke":"#ff004e","stroke-width":2}},{"type":"Feature","geometry":{"type":"LineString","coordinates":[[5.489378,49.499413,9723.12],[5.5752,49.524445,9486.9]]},"properties":{"name":"P-432","description":{"@type":"html","value":"<div><div><span><b>Altitude:</b></span> <span>31,900 ft - 31,125 ft</span></div>\n<div><span><b>Speed:</b></span> <span>415 kt - 410 kt</span></div>\n<div><span><b>Timestamp:</b></span><br/><span>2026-05-21 16:13:01 UTC<br/>2026-05-21 16:13:33 UTC</span></div>\n</div>"},"stroke-opacity":1,"stroke":"#ff004e","stroke-width":2}},{"type":"Feature","geometry":{"type":"LineString","coordinates":[[5.5752,49.524445,9486.9],[5.658775,49.548759,9250.68]]},"properties":{"name":"P-433","description":{"@type":"html","value":"<div><div><span><b>Altitude:</b></span> <span>31,125 ft - 30,350 ft</span></div>\n<div><span><b>Speed:</b></span> <span>410 kt - 408 kt</span></div>\n<div><span><b>Timestamp:</b></span><br/><span>2026-05-21 16:13:33 UTC<br/>2026-05-21 16:14:04 UTC</span></div>\n</div>"},"stroke-opacity":1,"stroke":"#ff0036","stroke-width":2}},{"type":"Feature","geometry":{"type":"LineString","coordinates":[[5.658775,49.548759,9250.68],[5.741657,49.572739,9014.46]]},"properties":{"name":"P-434","description":{"@type":"html","value":"<div><div><span><b>Altitude:</b></span> <span>30,350 ft - 29,575 ft</span></div>\n<div><span><b>Speed:</b></span> <span>408 kt - 406 kt</span></div>\n<div><span><b>Timestamp:</b></span><br/><span>2026-05-21 16:14:04 UTC<br/>2026-05-21 16:14:35 UTC</span></div>\n</div>"},"stroke-opacity":1,"stroke":"#ff0036","stroke-width":2}},{"type":"Feature","geometry":{"type":"LineString","coordinates":[[5.741657,49.572739,9014.46],[5.824778,49.596725,8770.62]]},"properties":{"name":"P-435","description":{"@type":"html","value":"<div><div><span><b>Altitude:</b></span> <span>29,575 ft - 28,775 ft</span></div>\n<div><span><b>Speed:</b></span> <span>406 kt - 402 kt</span></div>\n<div><span><b>Timestamp:</b></span><br/><span>2026-05-21 16:14:35 UTC<br/>2026-05-21 16:15:07 UTC</span></div>\n</div>"},"stroke-opacity":1,"stroke":"#ff0036","stroke-width":2}},{"type":"Feature","geometry":{"type":"LineString","coordinates":[[5.824778,49.596725,8770.62],[5.904934,49.619888,8534.4]]},"properties":{"name":"P-436","description":{"@type":"html","value":"<div><div><span><b>Altitude:</b></span> <span>28,775 ft - 28,000 ft</span></div>\n<div><span><b>Speed:</b></span> <span>402 kt - 398 kt</span></div>\n<div><span><b>Timestamp:</b></span><br/><span>2026-05-21 16:15:07 UTC<br/>2026-05-21 16:15:38 UTC</span></div>\n</div>"},"stroke-opacity":1,"stroke":"#ff0024","stroke-width":2}},{"type":"Feature","geometry":{"type":"LineString","coordinates":[[5.904934,49.619888,8534.4],[5.985814,49.643097,8290.56]]},"properties":{"name":"P-437","description":{"@type":"html","value":"<div><div><span><b>Altitude:</b></span> <span>28,000 ft - 27,200 ft</span></div>\n<div><span><b>Speed:</b></span> <span>398 kt - 392 kt</span></div>\n<div><span><b>Timestamp:</b></span><br/><span>2026-05-21 16:15:38 UTC<br/>2026-05-21 16:16:09 UTC</span></div>\n</div>"},"stroke-opacity":1,"stroke":"#ff0024","stroke-width":2}},{"type":"Feature","geometry":{"type":"LineString","coordinates":[[5.985814,49.643097,8290.56],[6.064381,49.665482,8054.34]]},"properties":{"name":"P-438","description":{"@type":"html","value":"<div><div><span><b>Altitude:</b></span> <span>27,200 ft - 26,425 ft</span></div>\n<div><span><b>Speed:</b></span> <span>392 kt - 386 kt</span></div>\n<div><span><b>Timestamp:</b></span><br/><span>2026-05-21 16:16:09 UTC<br/>2026-05-21 16:16:40 UTC</span></div>\n</div>"},"stroke-opacity":1,"stroke":"#ff0000","stroke-width":2}},{"type":"Feature","geometry":{"type":"LineString","coordinates":[[6.064381,49.665482,8054.34],[6.142008,49.687637,7825.74]]},"properties":{"name":"P-439","description":{"@type":"html","value":"<div><div><span><b>Altitude:</b></span> <span>26,425 ft - 25,675 ft</span></div>\n<div><span><b>Speed:</b></span> <span>386 kt - 382 kt</span></div>\n<div><span><b>Timestamp:</b></span><br/><span>2026-05-21 16:16:40 UTC<br/>2026-05-21 16:17:12 UTC</span></div>\n</div>"},"stroke-opacity":1,"stroke":"#ff0000","stroke-width":2}},{"type":"Feature","geometry":{"type":"LineString","coordinates":[[6.142008,49.687637,7825.74],[6.223249,49.707001,7635.24]]},"properties":{"name":"P-440","description":{"@type":"html","value":"<div><div><span><b>Altitude:</b></span> <span>25,675 ft - 25,050 ft</span></div>\n<div><span><b>Speed:</b></span> <span>382 kt</span></div>\n<div><span><b>Timestamp:</b></span><br/><span>2026-05-21 16:17:12 UTC<br/>2026-05-21 16:17:43 UTC</span></div>\n</div>"},"stroke-opacity":1,"stroke":"#ff0000","stroke-width":2}},{"type":"Feature","geometry":{"type":"LineString","coordinates":[[6.223249,49.707001,7635.24],[6.304924,49.721054,7620]]},"properties":{"name":"P-441","description":{"@type":"html","value":"<div><div><span><b>Altitude:</b></span> <span>25,050 ft - 25,000 ft</span></div>\n<div><span><b>Speed:</b></span> <span>382 kt - 379 kt</span></div>\n<div><span><b>Timestamp:</b></span><br/><span>2026-05-21 16:17:43 UTC<br/>2026-05-21 16:18:14 UTC</span></div>\n</div>"},"stroke-opacity":1,"stroke":"#ff0000","stroke-width":2}},{"type":"Feature","geometry":{"type":"LineString","coordinates":[[6.304924,49.721054,7620],[6.387139,49.735481,7620]]},"properties":{"name":"P-442","description":{"@type":"html","value":"<div><div><span><b>Altitude:</b></span> <span>25,000 ft</span></div>\n<div><span><b>Speed:</b></span> <span>379 kt - 378 kt</span></div>\n<div><span><b>Timestamp:</b></span><br/><span>2026-05-21 16:18:14 UTC<br/>2026-05-21 16:18:46 UTC</span></div>\n</div>"},"stroke-opacity":1,"stroke":"#ff0000","stroke-width":2}},{"type":"Feature","geometry":{"type":"LineString","coordinates":[[6.387139,49.735481,7620],[6.468128,49.749481,7627.62]]},"properties":{"name":"P-443","description":{"@type":"html","value":"<div><div><span><b>Altitude:</b></span> <span>25,000 ft - 25,025 ft</span></div>\n<div><span><b>Speed:</b></span> <span>378 kt</span></div>\n<div><span><b>Timestamp:</b></span><br/><span>2026-05-21 16:18:46 UTC<br/>2026-05-21 16:19:17 UTC</span></div>\n</div>"},"stroke-opacity":1,"stroke":"#ff0000","stroke-width":2}},{"type":"Feature","geometry":{"type":"LineString","coordinates":[[6.468128,49.749481,7627.62],[6.552839,49.764038,7620]]},"properties":{"name":"P-444","description":{"@type":"html","value":"<div><div><span><b>Altitude:</b></span> <span>25,025 ft - 25,000 ft</span></div>\n<div><span><b>Speed:</b></span> <span>378 kt - 413 kt</span></div>\n<div><span><b>Timestamp:</b></span><br/><span>2026-05-21 16:19:17 UTC<br/>2026-05-21 16:19:48 UTC</span></div>\n</div>"},"stroke-opacity":1,"stroke":"#ff0000","stroke-width":2}},{"type":"Feature","geometry":{"type":"LineString","coordinates":[[6.552839,49.764038,7620],[6.642681,49.779236,7559.04]]},"properties":{"name":"P-445","description":{"@type":"html","value":"<div><div><span><b>Altitude:</b></span> <span>25,000 ft - 24,800 ft</span></div>\n<div><span><b>Speed:</b></span> <span>413 kt - 423 kt</span></div>\n<div><span><b>Timestamp:</b></span><br/><span>2026-05-21 16:19:48 UTC<br/>2026-05-21 16:20:19 UTC</span></div>\n</div>"},"stroke-opacity":1,"stroke":"#ff0000","stroke-width":2}},{"type":"Feature","geometry":{"type":"LineString","coordinates":[[6.642681,49.779236,7559.04],[6.734836,49.795074,7261.86]]},"properties":{"name":"P-446","description":{"@type":"html","value":"<div><div><span><b>Altitude:</b></span> <span>24,800 ft - 23,825 ft</span></div>\n<div><span><b>Speed:</b></span> <span>423 kt - 420 kt</span></div>\n<div><span><b>Timestamp:</b></span><br/><span>2026-05-21 16:20:19 UTC<br/>2026-05-21 16:20:51 UTC</span></div>\n</div>"},"stroke-opacity":1,"stroke":"#ff0000","stroke-width":2}},{"type":"Feature","geometry":{"type":"LineString","coordinates":[[6.734836,49.795074,7261.86],[6.82392,49.810287,6949.44]]},"properties":{"name":"P-447","description":{"@type":"html","value":"<div><div><span><b>Altitude:</b></span> <span>23,825 ft - 22,800 ft</span></div>\n<div><span><b>Speed:</b></span> <span>420 kt - 415 kt</span></div>\n<div><span><b>Timestamp:</b></span><br/><span>2026-05-21 16:20:51 UTC<br/>2026-05-21 16:21:22 UTC</span></div>\n</div>"},"stroke-opacity":1,"stroke":"#ff1e00","stroke-width":2}},{"type":"Feature","geometry":{"type":"LineString","coordinates":[[6.82392,49.810287,6949.44],[6.913436,49.82515,6629.4]]},"properties":{"name":"P-448","description":{"@type":"html","value":"<div><div><span><b>Altitude:</b></span> <span>22,800 ft - 21,750 ft</span></div>\n<div><span><b>Speed:</b></span> <span>415 kt - 407 kt</span></div>\n<div><span><b>Timestamp:</b></span><br/><span>2026-05-21 16:21:22 UTC<br/>2026-05-21 16:21:53 UTC</span></div>\n</div>"},"stroke-opacity":1,"stroke":"#ff3000","stroke-width":2}},{"type":"Feature","geometry":{"type":"LineString","coordinates":[[6.913436,49.82515,6629.4],[6.999809,49.839661,6309.36]]},"properties":{"name":"P-449","description":{"@type":"html","value":"<div><div><span><b>Altitude:</b></span> <span>21,750 ft - 20,700 ft</span></div>\n<div><span><b>Speed:</b></span> <span>407 kt - 400 kt</span></div>\n<div><span><b>Timestamp:</b></span><br/><span>2026-05-21 16:21:53 UTC<br/>2026-05-21 16:22:24 UTC</span></div>\n</div>"},"stroke-opacity":1,"stroke":"#ff3000","stroke-width":2}},{"type":"Feature","geometry":{"type":"LineString","coordinates":[[6.999809,49.839661,6309.36],[7.085736,49.853954,5989.32]]},"properties":{"name":"P-450","description":{"@type":"html","value":"<div><div><span><b>Altitude:</b></span> <span>20,700 ft - 19,650 ft</span></div>\n<div><span><b>Speed:</b></span> <span>400 kt - 392 kt</span></div>\n<div><span><b>Timestamp:</b></span><br/><span>2026-05-21 16:22:24 UTC<br/>2026-05-21 16:22:56 UTC</span></div>\n</div>"},"stroke-opacity":1,"stroke":"#ff5400","stroke-width":2}},{"type":"Feature","geometry":{"type":"LineString","coordinates":[[7.085736,49.853954,5989.32],[7.171037,49.867996,5669.28]]},"properties":{"name":"P-451","description":{"@type":"html","value":"<div><div><span><b>Altitude:</b></span> <span>19,650 ft - 18,600 ft</span></div>\n<div><span><b>Speed:</b></span> <span>392 kt - 384 kt</span></div>\n<div><span><b>Timestamp:</b></span><br/><span>2026-05-21 16:22:56 UTC<br/>2026-05-21 16:23:27 UTC</span></div>\n</div>"},"stroke-opacity":1,"stroke":"#ff7800","stroke-width":2}},{"type":"Feature","geometry":{"type":"LineString","coordinates":[[7.171037,49.867996,5669.28],[7.252928,49.881409,5356.86]]},"properties":{"name":"P-452","description":{"@type":"html","value":"<div><div><span><b>Altitude:</b></span> <span>18,600 ft - 17,575 ft</span></div>\n<div><span><b>Speed:</b></span> <span>384 kt - 378 kt</span></div>\n<div><span><b>Timestamp:</b></span><br/><span>2026-05-21 16:23:27 UTC<br/>2026-05-21 16:23:59 UTC</span></div>\n</div>"},"stroke-opacity":1,"stroke":"#ff7800","stroke-width":2}},{"type":"Feature","geometry":{"type":"LineString","coordinates":[[7.252928,49.881409,5356.86],[7.336269,49.895107,5029.2]]},"properties":{"name":"P-453","description":{"@type":"html","value":"<div><div><span><b>Altitude:</b></span> <span>17,575 ft - 16,500 ft</span></div>\n<div><span><b>Speed:</b></span> <span>378 kt - 373 kt</span></div>\n<div><span><b>Timestamp:</b></span><br/><span>2026-05-21 16:23:59 UTC<br/>2026-05-21 16:24:30 UTC</span></div>\n</div>"},"stroke-opacity":1,"stroke":"#ff9600","stroke-width":2}},{"type":"Feature","geometry":{"type":"LineString","coordinates":[[7.336269,49.895107,5029.2],[7.416494,49.908325,4716.78]]},"properties":{"name":"P-454","description":{"@type":"html","value":"<div><div><span><b>Altitude:</b></span> <span>16,500 ft - 15,475 ft</span></div>\n<div><span><b>Speed:</b></span> <span>373 kt - 367 kt</span></div>\n<div><span><b>Timestamp:</b></span><br/><span>2026-05-21 16:24:30 UTC<br/>2026-05-21 16:25:02 UTC</span></div>\n</div>"},"stroke-opacity":1,"stroke":"#ff9600","stroke-width":2}},{"type":"Feature","geometry":{"type":"LineString","coordinates":[[7.416494,49.908325,4716.78],[7.495868,49.921268,4396.74]]},"properties":{"name":"P-455","description":{"@type":"html","value":"<div><div><span><b>Altitude:</b></span> <span>15,475 ft - 14,425 ft</span></div>\n<div><span><b>Speed:</b></span> <span>367 kt - 361 kt</span></div>\n<div><span><b>Timestamp:</b></span><br/><span>2026-05-21 16:25:02 UTC<br/>2026-05-21 16:25:33 UTC</span></div>\n</div>"},"stroke-opacity":1,"stroke":"#ffa800","stroke-width":2}},{"type":"Feature","geometry":{"type":"LineString","coordinates":[[7.495868,49.921268,4396.74],[7.575296,49.934212,4107.18]]},"properties":{"name":"P-456","description":{"@type":"html","value":"<div><div><span><b>Altitude:</b></span> <span>14,425 ft - 13,475 ft</span></div>\n<div><span><b>Speed:</b></span> <span>361 kt - 353 kt</span></div>\n<div><span><b>Timestamp:</b></span><br/><span>2026-05-21 16:25:33 UTC<br/>2026-05-21 16:26:05 UTC</span></div>\n</div>"},"stroke-opacity":1,"stroke":"#ffc000","stroke-width":2}},{"type":"Feature","geometry":{"type":"LineString","coordinates":[[7.575296,49.934212,4107.18],[7.652423,49.946503,3909.06]]},"properties":{"name":"P-457","description":{"@type":"html","value":"<div><div><span><b>Altitude:</b></span> <span>13,475 ft - 12,825 ft</span></div>\n<div><span><b>Speed:</b></span> <span>353 kt - 346 kt</span></div>\n<div><span><b>Timestamp:</b></span><br/><span>2026-05-21 16:26:05 UTC<br/>2026-05-21 16:26:37 UTC</span></div>\n</div>"},"stroke-opacity":1,"stroke":"#ffc000","stroke-width":2}},{"type":"Feature","geometry":{"type":"LineString","coordinates":[[7.652423,49.946503,3909.06],[7.728376,49.958405,3749.04]]},"properties":{"name":"P-458","description":{"@type":"html","value":"<div><div><span><b>Altitude:</b></span> <span>12,825 ft - 12,300 ft</span></div>\n<div><span><b>Speed:</b></span> <span>346 kt - 344 kt</span></div>\n<div><span><b>Timestamp:</b></span><br/><span>2026-05-21 16:26:37 UTC<br/>2026-05-21 16:27:08 UTC</span></div>\n</div>"},"stroke-opacity":1,"stroke":"#ffea00","stroke-width":2}},{"type":"Feature","geometry":{"type":"LineString","coordinates":[[7.728376,49.958405,3749.04],[7.803257,49.970581,3604.26]]},"properties":{"name":"P-459","description":{"@type":"html","value":"<div><div><span><b>Altitude:</b></span> <span>12,300 ft - 11,825 ft</span></div>\n<div><span><b>Speed:</b></span> <span>344 kt - 341 kt</span></div>\n<div><span><b>Timestamp:</b></span><br/><span>2026-05-21 16:27:08 UTC<br/>2026-05-21 16:27:40 UTC</span></div>\n</div>"},"stroke-opacity":1,"stroke":"#ffea00","stroke-width":2}},{"type":"Feature","geometry":{"type":"LineString","coordinates":[[7.803257,49.970581,3604.26],[7.832955,49.975315,3550.92]]},"properties":{"name":"P-460","description":{"@type":"html","value":"<div><div><span><b>Altitude:</b></span> <span>11,825 ft - 11,650 ft</span></div>\n<div><span><b>Speed:</b></span> <span>341 kt - 332 kt</span></div>\n<div><span><b>Timestamp:</b></span><br/><span>2026-05-21 16:27:40 UTC<br/>2026-05-21 16:27:52 UTC</span></div>\n</div>"},"stroke-opacity":1,"stroke":"#ffea00","stroke-width":2}},{"type":"Feature","geometry":{"type":"LineString","coordinates":[[7.832955,49.975315,3550.92],[7.861947,49.979919,3489.96]]},"properties":{"name":"P-461","description":{"@type":"html","value":"<div><div><span><b>Altitude:</b></span> <span>11,650 ft - 11,450 ft</span></div>\n<div><span><b>Speed:</b></span> <span>332 kt - 324 kt</span></div>\n<div><span><b>Timestamp:</b></span><br/><span>2026-05-21 16:27:52 UTC<br/>2026-05-21 16:28:05 UTC</span></div>\n</div>"},"stroke-opacity":1,"stroke":"#ffea00","stroke-width":2}},{"type":"Feature","geometry":{"type":"LineString","coordinates":[[7.861947,49.979919,3489.96],[7.890063,49.984314,3421.38]]},"properties":{"name":"P-462","description":{"@type":"html","value":"<div><div><span><b>Altitude:</b></span> <span>11,450 ft - 11,225 ft</span></div>\n<div><span><b>Speed:</b></span> <span>324 kt - 317 kt</span></div>\n<div><span><b>Timestamp:</b></span><br/><span>2026-05-21 16:28:05 UTC<br/>2026-05-21 16:28:18 UTC</span></div>\n</div>"},"stroke-opacity":1,"stroke":"#e4ff00","stroke-width":2}},{"type":"Feature","geometry":{"type":"LineString","coordinates":[[7.890063,49.984314,3421.38],[7.921865,49.989304,3352.8]]},"properties":{"name":"P-463","description":{"@type":"html","value":"<div><div><span><b>Altitude:</b></span> <span>11,225 ft - 11,000 ft</span></div>\n<div><span><b>Speed:</b></span> <span>317 kt - 310 kt</span></div>\n<div><span><b>Timestamp:</b></span><br/><span>2026-05-21 16:28:18 UTC<br/>2026-05-21 16:28:32 UTC</span></div>\n</div>"},"stroke-opacity":1,"stroke":"#e4ff00","stroke-width":2}},{"type":"Feature","geometry":{"type":"LineString","coordinates":[[7.921865,49.989304,3352.8],[7.948905,49.993752,3284.22]]},"properties":{"name":"P-464","description":{"@type":"html","value":"<div><div><span><b>Altitude:</b></span> <span>11,000 ft - 10,775 ft</span></div>\n<div><span><b>Speed:</b></span> <span>310 kt - 304 kt</span></div>\n<div><span><b>Timestamp:</b></span><br/><span>2026-05-21 16:28:32 UTC<br/>2026-05-21 16:28:45 UTC</span></div>\n</div>"},"stroke-opacity":1,"stroke":"#e4ff00","stroke-width":2}},{"type":"Feature","geometry":{"type":"LineString","coordinates":[[7.948905,49.993752,3284.22],[7.975406,49.999943,3223.26]]},"properties":{"name":"P-465","description":{"@type":"html","value":"<div><div><span><b>Altitude:</b></span> <span>10,775 ft - 10,575 ft</span></div>\n<div><span><b>Speed:</b></span> <span>304 kt - 300 kt</span></div>\n<div><span><b>Timestamp:</b></span><br/><span>2026-05-21 16:28:45 UTC<br/>2026-05-21 16:28:58 UTC</span></div>\n</div>"},"stroke-opacity":1,"stroke":"#e4ff00","stroke-width":2}},{"type":"Feature","geometry":{"type":"LineString","coordinates":[[7.975406,49.999943,3223.26],[8.005709,50.00766,3147.06]]},"properties":{"name":"P-466","description":{"@type":"html","value":"<div><div><span><b>Altitude:</b></span> <span>10,575 ft - 10,325 ft</span></div>\n<div><span><b>Speed:</b></span> <span>300 kt - 298 kt</span></div>\n<div><span><b>Timestamp:</b></span><br/><span>2026-05-21 16:28:58 UTC<br/>2026-05-21 16:29:13 UTC</span></div>\n</div>"},"stroke-opacity":1,"stroke":"#e4ff00","stroke-width":2}},{"type":"Feature","geometry":{"type":"LineString","coordinates":[[8.005709,50.00766,3147.06],[8.035342,50.014984,3070.86]]},"properties":{"name":"P-467","description":{"@type":"html","value":"<div><div><span><b>Altitude:</b></span> <span>10,325 ft - 10,075 ft</span></div>\n<div><span><b>Speed:</b></span> <span>298 kt - 296 kt</span></div>\n<div><span><b>Timestamp:</b></span><br/><span>2026-05-21 16:29:13 UTC<br/>2026-05-21 16:29:28 UTC</span></div>\n</div>"},"stroke-opacity":1,"stroke":"#e4ff00","stroke-width":2}},{"type":"Feature","geometry":{"type":"LineString","coordinates":[[8.035342,50.014984,3070.86],[8.060253,50.021076,3048]]},"properties":{"name":"P-468","description":{"@type":"html","value":"<div><div><span><b>Altitude:</b></span> <span>10,075 ft - 10,000 ft</span></div>\n<div><span><b>Speed:</b></span> <span>296 kt - 294 kt</span></div>\n<div><span><b>Timestamp:</b></span><br/><span>2026-05-21 16:29:28 UTC<br/>2026-05-21 16:29:40 UTC</span></div>\n</div>"},"stroke-opacity":1,"stroke":"#e4ff00","stroke-width":2}},{"type":"Feature","geometry":{"type":"LineString","coordinates":[[8.060253,50.021076,3048],[8.085641,50.027222,3048]]},"properties":{"name":"P-469","description":{"@type":"html","value":"<div><div><span><b>Altitude:</b></span> <span>10,000 ft</span></div>\n<div><span><b>Speed:</b></span> <span>294 kt - 295 kt</span></div>\n<div><span><b>Timestamp:</b></span><br/><span>2026-05-21 16:29:40 UTC<br/>2026-05-21 16:29:53 UTC</span></div>\n</div>"},"stroke-opacity":1,"stroke":"#e4ff00","stroke-width":2}},{"type":"Feature","geometry":{"type":"LineString","coordinates":[[8.085641,50.027222,3048],[8.11362,50.033936,3048]]},"properties":{"name":"P-470","description":{"@type":"html","value":"<div><div><span><b>Altitude:</b></span> <span>10,000 ft</span></div>\n<div><span><b>Speed:</b></span> <span>295 kt</span></div>\n<div><span><b>Timestamp:</b></span><br/><span>2026-05-21 16:29:53 UTC<br/>2026-05-21 16:30:07 UTC</span></div>\n</div>"},"stroke-opacity":1,"stroke":"#e4ff00","stroke-width":2}},{"type":"Feature","geometry":{"type":"LineString","coordinates":[[8.11362,50.033936,3048],[8.139423,50.040161,3048]]},"properties":{"name":"P-471","description":{"@type":"html","value":"<div><div><span><b>Altitude:</b></span> <span>10,000 ft</span></div>\n<div><span><b>Speed:</b></span> <span>295 kt - 294 kt</span></div>\n<div><span><b>Timestamp:</b></span><br/><span>2026-05-21 16:30:07 UTC<br/>2026-05-21 16:30:20 UTC</span></div>\n</div>"},"stroke-opacity":1,"stroke":"#e4ff00","stroke-width":2}},{"type":"Feature","geometry":{"type":"LineString","coordinates":[[8.139423,50.040161,3048],[8.164994,50.046356,3048]]},"properties":{"name":"P-472","description":{"@type":"html","value":"<div><div><span><b>Altitude:</b></span> <span>10,000 ft</span></div>\n<div><span><b>Speed:</b></span> <span>294 kt - 296 kt</span></div>\n<div><span><b>Timestamp:</b></span><br/><span>2026-05-21 16:30:20 UTC<br/>2026-05-21 16:30:33 UTC</span></div>\n</div>"},"stroke-opacity":1,"stroke":"#e4ff00","stroke-width":2}},{"type":"Feature","geometry":{"type":"LineString","coordinates":[[8.164994,50.046356,3048],[8.189566,50.052361,3048]]},"properties":{"name":"P-473","description":{"@type":"html","value":"<div><div><span><b>Altitude:</b></span> <span>10,000 ft</span></div>\n<div><span><b>Speed:</b></span> <span>296 kt - 295 kt</span></div>\n<div><span><b>Timestamp:</b></span><br/><span>2026-05-21 16:30:33 UTC<br/>2026-05-21 16:30:46 UTC</span></div>\n</div>"},"stroke-opacity":1,"stroke":"#e4ff00","stroke-width":2}},{"type":"Feature","geometry":{"type":"LineString","coordinates":[[8.189566,50.052361,3048],[8.219292,50.059616,3048]]},"properties":{"name":"P-474","description":{"@type":"html","value":"<div><div><span><b>Altitude:</b></span> <span>10,000 ft</span></div>\n<div><span><b>Speed:</b></span> <span>295 kt</span></div>\n<div><span><b>Timestamp:</b></span><br/><span>2026-05-21 16:30:46 UTC<br/>2026-05-21 16:31:01 UTC</span></div>\n</div>"},"stroke-opacity":1,"stroke":"#e4ff00","stroke-width":2}},{"type":"Feature","geometry":{"type":"LineString","coordinates":[[8.219292,50.059616,3048],[8.24509,50.065907,3048]]},"properties":{"name":"P-475","description":{"@type":"html","value":"<div><div><span><b>Altitude:</b></span> <span>10,000 ft</span></div>\n<div><span><b>Speed:</b></span> <span>295 kt</span></div>\n<div><span><b>Timestamp:</b></span><br/><span>2026-05-21 16:31:01 UTC<br/>2026-05-21 16:31:14 UTC</span></div>\n</div>"},"stroke-opacity":1,"stroke":"#e4ff00","stroke-width":2}},{"type":"Feature","geometry":{"type":"LineString","coordinates":[[8.24509,50.065907,3048],[8.270478,50.072147,3048]]},"properties":{"name":"P-476","description":{"@type":"html","value":"<div><div><span><b>Altitude:</b></span> <span>10,000 ft</span></div>\n<div><span><b>Speed:</b></span> <span>295 kt</span></div>\n<div><span><b>Timestamp:</b></span><br/><span>2026-05-21 16:31:14 UTC<br/>2026-05-21 16:31:26 UTC</span></div>\n</div>"},"stroke-opacity":1,"stroke":"#e4ff00","stroke-width":2}},{"type":"Feature","geometry":{"type":"LineString","coordinates":[[8.270478,50.072147,3048],[8.296014,50.078289,3048]]},"properties":{"name":"P-477","description":{"@type":"html","value":"<div><div><span><b>Altitude:</b></span> <span>10,000 ft</span></div>\n<div><span><b>Speed:</b></span> <span>295 kt - 297 kt</span></div>\n<div><span><b>Timestamp:</b></span><br/><span>2026-05-21 16:31:26 UTC<br/>2026-05-21 16:31:39 UTC</span></div>\n</div>"},"stroke-opacity":1,"stroke":"#e4ff00","stroke-width":2}},{"type":"Feature","geometry":{"type":"LineString","coordinates":[[8.296014,50.078289,3048],[8.322144,50.08461,3048]]},"properties":{"name":"P-478","description":{"@type":"html","value":"<div><div><span><b>Altitude:</b></span> <span>10,000 ft</span></div>\n<div><span><b>Speed:</b></span> <span>297 kt - 296 kt</span></div>\n<div><span><b>Timestamp:</b></span><br/><span>2026-05-21 16:31:39 UTC<br/>2026-05-21 16:31:52 UTC</span></div>\n</div>"},"stroke-opacity":1,"stroke":"#e4ff00","stroke-width":2}},{"type":"Feature","geometry":{"type":"LineString","coordinates":[[8.322144,50.08461,3048],[8.346343,50.090439,3025.14]]},"properties":{"name":"P-479","description":{"@type":"html","value":"<div><div><span><b>Altitude:</b></span> <span>10,000 ft - 9,925 ft</span></div>\n<div><span><b>Speed:</b></span> <span>296 kt - 297 kt</span></div>\n<div><span><b>Timestamp:</b></span><br/><span>2026-05-21 16:31:52 UTC<br/>2026-05-21 16:32:05 UTC</span></div>\n</div>"},"stroke-opacity":1,"stroke":"#e4ff00","stroke-width":2}},{"type":"Feature","geometry":{"type":"LineString","coordinates":[[8.346343,50.090439,3025.14],[8.376641,50.097794,2948.94]]},"properties":{"name":"P-480","description":{"@type":"html","value":"<div><div><span><b>Altitude:</b></span> <span>9,925 ft - 9,675 ft</span></div>\n<div><span><b>Speed:</b></span> <span>297 kt - 294 kt</span></div>\n<div><span><b>Timestamp:</b></span><br/><span>2026-05-21 16:32:05 UTC<br/>2026-05-21 16:32:20 UTC</span></div>\n</div>"},"stroke-opacity":1,"stroke":"#e4ff00","stroke-width":2}},{"type":"Feature","geometry":{"type":"LineString","coordinates":[[8.376641,50.097794,2948.94],[8.405336,50.10466,2880.36]]},"properties":{"name":"P-481","description":{"@type":"html","value":"<div><div><span><b>Altitude:</b></span> <span>9,675 ft - 9,450 ft</span></div>\n<div><span><b>Speed:</b></span> <span>294 kt - 293 kt</span></div>\n<div><span><b>Timestamp:</b></span><br/><span>2026-05-21 16:32:20 UTC<br/>2026-05-21 16:32:34 UTC</span></div>\n</div>"},"stroke-opacity":1,"stroke":"#d2ff00","stroke-width":2}},{"type":"Feature","geometry":{"type":"LineString","coordinates":[[8.405336,50.10466,2880.36],[8.433788,50.111435,2811.78]]},"properties":{"name":"P-482","description":{"@type":"html","value":"<div><div><span><b>Altitude:</b></span> <span>9,450 ft - 9,225 ft</span></div>\n<div><span><b>Speed:</b></span> <span>293 kt</span></div>\n<div><span><b>Timestamp:</b></span><br/><span>2026-05-21 16:32:34 UTC<br/>2026-05-21 16:32:49 UTC</span></div>\n</div>"},"stroke-opacity":1,"stroke":"#d2ff00","stroke-width":2}},{"type":"Feature","geometry":{"type":"LineString","coordinates":[[8.433788,50.111435,2811.78],[8.458533,50.11734,2750.82]]},"properties":{"name":"P-483","description":{"@type":"html","value":"<div><div><span><b>Altitude:</b></span> <span>9,225 ft - 9,025 ft</span></div>\n<div><span><b>Speed:</b></span> <span>293 kt - 294 kt</span></div>\n<div><span><b>Timestamp:</b></span><br/><span>2026-05-21 16:32:49 UTC<br/>2026-05-21 16:33:01 UTC</span></div>\n</div>"},"stroke-opacity":1,"stroke":"#d2ff00","stroke-width":2}},{"type":"Feature","geometry":{"type":"LineString","coordinates":[[8.458533,50.11734,2750.82],[8.486866,50.124161,2674.62]]},"properties":{"name":"P-484","description":{"@type":"html","value":"<div><div><span><b>Altitude:</b></span> <span>9,025 ft - 8,775 ft</span></div>\n<div><span><b>Speed:</b></span> <span>294 kt - 292 kt</span></div>\n<div><span><b>Timestamp:</b></span><br/><span>2026-05-21 16:33:01 UTC<br/>2026-05-21 16:33:16 UTC</span></div>\n</div>"},"stroke-opacity":1,"stroke":"#d2ff00","stroke-width":2}},{"type":"Feature","geometry":{"type":"LineString","coordinates":[[8.486866,50.124161,2674.62],[8.511658,50.130112,2583.18]]},"properties":{"name":"P-485","description":{"@type":"html","value":"<div><div><span><b>Altitude:</b></span> <span>8,775 ft - 8,475 ft</span></div>\n<div><span><b>Speed:</b></span> <span>292 kt</span></div>\n<div><span><b>Timestamp:</b></span><br/><span>2026-05-21 16:33:16 UTC<br/>2026-05-21 16:33:28 UTC</span></div>\n</div>"},"stroke-opacity":1,"stroke":"#d2ff00","stroke-width":2}},{"type":"Feature","geometry":{"type":"LineString","coordinates":[[8.511658,50.130112,2583.18],[8.539485,50.136795,2476.5]]},"properties":{"name":"P-486","description":{"@type":"html","value":"<div><div><span><b>Altitude:</b></span> <span>8,475 ft - 8,125 ft</span></div>\n<div><span><b>Speed:</b></span> <span>292 kt - 290 kt</span></div>\n<div><span><b>Timestamp:</b></span><br/><span>2026-05-21 16:33:28 UTC<br/>2026-05-21 16:33:43 UTC</span></div>\n</div>"},"stroke-opacity":1,"stroke":"#d2ff00","stroke-width":2}},{"type":"Feature","geometry":{"type":"LineString","coordinates":[[8.539485,50.136795,2476.5],[8.564882,50.142765,2377.44]]},"properties":{"name":"P-487","description":{"@type":"html","value":"<div><div><span><b>Altitude:</b></span> <span>8,125 ft - 7,800 ft</span></div>\n<div><span><b>Speed:</b></span> <span>290 kt - 288 kt</span></div>\n<div><span><b>Timestamp:</b></span><br/><span>2026-05-21 16:33:43 UTC<br/>2026-05-21 16:33:56 UTC</span></div>\n</div>"},"stroke-opacity":1,"stroke":"#9cff00","stroke-width":2}},{"type":"Feature","geometry":{"type":"LineString","coordinates":[[8.564882,50.142765,2377.44],[8.589676,50.148769,2278.38]]},"properties":{"name":"P-488","description":{"@type":"html","value":"<div><div><span><b>Altitude:</b></span> <span>7,800 ft - 7,475 ft</span></div>\n<div><span><b>Speed:</b></span> <span>288 kt - 286 kt</span></div>\n<div><span><b>Timestamp:</b></span><br/><span>2026-05-21 16:33:56 UTC<br/>2026-05-21 16:34:08 UTC</span></div>\n</div>"},"stroke-opacity":1,"stroke":"#9cff00","stroke-width":2}},{"type":"Feature","geometry":{"type":"LineString","coordinates":[[8.589676,50.148769,2278.38],[8.613643,50.154648,2186.94]]},"properties":{"name":"P-489","description":{"@type":"html","value":"<div><div><span><b>Altitude:</b></span> <span>7,475 ft - 7,175 ft</span></div>\n<div><span><b>Speed:</b></span> <span>286 kt - 284 kt</span></div>\n<div><span><b>Timestamp:</b></span><br/><span>2026-05-21 16:34:08 UTC<br/>2026-05-21 16:34:21 UTC</span></div>\n</div>"},"stroke-opacity":1,"stroke":"#9cff00","stroke-width":2}},{"type":"Feature","geometry":{"type":"LineString","coordinates":[[8.613643,50.154648,2186.94],[8.642698,50.161606,2095.5]]},"properties":{"name":"P-490","description":{"@type":"html","value":"<div><div><span><b>Altitude:</b></span> <span>7,175 ft - 6,875 ft</span></div>\n<div><span><b>Speed:</b></span> <span>284 kt - 278 kt</span></div>\n<div><span><b>Timestamp:</b></span><br/><span>2026-05-21 16:34:21 UTC<br/>2026-05-21 16:34:36 UTC</span></div>\n</div>"},"stroke-opacity":1,"stroke":"#9cff00","stroke-width":2}},{"type":"Feature","geometry":{"type":"LineString","coordinates":[[8.642698,50.161606,2095.5],[8.665763,50.166927,2034.54]]},"properties":{"name":"P-491","description":{"@type":"html","value":"<div><div><span><b>Altitude:</b></span> <span>6,875 ft - 6,675 ft</span></div>\n<div><span><b>Speed:</b></span> <span>278 kt - 273 kt</span></div>\n<div><span><b>Timestamp:</b></span><br/><span>2026-05-21 16:34:36 UTC<br/>2026-05-21 16:34:48 UTC</span></div>\n</div>"},"stroke-opacity":1,"stroke":"#9cff00","stroke-width":2}},{"type":"Feature","geometry":{"type":"LineString","coordinates":[[8.665763,50.166927,2034.54],[8.689962,50.172558,1965.96]]},"properties":{"name":"P-492","description":{"@type":"html","value":"<div><div><span><b>Altitude:</b></span> <span>6,675 ft - 6,450 ft</span></div>\n<div><span><b>Speed:</b></span> <span>273 kt - 268 kt</span></div>\n<div><span><b>Timestamp:</b></span><br/><span>2026-05-21 16:34:48 UTC<br/>2026-05-21 16:35:01 UTC</span></div>\n</div>"},"stroke-opacity":1,"stroke":"#9cff00","stroke-width":2}},{"type":"Feature","geometry":{"type":"LineString","coordinates":[[8.689962,50.172558,1965.96],[8.712084,50.177681,1905]]},"properties":{"name":"P-493","description":{"@type":"html","value":"<div><div><span><b>Altitude:</b></span> <span>6,450 ft - 6,250 ft</span></div>\n<div><span><b>Speed:</b></span> <span>268 kt - 263 kt</span></div>\n<div><span><b>Timestamp:</b></span><br/><span>2026-05-21 16:35:01 UTC<br/>2026-05-21 16:35:14 UTC</span></div>\n</div>"},"stroke-opacity":1,"stroke":"#72ff00","stroke-width":2}},{"type":"Feature","geometry":{"type":"LineString","coordinates":[[8.712084,50.177681,1905],[8.737817,50.183716,1836.42]]},"properties":{"name":"P-494","description":{"@type":"html","value":"<div><div><span><b>Altitude:</b></span> <span>6,250 ft - 6,025 ft</span></div>\n<div><span><b>Speed:</b></span> <span>263 kt - 257 kt</span></div>\n<div><span><b>Timestamp:</b></span><br/><span>2026-05-21 16:35:14 UTC<br/>2026-05-21 16:35:29 UTC</span></div>\n</div>"},"stroke-opacity":1,"stroke":"#72ff00","stroke-width":2}},{"type":"Feature","geometry":{"type":"LineString","coordinates":[[8.737817,50.183716,1836.42],[8.759934,50.188843,1828.8]]},"properties":{"name":"P-495","description":{"@type":"html","value":"<div><div><span><b>Altitude:</b></span> <span>6,025 ft - 6,000 ft</span></div>\n<div><span><b>Speed:</b></span> <span>257 kt - 247 kt</span></div>\n<div><span><b>Timestamp:</b></span><br/><span>2026-05-21 16:35:29 UTC<br/>2026-05-21 16:35:41 UTC</span></div>\n</div>"},"stroke-opacity":1,"stroke":"#72ff00","stroke-width":2}},{"type":"Feature","geometry":{"type":"LineString","coordinates":[[8.759934,50.188843,1828.8],[8.782604,50.194111,1828.8]]},"properties":{"name":"P-496","description":{"@type":"html","value":"<div><div><span><b>Altitude:</b></span> <span>6,000 ft</span></div>\n<div><span><b>Speed:</b></span> <span>247 kt - 246 kt</span></div>\n<div><span><b>Timestamp:</b></span><br/><span>2026-05-21 16:35:41 UTC<br/>2026-05-21 16:35:55 UTC</span></div>\n</div>"},"stroke-opacity":1,"stroke":"#72ff00","stroke-width":2}},{"type":"Feature","geometry":{"type":"LineString","coordinates":[[8.782604,50.194111,1828.8],[8.803612,50.199047,1828.8]]},"properties":{"name":"P-497","description":{"@type":"html","value":"<div><div><span><b>Altitude:</b></span> <span>6,000 ft</span></div>\n<div><span><b>Speed:</b></span> <span>246 kt</span></div>\n<div><span><b>Timestamp:</b></span><br/><span>2026-05-21 16:35:55 UTC<br/>2026-05-21 16:36:08 UTC</span></div>\n</div>"},"stroke-opacity":1,"stroke":"#72ff00","stroke-width":2}},{"type":"Feature","geometry":{"type":"LineString","coordinates":[[8.803612,50.199047,1828.8],[8.828331,50.20496,1828.8]]},"properties":{"name":"P-498","description":{"@type":"html","value":"<div><div><span><b>Altitude:</b></span> <span>6,000 ft</span></div>\n<div><span><b>Speed:</b></span> <span>246 kt - 247 kt</span></div>\n<div><span><b>Timestamp:</b></span><br/><span>2026-05-21 16:36:08 UTC<br/>2026-05-21 16:36:22 UTC</span></div>\n</div>"},"stroke-opacity":1,"stroke":"#72ff00","stroke-width":2}},{"type":"Feature","geometry":{"type":"LineString","coordinates":[[8.828331,50.20496,1828.8],[8.839224,50.206604,1821.18]]},"properties":{"name":"P-499","description":{"@type":"html","value":"<div><div><span><b>Altitude:</b></span> <span>6,000 ft - 5,975 ft</span></div>\n<div><span><b>Speed:</b></span> <span>247 kt</span></div>\n<div><span><b>Timestamp:</b></span><br/><span>2026-05-21 16:36:22 UTC<br/>2026-05-21 16:36:28 UTC</span></div>\n</div>"},"stroke-opacity":1,"stroke":"#72ff00","stroke-width":2}},{"type":"Feature","geometry":{"type":"LineString","coordinates":[[8.839224,50.206604,1821.18],[8.842732,50.206821,1821.18]]},"properties":{"name":"P-500","description":{"@type":"html","value":"<div><div><span><b>Altitude:</b></span> <span>5,975 ft</span></div>\n<div><span><b>Speed:</b></span> <span>247 kt</span></div>\n<div><span><b>Timestamp:</b></span><br/><span>2026-05-21 16:36:28 UTC<br/>2026-05-21 16:36:30 UTC</span></div>\n</div>"},"stroke-opacity":1,"stroke":"#72ff00","stroke-width":2}},{"type":"Feature","geometry":{"type":"LineString","coordinates":[[8.842732,50.206821,1821.18],[8.84637,50.206913,1813.56]]},"properties":{"name":"P-501","description":{"@type":"html","value":"<div><div><span><b>Altitude:</b></span> <span>5,975 ft - 5,950 ft</span></div>\n<div><span><b>Speed:</b></span> <span>247 kt - 248 kt</span></div>\n<div><span><b>Timestamp:</b></span><br/><span>2026-05-21 16:36:30 UTC<br/>2026-05-21 16:36:33 UTC</span></div>\n</div>"},"stroke-opacity":1,"stroke":"#72ff00","stroke-width":2}},{"type":"Feature","geometry":{"type":"LineString","coordinates":[[8.84637,50.206913,1813.56],[8.850283,50.206833,1798.32]]},"properties":{"name":"P-502","description":{"@type":"html","value":"<div><div><span><b>Altitude:</b></span> <span>5,950 ft - 5,900 ft</span></div>\n<div><span><b>Speed:</b></span> <span>248 kt</span></div>\n<div><span><b>Timestamp:</b></span><br/><span>2026-05-21 16:36:33 UTC<br/>2026-05-21 16:36:35 UTC</span></div>\n</div>"},"stroke-opacity":1,"stroke":"#72ff00","stroke-width":2}},{"type":"Feature","geometry":{"type":"LineString","coordinates":[[8.850283,50.206833,1798.32],[8.853101,50.206604,1790.7]]},"properties":{"name":"P-503","description":{"@type":"html","value":"<div><div><span><b>Altitude:</b></span> <span>5,900 ft - 5,875 ft</span></div>\n<div><span><b>Speed:</b></span> <span>248 kt</span></div>\n<div><span><b>Timestamp:</b></span><br/><span>2026-05-21 16:36:35 UTC<br/>2026-05-21 16:36:37 UTC</span></div>\n</div>"},"stroke-opacity":1,"stroke":"#72ff00","stroke-width":2}},{"type":"Feature","geometry":{"type":"LineString","coordinates":[[8.853101,50.206604,1790.7],[8.856985,50.206169,1783.08]]},"properties":{"name":"P-504","description":{"@type":"html","value":"<div><div><span><b>Altitude:</b></span> <span>5,875 ft - 5,850 ft</span></div>\n<div><span><b>Speed:</b></span> <span>248 kt - 247 kt</span></div>\n<div><span><b>Timestamp:</b></span><br/><span>2026-05-21 16:36:37 UTC<br/>2026-05-21 16:36:39 UTC</span></div>\n</div>"},"stroke-opacity":1,"stroke":"#72ff00","stroke-width":2}},{"type":"Feature","geometry":{"type":"LineString","coordinates":[[8.856985,50.206169,1783.08],[8.861588,50.205379,1767.84]]},"properties":{"name":"P-505","description":{"@type":"html","value":"<div><div><span><b>Altitude:</b></span> <span>5,850 ft - 5,800 ft</span></div>\n<div><span><b>Speed:</b></span> <span>247 kt - 245 kt</span></div>\n<div><span><b>Timestamp:</b></span><br/><span>2026-05-21 16:36:39 UTC<br/>2026-05-21 16:36:41 UTC</span></div>\n</div>"},"stroke-opacity":1,"stroke":"#72ff00","stroke-width":2}},{"type":"Feature","geometry":{"type":"LineString","coordinates":[[8.861588,50.205379,1767.84],[8.864955,50.20459,1760.22]]},"properties":{"name":"P-506","description":{"@type":"html","value":"<div><div><span><b>Altitude:</b></span> <span>5,800 ft - 5,775 ft</span></div>\n<div><span><b>Speed:</b></span> <span>245 kt</span></div>\n<div><span><b>Timestamp:</b></span><br/><span>2026-05-21 16:36:41 UTC<br/>2026-05-21 16:36:43 UTC</span></div>\n</div>"},"stroke-opacity":1,"stroke":"#72ff00","stroke-width":2}},{"type":"Feature","geometry":{"type":"LineString","coordinates":[[8.864955,50.20459,1760.22],[8.867846,50.203766,1752.6]]},"properties":{"name":"P-507","description":{"@type":"html","value":"<div><div><span><b>Altitude:</b></span> <span>5,775 ft - 5,750 ft</span></div>\n<div><span><b>Speed:</b></span> <span>245 kt</span></div>\n<div><span><b>Timestamp:</b></span><br/><span>2026-05-21 16:36:43 UTC<br/>2026-05-21 16:36:45 UTC</span></div>\n</div>"},"stroke-opacity":1,"stroke":"#72ff00","stroke-width":2}},{"type":"Feature","geometry":{"type":"LineString","coordinates":[[8.867846,50.203766,1752.6],[8.871749,50.202484,1744.98]]},"properties":{"name":"P-508","description":{"@type":"html","value":"<div><div><span><b>Altitude:</b></span> <span>5,750 ft - 5,725 ft</span></div>\n<div><span><b>Speed:</b></span> <span>245 kt - 243 kt</span></div>\n<div><span><b>Timestamp:</b></span><br/><span>2026-05-21 16:36:45 UTC<br/>2026-05-21 16:36:48 UTC</span></div>\n</div>"},"stroke-opacity":1,"stroke":"#72ff00","stroke-width":2}},{"type":"Feature","geometry":{"type":"LineString","coordinates":[[8.871749,50.202484,1744.98],[8.874652,50.201237,1737.36]]},"properties":{"name":"P-509","description":{"@type":"html","value":"<div><div><span><b>Altitude:</b></span> <span>5,725 ft - 5,700 ft</span></div>\n<div><span><b>Speed:</b></span> <span>243 kt - 242 kt</span></div>\n<div><span><b>Timestamp:</b></span><br/><span>2026-05-21 16:36:48 UTC<br/>2026-05-21 16:36:50 UTC</span></div>\n</div>"},"stroke-opacity":1,"stroke":"#72ff00","stroke-width":2}},{"type":"Feature","geometry":{"type":"LineString","coordinates":[[8.874652,50.201237,1737.36],[8.877315,50.199966,1729.74]]},"properties":{"name":"P-510","description":{"@type":"html","value":"<div><div><span><b>Altitude:</b></span> <span>5,700 ft - 5,675 ft</span></div>\n<div><span><b>Speed:</b></span> <span>242 kt - 241 kt</span></div>\n<div><span><b>Timestamp:</b></span><br/><span>2026-05-21 16:36:50 UTC<br/>2026-05-21 16:36:52 UTC</span></div>\n</div>"},"stroke-opacity":1,"stroke":"#72ff00","stroke-width":2}},{"type":"Feature","geometry":{"type":"LineString","coordinates":[[8.877315,50.199966,1729.74],[8.880278,50.198318,1714.5]]},"properties":{"name":"P-511","description":{"@type":"html","value":"<div><div><span><b>Altitude:</b></span> <span>5,675 ft - 5,625 ft</span></div>\n<div><span><b>Speed:</b></span> <span>241 kt - 239 kt</span></div>\n<div><span><b>Timestamp:</b></span><br/><span>2026-05-21 16:36:52 UTC<br/>2026-05-21 16:36:54 UTC</span></div>\n</div>"},"stroke-opacity":1,"stroke":"#72ff00","stroke-width":2}},{"type":"Feature","geometry":{"type":"LineString","coordinates":[[8.880278,50.198318,1714.5],[8.882966,50.196442,1706.88]]},"properties":{"name":"P-512","description":{"@type":"html","value":"<div><div><span><b>Altitude:</b></span> <span>5,625 ft - 5,600 ft</span></div>\n<div><span><b>Speed:</b></span> <span>239 kt - 238 kt</span></div>\n<div><span><b>Timestamp:</b></span><br/><span>2026-05-21 16:36:54 UTC<br/>2026-05-21 16:36:56 UTC</span></div>\n</div>"},"stroke-opacity":1,"stroke":"#72ff00","stroke-width":2}},{"type":"Feature","geometry":{"type":"LineString","coordinates":[[8.882966,50.196442,1706.88],[8.88512,50.194748,1699.26]]},"properties":{"name":"P-513","description":{"@type":"html","value":"<div><div><span><b>Altitude:</b></span> <span>5,600 ft - 5,575 ft</span></div>\n<div><span><b>Speed:</b></span> <span>238 kt - 236 kt</span></div>\n<div><span><b>Timestamp:</b></span><br/><span>2026-05-21 16:36:56 UTC<br/>2026-05-21 16:36:58 UTC</span></div>\n</div>"},"stroke-opacity":1,"stroke":"#72ff00","stroke-width":2}},{"type":"Feature","geometry":{"type":"LineString","coordinates":[[8.88512,50.194748,1699.26],[8.88742,50.192623,1691.64]]},"properties":{"name":"P-514","description":{"@type":"html","value":"<div><div><span><b>Altitude:</b></span> <span>5,575 ft - 5,550 ft</span></div>\n<div><span><b>Speed:</b></span> <span>236 kt - 235 kt</span></div>\n<div><span><b>Timestamp:</b></span><br/><span>2026-05-21 16:36:58 UTC<br/>2026-05-21 16:37:00 UTC</span></div>\n</div>"},"stroke-opacity":1,"stroke":"#72ff00","stroke-width":2}},{"type":"Feature","geometry":{"type":"LineString","coordinates":[[8.88742,50.192623,1691.64],[8.888905,50.190899,1684.02]]},"properties":{"name":"P-515","description":{"@type":"html","value":"<div><div><span><b>Altitude:</b></span> <span>5,550 ft - 5,525 ft</span></div>\n<div><span><b>Speed:</b></span> <span>235 kt - 233 kt</span></div>\n<div><span><b>Timestamp:</b></span><br/><span>2026-05-21 16:37:00 UTC<br/>2026-05-21 16:37:02 UTC</span></div>\n</div>"},"stroke-opacity":1,"stroke":"#72ff00","stroke-width":2}},{"type":"Feature","geometry":{"type":"LineString","coordinates":[[8.888905,50.190899,1684.02],[8.890614,50.188797,1676.4]]},"properties":{"name":"P-516","description":{"@type":"html","value":"<div><div><span><b>Altitude:</b></span> <span>5,525 ft - 5,500 ft</span></div>\n<div><span><b>Speed:</b></span> <span>233 kt - 232 kt</span></div>\n<div><span><b>Timestamp:</b></span><br/><span>2026-05-21 16:37:02 UTC<br/>2026-05-21 16:37:05 UTC</span></div>\n</div>"},"stroke-opacity":1,"stroke":"#72ff00","stroke-width":2}},{"type":"Feature","geometry":{"type":"LineString","coordinates":[[8.890614,50.188797,1676.4],[8.892204,50.186371,1661.16]]},"properties":{"name":"P-517","description":{"@type":"html","value":"<div><div><span><b>Altitude:</b></span> <span>5,500 ft - 5,450 ft</span></div>\n<div><span><b>Speed:</b></span> <span>232 kt - 229 kt</span></div>\n<div><span><b>Timestamp:</b></span><br/><span>2026-05-21 16:37:05 UTC<br/>2026-05-21 16:37:07 UTC</span></div>\n</div>"},"stroke-opacity":1,"stroke":"#72ff00","stroke-width":2}},{"type":"Feature","geometry":{"type":"LineString","coordinates":[[8.892204,50.186371,1661.16],[8.89336,50.184494,1653.54]]},"properties":{"name":"P-518","description":{"@type":"html","value":"<div><div><span><b>Altitude:</b></span> <span>5,450 ft - 5,425 ft</span></div>\n<div><span><b>Speed:</b></span> <span>229 kt - 228 kt</span></div>\n<div><span><b>Timestamp:</b></span><br/><span>2026-05-21 16:37:07 UTC<br/>2026-05-21 16:37:09 UTC</span></div>\n</div>"},"stroke-opacity":1,"stroke":"#72ff00","stroke-width":2}},{"type":"Feature","geometry":{"type":"LineString","coordinates":[[8.89336,50.184494,1653.54],[8.894769,50.182011,1645.92]]},"properties":{"name":"P-519","description":{"@type":"html","value":"<div><div><span><b>Altitude:</b></span> <span>5,425 ft - 5,400 ft</span></div>\n<div><span><b>Speed:</b></span> <span>228 kt - 227 kt</span></div>\n<div><span><b>Timestamp:</b></span><br/><span>2026-05-21 16:37:09 UTC<br/>2026-05-21 16:37:11 UTC</span></div>\n</div>"},"stroke-opacity":1,"stroke":"#72ff00","stroke-width":2}},{"type":"Feature","geometry":{"type":"LineString","coordinates":[[8.894769,50.182011,1645.92],[8.89589,50.180008,1638.3]]},"properties":{"name":"P-520","description":{"@type":"html","value":"<div><div><span><b>Altitude:</b></span> <span>5,400 ft - 5,375 ft</span></div>\n<div><span><b>Speed:</b></span> <span>227 kt - 226 kt</span></div>\n<div><span><b>Timestamp:</b></span><br/><span>2026-05-21 16:37:11 UTC<br/>2026-05-21 16:37:13 UTC</span></div>\n</div>"},"stroke-opacity":1,"stroke":"#72ff00","stroke-width":2}},{"type":"Feature","geometry":{"type":"LineString","coordinates":[[8.89589,50.180008,1638.3],[8.896996,50.177864,1630.68]]},"properties":{"name":"P-521","description":{"@type":"html","value":"<div><div><span><b>Altitude:</b></span> <span>5,375 ft - 5,350 ft</span></div>\n<div><span><b>Speed:</b></span> <span>226 kt - 225 kt</span></div>\n<div><span><b>Timestamp:</b></span><br/><span>2026-05-21 16:37:13 UTC<br/>2026-05-21 16:37:15 UTC</span></div>\n</div>"},"stroke-opacity":1,"stroke":"#72ff00","stroke-width":2}},{"type":"Feature","geometry":{"type":"LineString","coordinates":[[8.896996,50.177864,1630.68],[8.898059,50.17598,1623.06]]},"properties":{"name":"P-522","description":{"@type":"html","value":"<div><div><span><b>Altitude:</b></span> <span>5,350 ft - 5,325 ft</span></div>\n<div><span><b>Speed:</b></span> <span>225 kt</span></div>\n<div><span><b>Timestamp:</b></span><br/><span>2026-05-21 16:37:15 UTC<br/>2026-05-21 16:37:18 UTC</span></div>\n</div>"},"stroke-opacity":1,"stroke":"#72ff00","stroke-width":2}},{"type":"Feature","geometry":{"type":"LineString","coordinates":[[8.898059,50.17598,1623.06],[8.899215,50.173737,1615.44]]},"properties":{"name":"P-523","description":{"@type":"html","value":"<div><div><span><b>Altitude:</b></span> <span>5,325 ft - 5,300 ft</span></div>\n<div><span><b>Speed:</b></span> <span>225 kt - 224 kt</span></div>\n<div><span><b>Timestamp:</b></span><br/><span>2026-05-21 16:37:18 UTC<br/>2026-05-21 16:37:20 UTC</span></div>\n</div>"},"stroke-opacity":1,"stroke":"#72ff00","stroke-width":2}},{"type":"Feature","geometry":{"type":"LineString","coordinates":[[8.899215,50.173737,1615.44],[8.900154,50.171448,1607.82]]},"properties":{"name":"P-524","description":{"@type":"html","value":"<div><div><span><b>Altitude:</b></span> <span>5,300 ft - 5,275 ft</span></div>\n<div><span><b>Speed:</b></span> <span>224 kt - 222 kt</span></div>\n<div><span><b>Timestamp:</b></span><br/><span>2026-05-21 16:37:20 UTC<br/>2026-05-21 16:37:22 UTC</span></div>\n</div>"},"stroke-opacity":1,"stroke":"#72ff00","stroke-width":2}},{"type":"Feature","geometry":{"type":"LineString","coordinates":[[8.900154,50.171448,1607.82],[8.900805,50.169662,1600.2]]},"properties":{"name":"P-525","description":{"@type":"html","value":"<div><div><span><b>Altitude:</b></span> <span>5,275 ft - 5,250 ft</span></div>\n<div><span><b>Speed:</b></span> <span>222 kt - 221 kt</span></div>\n<div><span><b>Timestamp:</b></span><br/><span>2026-05-21 16:37:22 UTC<br/>2026-05-21 16:37:24 UTC</span></div>\n</div>"},"stroke-opacity":1,"stroke":"#72ff00","stroke-width":2}},{"type":"Feature","geometry":{"type":"LineString","coordinates":[[8.900805,50.169662,1600.2],[8.901311,50.167557,1592.58]]},"properties":{"name":"P-526","description":{"@type":"html","value":"<div><div><span><b>Altitude:</b></span> <span>5,250 ft - 5,225 ft</span></div>\n<div><span><b>Speed:</b></span> <span>221 kt - 219 kt</span></div>\n<div><span><b>Timestamp:</b></span><br/><span>2026-05-21 16:37:24 UTC<br/>2026-05-21 16:37:26 UTC</span></div>\n</div>"},"stroke-opacity":1,"stroke":"#72ff00","stroke-width":2}},{"type":"Feature","geometry":{"type":"LineString","coordinates":[[8.901311,50.167557,1592.58],[8.9016,50.165314,1584.96]]},"properties":{"name":"P-527","description":{"@type":"html","value":"<div><div><span><b>Altitude:</b></span> <span>5,225 ft - 5,200 ft</span></div>\n<div><span><b>Speed:</b></span> <span>219 kt - 218 kt</span></div>\n<div><span><b>Timestamp:</b></span><br/><span>2026-05-21 16:37:26 UTC<br/>2026-05-21 16:37:28 UTC</span></div>\n</div>"},"stroke-opacity":1,"stroke":"#72ff00","stroke-width":2}},{"type":"Feature","geometry":{"type":"LineString","coordinates":[[8.9016,50.165314,1584.96],[8.901598,50.162922,1569.72]]},"properties":{"name":"P-528","description":{"@type":"html","value":"<div><div><span><b>Altitude:</b></span> <span>5,200 ft - 5,150 ft</span></div>\n<div><span><b>Speed:</b></span> <span>218 kt - 217 kt</span></div>\n<div><span><b>Timestamp:</b></span><br/><span>2026-05-21 16:37:28 UTC<br/>2026-05-21 16:37:30 UTC</span></div>\n</div>"},"stroke-opacity":1,"stroke":"#72ff00","stroke-width":2}},{"type":"Feature","geometry":{"type":"LineString","coordinates":[[8.901598,50.162922,1569.72],[8.901311,50.16124,1569.72]]},"properties":{"name":"P-529","description":{"@type":"html","value":"<div><div><span><b>Altitude:</b></span> <span>5,150 ft</span></div>\n<div><span><b>Speed:</b></span> <span>217 kt - 215 kt</span></div>\n<div><span><b>Timestamp:</b></span><br/><span>2026-05-21 16:37:30 UTC<br/>2026-05-21 16:37:33 UTC</span></div>\n</div>"},"stroke-opacity":1,"stroke":"#72ff00","stroke-width":2}},{"type":"Feature","geometry":{"type":"LineString","coordinates":[[8.901311,50.16124,1569.72],[8.900782,50.15929,1554.48]]},"properties":{"name":"P-530","description":{"@type":"html","value":"<div><div><span><b>Altitude:</b></span> <span>5,150 ft - 5,100 ft</span></div>\n<div><span><b>Speed:</b></span> <span>215 kt - 213 kt</span></div>\n<div><span><b>Timestamp:</b></span><br/><span>2026-05-21 16:37:33 UTC<br/>2026-05-21 16:37:35 UTC</span></div>\n</div>"},"stroke-opacity":1,"stroke":"#72ff00","stroke-width":2}},{"type":"Feature","geometry":{"type":"LineString","coordinates":[[8.900782,50.15929,1554.48],[8.899721,50.156799,1546.86]]},"properties":{"name":"P-531","description":{"@type":"html","value":"<div><div><span><b>Altitude:</b></span> <span>5,100 ft - 5,075 ft</span></div>\n<div><span><b>Speed:</b></span> <span>213 kt - 211 kt</span></div>\n<div><span><b>Timestamp:</b></span><br/><span>2026-05-21 16:37:35 UTC<br/>2026-05-21 16:37:37 UTC</span></div>\n</div>"},"stroke-opacity":1,"stroke":"#72ff00","stroke-width":2}},{"type":"Feature","geometry":{"type":"LineString","coordinates":[[8.899721,50.156799,1546.86],[8.898703,50.154961,1539.24]]},"properties":{"name":"P-532","description":{"@type":"html","value":"<div><div><span><b>Altitude:</b></span> <span>5,075 ft - 5,050 ft</span></div>\n<div><span><b>Speed:</b></span> <span>211 kt - 210 kt</span></div>\n<div><span><b>Timestamp:</b></span><br/><span>2026-05-21 16:37:37 UTC<br/>2026-05-21 16:37:39 UTC</span></div>\n</div>"},"stroke-opacity":1,"stroke":"#72ff00","stroke-width":2}},{"type":"Feature","geometry":{"type":"LineString","coordinates":[[8.898703,50.154961,1539.24],[8.897293,50.153053,1531.62]]},"properties":{"name":"P-533","description":{"@type":"html","value":"<div><div><span><b>Altitude:</b></span> <span>5,050 ft - 5,025 ft</span></div>\n<div><span><b>Speed:</b></span> <span>210 kt - 209 kt</span></div>\n<div><span><b>Timestamp:</b></span><br/><span>2026-05-21 16:37:39 UTC<br/>2026-05-21 16:37:41 UTC</span></div>\n</div>"},"stroke-opacity":1,"stroke":"#72ff00","stroke-width":2}},{"type":"Feature","geometry":{"type":"LineString","coordinates":[[8.897293,50.153053,1531.62],[8.895734,50.151283,1524]]},"properties":{"name":"P-534","description":{"@type":"html","value":"<div><div><span><b>Altitude:</b></span> <span>5,025 ft - 5,000 ft</span></div>\n<div><span><b>Speed:</b></span> <span>209 kt - 208 kt</span></div>\n<div><span><b>Timestamp:</b></span><br/><span>2026-05-21 16:37:41 UTC<br/>2026-05-21 16:37:43 UTC</span></div>\n</div>"},"stroke-opacity":1,"stroke":"#72ff00","stroke-width":2}},{"type":"Feature","geometry":{"type":"LineString","coordinates":[[8.895734,50.151283,1524],[8.893939,50.149567,1516.38]]},"properties":{"name":"P-535","description":{"@type":"html","value":"<div><div><span><b>Altitude:</b></span> <span>5,000 ft - 4,975 ft</span></div>\n<div><span><b>Speed:</b></span> <span>208 kt - 206 kt</span></div>\n<div><span><b>Timestamp:</b></span><br/><span>2026-05-21 16:37:43 UTC<br/>2026-05-21 16:37:46 UTC</span></div>\n</div>"},"stroke-opacity":1,"stroke":"#72ff00","stroke-width":2}},{"type":"Feature","geometry":{"type":"LineString","coordinates":[[8.893939,50.149567,1516.38],[8.891873,50.147793,1501.14]]},"properties":{"name":"P-536","description":{"@type":"html","value":"<div><div><span><b>Altitude:</b></span> <span>4,975 ft - 4,925 ft</span></div>\n<div><span><b>Speed:</b></span> <span>206 kt - 205 kt</span></div>\n<div><span><b>Timestamp:</b></span><br/><span>2026-05-21 16:37:46 UTC<br/>2026-05-21 16:37:48 UTC</span></div>\n</div>"},"stroke-opacity":1,"stroke":"#72ff00","stroke-width":2}},{"type":"Feature","geometry":{"type":"LineString","coordinates":[[8.891873,50.147793,1501.14],[8.890108,50.146317,1501.14]]},"properties":{"name":"P-537","description":{"@type":"html","value":"<div><div><span><b>Altitude:</b></span> <span>4,925 ft</span></div>\n<div><span><b>Speed:</b></span> <span>205 kt - 204 kt</span></div>\n<div><span><b>Timestamp:</b></span><br/><span>2026-05-21 16:37:48 UTC<br/>2026-05-21 16:37:50 UTC</span></div>\n</div>"},"stroke-opacity":1,"stroke":"#72ff00","stroke-width":2}},{"type":"Feature","geometry":{"type":"LineString","coordinates":[[8.890108,50.146317,1501.14],[8.888373,50.144989,1493.52]]},"properties":{"name":"P-538","description":{"@type":"html","value":"<div><div><span><b>Altitude:</b></span> <span>4,925 ft - 4,900 ft</span></div>\n<div><span><b>Speed:</b></span> <span>204 kt - 203 kt</span></div>\n<div><span><b>Timestamp:</b></span><br/><span>2026-05-21 16:37:50 UTC<br/>2026-05-21 16:37:52 UTC</span></div>\n</div>"},"stroke-opacity":1,"stroke":"#72ff00","stroke-width":2}},{"type":"Feature","geometry":{"type":"LineString","coordinates":[[8.888373,50.144989,1493.52],[8.88606,50.143204,1478.28]]},"properties":{"name":"P-539","description":{"@type":"html","value":"<div><div><span><b>Altitude:</b></span> <span>4,900 ft - 4,850 ft</span></div>\n<div><span><b>Speed:</b></span> <span>203 kt - 202 kt</span></div>\n<div><span><b>Timestamp:</b></span><br/><span>2026-05-21 16:37:52 UTC<br/>2026-05-21 16:37:54 UTC</span></div>\n</div>"},"stroke-opacity":1,"stroke":"#36ff00","stroke-width":2}},{"type":"Feature","geometry":{"type":"LineString","coordinates":[[8.88606,50.143204,1478.28],[8.884254,50.14183,1470.66]]},"properties":{"name":"P-540","description":{"@type":"html","value":"<div><div><span><b>Altitude:</b></span> <span>4,850 ft - 4,825 ft</span></div>\n<div><span><b>Speed:</b></span> <span>202 kt</span></div>\n<div><span><b>Timestamp:</b></span><br/><span>2026-05-21 16:37:54 UTC<br/>2026-05-21 16:37:56 UTC</span></div>\n</div>"},"stroke-opacity":1,"stroke":"#36ff00","stroke-width":2}},{"type":"Feature","geometry":{"type":"LineString","coordinates":[[8.884254,50.14183,1470.66],[8.882223,50.140392,1463.04]]},"properties":{"name":"P-541","description":{"@type":"html","value":"<div><div><span><b>Altitude:</b></span> <span>4,825 ft - 4,800 ft</span></div>\n<div><span><b>Speed:</b></span> <span>202 kt - 201 kt</span></div>\n<div><span><b>Timestamp:</b></span><br/><span>2026-05-21 16:37:56 UTC<br/>2026-05-21 16:37:58 UTC</span></div>\n</div>"},"stroke-opacity":1,"stroke":"#36ff00","stroke-width":2}},{"type":"Feature","geometry":{"type":"LineString","coordinates":[[8.882223,50.140392,1463.04],[8.88035,50.138992,1455.42]]},"properties":{"name":"P-542","description":{"@type":"html","value":"<div><div><span><b>Altitude:</b></span> <span>4,800 ft - 4,775 ft</span></div>\n<div><span><b>Speed:</b></span> <span>201 kt - 200 kt</span></div>\n<div><span><b>Timestamp:</b></span><br/><span>2026-05-21 16:37:58 UTC<br/>2026-05-21 16:38:00 UTC</span></div>\n</div>"},"stroke-opacity":1,"stroke":"#36ff00","stroke-width":2}},{"type":"Feature","geometry":{"type":"LineString","coordinates":[[8.88035,50.138992,1455.42],[8.877993,50.137318,1447.8]]},"properties":{"name":"P-543","description":{"@type":"html","value":"<div><div><span><b>Altitude:</b></span> <span>4,775 ft - 4,750 ft</span></div>\n<div><span><b>Speed:</b></span> <span>200 kt - 199 kt</span></div>\n<div><span><b>Timestamp:</b></span><br/><span>2026-05-21 16:38:00 UTC<br/>2026-05-21 16:38:02 UTC</span></div>\n</div>"},"stroke-opacity":1,"stroke":"#36ff00","stroke-width":2}},{"type":"Feature","geometry":{"type":"LineString","coordinates":[[8.877993,50.137318,1447.8],[8.87623,50.136017,1440.18]]},"properties":{"name":"P-544","description":{"@type":"html","value":"<div><div><span><b>Altitude:</b></span> <span>4,750 ft - 4,725 ft</span></div>\n<div><span><b>Speed:</b></span> <span>199 kt</span></div>\n<div><span><b>Timestamp:</b></span><br/><span>2026-05-21 16:38:02 UTC<br/>2026-05-21 16:38:04 UTC</span></div>\n</div>"},"stroke-opacity":1,"stroke":"#36ff00","stroke-width":2}},{"type":"Feature","geometry":{"type":"LineString","coordinates":[[8.87623,50.136017,1440.18],[8.874207,50.134712,1432.56]]},"properties":{"name":"P-545","description":{"@type":"html","value":"<div><div><span><b>Altitude:</b></span> <span>4,725 ft - 4,700 ft</span></div>\n<div><span><b>Speed:</b></span> <span>199 kt - 198 kt</span></div>\n<div><span><b>Timestamp:</b></span><br/><span>2026-05-21 16:38:04 UTC<br/>2026-05-21 16:38:07 UTC</span></div>\n</div>"},"stroke-opacity":1,"stroke":"#36ff00","stroke-width":2}},{"type":"Feature","geometry":{"type":"LineString","coordinates":[[8.874207,50.134712,1432.56],[8.872276,50.133453,1424.94]]},"properties":{"name":"P-546","description":{"@type":"html","value":"<div><div><span><b>Altitude:</b></span> <span>4,700 ft - 4,675 ft</span></div>\n<div><span><b>Speed:</b></span> <span>198 kt</span></div>\n<div><span><b>Timestamp:</b></span><br/><span>2026-05-21 16:38:07 UTC<br/>2026-05-21 16:38:09 UTC</span></div>\n</div>"},"stroke-opacity":1,"stroke":"#36ff00","stroke-width":2}},{"type":"Feature","geometry":{"type":"LineString","coordinates":[[8.872276,50.133453,1424.94],[8.869455,50.131824,1424.94]]},"properties":{"name":"P-547","description":{"@type":"html","value":"<div><div><span><b>Altitude:</b></span> <span>4,675 ft</span></div>\n<div><span><b>Speed:</b></span> <span>198 kt - 196 kt</span></div>\n<div><span><b>Timestamp:</b></span><br/><span>2026-05-21 16:38:09 UTC<br/>2026-05-21 16:38:11 UTC</span></div>\n</div>"},"stroke-opacity":1,"stroke":"#36ff00","stroke-width":2}},{"type":"Feature","geometry":{"type":"LineString","coordinates":[[8.869455,50.131824,1424.94],[8.867526,50.130756,1417.32]]},"properties":{"name":"P-548","description":{"@type":"html","value":"<div><div><span><b>Altitude:</b></span> <span>4,675 ft - 4,650 ft</span></div>\n<div><span><b>Speed:</b></span> <span>196 kt</span></div>\n<div><span><b>Timestamp:</b></span><br/><span>2026-05-21 16:38:11 UTC<br/>2026-05-21 16:38:13 UTC</span></div>\n</div>"},"stroke-opacity":1,"stroke":"#36ff00","stroke-width":2}},{"type":"Feature","geometry":{"type":"LineString","coordinates":[[8.867526,50.130756,1417.32],[8.865605,50.129837,1409.7]]},"properties":{"name":"P-549","description":{"@type":"html","value":"<div><div><span><b>Altitude:</b></span> <span>4,650 ft - 4,625 ft</span></div>\n<div><span><b>Speed:</b></span> <span>196 kt</span></div>\n<div><span><b>Timestamp:</b></span><br/><span>2026-05-21 16:38:13 UTC<br/>2026-05-21 16:38:15 UTC</span></div>\n</div>"},"stroke-opacity":1,"stroke":"#36ff00","stroke-width":2}},{"type":"Feature","geometry":{"type":"LineString","coordinates":[[8.865605,50.129837,1409.7],[8.862786,50.128464,1402.08]]},"properties":{"name":"P-550","description":{"@type":"html","value":"<div><div><span><b>Altitude:</b></span> <span>4,625 ft - 4,600 ft</span></div>\n<div><span><b>Speed:</b></span> <span>196 kt</span></div>\n<div><span><b>Timestamp:</b></span><br/><span>2026-05-21 16:38:15 UTC<br/>2026-05-21 16:38:17 UTC</span></div>\n</div>"},"stroke-opacity":1,"stroke":"#36ff00","stroke-width":2}},{"type":"Feature","geometry":{"type":"LineString","coordinates":[[8.862786,50.128464,1402.08],[8.860619,50.127457,1386.84]]},"properties":{"name":"P-551","description":{"@type":"html","value":"<div><div><span><b>Altitude:</b></span> <span>4,600 ft - 4,550 ft</span></div>\n<div><span><b>Speed:</b></span> <span>196 kt</span></div>\n<div><span><b>Timestamp:</b></span><br/><span>2026-05-21 16:38:17 UTC<br/>2026-05-21 16:38:19 UTC</span></div>\n</div>"},"stroke-opacity":1,"stroke":"#36ff00","stroke-width":2}},{"type":"Feature","geometry":{"type":"LineString","coordinates":[[8.860619,50.127457,1386.84],[8.858161,50.126404,1379.22]]},"properties":{"name":"P-552","description":{"@type":"html","value":"<div><div><span><b>Altitude:</b></span> <span>4,550 ft - 4,525 ft</span></div>\n<div><span><b>Speed:</b></span> <span>196 kt</span></div>\n<div><span><b>Timestamp:</b></span><br/><span>2026-05-21 16:38:19 UTC<br/>2026-05-21 16:38:21 UTC</span></div>\n</div>"},"stroke-opacity":1,"stroke":"#36ff00","stroke-width":2}},{"type":"Feature","geometry":{"type":"LineString","coordinates":[[8.858161,50.126404,1379.22],[8.855649,50.125401,1371.6]]},"properties":{"name":"P-553","description":{"@type":"html","value":"<div><div><span><b>Altitude:</b></span> <span>4,525 ft - 4,500 ft</span></div>\n<div><span><b>Speed:</b></span> <span>196 kt</span></div>\n<div><span><b>Timestamp:</b></span><br/><span>2026-05-21 16:38:21 UTC<br/>2026-05-21 16:38:23 UTC</span></div>\n</div>"},"stroke-opacity":1,"stroke":"#36ff00","stroke-width":2}},{"type":"Feature","geometry":{"type":"LineString","coordinates":[[8.855649,50.125401,1371.6],[8.852902,50.124283,1363.98]]},"properties":{"name":"P-554","description":{"@type":"html","value":"<div><div><span><b>Altitude:</b></span> <span>4,500 ft - 4,475 ft</span></div>\n<div><span><b>Speed:</b></span> <span>196 kt - 195 kt</span></div>\n<div><span><b>Timestamp:</b></span><br/><span>2026-05-21 16:38:23 UTC<br/>2026-05-21 16:38:25 UTC</span></div>\n</div>"},"stroke-opacity":1,"stroke":"#36ff00","stroke-width":2}},{"type":"Feature","geometry":{"type":"LineString","coordinates":[[8.852902,50.124283,1363.98],[8.85021,50.123291,1356.36]]},"properties":{"name":"P-555","description":{"@type":"html","value":"<div><div><span><b>Altitude:</b></span> <span>4,475 ft - 4,450 ft</span></div>\n<div><span><b>Speed:</b></span> <span>195 kt</span></div>\n<div><span><b>Timestamp:</b></span><br/><span>2026-05-21 16:38:25 UTC<br/>2026-05-21 16:38:28 UTC</span></div>\n</div>"},"stroke-opacity":1,"stroke":"#36ff00","stroke-width":2}},{"type":"Feature","geometry":{"type":"LineString","coordinates":[[8.85021,50.123291,1356.36],[8.847928,50.122421,1348.74]]},"properties":{"name":"P-556","description":{"@type":"html","value":"<div><div><span><b>Altitude:</b></span> <span>4,450 ft - 4,425 ft</span></div>\n<div><span><b>Speed:</b></span> <span>195 kt</span></div>\n<div><span><b>Timestamp:</b></span><br/><span>2026-05-21 16:38:28 UTC<br/>2026-05-21 16:38:30 UTC</span></div>\n</div>"},"stroke-opacity":1,"stroke":"#36ff00","stroke-width":2}},{"type":"Feature","geometry":{"type":"LineString","coordinates":[[8.847928,50.122421,1348.74],[8.845006,50.121368,1333.5]]},"properties":{"name":"P-557","description":{"@type":"html","value":"<div><div><span><b>Altitude:</b></span> <span>4,425 ft - 4,375 ft</span></div>\n<div><span><b>Speed:</b></span> <span>195 kt - 194 kt</span></div>\n<div><span><b>Timestamp:</b></span><br/><span>2026-05-21 16:38:30 UTC<br/>2026-05-21 16:38:32 UTC</span></div>\n</div>"},"stroke-opacity":1,"stroke":"#36ff00","stroke-width":2}},{"type":"Feature","geometry":{"type":"LineString","coordinates":[[8.845006,50.121368,1333.5],[8.842114,50.120361,1325.88]]},"properties":{"name":"P-558","description":{"@type":"html","value":"<div><div><span><b>Altitude:</b></span> <span>4,375 ft - 4,350 ft</span></div>\n<div><span><b>Speed:</b></span> <span>194 kt</span></div>\n<div><span><b>Timestamp:</b></span><br/><span>2026-05-21 16:38:32 UTC<br/>2026-05-21 16:38:34 UTC</span></div>\n</div>"},"stroke-opacity":1,"stroke":"#36ff00","stroke-width":2}},{"type":"Feature","geometry":{"type":"LineString","coordinates":[[8.842114,50.120361,1325.88],[8.839763,50.119583,1318.26]]},"properties":{"name":"P-559","description":{"@type":"html","value":"<div><div><span><b>Altitude:</b></span> <span>4,350 ft - 4,325 ft</span></div>\n<div><span><b>Speed:</b></span> <span>194 kt</span></div>\n<div><span><b>Timestamp:</b></span><br/><span>2026-05-21 16:38:34 UTC<br/>2026-05-21 16:38:36 UTC</span></div>\n</div>"},"stroke-opacity":1,"stroke":"#36ff00","stroke-width":2}},{"type":"Feature","geometry":{"type":"LineString","coordinates":[[8.839763,50.119583,1318.26],[8.837055,50.118713,1310.64]]},"properties":{"name":"P-560","description":{"@type":"html","value":"<div><div><span><b>Altitude:</b></span> <span>4,325 ft - 4,300 ft</span></div>\n<div><span><b>Speed:</b></span> <span>194 kt</span></div>\n<div><span><b>Timestamp:</b></span><br/><span>2026-05-21 16:38:36 UTC<br/>2026-05-21 16:38:38 UTC</span></div>\n</div>"},"stroke-opacity":1,"stroke":"#36ff00","stroke-width":2}},{"type":"Feature","geometry":{"type":"LineString","coordinates":[[8.837055,50.118713,1310.64],[8.834526,50.117889,1303.02]]},"properties":{"name":"P-561","description":{"@type":"html","value":"<div><div><span><b>Altitude:</b></span> <span>4,300 ft - 4,275 ft</span></div>\n<div><span><b>Speed:</b></span> <span>194 kt - 193 kt</span></div>\n<div><span><b>Timestamp:</b></span><br/><span>2026-05-21 16:38:38 UTC<br/>2026-05-21 16:38:40 UTC</span></div>\n</div>"},"stroke-opacity":1,"stroke":"#36ff00","stroke-width":2}},{"type":"Feature","geometry":{"type":"LineString","coordinates":[[8.834526,50.117889,1303.02],[8.832043,50.117115,1295.4]]},"properties":{"name":"P-562","description":{"@type":"html","value":"<div><div><span><b>Altitude:</b></span> <span>4,275 ft - 4,250 ft</span></div>\n<div><span><b>Speed:</b></span> <span>193 kt</span></div>\n<div><span><b>Timestamp:</b></span><br/><span>2026-05-21 16:38:40 UTC<br/>2026-05-21 16:38:42 UTC</span></div>\n</div>"},"stroke-opacity":1,"stroke":"#36ff00","stroke-width":2}},{"type":"Feature","geometry":{"type":"LineString","coordinates":[[8.832043,50.117115,1295.4],[8.829147,50.116276,1280.16]]},"properties":{"name":"P-563","description":{"@type":"html","value":"<div><div><span><b>Altitude:</b></span> <span>4,250 ft - 4,200 ft</span></div>\n<div><span><b>Speed:</b></span> <span>193 kt</span></div>\n<div><span><b>Timestamp:</b></span><br/><span>2026-05-21 16:38:42 UTC<br/>2026-05-21 16:38:44 UTC</span></div>\n</div>"},"stroke-opacity":1,"stroke":"#36ff00","stroke-width":2}},{"type":"Feature","geometry":{"type":"LineString","coordinates":[[8.829147,50.116276,1280.16],[8.82643,50.115509,1272.54]]},"properties":{"name":"P-564","description":{"@type":"html","value":"<div><div><span><b>Altitude:</b></span> <span>4,200 ft - 4,175 ft</span></div>\n<div><span><b>Speed:</b></span> <span>193 kt - 194 kt</span></div>\n<div><span><b>Timestamp:</b></span><br/><span>2026-05-21 16:38:44 UTC<br/>2026-05-21 16:38:47 UTC</span></div>\n</div>"},"stroke-opacity":1,"stroke":"#36ff00","stroke-width":2}},{"type":"Feature","geometry":{"type":"LineString","coordinates":[[8.82643,50.115509,1272.54],[8.824397,50.114925,1264.92]]},"properties":{"name":"P-565","description":{"@type":"html","value":"<div><div><span><b>Altitude:</b></span> <span>4,175 ft - 4,150 ft</span></div>\n<div><span><b>Speed:</b></span> <span>194 kt</span></div>\n<div><span><b>Timestamp:</b></span><br/><span>2026-05-21 16:38:47 UTC<br/>2026-05-21 16:38:49 UTC</span></div>\n</div>"},"stroke-opacity":1,"stroke":"#36ff00","stroke-width":2}},{"type":"Feature","geometry":{"type":"LineString","coordinates":[[8.824397,50.114925,1264.92],[8.821444,50.114136,1249.68]]},"properties":{"name":"P-566","description":{"@type":"html","value":"<div><div><span><b>Altitude:</b></span> <span>4,150 ft - 4,100 ft</span></div>\n<div><span><b>Speed:</b></span> <span>194 kt</span></div>\n<div><span><b>Timestamp:</b></span><br/><span>2026-05-21 16:38:49 UTC<br/>2026-05-21 16:38:51 UTC</span></div>\n</div>"},"stroke-opacity":1,"stroke":"#36ff00","stroke-width":2}},{"type":"Feature","geometry":{"type":"LineString","coordinates":[[8.821444,50.114136,1249.68],[8.818263,50.113266,1242.06]]},"properties":{"name":"P-567","description":{"@type":"html","value":"<div><div><span><b>Altitude:</b></span> <span>4,100 ft - 4,075 ft</span></div>\n<div><span><b>Speed:</b></span> <span>194 kt</span></div>\n<div><span><b>Timestamp:</b></span><br/><span>2026-05-21 16:38:51 UTC<br/>2026-05-21 16:38:53 UTC</span></div>\n</div>"},"stroke-opacity":1,"stroke":"#36ff00","stroke-width":2}},{"type":"Feature","geometry":{"type":"LineString","coordinates":[[8.818263,50.113266,1242.06],[8.816009,50.11274,1234.44]]},"properties":{"name":"P-568","description":{"@type":"html","value":"<div><div><span><b>Altitude:</b></span> <span>4,075 ft - 4,050 ft</span></div>\n<div><span><b>Speed:</b></span> <span>194 kt - 193 kt</span></div>\n<div><span><b>Timestamp:</b></span><br/><span>2026-05-21 16:38:53 UTC<br/>2026-05-21 16:38:55 UTC</span></div>\n</div>"},"stroke-opacity":1,"stroke":"#36ff00","stroke-width":2}},{"type":"Feature","geometry":{"type":"LineString","coordinates":[[8.816009,50.11274,1234.44],[8.813336,50.112041,1219.2]]},"properties":{"name":"P-569","description":{"@type":"html","value":"<div><div><span><b>Altitude:</b></span> <span>4,050 ft - 4,000 ft</span></div>\n<div><span><b>Speed:</b></span> <span>193 kt - 192 kt</span></div>\n<div><span><b>Timestamp:</b></span><br/><span>2026-05-21 16:38:55 UTC<br/>2026-05-21 16:38:57 UTC</span></div>\n</div>"},"stroke-opacity":1,"stroke":"#36ff00","stroke-width":2}},{"type":"Feature","geometry":{"type":"LineString","coordinates":[[8.813336,50.112041,1219.2],[8.810293,50.111343,1211.58]]},"properties":{"name":"P-570","description":{"@type":"html","value":"<div><div><span><b>Altitude:</b></span> <span>4,000 ft - 3,975 ft</span></div>\n<div><span><b>Speed:</b></span> <span>192 kt</span></div>\n<div><span><b>Timestamp:</b></span><br/><span>2026-05-21 16:38:57 UTC<br/>2026-05-21 16:38:59 UTC</span></div>\n</div>"},"stroke-opacity":1,"stroke":"#36ff00","stroke-width":2}},{"type":"Feature","geometry":{"type":"LineString","coordinates":[[8.810293,50.111343,1211.58],[8.807855,50.110748,1196.34]]},"properties":{"name":"P-571","description":{"@type":"html","value":"<div><div><span><b>Altitude:</b></span> <span>3,975 ft - 3,925 ft</span></div>\n<div><span><b>Speed:</b></span> <span>192 kt</span></div>\n<div><span><b>Timestamp:</b></span><br/><span>2026-05-21 16:38:59 UTC<br/>2026-05-21 16:39:01 UTC</span></div>\n</div>"},"stroke-opacity":1,"stroke":"#36ff00","stroke-width":2}},{"type":"Feature","geometry":{"type":"LineString","coordinates":[[8.807855,50.110748,1196.34],[8.805181,50.110107,1188.72]]},"properties":{"name":"P-572","description":{"@type":"html","value":"<div><div><span><b>Altitude:</b></span> <span>3,925 ft - 3,900 ft</span></div>\n<div><span><b>Speed:</b></span> <span>192 kt - 191 kt</span></div>\n<div><span><b>Timestamp:</b></span><br/><span>2026-05-21 16:39:01 UTC<br/>2026-05-21 16:39:03 UTC</span></div>\n</div>"},"stroke-opacity":1,"stroke":"#0cff00","stroke-width":2}},{"type":"Feature","geometry":{"type":"LineString","coordinates":[[8.805181,50.110107,1188.72],[8.802289,50.109467,1181.1]]},"properties":{"name":"P-573","description":{"@type":"html","value":"<div><div><span><b>Altitude:</b></span> <span>3,900 ft - 3,875 ft</span></div>\n<div><span><b>Speed:</b></span> <span>191 kt - 190 kt</span></div>\n<div><span><b>Timestamp:</b></span><br/><span>2026-05-21 16:39:03 UTC<br/>2026-05-21 16:39:05 UTC</span></div>\n</div>"},"stroke-opacity":1,"stroke":"#0cff00","stroke-width":2}},{"type":"Feature","geometry":{"type":"LineString","coordinates":[[8.802289,50.109467,1181.1],[8.799752,50.108875,1173.48]]},"properties":{"name":"P-574","description":{"@type":"html","value":"<div><div><span><b>Altitude:</b></span> <span>3,875 ft - 3,850 ft</span></div>\n<div><span><b>Speed:</b></span> <span>190 kt - 189 kt</span></div>\n<div><span><b>Timestamp:</b></span><br/><span>2026-05-21 16:39:05 UTC<br/>2026-05-21 16:39:08 UTC</span></div>\n</div>"},"stroke-opacity":1,"stroke":"#0cff00","stroke-width":2}},{"type":"Feature","geometry":{"type":"LineString","coordinates":[[8.799752,50.108875,1173.48],[8.79656,50.108131,1158.24]]},"properties":{"name":"P-575","description":{"@type":"html","value":"<div><div><span><b>Altitude:</b></span> <span>3,850 ft - 3,800 ft</span></div>\n<div><span><b>Speed:</b></span> <span>189 kt - 188 kt</span></div>\n<div><span><b>Timestamp:</b></span><br/><span>2026-05-21 16:39:08 UTC<br/>2026-05-21 16:39:10 UTC</span></div>\n</div>"},"stroke-opacity":1,"stroke":"#0cff00","stroke-width":2}},{"type":"Feature","geometry":{"type":"LineString","coordinates":[[8.79656,50.108131,1158.24],[8.794259,50.10762,1143]]},"properties":{"name":"P-576","description":{"@type":"html","value":"<div><div><span><b>Altitude:</b></span> <span>3,800 ft - 3,750 ft</span></div>\n<div><span><b>Speed:</b></span> <span>188 kt</span></div>\n<div><span><b>Timestamp:</b></span><br/><span>2026-05-21 16:39:10 UTC<br/>2026-05-21 16:39:12 UTC</span></div>\n</div>"},"stroke-opacity":1,"stroke":"#0cff00","stroke-width":2}},{"type":"Feature","geometry":{"type":"LineString","coordinates":[[8.794259,50.10762,1143],[8.791159,50.106903,1127.76]]},"properties":{"name":"P-577","description":{"@type":"html","value":"<div><div><span><b>Altitude:</b></span> <span>3,750 ft - 3,700 ft</span></div>\n<div><span><b>Speed:</b></span> <span>188 kt - 189 kt</span></div>\n<div><span><b>Timestamp:</b></span><br/><span>2026-05-21 16:39:12 UTC<br/>2026-05-21 16:39:14 UTC</span></div>\n</div>"},"stroke-opacity":1,"stroke":"#0cff00","stroke-width":2}},{"type":"Feature","geometry":{"type":"LineString","coordinates":[[8.791159,50.106903,1127.76],[8.788839,50.106407,1112.52]]},"properties":{"name":"P-578","description":{"@type":"html","value":"<div><div><span><b>Altitude:</b></span> <span>3,700 ft - 3,650 ft</span></div>\n<div><span><b>Speed:</b></span> <span>189 kt</span></div>\n<div><span><b>Timestamp:</b></span><br/><span>2026-05-21 16:39:14 UTC<br/>2026-05-21 16:39:16 UTC</span></div>\n</div>"},"stroke-opacity":1,"stroke":"#0cff00","stroke-width":2}},{"type":"Feature","geometry":{"type":"LineString","coordinates":[[8.788839,50.106407,1112.52],[8.77757,50.103882,1051.56]]},"properties":{"name":"P-579","description":{"@type":"html","value":"<div><div><span><b>Altitude:</b></span> <span>3,650 ft - 3,450 ft</span></div>\n<div><span><b>Speed:</b></span> <span>189 kt - 190 kt</span></div>\n<div><span><b>Timestamp:</b></span><br/><span>2026-05-21 16:39:16 UTC<br/>2026-05-21 16:39:25 UTC</span></div>\n</div>"},"stroke-opacity":1,"stroke":"#0cff00","stroke-width":2}},{"type":"Feature","geometry":{"type":"LineString","coordinates":[[8.77757,50.103882,1051.56],[8.766294,50.101273,990.6]]},"properties":{"name":"P-580","description":{"@type":"html","value":"<div><div><span><b>Altitude:</b></span> <span>3,450 ft - 3,250 ft</span></div>\n<div><span><b>Speed:</b></span> <span>190 kt - 191 kt</span></div>\n<div><span><b>Timestamp:</b></span><br/><span>2026-05-21 16:39:25 UTC<br/>2026-05-21 16:39:33 UTC</span></div>\n</div>"},"stroke-opacity":1,"stroke":"#0cff00","stroke-width":2}},{"type":"Feature","geometry":{"type":"LineString","coordinates":[[8.766294,50.101273,990.6],[8.75744,50.099148,944.88]]},"properties":{"name":"P-581","description":{"@type":"html","value":"<div><div><span><b>Altitude:</b></span> <span>3,250 ft - 3,100 ft</span></div>\n<div><span><b>Speed:</b></span> <span>191 kt</span></div>\n<div><span><b>Timestamp:</b></span><br/><span>2026-05-21 16:39:33 UTC<br/>2026-05-21 16:39:40 UTC</span></div>\n</div>"},"stroke-opacity":1,"stroke":"#00ff1e","stroke-width":2}},{"type":"Feature","geometry":{"type":"LineString","coordinates":[[8.75744,50.099148,944.88],[8.748829,50.097145,899.16]]},"properties":{"name":"P-582","description":{"@type":"html","value":"<div><div><span><b>Altitude:</b></span> <span>3,100 ft - 2,950 ft</span></div>\n<div><span><b>Speed:</b></span> <span>191 kt - 188 kt</span></div>\n<div><span><b>Timestamp:</b></span><br/><span>2026-05-21 16:39:40 UTC<br/>2026-05-21 16:39:47 UTC</span></div>\n</div>"},"stroke-opacity":1,"stroke":"#00ff1e","stroke-width":2}},{"type":"Feature","geometry":{"type":"LineString","coordinates":[[8.748829,50.097145,899.16],[8.739913,50.095047,876.3]]},"properties":{"name":"P-583","description":{"@type":"html","value":"<div><div><span><b>Altitude:</b></span> <span>2,950 ft - 2,875 ft</span></div>\n<div><span><b>Speed:</b></span> <span>188 kt - 183 kt</span></div>\n<div><span><b>Timestamp:</b></span><br/><span>2026-05-21 16:39:47 UTC<br/>2026-05-21 16:39:54 UTC</span></div>\n</div>"},"stroke-opacity":1,"stroke":"#00ff1e","stroke-width":2}},{"type":"Feature","geometry":{"type":"LineString","coordinates":[[8.739913,50.095047,876.3],[8.731681,50.093094,845.82]]},"properties":{"name":"P-584","description":{"@type":"html","value":"<div><div><span><b>Altitude:</b></span> <span>2,875 ft - 2,775 ft</span></div>\n<div><span><b>Speed:</b></span> <span>183 kt - 181 kt</span></div>\n<div><span><b>Timestamp:</b></span><br/><span>2026-05-21 16:39:54 UTC<br/>2026-05-21 16:40:01 UTC</span></div>\n</div>"},"stroke-opacity":1,"stroke":"#00ff1e","stroke-width":2}},{"type":"Feature","geometry":{"type":"LineString","coordinates":[[8.731681,50.093094,845.82],[8.720621,50.090393,792.48]]},"properties":{"name":"P-585","description":{"@type":"html","value":"<div><div><span><b>Altitude:</b></span> <span>2,775 ft - 2,600 ft</span></div>\n<div><span><b>Speed:</b></span> <span>181 kt - 186 kt</span></div>\n<div><span><b>Timestamp:</b></span><br/><span>2026-05-21 16:40:01 UTC<br/>2026-05-21 16:40:09 UTC</span></div>\n</div>"},"stroke-opacity":1,"stroke":"#00ff1e","stroke-width":2}},{"type":"Feature","geometry":{"type":"LineString","coordinates":[[8.720621,50.090393,792.48],[8.710377,50.087879,754.38]]},"properties":{"name":"P-586","description":{"@type":"html","value":"<div><div><span><b>Altitude:</b></span> <span>2,600 ft - 2,475 ft</span></div>\n<div><span><b>Speed:</b></span> <span>186 kt</span></div>\n<div><span><b>Timestamp:</b></span><br/><span>2026-05-21 16:40:09 UTC<br/>2026-05-21 16:40:18 UTC</span></div>\n</div>"},"stroke-opacity":1,"stroke":"#00ff42","stroke-width":2}},{"type":"Feature","geometry":{"type":"LineString","coordinates":[[8.710377,50.087879,754.38],[8.708298,50.087368,746.76]]},"properties":{"name":"P-587","description":{"@type":"html","value":"<div><div><span><b>Altitude:</b></span> <span>2,475 ft - 2,450 ft</span></div>\n<div><span><b>Speed:</b></span> <span>186 kt - 185 kt</span></div>\n<div><span><b>Timestamp:</b></span><br/><span>2026-05-21 16:40:18 UTC<br/>2026-05-21 16:40:20 UTC</span></div>\n</div>"},"stroke-opacity":1,"stroke":"#00ff42","stroke-width":2}},{"type":"Feature","geometry":{"type":"LineString","coordinates":[[8.708298,50.087368,746.76],[8.702256,50.085983,723.9]]},"properties":{"name":"P-588","description":{"@type":"html","value":"<div><div><span><b>Altitude:</b></span> <span>2,450 ft - 2,375 ft</span></div>\n<div><span><b>Speed:</b></span> <span>185 kt</span></div>\n<div><span><b>Timestamp:</b></span><br/><span>2026-05-21 16:40:20 UTC<br/>2026-05-21 16:40:24 UTC</span></div>\n</div>"},"stroke-opacity":1,"stroke":"#00ff42","stroke-width":2}},{"type":"Feature","geometry":{"type":"LineString","coordinates":[[8.702256,50.085983,723.9],[8.699687,50.085365,716.28]]},"properties":{"name":"P-589","description":{"@type":"html","value":"<div><div><span><b>Altitude:</b></span> <span>2,375 ft - 2,350 ft</span></div>\n<div><span><b>Speed:</b></span> <span>185 kt - 183 kt</span></div>\n<div><span><b>Timestamp:</b></span><br/><span>2026-05-21 16:40:24 UTC<br/>2026-05-21 16:40:26 UTC</span></div>\n</div>"},"stroke-opacity":1,"stroke":"#00ff42","stroke-width":2}},{"type":"Feature","geometry":{"type":"LineString","coordinates":[[8.699687,50.085365,716.28],[8.697197,50.084793,708.66]]},"properties":{"name":"P-590","description":{"@type":"html","value":"<div><div><span><b>Altitude:</b></span> <span>2,350 ft - 2,325 ft</span></div>\n<div><span><b>Speed:</b></span> <span>183 kt - 182 kt</span></div>\n<div><span><b>Timestamp:</b></span><br/><span>2026-05-21 16:40:26 UTC<br/>2026-05-21 16:40:29 UTC</span></div>\n</div>"},"stroke-opacity":1,"stroke":"#00ff42","stroke-width":2}},{"type":"Feature","geometry":{"type":"LineString","coordinates":[[8.697197,50.084793,708.66],[8.694268,50.08411,693.42]]},"properties":{"name":"P-591","description":{"@type":"html","value":"<div><div><span><b>Altitude:</b></span> <span>2,325 ft - 2,275 ft</span></div>\n<div><span><b>Speed:</b></span> <span>182 kt - 181 kt</span></div>\n<div><span><b>Timestamp:</b></span><br/><span>2026-05-21 16:40:29 UTC<br/>2026-05-21 16:40:31 UTC</span></div>\n</div>"},"stroke-opacity":1,"stroke":"#00ff42","stroke-width":2}},{"type":"Feature","geometry":{"type":"LineString","coordinates":[[8.694268,50.08411,693.42],[8.691342,50.08342,685.8]]},"properties":{"name":"P-592","description":{"@type":"html","value":"<div><div><span><b>Altitude:</b></span> <span>2,275 ft - 2,250 ft</span></div>\n<div><span><b>Speed:</b></span> <span>181 kt - 180 kt</span></div>\n<div><span><b>Timestamp:</b></span><br/><span>2026-05-21 16:40:31 UTC<br/>2026-05-21 16:40:33 UTC</span></div>\n</div>"},"stroke-opacity":1,"stroke":"#00ff42","stroke-width":2}},{"type":"Feature","geometry":{"type":"LineString","coordinates":[[8.691342,50.08342,685.8],[8.688998,50.082901,670.56]]},"properties":{"name":"P-593","description":{"@type":"html","value":"<div><div><span><b>Altitude:</b></span> <span>2,250 ft - 2,200 ft</span></div>\n<div><span><b>Speed:</b></span> <span>180 kt - 178 kt</span></div>\n<div><span><b>Timestamp:</b></span><br/><span>2026-05-21 16:40:33 UTC<br/>2026-05-21 16:40:35 UTC</span></div>\n</div>"},"stroke-opacity":1,"stroke":"#00ff42","stroke-width":2}},{"type":"Feature","geometry":{"type":"LineString","coordinates":[[8.688998,50.082901,670.56],[8.686138,50.082184,662.94]]},"properties":{"name":"P-594","description":{"@type":"html","value":"<div><div><span><b>Altitude:</b></span> <span>2,200 ft - 2,175 ft</span></div>\n<div><span><b>Speed:</b></span> <span>178 kt - 177 kt</span></div>\n<div><span><b>Timestamp:</b></span><br/><span>2026-05-21 16:40:35 UTC<br/>2026-05-21 16:40:37 UTC</span></div>\n</div>"},"stroke-opacity":1,"stroke":"#00ff42","stroke-width":2}},{"type":"Feature","geometry":{"type":"LineString","coordinates":[[8.686138,50.082184,662.94],[8.677609,50.08017,624.84]]},"properties":{"name":"P-595","description":{"@type":"html","value":"<div><div><span><b>Altitude:</b></span> <span>2,175 ft - 2,050 ft</span></div>\n<div><span><b>Speed:</b></span> <span>177 kt - 175 kt</span></div>\n<div><span><b>Timestamp:</b></span><br/><span>2026-05-21 16:40:37 UTC<br/>2026-05-21 16:40:44 UTC</span></div>\n</div>"},"stroke-opacity":1,"stroke":"#00ff42","stroke-width":2}},{"type":"Feature","geometry":{"type":"LineString","coordinates":[[8.677609,50.08017,624.84],[8.669586,50.078247,586.74]]},"properties":{"name":"P-596","description":{"@type":"html","value":"<div><div><span><b>Altitude:</b></span> <span>2,050 ft - 1,925 ft</span></div>\n<div><span><b>Speed:</b></span> <span>175 kt - 174 kt</span></div>\n<div><span><b>Timestamp:</b></span><br/><span>2026-05-21 16:40:44 UTC<br/>2026-05-21 16:40:52 UTC</span></div>\n</div>"},"stroke-opacity":1,"stroke":"#00ff42","stroke-width":2}},{"type":"Feature","geometry":{"type":"LineString","coordinates":[[8.669586,50.078247,586.74],[8.657523,50.075405,533.4]]},"properties":{"name":"P-597","description":{"@type":"html","value":"<div><div><span><b>Altitude:</b></span> <span>1,925 ft - 1,750 ft</span></div>\n<div><span><b>Speed:</b></span> <span>174 kt - 170 kt</span></div>\n<div><span><b>Timestamp:</b></span><br/><span>2026-05-21 16:40:52 UTC<br/>2026-05-21 16:41:02 UTC</span></div>\n</div>"},"stroke-opacity":1,"stroke":"#00ffcc","stroke-width":2}},{"type":"Feature","geometry":{"type":"LineString","coordinates":[[8.657523,50.075405,533.4],[8.650071,50.073624,502.92]]},"properties":{"name":"P-598","description":{"@type":"html","value":"<div><div><span><b>Altitude:</b></span> <span>1,750 ft - 1,650 ft</span></div>\n<div><span><b>Speed:</b></span> <span>170 kt - 168 kt</span></div>\n<div><span><b>Timestamp:</b></span><br/><span>2026-05-21 16:41:02 UTC<br/>2026-05-21 16:41:08 UTC</span></div>\n</div>"},"stroke-opacity":1,"stroke":"#00ffcc","stroke-width":2}},{"type":"Feature","geometry":{"type":"LineString","coordinates":[[8.650071,50.073624,502.92],[8.640524,50.071308,464.82]]},"properties":{"name":"P-599","description":{"@type":"html","value":"<div><div><span><b>Altitude:</b></span> <span>1,650 ft - 1,525 ft</span></div>\n<div><span><b>Speed:</b></span> <span>168 kt - 161 kt</span></div>\n<div><span><b>Timestamp:</b></span><br/><span>2026-05-21 16:41:08 UTC<br/>2026-05-21 16:41:17 UTC</span></div>\n</div>"},"stroke-opacity":1,"stroke":"#00ffcc","stroke-width":2}},{"type":"Feature","geometry":{"type":"LineString","coordinates":[[8.640524,50.071308,464.82],[8.631617,50.069214,434.34]]},"properties":{"name":"P-600","description":{"@type":"html","value":"<div><div><span><b>Altitude:</b></span> <span>1,525 ft - 1,425 ft</span></div>\n<div><span><b>Speed:</b></span> <span>161 kt - 149 kt</span></div>\n<div><span><b>Timestamp:</b></span><br/><span>2026-05-21 16:41:17 UTC<br/>2026-05-21 16:41:25 UTC</span></div>\n</div>"},"stroke-opacity":1,"stroke":"#00ffcc","stroke-width":2}},{"type":"Feature","geometry":{"type":"LineString","coordinates":[[8.631617,50.069214,434.34],[8.625134,50.067719,396.24]]},"properties":{"name":"P-601","description":{"@type":"html","value":"<div><div><span><b>Altitude:</b></span> <span>1,425 ft - 1,300 ft</span></div>\n<div><span><b>Speed:</b></span> <span>149 kt - 145 kt</span></div>\n<div><span><b>Timestamp:</b></span><br/><span>2026-05-21 16:41:25 UTC<br/>2026-05-21 16:41:32 UTC</span></div>\n</div>"},"stroke-opacity":1,"stroke":"#00ffcc","stroke-width":2}},{"type":"Feature","geometry":{"type":"LineString","coordinates":[[8.625134,50.067719,396.24],[8.61704,50.065796,358.14]]},"properties":{"name":"P-602","description":{"@type":"html","value":"<div><div><span><b>Altitude:</b></span> <span>1,300 ft - 1,175 ft</span></div>\n<div><span><b>Speed:</b></span> <span>145 kt - 140 kt</span></div>\n<div><span><b>Timestamp:</b></span><br/><span>2026-05-21 16:41:32 UTC<br/>2026-05-21 16:41:41 UTC</span></div>\n</div>"},"stroke-opacity":1,"stroke":"#00fff0","stroke-width":2}},{"type":"Feature","geometry":{"type":"LineString","coordinates":[[8.61704,50.065796,358.14],[8.608679,50.063766,327.66]]},"properties":{"name":"P-603","description":{"@type":"html","value":"<div><div><span><b>Altitude:</b></span> <span>1,175 ft - 1,075 ft</span></div>\n<div><span><b>Speed:</b></span> <span>140 kt - 134 kt</span></div>\n<div><span><b>Timestamp:</b></span><br/><span>2026-05-21 16:41:41 UTC<br/>2026-05-21 16:41:50 UTC</span></div>\n</div>"},"stroke-opacity":1,"stroke":"#00fff0","stroke-width":2}},{"type":"Feature","geometry":{"type":"LineString","coordinates":[[8.608679,50.063766,327.66],[8.60081,50.061859,289.56]]},"properties":{"name":"P-604","description":{"@type":"html","value":"<div><div><span><b>Altitude:</b></span> <span>1,075 ft - 950 ft</span></div>\n<div><span><b>Speed:</b></span> <span>134 kt - 131 kt</span></div>\n<div><span><b>Timestamp:</b></span><br/><span>2026-05-21 16:41:50 UTC<br/>2026-05-21 16:41:58 UTC</span></div>\n</div>"},"stroke-opacity":1,"stroke":"#00fff0","stroke-width":2}},{"type":"Feature","geometry":{"type":"LineString","coordinates":[[8.60081,50.061859,289.56],[8.592827,50.059982,259.08]]},"properties":{"name":"P-605","description":{"@type":"html","value":"<div><div><span><b>Altitude:</b></span> <span>950 ft - 850 ft</span></div>\n<div><span><b>Speed:</b></span> <span>131 kt - 130 kt</span></div>\n<div><span><b>Timestamp:</b></span><br/><span>2026-05-21 16:41:58 UTC<br/>2026-05-21 16:42:08 UTC</span></div>\n</div>"},"stroke-opacity":1,"stroke":"#00eaff","stroke-width":2}},{"type":"Feature","geometry":{"type":"LineString","coordinates":[[8.592827,50.059982,259.08],[8.584949,50.05806,220.98]]},"properties":{"name":"P-606","description":{"@type":"html","value":"<div><div><span><b>Altitude:</b></span> <span>850 ft - 725 ft</span></div>\n<div><span><b>Speed:</b></span> <span>130 kt - 131 kt</span></div>\n<div><span><b>Timestamp:</b></span><br/><span>2026-05-21 16:42:08 UTC<br/>2026-05-21 16:42:16 UTC</span></div>\n</div>"},"stroke-opacity":1,"stroke":"#00eaff","stroke-width":2}},{"type":"Feature","geometry":{"type":"LineString","coordinates":[[8.584949,50.05806,220.98],[8.579432,50.05669,198.12]]},"properties":{"name":"P-607","description":{"@type":"html","value":"<div><div><span><b>Altitude:</b></span> <span>725 ft - 650 ft</span></div>\n<div><span><b>Speed:</b></span> <span>131 kt - 130 kt</span></div>\n<div><span><b>Timestamp:</b></span><br/><span>2026-05-21 16:42:16 UTC<br/>2026-05-21 16:42:23 UTC</span></div>\n</div>"},"stroke-opacity":1,"stroke":"#00eaff","stroke-width":2}},{"type":"Feature","geometry":{"type":"LineString","coordinates":[[8.579432,50.05669,198.12],[8.571938,50.054947,167.64]]},"properties":{"name":"P-608","description":{"@type":"html","value":"<div><div><span><b>Altitude:</b></span> <span>650 ft - 550 ft</span></div>\n<div><span><b>Speed:</b></span> <span>130 kt - 132 kt</span></div>\n<div><span><b>Timestamp:</b></span><br/><span>2026-05-21 16:42:23 UTC<br/>2026-05-21 16:42:31 UTC</span></div>\n</div>"},"stroke-opacity":1,"stroke":"#62e0ff","stroke-width":2}},{"type":"Feature","geometry":{"type":"LineString","coordinates":[[8.571938,50.054947,167.64],[8.564638,50.053253,137.16]]},"properties":{"name":"P-609","description":{"@type":"html","value":"<div><div><span><b>Altitude:</b></span> <span>550 ft - 450 ft</span></div>\n<div><span><b>Speed:</b></span> <span>132 kt - 133 kt</span></div>\n<div><span><b>Timestamp:</b></span><br/><span>2026-05-21 16:42:31 UTC<br/>2026-05-21 16:42:39 UTC</span></div>\n</div>"},"stroke-opacity":1,"stroke":"#62e0ff","stroke-width":2}},{"type":"Feature","geometry":{"type":"LineString","coordinates":[[8.564638,50.053253,137.16],[8.557384,50.051521,106.68]]},"properties":{"name":"P-610","description":{"@type":"html","value":"<div><div><span><b>Altitude:</b></span> <span>450 ft - 350 ft</span></div>\n<div><span><b>Speed:</b></span> <span>133 kt</span></div>\n<div><span><b>Timestamp:</b></span><br/><span>2026-05-21 16:42:39 UTC<br/>2026-05-21 16:42:48 UTC</span></div>\n</div>"},"stroke-opacity":1,"stroke":"#62e0ff","stroke-width":2}},{"type":"Feature","geometry":{"type":"LineString","coordinates":[[8.557384,50.051521,106.68],[8.551267,50.050049,83.82]]},"properties":{"name":"P-611","description":{"@type":"html","value":"<div><div><span><b>Altitude:</b></span> <span>350 ft - 275 ft</span></div>\n<div><span><b>Speed:</b></span> <span>133 kt</span></div>\n<div><span><b>Timestamp:</b></span><br/><span>2026-05-21 16:42:48 UTC<br/>2026-05-21 16:42:54 UTC</span></div>\n</div>"},"stroke-opacity":1,"stroke":"#62e0ff","stroke-width":2}},{"type":"Feature","geometry":{"type":"LineString","coordinates":[[8.551267,50.050049,83.82],[8.544765,50.04845,53.34]]},"properties":{"name":"P-612","description":{"@type":"html","value":"<div><div><span><b>Altitude:</b></span> <span>275 ft - 175 ft</span></div>\n<div><span><b>Speed:</b></span> <span>133 kt - 132 kt</span></div>\n<div><span><b>Timestamp:</b></span><br/><span>2026-05-21 16:42:54 UTC<br/>2026-05-21 16:43:02 UTC</span></div>\n</div>"},"stroke-opacity":1,"stroke":"#ffffff","stroke-width":2}},{"type":"Feature","geometry":{"type":"LineString","coordinates":[[8.544765,50.04845,53.34],[8.539049,50.0471,30.48]]},"properties":{"name":"P-613","description":{"@type":"html","value":"<div><div><span><b>Altitude:</b></span> <span>175 ft - 100 ft</span></div>\n<div><span><b>Speed:</b></span> <span>132 kt</span></div>\n<div><span><b>Timestamp:</b></span><br/><span>2026-05-21 16:43:02 UTC<br/>2026-05-21 16:43:09 UTC</span></div>\n</div>"},"stroke-opacity":1,"stroke":"#ffffff","stroke-width":2}},{"type":"Feature","geometry":{"type":"LineString","coordinates":[[8.539049,50.0471,30.48],[8.512453,50.040733,0]]},"properties":{"name":"P-614","description":{"@type":"html","value":"<div><div><span><b>Altitude:</b></span> <span>100 ft - 0 ft</span></div>\n<div><span><b>Speed:</b></span> <span>132 kt - 0 kt</span></div>\n<div><span><b>Timestamp:</b></span><br/><span>2026-05-21 16:43:09 UTC<br/>2026-05-21 16:43:45 UTC</span></div>\n</div>"},"stroke-opacity":1,"stroke":"#ffffff","stroke-width":2}},{"type":"Feature","geometry":{"type":"LineString","coordinates":[[8.512453,50.040733,0],[8.51126,50.040344,0]]},"properties":{"name":"P-615","description":{"@type":"html","value":"<div><div><span><b>Altitude:</b></span> <span>0 ft</span></div>\n<div><span><b>Speed:</b></span> <span>0 kt - 36 kt</span></div>\n<div><span><b>Timestamp:</b></span><br/><span>2026-05-21 16:43:45 UTC<br/>2026-05-21 16:43:50 UTC</span></div>\n</div>"},"stroke-opacity":1,"stroke":"#ffffff","stroke-width":2}},{"type":"Feature","geometry":{"type":"LineString","coordinates":[[8.51126,50.040344,0],[8.510971,50.040195,0]]},"properties":{"name":"P-616","description":{"@type":"html","value":"<div><div><span><b>Altitude:</b></span> <span>0 ft</span></div>\n<div><span><b>Speed:</b></span> <span>36 kt - 30 kt</span></div>\n<div><span><b>Timestamp:</b></span><br/><span>2026-05-21 16:43:50 UTC<br/>2026-05-21 16:43:52 UTC</span></div>\n</div>"},"stroke-opacity":1,"stroke":"#ffffff","stroke-width":2}},{"type":"Feature","geometry":{"type":"LineString","coordinates":[[8.510971,50.040195,0],[8.510767,50.040096,0]]},"properties":{"name":"P-617","description":{"@type":"html","value":"<div><div><span><b>Altitude:</b></span> <span>0 ft</span></div>\n<div><span><b>Speed:</b></span> <span>30 kt - 24 kt</span></div>\n<div><span><b>Timestamp:</b></span><br/><span>2026-05-21 16:43:52 UTC<br/>2026-05-21 16:43:53 UTC</span></div>\n</div>"},"stroke-opacity":1,"stroke":"#ffffff","stroke-width":2}},{"type":"Feature","geometry":{"type":"LineString","coordinates":[[8.510767,50.040096,0],[8.509913,50.039604,0]]},"properties":{"name":"P-618","description":{"@type":"html","value":"<div><div><span><b>Altitude:</b></span> <span>0 ft</span></div>\n<div><span><b>Speed:</b></span> <span>24 kt - 21 kt</span></div>\n<div><span><b>Timestamp:</b></span><br/><span>2026-05-21 16:43:53 UTC<br/>2026-05-21 16:44:00 UTC</span></div>\n</div>"},"stroke-opacity":1,"stroke":"#ffffff","stroke-width":2}},{"type":"Feature","geometry":{"type":"LineString","coordinates":[[8.509913,50.039604,0],[8.509338,50.039211,0]]},"properties":{"name":"P-619","description":{"@type":"html","value":"<div><div><span><b>Altitude:</b></span> <span>0 ft</span></div>\n<div><span><b>Speed:</b></span> <span>21 kt</span></div>\n<div><span><b>Timestamp:</b></span><br/><span>2026-05-21 16:44:00 UTC<br/>2026-05-21 16:44:06 UTC</span></div>\n</div>"},"stroke-opacity":1,"stroke":"#ffffff","stroke-width":2}},{"type":"Feature","geometry":{"type":"LineString","coordinates":[[8.509338,50.039211,0],[8.508595,50.038628,0]]},"properties":{"name":"P-620","description":{"@type":"html","value":"<div><div><span><b>Altitude:</b></span> <span>0 ft</span></div>\n<div><span><b>Speed:</b></span> <span>21 kt - 19 kt</span></div>\n<div><span><b>Timestamp:</b></span><br/><span>2026-05-21 16:44:06 UTC<br/>2026-05-21 16:44:14 UTC</span></div>\n</div>"},"stroke-opacity":1,"stroke":"#ffffff","stroke-width":2}},{"type":"Feature","geometry":{"type":"LineString","coordinates":[[8.508595,50.038628,0],[8.509345,50.037849,0]]},"properties":{"name":"P-621","description":{"@type":"html","value":"<div><div><span><b>Altitude:</b></span> <span>0 ft</span></div>\n<div><span><b>Speed:</b></span> <span>19 kt - 0 kt</span></div>\n<div><span><b>Timestamp:</b></span><br/><span>2026-05-21 16:44:14 UTC<br/>2026-05-21 16:44:33 UTC</span></div>\n</div>"},"stroke-opacity":1,"stroke":"#ffffff","stroke-width":2}},{"type":"Feature","geometry":{"type":"LineString","coordinates":[[8.509345,50.037849,0],[8.50958,50.037907,0]]},"properties":{"name":"P-622","description":{"@type":"html","value":"<div><div><span><b>Altitude:</b></span> <span>0 ft</span></div>\n<div><span><b>Speed:</b></span> <span>0 kt</span></div>\n<div><span><b>Timestamp:</b></span><br/><span>2026-05-21 16:44:33 UTC<br/>2026-05-21 16:44:35 UTC</span></div>\n</div>"},"stroke-opacity":1,"stroke":"#ffffff","stroke-width":2}},{"type":"Feature","geometry":{"type":"LineString","coordinates":[[8.50958,50.037907,0],[8.510767,50.038185,0]]},"properties":{"name":"P-623","description":{"@type":"html","value":"<div><div><span><b>Altitude:</b></span> <span>0 ft</span></div>\n<div><span><b>Speed:</b></span> <span>0 kt - 15 kt</span></div>\n<div><span><b>Timestamp:</b></span><br/><span>2026-05-21 16:44:35 UTC<br/>2026-05-21 16:44:48 UTC</span></div>\n</div>"},"stroke-opacity":1,"stroke":"#ffffff","stroke-width":2}},{"type":"Feature","geometry":{"type":"LineString","coordinates":[[8.510767,50.038185,0],[8.511459,50.038353,0]]},"properties":{"name":"P-624","description":{"@type":"html","value":"<div><div><span><b>Altitude:</b></span> <span>0 ft</span></div>\n<div><span><b>Speed:</b></span> <span>15 kt - 17 kt</span></div>\n<div><span><b>Timestamp:</b></span><br/><span>2026-05-21 16:44:48 UTC<br/>2026-05-21 16:44:55 UTC</span></div>\n</div>"},"stroke-opacity":1,"stroke":"#ffffff","stroke-width":2}},{"type":"Feature","geometry":{"type":"LineString","coordinates":[[8.511459,50.038353,0],[8.513161,50.038757,0]]},"properties":{"name":"P-625","description":{"@type":"html","value":"<div><div><span><b>Altitude:</b></span> <span>0 ft</span></div>\n<div><span><b>Speed:</b></span> <span>17 kt - 22 kt</span></div>\n<div><span><b>Timestamp:</b></span><br/><span>2026-05-21 16:44:55 UTC<br/>2026-05-21 16:45:06 UTC</span></div>\n</div>"},"stroke-opacity":1,"stroke":"#ffffff","stroke-width":2}},{"type":"Feature","geometry":{"type":"LineString","coordinates":[[8.513161,50.038757,0],[8.51485,50.03915,0]]},"properties":{"name":"P-626","description":{"@type":"html","value":"<div><div><span><b>Altitude:</b></span> <span>0 ft</span></div>\n<div><span><b>Speed:</b></span> <span>22 kt - 26 kt</span></div>\n<div><span><b>Timestamp:</b></span><br/><span>2026-05-21 16:45:06 UTC<br/>2026-05-21 16:45:16 UTC</span></div>\n</div>"},"stroke-opacity":1,"stroke":"#ffffff","stroke-width":2}},{"type":"Feature","geometry":{"type":"LineString","coordinates":[[8.51485,50.03915,0],[8.516157,50.039463,0]]},"properties":{"name":"P-627","description":{"@type":"html","value":"<div><div><span><b>Altitude:</b></span> <span>0 ft</span></div>\n<div><span><b>Speed:</b></span> <span>26 kt - 27 kt</span></div>\n<div><span><b>Timestamp:</b></span><br/><span>2026-05-21 16:45:16 UTC<br/>2026-05-21 16:45:23 UTC</span></div>\n</div>"},"stroke-opacity":1,"stroke":"#ffffff","stroke-width":2}},{"type":"Feature","geometry":{"type":"LineString","coordinates":[[8.516157,50.039463,0],[8.516557,50.039558,0]]},"properties":{"name":"P-628","description":{"@type":"html","value":"<div><div><span><b>Altitude:</b></span> <span>0 ft</span></div>\n<div><span><b>Speed:</b></span> <span>27 kt</span></div>\n<div><span><b>Timestamp:</b></span><br/><span>2026-05-21 16:45:23 UTC<br/>2026-05-21 16:45:31 UTC</span></div>\n</div>"},"stroke-opacity":1,"stroke":"#ffffff","stroke-width":2}},{"type":"Feature","geometry":{"type":"LineString","coordinates":[[8.516557,50.039558,0],[8.518877,50.040119,0]]},"properties":{"name":"P-629","description":{"@type":"html","value":"<div><div><span><b>Altitude:</b></span> <span>0 ft</span></div>\n<div><span><b>Speed:</b></span> <span>27 kt - 28 kt</span></div>\n<div><span><b>Timestamp:</b></span><br/><span>2026-05-21 16:45:31 UTC<br/>2026-05-21 16:45:38 UTC</span></div>\n</div>"},"stroke-opacity":1,"stroke":"#ffffff","stroke-width":2}},{"type":"Feature","geometry":{"type":"LineString","coordinates":[[8.518877,50.040119,0],[8.52038,50.040478,0]]},"properties":{"name":"P-630","description":{"@type":"html","value":"<div><div><span><b>Altitude:</b></span> <span>0 ft</span></div>\n<div><span><b>Speed:</b></span> <span>28 kt</span></div>\n<div><span><b>Timestamp:</b></span><br/><span>2026-05-21 16:45:38 UTC<br/>2026-05-21 16:45:46 UTC</span></div>\n</div>"},"stroke-opacity":1,"stroke":"#ffffff","stroke-width":2}},{"type":"Feature","geometry":{"type":"LineString","coordinates":[[8.52038,50.040478,0],[8.522347,50.040943,0]]},"properties":{"name":"P-631","description":{"@type":"html","value":"<div><div><span><b>Altitude:</b></span> <span>0 ft</span></div>\n<div><span><b>Speed:</b></span> <span>28 kt - 26 kt</span></div>\n<div><span><b>Timestamp:</b></span><br/><span>2026-05-21 16:45:46 UTC<br/>2026-05-21 16:45:57 UTC</span></div>\n</div>"},"stroke-opacity":1,"stroke":"#ffffff","stroke-width":2}},{"type":"Feature","geometry":{"type":"LineString","coordinates":[[8.522347,50.040943,0],[8.523479,50.041222,0]]},"properties":{"name":"P-632","description":{"@type":"html","value":"<div><div><span><b>Altitude:</b></span> <span>0 ft</span></div>\n<div><span><b>Speed:</b></span> <span>26 kt - 25 kt</span></div>\n<div><span><b>Timestamp:</b></span><br/><span>2026-05-21 16:45:57 UTC<br/>2026-05-21 16:46:03 UTC</span></div>\n</div>"},"stroke-opacity":1,"stroke":"#ffffff","stroke-width":2}},{"type":"Feature","geometry":{"type":"LineString","coordinates":[[8.523479,50.041222,0],[8.52492,50.041569,0]]},"properties":{"name":"P-633","description":{"@type":"html","value":"<div><div><span><b>Altitude:</b></span> <span>0 ft</span></div>\n<div><span><b>Speed:</b></span> <span>25 kt</span></div>\n<div><span><b>Timestamp:</b></span><br/><span>2026-05-21 16:46:03 UTC<br/>2026-05-21 16:46:12 UTC</span></div>\n</div>"},"stroke-opacity":1,"stroke":"#ffffff","stroke-width":2}},{"type":"Feature","geometry":{"type":"LineString","coordinates":[[8.52492,50.041569,0],[8.527451,50.042179,0]]},"properties":{"name":"P-634","description":{"@type":"html","value":"<div><div><span><b>Altitude:</b></span> <span>0 ft</span></div>\n<div><span><b>Speed:</b></span> <span>25 kt - 23 kt</span></div>\n<div><span><b>Timestamp:</b></span><br/><span>2026-05-21 16:46:12 UTC<br/>2026-05-21 16:46:27 UTC</span></div>\n</div>"},"stroke-opacity":1,"stroke":"#ffffff","stroke-width":2}},{"type":"Feature","geometry":{"type":"LineString","coordinates":[[8.527451,50.042179,0],[8.52951,50.042667,0]]},"properties":{"name":"P-635","description":{"@type":"html","value":"<div><div><span><b>Altitude:</b></span> <span>0 ft</span></div>\n<div><span><b>Speed:</b></span> <span>23 kt - 22 kt</span></div>\n<div><span><b>Timestamp:</b></span><br/><span>2026-05-21 16:46:27 UTC<br/>2026-05-21 16:46:40 UTC</span></div>\n</div>"},"stroke-opacity":1,"stroke":"#ffffff","stroke-width":2}},{"type":"Feature","geometry":{"type":"LineString","coordinates":[[8.52951,50.042667,0],[8.530577,50.042908,0]]},"properties":{"name":"P-636","description":{"@type":"html","value":"<div><div><span><b>Altitude:</b></span> <span>0 ft</span></div>\n<div><span><b>Speed:</b></span> <span>22 kt - 21 kt</span></div>\n<div><span><b>Timestamp:</b></span><br/><span>2026-05-21 16:46:40 UTC<br/>2026-05-21 16:46:47 UTC</span></div>\n</div>"},"stroke-opacity":1,"stroke":"#ffffff","stroke-width":2}},{"type":"Feature","geometry":{"type":"LineString","coordinates":[[8.530577,50.042908,0],[8.531737,50.04319,0]]},"properties":{"name":"P-637","description":{"@type":"html","value":"<div><div><span><b>Altitude:</b></span> <span>0 ft</span></div>\n<div><span><b>Speed:</b></span> <span>21 kt - 0 kt</span></div>\n<div><span><b>Timestamp:</b></span><br/><span>2026-05-21 16:46:47 UTC<br/>2026-05-21 16:46:55 UTC</span></div>\n</div>"},"stroke-opacity":1,"stroke":"#ffffff","stroke-width":2}},{"type":"Feature","geometry":{"type":"LineString","coordinates":[[8.531737,50.04319,0],[8.533389,50.043598,0]]},"properties":{"name":"P-638","description":{"@type":"html","value":"<div><div><span><b>Altitude:</b></span> <span>0 ft</span></div>\n<div><span><b>Speed:</b></span> <span>0 kt - 23 kt</span></div>\n<div><span><b>Timestamp:</b></span><br/><span>2026-05-21 16:46:55 UTC<br/>2026-05-21 16:47:06 UTC</span></div>\n</div>"},"stroke-opacity":1,"stroke":"#ffffff","stroke-width":2}},{"type":"Feature","geometry":{"type":"LineString","coordinates":[[8.533389,50.043598,0],[8.534429,50.043842,0]]},"properties":{"name":"P-639","description":{"@type":"html","value":"<div><div><span><b>Altitude:</b></span> <span>0 ft</span></div>\n<div><span><b>Speed:</b></span> <span>23 kt</span></div>\n<div><span><b>Timestamp:</b></span><br/><span>2026-05-21 16:47:06 UTC<br/>2026-05-21 16:47:12 UTC</span></div>\n</div>"},"stroke-opacity":1,"stroke":"#ffffff","stroke-width":2}},{"type":"Feature","geometry":{"type":"LineString","coordinates":[[8.534429,50.043842,0],[8.534986,50.043945,0]]},"properties":{"name":"P-640","description":{"@type":"html","value":"<div><div><span><b>Altitude:</b></span> <span>0 ft</span></div>\n<div><span><b>Speed:</b></span> <span>23 kt - 0 kt</span></div>\n<div><span><b>Timestamp:</b></span><br/><span>2026-05-21 16:47:12 UTC<br/>2026-05-21 16:47:16 UTC</span></div>\n</div>"},"stroke-opacity":1,"stroke":"#ffffff","stroke-width":2}},{"type":"Feature","geometry":{"type":"LineString","coordinates":[[8.534986,50.043945,0],[8.535412,50.043968,0]]},"properties":{"name":"P-641","description":{"@type":"html","value":"<div><div><span><b>Altitude:</b></span> <span>0 ft</span></div>\n<div><span><b>Speed:</b></span> <span>0 kt - 23 kt</span></div>\n<div><span><b>Timestamp:</b></span><br/><span>2026-05-21 16:47:16 UTC<br/>2026-05-21 16:47:18 UTC</span></div>\n</div>"},"stroke-opacity":1,"stroke":"#ffffff","stroke-width":2}},{"type":"Feature","geometry":{"type":"LineString","coordinates":[[8.535412,50.043968,0],[8.535745,50.043995,0]]},"properties":{"name":"P-642","description":{"@type":"html","value":"<div><div><span><b>Altitude:</b></span> <span>0 ft</span></div>\n<div><span><b>Speed:</b></span> <span>23 kt</span></div>\n<div><span><b>Timestamp:</b></span><br/><span>2026-05-21 16:47:18 UTC<br/>2026-05-21 16:47:20 UTC</span></div>\n</div>"},"stroke-opacity":1,"stroke":"#ffffff","stroke-width":2}},{"type":"Feature","geometry":{"type":"LineString","coordinates":[[8.535745,50.043995,0],[8.535979,50.044006,0]]},"properties":{"name":"P-643","description":{"@type":"html","value":"<div><div><span><b>Altitude:</b></span> <span>0 ft</span></div>\n<div><span><b>Speed:</b></span> <span>23 kt</span></div>\n<div><span><b>Timestamp:</b></span><br/><span>2026-05-21 16:47:20 UTC<br/>2026-05-21 16:47:22 UTC</span></div>\n</div>"},"stroke-opacity":1,"stroke":"#ffffff","stroke-width":2}},{"type":"Feature","geometry":{"type":"LineString","coordinates":[[8.535979,50.044006,0],[8.536191,50.044029,0]]},"properties":{"name":"P-644","description":{"@type":"html","value":"<div><div><span><b>Altitude:</b></span> <span>0 ft</span></div>\n<div><span><b>Speed:</b></span> <span>23 kt</span></div>\n<div><span><b>Timestamp:</b></span><br/><span>2026-05-21 16:47:22 UTC<br/>2026-05-21 16:47:23 UTC</span></div>\n</div>"},"stroke-opacity":1,"stroke":"#ffffff","stroke-width":2}},{"type":"Feature","geometry":{"type":"LineString","coordinates":[[8.536191,50.044029,0],[8.536504,50.044041,0]]},"properties":{"name":"P-645","description":{"@type":"html","value":"<div><div><span><b>Altitude:</b></span> <span>0 ft</span></div>\n<div><span><b>Speed:</b></span> <span>23 kt</span></div>\n<div><span><b>Timestamp:</b></span><br/><span>2026-05-21 16:47:23 UTC<br/>2026-05-21 16:47:24 UTC</span></div>\n</div>"},"stroke-opacity":1,"stroke":"#ffffff","stroke-width":2}},{"type":"Feature","geometry":{"type":"LineString","coordinates":[[8.536504,50.044041,0],[8.537008,50.044075,0]]},"properties":{"name":"P-646","description":{"@type":"html","value":"<div><div><span><b>Altitude:</b></span> <span>0 ft</span></div>\n<div><span><b>Speed:</b></span> <span>23 kt</span></div>\n<div><span><b>Timestamp:</b></span><br/><span>2026-05-21 16:47:24 UTC<br/>2026-05-21 16:47:27 UTC</span></div>\n</div>"},"stroke-opacity":1,"stroke":"#ffffff","stroke-width":2}},{"type":"Feature","geometry":{"type":"LineString","coordinates":[[8.537008,50.044075,0],[8.537678,50.044121,0]]},"properties":{"name":"P-647","description":{"@type":"html","value":"<div><div><span><b>Altitude:</b></span> <span>0 ft</span></div>\n<div><span><b>Speed:</b></span> <span>23 kt</span></div>\n<div><span><b>Timestamp:</b></span><br/><span>2026-05-21 16:47:27 UTC<br/>2026-05-21 16:47:31 UTC</span></div>\n</div>"},"stroke-opacity":1,"stroke":"#ffffff","stroke-width":2}},{"type":"Feature","geometry":{"type":"LineString","coordinates":[[8.537678,50.044121,0],[8.538202,50.044155,0]]},"properties":{"name":"P-648","description":{"@type":"html","value":"<div><div><span><b>Altitude:</b></span> <span>0 ft</span></div>\n<div><span><b>Speed:</b></span> <span>23 kt</span></div>\n<div><span><b>Timestamp:</b></span><br/><span>2026-05-21 16:47:31 UTC<br/>2026-05-21 16:47:35 UTC</span></div>\n</div>"},"stroke-opacity":1,"stroke":"#ffffff","stroke-width":2}},{"type":"Feature","geometry":{"type":"LineString","coordinates":[[8.538202,50.044155,0],[8.538678,50.044189,0]]},"properties":{"name":"P-649","description":{"@type":"html","value":"<div><div><span><b>Altitude:</b></span> <span>0 ft</span></div>\n<div><span><b>Speed:</b></span> <span>23 kt</span></div>\n<div><span><b>Timestamp:</b></span><br/><span>2026-05-21 16:47:35 UTC<br/>2026-05-21 16:47:37 UTC</span></div>\n</div>"},"stroke-opacity":1,"stroke":"#ffffff","stroke-width":2}},{"type":"Feature","geometry":{"type":"LineString","coordinates":[[8.538678,50.044189,0],[8.538925,50.044212,0]]},"properties":{"name":"P-650","description":{"@type":"html","value":"<div><div><span><b>Altitude:</b></span> <span>0 ft</span></div>\n<div><span><b>Speed:</b></span> <span>23 kt</span></div>\n<div><span><b>Timestamp:</b></span><br/><span>2026-05-21 16:47:37 UTC<br/>2026-05-21 16:47:39 UTC</span></div>\n</div>"},"stroke-opacity":1,"stroke":"#ffffff","stroke-width":2}},{"type":"Feature","geometry":{"type":"LineString","coordinates":[[8.538925,50.044212,0],[8.54019,50.044281,0]]},"properties":{"name":"P-651","description":{"@type":"html","value":"<div><div><span><b>Altitude:</b></span> <span>0 ft</span></div>\n<div><span><b>Speed:</b></span> <span>23 kt</span></div>\n<div><span><b>Timestamp:</b></span><br/><span>2026-05-21 16:47:39 UTC<br/>2026-05-21 16:47:46 UTC</span></div>\n</div>"},"stroke-opacity":1,"stroke":"#ffffff","stroke-width":2}},{"type":"Feature","geometry":{"type":"LineString","coordinates":[[8.54019,50.044281,0],[8.54122,50.044361,0]]},"properties":{"name":"P-652","description":{"@type":"html","value":"<div><div><span><b>Altitude:</b></span> <span>0 ft</span></div>\n<div><span><b>Speed:</b></span> <span>23 kt</span></div>\n<div><span><b>Timestamp:</b></span><br/><span>2026-05-21 16:47:46 UTC<br/>2026-05-21 16:47:53 UTC</span></div>\n</div>"},"stroke-opacity":1,"stroke":"#ffffff","stroke-width":2}},{"type":"Feature","geometry":{"type":"LineString","coordinates":[[8.54122,50.044361,0],[8.542649,50.044449,0]]},"properties":{"name":"P-653","description":{"@type":"html","value":"<div><div><span><b>Altitude:</b></span> <span>0 ft</span></div>\n<div><span><b>Speed:</b></span> <span>23 kt - 24 kt</span></div>\n<div><span><b>Timestamp:</b></span><br/><span>2026-05-21 16:47:53 UTC<br/>2026-05-21 16:48:00 UTC</span></div>\n</div>"},"stroke-opacity":1,"stroke":"#ffffff","stroke-width":2}},{"type":"Feature","geometry":{"type":"LineString","coordinates":[[8.542649,50.044449,0],[8.543671,50.044693,0]]},"properties":{"name":"P-654","description":{"@type":"html","value":"<div><div><span><b>Altitude:</b></span> <span>0 ft</span></div>\n<div><span><b>Speed:</b></span> <span>24 kt - 25 kt</span></div>\n<div><span><b>Timestamp:</b></span><br/><span>2026-05-21 16:48:00 UTC<br/>2026-05-21 16:48:07 UTC</span></div>\n</div>"},"stroke-opacity":1,"stroke":"#ffffff","stroke-width":2}},{"type":"Feature","geometry":{"type":"LineString","coordinates":[[8.543671,50.044693,0],[8.544264,50.04454,0]]},"properties":{"name":"P-655","description":{"@type":"html","value":"<div><div><span><b>Altitude:</b></span> <span>0 ft</span></div>\n<div><span><b>Speed:</b></span> <span>25 kt - 16 kt</span></div>\n<div><span><b>Timestamp:</b></span><br/><span>2026-05-21 16:48:07 UTC<br/>2026-05-21 16:48:11 UTC</span></div>\n</div>"},"stroke-opacity":1,"stroke":"#ffffff","stroke-width":2}},{"type":"Feature","geometry":{"type":"LineString","coordinates":[[8.544264,50.04454,0],[8.544635,50.04454,0]]},"properties":{"name":"P-656","description":{"@type":"html","value":"<div><div><span><b>Altitude:</b></span> <span>0 ft</span></div>\n<div><span><b>Speed:</b></span> <span>16 kt - 17 kt</span></div>\n<div><span><b>Timestamp:</b></span><br/><span>2026-05-21 16:48:11 UTC<br/>2026-05-21 16:48:13 UTC</span></div>\n</div>"},"stroke-opacity":1,"stroke":"#ffffff","stroke-width":2}},{"type":"Feature","geometry":{"type":"LineString","coordinates":[[8.544635,50.04454,0],[8.545174,50.044472,0]]},"properties":{"name":"P-657","description":{"@type":"html","value":"<div><div><span><b>Altitude:</b></span> <span>0 ft</span></div>\n<div><span><b>Speed:</b></span> <span>17 kt - 18 kt</span></div>\n<div><span><b>Timestamp:</b></span><br/><span>2026-05-21 16:48:13 UTC<br/>2026-05-21 16:48:18 UTC</span></div>\n</div>"},"stroke-opacity":1,"stroke":"#ffffff","stroke-width":2}},{"type":"Feature","geometry":{"type":"LineString","coordinates":[[8.545174,50.044472,0],[8.545376,50.04443,0]]},"properties":{"name":"P-658","description":{"@type":"html","value":"<div><div><span><b>Altitude:</b></span> <span>0 ft</span></div>\n<div><span><b>Speed:</b></span> <span>18 kt - 19 kt</span></div>\n<div><span><b>Timestamp:</b></span><br/><span>2026-05-21 16:48:18 UTC<br/>2026-05-21 16:48:19 UTC</span></div>\n</div>"},"stroke-opacity":1,"stroke":"#ffffff","stroke-width":2}},{"type":"Feature","geometry":{"type":"LineString","coordinates":[[8.545376,50.04443,0],[8.545719,50.04435,0]]},"properties":{"name":"P-659","description":{"@type":"html","value":"<div><div><span><b>Altitude:</b></span> <span>0 ft</span></div>\n<div><span><b>Speed:</b></span> <span>19 kt</span></div>\n<div><span><b>Timestamp:</b></span><br/><span>2026-05-21 16:48:19 UTC<br/>2026-05-21 16:48:21 UTC</span></div>\n</div>"},"stroke-opacity":1,"stroke":"#ffffff","stroke-width":2}},{"type":"Feature","geometry":{"type":"LineString","coordinates":[[8.545719,50.04435,0],[8.546026,50.044258,0]]},"properties":{"name":"P-660","description":{"@type":"html","value":"<div><div><span><b>Altitude:</b></span> <span>0 ft</span></div>\n<div><span><b>Speed:</b></span> <span>19 kt</span></div>\n<div><span><b>Timestamp:</b></span><br/><span>2026-05-21 16:48:21 UTC<br/>2026-05-21 16:48:24 UTC</span></div>\n</div>"},"stroke-opacity":1,"stroke":"#ffffff","stroke-width":2}},{"type":"Feature","geometry":{"type":"LineString","coordinates":[[8.546026,50.044258,0],[8.546297,50.044167,0]]},"properties":{"name":"P-661","description":{"@type":"html","value":"<div><div><span><b>Altitude:</b></span> <span>0 ft</span></div>\n<div><span><b>Speed:</b></span> <span>19 kt</span></div>\n<div><span><b>Timestamp:</b></span><br/><span>2026-05-21 16:48:24 UTC<br/>2026-05-21 16:48:27 UTC</span></div>\n</div>"},"stroke-opacity":1,"stroke":"#ffffff","stroke-width":2}},{"type":"Feature","geometry":{"type":"LineString","coordinates":[[8.546297,50.044167,0],[8.54651,50.044052,0]]},"properties":{"name":"P-662","description":{"@type":"html","value":"<div><div><span><b>Altitude:</b></span> <span>0 ft</span></div>\n<div><span><b>Speed:</b></span> <span>19 kt</span></div>\n<div><span><b>Timestamp:</b></span><br/><span>2026-05-21 16:48:27 UTC<br/>2026-05-21 16:48:28 UTC</span></div>\n</div>"},"stroke-opacity":1,"stroke":"#ffffff","stroke-width":2}},{"type":"Feature","geometry":{"type":"LineString","coordinates":[[8.54651,50.044052,0],[8.546875,50.043846,0]]},"properties":{"name":"P-663","description":{"@type":"html","value":"<div><div><span><b>Altitude:</b></span> <span>0 ft</span></div>\n<div><span><b>Speed:</b></span> <span>19 kt - 20 kt</span></div>\n<div><span><b>Timestamp:</b></span><br/><span>2026-05-21 16:48:28 UTC<br/>2026-05-21 16:48:33 UTC</span></div>\n</div>"},"stroke-opacity":1,"stroke":"#ffffff","stroke-width":2}},{"type":"Feature","geometry":{"type":"LineString","coordinates":[[8.546875,50.043846,0],[8.547165,50.043663,0]]},"properties":{"name":"P-664","description":{"@type":"html","value":"<div><div><span><b>Altitude:</b></span> <span>0 ft</span></div>\n<div><span><b>Speed:</b></span> <span>20 kt - 21 kt</span></div>\n<div><span><b>Timestamp:</b></span><br/><span>2026-05-21 16:48:33 UTC<br/>2026-05-21 16:48:34 UTC</span></div>\n</div>"},"stroke-opacity":1,"stroke":"#ffffff","stroke-width":2}},{"type":"Feature","geometry":{"type":"LineString","coordinates":[[8.547165,50.043663,0],[8.547381,50.04348,0]]},"properties":{"name":"P-665","description":{"@type":"html","value":"<div><div><span><b>Altitude:</b></span> <span>0 ft</span></div>\n<div><span><b>Speed:</b></span> <span>21 kt</span></div>\n<div><span><b>Timestamp:</b></span><br/><span>2026-05-21 16:48:34 UTC<br/>2026-05-21 16:48:36 UTC</span></div>\n</div>"},"stroke-opacity":1,"stroke":"#ffffff","stroke-width":2}},{"type":"Feature","geometry":{"type":"LineString","coordinates":[[8.547381,50.04348,0],[8.547623,50.043247,0]]},"properties":{"name":"P-666","description":{"@type":"html","value":"<div><div><span><b>Altitude:</b></span> <span>0 ft</span></div>\n<div><span><b>Speed:</b></span> <span>21 kt - 22 kt</span></div>\n<div><span><b>Timestamp:</b></span><br/><span>2026-05-21 16:48:36 UTC<br/>2026-05-21 16:48:39 UTC</span></div>\n</div>"},"stroke-opacity":1,"stroke":"#ffffff","stroke-width":2}},{"type":"Feature","geometry":{"type":"LineString","coordinates":[[8.547623,50.043247,0],[8.547797,50.043022,0]]},"properties":{"name":"P-667","description":{"@type":"html","value":"<div><div><span><b>Altitude:</b></span> <span>0 ft</span></div>\n<div><span><b>Speed:</b></span> <span>22 kt</span></div>\n<div><span><b>Timestamp:</b></span><br/><span>2026-05-21 16:48:39 UTC<br/>2026-05-21 16:48:41 UTC</span></div>\n</div>"},"stroke-opacity":1,"stroke":"#ffffff","stroke-width":2}},{"type":"Feature","geometry":{"type":"LineString","coordinates":[[8.547797,50.043022,0],[8.547977,50.04277,0]]},"properties":{"name":"P-668","description":{"@type":"html","value":"<div><div><span><b>Altitude:</b></span> <span>0 ft</span></div>\n<div><span><b>Speed:</b></span> <span>22 kt</span></div>\n<div><span><b>Timestamp:</b></span><br/><span>2026-05-21 16:48:41 UTC<br/>2026-05-21 16:48:44 UTC</span></div>\n</div>"},"stroke-opacity":1,"stroke":"#ffffff","stroke-width":2}},{"type":"Feature","geometry":{"type":"LineString","coordinates":[[8.547977,50.04277,0],[8.548086,50.04253,0]]},"properties":{"name":"P-669","description":{"@type":"html","value":"<div><div><span><b>Altitude:</b></span> <span>0 ft</span></div>\n<div><span><b>Speed:</b></span> <span>22 kt - 21 kt</span></div>\n<div><span><b>Timestamp:</b></span><br/><span>2026-05-21 16:48:44 UTC<br/>2026-05-21 16:48:46 UTC</span></div>\n</div>"},"stroke-opacity":1,"stroke":"#ffffff","stroke-width":2}},{"type":"Feature","geometry":{"type":"LineString","coordinates":[[8.548086,50.04253,0],[8.548141,50.042313,0]]},"properties":{"name":"P-670","description":{"@type":"html","value":"<div><div><span><b>Altitude:</b></span> <span>0 ft</span></div>\n<div><span><b>Speed:</b></span> <span>21 kt</span></div>\n<div><span><b>Timestamp:</b></span><br/><span>2026-05-21 16:48:46 UTC<br/>2026-05-21 16:48:48 UTC</span></div>\n</div>"},"stroke-opacity":1,"stroke":"#ffffff","stroke-width":2}},{"type":"Feature","geometry":{"type":"LineString","coordinates":[[8.548141,50.042313,0],[8.548213,50.041557,0]]},"properties":{"name":"P-671","description":{"@type":"html","value":"<div><div><span><b>Altitude:</b></span> <span>0 ft</span></div>\n<div><span><b>Speed:</b></span> <span>21 kt - 19 kt</span></div>\n<div><span><b>Timestamp:</b></span><br/><span>2026-05-21 16:48:48 UTC<br/>2026-05-21 16:48:54 UTC</span></div>\n</div>"},"stroke-opacity":1,"stroke":"#ffffff","stroke-width":2}},{"type":"Feature","geometry":{"type":"LineString","coordinates":[[8.548213,50.041557,0],[8.54844,50.041222,0]]},"properties":{"name":"P-672","description":{"@type":"html","value":"<div><div><span><b>Altitude:</b></span> <span>0 ft</span></div>\n<div><span><b>Speed:</b></span> <span>19 kt - 20 kt</span></div>\n<div><span><b>Timestamp:</b></span><br/><span>2026-05-21 16:48:54 UTC<br/>2026-05-21 16:48:58 UTC</span></div>\n</div>"},"stroke-opacity":1,"stroke":"#ffffff","stroke-width":2}},{"type":"Feature","geometry":{"type":"LineString","coordinates":[[8.54844,50.041222,0],[8.548644,50.040977,0]]},"properties":{"name":"P-673","description":{"@type":"html","value":"<div><div><span><b>Altitude:</b></span> <span>0 ft</span></div>\n<div><span><b>Speed:</b></span> <span>20 kt</span></div>\n<div><span><b>Timestamp:</b></span><br/><span>2026-05-21 16:48:58 UTC<br/>2026-05-21 16:49:02 UTC</span></div>\n</div>"},"stroke-opacity":1,"stroke":"#ffffff","stroke-width":2}},{"type":"Feature","geometry":{"type":"LineString","coordinates":[[8.548644,50.040977,0],[8.549164,50.040375,0]]},"properties":{"name":"P-674","description":{"@type":"html","value":"<div><div><span><b>Altitude:</b></span> <span>0 ft</span></div>\n<div><span><b>Speed:</b></span> <span>20 kt - 13 kt</span></div>\n<div><span><b>Timestamp:</b></span><br/><span>2026-05-21 16:49:02 UTC<br/>2026-05-21 16:49:12 UTC</span></div>\n</div>"},"stroke-opacity":1,"stroke":"#ffffff","stroke-width":2}},{"type":"Feature","geometry":{"type":"LineString","coordinates":[[8.549164,50.040375,0],[8.549785,50.040127,0]]},"properties":{"name":"P-675","description":{"@type":"html","value":"<div><div><span><b>Altitude:</b></span> <span>0 ft</span></div>\n<div><span><b>Speed:</b></span> <span>13 kt - 10 kt</span></div>\n<div><span><b>Timestamp:</b></span><br/><span>2026-05-21 16:49:12 UTC<br/>2026-05-21 16:49:21 UTC</span></div>\n</div>"},"stroke-opacity":1,"stroke":"#ffffff","stroke-width":2}},{"type":"Feature","geometry":{"type":"LineString","coordinates":[[8.549785,50.040127,0],[8.550037,50.04015,0]]},"properties":{"name":"P-676","description":{"@type":"html","value":"<div><div><span><b>Altitude:</b></span> <span>0 ft</span></div>\n<div><span><b>Speed:</b></span> <span>10 kt</span></div>\n<div><span><b>Timestamp:</b></span><br/><span>2026-05-21 16:49:21 UTC<br/>2026-05-21 16:49:26 UTC</span></div>\n</div>"},"stroke-opacity":1,"stroke":"#ffffff","stroke-width":2}},{"type":"Feature","geometry":{"type":"LineString","coordinates":[[8.550037,50.04015,0],[8.550481,50.040257,0]]},"properties":{"name":"P-677","description":{"@type":"html","value":"<div><div><span><b>Altitude:</b></span> <span>0 ft</span></div>\n<div><span><b>Speed:</b></span> <span>10 kt - 9 kt</span></div>\n<div><span><b>Timestamp:</b></span><br/><span>2026-05-21 16:49:26 UTC<br/>2026-05-21 16:49:31 UTC</span></div>\n</div>"},"stroke-opacity":1,"stroke":"#ffffff","stroke-width":2}},{"type":"Feature","geometry":{"type":"LineString","coordinates":[[8.550481,50.040257,0],[8.550797,50.04034,0]]},"properties":{"name":"P-678","description":{"@type":"html","value":"<div><div><span><b>Altitude:</b></span> <span>0 ft</span></div>\n<div><span><b>Speed:</b></span> <span>9 kt</span></div>\n<div><span><b>Timestamp:</b></span><br/><span>2026-05-21 16:49:31 UTC<br/>2026-05-21 16:49:36 UTC</span></div>\n</div>"},"stroke-opacity":1,"stroke":"#ffffff","stroke-width":2}},{"type":"Feature","geometry":{"type":"LineString","coordinates":[[8.550797,50.04034,0],[8.551158,50.040424,0]]},"properties":{"name":"P-679","description":{"@type":"html","value":"<div><div><span><b>Altitude:</b></span> <span>0 ft</span></div>\n<div><span><b>Speed:</b></span> <span>9 kt - 10 kt</span></div>\n<div><span><b>Timestamp:</b></span><br/><span>2026-05-21 16:49:36 UTC<br/>2026-05-21 16:49:42 UTC</span></div>\n</div>"},"stroke-opacity":1,"stroke":"#ffffff","stroke-width":2}},{"type":"Feature","geometry":{"type":"LineString","coordinates":[[8.551158,50.040424,0],[8.551754,50.040573,0]]},"properties":{"name":"P-680","description":{"@type":"html","value":"<div><div><span><b>Altitude:</b></span> <span>0 ft</span></div>\n<div><span><b>Speed:</b></span> <span>10 kt - 11 kt</span></div>\n<div><span><b>Timestamp:</b></span><br/><span>2026-05-21 16:49:42 UTC<br/>2026-05-21 16:49:50 UTC</span></div>\n</div>"},"stroke-opacity":1,"stroke":"#ffffff","stroke-width":2}},{"type":"Feature","geometry":{"type":"LineString","coordinates":[[8.551754,50.040573,0],[8.552459,50.040745,0]]},"properties":{"name":"P-681","description":{"@type":"html","value":"<div><div><span><b>Altitude:</b></span> <span>0 ft</span></div>\n<div><span><b>Speed:</b></span> <span>11 kt - 0 kt</span></div>\n<div><span><b>Timestamp:</b></span><br/><span>2026-05-21 16:49:50 UTC<br/>2026-05-21 16:50:00 UTC</span></div>\n</div>"},"stroke-opacity":1,"stroke":"#ffffff","stroke-width":2}},{"type":"Feature","geometry":{"type":"LineString","coordinates":[[8.552459,50.040745,0],[8.553655,50.041027,0]]},"properties":{"name":"P-682","description":{"@type":"html","value":"<div><div><span><b>Altitude:</b></span> <span>0 ft</span></div>\n<div><span><b>Speed:</b></span> <span>0 kt - 15 kt</span></div>\n<div><span><b>Timestamp:</b></span><br/><span>2026-05-21 16:50:00 UTC<br/>2026-05-21 16:50:11 UTC</span></div>\n</div>"},"stroke-opacity":1,"stroke":"#ffffff","stroke-width":2}},{"type":"Feature","geometry":{"type":"LineString","coordinates":[[8.553655,50.041027,0],[8.554768,50.041294,0]]},"properties":{"name":"P-683","description":{"@type":"html","value":"<div><div><span><b>Altitude:</b></span> <span>0 ft</span></div>\n<div><span><b>Speed:</b></span> <span>15 kt - 16 kt</span></div>\n<div><span><b>Timestamp:</b></span><br/><span>2026-05-21 16:50:11 UTC<br/>2026-05-21 16:50:21 UTC</span></div>\n</div>"},"stroke-opacity":1,"stroke":"#ffffff","stroke-width":2}},{"type":"Feature","geometry":{"type":"LineString","coordinates":[[8.554768,50.041294,0],[8.555491,50.04147,0]]},"properties":{"name":"P-684","description":{"@type":"html","value":"<div><div><span><b>Altitude:</b></span> <span>0 ft</span></div>\n<div><span><b>Speed:</b></span> <span>16 kt</span></div>\n<div><span><b>Timestamp:</b></span><br/><span>2026-05-21 16:50:21 UTC<br/>2026-05-21 16:50:29 UTC</span></div>\n</div>"},"stroke-opacity":1,"stroke":"#ffffff","stroke-width":2}},{"type":"Feature","geometry":{"type":"LineString","coordinates":[[8.555491,50.04147,0],[8.556398,50.041683,0]]},"properties":{"name":"P-685","description":{"@type":"html","value":"<div><div><span><b>Altitude:</b></span> <span>0 ft</span></div>\n<div><span><b>Speed:</b></span> <span>16 kt - 15 kt</span></div>\n<div><span><b>Timestamp:</b></span><br/><span>2026-05-21 16:50:29 UTC<br/>2026-05-21 16:50:36 UTC</span></div>\n</div>"},"stroke-opacity":1,"stroke":"#ffffff","stroke-width":2}},{"type":"Feature","geometry":{"type":"LineString","coordinates":[[8.556398,50.041683,0],[8.557069,50.04184,0]]},"properties":{"name":"P-686","description":{"@type":"html","value":"<div><div><span><b>Altitude:</b></span> <span>0 ft</span></div>\n<div><span><b>Speed:</b></span> <span>15 kt</span></div>\n<div><span><b>Timestamp:</b></span><br/><span>2026-05-21 16:50:36 UTC<br/>2026-05-21 16:50:43 UTC</span></div>\n</div>"},"stroke-opacity":1,"stroke":"#ffffff","stroke-width":2}},{"type":"Feature","geometry":{"type":"LineString","coordinates":[[8.557069,50.04184,0],[8.557718,50.042004,0]]},"properties":{"name":"P-687","description":{"@type":"html","value":"<div><div><span><b>Altitude:</b></span> <span>0 ft</span></div>\n<div><span><b>Speed:</b></span> <span>15 kt</span></div>\n<div><span><b>Timestamp:</b></span><br/><span>2026-05-21 16:50:43 UTC<br/>2026-05-21 16:50:50 UTC</span></div>\n</div>"},"stroke-opacity":1,"stroke":"#ffffff","stroke-width":2}},{"type":"Feature","geometry":{"type":"LineString","coordinates":[[8.557718,50.042004,0],[8.558665,50.042236,0]]},"properties":{"name":"P-688","description":{"@type":"html","value":"<div><div><span><b>Altitude:</b></span> <span>0 ft</span></div>\n<div><span><b>Speed:</b></span> <span>15 kt</span></div>\n<div><span><b>Timestamp:</b></span><br/><span>2026-05-21 16:50:50 UTC<br/>2026-05-21 16:50:58 UTC</span></div>\n</div>"},"stroke-opacity":1,"stroke":"#ffffff","stroke-width":2}},{"type":"Feature","geometry":{"type":"LineString","coordinates":[[8.558665,50.042236,0],[8.559506,50.042427,0]]},"properties":{"name":"P-689","description":{"@type":"html","value":"<div><div><span><b>Altitude:</b></span> <span>0 ft</span></div>\n<div><span><b>Speed:</b></span> <span>15 kt - 14 kt</span></div>\n<div><span><b>Timestamp:</b></span><br/><span>2026-05-21 16:50:58 UTC<br/>2026-05-21 16:51:07 UTC</span></div>\n</div>"},"stroke-opacity":1,"stroke":"#ffffff","stroke-width":2}},{"type":"Feature","geometry":{"type":"LineString","coordinates":[[8.559506,50.042427,0],[8.560012,50.042553,0]]},"properties":{"name":"P-690","description":{"@type":"html","value":"<div><div><span><b>Altitude:</b></span> <span>0 ft</span></div>\n<div><span><b>Speed:</b></span> <span>14 kt - 11 kt</span></div>\n<div><span><b>Timestamp:</b></span><br/><span>2026-05-21 16:51:07 UTC<br/>2026-05-21 16:51:14 UTC</span></div>\n</div>"},"stroke-opacity":1,"stroke":"#ffffff","stroke-width":2}},{"type":"Feature","geometry":{"type":"LineString","coordinates":[[8.560012,50.042553,0],[8.560539,50.042736,0]]},"properties":{"name":"P-691","description":{"@type":"html","value":"<div><div><span><b>Altitude:</b></span> <span>0 ft</span></div>\n<div><span><b>Speed:</b></span> <span>11 kt - 8 kt</span></div>\n<div><span><b>Timestamp:</b></span><br/><span>2026-05-21 16:51:14 UTC<br/>2026-05-21 16:51:25 UTC</span></div>\n</div>"},"stroke-opacity":1,"stroke":"#ffffff","stroke-width":2}},{"type":"Feature","geometry":{"type":"LineString","coordinates":[[8.560539,50.042736,0],[8.560725,50.042946,0]]},"properties":{"name":"P-692","description":{"@type":"html","value":"<div><div><span><b>Altitude:</b></span> <span>0 ft</span></div>\n<div><span><b>Speed:</b></span> <span>8 kt</span></div>\n<div><span><b>Timestamp:</b></span><br/><span>2026-05-21 16:51:25 UTC<br/>2026-05-21 16:51:30 UTC</span></div>\n</div>"},"stroke-opacity":1,"stroke":"#ffffff","stroke-width":2}},{"type":"Feature","geometry":{"type":"LineString","coordinates":[[8.560725,50.042946,0],[8.560735,50.043148,0]]},"properties":{"name":"P-693","description":{"@type":"html","value":"<div><div><span><b>Altitude:</b></span> <span>0 ft</span></div>\n<div><span><b>Speed:</b></span> <span>8 kt - 9 kt</span></div>\n<div><span><b>Timestamp:</b></span><br/><span>2026-05-21 16:51:30 UTC<br/>2026-05-21 16:51:35 UTC</span></div>\n</div>"},"stroke-opacity":1,"stroke":"#ffffff","stroke-width":2}},{"type":"Feature","geometry":{"type":"LineString","coordinates":[[8.560735,50.043148,0],[8.560633,50.043377,0]]},"properties":{"name":"P-694","description":{"@type":"html","value":"<div><div><span><b>Altitude:</b></span> <span>0 ft</span></div>\n<div><span><b>Speed:</b></span> <span>9 kt - 8 kt</span></div>\n<div><span><b>Timestamp:</b></span><br/><span>2026-05-21 16:51:35 UTC<br/>2026-05-21 16:51:42 UTC</span></div>\n</div>"},"stroke-opacity":1,"stroke":"#ffffff","stroke-width":2}},{"type":"Feature","geometry":{"type":"LineString","coordinates":[[8.560633,50.043377,0],[8.560502,50.043587,0]]},"properties":{"name":"P-695","description":{"@type":"html","value":"<div><div><span><b>Altitude:</b></span> <span>0 ft</span></div>\n<div><span><b>Speed:</b></span> <span>8 kt - 7 kt</span></div>\n<div><span><b>Timestamp:</b></span><br/><span>2026-05-21 16:51:42 UTC<br/>2026-05-21 16:51:48 UTC</span></div>\n</div>"},"stroke-opacity":1,"stroke":"#ffffff","stroke-width":2}},{"type":"Feature","geometry":{"type":"LineString","coordinates":[[8.560502,50.043587,0],[8.560354,50.043808,0]]},"properties":{"name":"P-696","description":{"@type":"html","value":"<div><div><span><b>Altitude:</b></span> <span>0 ft</span></div>\n<div><span><b>Speed:</b></span> <span>7 kt - 6 kt</span></div>\n<div><span><b>Timestamp:</b></span><br/><span>2026-05-21 16:51:48 UTC<br/>2026-05-21 16:51:56 UTC</span></div>\n</div>"},"stroke-opacity":1,"stroke":"#ffffff","stroke-width":2}},{"type":"Feature","geometry":{"type":"LineString","coordinates":[[8.560354,50.043808,0],[8.56028,50.044029,0]]},"properties":{"name":"P-697","description":{"@type":"html","value":"<div><div><span><b>Altitude:</b></span> <span>0 ft</span></div>\n<div><span><b>Speed:</b></span> <span>6 kt - 7 kt</span></div>\n<div><span><b>Timestamp:</b></span><br/><span>2026-05-21 16:51:56 UTC<br/>2026-05-21 16:52:05 UTC</span></div>\n</div>"},"stroke-opacity":1,"stroke":"#ffffff","stroke-width":2}},{"type":"Feature","geometry":{"type":"LineString","coordinates":[[8.56028,50.044029,0],[8.560373,50.044304,0]]},"properties":{"name":"P-698","description":{"@type":"html","value":"<div><div><span><b>Altitude:</b></span> <span>0 ft</span></div>\n<div><span><b>Speed:</b></span> <span>7 kt - 9 kt</span></div>\n<div><span><b>Timestamp:</b></span><br/><span>2026-05-21 16:52:05 UTC<br/>2026-05-21 16:52:11 UTC</span></div>\n</div>"},"stroke-opacity":1,"stroke":"#ffffff","stroke-width":2}},{"type":"Feature","geometry":{"type":"LineString","coordinates":[[8.560373,50.044304,0],[8.560614,50.044411,0]]},"properties":{"name":"P-699","description":{"@type":"html","value":"<div><div><span><b>Altitude:</b></span> <span>0 ft</span></div>\n<div><span><b>Speed:</b></span> <span>9 kt</span></div>\n<div><span><b>Timestamp:</b></span><br/><span>2026-05-21 16:52:11 UTC<br/>2026-05-21 16:52:16 UTC</span></div>\n</div>"},"stroke-opacity":1,"stroke":"#ffffff","stroke-width":2}},{"type":"Feature","geometry":{"type":"LineString","coordinates":[[8.560614,50.044411,0],[8.560987,50.044498,0]]},"properties":{"name":"P-700","description":{"@type":"html","value":"<div><div><span><b>Altitude:</b></span> <span>0 ft</span></div>\n<div><span><b>Speed:</b></span> <span>9 kt - 10 kt</span></div>\n<div><span><b>Timestamp:</b></span><br/><span>2026-05-21 16:52:16 UTC<br/>2026-05-21 16:52:21 UTC</span></div>\n</div>"},"stroke-opacity":1,"stroke":"#ffffff","stroke-width":2}},{"type":"Feature","geometry":{"type":"LineString","coordinates":[[8.560987,50.044498,0],[8.561276,50.044498,0]]},"properties":{"name":"P-701","description":{"@type":"html","value":"<div><div><span><b>Altitude:</b></span> <span>0 ft</span></div>\n<div><span><b>Speed:</b></span> <span>10 kt - 6 kt</span></div>\n<div><span><b>Timestamp:</b></span><br/><span>2026-05-21 16:52:21 UTC<br/>2026-05-21 16:52:28 UTC</span></div>\n</div>"},"stroke-opacity":1,"stroke":"#ffffff","stroke-width":2}},{"type":"Feature","geometry":{"type":"LineString","coordinates":[[8.561276,50.044498,0],[8.561486,50.044216,0]]},"properties":{"name":"P-702","description":{"@type":"html","value":"<div><div><span><b>Altitude:</b></span> <span>0 ft</span></div>\n<div><span><b>Speed:</b></span> <span>6 kt - 5 kt</span></div>\n<div><span><b>Timestamp:</b></span><br/><span>2026-05-21 16:52:28 UTC<br/>2026-05-21 16:52:38 UTC</span></div>\n</div>"},"stroke-opacity":1,"stroke":"#ffffff","stroke-width":2}},{"type":"Feature","geometry":{"type":"LineString","coordinates":[[8.561486,50.044216,0],[8.561653,50.04398,0]]},"properties":{"name":"P-703","description":{"@type":"html","value":"<div><div><span><b>Altitude:</b></span> <span>0 ft</span></div>\n<div><span><b>Speed:</b></span> <span>5 kt</span></div>\n<div><span><b>Timestamp:</b></span><br/><span>2026-05-21 16:52:38 UTC<br/>2026-05-21 16:52:48 UTC</span></div>\n</div>"},"stroke-opacity":1,"stroke":"#ffffff","stroke-width":2}},{"type":"Feature","geometry":{"type":"LineString","coordinates":[[8.561653,50.04398,0],[8.561819,50.044189,0]]},"properties":{"name":"P-704","description":{"@type":"html","value":"<div><div><span><b>Altitude:</b></span> <span>0 ft</span></div>\n<div><span><b>Speed:</b></span> <span>5 kt - 0 kt</span></div>\n<div><span><b>Timestamp:</b></span><br/><span>2026-05-21 16:52:48 UTC<br/>2026-05-21 16:53:24 UTC</span></div>\n</div>"},"stroke-opacity":1,"stroke":"#ffffff","stroke-width":2}}]}